seed,firm_id,step,price,wage,employees,inventory,production,capital,profit,revenue,costs,sales,quality,marketing,bankrupt
744023,firm_0,1,37.92,46.46,10,0,116,85929.27,3918.0,4398.72,480.72,116,0.42,0.36,False
744023,firm_0,2,41.71,41.81,10,0,116,89663.01,4351.84,4838.36,486.52,116,0.47,0.36,False
744023,firm_0,3,37.54,37.63,10,0,115,93019.76,3833.05,4317.1,484.05,115,0.47,0.46,False
744023,firm_0,4,41.29,37.63,10,0,116,96946.58,4303.12,4789.64,486.52,116,0.47,0.46,False
744023,firm_0,5,45.42,33.87,10,0,115,101247.13,4739.25,5223.3,484.05,115,0.47,0.56,False
744023,firm_0,6,47.69,35.56,9,0,103,105179.6,4452.51,4912.07,459.56,103,0.52,0.56,False
744023,firm_0,7,47.69,35.56,10,0,115,109318.55,4994.55,5484.35,489.8,115,0.52,0.46,False
744023,firm_0,8,50.07,35.56,10,0,115,114025.45,5262.5,5758.05,495.55,115,0.57,0.36,False
744023,firm_0,9,45.06,33.78,10,0,115,118374.0,4686.35,5181.9,495.55,115,0.57,0.26,False
744023,firm_0,10,40.55,30.4,10,0,114,122199.72,4129.72,4622.7,492.98,114,0.57,0.26,False
744023,firm_0,11,42.58,28.88,10,0,114,126172.06,4361.14,4854.12,492.98,114,0.57,0.36,False
744023,firm_0,12,38.32,31.77,10,0,115,129559.86,3905.5,4406.8,501.3,115,0.62,0.36,False
744023,firm_0,13,36.4,31.77,9,0,103,132453.27,3279.34,3749.2,469.86,103,0.62,0.46,False
744023,firm_0,14,38.22,33.36,8,0,92,135161.59,3075.2,3516.24,441.04,92,0.62,0.56,False
744023,firm_0,15,40.13,36.7,7,0,80,137605.49,2800.8,3210.4,409.6,80,0.62,0.66,False
744023,firm_0,16,42.14,33.03,8,0,91,140237.57,3396.32,3834.74,438.42,91,0.62,0.56,False
744023,firm_0,17,40.03,33.03,8,0,91,143077.64,3204.31,3642.73,438.42,91,0.62,0.66,False
744023,firm_0,18,36.03,31.38,8,0,91,145566.91,2840.31,3278.73,438.42,91,0.62,0.76,False
744023,firm_0,19,37.83,32.95,9,0,103,148196.99,3426.63,3896.49,469.86,103,0.62,0.76,False
744023,firm_0,20,35.94,31.3,9,0,103,151147.25,3231.96,3701.82,469.86,103,0.62,0.76,False
744023,firm_0,21,32.35,28.17,9,0,103,153755.91,2862.19,3332.05,469.86,103,0.62,0.76,False
744023,firm_0,22,35.59,29.58,10,0,114,156518.69,3558.58,4057.26,498.68,114,0.62,0.76,False
744023,firm_0,23,33.81,32.54,10,0,114,159243.25,3349.96,3854.34,504.38,114,0.67,0.86,False
744023,firm_0,24,32.12,32.54,9,0,103,161783.74,2833.35,3308.36,475.01,103,0.67,0.86,False
744023,firm_0,25,33.73,30.91,9,0,103,164404.73,2999.18,3474.19,475.01,103,0.67,0.96,False
744023,firm_0,26,37.1,29.36,8,0,91,167002.98,2933.13,3376.1,442.97,91,0.67,1.06,False
744023,firm_0,27,38.96,26.42,8,0,91,169794.01,3102.39,3545.36,442.97,91,0.67,1.16,False
744023,firm_0,28,42.86,25.1,9,0,102,172762.39,3894.28,4371.72,477.44,102,0.72,1.16,False
744023,firm_0,29,38.57,25.1,8,0,91,175623.94,3062.35,3509.87,447.52,91,0.72,1.06,False
744023,firm_0,30,34.71,26.36,7,0,79,177766.63,2327.21,2742.09,414.88,79,0.72,1.06,False
744023,firm_0,31,36.45,26.36,6,0,68,179702.11,2093.64,2478.6,384.96,68,0.72,0.96,False
744023,firm_0,32,38.27,26.36,5,0,57,181396.66,1826.35,2181.39,355.04,57,0.72,0.96,False
744023,firm_0,33,36.36,29.0,6,0,68,182710.18,2087.52,2472.48,384.96,68,0.72,1.06,False
744023,firm_0,34,40.0,26.1,7,0,79,184672.6,2745.12,3160.0,414.88,79,0.72,1.16,False
744023,firm_0,35,36.0,26.1,6,0,68,186275.64,2059.64,2448.0,388.36,68,0.77,1.26,False
744023,firm_0,36,37.8,28.71,6,0,68,188082.02,2178.64,2570.4,391.76,68,0.82,1.16,False
744023,firm_0,37,34.02,25.84,5,0,57,189228.37,1575.55,1939.14,363.59,57,0.87,1.26,False
744023,firm_0,38,32.32,27.13,5,0,57,190471.37,1478.65,1842.24,363.59,57,0.87,1.36,False
744023,firm_0,39,35.55,24.42,5,0,57,192012.03,1662.76,2026.35,363.59,57,0.87,1.26,False
744023,firm_0,40,35.55,21.98,4,0,45,193194.71,1270.6,1599.75,329.15,45,0.87,1.16,False
744023,firm_0,41,35.55,20.88,4,0,45,194179.54,1268.35,1599.75,331.4,45,0.92,1.16,False
744023,firm_0,42,39.1,20.88,5,0,57,195437.4,1862.26,2228.7,366.44,57,0.92,1.16,False
744023,firm_0,43,37.15,21.92,6,0,68,196933.52,2127.64,2526.2,398.56,68,0.92,1.16,False
744023,firm_0,44,40.86,23.02,5,0,57,198781.0,1962.58,2329.02,366.44,57,0.92,1.16,False
744023,firm_0,45,44.95,24.17,6,0,68,200794.02,2658.04,3056.6,398.56,68,0.92,1.16,False
744023,firm_0,46,49.45,25.38,5,0,57,203119.33,2452.21,2818.65,366.44,57,0.92,1.06,False
744023,firm_0,47,54.4,26.65,5,0,57,205620.44,2734.36,3100.8,366.44,57,0.92,1.16,False
744023,firm_0,48,51.68,23.98,4,0,45,207418.72,1994.2,2325.6,331.4,45,0.92,1.26,False
744023,firm_0,49,49.1,25.18,4,0,45,209196.1,1878.1,2209.5,331.4,45,0.92,1.26,False
744023,firm_0,50,46.64,22.66,3,0,34,210414.6,1286.48,1585.76,299.28,34,0.92,1.16,False
744023,firm_0,51,46.64,20.39,3,0,34,211639.91,1286.48,1585.76,299.28,34,0.92,1.06,False
744023,firm_0,52,41.98,22.43,4,0,45,212607.89,1557.7,1889.1,331.4,45,0.92,1.06,False
744023,firm_0,53,41.98,20.19,4,0,45,214084.83,1557.7,1889.1,331.4,45,0.92,1.06,False
744023,firm_0,54,37.78,19.18,3,0,34,214912.53,985.24,1284.52,299.28,34,0.92,1.16,False
744023,firm_0,55,41.56,18.22,2,0,22,215526.17,650.08,914.32,264.24,22,0.92,1.06,False
744023,firm_0,56,43.64,18.22,1,0,11,215755.87,247.92,480.04,232.12,11,0.92,1.06,False
744023,firm_0,57,48.0,19.13,2,0,22,216009.37,791.76,1056.0,264.24,22,0.92,1.06,False
744023,firm_0,58,45.6,19.13,3,0,34,216703.1,1251.12,1550.4,299.28,34,0.92,1.06,False
744023,firm_0,59,45.6,20.09,4,0,45,217843.34,1720.6,2052.0,331.4,45,0.92,1.06,False
744023,firm_0,60,45.6,21.09,3,0,34,218931.19,1251.12,1550.4,299.28,34,0.92,1.16,False
744023,firm_0,61,50.16,22.14,3,0,34,220069.23,1404.46,1705.44,300.98,34,0.97,1.06,False
744023,firm_0,62,52.67,22.14,4,0,45,221517.17,2036.5,2370.15,333.65,45,0.97,1.06,False
744023,firm_0,63,50.04,21.03,4,0,45,223351.2,1918.15,2251.8,333.65,45,0.97,0.96,False
744023,firm_0,64,47.54,22.08,5,0,56,224936.72,2295.92,2662.24,366.32,56,0.97,1.06,False
744023,firm_0,65,47.54,23.18,6,0,68,227028.4,2830.76,3232.72,401.96,68,0.97,1.16,False
744023,firm_0,66,47.54,24.34,6,0,68,229613.12,2830.76,3232.72,401.96,68,0.97,1.26,False
744023,firm_0,67,45.16,24.34,6,0,68,231832.6,2665.52,3070.88,405.36,68,1.02,1.36,False
744023,firm_0,68,49.68,26.77,7,0,79,234631.35,3486.14,3924.72,438.58,79,1.02,1.36,False
744023,firm_0,69,47.2,24.09,7,0,79,237752.94,3290.22,3728.8,438.58,79,1.02,1.36,False
744023,firm_0,70,47.2,25.29,8,0,90,240826.82,3776.2,4248.0,471.8,90,1.02,1.36,False
744023,firm_0,71,44.84,26.55,8,0,90,243973.72,3559.3,4035.6,476.3,90,1.07,1.36,False
744023,firm_0,72,44.84,26.55,7,0,79,246683.75,3095.88,3542.36,446.48,79,1.12,1.36,False
744023,firm_0,73,49.32,29.2,7,0,79,249725.2,3445.85,3896.28,450.43,79,1.17,1.26,False
744023,firm_0,74,46.85,29.2,6,0,68,252320.24,2770.24,3185.8,415.56,68,1.17,1.26,False
744023,firm_0,75,46.85,27.74,6,0,68,254924.04,2770.24,3185.8,415.56,68,1.17,1.16,False
744023,firm_0,76,51.54,30.51,6,0,68,257626.74,3085.76,3504.72,418.96,68,1.22,1.16,False
744023,firm_0,77,48.96,28.98,7,0,79,260337.34,3413.46,3867.84,454.38,79,1.22,1.16,False
744023,firm_0,78,48.96,31.88,7,0,79,263527.64,3413.46,3867.84,454.38,79,1.22,1.16,False
744023,firm_0,79,48.96,33.47,7,0,79,266706.81,3413.46,3867.84,454.38,79,1.22,1.16,False
744023,firm_0,80,46.51,30.12,8,0,90,269661.95,3696.1,4185.9,489.8,90,1.22,1.16,False
744023,firm_0,81,44.18,31.63,8,0,90,272895.31,3486.4,3976.2,489.8,90,1.22,1.16,False
744023,firm_0,82,41.97,33.21,8,0,90,275712.63,3283.0,3777.3,494.3,90,1.27,1.16,False
744023,firm_0,83,39.87,34.87,7,0,79,278159.94,2691.4,3149.73,458.33,79,1.27,1.16,False
744023,firm_0,84,35.88,31.38,6,0,68,279989.14,2017.48,2439.84,422.36,68,1.27,1.16,False
744023,firm_0,85,35.88,32.95,7,0,79,281634.68,2376.19,2834.52,458.33,79,1.27,1.06,False
744023,firm_0,86,32.29,36.25,6,0,67,283161.52,1744.34,2163.43,419.09,67,1.27,1.06,False
744023,firm_0,87,29.06,36.25,6,0,67,284471.95,1527.93,1947.02,419.09,67,1.27,1.06,False
744023,firm_0,88,31.97,39.88,5,0,56,285679.75,1407.2,1790.32,383.12,56,1.27,1.06,False
744023,firm_0,89,35.17,35.89,4,0,45,286771.69,1235.5,1582.65,347.15,45,1.27,1.06,False
744023,firm_0,90,35.17,34.1,4,0,45,287668.54,1233.25,1582.65,349.4,45,1.32,0.96,False
744023,firm_0,91,33.41,34.1,3,0,33,288259.21,792.97,1102.53,309.56,33,1.32,1.06,False
744023,firm_0,92,31.74,35.8,4,0,45,288694.91,1078.9,1428.3,349.4,45,1.32,1.06,False
744023,firm_0,93,30.15,34.01,3,0,33,289076.62,683.74,994.95,311.21,33,1.37,1.06,False
744023,firm_0,94,28.64,35.71,3,0,33,289603.4,633.91,945.12,311.21,33,1.37,0.96,False
744023,firm_0,95,25.78,33.92,3,0,33,290041.17,539.53,850.74,311.21,33,1.37,0.96,False
744023,firm_0,96,25.78,33.92,3,0,33,290177.29,537.88,850.74,312.86,33,1.42,1.06,False
744023,firm_0,97,28.36,37.31,3,0,33,290486.73,621.37,935.88,314.51,33,1.47,1.06,False
744023,firm_0,98,25.52,33.58,4,0,45,290544.66,792.25,1148.4,356.15,45,1.47,1.16,False
744023,firm_0,99,28.07,36.94,5,0,56,290734.76,1174.8,1571.92,397.12,56,1.52,1.26,False
744023,firm_0,100,26.67,35.09,5,0,56,291655.71,1096.4,1493.52,397.12,56,1.52,1.26,False
744023,firm_0,101,25.34,36.84,5,0,56,292493.43,1021.92,1419.04,397.12,56,1.52,1.26,False
744023,firm_0,102,22.81,35.0,4,0,45,293021.48,668.05,1026.45,358.4,45,1.52,1.26,False
744023,firm_0,103,23.95,31.5,4,0,45,293614.83,719.35,1077.75,358.4,45,1.52,1.26,False
744023,firm_0,104,26.35,29.92,3,0,33,294078.46,553.39,869.55,316.16,33,1.52,1.16,False
744023,firm_0,105,23.72,31.42,3,0,33,294450.8,466.6,782.76,316.16,33,1.52,1.16,False
744023,firm_0,106,22.53,28.28,3,0,33,294793.29,427.33,743.49,316.16,33,1.52,1.16,False
744023,firm_0,107,23.66,31.11,3,0,33,295164.58,464.62,780.78,316.16,33,1.52,1.06,False
744023,firm_0,108,21.29,28.0,4,0,44,295134.46,581.88,936.76,354.88,44,1.52,0.96,False
744023,firm_0,109,19.16,28.0,3,0,33,295366.58,316.12,632.28,316.16,33,1.52,0.86,False
744023,firm_0,110,20.12,30.8,4,0,44,295071.58,528.2,885.28,357.08,44,1.57,0.86,False
744023,firm_0,111,19.11,32.34,4,0,44,295425.98,483.76,840.84,357.08,44,1.57,0.76,False
744023,firm_0,112,18.15,33.96,4,0,44,295429.46,439.32,798.6,359.28,44,1.62,0.86,False
744023,firm_0,113,19.96,37.36,5,0,56,295357.7,715.04,1117.76,402.72,56,1.62,0.96,False
744023,firm_0,114,21.96,37.36,6,0,67,295662.32,1028.78,1471.32,442.54,67,1.62,0.96,False
744023,firm_0,115,23.06,33.62,7,0,78,296039.4,1312.42,1798.68,486.26,78,1.67,0.96,False
744023,firm_0,116,21.91,31.94,7,0,78,296734.64,1218.82,1708.98,490.16,78,1.72,1.06,False
744023,firm_0,117,24.1,35.13,8,0,90,297587.8,1634.2,2169.0,534.8,90,1.72,0.96,False
744023,firm_0,118,21.69,36.89,9,0,101,298370.76,1614.97,2190.69,575.72,101,1.72,0.96,False
744023,firm_0,119,19.52,33.2,9,0,101,299467.76,1395.8,1971.52,575.72,101,1.72,0.96,False
744023,firm_0,120,18.54,31.54,10,0,112,300112.2,1459.84,2076.48,616.64,112,1.72,0.96,False
744023,firm_0,121,16.69,34.69,9,0,101,300809.96,1109.97,1685.69,575.72,101,1.72,1.06,False
744023,firm_0,122,15.02,32.96,9,0,101,301149.57,936.25,1517.02,580.77,101,1.77,1.16,False
744023,firm_0,123,14.27,29.66,8,0,89,301646.79,734.5,1270.03,535.53,89,1.77,1.06,False
744023,firm_0,124,13.56,26.69,8,0,89,302104.58,671.31,1206.84,535.53,89,1.77,1.06,False
744023,firm_0,125,12.88,24.02,7,0,78,302447.02,510.58,1004.64,494.06,78,1.77,1.06,False
744023,firm_0,126,11.59,25.22,6,0,67,302619.64,323.94,776.53,452.59,67,1.77,1.06,False
744023,firm_0,127,12.75,23.96,6,0,67,302877.54,401.66,854.25,452.59,67,1.77,0.96,False
744023,firm_0,128,12.11,22.76,6,0,67,303099.76,358.78,811.37,452.59,67,1.77,0.96,False
744023,firm_0,129,12.72,20.48,5,0,56,302995.76,298.4,712.32,413.92,56,1.82,1.06,False
744023,firm_0,130,11.45,20.48,6,0,67,302480.74,307.86,767.15,459.29,67,1.87,1.06,False
744023,firm_0,131,10.88,21.5,7,0,78,302177.02,346.78,848.64,501.86,78,1.87,1.06,False
744023,firm_0,132,10.0,22.58,8,0,90,301748.08,351.7,900.0,548.3,90,1.87,1.16,False
744023,firm_0,133,10.0,20.32,8,0,89,301931.09,345.57,890.0,544.43,89,1.87,1.16,False
744023,firm_0,134,10.0,20.32,8,0,89,302114.1,345.57,890.0,544.43,89,1.87,1.16,False
744023,firm_0,135,10.0,20.32,8,0,89,301992.66,341.12,890.0,548.88,89,1.92,1.26,False
744023,firm_0,136,10.0,19.3,7,0,78,302131.8,274.24,780.0,505.76,78,1.92,1.26,False
744023,firm_0,137,11.0,18.34,6,0,67,302296.12,274.36,737.0,462.64,67,1.92,1.26,False
744023,firm_0,138,11.0,17.42,5,0,56,302405.5,196.48,616.0,419.52,56,1.92,1.26,False
744023,firm_0,139,10.0,16.55,6,0,67,302013.56,207.36,670.0,462.64,67,1.92,1.26,False
744023,firm_0,140,10.0,14.9,6,0,67,301928.17,204.01,670.0,465.99,67,1.97,1.26,False
744023,firm_0,141,11.0,14.16,6,0,67,302114.22,271.01,737.0,465.99,67,1.97,1.26,False
744023,firm_0,142,11.0,14.87,6,0,66,302188.98,263.98,726.0,462.02,66,1.97,1.36,False
744023,firm_0,143,10.0,14.87,6,0,66,302297.74,197.98,660.0,462.02,66,1.97,1.36,False
744023,firm_0,144,10.5,14.13,7,0,78,301804.27,305.44,819.0,513.56,78,2.02,1.36,False
744023,firm_0,145,10.0,13.42,8,0,89,301529.13,332.22,890.0,557.78,89,2.02,1.36,False
744023,firm_0,146,10.5,12.75,8,0,89,301803.85,376.72,934.5,557.78,89,2.02,1.36,False
744023,firm_0,147,11.55,11.48,8,0,89,302082.18,470.17,1027.95,557.78,89,2.02,1.46,False
744023,firm_0,148,11.55,10.33,9,0,100,301837.21,548.0,1155.0,607.0,100,2.07,1.46,False
744023,firm_0,149,10.97,10.0,10,0,111,301703.11,565.9,1217.67,651.77,111,2.07,1.56,False
744023,firm_0,150,10.42,10.0,10,0,111,302107.96,504.85,1156.62,651.77,111,2.07,1.56,False
744023,firm_0,151,10.0,10.5,10,0,111,302461.19,458.23,1110.0,651.77,111,2.07,1.56,False
744023,firm_0,152,10.0,11.55,10,0,111,302803.92,458.23,1110.0,651.77,111,2.07,1.56,False
744023,firm_0,153,11.0,11.55,9,0,100,303192.97,493.0,1100.0,607.0,100,2.07,1.56,False
744023,firm_0,154,11.55,12.71,8,0,89,303557.01,465.72,1027.95,562.23,89,2.07,1.56,False
744023,firm_0,155,10.4,12.07,7,0,78,303766.26,293.74,811.2,517.46,78,2.07,1.56,False
744023,firm_0,156,10.0,12.07,8,0,89,303293.02,323.32,890.0,566.68,89,2.12,1.56,False
744023,firm_0,157,10.5,11.47,8,0,89,303569.08,367.82,934.5,566.68,89,2.12,1.56,False
744023,firm_0,158,11.55,10.32,9,0,100,303519.2,543.0,1155.0,612.0,100,2.12,1.56,False
744023,firm_0,159,10.4,10.32,10,0,111,303207.53,491.53,1154.4,662.87,111,2.17,1.56,False
744023,firm_0,160,10.0,10.32,9,0,100,303497.65,383.0,1000.0,617.0,100,2.17,1.56,False
744023,firm_0,161,11.0,10.0,10,0,111,303455.78,558.13,1221.0,662.87,111,2.17,1.56,False
744023,firm_0,162,12.1,10.5,11,0,122,303607.74,767.46,1476.2,708.74,122,2.17,1.56,False
744023,firm_0,163,12.1,11.02,10,0,111,304177.77,680.23,1343.1,662.87,111,2.17,1.56,False
744023,firm_0,164,13.31,10.0,10,0,111,304792.31,814.54,1477.41,662.87,111,2.17,1.66,False
744023,firm_0,165,11.98,10.0,9,0,97,305259.88,557.57,1162.06,604.49,97,2.17,1.66,False
744023,firm_0,166,11.38,10.0,8,0,89,305621.57,441.69,1012.82,571.13,89,2.17,1.56,False
744023,firm_0,167,12.52,11.0,8,0,89,306076.72,543.15,1114.28,571.13,89,2.17,1.56,False
744023,firm_0,168,12.52,10.45,7,0,78,306250.97,447.4,976.56,529.16,78,2.22,1.56,False
744023,firm_0,169,13.77,10.0,8,0,88,306211.37,640.4,1211.76,571.36,88,2.22,1.66,False
744023,firm_0,170,13.08,10.0,9,0,100,306207.37,686.0,1308.0,622.0,100,2.22,1.76,False
744023,firm_0,171,12.43,10.5,10,0,111,306313.68,711.31,1379.73,668.42,111,2.22,1.76,False
744023,firm_0,172,11.81,10.0,10,0,111,306650.62,636.94,1310.91,673.97,111,2.27,1.76,False
744023,firm_0,173,10.63,10.5,10,0,111,306951.58,505.96,1179.93,673.97,111,2.27,1.86,False
744023,firm_0,174,10.63,10.5,9,0,99,307186.72,429.64,1052.37,622.73,99,2.27,1.96,False
744023,firm_0,175,10.0,10.0,9,0,98,307153.36,356.64,980.0,623.36,98,2.32,2.06,False
744023,firm_0,176,10.0,10.0,10,0,109,306972.48,419.12,1090.0,670.88,109,2.32,1.96,False
744023,firm_0,177,10.0,11.0,11,0,122,306844.44,492.96,1220.0,727.04,122,2.32,1.96,False
744023,firm_0,178,10.0,10.0,11,0,122,307127.4,492.96,1220.0,727.04,122,2.32,2.06,False
744023,firm_0,179,11.0,11.0,10,0,111,307558.88,541.48,1221.0,679.52,111,2.32,2.06,False
744023,firm_0,180,10.45,10.0,11,0,122,307290.64,541.76,1274.9,733.14,122,2.37,2.06,False
744023,firm_0,181,11.5,10.0,10,0,109,307562.36,571.72,1253.5,681.78,109,2.42,1.96,False
744023,firm_0,182,10.35,10.5,11,0,120,307358.46,511.6,1242.0,730.4,120,2.42,2.06,False
744023,firm_0,183,10.0,10.0,10,0,110,307672.26,413.8,1100.0,686.2,110,2.42,2.06,False
744023,firm_0,184,10.0,10.0,10,0,110,307780.56,408.3,1100.0,691.7,110,2.47,2.06,False
744023,firm_0,185,10.5,10.0,10,0,110,308143.86,463.3,1155.0,691.7,110,2.47,1.96,False
744023,firm_0,186,11.55,10.0,9,0,98,308547.7,493.84,1131.9,638.06,98,2.47,1.96,False
744023,firm_0,187,10.97,10.0,9,0,99,308901.2,443.5,1086.03,642.53,99,2.47,1.86,False
744023,firm_0,188,10.42,10.0,10,0,110,308550.2,449.0,1146.2,697.2,110,2.52,1.76,False
744023,firm_0,189,11.46,10.0,10,0,110,309013.6,563.4,1260.6,697.2,110,2.52,1.76,False
744023,firm_0,190,12.03,10.0,11,0,121,308906.26,702.66,1455.63,752.97,121,2.57,1.76,False
744023,firm_0,191,13.23,10.0,10,0,110,309353.36,747.1,1455.3,708.2,110,2.62,1.76,False
744023,firm_0,192,12.57,10.5,11,0,121,309499.81,761.95,1520.97,759.02,121,2.62,1.76,False
744023,firm_0,193,13.83,11.02,11,0,121,310193.0,914.41,1673.43,759.02,121,2.62,1.86,False
744023,firm_0,194,14.52,10.0,11,0,121,310980.9,997.9,1756.92,759.02,121,2.62,1.96,False
744023,firm_0,195,15.25,10.0,11,0,121,311957.13,1086.23,1845.25,759.02,121,2.62,1.86,False
744023,firm_0,196,14.49,10.0,12,0,128,312400.49,1063.36,1854.72,791.36,128,2.62,1.86,False
744023,firm_0,197,13.77,10.0,13,0,143,312878.94,1108.45,1969.11,860.66,143,2.62,1.76,False
744023,firm_0,198,15.15,10.0,12,0,132,313742.3,1183.36,1999.8,816.44,132,2.67,1.66,False
744023,firm_0,199,15.15,10.5,11,0,122,314605.36,1078.56,1848.3,769.74,122,2.67,1.76,False
744023,firm_0,200,14.39,10.0,11,0,120,315255.76,960.4,1726.8,766.4,120,2.72,1.76,False
744023,firm_0,201,13.67,10.0,12,0,131,315608.21,972.45,1790.77,818.32,131,2.72,1.76,False
744023,firm_0,202,15.04,10.0,13,0,145,316274.61,1296.4,2180.8,884.4,145,2.72,1.66,False
744023,firm_0,203,14.29,10.5,14,0,156,316712.73,1285.12,2229.24,944.12,156,2.77,1.56,False
744023,firm_0,204,13.58,10.0,13,0,144,317651.37,1068.64,1955.52,886.88,144,2.77,1.56,False
744023,firm_0,205,14.94,10.0,12,0,133,318683.98,1152.61,1987.02,834.41,133,2.77,1.56,False
744023,firm_0,206,15.69,10.0,11,0,122,319706.22,1132.24,1914.18,781.94,122,2.77,1.46,False
744023,firm_0,207,14.91,10.0,11,0,122,320533.3,1037.08,1819.02,781.94,122,2.77,1.56,False
744023,firm_0,208,16.4,10.5,10,0,111,321519.23,1090.93,1820.4,729.47,111,2.77,1.46,False
744023,firm_0,209,16.4,10.0,11,0,122,322128.09,1218.86,2000.8,781.94,122,2.77,1.46,False
744023,firm_0,210,15.58,10.0,11,0,122,323136.91,1118.82,1900.76,781.94,122,2.77,1.46,False
744023,firm_0,211,14.02,10.0,11,0,119,323827.66,900.75,1668.38,767.63,119,2.77,1.56,False
744023,firm_0,212,14.72,11.0,12,0,133,324112.36,1116.7,1957.76,841.06,133,2.82,1.46,False
744023,firm_0,213,13.98,10.0,12,0,133,325010.64,1018.28,1859.34,841.06,133,2.82,1.46,False
744023,firm_0,214,13.28,10.5,13,0,145,325193.59,1019.45,1925.6,906.15,145,2.87,1.36,False
744023,firm_0,215,11.95,10.0,12,0,133,325815.23,741.64,1589.35,847.71,133,2.87,1.26,False
744023,firm_0,216,13.14,10.5,13,0,145,325970.63,991.9,1905.3,913.4,145,2.92,1.16,False
744023,firm_0,217,14.45,10.0,12,0,133,326818.12,1067.49,1921.85,854.36,133,2.92,1.26,False
744023,firm_0,218,15.17,10.5,13,0,145,327367.87,1286.25,2199.65,913.4,145,2.92,1.36,False
744023,firm_0,219,13.65,10.0,13,0,143,328079.11,1041.24,1951.95,910.71,143,2.97,1.36,False
744023,firm_0,220,12.28,10.0,13,0,145,328601.81,852.7,1780.6,927.9,145,3.02,1.26,False
744023,firm_0,221,12.28,10.0,12,0,133,329247.39,765.58,1633.24,867.66,133,3.02,1.26,False
744023,firm_0,222,13.51,10.0,13,0,143,329631.46,1014.07,1931.93,917.86,143,3.02,1.26,False
744023,firm_0,223,12.83,10.5,12,0,133,330344.19,838.73,1706.39,867.66,133,3.02,1.16,False
744023,firm_0,224,13.47,10.0,12,0,132,330932.99,908.8,1778.04,869.24,132,3.07,1.16,False
744023,firm_0,225,12.8,10.5,12,0,133,331635.08,828.09,1702.4,874.31,133,3.07,1.16,False
744023,firm_0,226,11.52,11.02,11,0,122,332100.76,586.9,1405.44,818.54,122,3.07,1.16,False
744023,firm_0,227,10.37,10.0,12,0,129,331864.46,483.7,1337.73,854.03,129,3.07,1.26,False
744023,firm_0,228,10.89,10.0,11,0,122,332164.5,510.04,1328.58,818.54,122,3.07,1.36,False
744023,firm_0,229,10.0,10.5,12,0,133,331994.19,455.69,1330.0,874.31,133,3.07,1.26,False
744023,firm_0,230,11.0,11.02,13,0,145,332010.78,659.85,1595.0,935.15,145,3.07,1.16,False
744023,firm_0,231,10.45,10.47,14,0,151,331876.58,612.38,1577.95,965.57,151,3.07,1.26,False
744023,firm_0,232,11.5,10.0,13,0,144,332472.5,725.92,1656.0,930.08,144,3.07,1.26,False
744023,firm_0,233,12.08,10.5,14,0,155,332612.05,886.55,1872.4,985.85,155,3.07,1.36,False
744023,firm_0,234,12.68,10.0,15,0,166,333025.31,1063.26,2104.88,1041.62,166,3.07,1.36,False
744023,firm_0,235,11.41,10.5,16,0,178,333076.93,919.62,2030.98,1111.36,178,3.12,1.26,False
744023,firm_0,236,10.84,11.02,16,0,177,333713.05,812.44,1918.68,1106.24,177,3.12,1.16,False
744023,firm_0,237,11.92,10.0,16,0,177,334347.8,994.75,2109.84,1115.09,177,3.17,1.16,False
744023,firm_0,238,10.73,10.0,15,0,166,334712.46,714.66,1781.18,1066.52,166,3.22,1.06,False
744023,firm_0,239,10.19,10.0,16,0,177,334732.15,679.69,1803.63,1123.94,177,3.22,1.06,False
744023,firm_0,240,11.21,10.5,17,0,188,334979.77,926.12,2107.48,1181.36,188,3.22,0.96,False
744023,firm_0,241,12.33,10.0,18,0,199,335514.66,1214.89,2453.67,1238.78,199,3.22,0.96,False
744023,firm_0,242,11.71,11.0,19,0,210,335968.56,1162.9,2459.1,1296.2,210,3.22,0.96,False
744023,firm_0,243,11.71,10.0,19,0,210,336941.46,1162.9,2459.1,1296.2,210,3.22,0.86,False
744023,firm_0,244,11.12,10.5,19,0,210,337470.46,1028.5,2335.2,1306.7,210,3.27,0.96,False
744023,firm_0,245,10.56,10.0,20,0,222,337644.84,974.38,2344.32,1369.94,222,3.27,1.06,False
744023,firm_0,246,11.62,10.5,20,0,222,338644.54,1209.7,2579.64,1369.94,222,3.27,0.96,False
744023,firm_0,247,11.04,10.0,21,0,233,339078.95,1144.41,2572.32,1427.91,233,3.27,0.96,False
744023,firm_0,248,10.0,10.0,21,0,233,339671.04,902.09,2330.0,1427.91,233,3.27,1.06,False
744023,firm_0,249,10.0,10.0,21,0,233,340151.48,890.44,2330.0,1439.56,233,3.32,1.06,False
744023,firm_0,250,10.5,10.0,22,0,236,340353.96,1022.48,2478.0,1455.52,236,3.32,1.16,False
744023,firm_0,251,10.0,10.0,22,0,244,340863.68,929.72,2440.0,1510.28,244,3.37,1.16,False
744023,firm_0,252,10.0,10.0,22,0,244,341361.2,917.52,2440.0,1522.48,244,3.42,1.16,False
744023,firm_0,253,11.0,10.0,22,0,244,342302.72,1161.52,2684.0,1522.48,244,3.42,1.06,False
744023,firm_0,254,10.45,10.0,22,0,244,343010.04,1027.32,2549.8,1522.48,244,3.42,1.16,False
744023,firm_0,255,10.0,10.0,23,0,255,343247.94,967.9,2550.0,1582.1,255,3.42,1.16,False
744023,firm_0,256,11.0,10.5,23,0,255,344229.34,1222.9,2805.0,1582.1,255,3.42,1.16,False
744023,firm_0,257,10.45,10.0,23,0,255,345081.99,1082.65,2664.75,1582.1,255,3.42,1.06,False
744023,firm_0,258,10.0,10.0,23,0,254,345715.31,963.32,2540.0,1576.68,254,3.42,1.16,False
744023,firm_0,259,10.0,11.0,23,0,254,346112.93,950.62,2540.0,1589.38,254,3.47,1.26,False
744023,firm_0,260,10.0,12.1,22,0,243,346747.52,900.79,2430.0,1529.21,243,3.47,1.16,False
744023,firm_0,261,11.0,11.5,22,0,243,347638.31,1143.79,2673.0,1529.21,243,3.47,1.16,False
744023,firm_0,262,11.0,10.92,23,0,254,348091.77,1204.62,2794.0,1589.38,254,3.47,1.16,False
744023,firm_0,263,12.1,10.92,24,0,265,348886.64,1556.95,3206.5,1649.55,265,3.47,1.06,False
744023,firm_0,264,11.5,10.37,25,0,276,349377.87,1450.48,3174.0,1723.52,276,3.52,1.06,False
744023,firm_0,265,12.08,10.89,26,0,287,350277.45,1682.72,3466.96,1784.24,287,3.52,0.96,False
744023,firm_0,266,12.68,11.43,25,0,276,351667.86,1776.16,3499.68,1723.52,276,3.52,1.06,False
744023,firm_0,267,13.95,10.86,26,0,287,353104.91,2219.41,4003.65,1784.24,287,3.52,1.06,False
744023,firm_0,268,13.25,11.4,25,0,276,354753.39,1933.48,3657.0,1723.52,276,3.52,0.96,False
744023,firm_0,269,11.92,10.26,26,0,287,355623.43,1636.8,3421.04,1784.24,287,3.52,0.96,False
744023,firm_0,270,12.52,11.29,25,0,276,357073.18,1732.0,3455.52,1723.52,276,3.52,0.96,False
744023,firm_0,271,13.77,11.29,26,0,287,358447.39,2167.75,3951.99,1784.24,287,3.52,0.96,False
744023,firm_0,272,14.46,10.73,27,0,298,359906.9,2449.22,4309.08,1859.86,298,3.57,0.96,False
744023,firm_0,273,15.91,11.27,26,0,287,362381.46,2767.58,4566.17,1798.59,287,3.57,0.96,False
744023,firm_0,274,17.5,11.83,25,0,276,364864.59,3078.88,4830.0,1751.12,276,3.62,1.06,False
744023,firm_0,275,16.62,12.42,25,0,276,367290.09,2836.0,4587.12,1751.12,276,3.62,1.16,False
744023,firm_0,276,15.79,11.8,24,0,265,369288.69,2481.8,4184.35,1702.55,265,3.67,1.16,False
744023,firm_0,277,15.0,11.21,25,0,276,370883.52,2375.08,4140.0,1764.92,276,3.67,1.16,False
744023,firm_0,278,13.5,10.65,26,0,287,372153.83,2047.21,3874.5,1827.29,287,3.67,1.16,False
744023,firm_0,279,12.15,11.18,25,0,276,373362.81,1588.48,3353.4,1764.92,276,3.67,1.26,False
744023,firm_0,280,12.76,11.74,26,0,287,374392.4,1834.83,3662.12,1827.29,287,3.67,1.26,False
744023,firm_0,281,11.48,11.15,26,0,287,375569.97,1467.47,3294.76,1827.29,287,3.67,1.16,False
744023,firm_0,282,11.48,12.26,27,0,298,375955.43,1516.48,3421.04,1904.56,298,3.72,1.26,False
744023,firm_0,283,12.63,12.87,27,0,298,377152.22,1844.28,3763.74,1919.46,298,3.77,1.36,False
744023,firm_0,284,13.26,13.51,26,0,287,378436.24,1935.28,3805.62,1870.34,287,3.82,1.46,False
744023,firm_0,285,12.6,12.83,27,0,298,379095.37,1805.54,3754.8,1949.26,298,3.87,1.56,False
744023,firm_0,286,13.23,11.55,27,0,298,380676.8,1993.28,3942.54,1949.26,298,3.87,1.66,False
744023,firm_0,287,12.57,12.13,27,0,297,382139.19,1789.9,3733.29,1943.39,297,3.87,1.66,False
744023,firm_0,288,11.31,12.13,27,0,297,383227.36,1415.68,3359.07,1943.39,297,3.87,1.56,False
744023,firm_0,289,10.18,11.52,26,0,287,383964.81,1036.97,2921.66,1884.69,287,3.87,1.46,False
744023,firm_0,290,10.0,11.52,26,0,286,384646.47,981.18,2860.0,1878.82,286,3.87,1.46,False
744023,firm_0,291,10.0,11.52,26,0,286,385113.83,966.88,2860.0,1893.12,286,3.92,1.46,False
744023,firm_0,292,10.0,10.37,27,0,288,385208.88,975.04,2880.0,1904.96,288,3.92,1.56,False
744023,firm_0,293,11.0,10.89,27,0,297,386223.61,1308.76,3267.0,1958.24,297,3.92,1.46,False
744023,firm_0,294,10.45,11.98,27,0,297,387045.56,1145.41,3103.65,1958.24,297,3.92,1.36,False
744023,firm_0,295,11.5,12.58,26,0,286,388114.36,1395.88,3289.0,1893.12,286,3.92,1.26,False
744023,firm_0,296,10.35,11.95,25,0,275,388833.86,1018.25,2846.25,1828.0,275,3.92,1.26,False
744023,firm_0,297,10.0,11.35,24,0,264,389438.58,877.12,2640.0,1762.88,264,3.92,1.16,False
744023,firm_0,298,10.5,10.22,23,0,253,390162.26,958.74,2656.5,1697.76,253,3.92,1.06,False
744023,firm_0,299,10.0,10.73,23,0,253,390435.06,819.59,2530.0,1710.41,253,3.97,1.16,False
744023,firm_0,300,11.0,10.19,23,0,253,390960.63,1059.94,2783.0,1723.06,253,4.02,1.26,False
744023,firm_0,301,10.45,10.7,22,0,242,391597.29,872.06,2528.9,1656.84,242,4.02,1.16,False
744023,firm_0,302,10.0,11.24,23,0,253,391645.71,806.94,2530.0,1723.06,253,4.02,1.16,False
744023,firm_0,303,11.0,12.36,24,0,264,391650.59,1101.52,2904.0,1802.48,264,4.07,1.26,False
744023,firm_0,304,11.55,11.12,23,0,253,392581.27,1186.44,2922.15,1735.71,253,4.07,1.16,False
744023,firm_0,305,12.71,11.12,22,0,242,393743.51,1406.88,3075.82,1668.94,242,4.07,1.16,False
744023,firm_0,306,13.98,11.68,21,0,231,394913.89,1615.66,3229.38,1613.72,231,4.12,1.06,False
744023,firm_0,307,14.68,12.26,22,0,242,395703.59,1859.42,3552.56,1693.14,242,4.17,1.16,False
744023,firm_0,308,15.41,12.26,22,0,242,397469.95,2036.08,3729.22,1693.14,242,4.17,1.06,False
744023,firm_0,309,13.87,12.87,22,0,241,398842.51,1655.7,3342.67,1686.97,241,4.17,1.06,False
744023,firm_0,310,13.18,13.51,21,0,230,399871.1,1412.3,3031.4,1619.1,230,4.17,1.16,False
744023,firm_0,311,12.52,14.19,20,0,219,400777.95,1190.65,2741.88,1551.23,219,4.17,1.06,False
744023,firm_0,312,13.77,14.9,20,0,219,401944.35,1464.4,3015.63,1551.23,219,4.17,1.06,False
744023,firm_0,313,13.08,15.65,19,0,208,402784.28,1237.28,2720.64,1483.36,208,4.17,1.16,False
744023,firm_0,314,14.39,14.08,20,0,219,403602.86,1600.18,3151.41,1551.23,219,4.17,1.06,False
744023,firm_0,315,15.83,14.78,19,0,208,405131.32,1809.28,3292.64,1483.36,208,4.17,1.06,False
744023,firm_0,316,15.04,14.04,20,0,219,406093.05,1742.53,3293.76,1551.23,219,4.17,0.96,False
744023,firm_0,317,15.79,13.34,21,0,230,407114.01,2001.1,3631.7,1630.6,230,4.22,0.96,False
744023,firm_0,318,16.58,14.01,20,0,219,408691.7,2057.89,3631.02,1573.13,219,4.27,0.86,False
744023,firm_0,319,14.92,14.01,20,0,219,409894.9,1683.4,3267.48,1584.08,219,4.32,0.76,False
744023,firm_0,320,14.17,14.71,21,0,230,410591.49,1605.5,3259.1,1653.6,230,4.32,0.86,False
744023,firm_0,321,15.59,16.18,20,0,219,412098.02,1830.13,3414.21,1584.08,219,4.32,0.76,False
744023,firm_0,322,16.37,15.37,20,0,219,413791.57,2000.95,3585.03,1584.08,219,4.32,0.76,False
744023,firm_0,323,18.01,16.91,20,0,219,415502.53,2349.16,3944.19,1595.03,219,4.37,0.86,False
744023,firm_0,324,17.11,16.91,20,0,219,417105.44,2141.11,3747.09,1605.98,219,4.42,0.86,False
744023,firm_0,325,16.25,16.06,20,0,219,418737.01,1952.77,3558.75,1605.98,219,4.42,0.86,False
744023,firm_0,326,17.06,15.26,21,0,230,420163.75,2247.2,3923.8,1676.6,230,4.42,0.86,False
744023,firm_0,327,18.77,14.5,21,0,230,422499.75,2640.5,4317.1,1676.6,230,4.42,0.86,False
744023,firm_0,328,20.65,15.23,21,0,230,425152.82,3072.9,4749.5,1676.6,230,4.42,0.96,False
744023,firm_0,329,20.65,15.99,21,0,230,427678.43,3061.4,4749.5,1688.1,230,4.47,0.96,False
744023,firm_0,330,18.58,16.79,22,0,241,429427.56,2718.51,4477.78,1759.27,241,4.47,1.06,False
744023,firm_0,331,19.51,17.63,22,0,241,431982.34,2942.64,4701.91,1759.27,241,4.47,1.06,False
744023,firm_0,332,19.51,18.51,21,0,230,434292.83,2799.2,4487.3,1688.1,230,4.47,1.16,False
744023,firm_0,333,18.53,19.44,22,0,241,436071.61,2706.46,4465.73,1759.27,241,4.47,1.16,False
744023,firm_0,334,18.53,18.47,22,0,241,438371.73,2706.46,4465.73,1759.27,241,4.47,1.06,False
744023,firm_0,335,20.38,19.39,22,0,241,440997.46,3152.31,4911.58,1759.27,241,4.47,1.16,False
744023,firm_0,336,19.36,18.42,22,0,241,443498.71,2906.49,4665.76,1759.27,241,4.47,1.16,False
744023,firm_0,337,21.3,17.5,21,0,230,446242.11,3210.9,4899.0,1688.1,230,4.47,1.26,False
744023,firm_0,338,23.43,17.5,20,0,219,449406.35,3514.24,5131.17,1616.93,219,4.47,1.16,False
744023,firm_0,339,24.6,18.38,20,0,219,452809.22,3770.47,5387.4,1616.93,219,4.47,1.16,False
744023,firm_0,340,25.83,19.3,21,0,230,455945.22,4241.3,5940.9,1699.6,230,4.52,1.06,False
744023,firm_0,341,25.83,21.23,21,0,230,459740.69,4241.3,5940.9,1699.6,230,4.52,1.06,False
744023,firm_0,342,27.12,20.17,21,0,230,463755.12,4538.0,6237.6,1699.6,230,4.52,1.16,False
744023,firm_0,343,27.12,21.18,22,0,241,467341.71,4752.55,6535.92,1783.37,241,4.57,1.06,False
744023,firm_0,344,27.12,23.3,23,0,252,471284.41,4978.6,6834.24,1855.64,252,4.57,0.96,False
744023,firm_0,345,29.83,23.3,24,0,263,476042.59,5917.38,7845.29,1927.91,263,4.57,1.06,False
744023,firm_0,346,32.81,24.47,24,0,262,481817.09,6661.78,8596.22,1934.44,262,4.62,1.16,False
744023,firm_0,347,36.09,25.69,24,0,262,488408.57,7508.04,9455.58,1947.54,262,4.67,1.26,False
744023,firm_0,348,36.09,25.69,24,0,262,495300.05,7508.04,9455.58,1947.54,262,4.67,1.26,False
744023,firm_0,349,32.48,26.97,24,0,262,501001.89,6549.12,8509.76,1960.64,262,4.72,1.16,False
744023,firm_0,350,29.23,25.62,24,0,262,506084.63,5697.62,7658.26,1960.64,262,4.72,1.06,False
744023,firm_0,351,30.69,26.9,24,0,262,511519.17,6080.14,8040.78,1960.64,262,4.72,0.96,False
744023,firm_0,352,33.76,26.9,23,0,251,517487.51,6587.04,8473.76,1886.72,251,4.72,0.86,False
744023,firm_0,353,32.07,28.24,24,0,262,522751.45,6441.7,8402.34,1960.64,262,4.72,0.86,False
744023,firm_0,354,30.47,26.83,23,0,251,527895.61,5761.25,7647.97,1886.72,251,4.72,0.86,False
744023,firm_0,355,33.52,26.83,24,0,262,533573.29,6821.6,8782.24,1960.64,262,4.72,0.86,False
744023,firm_0,356,35.2,28.17,23,0,251,539873.86,6948.48,8835.2,1886.72,251,4.72,0.86,False
744023,firm_0,357,35.2,26.76,24,0,262,545993.38,7261.76,9222.4,1960.64,262,4.72,0.86,False
744023,firm_0,358,33.44,29.44,25,0,273,551851.94,7094.56,9129.12,2034.56,273,4.72,0.86,False
744023,firm_0,359,33.44,30.91,25,0,273,558173.75,7094.56,9129.12,2034.56,273,4.72,0.76,False
744023,firm_0,360,36.78,32.46,25,0,273,565368.63,8006.38,10040.94,2034.56,273,4.72,0.66,False
744023,firm_0,361,38.62,34.08,26,0,283,572810.25,8827.7,10929.46,2101.76,283,4.72,0.66,False
744023,firm_0,362,42.48,37.49,26,0,283,581441.44,9905.93,12021.84,2115.91,283,4.77,0.76,False
744023,firm_0,363,46.73,41.24,27,0,294,591161.5,11533.54,13738.62,2205.08,294,4.82,0.66,False
744023,firm_0,364,49.07,39.18,27,0,294,602225.14,12221.5,14426.58,2205.08,294,4.82,0.76,False
744023,firm_0,365,51.52,37.22,26,0,283,613607.52,12450.1,14580.16,2130.06,283,4.82,0.86,False
744023,firm_1,1,31.25,44.49,26,0,303,103863.28,8547.61,9468.75,921.14,303,0.38,0.42,False
744023,firm_1,2,34.38,40.04,26,0,302,112071.14,9448.9,10382.76,933.86,302,0.43,0.32,False
744023,firm_1,3,37.82,42.04,26,0,302,121250.78,10472.68,11421.64,948.96,302,0.48,0.32,False
744023,firm_1,4,41.6,44.14,27,0,314,131426.98,12067.98,13062.4,994.42,314,0.53,0.22,False
744023,firm_1,5,43.68,46.35,27,0,314,142896.63,12721.1,13715.52,994.42,314,0.53,0.22,False
744023,firm_1,6,48.05,44.03,26,0,302,155298.89,13547.04,14511.1,964.06,302,0.53,0.12,False
744023,firm_1,7,52.86,46.23,25,0,291,168589.17,14446.03,15382.26,936.23,291,0.53,0.1,False
744023,firm_1,8,58.15,43.92,26,0,302,183329.39,16582.14,17561.3,979.16,302,0.58,0.1,False
744023,firm_1,9,63.96,41.72,26,0,302,200266.33,18321.66,19315.92,994.26,302,0.63,0.2,False
744023,firm_1,10,70.36,41.72,26,0,301,219368.34,20186.73,21178.36,991.63,301,0.63,0.1,False
744023,firm_1,11,77.4,39.63,26,0,301,240643.73,22305.77,23297.4,991.63,301,0.63,0.1,False
744023,firm_1,12,85.14,43.59,27,0,313,264592.43,25625.63,26648.82,1023.19,313,0.63,0.1,False
744023,firm_1,13,93.65,41.41,28,0,323,292132.41,29199.46,30248.95,1049.49,323,0.63,0.1,False
744023,firm_1,14,103.02,39.34,29,0,334,323821.81,33330.26,34408.68,1078.42,334,0.63,0.1,False
744023,firm_1,15,113.32,37.37,30,0,345,360188.76,37988.05,39095.4,1107.35,345,0.63,0.1,False
744023,firm_1,16,118.99,35.5,31,0,357,399928.78,41340.52,42479.43,1138.91,357,0.63,0.1,False
744023,firm_1,17,130.89,33.72,32,0,367,445002.81,46853.07,48036.63,1183.56,367,0.68,0.1,False
744023,firm_1,18,143.98,32.03,31,0,356,494112.68,50102.8,51256.88,1154.08,356,0.68,0.1,False
744023,firm_1,19,129.58,30.43,32,0,366,538784.32,46245.4,47426.28,1180.88,366,0.68,0.2,False
744023,firm_1,20,142.54,28.91,33,0,378,589997.37,52667.08,53880.12,1213.04,378,0.68,0.1,False
744023,firm_1,21,156.79,27.46,33,0,376,646736.55,57745.36,58953.04,1207.68,376,0.68,0.2,False
744023,firm_1,22,172.47,26.09,34,0,387,710858.22,65508.73,66745.89,1237.16,387,0.68,0.1,False
744023,firm_1,23,181.09,24.79,35,0,397,780119.34,70628.77,71892.73,1263.96,397,0.68,0.1,False
744023,firm_1,24,199.2,23.55,36,0,409,858848.22,80176.68,81472.8,1296.12,409,0.68,0.2,False
744023,firm_1,25,209.16,22.37,37,0,420,943942.13,86521.6,87847.2,1325.6,420,0.68,0.3,False
744023,firm_1,26,230.08,21.25,38,128,431,1010253.79,67719.16,69714.24,1995.08,303,0.68,0.4,False
744023,firm_1,27,253.09,20.19,39,571,443,1004624.14,-4242.24,0.0,4242.24,0,0.68,0.5,False
744023,firm_1,28,227.78,18.17,40,985,454,1005844.12,2746.78,9111.2,6364.42,40,0.73,0.6,False
744023,firm_1,29,205.0,16.35,41,1274,465,1032591.07,28217.3,36080.0,7862.7,176,0.78,0.7,False
744023,firm_1,30,184.5,14.72,40,1483,453,1067823.28,36121.01,45018.0,8896.99,244,0.83,0.8,False
744023,firm_1,31,166.05,13.25,39,1197,442,1180432.97,113426.44,120884.4,7457.96,728,0.88,0.9,False
744023,firm_1,32,149.45,11.92,38,794,431,1298888.48,119208.47,124641.3,5432.83,834,0.93,1.0,False
744023,firm_1,33,134.5,12.52,39,0,442,1462325.04,164724.84,166242.0,1517.16,1236,0.98,1.1,False
744023,firm_1,34,147.95,11.89,40,0,451,1526430.91,65181.47,66725.45,1543.98,451,0.98,1.2,False
744023,firm_1,35,162.74,11.3,41,0,463,1599136.49,73768.88,75348.62,1579.74,463,0.98,1.3,False
744023,firm_1,36,179.01,10.74,42,0,474,1681323.63,83238.22,84850.74,1612.52,474,0.98,1.4,False
744023,firm_1,37,196.91,11.28,43,0,488,1774676.43,94437.84,96092.08,1654.24,488,0.98,1.5,False
744023,firm_1,38,216.6,10.72,44,0,499,1880001.13,106396.38,108083.4,1687.02,499,0.98,1.6,False
744023,firm_1,39,238.26,11.26,45,0,511,1998922.51,120028.08,121750.86,1722.78,511,0.98,1.7,False
744023,firm_1,40,262.09,11.82,46,85,522,2110131.56,112352.77,114533.33,2180.56,437,0.98,1.8,False
744023,firm_1,41,288.3,12.41,47,374,533,2175635.15,66686.86,70345.2,3658.34,244,0.98,1.9,False
744023,firm_1,42,259.47,13.03,48,0,544,2410554.85,236345.14,238193.46,1848.32,918,1.03,2.0,False
744023,firm_1,43,285.42,13.68,49,0,555,2565583.23,156498.7,158408.1,1909.4,555,1.08,2.1,False
744023,firm_1,44,313.96,14.36,50,567,567,2559483.87,-4781.36,0.0,4781.36,0,1.08,2.2,False
744023,firm_1,45,282.56,15.08,51,893,578,2622645.77,64730.98,71205.12,6474.14,252,1.13,2.3,False
744023,firm_1,46,254.3,13.57,52,110,589,2967416.71,346276.58,348899.6,2623.02,1372,1.18,2.4,False
744023,firm_1,47,279.73,14.25,53,710,600,2960173.46,-5688.0,0.0,5688.0,0,1.23,2.5,False
744023,firm_1,48,251.76,14.96,54,318,611,3207286.82,248721.2,252515.28,3794.08,1003,1.28,2.6,False
744023,firm_1,49,226.58,15.71,55,0,623,3416559.96,210937.19,213211.78,2274.59,941,1.33,2.7,False
744023,firm_1,50,249.24,16.5,56,403,637,3469021.91,53985.95,58322.16,4336.21,234,1.33,2.8,False
744023,firm_1,51,224.32,17.32,57,0,649,3700825.69,233591.02,235984.64,2393.62,1052,1.38,2.9,False
744023,firm_1,52,246.75,18.19,58,19,660,3854578.62,155607.95,158166.75,2558.8,641,1.43,3.0,False
744023,firm_1,53,271.42,19.1,59,218,671,3977370.43,124518.71,128110.24,3591.53,472,1.43,3.1,False
744023,firm_1,54,298.56,20.06,60,502,683,4089405.43,114038.6,119125.44,5086.84,399,1.48,3.2,False
744023,firm_1,55,268.7,21.06,61,0,694,4406036.15,318715.38,321365.2,2649.82,1196,1.53,3.3,False
744023,firm_1,56,295.57,22.11,62,0,705,4609518.28,205652.95,208376.85,2723.9,705,1.58,3.4,False
744023,firm_1,57,325.13,23.22,63,719,719,4601086.4,-6369.02,0.0,6369.02,0,1.58,3.5,False
744023,firm_1,58,292.62,24.38,64,1033,730,4712441.1,113715.02,121729.92,8014.9,416,1.63,3.6,False
744023,firm_1,59,263.36,21.94,63,495,719,5036481.48,325722.6,331043.52,5320.92,1257,1.68,3.7,False
744023,firm_1,60,237.02,23.04,64,0,730,5321633.52,287426.6,290349.5,2922.9,1225,1.73,3.8,False
744023,firm_1,61,260.72,24.19,65,300,742,5430231.75,110770.58,115238.24,4467.66,442,1.73,3.9,False
744023,firm_1,62,234.65,25.4,66,0,753,5671795.46,244040.11,247086.45,3046.34,1053,1.78,4.0,False
744023,firm_1,63,258.12,26.67,67,62,764,5846972.69,177764.12,181200.24,3436.12,702,1.83,4.1,False
744023,firm_1,64,283.93,28.0,68,718,775,5871498.11,27029.42,33787.67,6758.25,119,1.83,4.2,False
744023,firm_1,65,255.54,29.4,69,220,786,6192433.19,323763.68,328113.36,4349.68,1284,1.88,4.3,False
744023,firm_1,66,281.09,30.87,70,652,798,6285755.09,96282.8,102878.94,6596.14,366,1.93,4.4,False
744023,firm_1,67,252.98,32.41,71,180,809,6602401.54,319747.56,324067.38,4319.82,1281,1.98,4.5,False
744023,firm_1,68,278.28,34.03,72,1000,820,6590646.78,-8504.6,0.0,8504.6,0,2.03,4.6,False
744023,firm_1,69,250.45,35.73,71,632,809,6875928.88,288118.93,294779.65,6660.72,1177,2.08,4.7,False
744023,firm_1,70,225.4,32.16,72,0,820,7196507.56,323694.2,327280.8,3586.6,1452,2.13,4.8,False
744023,firm_1,71,247.94,33.77,73,355,831,7306054.76,112612.41,118019.44,5407.03,476,2.13,4.9,False
744023,firm_1,72,223.15,35.46,74,0,843,7566240.68,263609.96,267333.7,3723.74,1198,2.18,5.0,False
744023,firm_1,73,245.47,37.23,75,126,854,7736908.17,174259.74,178702.16,4442.42,728,2.23,5.1,False
744023,firm_1,74,270.02,39.09,76,571,865,7840031.78,106694.45,113408.4,6713.95,420,2.23,5.2,False
744023,firm_1,75,243.02,41.04,77,0,876,8183772.36,347700.66,351649.94,3949.28,1447,2.28,5.3,False
744023,firm_1,76,267.32,43.09,78,619,887,8244117.39,64506.05,71641.76,7135.71,268,2.33,5.4,False
744023,firm_1,77,240.59,45.24,79,0,899,8600821.43,361078.0,365215.62,4137.62,1518,2.38,5.5,False
744023,firm_1,78,264.65,47.5,80,625,910,8664290.38,68068.95,75425.25,7356.3,285,2.43,5.6,False
744023,firm_1,79,238.18,49.88,81,0,922,9023584.0,364133.9,368464.46,4330.56,1547,2.48,5.7,False
744023,firm_1,80,262.0,52.37,82,630,933,9090299.17,71809.51,79386.0,7576.49,303,2.53,5.8,False
744023,firm_1,81,235.8,54.99,83,0,944,9451560.68,366625.68,371149.2,4523.52,1574,2.58,5.9,False
744023,firm_1,82,259.38,57.74,84,341,955,9598843.19,152932.67,159259.32,6326.65,614,2.63,6.0,False
744023,firm_1,83,233.44,60.63,85,0,966,9893274.84,300385.2,305106.08,4720.88,1307,2.68,6.0,False
744023,firm_1,84,256.78,63.66,86,691,978,9952663.9,65463.82,73695.86,8232.04,287,2.68,6.0,False
744023,firm_1,85,231.1,66.84,87,0,992,10330097.96,384049.14,388941.3,4892.16,1683,2.73,6.0,False
744023,firm_1,86,254.21,70.18,88,753,1000,10377166.99,54044.87,62789.87,8745.0,247,2.78,6.0,False
744023,firm_1,87,228.79,73.69,89,0,1015,10769206.85,399398.27,404500.72,5102.45,1768,2.83,6.0,False
744023,firm_1,88,251.67,77.37,90,799,1026,10809370.76,47927.21,57129.09,9201.88,227,2.88,6.0,False
744023,firm_1,89,226.5,81.24,91,0,1037,11211719.51,410541.59,415854.0,5312.41,1836,2.93,6.0,False
744023,firm_1,90,249.15,85.3,92,777,1049,11261531.69,58459.78,67768.8,9309.02,272,2.98,6.0,False
744023,firm_1,91,224.24,89.56,93,0,1060,11658799.69,406397.08,411928.88,5531.8,1837,3.03,6.0,False
744023,firm_1,92,246.66,94.04,94,800,1072,11706605.69,57445.76,67091.52,9645.76,272,3.08,6.0,False
744023,firm_1,93,221.99,98.74,95,0,1083,12108676.77,412251.38,418007.17,5755.79,1883,3.13,6.0,False
744023,firm_1,94,244.19,103.68,96,916,1094,12130942.39,33018.9,43465.82,10446.92,178,3.18,6.0,False
744023,firm_1,95,219.77,108.86,97,45,1105,12547644.34,428061.37,434265.52,6204.15,1976,3.23,6.0,False
744023,firm_1,96,241.75,114.3,98,1045,1117,12552604.93,16961.99,28284.75,11322.76,117,3.28,6.0,False
744023,firm_1,97,217.58,120.02,99,181,1128,12966225.07,426302.12,433419.36,7117.24,1992,3.33,6.0,False
744023,firm_1,98,239.34,126.02,100,1223,1139,12963596.23,10773.16,23215.98,12442.82,97,3.38,6.0,False
744023,firm_1,99,215.41,132.32,101,399,1150,13366211.75,416779.84,425219.34,8439.5,1974,3.43,6.0,False
744023,firm_1,100,193.87,138.94,102,0,1162,13647303.18,296063.31,302631.07,6567.76,1561,3.48,6.0,False
744023,firm_1,101,213.26,145.89,103,736,1173,13714563.09,82886.58,93194.62,10308.04,437,3.48,6.0,False
744023,firm_1,102,191.93,153.18,104,0,1184,14059590.45,361758.08,368505.6,6747.52,1920,3.53,6.0,False
744023,firm_1,103,211.12,160.84,105,184,1195,14247816.22,205713.97,213442.32,7728.35,1011,3.53,6.0,False
744023,firm_1,104,232.23,168.88,106,468,1206,14434221.82,204906.88,214116.06,9209.18,922,3.53,6.0,False
744023,firm_1,105,209.01,177.32,107,0,1219,14760046.43,345597.85,352599.87,7002.02,1687,3.58,6.0,False
744023,firm_1,106,229.91,186.19,108,656,1231,14861187.18,121849.27,132198.25,10348.98,575,3.58,6.0,False
744023,firm_1,107,206.92,195.5,109,0,1242,15224619.38,385541.7,392734.16,7192.46,1898,3.63,6.0,False
744023,firm_1,108,227.61,205.28,110,606,1253,15338417.86,136979.28,147263.67,10284.39,647,3.63,6.0,False
744023,firm_1,109,204.85,215.54,111,405,1264,15604393.65,290700.73,300105.25,9404.52,1465,3.68,6.0,False
744023,firm_1,110,184.36,226.32,112,85,1275,15864369.26,286123.45,294054.2,7930.75,1595,3.73,6.0,False
744023,firm_1,111,202.8,237.64,113,157,1286,16074761.36,237845.42,246199.2,8353.78,1214,3.73,6.0,False
744023,firm_1,112,223.08,249.52,114,160,1297,16325949.79,280233.71,288665.52,8431.81,1294,3.73,6.0,False
744023,firm_1,113,245.39,262.0,115,867,1309,16430909.0,135689.21,147724.78,12035.57,602,3.73,6.0,False
744023,firm_1,114,220.85,275.1,114,717,1297,16707535.89,308288.29,319569.95,11281.66,1447,3.78,6.0,False
744023,firm_1,115,198.76,288.86,115,528,1315,16961945.58,288428.59,298935.04,10506.45,1504,3.83,6.0,False
744023,firm_1,116,178.88,303.3,116,87,1326,17233611.86,307649.08,316080.96,8431.88,1767,3.88,6.0,False
744023,firm_1,117,196.77,318.47,117,447,1337,17377698.6,181947.73,192244.29,10296.56,977,3.88,6.0,False
744023,firm_1,118,177.09,334.39,118,190,1348,17612526.39,275085.81,284229.45,9143.64,1605,3.93,6.0,False
744023,firm_1,119,194.8,351.11,119,64,1359,17850843.43,280699.13,289278.0,8578.87,1485,3.93,6.0,False
744023,firm_1,120,214.28,368.67,120,536,1371,17987630.72,181627.69,192637.72,11010.03,899,3.93,6.0,False
744023,firm_1,121,192.85,387.1,121,403,1382,18221680.01,281688.39,292167.75,10479.36,1515,3.98,6.0,False
744023,firm_1,122,173.56,406.46,122,109,1393,18454942.82,283650.93,292795.72,9144.79,1687,4.03,6.0,False
744023,firm_1,123,190.92,426.78,123,291,1404,18625032.0,223183.12,233304.24,10121.12,1222,4.03,6.0,False
744023,firm_1,124,210.01,448.12,124,639,1415,18781018.34,212153.22,224080.67,11927.45,1067,4.03,6.0,False
744023,firm_1,125,189.01,470.53,125,0,1427,19103020.59,381618.5,390494.66,8876.16,2066,4.08,6.0,False
744023,firm_1,126,207.91,494.06,126,556,1438,19211822.61,171653.58,183376.62,11723.04,882,4.08,6.0,False
744023,firm_1,127,187.12,500.0,127,0,1474,19518140.59,370617.98,379853.6,9235.62,2030,4.13,6.0,False
744023,firm_1,128,205.83,500.0,128,623,1485,19618548.0,165007.41,177425.46,12418.05,862,4.13,6.0,False
744023,firm_1,129,185.25,500.0,129,0,1497,19936526.54,383278.54,392730.0,9451.46,2120,4.18,6.0,False
744023,firm_1,130,203.78,500.0,130,694,1508,20023814.02,152887.48,165876.92,12989.44,814,4.18,6.0,False
744023,firm_1,131,183.4,500.0,131,0,1520,20353892.02,396378.0,406047.6,9669.6,2214,4.23,6.0,False
744023,firm_1,132,201.74,500.0,132,794,1531,20422266.27,134974.25,148682.38,13708.13,737,4.23,6.0,False
744023,firm_1,133,181.57,500.0,133,59,1543,20758397.69,403431.42,413616.46,10185.04,2278,4.28,6.0,False
744023,firm_1,134,199.73,500.0,134,1160,1554,20765516.26,74718.57,90477.69,15759.12,453,4.28,6.0,False
744023,firm_1,135,179.76,500.0,133,354,1543,21109235.31,410519.05,422256.24,11737.19,2349,4.33,6.0,False
744023,firm_1,136,161.78,500.0,134,0,1554,21339997.03,298561.72,308676.24,10114.52,1908,4.38,6.0,False
744023,firm_1,137,177.96,500.0,135,598,1566,21430981.23,159084.2,172265.28,13181.08,968,4.38,6.0,False
744023,firm_1,138,160.16,500.0,136,0,1577,21700189.12,338007.89,348348.0,10340.11,2175,4.43,6.0,False
744023,firm_1,139,176.18,500.0,137,295,1589,21847173.77,216084.65,227976.92,11892.27,1294,4.43,6.0,False
744023,firm_1,140,158.56,500.0,138,0,1600,22067556.97,289983.2,300471.2,10488.0,1895,4.43,6.0,False
744023,firm_1,141,174.42,500.0,139,0,1612,22268056.85,270599.88,281165.04,10565.16,1612,4.43,6.0,False
744023,firm_1,142,191.86,500.0,140,550,1623,22389936.74,192479.89,205865.78,13385.89,1073,4.43,6.0,False
744023,firm_1,143,172.67,500.0,141,0,1635,22685125.89,366489.15,377283.95,10794.8,2185,4.48,6.0,False
744023,firm_1,144,189.94,500.0,142,741,1646,22770850.51,157324.62,171895.7,14571.08,905,4.48,6.0,False
744023,firm_1,145,170.95,500.0,143,0,1657,23097468.4,398917.89,409938.1,11020.21,2398,4.53,6.0,False
744023,firm_1,146,188.04,500.0,144,867,1669,23160242.91,135374.51,150808.08,15433.57,802,4.53,6.0,False
744023,firm_1,147,169.24,500.0,145,0,1680,23506742.79,419799.88,431054.28,11254.4,2547,4.58,6.0,False
744023,firm_1,148,186.16,500.0,146,1104,1692,23525751.51,92608.72,109462.08,16853.36,588,4.58,6.0,False
744023,firm_1,149,167.54,500.0,145,19,1680,23904766.21,451814.7,463248.1,11433.4,2765,4.63,6.0,False
744023,firm_1,150,184.29,500.0,146,811,1692,23981554.25,150388.04,165861.0,15472.96,900,4.63,6.0,False
744023,firm_1,151,165.86,500.0,147,0,1703,24312650.25,405396.0,416972.04,11576.04,2514,4.68,6.0,False
744023,firm_1,152,182.45,500.0,148,1254,1715,24304233.5,66183.25,84109.45,17926.2,461,4.68,6.0,False
744023,firm_1,153,164.2,500.0,147,378,1703,24640354.11,409920.61,423471.8,13551.19,2579,4.73,6.0,False
744023,firm_1,154,147.78,500.0,148,0,1715,24863029.95,297475.84,309303.54,11827.7,2093,4.78,6.0,False
744023,firm_1,155,162.56,500.0,149,441,1726,24982712.27,194782.32,208889.6,14107.28,1285,4.78,6.0,False
744023,firm_1,156,146.3,500.0,150,0,1738,25213629.43,306717.16,318787.7,12070.54,2179,4.83,6.0,False
744023,firm_1,157,160.93,500.0,151,0,1749,25406850.33,269320.9,281466.57,12145.67,1749,4.83,6.0,False
744023,firm_1,158,177.02,500.0,152,435,1761,25550576.22,220325.89,234728.52,14402.63,1326,4.83,6.0,False
744023,firm_1,159,159.32,500.0,153,0,1772,25812504.1,339227.88,351619.24,12391.36,2207,4.88,6.0,False
744023,firm_1,160,175.25,500.0,154,807,1784,25889614.43,154710.33,171219.25,16508.92,977,4.88,6.0,False
744023,firm_1,161,157.72,500.0,153,127,1772,26186428.91,373614.48,386729.44,13114.96,2452,4.93,6.0,False
744023,firm_1,162,173.49,500.0,154,1147,1784,26223077.15,114248.24,132546.36,18298.12,764,4.93,6.0,False
744023,firm_1,163,156.14,500.0,153,440,1772,26518579.65,372302.5,387071.06,14768.56,2479,4.98,6.0,False
744023,firm_1,164,140.53,500.0,154,0,1784,26740576.85,299797.2,312538.72,12741.52,2224,5.03,6.0,False
744023,firm_1,165,154.58,500.0,155,765,1795,26805050.4,142573.55,159217.4,16643.85,1030,5.03,6.0,False
744023,firm_1,166,139.12,500.0,156,0,1806,27070941.44,344691.04,357677.52,12986.48,2571,5.08,6.0,False
744023,firm_1,167,146.08,500.0,157,0,1818,27244343.44,252502.0,265573.44,13071.44,1818,5.08,6.0,False
744023,firm_1,168,160.69,500.0,158,0,1829,27445496.13,280752.69,293902.01,13149.32,1829,5.08,6.0,False
744023,firm_1,169,176.76,500.0,159,745,1841,27542165.81,176769.68,193728.96,16959.28,1096,5.08,6.0,False
744023,firm_1,170,159.08,500.0,160,952,1852,27704887.65,243521.84,261686.6,18164.76,1645,5.13,6.0,False
744023,firm_1,171,143.17,500.0,159,277,1841,27970499.99,345412.34,360215.72,14803.38,2516,5.18,6.0,False
744023,firm_1,172,157.49,500.0,160,711,1852,28096168.45,206268.46,223320.82,17052.36,1418,5.18,6.0,False
744023,firm_1,173,141.74,500.0,161,0,1864,28366172.23,351303.78,364980.5,13676.72,2575,5.23,6.0,False
744023,firm_1,174,155.91,500.0,162,183,1875,28533700.7,249128.47,263799.72,14671.25,1692,5.23,6.0,False
744023,firm_1,175,171.5,500.0,163,708,1887,28667800.69,216199.99,233583.0,17383.01,1362,5.23,6.0,False
744023,firm_1,176,154.35,500.0,162,0,1875,28971336.74,384836.05,398686.05,13850.0,2583,5.28,6.0,False
744023,firm_1,177,169.78,500.0,163,1546,1887,28925464.36,36227.62,57894.98,21667.36,341,5.28,6.0,False
744023,firm_1,178,152.8,500.0,162,974,1875,29199252.21,355087.85,373901.6,18813.75,2447,5.33,6.0,False
744023,firm_1,179,137.52,450.0,163,0,1846,29499085.13,373982.92,387806.4,13823.48,2820,5.38,6.0,False
744023,firm_1,180,151.27,472.5,164,800,1858,29563126.75,142131.62,160043.66,17912.04,1058,5.38,6.0,False
744023,firm_1,181,136.14,496.12,163,0,1846,29828269.85,346310.66,360226.44,13915.78,2646,5.43,6.0,False
744023,firm_1,182,149.75,500.0,164,651,1898,29914850.96,169181.11,186738.25,17557.14,1247,5.43,6.0,False
744023,firm_1,183,134.78,500.0,165,0,1910,30162235.74,330684.78,345171.58,14486.8,2561,5.48,6.0,False
744023,firm_1,184,148.26,500.0,166,54,1921,30340598.08,261962.34,276801.42,14839.08,1867,5.48,6.0,False
744023,firm_1,185,163.09,500.0,167,975,1933,30402011.32,145513.24,165047.08,19533.84,1012,5.48,6.0,False
744023,firm_1,186,146.78,500.0,168,0,1944,30730823.82,413612.5,428450.82,14838.32,2919,5.53,6.0,False
744023,firm_1,187,154.12,500.0,169,1058,1955,30763758.31,118034.49,138245.64,20211.15,897,5.53,6.0,False
744023,firm_1,188,138.71,500.0,168,0,1944,31080930.21,401471.9,416407.42,14935.52,3002,5.58,6.0,False
744023,firm_1,189,152.58,500.0,169,1310,1955,31072675.41,76845.2,98414.1,21568.9,645,5.58,6.0,False
744023,firm_1,190,137.32,500.0,168,0,1944,31420181.97,431806.56,446839.28,15032.72,3254,5.63,6.0,False
744023,firm_1,191,151.05,500.0,169,1267,1955,31417652.72,82470.75,103922.4,21451.65,688,5.63,5.9,False
744023,firm_1,192,135.95,500.0,168,0,1944,31754758.25,421405.53,436535.45,15129.92,3211,5.68,6.0,False
744023,firm_1,193,149.54,500.0,169,1342,1955,31739501.87,69743.62,91668.02,21924.4,613,5.68,5.9,False
744023,firm_1,194,134.59,500.0,168,0,1944,32082237.49,427035.62,442262.74,15227.12,3286,5.73,6.0,False
744023,firm_1,195,141.32,500.0,169,0,1955,32257808.19,260870.7,276280.6,15409.9,1955,5.78,6.0,False
744023,firm_1,196,155.45,500.0,170,1169,1967,32274909.03,102700.84,124049.1,21348.26,798,5.78,6.0,False
744023,firm_1,197,139.9,500.0,169,196,1955,32583248.58,393139.55,409627.2,16487.65,2928,5.83,6.0,False
744023,firm_1,198,125.91,450.0,170,0,1921,32757458.62,251310.04,266551.47,15241.43,2117,5.83,6.0,False
744023,firm_1,199,138.5,472.5,171,0,1932,32928315.56,252254.44,267582.0,15327.56,1932,5.83,6.0,False
744023,firm_1,200,152.35,496.12,172,1140,1944,32943750.8,101367.88,122489.4,21121.52,804,5.83,6.0,False
744023,firm_1,201,137.12,500.0,171,45,1978,33263308.92,405358.12,421369.76,16011.64,3073,5.88,6.0,False
744023,firm_1,202,150.83,500.0,172,1291,1990,33266590.24,89881.32,112217.52,22336.2,744,5.88,6.0,False
744023,firm_1,203,135.75,500.0,171,1099,1978,33453987.2,273196.96,294577.5,21380.54,2170,5.93,6.0,False
744023,firm_1,204,122.18,500.0,170,236,1967,33697379.94,328692.74,345769.4,17076.66,2830,5.98,6.0,False
744023,firm_1,205,134.4,500.0,169,449,1955,33828858.84,216078.9,234124.8,18045.9,1742,5.98,6.0,False
744023,firm_1,206,120.96,500.0,168,0,1944,34018264.12,273705.28,289457.28,15752.0,2393,6.0,6.0,False
744023,firm_1,207,133.06,500.0,169,0,1955,34177456.42,244292.3,260132.3,15840.0,1955,6.0,6.0,False
744023,firm_1,208,146.37,500.0,170,0,1967,34363830.21,271973.79,287909.79,15936.0,1967,6.0,6.0,False
744023,firm_1,209,161.01,500.0,171,1134,1978,34391928.65,114198.44,135892.44,21694.0,844,6.0,6.0,False
744023,firm_1,210,144.91,500.0,170,1529,1967,34510846.17,204217.52,227798.52,23581.0,1572,6.0,6.0,False
744023,firm_1,211,130.42,500.0,169,659,1955,34775347.67,349301.5,368436.5,19135.0,2825,6.0,6.0,False
744023,firm_1,212,117.38,500.0,170,0,1967,34981851.55,292303.88,308239.88,15936.0,2626,6.0,6.0,False
744023,firm_1,213,129.12,500.0,171,0,1978,35135126.91,239375.36,255399.36,16024.0,1978,6.0,6.0,False
744023,firm_1,214,142.03,500.0,172,289,1990,35272554.94,224028.03,241593.03,17565.0,1701,6.0,6.0,False
744023,firm_1,215,156.23,500.0,171,1384,1978,35301962.03,115007.09,137951.09,22944.0,883,6.0,6.0,False
744023,firm_1,216,140.61,500.0,170,1022,1967,35523096.72,306434.69,327480.69,21046.0,2329,6.0,6.0,False
744023,firm_1,217,126.55,500.0,169,0,1955,35799196.07,360899.35,376739.35,15840.0,2977,6.0,6.0,False
744023,firm_1,218,139.21,475.0,170,172,1920,35944765.15,226919.08,243339.08,16420.0,1748,6.0,6.0,False
744023,firm_1,219,153.13,498.75,171,1428,1931,35939453.65,80574.75,103362.75,22788.0,675,6.0,6.0,False
744023,firm_1,220,137.82,500.0,170,912,1967,36175864.71,321711.06,342207.06,20496.0,2483,6.0,6.0,False
744023,firm_1,221,124.04,500.0,169,0,1955,36430847.39,339782.68,355622.68,15840.0,2867,6.0,6.0,False
744023,firm_1,222,136.44,500.0,170,57,1967,36589626.79,244379.4,260600.4,16221.0,1910,6.0,6.0,False
744023,firm_1,223,150.08,500.0,171,1783,1978,36516407.95,12881.16,37820.16,24939.0,252,6.0,6.0,False
744023,firm_1,224,135.07,500.0,170,1393,1967,36726566.94,295458.99,318359.99,22901.0,2357,6.0,6.0,False
744023,firm_1,225,121.56,450.0,169,0,1907,37035908.94,385692.0,401148.0,15456.0,3300,6.0,6.0,False
744023,firm_1,226,133.72,472.5,170,0,1919,37196040.62,241056.68,256608.68,15552.0,1919,6.0,6.0,False
744023,firm_1,227,147.09,496.12,171,1677,1930,37123792.87,13188.77,37213.77,24025.0,253,6.0,6.0,False
744023,firm_1,228,132.38,500.0,170,1338,1967,37321135.15,282642.28,305268.28,22626.0,2306,6.0,6.0,False
744023,firm_1,229,119.14,450.0,169,0,1907,37615938.45,371153.3,386609.3,15456.0,3245,6.0,6.0,False
744023,firm_1,230,131.05,472.5,170,0,1919,37770946.4,235932.95,251484.95,15552.0,1919,6.0,6.0,False
744023,firm_1,231,144.16,496.12,171,997,1930,37799386.16,113876.28,134501.28,20625.0,933,6.0,6.0,False
744023,firm_1,232,129.74,500.0,170,0,1967,38082699.52,368613.36,384549.36,15936.0,2964,6.0,6.0,False
744023,firm_1,233,142.71,500.0,171,803,1978,38144244.77,147645.25,167684.25,20039.0,1175,6.0,6.0,False
744023,firm_1,234,128.44,500.0,170,0,1967,38398787.57,339842.8,355778.8,15936.0,2770,6.0,6.0,False
744023,firm_1,235,141.28,475.0,171,197,1929,38545042.53,228079.96,244696.96,16617.0,1732,6.0,6.0,False
744023,firm_1,236,155.41,498.75,172,1349,1940,38558655.61,99998.08,122463.08,22465.0,788,6.0,6.0,False
744023,firm_1,237,139.87,500.0,171,1256,1978,38740222.38,267366.77,289670.77,22304.0,2071,6.0,6.0,False
744023,firm_1,238,125.88,500.0,170,0,1967,39044697.62,389775.24,405711.24,15936.0,3223,6.0,6.0,False
744023,firm_1,239,138.47,500.0,171,0,1978,39216467.28,257869.66,273893.66,16024.0,1978,6.0,6.0,False
744023,firm_1,240,152.32,500.0,172,1489,1990,39182614.6,52747.32,76312.32,23565.0,501,6.0,6.0,False
744023,firm_1,241,137.09,500.0,171,881,1978,39430900.34,334085.74,354514.74,20429.0,2586,6.0,6.0,False
744023,firm_1,242,123.38,500.0,172,0,1990,39682204.32,338103.98,354223.98,16120.0,2871,6.0,6.0,False
744023,firm_1,243,135.72,475.0,173,0,1950,39848283.32,248854.0,264654.0,15800.0,1950,6.0,6.0,False
744023,firm_1,244,149.29,498.75,174,1392,1961,39822998.83,62098.01,84946.01,22848.0,569,6.0,6.0,False
744023,firm_1,245,134.36,500.0,173,164,2001,40153019.27,416820.44,433848.44,17028.0,3229,6.0,6.0,False
744023,firm_1,246,141.08,450.0,174,0,1961,40357826.27,283907.0,299795.0,15888.0,2125,6.0,6.0,False
744023,firm_1,247,155.19,472.5,175,1972,1972,40248702.77,-25836.0,0.0,25836.0,0,6.0,6.0,False
744023,firm_1,248,139.67,496.12,174,1092,1961,40537532.36,375454.47,396802.47,21348.0,2841,6.0,6.0,False
744023,firm_1,249,125.7,446.51,173,0,1949,40826447.83,366461.7,382253.7,15792.0,3041,6.0,6.0,False
744023,firm_1,250,138.27,468.84,174,1161,1960,40833062.4,88792.73,110477.73,21685.0,799,6.0,6.0,False
744023,firm_1,251,124.44,492.28,173,0,1949,41118814.36,371216.4,387008.4,15792.0,3110,6.0,6.0,False
744023,firm_1,252,136.88,443.05,174,930,1960,41161680.06,120456.4,140986.4,20530.0,1030,6.0,5.9,False
744023,firm_1,253,123.19,465.2,173,0,1949,41419772.47,338872.01,354664.01,15792.0,2879,6.0,6.0,False
744023,firm_1,254,135.51,418.68,174,0,1959,41595914.24,249592.09,265464.09,15872.0,1959,6.0,6.0,False
744023,firm_1,255,149.06,439.61,175,1672,1971,41538623.43,20240.94,44568.94,24328.0,299,6.0,6.0,False
744023,firm_1,256,134.15,461.59,174,0,1960,41929359.57,471352.8,487232.8,15880.0,3632,6.0,6.0,False
744023,firm_1,257,140.86,415.43,175,542,1971,42038570.26,182610.94,201288.94,18678.0,1429,6.0,5.9,False
744023,firm_1,258,126.77,436.2,176,0,1982,42264910.54,303911.48,319967.48,16056.0,2524,6.0,6.0,False
744023,firm_1,259,139.45,458.01,177,1653,1993,42206246.77,23004.0,47413.0,24409.0,340,6.0,6.0,False
744023,firm_1,260,125.5,480.91,176,0,1981,42561325.61,440019.0,456067.0,16048.0,3634,6.0,6.0,False
744023,firm_1,261,138.05,432.82,177,1992,1992,42457920.47,-26096.0,0.0,26096.0,0,6.0,5.9,False
744023,firm_1,262,124.25,454.46,176,2637,1981,42514400.51,136765.0,165998.0,29233.0,1336,6.0,6.0,False
744023,firm_1,263,111.82,409.01,175,357,1970,42900013.76,457490.0,475235.0,17745.0,4250,6.0,6.0,False
744023,firm_1,264,106.23,429.46,176,0,1981,43056146.54,232317.74,248365.74,16048.0,2338,6.0,6.0,False
744023,firm_1,265,116.85,407.99,177,0,1992,43199961.51,216629.2,232765.2,16136.0,1992,6.0,6.0,False
744023,firm_1,266,128.54,428.39,178,106,2003,43350194.47,227086.38,243840.38,16754.0,1897,6.0,6.0,False
744023,firm_1,267,141.39,406.97,179,1021,2014,43410717.45,133970.61,155387.61,21417.0,1099,6.0,6.0,False
744023,firm_1,268,127.25,427.32,178,0,2002,43702815.24,368460.75,384676.75,16216.0,3023,6.0,6.0,False
744023,firm_1,269,133.61,384.59,179,0,2013,43885826.56,252652.93,268956.93,16304.0,2013,6.0,6.0,False
744023,firm_1,270,146.97,365.36,180,1533,2025,43867706.0,48244.24,72309.24,24065.0,492,6.0,6.0,False
744023,firm_1,271,132.27,383.63,179,1050,2013,44107328.15,308591.92,330145.92,21554.0,2496,6.0,6.0,False
744023,firm_1,272,119.04,345.27,178,0,2002,44392664.17,347094.08,363310.08,16216.0,3052,6.0,6.0,False
744023,firm_1,273,130.94,328.01,179,1878,2013,44325333.28,-8017.1,17676.9,25694.0,135,6.0,6.0,False
744023,firm_1,274,117.85,344.41,178,0,2002,44704770.3,441042.0,457258.0,16216.0,3880,6.0,6.0,False
744023,firm_1,275,129.64,309.97,179,1745,2013,44658300.19,9714.52,34743.52,25029.0,268,6.0,5.9,False
744023,firm_1,276,116.68,325.47,178,0,2002,45021050.49,420983.96,437199.96,16216.0,3747,6.0,6.0,False
744023,firm_1,277,122.51,292.92,179,2013,2013,44941548.81,-26369.0,0.0,26369.0,0,6.0,5.9,False
744023,firm_1,278,110.26,307.57,178,1941,2002,45089259.59,202758.24,228679.24,25921.0,2074,6.0,6.0,False
744023,firm_1,279,99.23,276.81,177,0,1991,45414008.58,374044.36,390172.36,16128.0,3932,6.0,6.0,False
744023,firm_1,280,109.15,262.97,178,0,2001,45568701.07,202201.15,218409.15,16208.0,2001,6.0,5.9,False
744023,firm_1,281,120.07,249.82,179,0,2013,45748780.2,225396.91,241700.91,16304.0,2013,6.0,6.0,False
744023,firm_1,282,132.08,237.33,180,585,2024,45876206.92,170746.12,190063.12,19317.0,1439,6.0,6.0,False
744023,firm_1,283,118.87,249.2,179,0,2012,46123709.51,292409.39,308705.39,16296.0,2597,6.0,6.0,False
744023,firm_1,284,130.76,261.66,180,1861,2023,46071304.83,-4505.88,21183.12,25689.0,162,6.0,6.0,False
744023,firm_1,285,117.68,274.74,179,461,2012,46404749.53,382923.16,401524.16,18601.0,3412,6.0,6.0,False
744023,firm_1,286,105.91,288.48,180,0,2023,46598719.57,246696.44,263080.44,16384.0,2484,6.0,6.0,False
744023,firm_1,287,116.5,274.06,181,1029,2034,46643980.21,95465.5,117082.5,21617.0,1005,6.0,6.0,False
744023,firm_1,288,104.85,287.76,180,0,2023,46895501.61,303618.2,320002.2,16384.0,3052,6.0,6.0,False
744023,firm_1,289,110.09,302.15,179,0,2011,47046319.75,205102.99,221390.99,16288.0,2011,6.0,5.9,False
744023,firm_1,290,121.1,287.04,180,367,2022,47176262.05,182209.5,200420.5,18211.0,1655,6.0,6.0,False
744023,firm_1,291,108.99,301.39,179,0,2011,47365103.46,242890.22,259178.22,16288.0,2378,6.0,6.0,False
744023,firm_1,292,114.44,316.46,180,0,2022,47522662.34,215021.68,231397.68,16376.0,2022,6.0,5.9,False
744023,firm_1,293,125.88,300.64,181,0,2033,47707096.54,239450.04,255914.04,16464.0,2033,6.0,6.0,False
744023,firm_1,294,132.17,285.61,181,1845,2033,47654460.09,-841.04,24847.96,25689.0,188,6.0,6.0,False
744023,firm_1,295,118.95,299.89,180,0,2022,48043783.54,443603.65,459979.65,16376.0,3867,6.0,6.0,False
744023,firm_1,296,130.85,269.9,179,1128,2011,48088783.99,93612.55,115540.55,21928.0,883,6.0,6.0,False
744023,firm_1,297,117.76,283.4,178,0,1999,48390082.31,352043.52,368235.52,16192.0,3127,6.0,6.0,False
744023,firm_1,298,129.54,255.06,179,1870,2010,48336232.17,-7494.4,18135.6,25630.0,140,6.0,5.9,False
744023,firm_1,299,116.59,267.81,178,313,1999,48685099.03,396837.04,414594.04,17757.0,3556,6.0,6.0,False
744023,firm_1,300,104.93,281.2,179,0,2010,48861536.62,227472.39,243752.39,16280.0,2323,6.0,5.9,False
744023,firm_1,301,115.42,267.14,180,1869,2021,48804682.26,-8169.16,17543.84,25713.0,152,6.0,6.0,False
744023,firm_1,302,103.88,280.5,179,0,2010,49140843.28,386670.52,402950.52,16280.0,3879,6.0,6.0,False
744023,firm_1,303,109.07,252.45,180,307,2020,49263644.19,168941.91,186836.91,17895.0,1713,6.0,5.9,False
744023,firm_1,304,109.07,265.07,179,567,2009,49387753.09,171656.43,190763.43,19107.0,1749,6.0,6.0,False
744023,firm_1,305,98.16,278.32,178,0,1998,49573608.53,235596.4,251780.4,16184.0,2565,6.0,6.0,False
744023,firm_1,306,103.07,292.24,179,0,2009,49711493.2,190795.63,207067.63,16272.0,2009,6.0,6.0,False
744023,firm_1,307,113.38,277.63,180,0,2020,49873587.4,212667.6,229027.6,16360.0,2020,6.0,6.0,False
744023,firm_1,308,102.04,291.51,179,0,2009,50010133.47,188726.36,204998.36,16272.0,2009,6.0,5.9,False
744023,firm_1,309,112.24,306.09,180,0,2020,50164902.07,210364.8,226724.8,16360.0,2020,6.0,5.8,False
744023,firm_1,310,123.46,290.79,181,891,2031,50231510.48,119841.4,140744.4,20903.0,1140,6.0,5.9,False
744023,firm_1,311,111.11,305.33,180,0,2020,50483332.29,307081.21,323441.21,16360.0,2911,6.0,6.0,False
744023,firm_1,312,116.67,274.8,181,2031,2031,50406290.49,-26603.0,0.0,26603.0,0,6.0,5.9,False
744023,firm_1,313,105.0,288.54,180,1835,2020,50561198.29,207145.0,232680.0,25535.0,2216,6.0,6.0,False
744023,firm_1,314,94.5,259.69,179,0,2009,50861399.78,346986.0,363258.0,16272.0,3844,6.0,6.0,False
744023,firm_1,315,103.95,272.67,180,2020,2020,50785059.18,-26460.0,0.0,26460.0,0,6.0,6.0,False
744023,firm_1,316,93.56,286.3,179,1128,2009,50983017.04,249505.56,271417.56,21912.0,2901,6.0,6.0,False
744023,firm_1,317,84.2,257.67,178,0,1997,51183800.78,246949.0,263125.0,16176.0,3125,6.0,6.0,False
744023,firm_1,318,92.62,244.79,179,0,2008,51309100.33,169716.96,185980.96,16264.0,2008,6.0,6.0,False
744023,firm_1,319,101.88,232.55,180,0,2019,51456085.05,189343.72,205695.72,16352.0,2019,6.0,6.0,False
744023,firm_1,320,112.07,220.92,179,256,2008,51595243.01,178802.64,196346.64,17544.0,1752,6.0,6.0,False
744023,firm_1,321,123.28,231.97,178,1501,1997,51622877.91,69025.56,92706.56,23681.0,752,6.0,6.0,False
744023,firm_1,322,110.95,243.57,177,650,1985,51874790.22,295324.2,314654.2,19330.0,2836,6.0,6.0,False
744023,firm_1,323,99.86,255.75,178,0,1996,52076528.28,248061.56,264229.56,16168.0,2646,6.0,6.0,False
744023,firm_1,324,109.85,242.96,179,504,2008,52178868.84,146430.4,165214.4,18784.0,1504,6.0,6.0,False
744023,firm_1,325,98.86,255.11,178,0,1997,52364332.12,231072.86,247248.86,16176.0,2501,6.0,5.9,False
744023,firm_1,326,108.75,229.6,178,1996,1996,52297315.32,-26148.0,0.0,26148.0,0,6.0,5.8,False
744023,firm_1,327,97.88,241.08,177,2115,1985,52410333.24,155989.08,182644.08,26655.0,1866,6.0,5.9,False
744023,firm_1,328,88.09,216.97,176,0,1974,52716054.53,344208.01,360200.01,15992.0,4089,6.0,6.0,False
744023,firm_1,329,96.9,195.27,176,0,1974,52856675.61,175288.6,191280.6,15992.0,1974,6.0,6.0,False
744023,firm_1,330,106.59,185.51,177,456,1985,52967856.45,144616.11,162976.11,18360.0,1529,6.0,6.0,False
744023,firm_1,331,101.26,204.06,176,331,1974,53126839.63,194897.74,212544.74,17647.0,2099,6.0,6.0,False
744023,firm_1,332,106.32,214.26,175,0,1963,53317238.21,227994.08,243898.08,15904.0,2294,6.0,6.0,False
744023,firm_1,333,116.95,203.55,176,1796,1974,53276658.51,-4154.9,20817.1,24972.0,178,6.0,6.0,False
744023,firm_1,334,105.26,213.73,175,0,1963,53618824.1,379768.34,395672.34,15904.0,3759,6.0,6.0,False
744023,firm_1,335,115.79,192.36,176,1907,1974,53566499.67,-17769.07,7757.93,25527.0,67,6.0,5.9,False
744023,firm_1,336,104.21,201.98,175,2430,1962,53652765.36,121912.19,149958.19,28046.0,1439,6.0,6.0,False
744023,firm_1,337,93.79,222.18,174,0,1951,54008892.03,395085.99,410893.99,15808.0,4381,6.0,6.0,False
744023,firm_1,338,98.48,199.96,174,0,1951,54150225.47,176326.48,192134.48,15808.0,1951,6.0,5.9,False
744023,firm_1,339,108.33,189.96,175,1427,1962,54151308.02,34925.55,57956.55,23031.0,535,6.0,6.0,False
744023,firm_1,340,97.5,199.46,174,634,1951,54364863.98,248562.0,267540.0,18978.0,2744,6.0,6.0,False
744023,firm_1,341,87.75,209.43,175,0,1962,54539316.73,211903.0,227799.0,15896.0,2596,6.0,6.0,False
744023,firm_1,342,96.52,198.96,176,1346,1973,54541503.81,37804.04,60518.04,22714.0,627,6.0,6.0,False
744023,firm_1,343,86.87,208.91,175,0,1962,54776114.52,271469.96,287365.96,15896.0,3308,6.0,6.0,False
744023,firm_1,344,91.21,188.02,176,0,1973,54906496.33,163973.33,179957.33,15984.0,1973,6.0,5.9,False
744023,firm_1,345,100.33,178.62,177,407,1984,55014494.0,140113.41,158220.41,18107.0,1577,6.0,5.8,False
744023,firm_1,346,110.36,187.55,178,946,1995,55120404.26,139794.16,160684.16,20890.0,1456,6.0,5.7,False
744023,firm_1,347,99.32,196.93,177,0,1984,55360183.25,274935.6,291007.6,16072.0,2930,6.0,5.8,False
744023,firm_1,348,109.25,187.08,178,1981,1995,55301847.51,-24535.5,1529.5,26065.0,14,6.0,5.7,False
744023,firm_1,349,98.32,196.43,177,0,1984,55640646.2,373766.8,389838.8,16072.0,3965,6.0,5.7,False
744023,firm_1,350,103.24,176.79,178,1152,1995,55673588.9,65111.32,87031.32,21920.0,843,6.0,5.6,False
744023,firm_1,351,92.92,185.63,177,0,1984,55915757.51,275325.12,291397.12,16072.0,3136,6.0,5.7,False
744023,firm_1,352,83.63,176.35,178,0,1994,56034273.43,150606.22,166758.22,16152.0,1994,6.0,5.6,False
744023,firm_1,353,91.99,167.53,179,1200,2005,56055497.51,51811.95,74051.95,22240.0,805,6.0,5.7,False
744023,firm_1,354,82.79,175.91,178,0,1994,56272164.79,248279.26,264431.26,16152.0,3194,6.0,5.8,False
744023,firm_1,355,86.93,158.32,179,0,2005,56401180.16,158054.65,174294.65,16240.0,2005,6.0,5.7,False
744023,firm_1,356,95.62,166.24,180,1325,2017,56413965.0,43208.04,66169.04,22961.0,692,6.0,5.7,False
744023,firm_1,357,86.06,174.55,179,0,2005,56652760.35,270339.8,286579.8,16240.0,3330,6.0,5.8,False
744023,firm_1,358,94.67,157.1,180,134,2016,56785153.29,161170.94,178168.94,16998.0,1882,6.0,5.7,False
744023,firm_1,359,104.14,141.39,181,345,2027,56929938.94,170977.24,189118.24,18141.0,1816,6.0,5.8,False
744023,firm_1,360,114.55,148.46,180,1644,2016,56960800.49,57584.35,82132.35,24548.0,717,6.0,5.7,False
744023,firm_1,361,103.1,155.88,179,1568,2005,57123069.07,190471.1,214551.1,24080.0,2081,6.0,5.8,False
744023,firm_1,362,92.79,140.29,178,0,1993,57412078.64,314281.19,330425.19,16144.0,3561,6.0,5.9,False
744023,firm_1,363,102.07,126.26,179,1522,2005,57414427.91,25449.81,49299.81,23850.0,483,6.0,5.8,False
744023,firm_1,364,91.86,132.57,178,1043,1994,57596433.23,205802.78,227169.78,21367.0,2473,6.0,5.7,False
744023,firm_1,365,82.67,119.31,177,0,1983,57809110.78,234095.42,250159.42,16064.0,3026,6.0,5.8,False
744023,firm_2,1,56.51,18.34,18,0,206,97177.07,10950.78,11641.06,690.28,206,0.38,0.33,False
744023,firm_2,2,62.16,19.26,18,0,206,108734.77,12104.38,12804.96,700.58,206,0.43,0.23,False
744023,firm_2,3,62.16,18.3,19,0,217,120437.63,12750.56,13488.72,738.16,217,0.48,0.13,False
744023,firm_2,4,68.38,17.39,20,0,229,134480.93,14891.1,15659.02,767.92,229,0.48,0.1,False
744023,firm_2,5,75.22,16.52,21,0,240,150679.61,17245.6,18052.8,807.2,240,0.53,0.1,False
744023,firm_2,6,82.74,15.69,22,0,251,169554.59,19920.16,20767.74,847.58,251,0.58,0.1,False
744023,firm_2,7,91.01,14.12,23,0,262,191485.39,22955.56,23844.62,889.06,262,0.63,0.1,False
744023,firm_2,8,100.11,13.41,23,0,262,216303.62,25326.66,26228.82,902.16,262,0.68,0.1,False
744023,firm_2,9,110.12,14.08,24,0,274,244390.56,29224.86,30172.88,948.02,274,0.73,0.2,False
744023,firm_2,10,121.13,13.38,24,0,273,275978.99,32109.55,33068.49,958.94,273,0.78,0.1,False
744023,firm_2,11,133.24,12.71,25,0,285,311928.09,36966.85,37973.4,1006.55,285,0.83,0.1,False
744023,firm_2,12,146.56,12.07,26,0,296,353243.55,42329.28,43381.76,1052.48,296,0.88,0.1,False
744023,firm_2,13,146.56,11.47,27,0,307,396128.27,43894.41,44993.92,1099.51,307,0.93,0.1,False
744023,firm_2,14,153.89,10.9,28,0,318,442912.45,47789.38,48937.02,1147.64,318,0.98,0.1,False
744023,firm_2,15,138.5,10.36,29,0,330,486633.61,44521.6,45705.0,1183.4,330,0.98,0.1,False
744023,firm_2,16,152.35,10.0,30,0,341,536251.73,50718.12,51951.35,1233.23,341,1.03,0.2,False
744023,firm_2,17,167.58,10.0,31,0,352,592945.73,57704.0,58988.16,1284.16,352,1.08,0.1,False
744023,firm_2,18,184.34,10.0,32,0,363,657504.96,65579.23,66915.42,1336.19,363,1.13,0.1,False
744023,firm_2,19,184.34,10.0,33,0,374,724028.8,67553.84,68943.16,1389.32,374,1.18,0.1,False
744023,firm_2,20,202.77,10.0,32,0,362,795542.28,72033.48,73402.74,1369.26,362,1.23,0.1,False
744023,firm_2,21,223.05,10.0,33,0,374,876506.26,81993.98,83420.7,1426.72,374,1.28,0.1,False
744023,firm_2,22,245.36,10.0,34,0,385,968447.81,92981.55,94463.6,1482.05,385,1.33,0.1,False
744023,firm_2,23,269.9,10.0,35,0,396,1072739.73,105341.92,106880.4,1538.48,396,1.38,0.1,False
744023,firm_2,24,296.89,10.0,36,0,408,1191211.41,119531.68,121131.12,1599.44,408,1.43,0.1,False
744023,firm_2,25,326.58,10.0,37,357,419,1206946.25,16804.84,20247.96,3443.12,62,1.48,0.1,False
744023,firm_2,26,293.92,10.5,38,686,430,1230385.27,24538.02,29685.92,5147.9,101,1.53,0.1,False
744023,firm_2,27,264.53,11.02,39,1052,441,1242056.46,12800.97,19839.75,7038.78,75,1.58,0.1,False
744023,firm_2,28,238.08,11.57,40,1165,452,1313937.02,73043.36,80709.12,7665.76,339,1.63,0.1,False
744023,firm_2,29,214.27,12.15,41,895,463,1463419.94,150681.07,157059.91,6378.84,733,1.68,0.1,False
744023,firm_2,30,192.84,12.76,42,37,474,1716893.88,254709.86,256862.88,2153.02,1332,1.73,0.1,False
744023,firm_2,31,212.12,12.12,43,326,486,1753793.28,38120.56,41787.64,3667.08,197,1.78,0.1,False
744023,firm_2,32,190.91,10.91,44,609,497,1788319.47,35706.23,40854.74,5148.51,214,1.83,0.1,False
744023,firm_2,33,171.82,11.46,45,409,508,1904536.29,117432.52,121648.56,4216.04,708,1.88,0.1,False
744023,firm_2,34,154.64,12.03,46,0,521,2044850.58,141567.67,143815.2,2247.53,930,1.93,0.1,False
744023,firm_2,35,170.1,11.43,47,0,533,2131955.33,88341.96,90663.3,2321.34,533,1.98,0.1,False
744023,firm_2,36,187.11,10.86,48,0,544,2230129.57,99395.52,101787.84,2392.32,544,2.03,0.1,False
744023,firm_2,37,205.82,10.32,49,0,553,2340286.11,111362.22,113818.46,2456.24,553,2.08,0.1,False
744023,firm_2,38,226.4,10.0,50,0,565,2464468.66,125382.55,127916.0,2533.45,565,2.13,0.1,False
744023,firm_2,39,249.04,10.0,51,0,576,2604098.02,140839.36,143447.04,2607.68,576,2.18,0.1,False
744023,firm_2,40,273.94,10.0,52,0,587,2760997.79,158119.77,160802.78,2683.01,587,2.23,0.1,False
744023,firm_2,41,301.33,10.0,53,0,598,2937203.69,177435.9,180195.34,2759.44,598,2.28,0.1,False
744023,firm_2,42,331.46,10.0,54,511,609,2963054.8,27091.11,32483.08,5391.97,98,2.33,0.1,False
744023,firm_2,43,298.31,10.0,55,380,620,3181020.01,219215.21,224030.81,4815.6,751,2.38,0.1,False
744023,firm_2,44,268.48,10.5,56,0,631,3448169.96,268437.95,271433.28,2995.33,1011,2.43,0.1,False
744023,firm_2,45,295.33,10.0,57,271,642,3552036.23,105136.27,109567.43,4431.16,371,2.48,0.1,False
744023,firm_2,46,265.8,10.0,58,340,653,3701125.34,150369.11,155227.2,4858.09,584,2.53,0.1,False
744023,firm_2,47,239.22,10.5,59,0,663,3936506.96,236701.12,239937.66,3236.54,1003,2.58,0.1,False
744023,firm_2,48,263.14,10.0,60,675,675,3928506.71,-6700.25,0.0,6700.25,0,2.63,0.1,False
744023,firm_2,49,236.83,10.0,61,449,686,4137530.19,210333.48,215988.96,5655.48,912,2.68,0.1,False
744023,firm_2,50,213.15,10.5,62,0,697,4376952.28,240773.09,244269.9,3496.81,1146,2.73,0.1,False
744023,firm_2,51,234.47,10.0,63,384,708,4446086.32,70464.04,75968.28,5504.24,324,2.78,0.1,False
744023,firm_2,52,211.02,10.0,64,0,718,4673622.42,228876.1,232544.04,3667.94,1102,2.83,0.1,False
744023,firm_2,53,232.12,10.0,65,0,729,4837730.38,165457.96,169215.48,3757.52,729,2.88,0.1,False
744023,firm_2,54,255.33,10.0,66,0,740,5021466.38,185096.0,188944.2,3848.2,740,2.93,0.1,False
744023,firm_2,55,280.86,10.0,67,757,757,5012341.52,-7754.86,0.0,7754.86,0,2.98,0.1,False
744023,firm_2,56,252.77,10.0,68,720,768,5206778.33,195816.81,203479.85,7663.04,805,3.03,0.1,False
744023,firm_2,57,227.49,10.5,69,0,780,5542426.43,337072.6,341235.0,4162.4,1500,3.08,0.1,False
744023,firm_2,58,250.24,10.0,70,564,791,5590753.08,49726.65,56804.48,7077.83,227,3.13,0.1,False
744023,firm_2,59,225.22,10.0,71,629,802,5747830.86,158487.78,165987.14,7499.36,737,3.18,0.1,False
744023,firm_2,60,202.7,10.5,72,0,813,6034216.27,287841.41,292293.4,4451.99,1442,3.23,0.1,False
744023,firm_2,61,222.97,10.0,73,576,824,6080652.11,47865.84,55296.56,7430.72,248,3.28,0.1,False
744023,firm_2,62,200.67,10.0,74,114,835,6334260.55,255048.44,260268.99,5220.55,1297,3.33,0.1,False
744023,firm_2,63,220.74,10.0,75,578,846,6409491.75,76681.2,84322.68,7641.48,382,3.38,0.1,False
744023,firm_2,64,198.67,10.0,76,0,857,6688269.69,280237.94,285091.45,4853.51,1435,3.43,0.1,False
744023,firm_2,65,218.54,10.0,77,159,868,6835992.91,149193.22,154944.86,5751.64,709,3.48,0.1,False
744023,firm_2,66,240.39,10.0,78,839,879,6873094.65,38581.74,47837.61,9255.87,199,3.53,0.1,False
744023,firm_2,67,216.35,10.0,79,970,890,7025798.1,154193.45,164209.65,10016.2,759,3.58,0.1,False
744023,firm_2,68,194.72,10.5,80,0,901,7383306.59,359048.49,364321.12,5272.63,1871,3.63,0.1,False
744023,firm_2,69,214.19,10.0,81,826,912,7390706.77,8910.18,18420.34,9510.16,86,3.68,0.1,False
744023,firm_2,70,192.77,10.0,82,1272,924,7469476.31,80289.54,92144.06,11854.52,478,3.73,0.1,False
744023,firm_2,71,173.49,10.5,83,0,935,7845192.94,377288.13,382892.43,5604.3,2207,3.78,0.1,False
744023,firm_2,72,190.84,10.0,84,463,946,7927798.48,84145.54,92175.72,8030.18,483,3.83,0.1,False
744023,firm_2,73,171.76,10.0,85,0,957,8164320.52,238072.04,243899.2,5827.16,1420,3.88,0.1,False
744023,firm_2,74,188.94,10.0,86,0,968,8339714.2,176953.68,182893.92,5940.24,968,3.93,0.1,False
744023,firm_2,75,207.83,10.0,87,487,978,8431705.29,93561.09,102044.53,8483.44,491,3.98,0.1,False
744023,firm_2,76,187.05,10.0,88,0,989,8700047.42,269922.13,276085.8,6163.67,1476,4.03,0.1,False
744023,firm_2,77,205.76,10.0,89,958,1000,8696029.34,-2428.08,8641.92,11070.0,42,4.08,0.1,False
744023,firm_2,78,185.18,10.0,90,0,1011,9052651.33,358221.99,364619.42,6397.43,1969,4.13,0.1,False
744023,firm_2,79,203.7,10.0,91,869,1022,9071346.47,20305.14,31166.1,10860.96,153,4.18,0.1,False
744023,firm_2,80,183.33,10.0,92,0,1033,9411784.54,342058.07,348693.66,6635.59,1902,4.23,0.1,False
744023,firm_2,81,201.66,10.0,93,898,1044,9428350.58,18196.04,29442.36,11246.32,146,4.28,0.1,False
744023,firm_2,82,181.49,10.0,94,0,1054,9774107.24,347396.66,354268.48,6871.82,1952,4.33,0.1,False
744023,firm_2,83,199.64,10.0,95,826,1066,9809239.76,36782.52,47913.6,11131.08,240,4.38,0.1,False
744023,firm_2,84,179.68,10.0,96,0,1077,10142385.69,334805.93,341931.04,7125.11,1903,4.43,0.1,False
744023,firm_2,85,197.65,10.0,97,956,1088,10154775.25,14059.56,26089.8,12030.24,132,4.48,0.1,False
744023,firm_2,86,177.89,10.0,98,83,1099,10496102.86,343007.61,350799.08,7791.47,1972,4.53,0.1,False
744023,firm_2,87,195.68,10.0,99,1087,1110,10502216.14,7803.28,20742.08,12938.8,106,4.58,0.1,False
744023,firm_2,88,176.11,10.0,100,160,1121,10852757.19,352241.05,360673.28,8432.23,2048,4.63,0.1,False
744023,firm_2,89,193.72,10.5,101,1216,1132,10851877.65,880.96,14722.72,13841.76,76,4.68,0.1,False
744023,firm_2,90,174.35,10.0,102,0,1143,11253556.91,403399.26,411291.65,7892.39,2359,4.73,0.1,False
744023,firm_2,91,191.78,10.0,103,949,1154,11278372.69,26545.78,39314.9,12769.12,205,4.78,0.1,False
744023,firm_2,92,172.6,10.0,104,0,1165,11633352.14,356719.45,364876.4,8156.95,2114,4.83,0.1,False
744023,firm_2,93,189.86,10.0,105,992,1176,11653285.5,21683.36,34934.24,13250.88,184,4.88,0.1,False
744023,firm_2,94,170.87,10.0,106,0,1187,12015425.32,363899.82,372325.73,8425.91,2179,4.93,0.1,False
744023,firm_2,95,187.96,10.0,107,1096,1198,12018785.2,5129.88,19171.92,14042.04,102,4.98,0.1,False
744023,firm_2,96,169.16,10.0,108,0,1209,12398219.73,381214.53,389913.8,8699.27,2305,5.03,0.1,False
744023,firm_2,97,186.08,10.0,109,1112,1220,12402128.77,5699.04,20096.64,14397.6,108,5.08,0.1,False
744023,firm_2,98,167.47,10.0,110,0,1231,12783733.95,383405.18,392382.21,8977.03,2343,5.13,0.1,False
744023,firm_2,99,184.22,10.0,111,1138,1241,12786098.23,4174.28,18974.66,14800.38,103,5.18,0.1,False
744023,firm_2,100,165.8,10.0,112,1573,1252,12902619.87,118341.64,135458.6,17116.96,817,5.23,0.1,False
744023,firm_2,101,149.22,10.5,113,0,1263,13314526.65,413793.28,423187.92,9394.64,2836,5.28,0.1,False
744023,firm_2,102,164.14,10.0,114,818,1273,13373749.26,61062.61,74683.7,13621.09,455,5.33,0.1,False
744023,firm_2,103,147.73,10.0,115,0,1284,13672751.8,300852.54,310528.46,9675.92,2102,5.38,0.1,False
744023,firm_2,104,162.5,10.0,116,0,1295,13871507.45,200615.65,210437.5,9821.85,1295,5.43,0.1,False
744023,firm_2,105,178.75,10.0,117,1047,1306,13900729.82,31092.37,46296.25,15203.88,259,5.48,0.1,False
744023,firm_2,106,160.88,10.0,118,0,1316,14268899.78,370049.96,380159.44,10109.48,2363,5.53,0.1,False
744023,firm_2,107,176.97,10.0,119,937,1326,14320915.03,53905.25,68841.33,14936.08,389,5.58,0.1,False
744023,firm_2,108,159.27,10.0,120,0,1337,14670793.7,351778.67,362179.98,10401.31,2274,5.63,0.1,False
744023,firm_2,109,175.2,10.0,121,538,1348,14797553.06,128669.36,141912.0,13242.64,810,5.68,0.1,False
744023,firm_2,110,157.68,10.0,122,455,1358,15009877.6,214244.54,227216.88,12972.34,1441,5.73,0.1,False
744023,firm_2,111,141.91,10.0,123,0,1369,15255940.62,247993.02,258843.84,10850.82,1824,5.78,0.1,False
744023,firm_2,112,156.1,10.0,124,0,1380,15458413.22,204412.6,215418.0,11005.4,1380,5.83,0.1,False
744023,firm_2,113,171.71,10.0,125,0,1390,15684256.42,227593.2,238676.9,11083.7,1390,5.83,0.1,False
744023,firm_2,114,188.88,10.0,126,637,1401,15812175.86,129879.44,144304.32,14424.88,764,5.88,0.1,False
744023,firm_2,115,169.99,10.0,127,1061,1418,15962426.18,152220.32,168970.06,16749.74,994,5.93,0.1,False
744023,firm_2,116,152.99,10.5,128,878,1429,16191008.64,230626.46,246619.88,15993.42,1612,5.98,0.1,False
744023,firm_2,117,137.69,11.02,129,0,1439,16496202.79,307315.73,319027.73,11712.0,2317,6.0,0.1,False
744023,firm_2,118,151.46,10.47,130,101,1450,16686156.23,192014.54,204319.54,12305.0,1349,6.0,0.1,False
744023,firm_2,119,166.61,10.0,131,768,1461,16800706.57,116560.34,132288.34,15728.0,794,6.0,0.1,False
744023,firm_2,120,149.95,10.0,132,0,1471,17122456.62,323770.05,335738.05,11968.0,2239,6.0,0.1,False
744023,firm_2,121,164.94,10.0,133,600,1482,17250847.7,130421.08,145477.08,15056.0,882,6.0,0.1,False
744023,firm_2,122,148.45,10.0,134,607,1493,17454225.4,205417.7,220596.7,15179.0,1486,6.0,0.1,False
744023,firm_2,123,133.6,10.0,135,0,1504,17721973.0,269797.6,282029.6,12232.0,2111,6.0,0.1,False
744023,firm_2,124,146.96,10.0,136,0,1499,17928014.04,208101.04,220293.04,12192.0,1499,6.0,0.1,False
744023,firm_2,125,161.66,10.0,137,1042,1526,17986569.48,60625.44,78243.44,17618.0,484,6.0,0.1,False
744023,firm_2,126,145.49,10.0,138,0,1537,18347212.19,362722.71,375218.71,12496.0,2579,6.0,0.1,False
744023,firm_2,127,160.04,10.0,139,964,1547,18421029.51,75907.32,93303.32,17396.0,583,6.0,0.1,False
744023,firm_2,128,144.04,10.0,140,0,1558,18769534.39,350604.88,363268.88,12664.0,2522,6.0,0.1,False
744023,firm_2,129,158.44,10.0,141,1128,1569,18818904.43,51480.04,69872.04,18392.0,441,6.0,0.1,False
744023,firm_2,130,142.6,10.0,142,0,1580,19190105.23,373320.8,386160.8,12840.0,2708,6.0,0.1,False
744023,firm_2,131,156.86,10.0,143,1261,1590,19220357.17,32381.94,51606.94,19225.0,329,6.0,0.1,False
744023,firm_2,132,141.17,10.0,144,0,1601,19609237.71,391020.54,404028.54,13008.0,2862,6.0,0.1,False
744023,firm_2,133,155.29,10.0,145,1386,1612,19622157.25,15069.54,35095.54,20026.0,226,6.0,0.1,False
744023,firm_2,134,139.76,10.0,146,0,1622,20027219.33,407222.08,420398.08,13176.0,3008,6.0,0.1,False
744023,firm_2,135,153.74,10.0,147,1406,1633,20039654.31,14604.98,34898.98,20294.0,227,6.0,0.1,False
744023,firm_2,136,138.37,10.0,148,1135,1644,20283425.86,245951.55,264978.55,19027.0,1915,6.0,0.1,False
744023,firm_2,137,124.53,10.5,149,0,1654,20615043.53,333882.17,347314.17,13432.0,2789,6.0,0.1,False
744023,firm_2,138,136.98,10.0,150,430,1665,20766343.83,153500.3,169170.3,15670.0,1235,6.0,0.1,False
744023,firm_2,139,123.28,10.0,151,0,1675,21010038.23,245904.4,259504.4,13600.0,2105,6.0,0.1,False
744023,firm_2,140,135.61,10.0,152,0,1685,21222641.08,214822.85,228502.85,13680.0,1685,6.0,0.1,False
744023,firm_2,141,149.17,10.0,153,732,1696,21346782.96,126371.88,143799.88,17428.0,964,6.0,0.1,False
744023,firm_2,142,134.25,10.0,154,0,1706,21657996.46,313453.5,327301.5,13848.0,2438,6.0,0.1,False
744023,firm_2,143,147.68,10.0,155,1191,1717,21713535.14,57788.68,77679.68,19891.0,526,6.0,0.1,False
744023,firm_2,144,132.91,10.0,156,0,1727,22085090.52,373815.38,387831.38,14016.0,2918,6.0,0.1,False
744023,firm_2,145,146.2,10.0,157,1316,1738,22123832.92,41012.4,61696.4,20684.0,422,6.0,0.1,False
744023,firm_2,146,131.58,10.0,158,0,1749,22510653.62,389100.7,403292.7,14192.0,3065,6.0,0.1,False
744023,firm_2,147,144.74,10.0,159,1405,1759,22538304.58,29940.96,51237.96,21297.0,354,6.0,0.1,False
744023,firm_2,148,130.27,10.0,160,0,1769,22935129.56,399124.98,413476.98,14352.0,3174,6.0,0.1,False
744023,firm_2,149,143.3,10.0,161,1252,1779,22987646.66,54827.1,75519.1,20692.0,527,6.0,0.1,False
744023,firm_2,150,128.97,10.0,162,0,1789,23363012.43,377685.77,392197.77,14512.0,3041,6.0,0.1,False
744023,firm_2,151,141.87,10.0,163,1368,1800,23400530.27,39847.84,61287.84,21440.0,432,6.0,0.1,False
744023,firm_2,152,127.68,10.0,164,0,1811,23789396.99,391206.72,405894.72,14688.0,3179,6.0,0.1,False
744023,firm_2,153,140.45,10.0,165,1456,1822,23816395.69,29348.7,51404.7,22056.0,366,6.0,0.1,False
744023,firm_2,154,126.4,10.0,166,809,1833,24108598.69,294563.0,313472.0,18909.0,2480,6.0,0.1,False
744023,firm_2,155,113.76,10.5,167,0,1844,24392998.47,286853.28,301805.28,14952.0,2653,6.0,0.1,False
744023,firm_2,156,125.14,10.0,168,0,1854,24607596.03,216977.56,232009.56,15032.0,1854,6.0,0.1,False
744023,firm_2,157,137.65,10.0,169,381,1864,24792323.98,187117.95,204134.95,17017.0,1483,6.0,0.1,False
744023,firm_2,158,123.88,10.0,170,0,1874,25054081.38,264157.4,279349.4,15192.0,2255,6.0,0.1,False
744023,firm_2,159,136.27,10.0,171,951,1883,25158656.02,106984.64,127003.64,20019.0,932,6.0,0.1,False
744023,firm_2,160,122.64,10.0,172,0,1894,25489794.82,333558.8,348910.8,15352.0,2845,6.0,0.1,False
744023,firm_2,161,134.9,10.0,173,1394,1905,25533888.72,46523.9,68933.9,22410.0,511,6.0,0.1,False
744023,firm_2,162,121.41,10.0,174,0,1914,25917561.0,386112.28,401624.28,15512.0,3308,6.0,0.1,False
744023,firm_2,163,133.55,10.0,175,1299,1925,25976618.3,61507.3,83602.3,22095.0,626,6.0,0.1,False
744023,firm_2,164,120.2,10.0,176,1265,1936,26188939.3,214781.0,236794.0,22013.0,1970,6.0,0.1,False
744023,firm_2,165,108.18,10.5,177,0,1950,26518379.5,331998.7,347798.7,15800.0,3215,6.0,0.1,False
744023,firm_2,166,119.0,10.0,178,505,1957,26670306.5,154407.0,172788.0,18381.0,1452,6.0,0.1,False
744023,firm_2,167,107.1,10.0,179,0,1951,26915046.1,247229.6,263037.6,15808.0,2456,6.0,0.1,False
744023,firm_2,168,117.81,10.0,180,0,1962,27127793.32,215247.22,231143.22,15896.0,1962,6.0,0.1,False
744023,firm_2,169,129.59,10.0,181,461,1971,27302691.22,177407.9,195680.9,18273.0,1510,6.0,0.1,False
744023,firm_2,170,116.63,10.0,182,285,1997,27536007.21,235835.99,253436.99,17601.0,2173,6.0,0.1,False
744023,firm_2,171,104.97,10.0,183,230,2008,27732616.32,199139.11,216553.11,17414.0,2063,6.0,0.1,False
744023,firm_2,172,94.47,10.0,184,0,2018,27926100.88,196024.56,212368.56,16344.0,2248,6.0,0.1,False
744023,firm_2,173,103.92,10.0,185,0,2028,28117876.64,194325.76,210749.76,16424.0,2028,6.0,0.1,False
744023,firm_2,174,114.31,10.0,186,21,2039,28329377.22,214060.58,230677.58,16617.0,2018,6.0,0.1,False
744023,firm_2,175,125.74,10.0,187,547,2032,28496980.66,170173.44,189364.44,19191.0,1506,6.0,0.1,False
744023,firm_2,176,113.17,10.0,188,1382,2041,28607445.68,113045.02,136483.02,23438.0,1206,6.0,0.1,False
744023,firm_2,177,101.85,10.0,189,0,2067,28939400.33,334544.65,351280.65,16736.0,3449,6.0,0.1,False
744023,firm_2,178,112.04,10.0,190,729,2078,29067473.29,130672.96,151141.96,20469.0,1349,6.0,0.1,False
744023,firm_2,179,100.84,10.0,191,1308,2088,29193586.85,128723.56,152167.56,23444.0,1509,6.0,0.1,False
744023,firm_2,180,90.76,10.0,191,0,2089,29482876.57,291399.72,308311.72,16912.0,3397,6.0,0.1,False
744023,firm_2,181,99.84,10.0,192,555,2084,29613264.93,133008.36,152655.36,19647.0,1529,6.0,0.1,False
744023,firm_2,182,89.86,10.0,193,0,2094,29831722.07,221087.14,238039.14,16952.0,2649,6.0,0.1,False
744023,firm_2,183,98.85,10.0,194,245,2118,29995859.12,166777.05,185146.05,18369.0,1873,6.0,0.1,False
744023,firm_2,184,88.96,10.0,195,0,2128,30187087.2,193878.08,211102.08,17224.0,2373,6.0,0.1,False
744023,firm_2,185,97.86,10.0,196,0,2138,30376547.88,191920.68,209224.68,17304.0,2138,6.0,0.1,False
744023,firm_2,186,107.65,10.0,197,1087,2133,30463780.78,89902.9,112601.9,22699.0,1046,6.0,0.1,False
744023,firm_2,187,96.88,10.0,197,0,2148,30757633.58,296022.8,313406.8,17384.0,3235,6.0,0.1,False
744023,firm_2,188,106.57,10.0,198,1206,2158,30832914.22,77960.64,101454.64,23494.0,952,6.0,0.1,False
744023,firm_2,189,95.91,10.0,198,0,2157,31135823.55,305089.33,322545.33,17456.0,3363,6.0,0.1,False
744023,firm_2,190,105.5,10.0,199,1252,2167,31205870.05,72736.5,96532.5,23796.0,915,6.0,0.1,False
744023,firm_2,191,94.95,10.0,199,0,2167,31510778.1,307098.05,324634.05,17536.0,3419,6.0,0.1,False
744023,firm_2,192,104.44,10.0,200,1323,2177,31573038.86,64960.76,89191.76,24231.0,854,6.0,0.1,False
744023,firm_2,193,94.0,10.0,200,0,2176,31882136.86,311298.0,328906.0,17608.0,3499,6.0,0.1,False
744023,firm_2,194,103.4,10.0,201,1234,2186,31954005.66,74578.8,98436.8,23858.0,952,6.0,0.1,False
744023,firm_2,195,93.06,10.0,201,527,2185,32200610.18,248814.52,269129.52,20315.0,2892,6.0,0.1,False
744023,firm_2,196,83.75,10.5,202,0,2198,32408223.93,210434.75,228218.75,17784.0,2725,6.0,0.1,False
744023,firm_2,197,92.13,10.0,203,0,2205,32590800.58,185306.65,203146.65,17840.0,2205,6.0,0.1,False
744023,firm_2,198,101.34,10.0,204,722,2215,32717831.2,129770.62,151300.62,21530.0,1493,6.0,0.1,False
744023,firm_2,199,91.21,10.0,204,882,2215,32880697.75,165106.55,187436.55,22330.0,2055,6.0,0.1,False
744023,firm_2,200,82.09,10.0,205,0,2226,33115075.47,237127.72,255135.72,18008.0,3108,6.0,0.1,False
744023,firm_2,201,90.3,10.0,206,0,2236,33296138.27,183822.8,201910.8,18088.0,2236,6.0,0.1,False
744023,firm_2,202,99.33,10.0,207,224,2276,33477865.43,184297.16,203825.16,19528.0,2052,6.0,0.1,False
744023,firm_2,203,89.4,10.0,208,267,2286,33655786.63,180701.2,200524.2,19823.0,2243,6.0,0.1,False
744023,firm_2,204,80.46,10.0,209,22,2282,33837753.05,184756.42,203322.42,18566.0,2527,6.0,0.1,False
744023,firm_2,205,88.51,10.0,210,0,2294,34021590.21,186437.16,204989.16,18552.0,2316,6.0,0.1,False
744023,firm_2,206,97.36,10.0,211,867,2305,34136008.89,117028.68,140003.68,22975.0,1438,6.0,0.1,False
744023,firm_2,207,87.62,10.0,211,0,2305,34392989.53,259290.64,277930.64,18640.0,3172,6.0,0.1,False
744023,firm_2,208,96.38,10.0,212,0,2315,34594569.23,204399.7,223119.7,18720.0,2315,6.0,0.1,False
744023,firm_2,209,106.02,10.0,213,1001,2340,34709975.01,118035.78,141960.78,23925.0,1339,6.0,0.1,False
744023,firm_2,210,95.42,10.0,213,930,2340,34914132.63,206487.62,230057.62,23570.0,2411,6.0,0.1,False
744023,firm_2,211,85.88,10.5,212,894,2333,35091822.35,180115.72,203449.72,23334.0,2369,6.0,0.1,False
744023,firm_2,212,77.29,10.0,213,0,2339,35319958.92,230966.57,249878.57,18912.0,3233,6.0,0.1,False
744023,firm_2,213,85.02,10.0,214,0,2349,35497838.9,180719.98,199711.98,18992.0,2349,6.0,0.1,False
744023,firm_2,214,93.52,10.0,215,537,2360,35643910.86,148721.96,170486.96,21765.0,1823,6.0,0.1,False
744023,firm_2,215,84.17,10.0,216,0,2370,35866573.05,225522.19,244682.19,19160.0,2907,6.0,0.1,False
744023,firm_2,216,92.59,10.0,217,0,2381,36064911.84,201208.79,220456.79,19248.0,2381,6.0,0.1,False
744023,firm_2,217,101.85,10.0,218,1551,2378,36119482.79,57250.95,84229.95,26979.0,827,6.0,0.1,False
744023,firm_2,218,91.66,10.0,218,1732,2391,36291683.39,174580.6,202568.6,27988.0,2210,6.0,0.1,False
744023,firm_2,219,82.49,10.0,217,0,2366,36608229.41,318916.02,338044.02,19128.0,4098,6.0,0.1,False
744023,firm_2,220,90.74,10.0,218,0,2390,36802898.01,197548.6,216868.6,19320.0,2390,6.0,0.1,False
744023,firm_2,221,99.81,10.0,219,1750,2401,36837026.32,36818.31,64976.31,28158.0,651,6.0,0.1,False
744023,firm_2,222,89.83,10.0,219,1849,2387,37011626.36,176990.04,205531.04,28541.0,2288,6.0,0.1,False
744023,firm_2,223,80.85,10.5,218,0,2390,37332540.51,323403.15,342723.15,19320.0,4239,6.0,0.1,False
744023,firm_2,224,88.94,10.0,219,0,2388,37522735.23,193084.72,212388.72,19304.0,2388,6.0,0.1,False
744023,firm_2,225,97.83,10.0,220,2260,2399,37502941.6,-17093.63,13598.37,30692.0,139,6.0,0.1,False
744023,firm_2,226,88.05,10.0,220,1907,2411,37714888.8,214347.2,243370.2,29023.0,2764,6.0,0.1,False
744023,firm_2,227,79.24,10.5,219,0,2404,38034560.94,322171.64,341603.64,19432.0,4311,6.0,0.1,False
744023,firm_2,228,87.16,10.0,220,57,2411,38217262.58,185401.64,205174.64,19773.0,2354,6.0,0.1,False
744023,firm_2,229,95.88,10.0,221,1531,2422,38278215.82,63663.24,90894.24,27231.0,948,6.0,0.1,False
744023,firm_2,230,86.29,10.0,221,719,2421,38531618.39,255812.57,278975.57,23163.0,3233,6.0,0.1,False
744023,firm_2,231,77.66,10.5,222,0,2436,38753916.69,225329.3,245017.3,19688.0,3155,6.0,0.1,False
744023,firm_2,232,85.43,10.0,223,0,2442,38939870.75,188884.06,208620.06,19736.0,2442,6.0,0.1,False
744023,firm_2,233,93.97,10.0,224,337,2452,39114376.3,177245.55,198746.55,21501.0,2115,6.0,0.1,False
744023,firm_2,234,84.57,10.0,225,0,2462,39328241.73,216815.43,236711.43,19896.0,2799,6.0,0.1,False
744023,firm_2,235,93.03,10.0,226,819,2473,39455074.35,129792.62,153871.62,24079.0,1654,6.0,0.1,False
744023,firm_2,236,83.73,10.0,226,0,2460,39707285.02,254670.67,274550.67,19880.0,3279,6.0,0.1,False
744023,firm_2,237,92.1,10.0,227,97,2482,39903432.52,199117.5,219658.5,20541.0,2385,6.0,0.1,False
744023,firm_2,238,101.31,10.0,228,1608,2493,39971754.94,71302.42,99486.42,28184.0,982,6.0,0.1,False
744023,firm_2,239,91.18,10.0,228,988,2493,40228034.28,258759.34,283843.34,25084.0,3113,6.0,0.1,False
744023,firm_2,240,82.06,10.5,227,0,2481,40490068.92,264618.14,284666.14,20048.0,3469,6.0,0.1,False
744023,firm_2,241,90.27,10.0,228,185,2492,40674480.81,187191.89,208252.89,21061.0,2307,6.0,0.1,False
744023,firm_2,242,99.3,10.0,229,1554,2502,40756011.71,84520.9,112506.9,27986.0,1133,6.0,0.1,False
744023,firm_2,243,89.37,10.0,229,860,2501,41014550.86,261029.15,285537.15,24508.0,3195,6.0,0.1,False
744023,firm_2,244,80.43,10.5,228,0,2490,41261277.36,249320.5,269440.5,20120.0,3350,6.0,0.1,False
744023,firm_2,245,88.47,10.0,229,0,2499,41459381.89,200894.53,221086.53,20192.0,2499,6.0,0.1,False
744023,firm_2,246,97.32,10.0,230,2109,2511,41464871.53,8289.64,39122.64,30833.0,402,6.0,0.1,False
744023,firm_2,247,87.59,10.0,230,0,2509,41846590.15,384218.62,404490.62,20272.0,4618,6.0,0.1,False
744023,firm_2,248,96.35,10.0,231,1768,2519,41886747.0,43166.85,72358.85,29192.0,751,6.0,0.1,False
744023,firm_2,249,86.72,10.0,231,2552,2519,42001584.2,117347.2,150459.2,33112.0,1735,6.0,0.1,False
744023,firm_2,250,78.05,10.5,230,0,2515,42374128.55,375159.35,395479.35,20320.0,5067,6.0,0.1,False
744023,firm_2,251,85.86,10.0,231,1713,2518,42411326.85,40208.3,69117.3,28909.0,805,6.0,0.1,False
744023,firm_2,252,77.27,10.0,231,0,2518,42715402.22,306585.37,326929.37,20344.0,4231,6.0,0.1,False
744023,firm_2,253,85.0,10.0,232,0,2528,42906838.22,194456.0,214880.0,20424.0,2528,6.0,0.1,False
744023,firm_2,254,93.5,10.0,233,1656,2539,42957576.72,53768.5,82560.5,28792.0,883,6.0,0.1,False
744023,firm_2,255,84.15,10.0,233,0,2538,43287467.82,332421.1,352925.1,20504.0,4194,6.0,0.1,False
744023,firm_2,256,92.57,10.0,234,1806,2549,43323585.33,39157.51,68779.51,29622.0,743,6.0,0.1,False
744023,firm_2,257,83.31,10.0,234,0,2549,43663268.38,342223.05,362815.05,20592.0,4355,6.0,0.1,False
744023,firm_2,258,91.64,10.0,235,1524,2559,43726773.78,66555.4,94847.4,28292.0,1035,6.0,0.1,False
744023,firm_2,259,82.48,10.0,235,0,2558,44040243.14,316019.36,336683.36,20664.0,4082,6.0,0.1,False
744023,firm_2,260,90.73,10.0,236,2378,2569,44021870.57,-15312.57,17329.43,32642.0,191,6.0,0.1,False
744023,firm_2,261,81.66,10.0,236,2029,2569,44226697.45,207386.88,238283.88,30897.0,2918,6.0,0.1,False
744023,firm_2,262,73.49,10.5,235,0,2559,44540530.07,316500.12,337172.12,20672.0,4588,6.0,0.1,False
744023,firm_2,263,80.84,10.0,236,2294,2569,44527479.07,-9991.0,22231.0,32222.0,275,6.0,0.1,False
744023,firm_2,264,72.76,10.0,236,742,2561,44799782.95,274863.88,299261.88,24398.0,4113,6.0,0.1,False
744023,firm_2,265,65.48,10.5,235,0,2557,44992477.97,195362.52,216018.52,20656.0,3299,6.0,0.1,False
744023,firm_2,266,72.03,10.0,236,0,2568,45153847.01,164229.04,184973.04,20744.0,2568,6.0,0.1,False
744023,firm_2,267,79.23,10.0,236,0,2567,45334134.42,182647.41,203383.41,20736.0,2567,6.0,0.1,False
744023,firm_2,268,87.15,10.0,237,482,2577,45490617.67,159353.25,182579.25,23226.0,2095,6.0,0.1,False
744023,firm_2,269,78.44,10.0,238,0,2587,45707374.03,219836.36,240732.36,20896.0,3069,6.0,0.1,False
744023,firm_2,270,86.28,10.0,238,0,2580,45906556.43,201762.4,222602.4,20840.0,2580,6.0,0.1,False
744023,firm_2,271,94.91,10.0,238,2504,2587,45878637.96,-25538.47,7877.53,33416.0,83,6.0,0.1,False
744023,firm_2,272,85.42,10.0,238,3591,2587,45965336.96,89279.0,128130.0,38851.0,1500,6.0,0.1,False
744023,firm_2,273,76.88,10.5,239,0,2597,46416884.9,454757.44,475733.44,20976.0,6188,6.0,0.1,False
744023,firm_2,274,84.57,10.0,240,2259,2609,46411017.4,-2767.5,29599.5,32367.0,350,6.0,0.1,False
744023,firm_2,275,76.11,10.0,240,0,2608,46757780.77,349363.37,370427.37,21064.0,4867,6.0,0.1,False
744023,firm_2,276,83.72,10.0,241,2469,2619,46733731.77,-20939.0,12558.0,33497.0,150,6.0,0.1,False
744023,firm_2,277,75.35,10.0,241,966,2618,47015665.12,284543.35,310517.35,25974.0,4121,6.0,0.1,False
744023,firm_2,278,67.82,10.5,240,0,2607,47234209.98,221264.86,242320.86,21056.0,3573,6.0,0.1,False
744023,firm_2,279,74.6,10.5,241,712,2618,47348663.08,117483.6,142187.6,24704.0,1906,6.0,0.1,False
744023,firm_2,280,67.14,10.0,241,0,2616,47548367.0,202313.92,223441.92,21128.0,3328,6.0,0.1,False
744023,firm_2,281,73.85,10.5,242,0,2627,47717913.95,172787.95,194003.95,21216.0,2627,6.0,0.1,False
744023,firm_2,282,81.24,10.0,242,0,2625,47907548.95,192055.0,213255.0,21200.0,2625,6.0,0.1,False
744023,firm_2,283,89.36,10.5,242,1688,2625,47959098.27,54090.32,83730.32,29640.0,937,6.0,0.1,False
744023,firm_2,284,80.42,10.0,242,0,2625,48282129.73,325651.46,346851.46,21200.0,4313,6.0,0.1,False
744023,firm_2,285,88.46,10.0,243,2512,2635,48256040.31,-22959.42,10880.58,33840.0,123,6.0,0.1,False
744023,firm_2,286,79.61,10.0,243,2451,2634,48434432.26,181021.95,214548.95,33527.0,2695,6.0,0.1,False
744023,firm_2,287,71.65,10.5,242,0,2623,48774059.36,342368.1,363552.1,21184.0,5074,6.0,0.1,False
744023,firm_2,288,78.82,10.0,243,657,2634,48902199.5,131270.14,155827.14,24557.0,1977,6.0,0.1,False
744023,firm_2,289,70.94,10.0,243,0,2634,49111761.04,212191.54,233463.54,21272.0,3291,6.0,0.1,False
744023,firm_2,290,78.03,10.5,242,238,2623,49272747.59,163727.55,186101.55,22374.0,2385,6.0,0.1,False
744023,firm_2,291,70.23,10.0,242,0,2623,49449871.62,179744.03,200928.03,21184.0,2861,6.0,0.1,False
744023,firm_2,292,77.25,10.5,242,0,2632,49629396.62,182066.0,203322.0,21256.0,2632,6.0,0.1,False
744023,firm_2,293,84.98,10.0,242,1799,2622,49666744.16,39767.54,69938.54,30171.0,823,6.0,0.1,False
744023,firm_2,294,76.48,10.0,242,0,2622,49981066.24,316942.08,338118.08,21176.0,4421,6.0,0.1,False
744023,firm_2,295,84.13,10.0,243,2282,2633,49974791.87,-3144.37,29529.63,32674.0,351,6.0,0.1,False
744023,firm_2,296,75.72,10.0,243,0,2633,50323061.67,350899.8,372163.8,21264.0,4915,6.0,0.1,False
744023,firm_2,297,83.29,10.0,244,1933,2644,50348123.86,28202.19,59219.19,31017.0,711,6.0,0.1,False
744023,firm_2,298,74.96,10.0,244,0,2644,50667223.78,321739.92,343091.92,21352.0,4577,6.0,0.1,False
744023,firm_2,299,82.46,10.0,245,2538,2655,50639591.6,-24482.18,9647.82,34130.0,117,6.0,0.1,False
744023,firm_2,300,74.21,10.0,245,3995,2654,50684363.97,47422.37,88829.37,41407.0,1197,6.0,0.1,False
744023,firm_2,301,66.79,10.5,244,0,2643,51103609.99,422008.02,443352.02,21344.0,6638,6.0,0.1,False
744023,firm_2,302,73.47,10.0,245,1073,2653,51189753.59,89293.6,116082.6,26789.0,1580,6.0,0.1,False
744023,firm_2,303,66.12,10.0,245,0,2652,51411984.59,224881.0,246297.0,21416.0,3725,6.0,0.1,False
744023,firm_2,304,72.73,10.0,246,278,2663,51559391.64,150567.05,173461.05,22894.0,2385,6.0,0.1,False
744023,firm_2,305,65.46,10.0,247,0,2674,51727867.56,171645.92,193237.92,21592.0,2952,6.0,0.1,False
744023,firm_2,306,72.01,10.5,248,0,2684,51896366.4,171602.84,193274.84,21672.0,2684,6.0,0.1,False
744023,firm_2,307,79.21,10.0,248,195,2683,52068321.88,174435.48,197074.48,22639.0,2488,6.0,0.1,False
744023,firm_2,308,87.13,10.0,247,2390,2673,52073966.02,8114.14,41648.14,33534.0,478,6.0,0.1,False
744023,firm_2,309,78.42,10.0,247,1384,2671,52331158.36,259862.34,288350.34,28488.0,3677,6.0,0.1,False
744023,firm_2,310,70.58,10.5,246,0,2661,52592383.46,264008.1,285496.1,21488.0,4045,6.0,0.1,False
744023,firm_2,311,77.64,10.0,247,1689,2672,52635712.58,46299.12,76320.12,30021.0,983,6.0,0.1,False
744023,firm_2,312,69.88,10.0,247,0,2671,52916151.38,283108.8,304676.8,21568.0,4360,6.0,0.1,False
744023,firm_2,313,66.39,10.0,247,0,2672,53069299.46,155818.08,177394.08,21576.0,2672,6.0,0.1,False
744023,firm_2,314,73.03,10.0,247,1650,2672,53111440.12,44810.66,74636.66,29826.0,1022,6.0,0.1,False
744023,firm_2,315,65.73,10.0,247,1088,2672,53294324.94,185554.82,212570.82,27016.0,3234,6.0,0.1,False
744023,firm_2,316,59.16,10.5,246,0,2661,53491844.78,200302.84,221790.84,21488.0,3749,6.0,0.1,False
744023,firm_2,317,65.08,10.0,247,478,2671,53607637.22,118762.44,142720.44,23958.0,2193,6.0,0.1,False
744023,firm_2,318,58.57,10.0,248,0,2680,53767781.28,163324.06,184964.06,21640.0,3158,6.0,0.1,False
744023,firm_2,319,64.43,10.5,249,0,2690,53916063.48,151596.7,173316.7,21720.0,2690,6.0,0.1,False
744023,firm_2,320,70.87,11.02,250,406,2701,54051617.13,138808.65,162646.65,23838.0,2295,6.0,0.1,False
744023,firm_2,321,63.78,10.0,250,0,2701,54225273.59,176356.46,198164.46,21808.0,3107,6.0,0.1,False
744023,firm_2,322,70.16,10.5,250,0,2701,54390342.75,167694.16,189502.16,21808.0,2701,6.0,0.1,False
744023,firm_2,323,63.14,10.5,250,0,2700,54536395.75,148678.0,170478.0,21800.0,2700,6.0,0.1,False
744023,firm_2,324,69.45,11.02,250,0,2700,54699355.75,165715.0,187515.0,21800.0,2700,6.0,0.1,False
744023,firm_2,325,76.4,12.12,250,2700,2700,54661025.75,-35300.0,0.0,35300.0,0,6.0,0.1,False
744023,firm_2,326,68.76,10.91,250,1295,2699,54912022.29,253924.04,282191.04,28267.0,4104,6.0,0.1,False
744023,firm_2,327,61.88,11.46,250,0,2699,55134314.01,225356.72,247148.72,21792.0,3994,6.0,0.1,False
744023,firm_2,328,68.07,10.89,250,2441,2699,55115156.57,-16434.94,17562.06,33997.0,258,6.0,0.1,False
744023,firm_2,329,61.26,10.0,250,1006,2698,55338830.15,226373.58,253187.58,26814.0,4133,6.0,0.1,False
744023,firm_2,330,55.13,10.5,249,0,2687,55517914.74,181899.09,203595.09,21696.0,3693,6.0,0.1,False
744023,firm_2,331,60.64,10.0,250,0,2698,55656737.46,141822.72,163606.72,21784.0,2698,6.0,0.1,False
744023,firm_2,332,66.7,10.0,250,0,2698,55812410.06,158172.6,179956.6,21784.0,2698,6.0,0.1,False
744023,firm_2,333,73.37,10.5,250,34,2697,55983223.37,173438.31,195384.31,21946.0,2663,6.0,0.1,False
744023,firm_2,334,80.71,11.02,250,2456,2697,55968607.62,-11860.75,22195.25,34056.0,275,6.0,0.1,False
744023,firm_2,335,72.64,10.0,250,2833,2696,56098426.78,132519.16,168452.16,35933.0,2319,6.0,0.1,False
744023,firm_2,336,65.38,10.5,249,0,2686,56434756.5,339144.22,360832.22,21688.0,5519,6.0,0.1,False
744023,firm_2,337,71.92,10.0,250,2273,2697,56428909.58,-2646.92,30494.08,33141.0,424,6.0,0.1,False
744023,firm_2,338,64.73,10.0,250,615,2697,56683257.73,257048.15,281899.15,24851.0,4355,6.0,0.1,False
744023,firm_2,339,58.26,10.5,250,0,2697,56851613.85,171181.12,192957.12,21776.0,3312,6.0,0.1,False
744023,firm_2,340,64.09,10.0,250,0,2697,57000188.58,151074.73,172850.73,21776.0,2697,6.0,0.1,False
744023,firm_2,341,70.5,10.5,250,2696,2696,56962315.58,-35248.0,0.0,35248.0,0,6.0,0.1,False
744023,firm_2,342,63.45,10.0,250,3283,2696,57055248.63,95633.05,133816.05,38183.0,2109,6.0,0.1,False
744023,firm_2,343,57.1,10.5,249,2026,2685,57245712.33,193278.2,225088.2,31810.0,3942,6.0,0.1,False
744023,firm_2,344,51.39,10.0,248,0,2673,57462929.94,219897.61,241481.61,21584.0,4699,6.0,0.1,False
744023,firm_2,345,56.53,10.0,248,0,2671,57589873.57,129423.63,150991.63,21568.0,2671,6.0,0.1,False
744023,firm_2,346,62.18,10.0,248,0,2671,57731908.35,144514.78,166082.78,21568.0,2671,6.0,0.1,False
744023,firm_2,347,68.4,10.5,249,759,2681,57834815.65,106021.8,131464.8,25443.0,1922,6.0,0.1,False
744023,firm_2,348,61.56,10.0,249,0,2681,58022244.05,190118.4,211766.4,21648.0,3440,6.0,0.1,False
744023,firm_2,349,67.72,10.5,250,890,2691,58114904.77,95785.72,121963.72,26178.0,1801,6.0,0.1,False
744023,firm_2,350,60.95,10.0,250,0,2690,58308685.77,196481.0,218201.0,21720.0,3580,6.0,0.1,False
744023,firm_2,351,67.04,10.5,250,1406,2690,58363190.13,57329.36,86079.36,28750.0,1284,6.0,0.1,False
744023,firm_2,352,60.34,10.0,250,0,2690,58585922.77,225432.64,247152.64,21720.0,4096,6.0,0.1,False
744023,firm_2,353,66.37,10.5,250,2226,2688,58580926.71,-2171.06,30662.94,32834.0,462,6.0,0.1,False
744023,firm_2,354,59.73,10.0,250,2529,2688,58686333.76,108107.05,142456.05,34349.0,2385,6.0,0.1,False
744023,firm_2,355,53.76,10.5,249,0,2677,58941777.82,258258.56,279874.56,21616.0,5206,6.0,0.1,False
744023,firm_2,356,51.07,11.02,249,0,2677,59053932.23,115098.39,136714.39,21616.0,2677,6.0,0.1,False
744023,firm_2,357,56.18,11.02,249,0,2676,59179917.93,128729.68,150337.68,21608.0,2676,6.0,0.1,False
744023,firm_2,358,61.8,11.57,249,577,2675,59282008.4,105171.4,129656.4,24485.0,2098,6.0,0.1,False
744023,firm_2,359,55.62,10.41,250,0,2685,59438458.34,159752.44,181432.44,21680.0,3262,6.0,0.1,False
744023,firm_2,360,61.18,10.93,250,0,2684,59578260.96,142535.12,164207.12,21672.0,2684,6.0,0.1,False
744023,firm_2,361,67.3,11.48,250,0,2683,59734092.86,158901.9,180565.9,21664.0,2683,6.0,0.1,False
744023,firm_2,362,74.03,10.33,250,2077,2683,59744323.54,12813.18,44862.18,32049.0,606,6.0,0.1,False
744023,firm_2,363,66.63,10.0,250,2046,2683,59890563.36,148939.82,180833.82,31894.0,2714,6.0,0.1,False
744023,firm_2,364,59.97,10.5,249,823,2673,60095692.98,207944.12,233643.12,25699.0,3896,6.0,0.1,False
744023,firm_2,365,53.97,10.0,248,0,2662,60259602.43,166589.45,188085.45,21496.0,3485,6.0,0.1,False
744023,firm_3,1,29.38,43.12,13,0,151,121898.43,3881.53,4436.38,554.85,151,0.35,0.45,False
744023,firm_3,2,27.91,38.81,13,0,150,124720.4,3626.5,4186.5,560.0,150,0.4,0.55,False
744023,firm_3,3,29.31,40.75,12,0,139,127771.89,3540.49,4074.09,533.6,139,0.4,0.55,False
744023,firm_3,4,30.78,36.68,13,0,150,130852.05,4057.0,4617.0,560.0,150,0.4,0.55,False
744023,firm_3,5,32.32,33.01,13,0,149,134581.0,4258.08,4815.68,557.6,149,0.4,0.65,False
744023,firm_3,6,33.94,31.36,14,0,161,138419.9,4877.94,5464.34,586.4,161,0.4,0.75,False
744023,firm_3,7,35.64,31.36,14,0,160,142791.26,5110.4,5702.4,592.0,160,0.45,0.85,False
744023,firm_3,8,32.08,34.5,13,0,149,146457.63,4214.87,4779.92,565.05,149,0.45,0.95,False
744023,firm_3,9,33.68,37.95,14,0,161,150154.36,4828.03,5422.48,594.45,161,0.45,1.05,False
744023,firm_3,10,33.68,41.74,13,0,151,154127.47,4515.73,5085.68,569.95,151,0.45,1.05,False
744023,firm_3,11,37.05,45.91,14,0,162,158289.93,5405.2,6002.1,596.9,162,0.45,1.15,False
744023,firm_3,12,33.34,43.61,13,0,151,161979.84,4456.84,5034.34,577.5,151,0.5,1.15,False
744023,firm_3,13,36.67,45.79,13,0,151,166136.69,4952.12,5537.17,585.05,151,0.55,1.15,False
744023,firm_3,14,38.5,50.37,14,0,162,170455.41,5623.9,6237.0,613.1,162,0.55,1.25,False
744023,firm_3,15,40.43,55.41,14,0,162,175308.13,5928.46,6549.66,621.2,162,0.6,1.35,False
744023,firm_3,16,40.43,49.87,15,0,173,180304.67,6344.59,6994.39,649.8,173,0.6,1.45,False
744023,firm_3,17,38.41,44.88,16,0,185,185302.19,6415.6,7105.85,690.25,185,0.65,1.35,False
744023,firm_3,18,38.41,47.12,16,0,184,190618.91,6370.64,7067.44,696.8,184,0.7,1.45,False
744023,firm_3,19,34.57,49.48,17,0,196,195324.27,6046.52,6775.72,729.2,196,0.7,1.45,False
744023,firm_3,20,38.03,51.95,16,0,184,200793.79,6300.72,6997.52,696.8,184,0.7,1.45,False
744023,firm_3,21,36.13,49.35,16,0,184,205746.11,5941.92,6647.92,706.0,184,0.75,1.45,False
744023,firm_3,22,32.52,51.82,17,0,195,209970.32,5605.15,6341.4,736.25,195,0.75,1.35,False
744023,firm_3,23,32.52,57.0,18,0,207,214196.36,5952.04,6731.64,779.6,207,0.8,1.25,False
744023,firm_3,24,34.15,59.85,17,0,195,218992.16,5913.25,6659.25,746.0,195,0.8,1.35,False
744023,firm_3,25,34.15,56.86,17,0,195,223938.79,5913.25,6659.25,746.0,195,0.8,1.35,False
744023,firm_3,26,35.86,54.02,17,0,195,229057.4,6236.95,6992.7,755.75,195,0.85,1.35,False
744023,firm_3,27,34.07,48.62,17,0,195,234118.76,5887.9,6643.65,755.75,195,0.85,1.35,False
744023,firm_3,28,34.07,51.05,18,0,206,238831.18,6231.32,7018.42,787.1,206,0.85,1.45,False
744023,firm_3,29,35.77,56.16,18,0,206,244401.82,6581.52,7368.62,787.1,206,0.85,1.45,False
744023,firm_3,30,39.35,56.16,19,0,218,250591.78,7757.0,8578.3,821.3,218,0.85,1.35,False
744023,firm_3,31,43.28,53.35,19,0,218,257980.97,8602.84,9435.04,832.2,218,0.9,1.35,False
744023,firm_3,32,43.28,56.02,19,0,218,265308.53,8591.94,9435.04,843.1,218,0.95,1.35,False
744023,firm_3,33,38.95,61.62,20,0,229,271620.13,8044.0,8919.55,875.55,229,0.95,1.35,False
744023,firm_3,34,35.06,64.7,20,0,229,277379.32,7153.19,8028.74,875.55,229,0.95,1.45,False
744023,firm_3,35,36.81,71.17,20,0,229,283198.41,7542.49,8429.49,887.0,229,1.0,1.55,False
744023,firm_3,36,34.97,67.61,20,0,229,288655.89,7109.68,8008.13,898.45,229,1.05,1.65,False
744023,firm_3,37,31.47,64.23,21,0,242,293484.7,6677.64,7615.74,938.1,242,1.05,1.55,False
744023,firm_3,38,33.04,64.23,20,0,231,298827.79,6727.69,7632.24,904.55,231,1.05,1.65,False
744023,firm_3,39,36.34,64.23,20,0,231,304933.18,7489.99,8394.54,904.55,231,1.05,1.75,False
744023,firm_3,40,38.16,64.23,20,0,231,311558.99,7910.41,8814.96,904.55,231,1.05,1.65,False
744023,firm_3,41,41.98,64.23,21,0,243,318870.15,9259.99,10201.14,941.15,243,1.05,1.75,False
744023,firm_3,42,37.78,64.23,21,0,243,325660.71,8239.39,9180.54,941.15,243,1.05,1.85,False
744023,firm_3,43,39.67,64.23,21,0,242,332873.92,8662.04,9600.14,938.1,242,1.05,1.95,False
744023,firm_3,44,39.67,61.02,21,0,242,339942.44,8649.94,9600.14,950.2,242,1.1,2.05,False
744023,firm_3,45,43.64,67.12,21,0,242,348043.6,9610.68,10560.88,950.2,242,1.1,2.15,False
744023,firm_3,46,45.82,70.48,21,0,242,356601.76,10138.24,11088.44,950.2,242,1.1,2.25,False
744023,firm_3,47,50.4,77.53,21,0,242,365908.13,11234.5,12196.8,962.3,242,1.15,2.35,False
744023,firm_3,48,55.44,73.65,21,0,242,376715.66,12454.18,13416.48,962.3,242,1.15,2.45,False
744023,firm_3,49,55.44,73.65,21,0,242,387523.19,12454.18,13416.48,962.3,242,1.15,2.55,False
744023,firm_3,50,52.67,73.65,21,0,242,397660.38,11783.84,12746.14,962.3,242,1.15,2.65,False
744023,firm_3,51,55.3,73.65,21,0,243,408586.18,12472.45,13437.9,965.45,243,1.15,2.65,False
744023,firm_3,52,60.83,69.97,22,0,254,420784.86,14438.02,15450.82,1012.8,254,1.2,2.55,False
744023,firm_3,53,57.79,69.97,23,0,266,432996.49,14320.94,15372.14,1051.2,266,1.2,2.55,False
744023,firm_3,54,60.68,66.47,23,0,264,446342.4,14974.72,16019.52,1044.8,264,1.2,2.65,False
744023,firm_3,55,54.61,69.79,23,0,264,458109.47,13372.24,14417.04,1044.8,264,1.2,2.65,False
744023,firm_3,56,60.07,62.81,24,0,275,471541.28,15439.25,16519.25,1080.0,275,1.2,2.65,False
744023,firm_3,57,57.07,69.09,24,0,275,484283.62,14600.5,15694.25,1093.75,275,1.25,2.55,False
744023,firm_3,58,57.07,69.09,24,0,275,497225.96,14600.5,15694.25,1093.75,275,1.25,2.55,False
744023,firm_3,59,59.92,72.54,24,0,276,510825.92,15440.92,16537.92,1097.0,276,1.25,2.65,False
744023,firm_3,60,65.91,72.54,25,0,288,526258.5,17846.08,18982.08,1136.0,288,1.25,2.75,False
744023,firm_3,61,59.32,72.54,25,0,288,540293.16,15948.16,17084.16,1136.0,288,1.25,2.85,False
744023,firm_3,62,62.29,68.91,25,0,288,555273.93,16803.52,17939.52,1136.0,288,1.25,2.95,False
744023,firm_3,63,65.4,72.36,26,0,299,571060.47,18367.9,19554.6,1186.7,299,1.3,2.85,False
744023,firm_3,64,58.86,72.36,26,0,299,585491.55,16412.44,17599.14,1186.7,299,1.3,2.95,False
744023,firm_3,65,52.97,75.98,26,0,299,598167.4,14651.33,15838.03,1186.7,299,1.3,2.95,False
744023,firm_3,66,52.97,68.38,26,0,299,611040.85,14651.33,15838.03,1186.7,299,1.3,2.95,False
744023,firm_3,67,58.27,75.22,27,0,311,625405.58,16895.67,18121.97,1226.3,311,1.3,2.95,False
744023,firm_3,68,64.1,82.74,27,0,311,641880.4,18708.8,19935.1,1226.3,311,1.3,2.85,False
744023,firm_3,69,70.51,82.74,27,0,312,660415.94,20769.52,21999.12,1229.6,312,1.3,2.85,False
744023,firm_3,70,77.56,91.01,28,0,323,681153.64,23785.98,25051.88,1265.9,323,1.3,2.75,False
744023,firm_3,71,69.8,91.01,27,0,312,699244.37,20548.0,21777.6,1229.6,312,1.3,2.75,False
744023,firm_3,72,76.78,91.01,27,0,311,719439.38,22652.28,23878.58,1226.3,311,1.3,2.75,False
744023,firm_3,73,80.62,91.01,28,0,323,741065.46,24774.36,26040.26,1265.9,323,1.3,2.85,False
744023,firm_3,74,76.59,91.01,29,0,334,762105.03,24278.86,25581.06,1302.2,334,1.3,2.95,False
744023,firm_3,75,72.76,86.46,29,0,334,782497.33,22999.64,24301.84,1302.2,334,1.3,3.05,False
744023,firm_3,76,65.48,86.46,28,0,322,799798.41,19821.96,21084.56,1262.6,322,1.3,3.15,False
744023,firm_3,77,68.75,90.78,27,0,310,817336.85,20089.5,21312.5,1223.0,310,1.3,3.25,False
744023,firm_3,78,68.75,81.7,26,0,299,834482.2,19369.55,20556.25,1186.7,299,1.3,3.35,False
744023,firm_3,79,72.19,77.61,26,0,299,852762.45,20398.11,21584.81,1186.7,299,1.3,3.45,False
744023,firm_3,80,68.58,81.49,27,0,310,869999.02,20036.8,21259.8,1223.0,310,1.3,3.55,False
744023,firm_3,81,68.58,81.49,28,0,321,887872.18,20754.88,22014.18,1259.3,321,1.3,3.65,False
744023,firm_3,82,75.44,73.34,28,0,320,908603.46,22884.8,24140.8,1256.0,320,1.3,3.75,False
744023,firm_3,83,71.67,73.34,28,0,320,928128.34,21678.4,22934.4,1256.0,320,1.3,3.85,False
744023,firm_3,84,68.09,69.67,29,0,332,946601.59,21293.68,22605.88,1312.2,332,1.35,3.95,False
744023,firm_3,85,64.69,66.19,30,0,340,964671.49,20655.6,21994.6,1339.0,340,1.35,4.05,False
744023,firm_3,86,61.46,72.81,31,0,355,982243.43,20429.05,21818.3,1389.25,355,1.35,4.15,False
744023,firm_3,87,64.53,72.81,32,0,362,1001260.67,21947.16,23359.86,1412.7,362,1.35,4.25,False
744023,firm_3,88,61.3,69.17,33,0,374,1019951.36,21473.3,22926.2,1452.9,374,1.35,4.15,False
744023,firm_3,89,55.17,69.17,32,0,362,1036196.76,18558.84,19971.54,1412.7,362,1.35,4.25,False
744023,firm_3,90,60.69,69.17,33,0,373,1054601.97,21187.82,22637.37,1449.55,373,1.35,4.25,False
744023,firm_3,91,63.72,69.17,32,0,362,1073942.47,21653.94,23066.64,1412.7,362,1.35,4.35,False
744023,firm_3,92,57.35,62.25,33,0,373,1091230.22,19942.0,21391.55,1449.55,373,1.35,4.45,False
744023,firm_3,93,63.09,59.14,33,0,373,1111361.62,22083.02,23532.57,1449.55,373,1.35,4.45,False
744023,firm_3,94,69.4,65.05,34,0,385,1133779.17,25229.25,26719.0,1489.75,385,1.35,4.55,False
744023,firm_3,95,65.93,61.8,34,0,384,1155508.69,23830.72,25317.12,1486.4,384,1.35,4.45,False
744023,firm_3,96,62.63,61.8,34,0,384,1175971.01,22563.52,24049.92,1486.4,384,1.35,4.45,False
744023,firm_3,97,68.89,55.62,35,0,395,1199212.61,25688.3,27211.55,1523.25,395,1.35,4.35,False
744023,firm_3,98,65.45,61.18,34,0,384,1220678.89,23646.4,25132.8,1486.4,384,1.35,4.45,False
744023,firm_3,99,72.0,61.18,35,0,395,1244954.34,26916.75,28440.0,1523.25,395,1.35,4.45,False
744023,firm_3,100,68.4,58.12,36,0,406,1268472.32,26210.3,27770.4,1560.1,406,1.35,4.55,False
744023,firm_3,101,64.98,55.21,37,0,418,1291490.89,25561.34,27161.64,1600.3,418,1.35,4.45,False
744023,firm_3,102,58.48,49.69,37,0,417,1312341.57,22789.21,24386.16,1596.95,417,1.35,4.55,False
744023,firm_3,103,55.56,52.17,38,0,429,1332057.2,22198.09,23835.24,1637.15,429,1.35,4.55,False
744023,firm_3,104,58.34,52.17,38,0,428,1353310.46,23335.72,24969.52,1633.8,428,1.35,4.65,False
744023,firm_3,105,55.42,54.78,39,0,440,1373284.84,22710.8,24384.8,1674.0,440,1.35,4.75,False
744023,firm_3,106,60.96,54.78,40,0,451,1396275.75,25782.11,27492.96,1710.85,451,1.35,4.85,False
744023,firm_3,107,67.06,52.04,41,0,462,1422876.13,29234.02,30981.72,1747.7,462,1.35,4.85,False
744023,firm_3,108,63.71,52.04,42,0,473,1448540.73,28350.28,30134.83,1784.55,473,1.35,4.85,False
744023,firm_3,109,66.9,49.44,42,0,473,1476223.4,29859.15,31643.7,1784.55,473,1.35,4.95,False
744023,firm_3,110,70.24,54.38,42,0,473,1505278.41,31438.97,33223.52,1784.55,473,1.35,5.05,False
744023,firm_3,111,70.24,48.94,41,0,461,1533808.16,30636.29,32380.64,1744.35,461,1.35,5.15,False
744023,firm_3,112,73.75,44.05,42,0,472,1564386.86,33028.8,34810.0,1781.2,472,1.35,5.25,False
744023,firm_3,113,73.75,41.85,43,0,483,1595790.51,33803.2,35621.25,1818.05,483,1.35,5.35,False
744023,firm_3,114,70.06,43.94,44,0,494,1626011.89,32754.74,34609.64,1854.9,494,1.35,5.45,False
744023,firm_3,115,70.06,39.55,44,0,497,1657126.56,32954.87,34819.82,1864.95,497,1.35,5.55,False
744023,firm_3,116,66.56,39.55,45,0,508,1686657.49,31910.68,33812.48,1901.8,508,1.35,5.65,False
744023,firm_3,117,66.56,43.5,46,0,520,1716725.69,32669.2,34611.2,1942.0,520,1.35,5.75,False
744023,firm_3,118,63.23,41.32,46,0,519,1745376.74,30851.77,32816.37,1964.6,519,1.4,5.85,False
744023,firm_3,119,60.07,41.32,46,0,519,1772687.75,29211.73,31176.33,1964.6,519,1.4,5.85,False
744023,firm_3,120,63.07,41.32,45,0,508,1800840.71,30112.36,32039.56,1927.2,508,1.4,5.95,False
744023,firm_3,121,69.38,39.25,46,0,519,1832578.83,34043.62,36008.22,1964.6,519,1.4,5.85,False
744023,firm_3,122,65.91,35.33,47,0,530,1863248.62,32930.3,34932.3,2002.0,530,1.4,5.95,False
744023,firm_3,123,62.61,31.8,46,0,519,1892315.81,30529.99,32494.59,1964.6,519,1.4,5.95,False
744023,firm_3,124,56.35,30.21,46,0,519,1918107.2,27281.05,29245.65,1964.6,519,1.4,6.0,False
744023,firm_3,125,61.99,28.7,45,0,507,1946220.83,29505.13,31428.93,1923.8,507,1.4,6.0,False
744023,firm_3,126,65.09,25.83,45,0,507,1976135.31,31076.83,33000.63,1923.8,507,1.4,5.9,False
744023,firm_3,127,71.6,25.83,46,0,518,2009248.83,35101.7,37088.8,1987.1,518,1.45,6.0,False
744023,firm_3,128,71.6,24.54,46,0,518,2043221.69,35101.7,37088.8,1987.1,518,1.45,5.9,False
744023,firm_3,129,64.44,24.54,47,0,529,2073632.02,32063.71,34088.76,2025.05,529,1.45,5.9,False
744023,firm_3,130,67.66,24.54,47,0,529,2106145.73,33767.09,35792.14,2025.05,529,1.45,6.0,False
744023,firm_3,131,64.28,23.31,48,0,540,2137075.05,32648.2,34711.2,2063.0,540,1.45,6.0,False
744023,firm_3,132,61.07,22.14,48,0,540,2166827.13,30914.8,32977.8,2063.0,540,1.45,6.0,False
744023,firm_3,133,67.18,23.25,48,0,540,2199825.33,34214.2,36277.2,2063.0,540,1.45,6.0,False
744023,firm_3,134,63.82,22.09,48,0,540,2230937.81,32372.8,34462.8,2090.0,540,1.5,6.0,False
744023,firm_3,135,70.2,20.99,49,0,551,2265861.0,36551.7,38680.2,2128.5,551,1.5,6.0,False
744023,firm_3,136,73.71,19.94,49,0,551,2303369.65,38485.71,40614.21,2128.5,551,1.5,6.0,False
744023,firm_3,137,70.02,17.95,50,0,562,2339156.39,37184.24,39351.24,2167.0,562,1.5,5.9,False
744023,firm_3,138,66.52,16.16,51,0,573,2373642.69,35910.46,38115.96,2205.5,573,1.5,6.0,False
744023,firm_3,139,59.87,16.97,51,0,573,2404777.23,32100.01,34305.51,2205.5,573,1.5,6.0,False
744023,firm_3,140,53.88,15.27,52,0,584,2432705.11,29221.92,31465.92,2244.0,584,1.5,6.0,False
744023,firm_3,141,48.49,16.03,53,0,596,2457869.56,26614.04,28900.04,2286.0,596,1.5,6.0,False
744023,firm_3,142,46.07,15.23,54,0,607,2482187.13,25639.99,27964.49,2324.5,607,1.5,6.0,False
744023,firm_3,143,50.68,15.99,55,0,618,2509764.92,28957.24,31320.24,2363.0,618,1.5,6.0,False
744023,firm_3,144,48.15,15.19,56,0,629,2536199.13,27884.85,30286.35,2401.5,629,1.5,6.0,False
744023,firm_3,145,52.96,15.19,57,0,640,2566187.7,31454.4,33894.4,2440.0,640,1.5,6.0,False
744023,firm_3,146,58.26,15.19,57,0,640,2600068.27,34846.4,37286.4,2440.0,640,1.5,6.0,False
744023,firm_3,147,52.43,14.43,58,0,651,2630284.76,31653.43,34131.93,2478.5,651,1.5,6.0,False
744023,firm_3,148,49.81,15.87,59,0,662,2659205.65,30457.22,32974.22,2517.0,662,1.5,6.0,False
744023,firm_3,149,49.81,14.28,60,0,673,2688715.48,30966.63,33522.13,2555.5,673,1.5,6.0,False
744023,firm_3,150,54.79,14.28,60,0,673,2722176.85,34318.17,36873.67,2555.5,673,1.5,5.9,False
744023,firm_3,151,57.53,14.28,61,0,684,2757462.29,36756.52,39350.52,2594.0,684,1.5,6.0,False
744023,firm_3,152,57.53,13.57,62,0,695,2793471.8,37350.85,39983.35,2632.5,695,1.5,5.9,False
744023,firm_3,153,54.65,12.89,63,0,706,2827736.33,35876.6,38582.9,2706.3,706,1.55,6.0,False
744023,firm_3,154,57.38,12.89,64,0,717,2864807.48,38396.11,41141.46,2745.35,717,1.55,5.9,False
744023,firm_3,155,63.12,13.53,65,0,728,2906494.99,43166.96,45951.36,2784.4,728,1.55,6.0,False
744023,firm_3,156,56.81,12.85,66,0,739,2944206.03,39159.14,41982.59,2823.45,739,1.55,6.0,False
744023,firm_3,157,56.81,13.49,67,0,750,2982447.2,39745.0,42607.5,2862.5,750,1.55,6.0,False
744023,firm_3,158,53.97,12.82,67,0,750,3019103.26,37615.0,40477.5,2862.5,750,1.55,6.0,False
744023,firm_3,159,59.37,12.82,68,0,761,3059910.52,42279.02,45180.57,2901.55,761,1.55,6.0,False
744023,firm_3,160,65.31,12.18,69,0,772,3105948.82,47478.72,50419.32,2940.6,772,1.55,6.0,False
744023,firm_3,161,68.58,12.18,70,0,783,3155214.71,50718.49,53698.14,2979.65,783,1.55,6.0,False
744023,firm_3,162,68.58,13.4,71,0,794,3205197.13,51433.82,54452.52,3018.7,794,1.55,5.9,False
744023,firm_3,163,65.15,13.4,72,0,805,3253020.33,49388.0,52445.75,3057.75,805,1.55,6.0,False
744023,firm_3,164,71.67,13.4,71,0,794,3305856.21,53887.28,56905.98,3018.7,794,1.55,6.0,False
744023,firm_3,165,75.25,12.73,72,0,805,3361858.15,57518.5,60576.25,3057.75,805,1.55,6.0,False
744023,firm_3,166,75.25,12.73,73,0,816,3418636.06,58307.2,61404.0,3096.8,816,1.55,6.0,False
744023,firm_3,167,82.78,14.0,74,0,827,3482323.27,65323.21,68459.06,3135.85,827,1.55,6.0,False
744023,firm_3,168,78.64,14.0,74,0,827,3543086.7,61899.43,65035.28,3135.85,827,1.55,6.0,False
744023,firm_3,169,86.5,14.0,75,0,838,3610748.8,69312.1,72487.0,3174.9,838,1.55,6.0,False
744023,firm_3,170,82.18,14.0,76,0,849,3675641.67,66556.87,69770.82,3213.95,849,1.55,6.0,False
744023,firm_3,171,78.07,14.0,77,0,860,3737850.87,63887.2,67140.2,3253.0,860,1.55,6.0,False
744023,firm_3,172,74.17,14.0,78,0,871,3797468.89,61310.02,64602.07,3292.05,871,1.55,6.0,False
744023,firm_3,173,70.46,14.0,79,0,882,3854577.51,58814.62,62145.72,3331.1,882,1.55,6.0,False
744023,firm_3,174,66.94,14.0,80,0,893,3909264.78,56407.27,59777.42,3370.15,893,1.55,6.0,False
744023,firm_3,175,73.63,14.0,81,0,904,3970683.1,63152.32,66561.52,3409.2,904,1.55,6.0,False
744023,firm_3,176,80.99,14.0,81,0,904,4039254.86,69805.76,73214.96,3409.2,904,1.55,6.0,False
744023,firm_3,177,89.09,14.0,82,0,915,4115575.96,78069.1,81517.35,3448.25,915,1.55,6.0,False
744023,firm_3,178,84.64,14.0,83,0,926,4188703.3,74889.34,78376.64,3487.3,926,1.55,6.0,False
744023,firm_3,179,84.64,14.0,84,0,937,4262708.63,75781.33,79307.68,3526.35,937,1.55,6.0,False
744023,firm_3,180,80.41,14.0,85,0,948,4333581.91,72663.28,76228.68,3565.4,948,1.55,6.0,False
744023,firm_3,181,76.39,14.0,86,0,959,4401431.47,69653.56,73258.01,3604.45,959,1.55,6.0,False
744023,firm_3,182,84.03,14.0,87,0,970,4477479.07,77865.6,81509.1,3643.5,970,1.55,6.0,False
744023,firm_3,183,79.83,14.0,88,0,981,4550277.75,74630.68,78313.23,3682.55,981,1.55,6.0,False
744023,firm_3,184,75.84,14.0,89,0,991,4619871.14,71439.39,75157.44,3718.05,991,1.55,6.0,False
744023,firm_3,185,83.42,14.0,90,0,1002,4697840.88,79829.74,83586.84,3757.1,1002,1.55,6.0,False
744023,firm_3,186,91.76,14.0,91,677,1013,4719617.09,23650.21,30831.36,7181.15,336,1.55,6.0,False
744023,firm_3,187,87.17,13.3,92,0,1024,4862234.46,144440.97,148276.17,3835.2,1701,1.55,6.0,False
744023,firm_3,188,82.81,13.3,92,0,1024,4941873.1,80962.24,84797.44,3835.2,1024,1.55,6.0,False
744023,firm_3,189,78.67,13.3,93,0,1035,5017585.4,77549.2,81423.45,3874.25,1035,1.55,6.0,False
744023,firm_3,190,86.54,13.3,94,0,1046,5102342.74,86607.54,90520.84,3913.3,1046,1.55,6.0,False
744023,firm_3,191,82.21,13.3,95,0,1057,5183422.86,82943.62,86895.97,3952.35,1057,1.55,6.0,False
744023,firm_3,192,78.1,13.3,96,0,1068,5260965.46,79419.4,83410.8,3991.4,1068,1.55,6.0,False
744023,firm_3,193,74.19,13.3,97,0,1079,5335095.92,76020.56,80051.01,4030.45,1079,1.55,6.0,False
744023,firm_3,194,81.61,11.97,98,0,1088,5418052.14,84729.28,88791.68,4062.4,1088,1.55,6.0,False
744023,firm_3,195,89.77,11.97,99,1062,1099,5410177.15,-6089.96,3321.49,9411.45,37,1.55,6.0,False
744023,firm_3,196,85.28,11.37,100,0,1110,5589527.81,181087.66,185228.16,4140.5,2172,1.55,6.0,False
744023,firm_3,197,85.28,11.37,101,932,1121,5595057.81,7278.37,16117.92,8839.55,189,1.55,6.0,False
744023,firm_3,198,81.02,10.23,102,0,1132,5756421.03,163006.68,167225.28,4218.6,2064,1.55,6.0,False
744023,firm_3,199,76.97,10.23,103,0,1141,5838339.56,83572.22,87822.77,4250.55,1141,1.55,6.0,False
744023,firm_3,200,73.12,10.23,104,0,1154,5916759.42,80083.78,84380.48,4296.7,1154,1.55,6.0,False
744023,firm_3,201,80.43,10.23,105,619,1165,5951569.3,36484.03,43914.78,7430.75,546,1.55,6.0,False
744023,firm_3,202,76.41,10.0,106,0,1134,6079630.33,129721.03,133946.73,4225.7,1753,1.55,6.0,False
744023,firm_3,203,68.77,10.0,107,0,1144,6152372.01,74411.68,78672.88,4261.2,1144,1.55,6.0,False
744023,firm_3,204,65.33,10.0,108,0,1155,6221847.91,71155.9,75456.15,4300.25,1155,1.55,6.0,False
744023,firm_3,205,71.86,10.0,109,0,1166,6299607.37,79449.46,83788.76,4339.3,1166,1.55,6.0,False
744023,firm_3,206,79.05,10.0,110,0,1177,6386570.87,88663.5,93041.85,4378.35,1177,1.55,6.0,False
744023,firm_3,207,86.96,10.0,111,849,1187,6405594.5,20733.63,29392.48,8658.85,338,1.55,6.0,False
744023,firm_3,208,82.61,10.0,112,495,1197,6525078.26,121203.76,128128.11,6924.35,1551,1.55,6.0,False
744023,firm_3,209,78.48,10.0,113,0,1208,6652511.3,129163.04,133651.44,4488.4,1703,1.55,6.0,False
744023,firm_3,210,74.56,10.0,114,0,1219,6737132.49,86361.19,90888.64,4527.45,1219,1.55,6.0,False
744023,firm_3,211,70.83,10.0,115,0,1230,6817936.89,82554.4,87120.9,4566.5,1230,1.55,6.0,False
744023,firm_3,212,77.91,10.0,116,1239,1239,6805383.44,-10793.45,0.0,10793.45,0,1.55,6.0,False
744023,firm_3,213,74.01,10.0,117,909,1249,6911296.28,107682.84,116861.79,9178.95,1579,1.55,6.0,False
744023,firm_3,214,70.31,10.0,118,0,1260,7057345.67,147829.39,152502.39,4673.0,2169,1.55,6.0,False
744023,firm_3,215,66.79,10.0,119,0,1270,7135670.47,80114.8,84823.3,4708.5,1270,1.55,6.0,False
744023,firm_3,216,63.45,10.0,120,0,1281,7210402.37,76531.9,81279.45,4747.55,1281,1.55,6.0,False
744023,firm_3,217,69.8,10.0,121,0,1291,7293921.12,85328.75,90111.8,4783.05,1291,1.55,6.0,False
744023,firm_3,218,76.78,10.0,122,0,1301,7387173.35,95072.23,99890.78,4818.55,1301,1.55,6.0,False
744023,firm_3,219,84.46,10.0,123,213,1312,7472242.29,86898.94,92821.54,5922.6,1099,1.55,6.0,False
744023,firm_3,220,80.24,10.0,124,1339,1322,7474541.23,4138.94,15727.04,11588.1,196,1.55,6.0,False
744023,firm_3,221,76.23,10.0,125,0,1333,7671445.64,198754.41,203686.56,4932.15,2672,1.55,6.0,False
744023,firm_3,222,83.85,10.0,125,1092,1333,7679911.34,9815.7,20207.85,10392.15,241,1.55,6.0,False
744023,firm_3,223,79.66,10.0,126,400,1344,7833267.9,155216.56,162187.76,6971.2,2036,1.55,6.0,False
744023,firm_3,224,75.68,10.0,127,1174,1354,7864415.6,33017.7,43894.4,10876.7,580,1.55,6.0,False
744023,firm_3,225,71.9,10.0,128,0,1365,8040043.95,177508.35,182554.1,5045.75,2539,1.55,6.0,False
744023,firm_3,226,79.09,10.0,128,978,1364,8059260.49,20596.54,30528.74,9932.2,386,1.55,6.0,False
744023,firm_3,227,75.14,10.0,129,214,1375,8211943.7,154573.21,160724.46,6151.25,2139,1.55,6.0,False
744023,firm_3,228,71.38,10.0,130,0,1385,8319063.57,109019.87,114136.62,5116.75,1599,1.55,6.0,False
744023,firm_3,229,67.81,10.0,131,0,1396,8406660.53,89506.96,94662.76,5155.8,1396,1.55,6.0,False
744023,firm_3,230,74.59,10.0,132,799,1406,8440830.36,36089.83,45276.13,9186.3,607,1.55,6.0,False
744023,firm_3,231,70.86,10.0,133,0,1416,8590628.46,151728.1,156954.9,5226.8,2215,1.55,6.0,False
744023,firm_3,232,77.95,10.0,134,1173,1427,8597356.91,8668.45,19799.3,11130.85,254,1.55,6.0,False
744023,firm_3,233,74.05,10.0,135,0,1437,8783376.06,187969.15,193270.5,5301.35,2610,1.55,6.0,False
744023,firm_3,234,81.46,10.0,136,1201,1447,8790113.37,8697.31,20039.16,11341.85,246,1.55,6.0,False
744023,firm_3,235,77.39,10.0,137,237,1457,8968947.21,180803.84,187361.19,6557.35,2421,1.55,6.0,False
744023,firm_3,236,73.52,10.0,138,0,1467,9086837.44,119870.23,125278.08,5407.85,1704,1.55,6.0,False
744023,firm_3,237,69.84,10.0,139,0,1478,9182624.06,97776.62,103223.52,5446.9,1478,1.55,6.0,False
744023,firm_3,238,76.82,10.0,140,0,1488,9289449.82,108825.76,114308.16,5482.4,1488,1.55,6.0,False
744023,firm_3,239,84.5,10.0,141,943,1498,9324104.42,36664.6,46897.5,10232.9,555,1.55,6.0,False
744023,firm_3,240,80.27,10.0,142,0,1508,9513372.79,191188.37,196741.77,5553.4,2451,1.55,6.0,False
744023,firm_3,241,76.26,10.0,143,0,1519,9621589.28,110246.49,115838.94,5592.45,1519,1.55,6.0,False
744023,firm_3,242,72.45,10.0,144,0,1528,9724628.48,105079.2,110703.6,5624.4,1528,1.55,6.0,False
744023,firm_3,243,79.7,10.0,145,916,1538,9761911.98,39333.5,49573.4,10239.9,622,1.55,6.0,False
744023,firm_3,244,75.72,10.0,146,0,1549,9940802.83,180950.85,186649.8,5698.95,2465,1.55,6.0,False
744023,firm_3,245,83.29,10.0,147,1559,1559,9925203.38,-13529.45,0.0,13529.45,0,1.55,6.0,False
744023,firm_3,246,79.13,10.0,148,843,1569,10094050.48,170827.1,180812.05,9984.95,2285,1.55,6.0,False
744023,firm_3,247,75.17,10.0,149,165,1579,10254988.72,163028.24,169658.69,6630.45,2257,1.55,6.0,False
744023,firm_3,248,71.41,10.0,150,0,1590,10372368.77,119480.05,125324.55,5844.5,1755,1.55,6.0,False
744023,firm_3,249,67.84,10.0,151,0,1600,10472922.77,102664.0,108544.0,5880.0,1600,1.55,6.0,False
744023,firm_3,250,74.62,10.0,152,781,1610,10522842.25,52039.48,61859.98,9820.5,829,1.55,6.0,False
744023,firm_3,251,70.89,10.0,153,188,1621,10670768.16,150055.91,156950.46,6894.55,2214,1.55,6.0,False
744023,firm_3,252,67.35,10.0,154,0,1631,10785147.76,116519.6,122509.65,5990.05,1819,1.55,6.0,False
744023,firm_3,253,74.08,10.0,155,473,1641,10861132.65,78134.89,86525.44,8390.55,1168,1.55,6.0,False
744023,firm_3,254,70.38,10.0,156,0,1652,11002465.55,143492.9,149557.5,6064.6,2125,1.55,6.0,False
744023,firm_3,255,77.42,10.0,157,0,1662,11122867.49,122571.94,128672.04,6100.1,1662,1.55,6.0,False
744023,firm_3,256,85.16,10.0,158,1571,1673,11115379.66,-5307.83,8686.32,13994.15,102,1.55,6.0,False
744023,firm_3,257,80.9,10.0,159,2468,1683,11158262.41,45072.75,63587.4,18514.65,786,1.55,6.0,False
744023,firm_3,258,76.86,10.0,160,3604,1693,11174643.28,18580.87,42811.02,24230.15,557,1.55,6.0,False
744023,firm_3,259,73.02,10.0,161,3139,1703,11308799.99,136366.71,158307.36,21940.65,2168,1.55,6.0,False
744023,firm_3,260,69.37,10.0,162,2135,1714,11478167.95,171587.96,188547.66,16959.7,2718,1.55,6.0,False
744023,firm_3,261,65.9,10.0,163,0,1725,11723988.2,248050.25,254374.0,6323.75,3860,1.55,6.0,False
744023,firm_3,262,62.6,10.0,164,0,1735,11823999.95,102251.75,108611.0,6359.25,1735,1.55,6.0,False
744023,firm_3,263,59.47,10.0,165,0,1746,11919186.27,97436.32,103834.62,6398.3,1746,1.55,6.0,False
744023,firm_3,264,65.42,10.0,166,588,1756,11983963.03,67036.76,76410.56,9373.8,1168,1.55,6.0,False
744023,firm_3,265,62.15,10.0,167,0,1766,12121524.83,139831.8,146301.1,6469.3,2354,1.55,6.0,False
744023,firm_3,266,68.37,10.0,168,0,1777,12234229.97,114985.14,121493.49,6508.35,1777,1.55,6.0,False
744023,firm_3,267,75.21,10.0,169,0,1787,12359796.39,127856.42,134400.27,6543.85,1787,1.55,6.0,False
744023,firm_3,268,82.73,10.0,170,1768,1797,12344476.21,-13020.18,2399.17,15419.35,29,1.55,6.0,False
744023,firm_3,269,78.59,10.0,171,3135,1806,12354380.92,12214.71,34501.01,22286.3,439,1.55,6.0,False
744023,firm_3,270,74.66,10.0,172,442,1817,12679917.17,327856.25,336716.6,8860.35,4510,1.55,6.0,False
744023,firm_3,271,70.93,10.0,173,0,1828,12831908.87,154321.7,161011.1,6689.4,2270,1.55,6.0,False
744023,firm_3,272,67.38,10.0,174,0,1838,12946688.41,117119.54,123844.44,6724.9,1838,1.55,6.0,False
744023,firm_3,273,74.12,10.0,175,1821,1848,12930474.25,-13864.16,2001.24,15865.4,27,1.55,6.0,False
744023,firm_3,274,70.41,10.0,176,2970,1859,12956555.9,28341.65,49991.1,21649.45,710,1.55,6.0,False
744023,firm_3,275,66.89,10.0,177,2805,1869,13069380.21,115194.31,136054.26,20859.95,2034,1.55,6.0,False
744023,firm_3,276,63.55,10.0,178,1933,1879,13225290.81,158290.6,174826.05,16535.45,2751,1.55,6.0,False
744023,firm_3,277,60.37,10.0,179,0,1889,13446729.0,223828.19,230734.14,6905.95,3822,1.55,6.0,False
744023,firm_3,278,57.35,10.0,180,0,1900,13546349.0,102020.0,108965.0,6945.0,1900,1.55,6.0,False
744023,firm_3,279,63.09,10.0,181,0,1910,13657460.4,113521.4,120501.9,6980.5,1910,1.55,6.0,False
744023,firm_3,280,69.4,10.0,182,0,1919,13781206.55,126166.15,133178.6,7012.45,1919,1.55,6.0,False
744023,firm_3,281,76.34,10.0,183,985,1930,13838941.35,60164.8,72141.3,11976.5,945,1.55,6.0,False
744023,firm_3,282,72.52,10.0,184,1171,1939,13950690.46,114189.11,127127.56,12938.45,1753,1.55,6.0,False
744023,firm_3,283,68.89,10.0,185,636,1950,14109129.61,160889.15,171191.65,10302.5,2485,1.55,6.0,False
744023,firm_3,284,65.45,10.0,186,0,1960,14269419.81,162750.2,169908.2,7158.0,2596,1.55,6.0,False
744023,firm_3,285,62.18,10.0,187,0,1970,14382250.91,115301.1,122494.6,7193.5,1970,1.55,6.0,False
744023,firm_3,286,68.4,10.0,188,996,1980,14434867.51,55096.6,67305.6,12209.0,984,1.55,6.0,False
744023,firm_3,287,64.98,10.0,189,392,1990,14591811.13,159333.62,168558.12,9224.5,2594,1.55,6.0,False
744023,firm_3,288,61.73,10.0,190,0,2001,14729727.47,140416.34,147719.89,7303.55,2393,1.55,6.0,False
744023,firm_3,289,67.9,10.0,191,383,2012,14828568.97,101351.5,110609.1,9257.6,1629,1.55,6.0,False
744023,firm_3,290,64.5,10.0,192,0,2023,14973854.32,147805.35,155187.0,7381.65,2406,1.55,6.0,False
744023,firm_3,291,70.95,10.0,193,801,2034,15047379.97,76055.65,87481.35,11425.7,1233,1.55,6.0,False
744023,firm_3,292,67.4,10.0,194,224,2043,15212855.32,168015.35,176588.0,8572.65,2620,1.55,6.0,False
744023,firm_3,293,64.03,10.0,195,0,2053,15348613.48,138308.16,145796.31,7488.15,2277,1.55,6.0,False
744023,firm_3,294,70.43,10.0,196,8,2063,15483223.48,137170.0,144733.65,7563.65,2055,1.55,6.0,False
744023,firm_3,295,77.47,10.0,197,1917,2074,15476288.33,-4365.15,12782.55,17147.7,165,1.55,6.0,False
744023,firm_3,296,73.6,10.0,198,3376,2085,15495400.18,21591.85,46073.6,24481.75,626,1.55,6.0,False
744023,firm_3,297,69.92,10.0,199,3691,2096,15591241.9,98431.72,124527.52,26095.8,1781,1.55,6.0,False
744023,firm_3,298,66.42,10.0,200,3333,2106,15727959.48,139317.58,163658.88,24341.3,2464,1.55,6.0,False
744023,firm_3,299,63.1,10.0,201,2699,2117,15877727.23,152377.75,173588.1,21210.35,2751,1.55,6.0,False
744023,firm_3,300,59.94,10.0,202,725,2127,16109545.32,234438.09,245813.94,11375.85,4101,1.55,6.0,False
744023,firm_3,301,56.94,10.0,203,0,2137,16262091.25,155175.93,162962.28,7786.35,2862,1.55,6.0,False
744023,firm_3,302,62.63,10.0,204,1186,2147,16305886.83,46435.58,60187.43,13751.85,961,1.55,6.0,False
744023,firm_3,303,59.5,10.0,205,814,2156,16441729.03,138492.2,150416.0,11923.8,2528,1.55,6.0,False
744023,firm_3,304,56.52,10.0,206,0,2167,16599662.3,160593.27,168486.12,7892.85,2981,1.55,6.0,False
744023,firm_3,305,56.52,10.0,207,0,2178,16712160.96,115168.66,123100.56,7931.9,2178,1.55,6.0,False
744023,firm_3,306,62.17,10.0,208,0,2187,16837482.9,128001.94,135965.79,7963.85,2187,1.55,6.0,False
744023,firm_3,307,68.39,10.0,209,1551,2197,16863218.49,28425.59,44179.94,15754.35,646,1.55,6.0,False
744023,firm_3,308,64.97,10.0,210,0,2207,17096640.9,236122.41,244157.26,8034.85,3758,1.55,6.0,False
744023,firm_3,309,71.47,10.0,211,2087,2217,17084716.65,-9214.25,9291.1,18505.35,130,1.55,6.0,False
744023,firm_3,310,67.9,10.0,212,3707,2227,17096571.1,14574.45,41215.3,26640.85,607,1.55,6.0,False
744023,firm_3,311,64.5,10.0,213,3551,2238,17222354.2,128513.1,154413.0,25899.9,2394,1.55,6.0,False
744023,firm_3,312,61.28,10.0,214,2869,2248,17376639.2,157025.0,179550.4,22525.4,2930,1.55,6.0,False
744023,firm_3,313,58.22,10.0,215,4319,2258,17391120.06,17230.86,47041.76,29810.9,808,1.55,6.0,False
744023,firm_3,314,55.31,10.0,216,3039,2269,17561305.3,172845.24,196295.19,23449.95,3549,1.55,6.0,False
744023,firm_3,315,52.54,10.0,217,0,2279,17829652.57,271117.27,279407.72,8290.45,5318,1.55,6.0,False
744023,firm_3,316,49.91,10.0,218,0,2290,17932836.97,105964.4,114293.9,8329.5,2290,1.55,6.0,False
744023,firm_3,317,47.41,10.0,219,0,2299,18030681.11,100634.14,108995.59,8361.45,2299,1.55,6.0,False
744023,firm_3,318,52.15,10.0,220,0,2309,18139898.51,112017.4,120414.35,8396.95,2309,1.55,6.0,False
744023,firm_3,319,57.36,10.0,221,0,2319,18261673.9,124585.39,133017.84,8432.45,2319,1.55,6.0,False
744023,firm_3,320,63.1,10.0,222,403,2328,18369842.0,110988.1,121467.5,10479.4,1925,1.55,6.0,False
744023,firm_3,321,59.94,10.0,223,0,2339,18522964.03,155852.03,164355.48,8503.45,2742,1.55,6.0,False
744023,firm_3,322,65.93,10.0,224,2068,2349,18519771.41,-352.62,18526.33,18878.95,281,1.55,6.0,False
744023,firm_3,323,62.63,10.0,225,3316,2359,18561448.89,44427.48,69581.93,25154.45,1111,1.55,6.0,False
744023,firm_3,324,59.5,10.0,226,4047,2370,18627260.89,68672.0,97520.5,28848.5,1639,1.55,6.0,False
744023,firm_3,325,56.52,10.0,227,3346,2380,18773150.01,148759.12,174138.12,25379.0,3081,1.55,6.0,False
744023,firm_3,326,53.69,10.0,228,0,2389,19069501.21,299231.2,307912.15,8680.95,5735,1.55,6.0,False
744023,firm_3,327,51.01,10.0,229,0,2399,19180267.75,113656.54,122372.99,8716.45,2399,1.55,6.0,False
744023,firm_3,328,48.46,10.0,230,0,2410,19285500.85,108033.1,116788.6,8755.5,2410,1.55,6.0,False
744023,firm_3,329,53.31,10.0,231,188,2420,19391847.77,109256.92,118987.92,9731.0,2232,1.55,6.0,False
744023,firm_3,330,50.64,10.0,232,0,2429,19512629.7,123701.93,132524.88,8822.95,2617,1.55,6.0,False
744023,firm_3,331,55.7,10.0,233,0,2440,19636745.7,127046.0,135908.0,8862.0,2440,1.55,6.0,False
744023,firm_3,332,61.27,10.0,234,1248,2451,19692372.46,58566.76,73707.81,15141.05,1203,1.55,6.0,False
744023,firm_3,333,58.21,10.0,235,0,2460,19896432.14,206909.68,215842.68,8933.0,3708,1.55,6.0,False
744023,firm_3,334,64.03,10.0,235,957,2460,19976501.23,82519.09,96237.09,13718.0,1503,1.55,6.0,False
744023,firm_3,335,60.83,10.0,236,0,2470,20173037.14,199495.91,208464.41,8968.5,3427,1.55,6.0,False
744023,firm_3,336,66.91,10.0,237,1944,2480,20187206.9,17139.76,35863.76,18724.0,536,1.55,6.0,False
744023,firm_3,337,63.56,10.0,238,4435,2491,20153008.85,-31218.05,0.0,31218.05,0,1.55,6.0,False
744023,firm_3,338,60.38,10.0,239,6826,2501,20113452.1,-36566.75,6641.8,43208.55,110,1.55,6.0,False
744023,firm_3,339,57.36,10.0,240,6808,2511,20212361.49,101909.39,145063.44,43154.05,2529,1.55,6.0,False
744023,firm_3,340,54.49,10.0,241,7643,2521,20253857.08,44505.59,91870.14,47364.55,1686,1.55,6.0,False
744023,firm_3,341,51.77,10.0,242,4672,2531,20503130.57,252293.49,284838.54,32545.05,5502,1.55,6.0,False
744023,firm_3,342,49.18,10.0,243,0,2541,20845615.36,345514.79,354735.34,9220.55,7213,1.55,6.0,False
744023,firm_3,343,46.72,10.0,244,0,2551,20952502.03,109926.67,119182.72,9256.05,2551,1.55,6.0,False
744023,firm_3,344,44.38,10.0,245,0,2561,21053817.66,104365.63,113657.18,9291.55,2561,1.55,6.0,False
744023,firm_3,345,48.82,10.0,246,0,2569,21166856.29,116098.63,125418.58,9319.95,2569,1.55,6.0,False
744023,firm_3,346,53.7,10.0,247,0,2579,21292923.14,129136.85,138492.3,9355.45,2579,1.55,6.0,False
744023,firm_3,347,59.07,10.0,248,1863,2589,21314022.01,24178.87,42884.82,18705.95,726,1.55,6.0,False
744023,firm_3,348,56.12,10.0,249,0,2598,21551960.43,240928.42,250351.32,9422.9,4461,1.55,6.0,False
744023,firm_3,349,61.73,10.0,249,2543,2598,21530627.68,-18742.75,3395.15,22137.9,55,1.55,6.0,False
744023,firm_3,350,58.64,10.0,250,3679,2607,21586037.27,58409.59,86259.44,27849.85,1471,1.55,6.0,False
744023,firm_3,351,55.71,10.0,250,3269,2607,21725714.49,142277.22,168077.07,25799.85,3017,1.55,6.0,False
744023,firm_3,352,52.92,10.0,250,2646,2607,21871361.24,148246.75,170931.6,22684.85,3230,1.55,6.0,False
744023,firm_3,353,50.27,10.0,250,1132,2606,22060762.34,192001.1,207112.4,15111.3,4120,1.55,6.0,False
744023,firm_3,354,47.76,10.0,250,0,2606,22227237.92,169075.58,178526.88,9451.3,3738,1.55,6.0,False
744023,firm_3,355,52.54,10.0,250,2099,2605,22231280.41,6642.49,26585.24,19942.75,506,1.55,6.0,False
744023,firm_3,356,49.91,10.0,250,125,2605,22447245.55,218465.14,228537.89,10072.75,4579,1.55,6.0,False
744023,firm_3,357,47.41,10.0,250,0,2605,22564627.1,119981.55,129429.3,9447.75,2730,1.55,6.0,False
744023,firm_3,358,52.15,10.0,250,0,2604,22688381.5,126354.4,135798.6,9444.2,2604,1.55,6.0,False
744023,firm_3,359,57.36,10.0,250,504,2603,22794219.49,108437.99,120398.64,11960.65,2099,1.55,6.0,False
744023,firm_3,360,54.49,10.0,250,0,2602,22951428.33,159808.84,169245.94,9437.1,3106,1.55,6.0,False
744023,firm_3,361,59.94,10.0,250,1970,2602,22967423.31,18594.98,37882.08,19287.1,632,1.55,6.0,False
744023,firm_3,362,56.94,10.0,250,3774,2602,22981954.33,17131.02,45438.12,28307.1,798,1.55,6.0,False
744023,firm_3,363,54.09,10.0,250,0,2601,23314744.53,335390.2,344823.75,9433.55,6375,1.55,6.0,False
744023,firm_3,364,51.39,10.0,250,14,2602,23435634.75,123490.22,132997.32,9507.1,2588,1.55,6.0,False
744023,firm_3,365,48.82,10.0,250,1938,2602,23447107.61,13972.86,33099.96,19127.1,678,1.55,6.0,False
744023,firm_4,1,45.96,41.16,12,0,139,95041.78,5867.35,6388.44,521.09,139,0.31,0.28,False
744023,firm_4,2,50.56,43.22,13,0,152,101113.92,7134.0,7685.12,551.12,152,0.31,0.28,False
744023,firm_4,3,55.62,45.38,14,0,163,108468.13,8489.53,9066.06,576.53,163,0.31,0.28,False
744023,firm_4,4,61.18,47.65,15,0,175,117355.63,10102.25,10706.5,604.25,175,0.31,0.28,False
744023,firm_4,5,67.3,50.03,16,0,187,128008.28,11953.13,12585.1,631.97,187,0.31,0.28,False
744023,firm_4,6,74.03,52.53,17,0,198,140615.83,14000.56,14657.94,657.38,198,0.31,0.28,False
744023,firm_4,7,81.43,55.16,18,0,210,155538.15,16415.2,17100.3,685.1,210,0.31,0.28,False
744023,firm_4,8,89.57,57.92,19,0,222,173109.39,19171.72,19884.54,712.82,222,0.31,0.28,False
744023,firm_4,9,98.53,60.82,20,0,233,193612.25,22219.26,22957.49,738.23,233,0.31,0.28,False
744023,firm_4,10,98.53,63.86,21,0,245,215145.09,23373.9,24139.85,765.95,245,0.31,0.28,False
744023,firm_4,11,98.53,67.05,22,0,257,237698.53,24528.54,25322.21,793.67,257,0.31,0.28,False
744023,firm_4,12,98.53,70.4,23,0,268,261166.29,25586.96,26406.04,819.08,268,0.31,0.28,False
744023,firm_4,13,98.53,73.92,24,0,280,285633.81,26741.6,27588.4,846.8,280,0.31,0.28,False
744023,firm_4,14,98.53,77.62,25,0,292,311089.55,27896.24,28770.76,874.52,292,0.31,0.28,False
744023,firm_4,15,98.53,81.5,26,0,303,337425.21,28954.66,29854.59,899.93,303,0.31,0.28,False
744023,firm_4,16,98.53,85.58,27,0,315,364723.85,30109.3,31036.95,927.65,315,0.31,0.28,False
744023,firm_4,17,98.53,89.86,28,0,327,392971.71,31263.94,32219.31,955.37,327,0.31,0.28,False
744023,firm_4,18,98.53,89.86,29,0,338,422188.13,32322.36,33303.14,980.78,338,0.31,0.28,False
744023,firm_4,19,98.53,94.35,30,0,350,452234.63,33477.0,34485.5,1008.5,350,0.31,0.38,False
744023,firm_4,20,98.53,94.35,31,0,361,483245.2,34535.42,35569.33,1033.91,361,0.31,0.48,False
744023,firm_4,21,98.53,94.35,32,0,373,515316.06,35690.06,36751.69,1061.63,373,0.31,0.58,False
744023,firm_4,22,98.53,94.35,33,0,383,548254.77,36652.26,37736.99,1084.73,383,0.31,0.68,False
744023,firm_4,23,98.53,94.35,34,0,394,582157.55,37710.68,38820.82,1110.14,394,0.31,0.78,False
744023,firm_4,24,98.53,94.35,35,0,406,617120.62,38865.32,40003.18,1137.86,406,0.31,0.88,False
744023,firm_4,25,98.53,94.35,36,0,418,653143.98,40019.96,41185.54,1165.58,418,0.31,0.98,False
744023,firm_4,26,98.53,94.35,37,0,429,690131.41,41078.38,42269.37,1190.99,429,0.31,1.08,False
744023,firm_4,27,98.53,94.35,38,0,441,728179.13,42233.02,43451.73,1218.71,441,0.31,1.18,False
744023,firm_4,28,98.53,94.35,39,0,452,767190.92,43291.44,44535.56,1244.12,452,0.31,1.28,False
744023,firm_4,29,98.53,94.35,40,0,464,807263.0,44446.08,45717.92,1271.84,464,0.31,1.38,False
744023,firm_4,30,93.6,94.35,41,0,475,845957.4,43162.75,44460.0,1297.25,475,0.31,1.48,False
744023,firm_4,31,88.92,94.35,42,0,487,883373.77,41979.07,43304.04,1324.97,487,0.31,1.58,False
744023,firm_4,32,84.47,94.35,43,0,498,919432.4,40715.68,42066.06,1350.38,498,0.31,1.68,False
744023,firm_4,33,80.25,94.35,44,0,510,954230.4,39549.4,40927.5,1378.1,510,0.31,1.78,False
744023,firm_4,34,76.24,84.92,43,0,496,986948.12,36469.28,37815.04,1345.76,496,0.31,1.88,False
744023,firm_4,35,72.43,76.43,42,0,484,1017376.14,33738.08,35056.12,1318.04,484,0.31,1.98,False
744023,firm_4,36,68.81,68.79,41,0,473,1045710.25,31254.5,32547.13,1292.63,473,0.31,2.08,False
744023,firm_4,37,65.37,61.91,40,0,460,1071941.45,28807.6,30070.2,1262.6,460,0.31,2.18,False
744023,firm_4,38,65.37,55.72,40,0,460,1098420.25,28807.6,30070.2,1262.6,460,0.31,2.28,False
744023,firm_4,39,65.37,50.15,41,0,471,1125265.36,29501.26,30789.27,1288.01,471,0.31,2.38,False
744023,firm_4,40,65.37,45.14,42,0,483,1153027.46,30257.98,31573.71,1315.73,483,0.31,2.48,False
744023,firm_4,41,65.37,40.63,43,0,494,1181632.01,30951.64,32292.78,1341.14,494,0.31,2.58,False
744023,firm_4,42,65.37,36.57,44,0,504,1211005.17,31582.24,32946.48,1364.24,504,0.31,2.68,False
744023,firm_4,43,65.37,32.91,45,0,515,1241200.12,32275.9,33665.55,1389.65,515,0.31,2.78,False
744023,firm_4,44,65.37,29.62,46,0,526,1272207.16,32969.56,34384.62,1415.06,526,0.31,2.88,False
744023,firm_4,45,65.37,26.66,47,0,538,1304080.42,33726.28,35169.06,1442.78,538,0.31,2.98,False
744023,firm_4,46,65.37,23.99,48,0,549,1336748.84,34419.94,35888.13,1468.19,549,0.31,3.08,False
744023,firm_4,47,65.37,21.59,49,0,560,1370204.53,35113.6,36607.2,1493.6,560,0.31,3.18,False
744023,firm_4,48,65.37,19.43,50,0,570,1404377.23,35744.2,37260.9,1516.7,570,0.31,3.28,False
744023,firm_4,49,65.37,17.49,51,0,581,1439323.1,36437.86,37979.97,1542.11,581,0.31,3.38,False
744023,firm_4,50,65.37,15.74,52,0,588,1474783.9,36879.28,38437.56,1558.28,588,0.31,3.48,False
744023,firm_4,51,65.37,14.17,53,0,600,1511068.89,37636.0,39222.0,1586.0,600,0.31,3.58,False
744023,firm_4,52,65.37,12.75,54,0,611,1548110.05,38329.66,39941.07,1611.41,611,0.31,3.68,False
744023,firm_4,53,65.37,11.48,55,0,622,1585901.97,39023.32,40660.14,1636.82,622,0.31,3.78,False
744023,firm_4,54,65.37,10.33,56,0,633,1624440.47,39716.98,41379.21,1662.23,633,0.31,3.88,False
744023,firm_4,55,65.37,10.0,57,0,638,1663302.75,40032.28,41706.06,1673.78,638,0.31,3.98,False
744023,firm_4,56,65.37,10.0,58,0,649,1702848.69,40725.94,42425.13,1699.19,649,0.31,4.08,False
744023,firm_4,57,65.37,10.0,59,0,660,1743078.29,41419.6,43144.2,1724.6,660,0.31,4.18,False
744023,firm_4,58,65.37,10.0,60,0,671,1783991.55,42113.26,43863.27,1750.01,671,0.31,4.28,False
744023,firm_4,59,65.37,10.0,61,0,682,1825588.47,42806.92,44582.34,1775.42,682,0.31,4.38,False
744023,firm_4,60,65.37,10.0,62,0,693,1867869.05,43500.58,45301.41,1800.83,693,0.31,4.48,False
744023,firm_4,61,65.37,10.0,62,0,693,1910649.63,43500.58,45301.41,1800.83,693,0.31,4.58,False
744023,firm_4,62,65.37,10.0,63,0,704,1953613.87,44194.24,46020.48,1826.24,704,0.31,4.68,False
744023,firm_4,63,65.37,10.0,64,0,715,1997261.77,44887.9,46739.55,1851.65,715,0.31,4.78,False
744023,firm_4,64,65.37,10.0,65,0,726,2041593.33,45581.56,47458.62,1877.06,726,0.31,4.88,False
744023,firm_4,65,65.37,10.0,66,0,737,2086608.55,46275.22,48177.69,1902.47,737,0.31,4.98,False
744023,firm_4,66,65.37,10.0,67,0,748,2132307.43,46968.88,48896.76,1927.88,748,0.31,5.08,False
744023,firm_4,67,65.37,10.0,68,0,759,2178689.97,47662.54,49615.83,1953.29,759,0.31,5.18,False
744023,firm_4,68,65.37,10.0,68,0,759,2225572.51,47662.54,49615.83,1953.29,759,0.31,5.28,False
744023,firm_4,69,65.37,10.0,69,0,770,2272638.71,48356.2,50334.9,1978.7,770,0.31,5.38,False
744023,firm_4,70,65.37,10.0,70,0,781,2320388.57,49049.86,51053.97,2004.11,781,0.31,5.48,False
744023,firm_4,71,65.37,10.0,70,0,780,2368575.37,48986.8,50988.6,2001.8,780,0.31,5.58,False
744023,firm_4,72,65.37,10.0,71,0,791,2416945.83,49680.46,51707.67,2027.21,791,0.31,5.68,False
744023,firm_4,73,65.37,10.0,71,0,791,2465816.29,49680.46,51707.67,2027.21,791,0.31,5.78,False
744023,firm_4,74,65.37,10.0,72,0,802,2514870.41,50374.12,52426.74,2052.62,802,0.31,5.88,False
744023,firm_4,75,65.37,10.0,73,0,813,2564608.19,51067.78,53145.81,2078.03,813,0.31,5.98,False
744023,firm_4,76,65.37,10.0,74,0,824,2615029.63,51761.44,53864.88,2103.44,824,0.31,6.0,False
744023,firm_4,77,65.37,10.0,74,0,824,2665951.07,51761.44,53864.88,2103.44,824,0.31,6.0,False
744023,firm_4,78,65.37,10.0,74,0,824,2716872.51,51761.44,53864.88,2103.44,824,0.31,6.0,False
744023,firm_4,79,65.37,10.0,74,0,824,2767793.95,51761.44,53864.88,2103.44,824,0.31,6.0,False
744023,firm_4,80,65.37,10.0,74,0,823,2818652.33,51698.38,53799.51,2101.13,823,0.31,6.0,False
744023,firm_4,81,65.37,10.0,75,0,834,2869694.37,52392.04,54518.58,2126.54,834,0.31,6.0,False
744023,firm_4,82,65.37,10.0,76,0,844,2921357.01,53022.64,55172.28,2149.64,844,0.31,6.0,False
744023,firm_4,83,65.37,10.0,76,0,844,2973519.65,53022.64,55172.28,2149.64,844,0.31,6.0,False
744023,firm_4,84,65.37,10.0,77,0,856,3025929.01,53779.36,55956.72,2177.36,856,0.31,6.0,False
744023,firm_4,85,65.37,10.0,77,0,855,3078775.31,53716.3,55891.35,2175.05,855,0.31,6.0,False
744023,firm_4,86,65.37,10.0,78,0,866,3131905.27,54409.96,56610.42,2200.46,866,0.31,6.0,False
744023,firm_4,87,65.37,10.0,79,0,876,3185655.83,55040.56,57264.12,2223.56,876,0.31,6.0,False
744023,firm_4,88,65.37,10.0,79,0,876,3239806.39,55040.56,57264.12,2223.56,876,0.31,6.0,False
744023,firm_4,89,65.37,10.0,80,0,887,3294240.61,55734.22,57983.19,2248.97,887,0.31,6.0,False
744023,firm_4,90,65.37,10.0,79,0,876,3348391.17,55040.56,57264.12,2223.56,876,0.31,6.0,False
744023,firm_4,91,65.37,10.0,80,0,887,3402725.39,55734.22,57983.19,2248.97,887,0.31,6.0,False
744023,firm_4,92,65.37,10.0,80,0,886,3457596.55,55671.16,57917.82,2246.66,886,0.31,6.0,False
744023,firm_4,93,65.37,10.0,81,0,897,3512551.37,56364.82,58636.89,2272.07,897,0.31,6.0,False
744023,firm_4,94,65.37,10.0,81,0,897,3567861.34,56319.97,58636.89,2316.92,897,0.36,6.0,False
744023,firm_4,95,65.37,10.0,81,0,896,3623208.3,56256.96,58571.52,2314.56,896,0.36,6.0,False
744023,firm_4,96,65.37,10.0,81,0,896,3678655.26,56256.96,58571.52,2314.56,896,0.36,6.0,False
744023,firm_4,97,65.37,10.0,81,0,896,3734002.22,56256.96,58571.52,2314.56,896,0.36,6.0,False
744023,firm_4,98,65.37,10.0,81,0,895,3789286.17,56193.95,58506.15,2312.2,895,0.36,6.0,False
744023,firm_4,99,65.37,10.0,81,0,895,3844325.37,56149.2,58506.15,2356.95,895,0.41,6.0,False
744023,firm_4,100,65.37,10.0,81,0,894,3899601.61,56086.24,58440.78,2354.54,894,0.41,6.0,False
744023,firm_4,101,65.37,10.0,81,0,894,3954533.15,56041.54,58440.78,2399.24,894,0.46,6.0,False
744023,firm_4,102,65.37,10.0,81,0,893,4009457.13,55933.98,58375.41,2441.43,893,0.51,6.0,False
744023,firm_4,103,58.83,10.0,81,0,893,4058396.24,50049.11,52535.19,2486.08,893,0.56,6.0,False
744023,firm_4,104,58.83,10.0,81,0,893,4107535.35,50049.11,52535.19,2486.08,893,0.56,6.0,False
744023,firm_4,105,58.83,10.0,81,0,892,4156618.19,49992.84,52476.36,2483.52,892,0.56,6.0,False
744023,firm_4,106,55.89,10.0,80,0,881,4202501.92,46783.73,49239.09,2455.36,881,0.56,6.0,False
744023,firm_4,107,55.89,10.0,81,0,891,4248408.95,47317.03,49797.99,2480.96,891,0.56,6.0,False
744023,firm_4,108,55.89,10.0,81,0,890,4294762.65,47263.7,49742.1,2478.4,890,0.56,6.0,False
744023,firm_4,109,55.89,10.0,81,0,890,4340871.85,47219.2,49742.1,2522.9,890,0.61,6.0,False
744023,firm_4,110,55.89,10.0,81,0,889,4386983.32,47121.47,49686.21,2564.74,889,0.66,6.0,False
744023,firm_4,111,55.89,10.0,81,0,889,4433194.79,47121.47,49686.21,2564.74,889,0.66,6.0,False
744023,firm_4,112,58.68,10.0,80,0,878,4481280.35,48985.56,51521.04,2535.48,878,0.66,6.0,False
744023,firm_4,113,58.68,10.0,80,0,877,4529166.04,48885.69,51462.36,2576.67,877,0.71,6.0,False
744023,firm_4,114,58.68,10.0,80,0,877,4576907.88,48841.84,51462.36,2620.52,877,0.76,6.0,False
744023,firm_4,115,58.68,10.0,80,0,881,4625073.4,49065.52,51697.08,2631.56,881,0.76,6.0,False
744023,firm_4,116,58.68,10.0,80,0,881,4673094.87,49021.47,51697.08,2675.61,881,0.81,6.0,False
744023,firm_4,117,58.68,10.0,80,0,880,4721260.47,48965.6,51638.4,2672.8,880,0.81,6.0,False
744023,firm_4,118,55.75,10.0,80,0,880,4766503.67,46343.2,49060.0,2716.8,880,0.86,6.0,False
744023,firm_4,119,55.75,10.0,80,0,879,4811893.98,46290.31,49004.25,2713.94,879,0.86,6.0,False
744023,firm_4,120,52.96,10.0,80,0,879,4854687.93,43793.95,46551.84,2757.89,879,0.91,6.0,False
744023,firm_4,121,52.96,10.0,80,0,879,4897681.88,43793.95,46551.84,2757.89,879,0.91,6.0,False
744023,firm_4,122,52.96,10.0,80,0,878,4940381.88,43700.0,46498.88,2798.88,878,0.96,6.0,False
744023,firm_4,123,50.31,10.0,79,0,867,4980200.98,40809.1,43618.77,2809.67,867,1.01,6.0,False
744023,firm_4,124,50.31,11.0,78,0,872,5020144.98,41002.0,43870.32,2868.32,872,1.06,6.0,False
744023,firm_4,125,50.31,10.0,77,0,845,5059101.23,39726.25,42511.95,2785.7,845,1.06,6.0,False
744023,firm_4,126,50.31,10.0,77,0,845,5097815.23,39684.0,42511.95,2827.95,845,1.11,6.0,False
744023,firm_4,127,50.31,10.0,77,0,844,5136439.83,39594.6,42461.64,2867.04,844,1.16,6.0,False
744023,firm_4,128,52.83,10.0,76,0,833,5176513.29,41133.46,44007.39,2873.93,833,1.21,6.0,False
744023,firm_4,129,52.83,10.0,76,0,833,5216645.1,41091.81,44007.39,2915.58,833,1.26,5.9,False
744023,firm_4,130,55.47,10.0,76,0,833,5258934.38,43249.28,46206.51,2957.23,833,1.31,5.9,False
744023,firm_4,131,55.47,10.0,76,0,832,5301129.9,43155.52,46151.04,2995.52,832,1.36,5.9,False
744023,firm_4,132,58.24,10.0,76,0,832,5345588.46,45418.56,48455.68,3037.12,832,1.41,5.9,False
744023,firm_4,133,61.15,10.0,76,0,832,5392326.54,47798.08,50876.8,3078.72,832,1.46,6.0,False
744023,firm_4,134,58.09,10.0,76,0,832,5436577.1,45210.56,48330.88,3120.32,832,1.51,6.0,False
744023,firm_4,135,55.19,10.0,75,0,821,5478056.38,42229.28,45310.99,3081.71,821,1.51,6.0,False
744023,firm_4,136,60.71,10.0,75,0,820,5523769.38,46663.0,49782.2,3119.2,820,1.56,6.0,False
744023,firm_4,137,60.71,10.0,76,0,831,5569701.03,47291.65,50450.01,3158.36,831,1.56,6.0,False
744023,firm_4,138,66.78,10.0,75,0,820,5620350.43,51599.4,54759.6,3160.2,820,1.61,6.0,False
744023,firm_4,139,66.78,10.0,74,0,809,5670274.51,50864.08,54025.02,3160.94,809,1.66,6.0,False
744023,firm_4,140,63.44,10.0,73,0,797,5716749.32,47404.81,50561.68,3156.87,797,1.71,6.0,False
744023,firm_4,141,63.44,10.0,72,0,786,5762537.8,46708.48,49863.84,3155.36,786,1.76,6.0,False
744023,firm_4,142,60.27,10.0,71,0,775,5805184.3,43556.5,46709.25,3152.75,775,1.81,6.0,False
744023,firm_4,143,63.28,10.0,71,0,774,5850065.38,45791.08,48978.72,3187.64,774,1.86,6.0,False
744023,firm_4,144,66.44,10.0,71,0,774,5897353.6,48198.22,51424.56,3226.34,774,1.91,6.0,False
744023,firm_4,145,66.44,10.0,70,0,763,5944163.99,47510.39,50693.72,3183.33,763,1.91,6.0,False
744023,firm_4,146,63.12,10.0,69,0,752,5987799.91,44325.92,47466.24,3140.32,752,1.91,6.0,False
744023,firm_4,147,59.96,10.0,68,0,741,6028215.91,41296.0,44430.36,3134.36,741,1.96,6.0,False
744023,firm_4,148,56.96,10.0,67,0,729,6065982.91,38437.0,41523.84,3086.84,729,1.96,6.0,False
744023,firm_4,149,56.96,10.0,67,0,729,6103513.46,38400.55,41523.84,3123.29,729,2.01,6.0,False
744023,firm_4,150,59.81,10.0,67,0,729,6143221.66,40478.2,43601.49,3123.29,729,2.01,6.0,False
744023,firm_4,151,56.82,10.0,66,0,718,6180179.24,37717.58,40796.76,3079.18,718,2.01,6.0,False
744023,firm_4,152,59.66,10.0,66,0,718,6219040.04,39720.8,42835.88,3115.08,718,2.06,5.9,False
744023,firm_4,153,65.63,10.0,66,0,718,6262287.3,44007.26,47122.34,3115.08,718,2.06,6.0,False
744023,firm_4,154,62.35,10.0,65,0,707,6302412.98,40975.68,44081.45,3105.77,707,2.11,6.0,False
744023,firm_4,155,59.23,10.0,64,0,696,6339701.7,38128.72,41224.08,3095.36,696,2.16,6.0,False
744023,firm_4,156,59.23,10.0,64,0,696,6377190.42,38128.72,41224.08,3095.36,696,2.16,5.9,False
744023,firm_4,157,65.15,10.0,64,0,695,6418738.47,42188.05,45279.25,3091.2,695,2.16,5.9,False
744023,firm_4,158,65.15,10.0,64,0,695,6460051.77,42153.3,45279.25,3125.95,695,2.21,5.9,False
744023,firm_4,159,65.15,10.0,65,0,705,6501429.22,42727.45,45930.75,3203.3,705,2.26,5.9,False
744023,firm_4,160,58.64,10.0,65,0,704,6538627.54,38048.32,41282.56,3234.24,704,2.31,5.9,False
744023,firm_4,161,58.64,10.0,65,0,704,6575690.66,38013.12,41282.56,3269.44,704,2.36,6.0,False
744023,firm_4,162,64.5,10.0,64,0,693,6616293.03,41442.37,44698.5,3256.13,693,2.41,6.0,False
744023,firm_4,163,61.28,10.0,64,0,693,6654629.29,39176.26,42467.04,3290.78,693,2.46,6.0,False
744023,firm_4,164,61.28,10.0,65,0,704,6693045.37,39766.08,43141.12,3375.04,704,2.51,6.0,False
744023,firm_4,165,67.41,10.0,64,0,693,6735560.42,43355.05,46715.13,3360.08,693,2.56,6.0,False
744023,firm_4,166,64.04,10.0,65,0,703,6775789.71,41579.29,45020.12,3440.83,703,2.61,6.0,False
744023,firm_4,167,64.04,11.0,64,0,709,6816786.13,41900.42,45404.36,3503.94,709,2.66,6.0,False
744023,firm_4,168,64.04,10.45,64,0,708,6857722.97,41805.64,45340.32,3534.68,708,2.71,6.0,False
744023,firm_4,169,67.24,10.45,65,0,720,6901029.32,44785.6,48412.8,3627.2,720,2.76,6.0,False
744023,firm_4,170,73.96,10.0,66,0,713,6948773.27,49103.95,52733.48,3629.53,713,2.81,6.0,False
744023,firm_4,171,81.36,10.0,65,0,702,7001661.37,53538.1,57114.72,3576.62,702,2.81,6.0,False
744023,firm_4,172,73.22,10.0,64,0,691,7048092.68,47071.31,50595.02,3523.71,691,2.81,6.0,False
744023,firm_4,173,69.56,10.0,63,0,679,7090993.98,43731.3,47231.24,3499.94,679,2.86,6.0,False
744023,firm_4,174,66.08,10.0,62,0,668,7131068.94,40694.96,44141.44,3446.48,668,2.86,6.0,False
744023,firm_4,175,66.08,11.0,62,0,685,7171888.39,41701.45,45264.8,3563.35,685,2.91,6.0,False
744023,firm_4,176,72.69,11.0,61,0,674,7216701.11,45483.72,48993.06,3509.34,674,2.91,6.0,False
744023,firm_4,177,65.42,10.0,62,0,667,7255507.93,40126.82,43635.14,3508.32,667,2.96,6.0,False
744023,firm_4,178,71.96,10.0,61,0,656,7298417.13,43719.2,47205.76,3486.56,656,3.01,6.0,False
744023,firm_4,179,75.56,10.0,60,0,645,7342889.63,45272.5,48736.2,3463.7,645,3.06,6.0,False
744023,firm_4,180,75.56,10.0,60,0,646,7387400.33,45310.7,48811.76,3501.06,646,3.11,6.0,False
744023,firm_4,181,83.12,11.0,59,0,652,7437181.25,50629.92,54194.24,3564.32,652,3.16,6.0,False
744023,firm_4,182,78.96,11.0,58,0,640,7483343.25,47000.0,50534.4,3534.4,640,3.21,6.0,False
744023,firm_4,183,75.01,10.0,58,0,623,7525817.5,43254.25,46731.23,3476.98,623,3.26,5.9,False
744023,firm_4,184,71.26,10.0,57,0,612,7565208.9,40161.4,43611.12,3449.72,612,3.31,5.9,False
744023,firm_4,185,71.26,10.0,57,0,611,7604503.8,40064.9,43539.86,3474.96,611,3.36,5.9,False
744023,firm_4,186,78.39,10.5,56,0,616,7648702.28,44786.48,48288.24,3501.76,616,3.36,5.9,False
744023,firm_4,187,86.23,10.0,56,0,600,7696234.28,48292.0,51738.0,3446.0,600,3.41,5.9,False
744023,firm_4,188,77.61,10.0,57,0,610,7738775.78,43811.5,47342.1,3530.6,610,3.46,5.8,False
744023,firm_4,189,81.49,10.0,56,0,600,7783403.78,45388.0,48894.0,3506.0,600,3.51,5.8,False
744023,firm_4,190,89.64,10.0,55,0,589,7831976.9,49323.12,52797.96,3474.84,589,3.56,5.8,False
744023,firm_4,191,85.16,10.0,56,0,599,7878167.35,47450.45,51010.84,3560.39,599,3.61,5.8,False
744023,firm_4,192,93.68,10.0,57,0,610,7930389.55,53492.2,57144.8,3652.6,610,3.66,5.8,False
744023,firm_4,193,93.68,10.0,56,0,599,7982123.58,52494.03,56114.32,3620.29,599,3.71,5.8,False
744023,firm_4,194,89.0,10.0,55,0,588,8030118.7,48745.12,52332.0,3586.88,588,3.76,5.7,False
744023,firm_4,195,84.55,10.0,54,0,577,8074611.68,45232.98,48785.35,3552.37,577,3.81,5.7,False
744023,firm_4,196,80.32,10.0,55,0,588,8116944.16,43582.48,47228.16,3645.68,588,3.86,5.7,False
744023,firm_4,197,88.35,10.0,55,0,587,8164386.44,48192.28,51861.45,3669.17,587,3.91,5.7,False
744023,firm_4,198,83.93,10.0,54,0,576,8208585.96,44739.52,48343.68,3604.16,576,3.91,5.7,False
744023,firm_4,199,92.32,10.0,55,0,587,8257829.28,50493.32,54191.84,3698.52,587,3.96,5.7,False
744023,firm_4,200,83.09,10.0,54,0,576,8301287.36,44198.08,47859.84,3661.76,576,4.01,5.7,False
744023,firm_4,201,83.09,10.0,54,0,576,8344716.64,44169.28,47859.84,3690.56,576,4.06,5.7,False
744023,firm_4,202,87.24,10.0,53,0,573,8390274.13,46287.49,49988.52,3701.03,573,4.11,5.7,False
744023,firm_4,203,82.88,10.0,52,0,562,8432698.87,42944.74,46578.56,3633.82,562,4.11,5.7,False
744023,firm_4,204,82.88,10.5,51,0,567,8475491.96,43328.59,46992.96,3664.37,567,4.11,5.7,False
744023,firm_4,205,74.59,10.5,50,0,556,8512614.04,37847.08,41472.04,3624.96,556,4.16,5.7,False
744023,firm_4,206,70.86,10.5,49,0,545,8547161.04,35061.5,38618.7,3557.2,545,4.16,5.7,False
744023,firm_4,207,67.32,10.5,49,0,545,8579551.49,33104.95,36689.4,3584.45,545,4.21,5.7,False
744023,firm_4,208,70.69,10.5,48,0,533,8612888.68,34141.19,37677.77,3536.58,533,4.26,5.8,False
744023,firm_4,209,74.22,10.0,47,0,508,8646642.36,34323.68,37703.76,3380.08,508,4.26,5.9,False
744023,firm_4,210,81.64,10.0,46,0,497,8683446.22,37263.86,40575.08,3311.22,497,4.26,5.9,False
744023,firm_4,211,77.56,10.0,45,0,486,8717448.02,34451.8,37694.16,3242.36,486,4.26,5.9,False
744023,firm_4,212,73.68,10.0,46,0,496,8749503.54,33215.52,36545.28,3329.76,496,4.31,5.9,False
744023,firm_4,213,70.0,10.0,45,0,486,8779482.58,30729.04,34020.0,3290.96,486,4.36,6.0,False
744023,firm_4,214,63.0,10.0,46,0,496,8806416.02,27893.44,31248.0,3354.56,496,4.36,6.0,False
744023,firm_4,215,59.85,10.0,45,0,485,8831608.67,25742.65,29027.25,3284.6,485,4.36,6.0,False
744023,firm_4,216,65.84,10.0,46,0,496,8859625.95,29277.28,32656.64,3379.36,496,4.41,6.0,False
744023,firm_4,217,62.55,11.0,46,0,511,8887381.94,28461.99,31963.05,3501.06,511,4.46,6.0,False
744023,firm_4,218,68.81,10.0,45,0,485,8916647.44,30015.5,33372.85,3357.35,485,4.51,6.0,False
744023,firm_4,219,65.37,11.0,44,0,489,8944521.53,28558.09,31965.93,3407.84,489,4.56,6.0,False
744023,firm_4,220,62.1,10.0,44,0,474,8970207.49,26125.96,29435.4,3309.44,474,4.56,6.0,False
744023,firm_4,221,59.0,10.0,43,0,463,8993634.06,24056.57,27317.0,3260.43,463,4.61,6.0,False
744023,firm_4,222,64.9,10.5,43,0,478,9020845.18,27662.62,31022.2,3359.58,478,4.61,6.0,False
744023,firm_4,223,61.66,10.5,42,0,453,9044919.18,24715.0,27931.98,3216.98,453,4.66,6.0,False
744023,firm_4,224,58.58,11.02,41,0,455,9067890.96,23423.6,26653.9,3230.3,455,4.66,6.0,False
744023,firm_4,225,55.65,11.02,41,0,455,9089206.84,22067.7,25320.75,3253.05,455,4.71,6.0,False
744023,firm_4,226,55.65,10.0,41,0,442,9110006.22,21409.38,24597.3,3187.92,442,4.76,5.9,False
744023,firm_4,227,58.43,10.0,42,0,452,9132018.46,23132.24,26410.36,3278.12,452,4.81,5.9,False
744023,firm_4,228,58.43,10.0,41,0,442,9154002.4,22593.94,25826.06,3232.12,442,4.86,5.9,False
744023,firm_4,229,64.27,10.0,41,0,442,9178545.52,25153.12,28407.34,3254.22,442,4.91,5.9,False
744023,firm_4,230,61.06,10.0,40,0,431,9201062.62,23117.1,26316.86,3199.76,431,4.96,5.9,False
744023,firm_4,231,64.11,10.0,39,0,420,9224475.62,23803.0,26926.2,3123.2,420,4.96,5.9,False
744023,firm_4,232,60.9,10.0,38,0,409,9245736.63,21841.01,24908.1,3067.09,409,5.01,5.9,False
744023,firm_4,233,66.99,10.0,37,0,398,9269038.67,23672.04,26662.02,2989.98,398,5.01,5.9,False
744023,firm_4,234,63.64,10.0,38,0,409,9290899.89,22941.22,26028.76,3087.54,409,5.06,5.9,False
744023,firm_4,235,60.46,10.0,37,0,398,9311363.19,21033.3,24063.08,3029.78,398,5.11,5.8,False
744023,firm_4,236,57.44,10.5,37,0,409,9331139.21,20364.52,23492.96,3128.44,409,5.16,5.8,False
744023,firm_4,237,54.57,10.0,36,0,387,9348707.53,18128.32,21118.59,2990.27,387,5.21,5.7,False
744023,firm_4,238,51.84,10.0,37,0,397,9365135.79,17498.26,20580.48,3082.22,397,5.26,5.7,False
744023,firm_4,239,51.84,10.0,37,0,397,9382044.2,17478.41,20580.48,3102.07,397,5.31,5.7,False
744023,firm_4,240,49.25,10.0,37,0,397,9398024.38,16450.18,19552.25,3102.07,397,5.31,5.8,False
744023,firm_4,241,44.32,10.0,36,0,386,9411530.94,14066.56,17107.52,3040.96,386,5.36,5.8,False
744023,firm_4,242,44.32,10.0,37,0,397,9424914.21,14453.27,17595.04,3141.77,397,5.41,5.8,False
744023,firm_4,243,44.32,10.0,38,0,408,9438673.09,14838.88,18082.56,3243.68,408,5.46,5.8,False
744023,firm_4,244,44.32,10.0,37,0,397,9452416.66,14413.57,17595.04,3181.47,397,5.51,5.9,False
744023,firm_4,245,42.1,10.0,36,0,386,9464989.1,13132.44,16250.6,3118.16,386,5.56,5.9,False
744023,firm_4,246,42.1,10.0,35,0,375,9477072.85,12733.75,15787.5,3053.75,375,5.61,6.0,False
744023,firm_4,247,42.1,10.0,34,0,364,9488869.01,12336.16,15324.4,2988.24,364,5.66,5.9,False
744023,firm_4,248,42.1,10.0,33,0,354,9500213.07,11974.06,14903.4,2929.34,354,5.71,6.0,False
744023,firm_4,249,46.31,10.0,32,0,343,9512615.72,13022.65,15884.33,2861.68,343,5.76,6.0,False
744023,firm_4,250,46.31,10.0,31,0,332,9524587.72,12582.0,15374.92,2792.92,332,5.81,6.0,False
744023,firm_4,251,43.99,10.0,31,0,332,9535772.88,11795.16,14604.68,2809.52,332,5.86,6.0,False
744023,firm_4,252,41.79,10.0,30,0,321,9545848.36,10675.48,13414.59,2739.11,321,5.91,6.0,False
744023,firm_4,253,45.97,10.0,29,0,310,9556841.46,11583.1,14250.7,2667.6,310,5.96,6.0,False
744023,firm_4,254,43.67,10.0,29,0,310,9567209.16,10857.7,13537.7,2680.0,310,6.0,6.0,False
744023,firm_4,255,48.04,10.0,28,0,300,9578441.16,11812.0,14412.0,2600.0,300,6.0,6.0,False
744023,firm_4,256,45.64,10.0,27,0,289,9588549.12,10677.96,13189.96,2512.0,289,6.0,6.0,False
744023,firm_4,257,45.64,10.0,26,0,278,9598453.04,10263.92,12687.92,2424.0,278,6.0,6.0,False
744023,firm_4,258,43.36,10.0,26,0,278,9607623.12,9630.08,12054.08,2424.0,278,6.0,5.9,False
744023,firm_4,259,41.19,10.0,26,0,278,9616089.94,9026.82,11450.82,2424.0,278,6.0,6.0,False
744023,firm_4,260,39.13,10.0,25,0,267,9623751.65,8111.71,10447.71,2336.0,267,6.0,6.0,False
744023,firm_4,261,37.17,10.0,24,0,256,9630479.17,7267.52,9515.52,2248.0,256,6.0,6.0,False
744023,firm_4,262,35.31,10.0,23,0,246,9636567.43,6518.26,8686.26,2168.0,246,6.0,6.0,False
744023,firm_4,263,33.54,10.0,22,0,235,9641849.33,5801.9,7881.9,2080.0,235,6.0,6.0,False
744023,firm_4,264,36.89,11.0,22,0,243,9648127.6,6820.27,8964.27,2144.0,243,6.0,6.0,False
744023,firm_4,265,35.05,10.0,21,0,224,9653776.8,5859.2,7851.2,1992.0,224,6.0,6.0,False
744023,firm_4,266,38.56,10.0,20,0,213,9659786.08,6309.28,8213.28,1904.0,213,6.0,6.0,False
744023,firm_4,267,36.63,10.0,20,0,213,9665484.27,5898.19,7802.19,1904.0,213,6.0,6.0,False
744023,firm_4,268,34.8,10.0,19,0,202,9670207.87,5213.6,7029.6,1816.0,202,6.0,6.0,False
744023,firm_4,269,38.28,10.0,19,0,202,9675634.43,5916.56,7732.56,1816.0,202,6.0,6.0,False
744023,firm_4,270,34.45,11.0,18,0,198,9680173.53,5037.1,6821.1,1784.0,198,6.0,6.0,False
744023,firm_4,271,32.73,10.0,17,0,181,9683979.66,4276.13,5924.13,1648.0,181,6.0,6.0,False
744023,firm_4,272,31.09,10.0,16,0,170,9687244.96,3725.3,5285.3,1560.0,170,6.0,6.0,False
744023,firm_4,273,34.2,10.0,17,0,181,9690917.16,4542.2,6190.2,1648.0,181,6.0,6.0,False
744023,firm_4,274,34.2,10.0,18,0,192,9694767.56,4830.4,6566.4,1736.0,192,6.0,6.0,False
744023,firm_4,275,34.2,10.0,17,0,181,9698939.76,4542.2,6190.2,1648.0,181,6.0,6.0,False
744023,firm_4,276,32.49,10.0,18,0,192,9702461.84,4502.08,6238.08,1736.0,192,6.0,6.0,False
744023,firm_4,277,34.11,10.0,18,0,192,9706894.96,4813.12,6549.12,1736.0,192,6.0,5.9,False
744023,firm_4,278,35.82,10.0,17,0,181,9711360.38,4835.42,6483.42,1648.0,181,6.0,5.9,False
744023,firm_4,279,34.03,10.0,18,0,192,9715278.14,4797.76,6533.76,1736.0,192,6.0,5.9,False
744023,firm_4,280,32.33,10.0,17,0,181,9719011.87,4203.73,5851.73,1648.0,181,6.0,6.0,False
744023,firm_4,281,32.33,10.0,16,0,170,9722587.97,3936.1,5496.1,1560.0,170,6.0,6.0,False
744023,firm_4,282,32.33,10.0,17,0,181,9725921.7,4203.73,5851.73,1648.0,181,6.0,5.9,False
744023,firm_4,283,35.56,10.0,16,0,170,9730046.9,4485.2,6045.2,1560.0,170,6.0,5.9,False
744023,firm_4,284,33.78,10.0,15,0,160,9733621.7,3924.8,5404.8,1480.0,160,6.0,5.9,False
744023,firm_4,285,33.78,10.0,14,0,149,9736922.92,3641.22,5033.22,1392.0,149,6.0,5.9,False
744023,firm_4,286,32.09,10.0,13,0,138,9739717.34,3124.42,4428.42,1304.0,138,6.0,5.8,False
744023,firm_4,287,30.49,10.0,12,0,128,9742076.06,2678.72,3902.72,1224.0,128,6.0,5.8,False
744023,firm_4,288,30.49,10.0,11,0,117,9744097.39,2431.33,3567.33,1136.0,117,6.0,5.9,False
744023,firm_4,289,28.97,10.0,10,0,106,9745720.21,2022.82,3070.82,1048.0,106,6.0,6.0,False
744023,firm_4,290,27.52,10.0,9,0,96,9747004.13,1673.92,2641.92,968.0,96,6.0,6.0,False
744023,firm_4,291,27.52,10.0,8,0,85,9748083.33,1459.2,2339.2,880.0,85,6.0,6.0,False
744023,firm_4,292,26.14,10.0,8,0,85,9749145.23,1341.9,2221.9,880.0,85,6.0,6.0,False
744023,firm_4,293,26.14,10.0,9,0,96,9750096.67,1541.44,2509.44,968.0,96,6.0,5.9,False
744023,firm_4,294,24.83,10.0,9,0,96,9751122.35,1415.68,2383.68,968.0,96,6.0,6.0,False
744023,firm_4,295,24.83,10.0,9,0,96,9752148.03,1415.68,2383.68,968.0,96,6.0,6.0,False
744023,firm_4,296,27.31,10.0,8,0,85,9753309.38,1441.35,2321.35,880.0,85,6.0,5.9,False
744023,firm_4,297,28.68,10.0,7,0,74,9754269.7,1330.32,2122.32,792.0,74,6.0,6.0,False
744023,firm_4,298,27.25,10.0,6,0,64,9755141.7,1032.0,1744.0,712.0,64,6.0,6.0,False
744023,firm_4,299,29.98,10.0,5,0,53,9756056.64,964.94,1588.94,624.0,53,6.0,6.0,False
744023,firm_4,300,29.98,10.0,4,0,42,9756639.8,723.16,1259.16,536.0,42,6.0,6.0,False
744023,firm_4,301,28.48,10.0,3,0,32,9756765.16,455.36,911.36,456.0,32,6.0,6.0,False
744023,firm_4,302,27.06,10.0,2,0,21,9756745.42,200.26,568.26,368.0,21,6.0,5.9,False
744023,firm_4,303,25.71,10.0,1,0,10,9756712.52,-22.9,257.1,280.0,10,6.0,5.8,False
744023,firm_4,304,24.42,10.0,1,0,10,9756666.72,-35.8,244.2,280.0,10,6.0,5.8,False
744023,firm_4,305,24.42,10.0,1,0,10,9756320.92,-35.8,244.2,280.0,10,6.0,5.9,False
744023,firm_4,306,23.2,10.0,1,0,10,9755962.92,-48.0,232.0,280.0,10,6.0,6.0,False
744023,firm_4,307,25.52,10.0,1,0,10,9755628.12,-24.8,255.2,280.0,10,6.0,6.0,False
744023,firm_4,308,24.24,10.0,1,0,10,9755280.52,-37.6,242.4,280.0,10,6.0,6.0,False
744023,firm_4,309,23.03,10.0,1,0,10,9754920.82,-49.7,230.3,280.0,10,6.0,6.0,False
744023,firm_4,310,21.88,10.0,2,0,21,9754192.3,91.48,459.48,368.0,21,6.0,6.0,False
744023,firm_4,311,20.79,10.0,1,0,10,9753810.2,-72.1,207.9,280.0,10,6.0,6.0,False
744023,firm_4,312,19.75,10.0,1,0,10,9753417.7,-82.5,197.5,280.0,10,6.0,6.0,False
744023,firm_4,313,19.75,10.0,1,0,10,9753225.2,-82.5,197.5,280.0,10,6.0,6.0,False
744023,firm_4,314,18.76,10.0,1,0,10,9752822.8,-92.4,187.6,280.0,10,6.0,6.0,False
744023,firm_4,315,18.76,10.0,1,0,10,9752420.4,-92.4,187.6,280.0,10,6.0,6.0,False
744023,firm_4,316,17.82,10.0,1,0,10,9752008.6,-101.8,178.2,280.0,10,6.0,6.0,False
744023,firm_4,317,16.93,10.0,1,0,10,9751687.9,-110.7,169.3,280.0,10,6.0,6.0,False
744023,firm_4,318,16.08,10.0,1,0,10,9751258.7,-119.2,160.8,280.0,10,6.0,6.0,False
744023,firm_4,319,15.28,10.0,1,0,10,9750821.5,-127.2,152.8,280.0,10,6.0,6.0,False
744023,firm_4,320,15.28,10.0,1,0,10,9750484.3,-127.2,152.8,280.0,10,6.0,6.0,False
744023,firm_4,321,15.28,10.0,1,0,10,9750047.1,-127.2,152.8,280.0,10,6.0,6.0,False
744023,firm_4,322,15.28,10.0,1,0,10,9749709.9,-127.2,152.8,280.0,10,6.0,6.0,False
744023,firm_4,323,15.28,10.0,1,0,10,9749372.7,-127.2,152.8,280.0,10,6.0,5.9,False
744023,firm_4,324,15.28,10.0,1,0,10,9749035.5,-127.2,152.8,280.0,10,6.0,5.9,False
744023,firm_4,325,14.52,10.0,1,0,10,9748690.7,-134.8,145.2,280.0,10,6.0,5.9,False
744023,firm_4,326,13.79,10.0,1,0,10,9748238.6,-142.1,137.9,280.0,10,6.0,6.0,False
744023,firm_4,327,13.1,10.0,1,0,10,9747779.6,-149.0,131.0,280.0,10,6.0,6.0,False
744023,firm_4,328,13.1,10.0,1,0,10,9747320.6,-149.0,131.0,280.0,10,6.0,6.0,False
744023,firm_4,329,12.44,10.0,1,0,10,9746855.0,-155.6,124.4,280.0,10,6.0,6.0,False
744023,firm_4,330,12.44,10.0,1,0,10,9746489.4,-155.6,124.4,280.0,10,6.0,6.0,False
744023,firm_4,331,11.82,10.0,1,0,10,9746017.6,-161.8,118.2,280.0,10,6.0,6.0,False
744023,firm_4,332,12.41,10.0,1,0,10,9745551.7,-155.9,124.1,280.0,10,6.0,6.0,False
744023,firm_4,333,11.17,10.0,1,0,10,9745073.4,-168.3,111.7,280.0,10,6.0,6.0,False
744023,firm_4,334,11.17,10.0,1,0,10,9744895.1,-168.3,111.7,280.0,10,6.0,6.0,False
744023,firm_4,335,11.17,10.5,1,0,10,9744516.3,-168.3,111.7,280.0,10,6.0,6.0,False
744023,firm_4,336,11.17,10.0,1,0,10,9744038.0,-168.3,111.7,280.0,10,6.0,6.0,False
744023,firm_4,337,10.61,10.0,1,0,10,9743554.1,-173.9,106.1,280.0,10,6.0,6.0,False
744023,firm_4,338,10.08,11.0,1,0,10,9743163.9,-179.2,100.8,280.0,10,6.0,6.0,False
744023,firm_4,339,10.08,10.0,1,0,10,9742774.7,-179.2,100.8,280.0,10,6.0,6.0,False
744023,firm_4,340,10.0,10.0,1,0,10,9742284.7,-180.0,100.0,280.0,10,6.0,6.0,False
744023,firm_4,341,10.0,10.0,1,0,10,9741794.7,-180.0,100.0,280.0,10,6.0,6.0,False
744023,firm_4,342,10.0,10.0,1,0,10,9741304.7,-180.0,100.0,280.0,10,6.0,6.0,False
744023,firm_4,343,10.0,10.0,1,0,10,9740914.7,-180.0,100.0,280.0,10,6.0,6.0,False
744023,firm_4,344,10.0,10.0,2,0,21,9740136.7,-158.0,210.0,368.0,21,6.0,6.0,False
744023,firm_4,345,10.0,10.0,1,0,10,9739746.7,-180.0,100.0,280.0,10,6.0,6.0,False
744023,firm_4,346,10.0,10.0,1,0,10,9739256.7,-180.0,100.0,280.0,10,6.0,6.0,False
744023,firm_4,347,10.0,10.0,1,0,10,9738766.7,-180.0,100.0,280.0,10,6.0,6.0,False
744023,firm_4,348,10.0,10.0,1,0,10,9738576.7,-180.0,100.0,280.0,10,6.0,6.0,False
744023,firm_4,349,11.0,10.0,1,0,10,9738096.7,-170.0,110.0,280.0,10,6.0,6.0,False
744023,firm_4,350,10.45,10.0,1,0,10,9737711.2,-175.5,104.5,280.0,10,6.0,6.0,False
744023,firm_4,351,10.0,10.0,1,0,10,9737221.2,-180.0,100.0,280.0,10,6.0,6.0,False
744023,firm_4,352,10.0,10.0,1,0,10,9736731.2,-180.0,100.0,280.0,10,6.0,6.0,False
744023,firm_4,353,10.0,10.0,1,0,10,9736241.2,-180.0,100.0,280.0,10,6.0,6.0,False
744023,firm_4,354,11.0,10.0,1,0,10,9735761.2,-170.0,110.0,280.0,10,6.0,6.0,False
744023,firm_4,355,10.45,10.0,1,0,10,9735375.7,-175.5,104.5,280.0,10,6.0,6.0,False
744023,firm_4,356,10.0,10.0,1,0,10,9734985.7,-180.0,100.0,280.0,10,6.0,6.0,False
744023,firm_4,357,10.0,10.0,1,0,10,9734595.7,-180.0,100.0,280.0,10,6.0,5.9,False
744023,firm_4,358,10.0,10.0,1,0,10,9734105.7,-180.0,100.0,280.0,10,6.0,6.0,False
744023,firm_4,359,10.0,10.0,1,0,10,9733715.7,-180.0,100.0,280.0,10,6.0,5.9,False
744023,firm_4,360,10.0,10.0,2,0,21,9732737.7,-158.0,210.0,368.0,21,6.0,6.0,False
744023,firm_4,361,10.0,10.0,1,0,10,9732247.7,-180.0,100.0,280.0,10,6.0,6.0,False
744023,firm_4,362,10.0,10.0,1,0,10,9731857.7,-180.0,100.0,280.0,10,6.0,6.0,False
744023,firm_4,363,10.0,10.0,1,0,10,9731367.7,-180.0,100.0,280.0,10,6.0,6.0,False
744023,firm_4,364,10.0,10.0,1,0,10,9730977.7,-180.0,100.0,280.0,10,6.0,6.0,False
744023,firm_4,365,10.0,10.0,1,0,10,9730687.7,-180.0,100.0,280.0,10,6.0,6.0,False
744023,firm_5,1,45.42,39.63,13,0,150,115975.75,6277.0,6813.0,536.0,150,0.24,0.12,False
744023,firm_5,2,47.69,39.63,14,0,162,121875.73,7154.8,7725.78,570.98,162,0.29,0.12,False
744023,firm_5,3,45.31,37.65,13,0,149,127388.81,6202.53,6751.19,548.66,149,0.34,0.1,False
744023,firm_5,4,43.04,37.65,13,0,151,132845.06,5945.7,6499.04,553.34,151,0.34,0.1,False
744023,firm_5,5,38.74,33.88,12,0,138,136954.8,4816.3,5346.12,529.82,138,0.39,0.2,False
744023,firm_5,6,42.61,35.57,12,0,138,141878.32,5350.36,5880.18,529.82,138,0.39,0.1,False
744023,firm_5,7,38.35,33.79,13,0,149,145997.09,5158.04,5714.15,556.11,149,0.39,0.2,False
744023,firm_5,8,36.43,33.79,14,0,160,149962.43,5238.4,5828.8,590.4,160,0.44,0.3,False
744023,firm_5,9,34.61,30.41,13,0,148,154128.26,4561.16,5122.28,561.12,148,0.44,0.2,False
744023,firm_5,10,32.88,27.37,14,0,160,157607.48,4662.4,5260.8,598.4,160,0.49,0.3,False
744023,firm_5,11,34.52,28.74,15,0,171,161953.51,5277.13,5902.92,625.79,171,0.49,0.3,False
744023,firm_5,12,37.97,30.18,16,0,184,167298.95,6328.32,6986.48,658.16,184,0.49,0.2,False
744023,firm_5,13,34.17,28.67,17,0,194,171947.78,5936.22,6628.98,692.76,194,0.54,0.3,False
744023,firm_5,14,37.59,25.8,16,0,182,177714.08,6179.1,6841.38,662.28,182,0.54,0.3,False
744023,firm_5,15,33.83,25.8,15,0,171,182269.12,5142.04,5784.93,642.89,171,0.59,0.2,False
744023,firm_5,16,35.52,27.09,14,0,160,186750.66,5060.8,5683.2,622.4,160,0.64,0.2,False
744023,firm_5,17,37.3,27.09,15,0,171,191362.62,5718.31,6378.3,659.99,171,0.69,0.2,False
744023,firm_5,18,41.03,29.8,15,0,171,196963.21,6347.59,7016.13,668.54,171,0.74,0.3,False
744023,firm_5,19,41.03,26.82,15,0,171,202908.5,6347.59,7016.13,668.54,171,0.74,0.3,False
744023,firm_5,20,43.08,24.14,16,0,182,209064.14,7141.88,7840.56,698.68,182,0.74,0.4,False
744023,firm_5,21,45.23,21.73,15,0,170,215552.99,7014.8,7689.1,674.3,170,0.79,0.4,False
744023,firm_5,22,40.71,22.82,16,0,181,221251.39,6663.52,7368.51,704.99,181,0.79,0.5,False
744023,firm_5,23,42.75,25.1,16,0,182,227713.41,7063.62,7780.5,716.88,182,0.84,0.4,False
744023,firm_5,24,40.61,27.61,16,0,182,233636.69,6665.04,7391.02,725.98,182,0.89,0.5,False
744023,firm_5,25,44.67,27.61,15,0,171,240166.92,6944.38,7638.57,694.19,171,0.89,0.5,False
744023,firm_5,26,42.44,24.85,14,0,159,245907.47,6088.45,6747.96,659.51,159,0.89,0.4,False
744023,firm_5,27,46.68,26.09,14,0,159,252304.82,6762.61,7422.12,659.51,159,0.89,0.4,False
744023,firm_5,28,46.68,23.48,15,0,171,258432.16,7279.54,7982.28,702.74,171,0.94,0.5,False
744023,firm_5,29,51.35,22.31,16,0,182,266185.82,8610.62,9345.7,735.08,182,0.94,0.4,False
744023,firm_5,30,56.49,21.19,17,0,193,275151.09,10125.5,10902.57,777.07,193,0.99,0.5,False
744023,firm_5,31,53.67,23.31,16,0,182,283801.89,9023.76,9767.94,744.18,182,0.99,0.4,False
744023,firm_5,32,50.99,25.64,17,0,193,291620.36,9054.35,9841.07,786.72,193,1.04,0.5,False
744023,firm_5,33,50.99,26.92,17,0,193,300217.07,9054.35,9841.07,786.72,193,1.04,0.5,False
744023,firm_5,34,53.54,29.61,18,0,205,309026.34,10142.25,10975.7,833.45,205,1.09,0.6,False
744023,firm_5,35,48.19,31.09,18,0,205,317512.22,9045.5,9878.95,833.45,205,1.09,0.6,False
744023,firm_5,36,45.78,27.98,17,0,193,324975.73,8039.17,8835.54,796.37,193,1.09,0.7,False
744023,firm_5,37,48.07,27.98,18,0,205,332682.74,9010.65,9854.35,843.7,205,1.14,0.8,False
744023,firm_5,38,43.26,27.98,17,0,193,339650.24,7543.16,8349.18,806.02,193,1.14,0.9,False
744023,firm_5,39,41.1,26.58,16,0,182,345833.68,6708.72,7480.2,771.48,182,1.14,1.0,False
744023,firm_5,40,43.16,23.92,15,0,171,351909.75,6634.87,7380.36,745.49,171,1.19,1.0,False
744023,firm_5,41,45.32,22.72,16,0,182,358413.89,7467.66,8248.24,780.58,182,1.19,1.1,False
744023,firm_5,42,49.85,21.58,17,0,193,366142.76,8795.73,9621.05,825.32,193,1.24,1.1,False
744023,firm_5,43,44.86,23.74,18,0,205,373237.29,8321.85,9196.3,874.45,205,1.29,1.2,False
744023,firm_5,44,42.62,26.11,19,0,216,380436.48,8295.28,9205.92,910.64,216,1.29,1.3,False
744023,firm_5,45,38.36,24.8,18,0,205,386979.43,6989.35,7863.8,874.45,205,1.29,1.2,False
744023,firm_5,46,40.28,22.32,19,0,216,393745.19,7789.84,8700.48,910.64,216,1.29,1.3,False
744023,firm_5,47,42.29,21.2,20,0,227,401374.19,8653.0,9599.83,946.83,227,1.29,1.4,False
744023,firm_5,48,44.4,20.14,19,0,217,409712.4,8720.87,9634.8,913.93,217,1.29,1.4,False
744023,firm_5,49,48.84,22.15,20,0,229,418688.9,10219.5,11184.36,964.86,229,1.34,1.5,False
744023,firm_5,50,46.4,19.93,20,0,229,427851.04,9660.74,10625.6,964.86,229,1.34,1.6,False
744023,firm_5,51,48.72,21.92,19,0,217,436771.17,9636.61,10572.24,935.63,217,1.39,1.7,False
744023,firm_5,52,43.85,23.02,19,0,217,444913.61,8579.82,9515.45,935.63,217,1.39,1.6,False
744023,firm_5,53,41.66,24.17,18,0,206,451851.87,7673.32,8581.96,908.64,206,1.44,1.7,False
744023,firm_5,54,39.58,26.59,19,0,217,458489.04,7642.38,8588.86,946.48,217,1.44,1.6,False
744023,firm_5,55,35.62,25.26,20,0,229,464553.06,7169.22,8156.98,987.76,229,1.44,1.7,False
744023,firm_5,56,32.06,22.73,19,0,217,470131.73,6010.54,6957.02,946.48,217,1.44,1.7,False
744023,firm_5,57,28.85,21.59,18,0,204,474416.55,4973.44,5885.4,911.96,204,1.49,1.8,False
744023,firm_5,58,30.29,20.51,17,0,192,478803.88,4936.0,5815.68,879.68,192,1.54,1.8,False
744023,firm_5,59,31.8,18.46,17,0,192,483715.98,5225.92,6105.6,879.68,192,1.54,1.7,False
744023,firm_5,60,28.62,19.38,17,0,192,488001.88,4615.36,5495.04,879.68,192,1.54,1.7,False
744023,firm_5,61,31.48,21.32,16,0,181,492308.85,4848.09,5697.88,849.79,181,1.59,1.7,False
744023,firm_5,62,33.05,19.19,15,0,170,496729.2,4808.2,5618.5,810.3,170,1.59,1.8,False
744023,firm_5,63,33.05,21.11,16,0,181,501023.7,5132.26,5982.05,849.79,181,1.59,1.8,False
744023,firm_5,64,36.35,19.0,15,0,170,506007.9,5369.2,6179.5,810.3,170,1.59,1.9,False
744023,firm_5,65,36.35,19.0,14,0,158,510510.08,4968.18,5743.3,775.12,158,1.64,1.8,False
744023,firm_5,66,32.72,19.95,13,0,147,514118.14,4067.41,4809.84,742.43,147,1.69,1.8,False
744023,firm_5,67,29.45,18.95,12,0,136,517194.1,3303.36,4005.2,701.84,136,1.69,1.7,False
744023,firm_5,68,32.4,20.85,11,0,124,520118.59,3353.84,4017.6,663.76,124,1.74,1.6,False
744023,firm_5,69,30.78,19.81,11,0,124,522747.44,3146.76,3816.72,669.96,124,1.79,1.7,False
744023,firm_5,70,27.7,20.8,10,0,113,524941.27,2501.83,3130.1,628.27,113,1.79,1.8,False
744023,firm_5,71,30.47,22.88,9,0,102,526951.61,2516.26,3107.94,591.68,102,1.84,1.9,False
744023,firm_5,72,31.99,25.17,10,0,113,529180.86,2980.95,3614.87,633.92,113,1.84,1.9,False
744023,firm_5,73,33.59,22.65,10,0,113,531910.46,3156.1,3795.67,639.57,113,1.89,1.9,False
744023,firm_5,74,31.91,21.52,10,0,113,534355.87,2960.61,3605.83,645.22,113,1.94,2.0,False
744023,firm_5,75,30.31,23.67,9,0,102,536427.48,2484.64,3091.62,606.98,102,1.99,1.9,False
744023,firm_5,76,30.31,22.49,8,0,90,538316.36,2168.8,2727.9,559.1,90,1.99,2.0,False
744023,firm_5,77,28.79,20.24,8,0,90,539981.94,2027.5,2591.1,563.6,90,2.04,1.9,False
744023,firm_5,78,30.23,19.23,9,0,102,541780.25,2471.38,3083.46,612.08,102,2.04,1.9,False
744023,firm_5,79,30.23,18.27,8,0,90,543586.69,2152.6,2720.7,568.1,90,2.09,1.8,False
744023,firm_5,80,27.21,16.44,8,0,90,545335.97,1880.8,2448.9,568.1,90,2.09,1.7,False
744023,firm_5,81,25.85,18.08,8,0,90,546645.23,1753.9,2326.5,572.6,90,2.14,1.8,False
744023,firm_5,82,27.14,17.18,7,0,79,547838.02,1613.05,2144.06,531.01,79,2.19,1.9,False
744023,firm_5,83,25.78,18.04,6,0,67,548772.96,1243.18,1727.26,484.08,67,2.24,1.9,False
744023,firm_5,84,24.49,18.04,5,0,56,549413.96,931.2,1371.44,440.24,56,2.29,1.9,False
744023,firm_5,85,22.04,18.94,4,0,45,549634.7,596.5,991.8,395.3,45,2.34,2.0,False
744023,firm_5,86,19.84,20.83,3,0,33,549682.06,309.85,654.72,344.87,33,2.39,1.9,False
744023,firm_5,87,17.86,20.83,4,0,45,549202.64,403.9,803.7,399.8,45,2.44,2.0,False
744023,firm_5,88,18.75,19.79,3,0,33,549113.85,270.58,618.75,348.17,33,2.49,2.1,False
744023,firm_5,89,16.88,20.78,3,0,33,549260.38,208.87,557.04,348.17,33,2.49,2.0,False
744023,firm_5,90,16.04,21.82,3,0,33,549276.07,181.15,529.32,348.17,33,2.49,2.1,False
744023,firm_5,91,16.04,22.91,3,0,33,549186.84,179.5,529.32,349.82,33,2.54,2.1,False
744023,firm_5,92,15.24,25.2,3,0,33,549062.69,151.45,502.92,351.47,33,2.59,2.0,False
744023,firm_5,93,16.0,23.94,3,0,33,549067.4,176.53,528.0,351.47,33,2.59,2.1,False
744023,firm_5,94,14.4,25.14,2,0,22,549032.94,15.82,316.8,300.98,22,2.59,2.1,False
744023,firm_5,95,13.68,23.88,2,0,22,548985.16,-0.02,300.96,300.98,22,2.59,2.0,False
744023,firm_5,96,15.05,22.69,1,0,11,548676.98,-85.49,165.55,251.04,11,2.64,2.0,False
744023,firm_5,97,16.56,22.69,1,0,11,548585.41,-68.88,182.16,251.04,11,2.64,2.0,False
744023,firm_5,98,16.56,20.42,1,0,11,548295.56,-69.43,182.16,251.59,11,2.69,2.0,False
744023,firm_5,99,18.22,18.38,1,0,11,548126.01,-51.17,200.42,251.59,11,2.69,2.1,False
744023,firm_5,100,20.04,19.3,1,0,11,548075.56,-31.15,220.44,251.59,11,2.69,2.0,False
744023,firm_5,101,20.04,20.26,1,0,11,548024.15,-31.15,220.44,251.59,11,2.69,2.0,False
744023,firm_5,102,22.04,21.27,1,0,11,547793.18,-9.7,242.44,252.14,11,2.74,2.0,False
744023,firm_5,103,19.84,20.21,1,0,11,547438.52,-34.45,218.24,252.69,11,2.79,2.1,False
744023,firm_5,104,17.86,19.2,1,0,11,547162.54,-56.78,196.46,253.24,11,2.84,2.0,False
744023,firm_5,105,16.07,19.2,2,0,22,546470.1,45.96,353.54,307.58,22,2.89,1.9,False
744023,firm_5,106,15.27,18.24,3,0,33,545756.27,140.89,503.91,363.02,33,2.94,2.0,False
744023,firm_5,107,14.51,17.33,4,0,44,545205.83,218.88,638.44,419.56,44,2.99,2.0,False
744023,firm_5,108,15.96,16.46,3,0,33,545116.81,160.36,526.68,366.32,33,3.04,2.0,False
744023,firm_5,109,16.76,15.64,3,0,33,545055.0,185.11,553.08,367.97,33,3.09,1.9,False
744023,firm_5,110,15.08,14.86,3,0,33,544838.44,128.02,497.64,369.62,33,3.14,2.0,False
744023,firm_5,111,13.57,16.35,3,0,33,544767.58,78.19,447.81,369.62,33,3.14,2.1,False
744023,firm_5,112,12.89,17.17,2,0,22,544402.64,-30.6,283.58,314.18,22,3.19,2.2,False
744023,firm_5,113,11.6,17.17,2,0,22,544008.22,-60.08,255.2,315.28,22,3.24,2.3,False
744023,firm_5,114,10.44,16.31,2,0,22,543688.9,-86.7,229.68,316.38,22,3.29,2.3,False
744023,firm_5,115,10.0,17.94,1,0,11,543222.22,-148.74,110.0,258.74,11,3.34,2.4,False
744023,firm_5,116,10.0,19.73,1,0,11,543053.75,-148.74,110.0,258.74,11,3.34,2.4,False
744023,firm_5,117,10.0,17.76,2,0,22,542219.65,-98.58,220.0,318.58,22,3.39,2.4,False
744023,firm_5,118,10.0,17.76,1,0,11,542052.6,-149.29,110.0,259.29,11,3.39,2.4,False
744023,firm_5,119,11.0,19.54,2,0,22,541235.84,-77.68,242.0,319.68,22,3.44,2.4,False
744023,firm_5,120,12.1,17.59,2,0,22,540946.08,-54.58,266.2,320.78,22,3.49,2.4,False
744023,firm_5,121,13.31,19.35,1,0,11,540712.75,-113.98,146.41,260.39,11,3.49,2.5,False
744023,firm_5,122,13.31,21.29,1,0,11,540376.93,-114.53,146.41,260.94,11,3.54,2.5,False
744023,firm_5,123,13.98,22.35,1,0,11,539946.87,-107.71,153.78,261.49,11,3.59,2.6,False
744023,firm_5,124,14.68,20.12,1,0,11,539526.19,-100.56,161.48,262.04,11,3.64,2.7,False
744023,firm_5,125,13.21,19.11,1,0,11,539089.8,-117.28,145.31,262.59,11,3.69,2.8,False
744023,firm_5,126,12.55,18.15,1,0,11,538746.56,-125.09,138.05,263.14,11,3.74,2.8,False
744023,firm_5,127,13.81,17.24,1,0,11,538317.54,-111.78,151.91,263.69,11,3.79,2.9,False
744023,firm_5,128,13.12,15.52,1,0,11,538082.65,-119.37,144.32,263.69,11,3.79,3.0,False
744023,firm_5,129,11.81,14.74,1,0,11,537834.13,-133.78,129.91,263.69,11,3.79,3.1,False
744023,firm_5,130,11.81,14.74,1,0,11,537485.06,-134.33,129.91,264.24,11,3.84,3.1,False
744023,firm_5,131,10.63,14.0,1,0,11,537023.2,-147.86,116.93,264.79,11,3.89,3.2,False
744023,firm_5,132,11.16,14.7,1,0,11,536766.47,-142.03,122.76,264.79,11,3.89,3.3,False
744023,firm_5,133,12.28,15.44,2,0,22,536176.17,-59.42,270.16,329.58,22,3.89,3.3,False
744023,firm_5,134,11.67,14.67,2,0,22,535772.89,-73.94,256.74,330.68,22,3.94,3.4,False
744023,firm_5,135,12.84,13.94,2,0,22,535495.71,-49.3,282.48,331.78,22,3.99,3.3,False
744023,firm_5,136,12.2,13.24,3,0,33,534860.92,4.93,402.6,397.67,33,3.99,3.4,False
744023,firm_5,137,10.98,14.56,4,0,44,534020.04,17.36,483.12,465.76,44,4.04,3.5,False
744023,firm_5,138,10.0,15.29,4,0,44,533833.12,-25.76,440.0,465.76,44,4.04,3.6,False
744023,firm_5,139,10.5,14.53,4,0,44,533469.04,-5.96,462.0,467.96,44,4.09,3.7,False
744023,firm_5,140,11.55,15.26,4,0,44,533246.04,38.04,508.2,470.16,44,4.14,3.7,False
744023,firm_5,141,12.71,14.5,4,0,44,533277.12,89.08,559.24,470.16,44,4.14,3.7,False
744023,firm_5,142,12.07,15.95,5,0,56,532829.45,132.08,675.92,543.84,56,4.14,3.7,False
744023,firm_5,143,10.86,15.15,5,0,55,532510.55,56.85,597.3,540.45,55,4.19,3.8,False
744023,firm_5,144,10.0,14.39,4,0,44,532320.63,-32.36,440.0,472.36,44,4.19,3.9,False
744023,firm_5,145,10.0,13.67,4,0,44,532233.59,-32.36,440.0,472.36,44,4.19,3.9,False
744023,firm_5,146,10.5,13.67,3,0,33,531833.16,-59.42,346.5,405.92,33,4.24,4.0,False
744023,firm_5,147,10.5,12.3,4,0,44,530969.2,-14.76,462.0,476.76,44,4.29,4.1,False
744023,firm_5,148,10.0,12.3,4,0,44,530581.04,-38.96,440.0,478.96,44,4.34,4.2,False
744023,firm_5,149,10.5,11.68,4,0,44,530315.16,-19.16,462.0,481.16,44,4.39,4.1,False
744023,firm_5,150,11.02,11.1,4,0,44,530174.48,3.72,484.88,481.16,44,4.39,4.2,False
744023,firm_5,151,10.0,10.54,4,0,44,530091.16,-41.16,440.0,481.16,44,4.39,4.1,False
744023,firm_5,152,11.0,10.0,5,0,54,529590.1,48.94,594.0,545.06,54,4.39,4.0,False
744023,firm_5,153,10.0,10.0,4,0,43,529505.33,-44.77,430.0,474.77,43,4.39,3.9,False
744023,firm_5,154,10.0,10.0,3,0,32,529390.85,-84.48,320.0,404.48,32,4.39,3.8,False
744023,firm_5,155,10.0,10.0,4,0,43,528503.93,-46.92,430.0,476.92,43,4.44,3.9,False
744023,firm_5,156,11.0,10.0,4,0,43,528157.86,-6.07,473.0,479.07,43,4.49,4.0,False
744023,firm_5,157,12.1,10.0,4,0,43,528159.09,41.23,520.3,479.07,43,4.49,4.0,False
744023,firm_5,158,10.89,10.0,4,0,43,528108.29,-10.8,468.27,479.07,43,4.49,3.9,False
744023,firm_5,159,11.98,11.0,3,0,33,528056.46,-18.83,395.34,414.17,33,4.49,3.8,False
744023,firm_5,160,12.58,11.55,3,0,33,528022.78,0.97,415.14,414.17,33,4.49,3.8,False
744023,firm_5,161,13.21,12.13,3,0,33,527908.15,21.76,435.93,414.17,33,4.49,3.9,False
744023,firm_5,162,11.89,10.92,3,0,33,527753.59,-21.8,392.37,414.17,33,4.49,4.0,False
744023,firm_5,163,10.7,10.37,3,0,33,527459.76,-62.72,353.1,415.82,33,4.54,3.9,False
744023,firm_5,164,10.0,10.0,2,0,21,527312.42,-127.34,210.0,337.34,21,4.54,3.9,False
744023,firm_5,165,10.5,10.0,2,0,21,527075.58,-116.84,220.5,337.34,21,4.54,4.0,False
744023,firm_5,166,10.0,10.5,1,0,11,526702.59,-162.49,110.0,272.49,11,4.59,3.9,False
744023,firm_5,167,10.0,10.0,1,0,10,526226.19,-166.4,100.0,266.4,10,4.64,4.0,False
744023,firm_5,168,10.0,10.0,1,0,10,525749.29,-166.9,100.0,266.9,10,4.69,4.1,False
744023,firm_5,169,11.0,10.0,1,0,10,525381.89,-157.4,110.0,267.4,10,4.74,4.1,False
744023,firm_5,170,12.1,11.0,1,0,11,525029.3,-141.59,133.1,274.69,11,4.79,4.0,False
744023,firm_5,171,11.5,10.45,1,0,11,524870.66,-148.19,126.5,274.69,11,4.79,3.9,False
744023,firm_5,172,12.65,10.0,1,0,10,524719.26,-141.4,126.5,267.9,10,4.79,3.8,False
744023,firm_5,173,12.02,10.0,2,0,21,523808.04,-91.22,252.42,343.64,21,4.84,3.9,False
744023,firm_5,174,12.62,10.0,3,0,32,523061.4,-16.64,403.84,420.48,32,4.89,3.8,False
744023,firm_5,175,13.88,10.0,4,0,42,522412.88,91.48,582.96,491.48,42,4.94,3.8,False
744023,firm_5,176,15.27,10.5,5,0,54,522010.2,249.82,824.58,574.76,54,4.94,3.9,False
744023,firm_5,177,14.51,11.55,5,0,55,521966.05,213.6,798.05,584.45,55,4.99,3.8,False
744023,firm_5,178,13.06,10.97,6,0,66,521600.85,200.62,861.96,661.34,66,4.99,3.8,False
744023,firm_5,179,14.37,10.42,6,0,66,521725.41,287.08,948.42,661.34,66,4.99,3.9,False
744023,firm_5,180,14.37,10.0,7,0,75,521305.16,349.75,1077.75,728.0,75,5.04,3.9,False
744023,firm_5,181,15.81,10.0,7,0,75,521592.91,457.75,1185.75,728.0,75,5.04,4.0,False
744023,firm_5,182,17.39,10.0,8,0,85,521692.66,679.75,1478.15,798.4,85,5.04,4.0,False
744023,firm_5,183,16.52,11.0,9,0,99,521732.18,738.52,1635.48,896.96,99,5.04,4.1,False
744023,firm_5,184,14.87,10.45,8,0,88,522137.62,489.04,1308.56,819.52,88,5.04,4.0,False
744023,firm_5,185,13.38,11.5,9,0,99,521656.83,422.71,1324.62,901.91,99,5.09,4.1,False
744023,firm_5,186,14.05,12.65,8,0,88,521763.71,408.08,1236.4,828.32,88,5.14,4.1,False
744023,firm_5,187,15.46,13.28,8,0,88,521885.23,527.76,1360.48,832.72,88,5.19,4.2,False
744023,firm_5,188,14.69,12.62,8,0,88,522144.27,460.0,1292.72,832.72,88,5.19,4.3,False
744023,firm_5,189,13.96,11.99,9,0,99,522006.59,470.23,1382.04,911.81,99,5.19,4.3,False
744023,firm_5,190,15.36,11.99,9,0,99,522407.51,608.83,1520.64,911.81,99,5.19,4.4,False
744023,firm_5,191,16.13,11.39,10,0,110,522477.01,783.4,1774.3,990.9,110,5.19,4.5,False
744023,firm_5,192,17.74,11.96,9,0,99,522908.87,839.5,1756.26,916.76,99,5.24,4.6,False
744023,firm_5,193,19.51,13.16,9,0,99,523600.21,1009.78,1931.49,921.71,99,5.29,4.5,False
744023,firm_5,194,21.46,12.5,9,0,100,524499.71,1212.0,2146.0,934.0,100,5.34,4.4,False
744023,firm_5,195,22.53,13.75,10,0,111,525042.75,1480.54,2500.83,1020.29,111,5.39,4.5,False
744023,firm_5,196,20.28,12.38,11,0,122,525679.15,1372.58,2474.16,1101.58,122,5.39,4.6,False
744023,firm_5,197,21.29,11.76,12,0,133,526586.73,1648.7,2831.57,1182.87,133,5.39,4.7,False
744023,firm_5,198,20.23,12.94,13,0,145,527373.06,1654.55,2933.35,1278.8,145,5.44,4.6,False
744023,firm_5,199,22.25,14.23,13,0,145,529135.52,1947.45,3226.25,1278.8,145,5.44,4.5,False
744023,firm_5,200,20.03,13.52,13,0,145,530485.31,1625.55,2904.35,1278.8,145,5.44,4.6,False
744023,firm_5,201,18.03,14.87,13,0,145,531320.3,1328.3,2614.35,1286.05,145,5.49,4.7,False
744023,firm_5,202,16.23,14.13,14,0,156,531478.12,1155.64,2531.88,1376.24,156,5.54,4.8,False
744023,firm_5,203,17.04,12.72,15,0,167,531865.47,1378.15,2845.68,1467.53,167,5.59,4.9,False
744023,firm_5,204,15.34,13.36,15,0,167,532450.97,1085.9,2561.78,1475.88,167,5.64,5.0,False
744023,firm_5,205,16.11,14.03,15,0,167,533355.01,1214.49,2690.37,1475.88,167,5.64,5.1,False
744023,firm_5,206,17.72,13.33,15,0,167,534538.42,1483.36,2959.24,1475.88,167,5.64,5.2,False
744023,firm_5,207,18.61,14.0,16,0,178,535467.08,1752.66,3312.58,1559.92,178,5.64,5.3,False
744023,firm_5,208,17.68,12.6,17,0,189,536350.44,1697.56,3341.52,1643.96,189,5.64,5.4,False
744023,firm_5,209,19.45,12.6,18,0,200,537575.64,2152.0,3890.0,1738.0,200,5.69,5.3,False
744023,firm_5,210,19.45,11.97,19,0,212,538930.73,2282.52,4123.4,1840.88,212,5.74,5.2,False
744023,firm_5,211,17.5,10.77,19,0,212,540384.62,1858.52,3710.0,1851.48,212,5.79,5.2,False
744023,firm_5,212,18.38,11.85,20,0,223,541809.19,2161.57,4098.74,1937.17,223,5.79,5.1,False
744023,firm_5,213,17.46,11.85,21,0,234,543023.12,2062.78,4085.64,2022.86,234,5.79,5.2,False
744023,firm_5,214,17.46,13.04,20,0,223,544507.58,1945.26,3893.58,1948.32,223,5.84,5.1,False
744023,firm_5,215,15.71,12.39,21,0,234,545388.97,1641.58,3676.14,2034.56,234,5.84,5.0,False
744023,firm_5,216,14.14,11.77,21,0,234,546416.0,1274.2,3308.76,2034.56,234,5.84,4.9,False
744023,firm_5,217,14.85,11.18,21,0,234,547621.56,1440.34,3474.9,2034.56,234,5.84,4.9,False
744023,firm_5,218,15.59,12.3,22,0,245,548237.46,1686.5,3819.55,2133.05,245,5.89,5.0,False
744023,firm_5,219,17.15,13.53,22,0,245,550008.5,2068.7,4201.75,2133.05,245,5.89,5.0,False
744023,firm_5,220,18.01,14.88,22,0,245,551960.54,2279.4,4412.45,2133.05,245,5.89,5.0,False
744023,firm_5,221,19.81,15.62,22,0,245,554337.3,2720.4,4853.45,2133.05,245,5.89,4.9,False
744023,firm_5,222,17.83,17.18,22,0,245,556094.64,2235.3,4368.35,2133.05,245,5.89,5.0,False
744023,firm_5,223,18.72,16.32,23,0,256,557578.96,2559.68,4792.32,2232.64,256,5.94,4.9,False
744023,firm_5,224,18.72,15.5,23,0,256,559782.14,2559.68,4792.32,2232.64,256,5.94,4.9,False
744023,firm_5,225,17.78,17.05,22,0,245,561305.59,2198.55,4356.1,2157.55,245,5.99,5.0,False
744023,firm_5,226,19.56,18.76,23,0,256,562833.47,2759.36,5007.36,2248.0,256,6.0,5.1,False
744023,firm_5,227,17.6,16.88,23,0,256,564402.83,2257.6,4505.6,2248.0,256,6.0,5.2,False
744023,firm_5,228,15.84,16.04,23,0,256,565540.95,1807.04,4055.04,2248.0,256,6.0,5.3,False
744023,firm_5,229,16.63,16.84,24,0,267,566441.0,2104.21,4440.21,2336.0,267,6.0,5.4,False
744023,firm_5,230,18.29,16.0,24,0,267,568604.43,2547.43,4883.43,2336.0,267,6.0,5.3,False
744023,firm_5,231,20.12,16.0,24,0,267,571256.47,3036.04,5372.04,2336.0,267,6.0,5.2,False
744023,firm_5,232,22.13,16.8,24,0,267,574125.98,3572.71,5908.71,2336.0,267,6.0,5.3,False
744023,firm_5,233,21.02,17.64,24,0,267,576978.96,3276.34,5612.34,2336.0,267,6.0,5.2,False
744023,firm_5,234,19.97,15.88,25,0,279,578921.59,3139.63,5571.63,2432.0,279,6.0,5.3,False
744023,firm_5,235,20.97,16.67,25,0,279,581823.47,3418.63,5850.63,2432.0,279,6.0,5.4,False
744023,firm_5,236,19.92,18.34,25,0,279,584490.65,3125.68,5557.68,2432.0,279,6.0,5.3,False
744023,firm_5,237,18.92,20.17,26,0,290,586433.03,2966.8,5486.8,2520.0,290,6.0,5.3,False
744023,firm_5,238,20.81,19.16,27,0,301,588871.52,3655.81,6263.81,2608.0,301,6.0,5.2,False
744023,firm_5,239,21.85,18.2,27,0,301,592148.97,3968.85,6576.85,2608.0,301,6.0,5.2,False
744023,firm_5,240,20.76,20.02,27,0,301,595149.19,3640.76,6248.76,2608.0,301,6.0,5.3,False
744023,firm_5,241,21.8,18.02,27,0,301,598616.45,3953.8,6561.8,2608.0,301,6.0,5.2,False
744023,firm_5,242,19.62,17.12,27,0,301,601451.83,3297.62,5905.62,2608.0,301,6.0,5.1,False
744023,firm_5,243,21.58,17.12,28,0,312,604509.43,4036.96,6732.96,2696.0,312,6.0,5.1,False
744023,firm_5,244,19.42,17.98,28,0,312,607169.03,3363.04,6059.04,2696.0,312,6.0,5.0,False
744023,firm_5,245,21.36,16.18,29,0,323,610215.09,4115.28,6899.28,2784.0,323,6.0,5.1,False
744023,firm_5,246,20.29,16.99,29,0,323,613192.05,3769.67,6553.67,2784.0,323,6.0,5.2,False
744023,firm_5,247,18.26,18.69,30,0,334,615358.19,3226.84,6098.84,2872.0,334,6.0,5.1,False
744023,firm_5,248,16.43,18.69,30,0,334,617413.11,2615.62,5487.62,2872.0,334,6.0,5.0,False
744023,firm_5,249,17.25,17.76,30,0,334,619769.81,2889.5,5761.5,2872.0,334,6.0,5.0,False
744023,firm_5,250,15.52,16.87,30,0,334,621475.39,2311.68,5183.68,2872.0,334,6.0,5.1,False
744023,firm_5,251,15.52,17.71,30,0,334,623255.77,2311.68,5183.68,2872.0,334,6.0,5.1,False
744023,firm_5,252,13.97,16.82,30,0,333,624239.18,1788.01,4652.01,2864.0,333,6.0,5.2,False
744023,firm_5,253,15.37,17.66,30,0,333,625863.59,2254.21,5118.21,2864.0,333,6.0,5.3,False
744023,firm_5,254,15.37,18.54,30,0,333,627461.6,2254.21,5118.21,2864.0,333,6.0,5.4,False
744023,firm_5,255,16.14,17.61,31,0,345,628823.99,2608.3,5568.3,2960.0,345,6.0,5.3,False
744023,firm_5,256,17.75,16.73,31,0,345,631369.11,3163.75,6123.75,2960.0,345,6.0,5.4,False
744023,firm_5,257,18.64,18.4,32,0,356,633768.15,3587.84,6635.84,3048.0,356,6.0,5.5,False
744023,firm_5,258,16.78,19.32,33,0,367,635652.85,3022.26,6158.26,3136.0,367,6.0,5.4,False
744023,firm_5,259,17.62,17.39,34,0,378,637897.95,3436.36,6660.36,3224.0,378,6.0,5.5,False
744023,firm_5,260,15.86,19.13,33,0,367,639651.28,2684.62,5820.62,3136.0,367,6.0,5.6,False
744023,firm_5,261,16.65,21.04,33,0,367,641831.51,2974.55,6110.55,3136.0,367,6.0,5.7,False
744023,firm_5,262,17.48,19.99,34,0,378,643835.29,3383.44,6607.44,3224.0,378,6.0,5.7,False
744023,firm_5,263,18.35,21.99,34,0,378,646599.93,3712.3,6936.3,3224.0,378,6.0,5.6,False
744023,firm_5,264,20.19,24.19,34,0,378,650185.29,4407.82,7631.82,3224.0,378,6.0,5.6,False
744023,firm_5,265,19.18,21.77,34,0,378,653471.15,4026.04,7250.04,3224.0,378,6.0,5.5,False
744023,firm_5,266,21.1,19.59,34,0,378,657556.89,4751.8,7975.8,3224.0,378,6.0,5.4,False
744023,firm_5,267,22.16,21.55,34,0,377,661762.51,5138.32,8354.32,3216.0,377,6.0,5.3,False
744023,firm_5,268,24.38,22.63,35,0,388,666525.9,6155.44,9459.44,3304.0,388,6.0,5.4,False
744023,firm_5,269,26.82,22.63,35,0,388,672836.01,7102.16,10406.16,3304.0,388,6.0,5.3,False
744023,firm_5,270,28.16,20.37,34,0,377,679443.75,7400.32,10616.32,3216.0,377,6.0,5.4,False
744023,firm_5,271,29.57,18.33,35,0,388,686171.36,8169.16,11473.16,3304.0,388,6.0,5.5,False
744023,firm_5,272,26.61,16.5,35,0,388,692614.54,7020.68,10324.68,3304.0,388,6.0,5.4,False
744023,firm_5,273,25.28,18.15,35,0,388,698483.93,6504.64,9808.64,3304.0,388,6.0,5.4,False
744023,firm_5,274,27.81,19.96,35,0,388,705271.61,7486.28,10790.28,3304.0,388,6.0,5.3,False
744023,firm_5,275,25.03,18.96,36,0,399,710684.02,6594.97,9986.97,3392.0,399,6.0,5.3,False
744023,firm_5,276,26.28,17.06,36,0,399,717063.58,7093.72,10485.72,3392.0,399,6.0,5.4,False
744023,firm_5,277,23.65,15.35,37,0,410,722112.13,6216.5,9696.5,3480.0,410,6.0,5.5,False
744023,firm_5,278,24.83,16.89,37,0,411,728104.33,6717.13,10205.13,3488.0,411,6.0,5.6,False
744023,firm_5,279,26.07,18.58,38,0,422,734323.83,7425.54,11001.54,3576.0,422,6.0,5.6,False
744023,firm_5,280,27.37,17.65,38,0,421,741607.9,7954.77,11522.77,3568.0,421,6.0,5.6,False
744023,firm_5,281,27.37,16.77,39,0,432,748521.71,8167.84,11823.84,3656.0,432,6.0,5.7,False
744023,firm_5,282,28.74,15.09,40,0,443,756305.93,8987.82,12731.82,3744.0,443,6.0,5.8,False
744023,firm_5,283,30.18,14.34,40,0,443,765258.07,9625.74,13369.74,3744.0,443,6.0,5.9,False
744023,firm_5,284,33.2,15.06,41,0,454,775181.41,11240.8,15072.8,3832.0,454,6.0,5.9,False
744023,firm_5,285,29.88,15.81,41,0,454,783966.72,9733.52,13565.52,3832.0,454,6.0,6.0,False
744023,firm_5,286,31.37,17.39,42,0,465,793403.39,10667.05,14587.05,3920.0,465,6.0,6.0,False
744023,firm_5,287,29.8,15.65,42,0,465,802683.09,9937.0,13857.0,3920.0,465,6.0,5.9,False
744023,firm_5,288,31.29,14.87,42,0,465,812488.4,10629.85,14549.85,3920.0,465,6.0,5.8,False
744023,firm_5,289,32.85,14.13,42,0,465,823250.19,11355.25,15275.25,3920.0,465,6.0,5.7,False
744023,firm_5,290,34.49,15.54,41,0,454,834439.51,11826.46,15658.46,3832.0,454,6.0,5.6,False
744023,firm_5,291,37.94,17.09,40,0,443,846619.33,13063.42,16807.42,3744.0,443,6.0,5.5,False
744023,firm_5,292,39.84,16.24,41,0,454,859608.85,14255.36,18087.36,3832.0,454,6.0,5.6,False
744023,firm_5,293,43.82,17.05,41,0,454,874972.08,16062.28,19894.28,3832.0,454,6.0,5.5,False
744023,firm_5,294,46.01,18.76,42,0,465,891058.81,17474.65,21394.65,3920.0,465,6.0,5.6,False
744023,firm_5,295,48.31,19.7,42,0,465,908775.56,18544.15,22464.15,3920.0,465,6.0,5.5,False
744023,firm_5,296,53.14,18.72,43,0,476,928657.24,21286.64,25294.64,4008.0,476,6.0,5.6,False
744023,firm_5,297,55.8,16.85,42,0,465,949876.54,22027.0,25947.0,3920.0,465,6.0,5.7,False
744023,firm_5,298,61.38,17.69,42,0,465,973655.26,24621.7,28541.7,3920.0,465,6.0,5.8,False
744023,firm_5,299,61.38,17.69,43,0,476,997403.47,25208.88,29216.88,4008.0,476,6.0,5.7,False
744023,firm_5,300,67.52,15.92,44,0,487,1024689.23,28786.24,32882.24,4096.0,487,6.0,5.8,False
744023,firm_5,301,74.27,14.33,45,0,498,1056146.84,32802.46,36986.46,4184.0,498,6.0,5.8,False
744023,firm_5,302,77.98,15.76,46,0,509,1090041.7,35419.82,39691.82,4272.0,509,6.0,5.9,False
744023,firm_5,303,85.78,15.76,47,0,520,1128746.58,40245.6,44605.6,4360.0,520,6.0,6.0,False
744023,firm_5,304,94.36,14.97,46,0,509,1171715.2,43757.24,48029.24,4272.0,509,6.0,6.0,False
744023,firm_5,305,103.8,13.47,47,0,520,1220098.11,49616.0,53976.0,4360.0,520,6.0,6.0,False
744023,firm_5,306,93.42,14.82,48,0,531,1263744.77,45158.02,49606.02,4448.0,531,6.0,6.0,False
744023,firm_5,307,102.76,16.3,48,0,531,1312979.93,50117.56,54565.56,4448.0,531,6.0,6.0,False
744023,firm_5,308,113.04,15.48,48,0,531,1367713.13,55576.24,60024.24,4448.0,531,6.0,6.0,False
744023,firm_5,309,124.34,15.48,49,43,541,1423532.93,57178.32,61921.32,4743.0,498,6.0,6.0,False
744023,firm_5,310,136.77,17.03,50,595,552,1414490.43,-7591.0,0.0,7591.0,0,6.0,6.0,False
744023,firm_5,311,123.09,18.73,51,1159,564,1402228.2,-10507.0,0.0,10507.0,0,6.0,6.0,False
744023,firm_5,312,110.78,20.6,52,369,575,1544926.7,144569.7,151214.7,6645.0,1365,6.0,6.0,False
744023,firm_5,313,99.7,22.66,53,0,586,1633551.22,90325.5,95213.5,4888.0,955,6.0,5.9,False
744023,firm_5,314,109.67,23.79,53,586,586,1624372.35,-7818.0,0.0,7818.0,0,6.0,6.0,False
744023,firm_5,315,98.7,26.17,53,188,586,1713978.14,91292.8,97120.8,5828.0,984,6.0,6.0,False
744023,firm_5,316,108.57,28.79,54,785,597,1703022.48,-8901.0,0.0,8901.0,0,6.0,5.9,False
744023,firm_5,317,97.71,28.79,55,0,608,1831685.06,131046.03,136110.03,5064.0,1393,6.0,6.0,False
744023,firm_5,318,102.6,25.91,56,0,619,1888091.5,58357.4,63509.4,5152.0,619,6.0,5.9,False
744023,firm_5,319,112.86,28.5,56,0,618,1950998.98,64603.48,69747.48,5144.0,618,6.0,6.0,False
744023,firm_5,320,101.57,27.08,57,0,630,2007604.52,58749.1,63989.1,5240.0,630,6.0,6.0,False
744023,firm_5,321,106.65,29.79,58,0,641,2068211.35,63034.65,68362.65,5328.0,641,6.0,5.9,False
744023,firm_5,322,111.98,32.77,58,640,640,2057490.69,-8520.0,0.0,8520.0,0,6.0,6.0,False
744023,firm_5,323,100.78,36.05,58,0,640,2178878.19,123678.4,128998.4,5320.0,1280,6.0,5.9,False
744023,firm_5,324,110.86,39.66,58,640,640,2168057.91,-8520.0,0.0,8520.0,0,6.0,5.8,False
744023,firm_5,325,99.77,39.66,59,0,651,2288313.04,123395.07,128803.07,5408.0,1291,6.0,5.9,False
744023,firm_5,326,109.75,43.63,60,662,662,2276389.24,-8806.0,0.0,8806.0,0,6.0,5.8,False
744023,firm_5,327,98.78,43.63,61,1335,673,2260668.81,-12259.0,0.0,12259.0,0,6.0,5.9,False
744023,firm_5,328,88.9,47.99,62,142,684,2417376.73,160483.3,166865.3,6382.0,1877,6.0,6.0,False
744023,firm_5,329,93.35,52.79,63,0,695,2485924.91,72373.95,78133.95,5760.0,837,6.0,5.9,False
744023,firm_5,330,88.68,52.79,64,0,706,2538506.43,56760.08,62608.08,5848.0,706,6.0,6.0,False
744023,firm_5,331,97.55,50.15,64,0,706,2598219.13,63022.3,68870.3,5848.0,706,6.0,6.0,False
744023,firm_5,332,107.3,45.14,64,250,706,2637160.97,41830.8,48928.8,7098.0,456,6.0,5.9,False
744023,firm_5,333,96.57,42.88,65,0,717,2721120.96,87447.19,93383.19,5936.0,967,6.0,5.8,False
744023,firm_5,334,106.23,42.88,66,0,728,2789102.32,71311.44,77335.44,6024.0,728,6.0,5.7,False
744023,firm_5,335,95.61,38.59,67,0,739,2850460.58,64543.79,70655.79,6112.0,739,6.0,5.8,False
744023,firm_5,336,105.17,40.52,67,739,739,2837938.74,-9807.0,0.0,9807.0,0,6.0,5.8,False
744023,firm_5,337,94.65,44.57,66,417,728,2925970.62,91273.5,99382.5,8109.0,1050,6.0,5.9,False
744023,firm_5,338,85.18,49.03,67,0,739,3014541.69,92356.08,98468.08,6112.0,1156,6.0,5.9,False
744023,firm_5,339,93.7,49.03,68,0,750,3074482.65,64075.0,70275.0,6200.0,750,6.0,6.0,False
744023,firm_5,340,98.38,53.93,68,750,750,3060865.41,-9950.0,0.0,9950.0,0,6.0,6.0,False
744023,firm_5,341,88.54,59.32,69,0,761,3183468.27,127495.94,133783.94,6288.0,1511,6.0,6.0,False
744023,firm_5,342,92.97,65.25,69,0,761,3243428.19,64462.17,70750.17,6288.0,761,6.0,5.9,False
744023,firm_5,343,102.27,65.25,70,772,772,3228024.69,-10236.0,0.0,10236.0,0,6.0,6.0,False
744023,firm_5,344,92.04,65.25,71,772,783,3284335.26,61743.32,72067.32,10324.0,783,6.0,6.0,False
744023,firm_5,345,82.84,71.78,72,0,793,3401567.7,123100.6,129644.6,6544.0,1565,6.0,5.9,False
744023,firm_5,346,91.12,78.96,73,0,804,3461632.1,66628.48,73260.48,6632.0,804,6.0,6.0,False
744023,firm_5,347,100.23,78.96,74,0,815,3530156.51,74967.45,81687.45,6720.0,815,6.0,6.0,False
744023,firm_5,348,95.22,75.01,75,0,826,3595874.48,71843.72,78651.72,6808.0,826,6.0,5.9,False
744023,firm_5,349,99.98,82.51,76,0,837,3665790.98,76787.26,83683.26,6896.0,837,6.0,6.0,False
744023,firm_5,350,104.98,74.26,77,0,848,3741612.0,82039.04,89023.04,6984.0,848,6.0,6.0,False
744023,firm_5,351,115.48,66.83,78,859,859,3724432.26,-11367.0,0.0,11367.0,0,6.0,6.0,False
744023,firm_5,352,103.93,73.51,79,1494,870,3727618.52,9793.55,24423.55,14630.0,235,6.0,6.0,False
744023,firm_5,353,93.54,80.86,80,0,881,3935259.22,214909.5,222157.5,7248.0,2375,6.0,6.0,False
744023,firm_5,354,102.89,88.95,81,892,892,3915758.27,-11796.0,0.0,11796.0,0,6.0,5.9,False
744023,firm_5,355,92.6,88.95,82,500,903,4017657.37,109993.0,119917.0,9924.0,1295,6.0,6.0,False
744023,firm_5,356,83.34,97.85,83,0,914,4119366.58,110330.76,117842.76,7512.0,1414,6.0,5.9,False
744023,firm_5,357,91.67,107.64,84,545,925,4134034.42,24509.6,34834.6,10325.0,380,6.0,6.0,False
744023,firm_5,358,82.5,107.64,85,0,935,4238505.02,114420.0,122100.0,7680.0,1480,6.0,6.0,False
744023,firm_5,359,86.62,102.26,86,0,946,4303385.18,74174.52,81942.52,7768.0,946,6.0,6.0,False
744023,firm_5,360,90.95,92.03,87,0,957,4373961.72,79183.15,87039.15,7856.0,957,6.0,6.0,False
744023,firm_5,361,95.5,82.83,88,0,968,4450572.68,84500.0,92444.0,7944.0,968,6.0,6.0,False
744023,firm_5,362,100.28,82.83,89,0,979,4532542.93,90142.12,98174.12,8032.0,979,6.0,6.0,False
744023,firm_5,363,110.31,82.83,89,979,979,4512144.06,-12927.0,0.0,12927.0,0,6.0,6.0,False
744023,firm_5,364,99.28,82.83,90,1969,990,4485924.36,-17965.0,0.0,17965.0,0,6.0,6.0,False
744023,firm_5,365,89.35,91.11,91,2291,1001,4517839.0,41005.65,60668.65,19663.0,679,6.0,6.0,False
744023,firm_6,1,50.26,27.39,16,0,183,102564.68,8593.15,9197.58,604.43,183,0.21,0.31,False
744023,firm_6,2,45.23,27.39,16,0,183,109589.95,7663.51,8277.09,613.58,183,0.26,0.21,False
744023,firm_6,3,40.71,27.39,16,0,183,115778.91,6827.2,7449.93,622.73,183,0.31,0.11,False
744023,firm_6,4,36.64,27.39,16,0,183,121213.91,6073.24,6705.12,631.88,183,0.36,0.1,False
744023,firm_6,5,32.98,27.39,16,0,183,125969.98,5394.31,6035.34,641.03,183,0.41,0.1,False
744023,firm_6,6,29.68,27.39,16,0,183,130113.0,4781.26,5431.44,650.18,183,0.46,0.1,False
744023,firm_6,7,26.71,27.39,16,0,183,133703.36,4228.6,4887.93,659.33,183,0.51,0.1,False
744023,firm_6,8,24.04,27.39,16,0,183,136795.96,3730.84,4399.32,668.48,183,0.56,0.1,False
744023,firm_6,9,21.64,27.39,16,0,183,139440.21,3282.49,3960.12,677.63,183,0.61,0.1,False
744023,firm_6,10,19.48,27.39,16,0,183,141680.03,2878.06,3564.84,686.78,183,0.66,0.1,False
744023,firm_6,11,17.53,27.39,16,0,183,143553.85,2512.06,3207.99,695.93,183,0.71,0.1,False
744023,firm_6,12,15.78,27.39,16,0,183,145098.27,2182.66,2887.74,705.08,183,0.76,0.1,False
744023,firm_6,13,14.2,28.76,16,0,183,146322.48,1884.37,2598.6,714.23,183,0.81,0.1,False
744023,firm_6,14,12.78,30.2,16,0,183,147254.64,1615.36,2338.74,723.38,183,0.86,0.1,False
744023,firm_6,15,11.5,31.71,16,0,183,147919.25,1371.97,2104.5,732.53,183,0.91,0.1,False
744023,firm_6,16,10.35,33.3,16,0,183,148338.82,1152.37,1894.05,741.68,183,0.96,0.1,False
744023,firm_6,17,10.0,34.96,16,0,184,148665.62,1086.16,1840.0,753.84,184,1.01,0.1,False
744023,firm_6,18,10.5,36.71,16,0,184,149047.22,1168.96,1932.0,763.04,184,1.06,0.1,False
744023,firm_6,19,11.02,38.55,16,0,184,149485.86,1255.44,2027.68,772.24,184,1.11,0.1,False
744023,firm_6,20,11.57,40.48,16,0,184,149985.62,1347.44,2128.88,781.44,184,1.16,0.1,False
744023,firm_6,21,12.15,42.5,16,0,184,150550.58,1444.96,2235.6,790.64,184,1.21,0.1,False
744023,firm_6,22,12.76,44.62,16,0,184,151184.66,1548.0,2347.84,799.84,184,1.26,0.1,False
744023,firm_6,23,13.4,46.85,16,0,184,151891.62,1656.56,2465.6,809.04,184,1.31,0.1,False
744023,firm_6,24,14.07,49.19,16,0,184,152675.22,1770.64,2588.88,818.24,184,1.36,0.1,False
744023,firm_6,25,14.77,51.65,16,0,184,153539.06,1890.24,2717.68,827.44,184,1.41,0.1,False
744023,firm_6,26,15.51,54.23,16,0,184,154488.58,2017.2,2853.84,836.64,184,1.46,0.1,False
744023,firm_6,27,16.29,56.94,16,0,184,155529.06,2151.52,2997.36,845.84,184,1.51,0.1,False
744023,firm_6,28,17.1,59.79,16,0,184,156663.78,2291.36,3146.4,855.04,184,1.56,0.1,False
744023,firm_6,29,17.96,62.78,16,0,184,157899.7,2440.4,3304.64,864.24,184,1.61,0.1,False
744023,firm_6,30,18.86,65.92,15,0,172,159125.3,2414.4,3243.92,829.52,172,1.66,0.1,False
744023,firm_6,31,17.92,69.22,14,0,161,160044.03,2087.81,2885.12,797.31,161,1.71,0.1,False
744023,firm_6,32,17.02,72.68,13,0,149,160674.93,1775.74,2535.98,760.24,149,1.76,0.1,False
744023,firm_6,33,16.17,76.31,12,0,138,161064.89,1505.68,2231.46,725.78,138,1.81,0.1,False
744023,firm_6,34,15.36,80.13,11,0,126,161232.46,1249.0,1935.36,686.36,126,1.86,0.1,False
744023,firm_6,35,14.59,84.14,10,0,115,161219.26,1028.2,1677.85,649.65,115,1.91,0.1,False
744023,firm_6,36,13.86,88.35,9,0,104,161053.71,829.6,1441.44,611.84,104,1.96,0.1,False
744023,firm_6,37,12.47,97.18,8,0,92,160654.59,578.32,1147.24,568.92,92,2.01,0.1,False
744023,firm_6,38,11.22,106.9,7,0,81,160086.25,379.96,908.82,528.86,81,2.06,0.1,False
744023,firm_6,39,10.1,117.59,6,0,69,159394.02,213.31,696.9,483.59,69,2.11,0.1,False
744023,firm_6,40,10.0,129.35,5,0,58,158685.99,138.72,580.0,441.28,58,2.16,0.1,False
744023,firm_6,41,10.0,142.28,4,0,46,157983.21,66.34,460.0,393.66,46,2.21,0.1,False
744023,firm_6,42,10.0,156.51,3,0,34,157308.84,-4.84,340.0,344.84,34,2.26,0.1,False
744023,firm_6,43,10.0,172.16,2,0,23,156695.39,-69.13,230.0,299.13,23,2.31,0.1,False
744023,firm_6,44,10.0,189.38,1,0,11,156168.05,-137.96,110.0,247.96,11,2.36,0.1,False
744023,firm_6,45,10.0,208.32,1,0,11,155621.22,-138.51,110.0,248.51,11,2.41,0.1,False
744023,firm_6,46,10.0,229.15,1,0,11,155053.01,-139.06,110.0,249.06,11,2.46,0.1,False
744023,firm_6,47,10.0,252.07,1,0,11,154461.33,-139.61,110.0,249.61,11,2.51,0.1,False
744023,firm_6,48,10.0,277.28,1,0,11,153843.89,-140.16,110.0,250.16,11,2.56,0.1,False
744023,firm_6,49,10.0,305.01,1,0,11,153198.17,-140.71,110.0,250.71,11,2.61,0.1,False
744023,firm_6,50,10.5,335.51,1,0,11,152526.9,-135.76,115.5,251.26,11,2.66,0.1,False
744023,firm_6,51,11.02,369.06,1,0,11,151827.25,-130.59,121.22,251.81,11,2.71,0.1,False
744023,firm_6,52,11.57,405.97,1,0,11,151096.19,-125.09,127.27,252.36,11,2.76,0.1,False
744023,firm_6,53,12.15,446.57,1,0,11,150330.36,-119.26,133.65,252.91,11,2.81,0.1,False
744023,firm_6,54,12.76,491.23,1,0,11,149526.03,-113.1,140.36,253.46,11,2.86,0.1,False
744023,firm_6,55,13.4,500.0,1,0,11,148719.42,-106.61,147.4,254.01,11,2.91,0.1,False
744023,firm_6,56,14.07,500.0,1,0,11,147919.63,-99.79,154.77,254.56,11,2.96,0.1,False
744023,firm_6,57,14.77,500.0,1,0,11,147126.99,-92.64,162.47,255.11,11,3.01,0.1,False
744023,firm_6,58,15.51,500.0,1,0,11,146341.94,-85.05,170.61,255.66,11,3.06,0.1,False
744023,firm_6,59,16.29,500.0,1,0,11,145564.92,-77.02,179.19,256.21,11,3.11,0.1,False
744023,firm_6,60,17.1,500.0,1,0,11,144796.26,-68.66,188.1,256.76,11,3.16,0.1,False
744023,firm_6,61,17.96,500.0,1,0,11,144036.51,-59.75,197.56,257.31,11,3.21,0.1,False
744023,firm_6,62,18.86,500.0,1,0,11,143286.11,-50.4,207.46,257.86,11,3.26,0.1,False
744023,firm_6,63,19.8,500.0,1,0,11,142545.5,-40.61,217.8,258.41,11,3.31,0.1,False
744023,firm_6,64,20.79,500.0,1,0,11,141815.23,-30.27,228.69,258.96,11,3.36,0.1,False
744023,firm_6,65,21.83,500.0,1,0,11,141095.85,-19.38,240.13,259.51,11,3.41,0.1,False
744023,firm_6,66,22.92,500.0,1,0,11,140387.91,-7.94,252.12,260.06,11,3.46,0.1,False
744023,firm_6,67,24.07,500.0,1,0,11,139692.07,4.16,264.77,260.61,11,3.51,0.1,False
744023,firm_6,68,25.27,500.0,1,0,11,139008.88,16.81,277.97,261.16,11,3.56,0.1,False
744023,firm_6,69,26.53,500.0,1,0,11,138339.0,30.12,291.83,261.71,11,3.61,0.1,False
744023,firm_6,70,27.86,500.0,1,0,11,137683.2,44.2,306.46,262.26,11,3.66,0.1,False
744023,firm_6,71,25.07,500.0,1,0,11,136996.16,12.96,275.77,262.81,11,3.71,0.1,False
744023,firm_6,72,26.32,500.0,1,0,11,136322.32,26.16,289.52,263.36,11,3.76,0.1,False
744023,firm_6,73,23.69,500.0,1,0,11,135619.0,-3.32,260.59,263.91,11,3.81,0.1,False
744023,firm_6,74,24.87,500.0,1,0,11,134928.11,9.11,273.57,264.46,11,3.86,0.1,False
744023,firm_6,75,26.11,500.0,1,0,11,134250.31,22.2,287.21,265.01,11,3.91,0.1,False
744023,firm_6,76,27.42,500.0,1,0,11,133586.37,36.06,301.62,265.56,11,3.96,0.1,False
744023,firm_6,77,28.79,500.0,1,0,11,132936.95,50.58,316.69,266.11,11,4.01,0.1,False
744023,firm_6,78,30.23,500.0,1,0,11,132302.82,65.87,332.53,266.66,11,4.06,0.1,False
744023,firm_6,79,31.74,500.0,1,0,11,131684.75,81.93,349.14,267.21,11,4.11,0.1,False
744023,firm_6,80,28.57,500.0,1,0,11,131031.26,46.51,314.27,267.76,11,4.16,0.1,False
744023,firm_6,81,30.0,500.0,1,0,11,130392.95,61.69,330.0,268.31,11,4.21,0.1,False
744023,firm_6,82,31.5,500.0,1,0,11,129770.59,77.64,346.5,268.86,11,4.26,0.1,False
744023,firm_6,83,33.08,500.0,1,0,11,129165.06,94.47,363.88,269.41,11,4.31,0.1,False
744023,firm_6,84,29.77,500.0,1,0,11,128522.57,57.51,327.47,269.96,11,4.36,0.1,False
744023,firm_6,85,26.79,500.0,1,0,11,127846.75,24.18,294.69,270.51,11,4.41,0.1,False
744023,firm_6,86,28.13,500.0,1,0,11,127185.12,38.37,309.43,271.06,11,4.46,0.1,False
744023,firm_6,87,29.54,500.0,1,0,11,126538.45,53.33,324.94,271.61,11,4.51,0.1,False
744023,firm_6,88,26.59,500.0,1,0,11,125858.78,20.33,292.49,272.16,11,4.56,0.1,False
744023,firm_6,89,27.92,500.0,1,0,11,125193.19,34.41,307.12,272.71,11,4.61,0.1,False
744023,firm_6,90,25.13,500.0,1,0,11,124496.36,3.17,276.43,273.26,11,4.66,0.1,False
744023,firm_6,91,26.39,500.0,1,0,11,123812.84,16.48,290.29,273.81,11,4.71,0.1,False
744023,firm_6,92,23.75,500.0,1,0,11,123099.73,-13.11,261.25,274.36,11,4.76,0.1,False
744023,firm_6,93,24.94,500.0,1,0,11,122399.16,-0.57,274.34,274.91,11,4.81,0.1,False
744023,firm_6,94,22.45,500.0,1,0,11,121670.65,-28.51,246.95,275.46,11,4.86,0.1,False
744023,firm_6,95,20.2,500.0,1,0,11,120916.84,-53.81,222.2,276.01,11,4.91,0.1,False
744023,firm_6,96,18.18,500.0,1,0,11,120140.26,-76.58,199.98,276.56,11,4.96,0.1,False
744023,firm_6,97,16.36,500.0,1,0,11,119343.11,-97.15,179.96,277.11,11,5.01,0.1,False
744023,firm_6,98,14.72,500.0,1,0,11,118527.37,-115.74,161.92,277.66,11,5.06,0.1,False
744023,firm_6,99,13.25,500.0,1,0,11,117694.91,-132.46,145.75,278.21,11,5.11,0.1,False
744023,firm_6,100,11.92,500.0,1,0,11,116847.27,-147.64,131.12,278.76,11,5.16,0.1,False
744023,firm_6,101,10.73,500.0,1,0,11,115985.99,-161.28,118.03,279.31,11,5.21,0.1,False
744023,firm_6,102,10.0,500.0,1,0,11,115116.13,-169.86,110.0,279.86,11,5.26,0.1,False
744023,firm_6,103,10.0,500.0,1,0,11,114245.72,-170.41,110.0,280.41,11,5.31,0.1,False
744023,firm_6,104,10.0,500.0,1,0,11,113374.76,-170.96,110.0,280.96,11,5.36,0.1,False
744023,firm_6,105,10.0,500.0,1,0,11,112503.25,-171.51,110.0,281.51,11,5.41,0.1,False
744023,firm_6,106,10.0,500.0,1,0,11,111631.19,-172.06,110.0,282.06,11,5.46,0.1,False
744023,firm_6,107,10.0,500.0,1,0,11,110758.58,-172.61,110.0,282.61,11,5.51,0.1,False
744023,firm_6,108,10.0,500.0,1,0,11,109885.42,-173.16,110.0,283.16,11,5.56,0.1,False
744023,firm_6,109,10.0,500.0,1,0,11,109011.71,-173.71,110.0,283.71,11,5.61,0.1,False
744023,firm_6,110,10.0,500.0,1,0,11,108137.45,-174.26,110.0,284.26,11,5.66,0.1,False
744023,firm_6,111,10.0,500.0,1,0,11,107262.64,-174.81,110.0,284.81,11,5.71,0.1,False
744023,firm_6,112,10.0,500.0,1,0,11,106387.28,-175.36,110.0,285.36,11,5.76,0.1,False
744023,firm_6,113,10.0,500.0,1,0,11,105511.37,-175.91,110.0,285.91,11,5.81,0.1,False
744023,firm_6,114,10.0,500.0,1,0,11,104634.91,-176.46,110.0,286.46,11,5.86,0.1,False
744023,firm_6,115,10.0,500.0,1,0,11,103757.9,-177.01,110.0,287.01,11,5.91,0.1,False
744023,firm_6,116,10.0,500.0,1,0,11,102880.34,-177.56,110.0,287.56,11,5.96,0.1,False
744023,firm_6,117,10.0,500.0,1,0,11,102002.34,-178.0,110.0,288.0,11,6.0,0.1,False
744023,firm_6,118,10.0,500.0,1,0,11,101124.34,-178.0,110.0,288.0,11,6.0,0.1,False
744023,firm_6,119,10.0,500.0,1,0,11,100246.34,-178.0,110.0,288.0,11,6.0,0.1,False
744023,firm_6,120,10.0,500.0,1,0,11,99368.34,-178.0,110.0,288.0,11,6.0,0.1,False
744023,firm_6,121,10.0,500.0,1,0,11,98490.34,-178.0,110.0,288.0,11,6.0,0.1,False
744023,firm_6,122,10.0,500.0,1,0,11,97612.34,-178.0,110.0,288.0,11,6.0,0.1,False
744023,firm_6,123,10.0,500.0,1,0,11,96734.34,-178.0,110.0,288.0,11,6.0,0.1,False
744023,firm_6,124,10.0,500.0,1,0,11,95856.34,-178.0,110.0,288.0,11,6.0,0.1,False
744023,firm_6,125,10.0,500.0,1,0,11,94978.34,-178.0,110.0,288.0,11,6.0,0.1,False
744023,firm_6,126,10.0,500.0,1,0,11,94100.34,-178.0,110.0,288.0,11,6.0,0.1,False
744023,firm_6,127,10.0,500.0,1,0,11,93222.34,-178.0,110.0,288.0,11,6.0,0.1,False
744023,firm_6,128,10.0,500.0,1,0,11,92344.34,-178.0,110.0,288.0,11,6.0,0.1,False
744023,firm_6,129,10.0,500.0,1,0,11,91466.34,-178.0,110.0,288.0,11,6.0,0.1,False
744023,firm_6,130,10.0,500.0,1,0,11,90588.34,-178.0,110.0,288.0,11,6.0,0.1,False
744023,firm_6,131,10.0,500.0,1,0,11,89710.34,-178.0,110.0,288.0,11,6.0,0.1,False
744023,firm_6,132,10.0,500.0,1,0,11,88832.34,-178.0,110.0,288.0,11,6.0,0.1,False
744023,firm_6,133,10.0,500.0,1,0,11,87954.34,-178.0,110.0,288.0,11,6.0,0.1,False
744023,firm_6,134,10.0,500.0,1,0,11,87076.34,-178.0,110.0,288.0,11,6.0,0.1,False
744023,firm_6,135,10.0,500.0,1,0,11,86198.34,-178.0,110.0,288.0,11,6.0,0.1,False
744023,firm_6,136,10.0,500.0,1,0,11,85320.34,-178.0,110.0,288.0,11,6.0,0.1,False
744023,firm_6,137,10.0,500.0,1,0,11,84442.34,-178.0,110.0,288.0,11,6.0,0.1,False
744023,firm_6,138,10.0,500.0,1,0,11,83564.34,-178.0,110.0,288.0,11,6.0,0.1,False
744023,firm_6,139,10.0,500.0,1,0,11,82686.34,-178.0,110.0,288.0,11,6.0,0.1,False
744023,firm_6,140,10.0,500.0,1,0,11,81808.34,-178.0,110.0,288.0,11,6.0,0.1,False
744023,firm_6,141,10.0,500.0,1,0,11,80930.34,-178.0,110.0,288.0,11,6.0,0.1,False
744023,firm_6,142,10.0,500.0,1,0,11,80052.34,-178.0,110.0,288.0,11,6.0,0.1,False
744023,firm_6,143,10.0,500.0,1,0,11,79174.34,-178.0,110.0,288.0,11,6.0,0.1,False
744023,firm_6,144,10.0,500.0,1,0,11,78296.34,-178.0,110.0,288.0,11,6.0,0.1,False
744023,firm_6,145,10.0,500.0,1,0,11,77418.34,-178.0,110.0,288.0,11,6.0,0.1,False
744023,firm_6,146,10.0,500.0,1,0,11,76540.34,-178.0,110.0,288.0,11,6.0,0.1,False
744023,firm_6,147,10.5,500.0,1,0,11,75667.84,-172.5,115.5,288.0,11,6.0,0.1,False
744023,firm_6,148,10.0,500.0,1,0,11,74789.84,-178.0,110.0,288.0,11,6.0,0.1,False
744023,firm_6,149,10.5,500.0,1,0,11,73917.34,-172.5,115.5,288.0,11,6.0,0.1,False
744023,firm_6,150,11.02,500.0,1,0,11,73050.56,-166.78,121.22,288.0,11,6.0,0.1,False
744023,firm_6,151,11.57,500.0,1,0,11,72189.83,-160.73,127.27,288.0,11,6.0,0.1,False
744023,firm_6,152,12.15,500.0,1,0,11,71335.48,-154.35,133.65,288.0,11,6.0,0.1,False
744023,firm_6,153,12.76,500.0,1,0,11,70487.84,-147.64,140.36,288.0,11,6.0,0.1,False
744023,firm_6,154,13.4,500.0,1,0,11,69647.24,-140.6,147.4,288.0,11,6.0,0.1,False
744023,firm_6,155,12.06,500.0,1,0,11,68791.9,-155.34,132.66,288.0,11,6.0,0.1,False
744023,firm_6,156,12.66,500.0,1,0,11,67943.16,-148.74,139.26,288.0,11,6.0,0.1,False
744023,firm_6,157,13.29,500.0,1,0,11,67101.35,-141.81,146.19,288.0,11,6.0,0.1,False
744023,firm_6,158,13.95,500.0,1,0,11,66266.8,-134.55,153.45,288.0,11,6.0,0.1,False
744023,firm_6,159,14.65,500.0,1,0,11,65439.95,-126.85,161.15,288.0,11,6.0,0.1,False
744023,firm_6,160,15.38,500.0,1,0,11,64621.13,-118.82,169.18,288.0,11,6.0,0.1,False
744023,firm_6,161,16.15,500.0,1,0,11,63810.78,-110.35,177.65,288.0,11,6.0,0.1,False
744023,firm_6,162,16.96,500.0,1,0,11,63009.34,-101.44,186.56,288.0,11,6.0,0.1,False
744023,firm_6,163,17.81,500.0,1,0,11,62217.25,-92.09,195.91,288.0,11,6.0,0.1,False
744023,firm_6,164,18.7,500.0,1,0,11,61434.95,-82.3,205.7,288.0,11,6.0,0.1,False
744023,firm_6,165,19.64,500.0,1,0,11,60662.99,-71.96,216.04,288.0,11,6.0,0.1,False
744023,firm_6,166,20.62,500.0,1,0,11,59901.81,-61.18,226.82,288.0,11,6.0,0.1,False
744023,firm_6,167,21.65,500.0,1,0,11,59151.96,-49.85,238.15,288.0,11,6.0,0.1,False
744023,firm_6,168,22.73,500.0,1,0,11,58413.99,-37.97,250.03,288.0,11,6.0,0.1,False
744023,firm_6,169,23.87,500.0,1,0,11,57688.56,-25.43,262.57,288.0,11,6.0,0.1,False
744023,firm_6,170,25.06,500.0,1,0,11,56876.22,-12.34,275.66,288.0,11,6.0,0.2,False
744023,firm_6,171,26.31,500.0,1,0,11,56077.63,1.41,289.41,288.0,11,6.0,0.3,False
744023,firm_6,172,27.63,500.0,1,0,11,55293.56,15.93,303.93,288.0,11,6.0,0.4,False
744023,firm_6,173,29.01,500.0,1,0,11,54624.67,31.11,319.11,288.0,11,6.0,0.3,False
744023,firm_6,174,30.46,500.0,1,0,11,53871.73,47.06,335.06,288.0,11,6.0,0.4,False
744023,firm_6,175,27.41,500.0,1,0,11,53085.24,13.51,301.51,288.0,11,6.0,0.5,False
744023,firm_6,176,24.67,500.0,1,0,11,52268.61,-16.63,271.37,288.0,11,6.0,0.6,False
744023,firm_6,177,22.2,500.0,1,0,11,51424.81,-43.8,244.2,288.0,11,6.0,0.7,False
744023,firm_6,178,19.98,500.0,1,0,11,50556.59,-68.22,219.78,288.0,11,6.0,0.8,False
744023,firm_6,179,17.98,500.0,1,0,11,49666.37,-90.22,197.78,288.0,11,6.0,0.9,False
744023,firm_6,180,18.88,500.0,1,0,11,48886.05,-80.32,207.68,288.0,11,6.0,0.8,False
744023,firm_6,181,16.99,500.0,1,0,11,47984.94,-101.11,186.89,288.0,11,6.0,0.9,False
744023,firm_6,182,15.29,500.0,1,0,11,47065.13,-119.81,168.19,288.0,11,6.0,1.0,False
744023,firm_6,183,13.76,500.0,1,0,11,46128.49,-136.64,151.36,288.0,11,6.0,1.1,False
744023,firm_6,184,12.38,500.0,1,0,11,45176.67,-151.82,136.18,288.0,11,6.0,1.2,False
744023,firm_6,185,11.14,500.0,1,0,11,44311.21,-165.46,122.54,288.0,11,6.0,1.2,False
744023,firm_6,186,10.03,500.0,1,0,11,43333.54,-177.67,110.33,288.0,11,6.0,1.3,False
744023,firm_6,187,10.0,500.0,1,0,11,42355.54,-178.0,110.0,288.0,11,6.0,1.4,False
744023,firm_6,188,10.0,500.0,1,0,11,41377.54,-178.0,110.0,288.0,11,6.0,1.5,False
744023,firm_6,189,10.0,500.0,1,0,11,40399.54,-178.0,110.0,288.0,11,6.0,1.6,False
744023,firm_6,190,10.0,500.0,1,0,11,39421.54,-178.0,110.0,288.0,11,6.0,1.7,False
744023,firm_6,191,10.0,500.0,1,0,11,38443.54,-178.0,110.0,288.0,11,6.0,1.8,False
744023,firm_6,192,10.0,500.0,1,0,11,37465.54,-178.0,110.0,288.0,11,6.0,1.9,False
744023,firm_6,193,10.0,500.0,1,0,11,36487.54,-178.0,110.0,288.0,11,6.0,2.0,False
744023,firm_6,194,10.0,500.0,1,0,11,35509.54,-178.0,110.0,288.0,11,6.0,2.1,False
744023,firm_6,195,10.0,500.0,1,0,11,34531.54,-178.0,110.0,288.0,11,6.0,2.2,False
744023,firm_6,196,10.0,500.0,1,0,11,33553.54,-178.0,110.0,288.0,11,6.0,2.3,False
744023,firm_6,197,10.0,500.0,1,0,11,32575.54,-178.0,110.0,288.0,11,6.0,2.4,False
744023,firm_6,198,10.0,500.0,1,0,11,31597.54,-178.0,110.0,288.0,11,6.0,2.5,False
744023,firm_6,199,10.0,500.0,1,0,11,30619.54,-178.0,110.0,288.0,11,6.0,2.6,False
744023,firm_6,200,10.0,500.0,1,0,11,29641.54,-178.0,110.0,288.0,11,6.0,2.7,False
744023,firm_6,201,10.0,500.0,1,0,11,28663.54,-178.0,110.0,288.0,11,6.0,2.8,False
744023,firm_6,202,10.0,500.0,1,0,11,27685.54,-178.0,110.0,288.0,11,6.0,2.9,False
744023,firm_6,203,10.0,500.0,1,0,11,26707.54,-178.0,110.0,288.0,11,6.0,3.0,False
744023,firm_6,204,10.0,500.0,1,0,11,25729.54,-178.0,110.0,288.0,11,6.0,3.1,False
744023,firm_6,205,10.0,500.0,1,0,11,24751.54,-178.0,110.0,288.0,11,6.0,3.2,False
744023,firm_6,206,10.0,500.0,1,0,11,23773.54,-178.0,110.0,288.0,11,6.0,3.3,False
744023,firm_6,207,10.0,450.0,1,0,11,22945.54,-178.0,110.0,288.0,11,6.0,3.2,False
744023,firm_6,208,10.0,495.0,1,0,11,22072.54,-178.0,110.0,288.0,11,6.0,3.1,False
744023,firm_6,209,10.0,500.0,1,0,11,21094.54,-178.0,110.0,288.0,11,6.0,3.2,False
744023,firm_6,210,10.0,500.0,1,0,11,20116.54,-178.0,110.0,288.0,11,6.0,3.3,False
744023,firm_6,211,10.0,500.0,1,0,11,19138.54,-178.0,110.0,288.0,11,6.0,3.4,False
744023,firm_6,212,10.0,500.0,1,0,11,18160.54,-178.0,110.0,288.0,11,6.0,3.5,False
744023,firm_6,213,10.0,500.0,1,0,11,17282.54,-178.0,110.0,288.0,11,6.0,3.4,False
744023,firm_6,214,10.0,500.0,1,0,11,16404.54,-178.0,110.0,288.0,11,6.0,3.3,False
744023,firm_6,215,10.0,450.0,1,0,11,15776.54,-178.0,110.0,288.0,11,6.0,3.2,False
744023,firm_6,216,10.0,495.0,1,0,11,14903.54,-178.0,110.0,288.0,11,6.0,3.1,False
744023,firm_6,217,10.0,500.0,1,0,11,13925.54,-178.0,110.0,288.0,11,6.0,3.2,False
744023,firm_6,218,10.0,500.0,1,0,11,13047.54,-178.0,110.0,288.0,11,6.0,3.1,False
744023,firm_6,219,10.0,450.0,1,0,11,12119.54,-178.0,110.0,288.0,11,6.0,3.2,False
744023,firm_6,220,10.0,495.0,1,0,11,11246.54,-178.0,110.0,288.0,11,6.0,3.1,False
744023,firm_6,221,10.0,500.0,1,0,11,10268.54,-178.0,110.0,288.0,11,6.0,3.2,False
744023,firm_6,222,10.0,500.0,1,0,11,9390.54,-178.0,110.0,288.0,11,6.0,3.1,False
744023,firm_6,223,10.0,450.0,1,0,11,8562.54,-178.0,110.0,288.0,11,6.0,3.0,False
744023,firm_6,224,10.0,450.0,1,0,11,7734.54,-178.0,110.0,288.0,11,6.0,2.9,False
744023,firm_6,225,10.0,495.0,1,0,11,7061.54,-178.0,110.0,288.0,11,6.0,2.8,False
744023,firm_6,226,11.0,445.5,1,0,11,6249.04,-167.0,121.0,288.0,11,6.0,2.8,False
744023,firm_6,227,10.0,400.95,1,0,11,5470.09,-178.0,110.0,288.0,11,6.0,2.7,False
744023,firm_6,228,10.0,360.86,1,0,11,4731.23,-178.0,110.0,288.0,11,6.0,2.7,False
744023,firm_6,229,10.5,324.77,1,0,11,4233.96,-172.5,115.5,288.0,11,6.0,2.7,False
744023,firm_6,230,10.0,324.77,1,0,11,3531.19,-178.0,110.0,288.0,11,6.0,2.7,False
744023,firm_6,231,10.0,292.29,1,0,11,3060.9,-178.0,110.0,288.0,11,6.0,2.6,False
744023,firm_6,232,10.0,277.68,1,0,11,2605.22,-178.0,110.0,288.0,11,6.0,2.5,False
744023,firm_6,233,10.0,263.8,1,0,11,2063.42,-178.0,110.0,288.0,11,6.0,2.6,False
744023,firm_6,234,10.5,263.8,1,0,11,1627.12,-172.5,115.5,288.0,11,6.0,2.6,False
744023,firm_6,235,10.0,237.42,1,0,11,1211.7,-178.0,110.0,288.0,11,6.0,2.6,False
744023,firm_6,236,10.0,249.29,2,0,22,57.12,-156.0,220.0,376.0,22,6.0,2.6,False
744023,firm_6,237,10.5,249.29,2,0,22,-586.46,-145.0,231.0,376.0,22,6.0,2.5,False
744023,firm_6,238,10.0,249.29,2,0,22,-1241.04,-156.0,220.0,376.0,22,6.0,2.5,False
744023,firm_6,239,10.0,236.83,1,0,11,-1655.87,-178.0,110.0,288.0,11,6.0,2.5,False
744023,firm_6,240,10.5,260.51,1,0,11,-2088.88,-172.5,115.5,288.0,11,6.0,2.5,True
744023,firm_6,241,10.5,260.51,1,0,11,-2088.88,-172.5,115.5,288.0,11,6.0,2.5,True
744023,firm_6,242,10.5,260.51,1,0,11,-2088.88,-172.5,115.5,288.0,11,6.0,2.5,True
744023,firm_6,243,10.5,260.51,1,0,11,-2088.88,-172.5,115.5,288.0,11,6.0,2.5,True
744023,firm_6,244,10.5,260.51,1,0,11,-2088.88,-172.5,115.5,288.0,11,6.0,2.5,True
744023,firm_6,245,10.5,260.51,1,0,11,-2088.88,-172.5,115.5,288.0,11,6.0,2.5,True
744023,firm_6,246,10.5,260.51,1,0,11,-2088.88,-172.5,115.5,288.0,11,6.0,2.5,True
744023,firm_6,247,10.5,260.51,1,0,11,-2088.88,-172.5,115.5,288.0,11,6.0,2.5,True
744023,firm_6,248,10.5,260.51,1,0,11,-2088.88,-172.5,115.5,288.0,11,6.0,2.5,True
744023,firm_6,249,10.5,260.51,1,0,11,-2088.88,-172.5,115.5,288.0,11,6.0,2.5,True
744023,firm_6,250,10.5,260.51,1,0,11,-2088.88,-172.5,115.5,288.0,11,6.0,2.5,True
744023,firm_6,251,10.5,260.51,1,0,11,-2088.88,-172.5,115.5,288.0,11,6.0,2.5,True
744023,firm_6,252,10.5,260.51,1,0,11,-2088.88,-172.5,115.5,288.0,11,6.0,2.5,True
744023,firm_6,253,10.5,260.51,1,0,11,-2088.88,-172.5,115.5,288.0,11,6.0,2.5,True
744023,firm_6,254,10.5,260.51,1,0,11,-2088.88,-172.5,115.5,288.0,11,6.0,2.5,True
744023,firm_6,255,10.5,260.51,1,0,11,-2088.88,-172.5,115.5,288.0,11,6.0,2.5,True
744023,firm_6,256,10.5,260.51,1,0,11,-2088.88,-172.5,115.5,288.0,11,6.0,2.5,True
744023,firm_6,257,10.5,260.51,1,0,11,-2088.88,-172.5,115.5,288.0,11,6.0,2.5,True
744023,firm_6,258,10.5,260.51,1,0,11,-2088.88,-172.5,115.5,288.0,11,6.0,2.5,True
744023,firm_6,259,10.5,260.51,1,0,11,-2088.88,-172.5,115.5,288.0,11,6.0,2.5,True
744023,firm_6,260,10.5,260.51,1,0,11,-2088.88,-172.5,115.5,288.0,11,6.0,2.5,True
744023,firm_6,261,10.5,260.51,1,0,11,-2088.88,-172.5,115.5,288.0,11,6.0,2.5,True
744023,firm_6,262,10.5,260.51,1,0,11,-2088.88,-172.5,115.5,288.0,11,6.0,2.5,True
744023,firm_6,263,10.5,260.51,1,0,11,-2088.88,-172.5,115.5,288.0,11,6.0,2.5,True
744023,firm_6,264,10.5,260.51,1,0,11,-2088.88,-172.5,115.5,288.0,11,6.0,2.5,True
744023,firm_6,265,10.5,260.51,1,0,11,-2088.88,-172.5,115.5,288.0,11,6.0,2.5,True
744023,firm_6,266,10.5,260.51,1,0,11,-2088.88,-172.5,115.5,288.0,11,6.0,2.5,True
744023,firm_6,267,10.5,260.51,1,0,11,-2088.88,-172.5,115.5,288.0,11,6.0,2.5,True
744023,firm_6,268,10.5,260.51,1,0,11,-2088.88,-172.5,115.5,288.0,11,6.0,2.5,True
744023,firm_6,269,10.5,260.51,1,0,11,-2088.88,-172.5,115.5,288.0,11,6.0,2.5,True
744023,firm_6,270,10.5,260.51,1,0,11,-2088.88,-172.5,115.5,288.0,11,6.0,2.5,True
744023,firm_6,271,10.5,260.51,1,0,11,-2088.88,-172.5,115.5,288.0,11,6.0,2.5,True
744023,firm_6,272,10.5,260.51,1,0,11,-2088.88,-172.5,115.5,288.0,11,6.0,2.5,True
744023,firm_6,273,10.5,260.51,1,0,11,-2088.88,-172.5,115.5,288.0,11,6.0,2.5,True
744023,firm_6,274,10.5,260.51,1,0,11,-2088.88,-172.5,115.5,288.0,11,6.0,2.5,True
744023,firm_6,275,10.5,260.51,1,0,11,-2088.88,-172.5,115.5,288.0,11,6.0,2.5,True
744023,firm_6,276,10.5,260.51,1,0,11,-2088.88,-172.5,115.5,288.0,11,6.0,2.5,True
744023,firm_6,277,10.5,260.51,1,0,11,-2088.88,-172.5,115.5,288.0,11,6.0,2.5,True
744023,firm_6,278,10.5,260.51,1,0,11,-2088.88,-172.5,115.5,288.0,11,6.0,2.5,True
744023,firm_6,279,10.5,260.51,1,0,11,-2088.88,-172.5,115.5,288.0,11,6.0,2.5,True
744023,firm_6,280,10.5,260.51,1,0,11,-2088.88,-172.5,115.5,288.0,11,6.0,2.5,True
744023,firm_6,281,10.5,260.51,1,0,11,-2088.88,-172.5,115.5,288.0,11,6.0,2.5,True
744023,firm_6,282,10.5,260.51,1,0,11,-2088.88,-172.5,115.5,288.0,11,6.0,2.5,True
744023,firm_6,283,10.5,260.51,1,0,11,-2088.88,-172.5,115.5,288.0,11,6.0,2.5,True
744023,firm_6,284,10.5,260.51,1,0,11,-2088.88,-172.5,115.5,288.0,11,6.0,2.5,True
744023,firm_6,285,10.5,260.51,1,0,11,-2088.88,-172.5,115.5,288.0,11,6.0,2.5,True
744023,firm_6,286,10.5,260.51,1,0,11,-2088.88,-172.5,115.5,288.0,11,6.0,2.5,True
744023,firm_6,287,10.5,260.51,1,0,11,-2088.88,-172.5,115.5,288.0,11,6.0,2.5,True
744023,firm_6,288,10.5,260.51,1,0,11,-2088.88,-172.5,115.5,288.0,11,6.0,2.5,True
744023,firm_6,289,10.5,260.51,1,0,11,-2088.88,-172.5,115.5,288.0,11,6.0,2.5,True
744023,firm_6,290,10.5,260.51,1,0,11,-2088.88,-172.5,115.5,288.0,11,6.0,2.5,True
744023,firm_6,291,10.5,260.51,1,0,11,-2088.88,-172.5,115.5,288.0,11,6.0,2.5,True
744023,firm_6,292,10.5,260.51,1,0,11,-2088.88,-172.5,115.5,288.0,11,6.0,2.5,True
744023,firm_6,293,10.5,260.51,1,0,11,-2088.88,-172.5,115.5,288.0,11,6.0,2.5,True
744023,firm_6,294,10.5,260.51,1,0,11,-2088.88,-172.5,115.5,288.0,11,6.0,2.5,True
744023,firm_6,295,10.5,260.51,1,0,11,-2088.88,-172.5,115.5,288.0,11,6.0,2.5,True
744023,firm_6,296,10.5,260.51,1,0,11,-2088.88,-172.5,115.5,288.0,11,6.0,2.5,True
744023,firm_6,297,10.5,260.51,1,0,11,-2088.88,-172.5,115.5,288.0,11,6.0,2.5,True
744023,firm_6,298,10.5,260.51,1,0,11,-2088.88,-172.5,115.5,288.0,11,6.0,2.5,True
744023,firm_6,299,10.5,260.51,1,0,11,-2088.88,-172.5,115.5,288.0,11,6.0,2.5,True
744023,firm_6,300,10.5,260.51,1,0,11,-2088.88,-172.5,115.5,288.0,11,6.0,2.5,True
744023,firm_6,301,10.5,260.51,1,0,11,-2088.88,-172.5,115.5,288.0,11,6.0,2.5,True
744023,firm_6,302,10.5,260.51,1,0,11,-2088.88,-172.5,115.5,288.0,11,6.0,2.5,True
744023,firm_6,303,10.5,260.51,1,0,11,-2088.88,-172.5,115.5,288.0,11,6.0,2.5,True
744023,firm_6,304,10.5,260.51,1,0,11,-2088.88,-172.5,115.5,288.0,11,6.0,2.5,True
744023,firm_6,305,10.5,260.51,1,0,11,-2088.88,-172.5,115.5,288.0,11,6.0,2.5,True
744023,firm_6,306,10.5,260.51,1,0,11,-2088.88,-172.5,115.5,288.0,11,6.0,2.5,True
744023,firm_6,307,10.5,260.51,1,0,11,-2088.88,-172.5,115.5,288.0,11,6.0,2.5,True
744023,firm_6,308,10.5,260.51,1,0,11,-2088.88,-172.5,115.5,288.0,11,6.0,2.5,True
744023,firm_6,309,10.5,260.51,1,0,11,-2088.88,-172.5,115.5,288.0,11,6.0,2.5,True
744023,firm_6,310,10.5,260.51,1,0,11,-2088.88,-172.5,115.5,288.0,11,6.0,2.5,True
744023,firm_6,311,10.5,260.51,1,0,11,-2088.88,-172.5,115.5,288.0,11,6.0,2.5,True
744023,firm_6,312,10.5,260.51,1,0,11,-2088.88,-172.5,115.5,288.0,11,6.0,2.5,True
744023,firm_6,313,10.5,260.51,1,0,11,-2088.88,-172.5,115.5,288.0,11,6.0,2.5,True
744023,firm_6,314,10.5,260.51,1,0,11,-2088.88,-172.5,115.5,288.0,11,6.0,2.5,True
744023,firm_6,315,10.5,260.51,1,0,11,-2088.88,-172.5,115.5,288.0,11,6.0,2.5,True
744023,firm_6,316,10.5,260.51,1,0,11,-2088.88,-172.5,115.5,288.0,11,6.0,2.5,True
744023,firm_6,317,10.5,260.51,1,0,11,-2088.88,-172.5,115.5,288.0,11,6.0,2.5,True
744023,firm_6,318,10.5,260.51,1,0,11,-2088.88,-172.5,115.5,288.0,11,6.0,2.5,True
744023,firm_6,319,10.5,260.51,1,0,11,-2088.88,-172.5,115.5,288.0,11,6.0,2.5,True
744023,firm_6,320,10.5,260.51,1,0,11,-2088.88,-172.5,115.5,288.0,11,6.0,2.5,True
744023,firm_6,321,10.5,260.51,1,0,11,-2088.88,-172.5,115.5,288.0,11,6.0,2.5,True
744023,firm_6,322,10.5,260.51,1,0,11,-2088.88,-172.5,115.5,288.0,11,6.0,2.5,True
744023,firm_6,323,10.5,260.51,1,0,11,-2088.88,-172.5,115.5,288.0,11,6.0,2.5,True
744023,firm_6,324,10.5,260.51,1,0,11,-2088.88,-172.5,115.5,288.0,11,6.0,2.5,True
744023,firm_6,325,10.5,260.51,1,0,11,-2088.88,-172.5,115.5,288.0,11,6.0,2.5,True
744023,firm_6,326,10.5,260.51,1,0,11,-2088.88,-172.5,115.5,288.0,11,6.0,2.5,True
744023,firm_6,327,10.5,260.51,1,0,11,-2088.88,-172.5,115.5,288.0,11,6.0,2.5,True
744023,firm_6,328,10.5,260.51,1,0,11,-2088.88,-172.5,115.5,288.0,11,6.0,2.5,True
744023,firm_6,329,10.5,260.51,1,0,11,-2088.88,-172.5,115.5,288.0,11,6.0,2.5,True
744023,firm_6,330,10.5,260.51,1,0,11,-2088.88,-172.5,115.5,288.0,11,6.0,2.5,True
744023,firm_6,331,10.5,260.51,1,0,11,-2088.88,-172.5,115.5,288.0,11,6.0,2.5,True
744023,firm_6,332,10.5,260.51,1,0,11,-2088.88,-172.5,115.5,288.0,11,6.0,2.5,True
744023,firm_6,333,10.5,260.51,1,0,11,-2088.88,-172.5,115.5,288.0,11,6.0,2.5,True
744023,firm_6,334,10.5,260.51,1,0,11,-2088.88,-172.5,115.5,288.0,11,6.0,2.5,True
744023,firm_6,335,10.5,260.51,1,0,11,-2088.88,-172.5,115.5,288.0,11,6.0,2.5,True
744023,firm_6,336,10.5,260.51,1,0,11,-2088.88,-172.5,115.5,288.0,11,6.0,2.5,True
744023,firm_6,337,10.5,260.51,1,0,11,-2088.88,-172.5,115.5,288.0,11,6.0,2.5,True
744023,firm_6,338,10.5,260.51,1,0,11,-2088.88,-172.5,115.5,288.0,11,6.0,2.5,True
744023,firm_6,339,10.5,260.51,1,0,11,-2088.88,-172.5,115.5,288.0,11,6.0,2.5,True
744023,firm_6,340,10.5,260.51,1,0,11,-2088.88,-172.5,115.5,288.0,11,6.0,2.5,True
744023,firm_6,341,10.5,260.51,1,0,11,-2088.88,-172.5,115.5,288.0,11,6.0,2.5,True
744023,firm_6,342,10.5,260.51,1,0,11,-2088.88,-172.5,115.5,288.0,11,6.0,2.5,True
744023,firm_6,343,10.5,260.51,1,0,11,-2088.88,-172.5,115.5,288.0,11,6.0,2.5,True
744023,firm_6,344,10.5,260.51,1,0,11,-2088.88,-172.5,115.5,288.0,11,6.0,2.5,True
744023,firm_6,345,10.5,260.51,1,0,11,-2088.88,-172.5,115.5,288.0,11,6.0,2.5,True
744023,firm_6,346,10.5,260.51,1,0,11,-2088.88,-172.5,115.5,288.0,11,6.0,2.5,True
744023,firm_6,347,10.5,260.51,1,0,11,-2088.88,-172.5,115.5,288.0,11,6.0,2.5,True
744023,firm_6,348,10.5,260.51,1,0,11,-2088.88,-172.5,115.5,288.0,11,6.0,2.5,True
744023,firm_6,349,10.5,260.51,1,0,11,-2088.88,-172.5,115.5,288.0,11,6.0,2.5,True
744023,firm_6,350,10.5,260.51,1,0,11,-2088.88,-172.5,115.5,288.0,11,6.0,2.5,True
744023,firm_6,351,10.5,260.51,1,0,11,-2088.88,-172.5,115.5,288.0,11,6.0,2.5,True
744023,firm_6,352,10.5,260.51,1,0,11,-2088.88,-172.5,115.5,288.0,11,6.0,2.5,True
744023,firm_6,353,10.5,260.51,1,0,11,-2088.88,-172.5,115.5,288.0,11,6.0,2.5,True
744023,firm_6,354,10.5,260.51,1,0,11,-2088.88,-172.5,115.5,288.0,11,6.0,2.5,True
744023,firm_6,355,10.5,260.51,1,0,11,-2088.88,-172.5,115.5,288.0,11,6.0,2.5,True
744023,firm_6,356,10.5,260.51,1,0,11,-2088.88,-172.5,115.5,288.0,11,6.0,2.5,True
744023,firm_6,357,10.5,260.51,1,0,11,-2088.88,-172.5,115.5,288.0,11,6.0,2.5,True
744023,firm_6,358,10.5,260.51,1,0,11,-2088.88,-172.5,115.5,288.0,11,6.0,2.5,True
744023,firm_6,359,10.5,260.51,1,0,11,-2088.88,-172.5,115.5,288.0,11,6.0,2.5,True
744023,firm_6,360,10.5,260.51,1,0,11,-2088.88,-172.5,115.5,288.0,11,6.0,2.5,True
744023,firm_6,361,10.5,260.51,1,0,11,-2088.88,-172.5,115.5,288.0,11,6.0,2.5,True
744023,firm_6,362,10.5,260.51,1,0,11,-2088.88,-172.5,115.5,288.0,11,6.0,2.5,True
744023,firm_6,363,10.5,260.51,1,0,11,-2088.88,-172.5,115.5,288.0,11,6.0,2.5,True
744023,firm_6,364,10.5,260.51,1,0,11,-2088.88,-172.5,115.5,288.0,11,6.0,2.5,True
744023,firm_6,365,10.5,260.51,1,0,11,-2088.88,-172.5,115.5,288.0,11,6.0,2.5,True
744023,firm_7,1,28.46,32.89,16,0,184,95137.58,4578.48,5236.64,658.16,184,0.49,0.22,False
744023,firm_7,2,29.88,32.89,17,0,195,99009.75,5131.3,5826.6,695.3,195,0.54,0.12,False
744023,firm_7,3,28.39,31.25,18,0,207,102887.85,5140.6,5876.73,736.13,207,0.59,0.1,False
744023,firm_7,4,26.97,29.69,17,0,195,106837.22,4554.1,5259.15,705.05,195,0.59,0.2,False
744023,firm_7,5,24.27,28.21,18,0,206,109785.22,4255.78,4999.62,743.84,206,0.64,0.3,False
744023,firm_7,6,25.48,29.62,19,0,218,113501.56,4779.12,5554.64,775.52,218,0.64,0.3,False
744023,firm_7,7,26.75,32.58,18,0,207,117395.54,4780.42,5537.25,756.83,207,0.69,0.4,False
744023,firm_7,8,29.42,35.84,19,0,219,121868.45,5653.87,6442.98,789.11,219,0.69,0.4,False
744023,firm_7,9,27.95,32.26,20,0,230,126333.05,5609.8,6428.5,818.7,230,0.69,0.3,False
744023,firm_7,10,29.35,30.65,21,0,241,131414.46,6225.06,7073.35,848.29,241,0.69,0.2,False
744023,firm_7,11,30.82,29.12,22,0,253,137190.71,6916.89,7797.46,880.57,253,0.69,0.1,False
744023,firm_7,12,29.28,29.12,23,0,263,142500.97,6780.02,7700.64,920.62,263,0.74,0.2,False
744023,firm_7,13,32.21,26.21,24,0,274,149246.71,7874.78,8825.54,950.76,274,0.74,0.1,False
744023,firm_7,14,28.99,26.21,24,0,275,155422.67,7005.0,7972.25,967.25,275,0.79,0.1,False
744023,firm_7,15,30.44,23.59,25,0,285,161798.92,7666.0,8675.4,1009.4,285,0.84,0.1,False
744023,firm_7,16,28.92,22.41,24,0,274,168207.0,6945.92,7924.08,978.16,274,0.84,0.1,False
744023,firm_7,17,26.03,23.53,23,0,262,173228.49,5862.68,6819.86,957.18,262,0.89,0.2,False
744023,firm_7,18,23.43,25.88,24,0,273,177514.79,5407.42,6396.39,988.97,273,0.89,0.2,False
744023,firm_7,19,24.6,28.47,25,0,285,182190.39,5987.35,7011.0,1023.65,285,0.89,0.3,False
744023,firm_7,20,24.6,27.05,26,0,296,187113.25,6226.16,7281.6,1055.44,296,0.89,0.4,False
744023,firm_7,21,22.14,29.76,27,0,309,191557.98,5748.25,6841.26,1093.01,309,0.89,0.4,False
744023,firm_7,22,19.93,28.27,28,0,320,195203.22,5236.8,6377.6,1140.8,320,0.94,0.5,False
744023,firm_7,23,20.93,31.1,29,0,332,199357.4,5756.08,6948.76,1192.68,332,0.99,0.5,False
744023,firm_7,24,18.84,31.1,30,0,343,202843.8,5219.4,6462.12,1242.72,343,1.04,0.6,False
744023,firm_7,25,19.78,29.54,31,0,355,207170.76,5742.7,7021.9,1279.2,355,1.04,0.6,False
744023,firm_7,26,17.8,29.54,31,0,355,211077.07,5022.05,6319.0,1296.95,355,1.09,0.6,False
744023,firm_7,27,16.02,28.06,30,0,343,214370.26,4234.99,5494.86,1259.87,343,1.09,0.7,False
744023,firm_7,28,16.82,26.66,31,0,355,217400.2,4656.4,5971.1,1314.7,355,1.14,0.8,False
744023,firm_7,29,15.14,26.66,32,0,366,220239.08,4192.0,5541.24,1349.24,366,1.14,0.8,False
744023,firm_7,30,13.63,26.66,32,0,366,222807.0,3621.04,4988.58,1367.54,366,1.19,0.8,False
744023,firm_7,31,12.27,27.99,31,0,355,224962.71,3023.4,4355.85,1332.45,355,1.19,0.7,False
744023,firm_7,32,11.04,30.79,31,0,355,226594.97,2586.75,3919.2,1332.45,355,1.19,0.7,False
744023,firm_7,33,11.04,32.33,32,0,366,227515.21,2654.8,4040.64,1385.84,366,1.24,0.7,False
744023,firm_7,34,10.0,32.33,32,0,366,228654.81,2274.16,3660.0,1385.84,366,1.24,0.8,False
744023,firm_7,35,11.0,32.33,32,0,366,230160.41,2640.16,4026.0,1385.84,366,1.24,0.9,False
744023,firm_7,36,12.1,35.56,33,0,377,231408.3,3121.37,4561.7,1440.33,377,1.29,0.8,False
744023,firm_7,37,11.5,39.12,32,0,366,232861.32,2804.86,4209.0,1404.14,366,1.29,0.9,False
744023,firm_7,38,10.92,43.03,32,0,366,233758.64,2574.28,3996.72,1422.44,366,1.34,1.0,False
744023,firm_7,39,10.37,40.88,31,0,355,234687.01,2295.65,3681.35,1385.7,355,1.34,1.1,False
744023,firm_7,40,10.89,38.84,32,0,366,235507.43,2563.3,3985.74,1422.44,366,1.34,1.1,False
744023,firm_7,41,10.35,34.96,32,0,366,236436.07,2347.36,3788.1,1440.74,366,1.39,1.2,False
744023,firm_7,42,10.35,38.46,33,0,380,236892.69,2425.8,3933.0,1507.2,380,1.44,1.2,False
744023,firm_7,43,10.0,42.31,33,0,380,237789.26,2292.8,3800.0,1507.2,380,1.44,1.1,False
744023,firm_7,44,11.0,38.08,32,0,368,239152.78,2582.08,4048.0,1465.92,368,1.44,1.1,False
744023,firm_7,45,11.55,41.89,31,0,357,240549.46,2695.27,4123.35,1428.08,357,1.44,1.1,False
744023,firm_7,46,12.13,39.8,32,0,368,241555.38,2979.52,4463.84,1484.32,368,1.49,1.1,False
744023,firm_7,47,10.92,41.79,33,0,379,242292.28,2615.97,4138.68,1522.71,379,1.49,1.0,False
744023,firm_7,48,10.0,45.97,34,0,391,242574.71,2345.41,3910.0,1564.59,391,1.49,0.9,False
744023,firm_7,49,10.5,45.97,35,0,402,243083.78,2618.02,4221.0,1602.98,402,1.49,0.9,False
744023,firm_7,50,10.0,50.57,34,0,391,243709.81,2345.41,3910.0,1564.59,391,1.49,0.9,False
744023,firm_7,51,10.0,55.63,33,0,379,244141.31,2267.29,3790.0,1522.71,379,1.49,0.9,False
744023,firm_7,52,10.0,61.19,33,0,379,244170.38,2248.34,3790.0,1541.66,379,1.54,0.9,False
744023,firm_7,53,10.5,67.31,32,0,367,244370.78,2354.32,3853.5,1499.18,367,1.54,0.9,False
744023,firm_7,54,10.0,74.04,32,0,370,243973.2,2171.7,3700.0,1528.3,370,1.59,0.9,False
744023,firm_7,55,10.0,70.34,31,0,358,243787.44,2094.78,3580.0,1485.22,358,1.59,1.0,False
744023,firm_7,56,10.0,77.37,30,0,347,243490.61,2024.27,3470.0,1445.73,347,1.59,0.9,False
744023,firm_7,57,10.0,73.5,29,0,334,243300.05,1940.94,3340.0,1399.06,334,1.59,0.8,False
744023,firm_7,58,10.0,69.82,28,0,322,243209.11,1864.02,3220.0,1355.98,322,1.59,0.8,False
744023,firm_7,59,10.0,66.33,29,0,333,242720.07,1934.53,3330.0,1395.47,333,1.59,0.7,False
744023,firm_7,60,10.0,69.65,28,0,321,242411.43,1841.56,3210.0,1368.44,321,1.64,0.7,False
744023,firm_7,61,10.0,62.69,27,0,310,242274.9,1756.1,3100.0,1343.9,310,1.69,0.7,False
744023,firm_7,62,10.0,59.56,27,0,310,242207.38,1740.6,3100.0,1359.4,310,1.74,0.7,False
744023,firm_7,63,10.5,65.52,28,0,321,241842.78,1969.96,3370.5,1400.54,321,1.74,0.7,False
744023,firm_7,64,11.55,62.24,29,0,332,241930.74,2392.92,3834.6,1441.68,332,1.74,0.7,False
744023,firm_7,65,12.13,56.02,28,0,321,242755.37,2493.19,3893.73,1400.54,321,1.74,0.8,False
744023,firm_7,66,12.74,50.42,29,0,332,243364.59,2771.4,4229.68,1458.28,332,1.79,0.7,False
744023,firm_7,67,13.38,55.46,28,0,321,244690.1,2878.39,4294.98,1416.59,321,1.79,0.7,False
744023,firm_7,68,12.71,61.01,28,0,321,245645.14,2663.32,4079.91,1416.59,321,1.79,0.7,False
744023,firm_7,69,12.07,67.11,29,0,332,245431.31,2532.36,4007.24,1474.88,332,1.84,0.8,False
744023,firm_7,70,12.07,60.4,28,0,321,246181.94,2441.83,3874.47,1432.64,321,1.84,0.8,False
744023,firm_7,71,10.86,66.44,29,0,332,245669.22,2114.04,3605.52,1491.48,332,1.89,0.8,False
744023,firm_7,72,10.0,69.76,28,0,321,245261.2,1745.26,3210.0,1464.74,321,1.94,0.7,False
744023,firm_7,73,10.0,76.74,27,0,309,244646.31,1657.09,3090.0,1432.91,309,1.99,0.7,False
744023,firm_7,74,10.0,76.74,28,0,321,243510.75,1713.16,3210.0,1496.84,321,2.04,0.7,False
744023,firm_7,75,10.0,84.41,29,0,333,242130.89,1768.03,3330.0,1561.97,333,2.09,0.7,False
744023,firm_7,76,10.5,92.85,30,0,346,240763.25,2017.86,3633.0,1615.14,346,2.09,0.8,False
744023,firm_7,77,10.0,102.14,29,0,334,239258.43,1757.24,3340.0,1582.76,334,2.14,0.9,False
744023,firm_7,78,10.5,112.35,28,0,323,237966.91,1854.28,3391.5,1537.22,323,2.14,0.8,False
744023,firm_7,79,10.0,123.58,27,0,311,236252.71,1622.46,3110.0,1487.54,311,2.14,0.7,False
744023,firm_7,80,10.0,135.94,26,0,300,234061.27,1543.0,3000.0,1457.0,300,2.19,0.7,False
744023,firm_7,81,10.0,129.14,27,0,311,231465.85,1591.36,3110.0,1518.64,311,2.24,0.6,False
744023,firm_7,82,10.0,122.68,28,0,322,229185.53,1654.72,3220.0,1565.28,322,2.24,0.5,False
744023,firm_7,83,10.0,134.95,27,0,311,227033.24,1591.36,3110.0,1518.64,311,2.24,0.6,False
744023,firm_7,84,11.0,148.44,26,0,299,224780.09,1806.29,3289.0,1482.71,299,2.29,0.6,False
744023,firm_7,85,11.55,163.28,27,0,311,221929.39,2057.86,3592.05,1534.19,311,2.29,0.6,False
744023,firm_7,86,10.4,171.44,26,0,299,218883.89,1611.94,3109.6,1497.66,299,2.34,0.6,False
744023,firm_7,87,10.0,188.58,27,0,311,214536.94,1544.71,3110.0,1565.29,311,2.39,0.7,False
744023,firm_7,88,10.5,207.44,26,0,299,210555.44,1611.94,3139.5,1527.56,299,2.44,0.7,False
744023,firm_7,89,11.02,207.44,25,0,288,206964.48,1695.04,3173.76,1478.72,288,2.44,0.8,False
744023,firm_7,90,11.57,228.18,24,0,276,203256.04,1767.88,3193.32,1425.44,276,2.44,0.8,False
744023,firm_7,91,12.15,251.0,24,0,276,199160.0,1927.96,3353.4,1425.44,276,2.44,0.7,False
744023,firm_7,92,13.37,276.1,23,0,264,194654.02,2144.32,3529.68,1385.36,264,2.49,0.8,False
744023,firm_7,93,12.03,248.49,24,0,276,189971.3,1881.04,3320.28,1439.24,276,2.49,0.9,False
744023,firm_7,94,12.63,260.91,23,0,264,185919.33,1948.96,3334.32,1385.36,264,2.49,0.8,False
744023,firm_7,95,13.26,273.96,24,0,276,180851.01,2206.72,3659.76,1453.04,276,2.54,0.8,False
744023,firm_7,96,11.93,260.26,24,0,276,176230.61,1825.84,3292.68,1466.84,276,2.59,0.8,False
744023,firm_7,97,13.12,286.29,25,0,288,170615.6,2242.24,3778.56,1536.32,288,2.64,0.7,False
744023,firm_7,98,13.78,286.29,26,0,299,164989.97,2517.91,4120.22,1602.31,299,2.69,0.6,False
744023,firm_7,99,13.78,314.92,27,0,311,158398.57,2611.44,4285.58,1674.14,311,2.74,0.6,False
744023,firm_7,100,14.47,346.41,28,0,322,150916.05,2916.96,4659.34,1742.38,322,2.79,0.6,False
744023,firm_7,101,13.02,346.41,29,0,334,142602.28,2532.12,4348.68,1816.56,334,2.84,0.7,False
744023,firm_7,102,13.67,381.05,30,0,345,133299.88,2829.1,4716.15,1887.05,345,2.89,0.6,False
744023,firm_7,103,12.99,342.94,31,0,357,124642.59,2673.85,4637.43,1963.58,357,2.94,0.6,False
744023,firm_7,104,12.99,377.23,32,0,368,114515.23,2744.0,4780.32,2036.32,368,2.99,0.7,False
744023,firm_7,105,13.64,396.09,32,0,368,104605.15,2964.8,5019.52,2054.72,368,3.04,0.6,False
744023,firm_7,106,15.0,435.7,33,0,379,92982.94,3555.89,5685.0,2129.11,379,3.09,0.7,False
744023,firm_7,107,15.0,435.7,34,0,391,81024.4,3655.26,5865.0,2209.74,391,3.14,0.8,False
744023,firm_7,108,15.75,435.7,35,0,402,69020.02,4045.12,6331.5,2286.38,402,3.19,0.9,False
744023,firm_7,109,16.54,479.27,36,0,414,55444.5,4478.2,6847.56,2369.36,414,3.24,1.0,False
744023,firm_7,110,17.37,479.27,37,0,425,41845.51,4934.0,7382.25,2448.25,425,3.29,1.1,False
744023,firm_7,111,18.24,500.0,38,0,443,27782.36,5536.85,8080.32,2543.47,443,3.29,1.2,False
744023,firm_7,112,19.15,500.0,39,0,455,13565.91,6083.55,8713.25,2629.7,455,3.34,1.3,False
744023,firm_7,113,20.11,500.0,40,0,466,-351.27,6682.82,9371.26,2688.44,466,3.34,1.4,False
744023,firm_7,114,21.12,500.0,40,0,466,-13197.79,7153.48,9841.92,2688.44,466,3.34,1.3,True
744023,firm_7,115,21.12,500.0,40,0,466,-13197.79,7153.48,9841.92,2688.44,466,3.34,1.3,True
744023,firm_7,116,21.12,500.0,40,0,466,-13197.79,7153.48,9841.92,2688.44,466,3.34,1.3,True
744023,firm_7,117,21.12,500.0,40,0,466,-13197.79,7153.48,9841.92,2688.44,466,3.34,1.3,True
744023,firm_7,118,21.12,500.0,40,0,466,-13197.79,7153.48,9841.92,2688.44,466,3.34,1.3,True
744023,firm_7,119,21.12,500.0,40,0,466,-13197.79,7153.48,9841.92,2688.44,466,3.34,1.3,True
744023,firm_7,120,21.12,500.0,40,0,466,-13197.79,7153.48,9841.92,2688.44,466,3.34,1.3,True
744023,firm_7,121,21.12,500.0,40,0,466,-13197.79,7153.48,9841.92,2688.44,466,3.34,1.3,True
744023,firm_7,122,21.12,500.0,40,0,466,-13197.79,7153.48,9841.92,2688.44,466,3.34,1.3,True
744023,firm_7,123,21.12,500.0,40,0,466,-13197.79,7153.48,9841.92,2688.44,466,3.34,1.3,True
744023,firm_7,124,21.12,500.0,40,0,466,-13197.79,7153.48,9841.92,2688.44,466,3.34,1.3,True
744023,firm_7,125,21.12,500.0,40,0,466,-13197.79,7153.48,9841.92,2688.44,466,3.34,1.3,True
744023,firm_7,126,21.12,500.0,40,0,466,-13197.79,7153.48,9841.92,2688.44,466,3.34,1.3,True
744023,firm_7,127,21.12,500.0,40,0,466,-13197.79,7153.48,9841.92,2688.44,466,3.34,1.3,True
744023,firm_7,128,21.12,500.0,40,0,466,-13197.79,7153.48,9841.92,2688.44,466,3.34,1.3,True
744023,firm_7,129,21.12,500.0,40,0,466,-13197.79,7153.48,9841.92,2688.44,466,3.34,1.3,True
744023,firm_7,130,21.12,500.0,40,0,466,-13197.79,7153.48,9841.92,2688.44,466,3.34,1.3,True
744023,firm_7,131,21.12,500.0,40,0,466,-13197.79,7153.48,9841.92,2688.44,466,3.34,1.3,True
744023,firm_7,132,21.12,500.0,40,0,466,-13197.79,7153.48,9841.92,2688.44,466,3.34,1.3,True
744023,firm_7,133,21.12,500.0,40,0,466,-13197.79,7153.48,9841.92,2688.44,466,3.34,1.3,True
744023,firm_7,134,21.12,500.0,40,0,466,-13197.79,7153.48,9841.92,2688.44,466,3.34,1.3,True
744023,firm_7,135,21.12,500.0,40,0,466,-13197.79,7153.48,9841.92,2688.44,466,3.34,1.3,True
744023,firm_7,136,21.12,500.0,40,0,466,-13197.79,7153.48,9841.92,2688.44,466,3.34,1.3,True
744023,firm_7,137,21.12,500.0,40,0,466,-13197.79,7153.48,9841.92,2688.44,466,3.34,1.3,True
744023,firm_7,138,21.12,500.0,40,0,466,-13197.79,7153.48,9841.92,2688.44,466,3.34,1.3,True
744023,firm_7,139,21.12,500.0,40,0,466,-13197.79,7153.48,9841.92,2688.44,466,3.34,1.3,True
744023,firm_7,140,21.12,500.0,40,0,466,-13197.79,7153.48,9841.92,2688.44,466,3.34,1.3,True
744023,firm_7,141,21.12,500.0,40,0,466,-13197.79,7153.48,9841.92,2688.44,466,3.34,1.3,True
744023,firm_7,142,21.12,500.0,40,0,466,-13197.79,7153.48,9841.92,2688.44,466,3.34,1.3,True
744023,firm_7,143,21.12,500.0,40,0,466,-13197.79,7153.48,9841.92,2688.44,466,3.34,1.3,True
744023,firm_7,144,21.12,500.0,40,0,466,-13197.79,7153.48,9841.92,2688.44,466,3.34,1.3,True
744023,firm_7,145,21.12,500.0,40,0,466,-13197.79,7153.48,9841.92,2688.44,466,3.34,1.3,True
744023,firm_7,146,21.12,500.0,40,0,466,-13197.79,7153.48,9841.92,2688.44,466,3.34,1.3,True
744023,firm_7,147,21.12,500.0,40,0,466,-13197.79,7153.48,9841.92,2688.44,466,3.34,1.3,True
744023,firm_7,148,21.12,500.0,40,0,466,-13197.79,7153.48,9841.92,2688.44,466,3.34,1.3,True
744023,firm_7,149,21.12,500.0,40,0,466,-13197.79,7153.48,9841.92,2688.44,466,3.34,1.3,True
744023,firm_7,150,21.12,500.0,40,0,466,-13197.79,7153.48,9841.92,2688.44,466,3.34,1.3,True
744023,firm_7,151,21.12,500.0,40,0,466,-13197.79,7153.48,9841.92,2688.44,466,3.34,1.3,True
744023,firm_7,152,21.12,500.0,40,0,466,-13197.79,7153.48,9841.92,2688.44,466,3.34,1.3,True
744023,firm_7,153,21.12,500.0,40,0,466,-13197.79,7153.48,9841.92,2688.44,466,3.34,1.3,True
744023,firm_7,154,21.12,500.0,40,0,466,-13197.79,7153.48,9841.92,2688.44,466,3.34,1.3,True
744023,firm_7,155,21.12,500.0,40,0,466,-13197.79,7153.48,9841.92,2688.44,466,3.34,1.3,True
744023,firm_7,156,21.12,500.0,40,0,466,-13197.79,7153.48,9841.92,2688.44,466,3.34,1.3,True
744023,firm_7,157,21.12,500.0,40,0,466,-13197.79,7153.48,9841.92,2688.44,466,3.34,1.3,True
744023,firm_7,158,21.12,500.0,40,0,466,-13197.79,7153.48,9841.92,2688.44,466,3.34,1.3,True
744023,firm_7,159,21.12,500.0,40,0,466,-13197.79,7153.48,9841.92,2688.44,466,3.34,1.3,True
744023,firm_7,160,21.12,500.0,40,0,466,-13197.79,7153.48,9841.92,2688.44,466,3.34,1.3,True
744023,firm_7,161,21.12,500.0,40,0,466,-13197.79,7153.48,9841.92,2688.44,466,3.34,1.3,True
744023,firm_7,162,21.12,500.0,40,0,466,-13197.79,7153.48,9841.92,2688.44,466,3.34,1.3,True
744023,firm_7,163,21.12,500.0,40,0,466,-13197.79,7153.48,9841.92,2688.44,466,3.34,1.3,True
744023,firm_7,164,21.12,500.0,40,0,466,-13197.79,7153.48,9841.92,2688.44,466,3.34,1.3,True
744023,firm_7,165,21.12,500.0,40,0,466,-13197.79,7153.48,9841.92,2688.44,466,3.34,1.3,True
744023,firm_7,166,21.12,500.0,40,0,466,-13197.79,7153.48,9841.92,2688.44,466,3.34,1.3,True
744023,firm_7,167,21.12,500.0,40,0,466,-13197.79,7153.48,9841.92,2688.44,466,3.34,1.3,True
744023,firm_7,168,21.12,500.0,40,0,466,-13197.79,7153.48,9841.92,2688.44,466,3.34,1.3,True
744023,firm_7,169,21.12,500.0,40,0,466,-13197.79,7153.48,9841.92,2688.44,466,3.34,1.3,True
744023,firm_7,170,21.12,500.0,40,0,466,-13197.79,7153.48,9841.92,2688.44,466,3.34,1.3,True
744023,firm_7,171,21.12,500.0,40,0,466,-13197.79,7153.48,9841.92,2688.44,466,3.34,1.3,True
744023,firm_7,172,21.12,500.0,40,0,466,-13197.79,7153.48,9841.92,2688.44,466,3.34,1.3,True
744023,firm_7,173,21.12,500.0,40,0,466,-13197.79,7153.48,9841.92,2688.44,466,3.34,1.3,True
744023,firm_7,174,21.12,500.0,40,0,466,-13197.79,7153.48,9841.92,2688.44,466,3.34,1.3,True
744023,firm_7,175,21.12,500.0,40,0,466,-13197.79,7153.48,9841.92,2688.44,466,3.34,1.3,True
744023,firm_7,176,21.12,500.0,40,0,466,-13197.79,7153.48,9841.92,2688.44,466,3.34,1.3,True
744023,firm_7,177,21.12,500.0,40,0,466,-13197.79,7153.48,9841.92,2688.44,466,3.34,1.3,True
744023,firm_7,178,21.12,500.0,40,0,466,-13197.79,7153.48,9841.92,2688.44,466,3.34,1.3,True
744023,firm_7,179,21.12,500.0,40,0,466,-13197.79,7153.48,9841.92,2688.44,466,3.34,1.3,True
744023,firm_7,180,21.12,500.0,40,0,466,-13197.79,7153.48,9841.92,2688.44,466,3.34,1.3,True
744023,firm_7,181,21.12,500.0,40,0,466,-13197.79,7153.48,9841.92,2688.44,466,3.34,1.3,True
744023,firm_7,182,21.12,500.0,40,0,466,-13197.79,7153.48,9841.92,2688.44,466,3.34,1.3,True
744023,firm_7,183,21.12,500.0,40,0,466,-13197.79,7153.48,9841.92,2688.44,466,3.34,1.3,True
744023,firm_7,184,21.12,500.0,40,0,466,-13197.79,7153.48,9841.92,2688.44,466,3.34,1.3,True
744023,firm_7,185,21.12,500.0,40,0,466,-13197.79,7153.48,9841.92,2688.44,466,3.34,1.3,True
744023,firm_7,186,21.12,500.0,40,0,466,-13197.79,7153.48,9841.92,2688.44,466,3.34,1.3,True
744023,firm_7,187,21.12,500.0,40,0,466,-13197.79,7153.48,9841.92,2688.44,466,3.34,1.3,True
744023,firm_7,188,21.12,500.0,40,0,466,-13197.79,7153.48,9841.92,2688.44,466,3.34,1.3,True
744023,firm_7,189,21.12,500.0,40,0,466,-13197.79,7153.48,9841.92,2688.44,466,3.34,1.3,True
744023,firm_7,190,21.12,500.0,40,0,466,-13197.79,7153.48,9841.92,2688.44,466,3.34,1.3,True
744023,firm_7,191,21.12,500.0,40,0,466,-13197.79,7153.48,9841.92,2688.44,466,3.34,1.3,True
744023,firm_7,192,21.12,500.0,40,0,466,-13197.79,7153.48,9841.92,2688.44,466,3.34,1.3,True
744023,firm_7,193,21.12,500.0,40,0,466,-13197.79,7153.48,9841.92,2688.44,466,3.34,1.3,True
744023,firm_7,194,21.12,500.0,40,0,466,-13197.79,7153.48,9841.92,2688.44,466,3.34,1.3,True
744023,firm_7,195,21.12,500.0,40,0,466,-13197.79,7153.48,9841.92,2688.44,466,3.34,1.3,True
744023,firm_7,196,21.12,500.0,40,0,466,-13197.79,7153.48,9841.92,2688.44,466,3.34,1.3,True
744023,firm_7,197,21.12,500.0,40,0,466,-13197.79,7153.48,9841.92,2688.44,466,3.34,1.3,True
744023,firm_7,198,21.12,500.0,40,0,466,-13197.79,7153.48,9841.92,2688.44,466,3.34,1.3,True
744023,firm_7,199,21.12,500.0,40,0,466,-13197.79,7153.48,9841.92,2688.44,466,3.34,1.3,True
744023,firm_7,200,21.12,500.0,40,0,466,-13197.79,7153.48,9841.92,2688.44,466,3.34,1.3,True
744023,firm_7,201,21.12,500.0,40,0,466,-13197.79,7153.48,9841.92,2688.44,466,3.34,1.3,True
744023,firm_7,202,21.12,500.0,40,0,466,-13197.79,7153.48,9841.92,2688.44,466,3.34,1.3,True
744023,firm_7,203,21.12,500.0,40,0,466,-13197.79,7153.48,9841.92,2688.44,466,3.34,1.3,True
744023,firm_7,204,21.12,500.0,40,0,466,-13197.79,7153.48,9841.92,2688.44,466,3.34,1.3,True
744023,firm_7,205,21.12,500.0,40,0,466,-13197.79,7153.48,9841.92,2688.44,466,3.34,1.3,True
744023,firm_7,206,21.12,500.0,40,0,466,-13197.79,7153.48,9841.92,2688.44,466,3.34,1.3,True
744023,firm_7,207,21.12,500.0,40,0,466,-13197.79,7153.48,9841.92,2688.44,466,3.34,1.3,True
744023,firm_7,208,21.12,500.0,40,0,466,-13197.79,7153.48,9841.92,2688.44,466,3.34,1.3,True
744023,firm_7,209,21.12,500.0,40,0,466,-13197.79,7153.48,9841.92,2688.44,466,3.34,1.3,True
744023,firm_7,210,21.12,500.0,40,0,466,-13197.79,7153.48,9841.92,2688.44,466,3.34,1.3,True
744023,firm_7,211,21.12,500.0,40,0,466,-13197.79,7153.48,9841.92,2688.44,466,3.34,1.3,True
744023,firm_7,212,21.12,500.0,40,0,466,-13197.79,7153.48,9841.92,2688.44,466,3.34,1.3,True
744023,firm_7,213,21.12,500.0,40,0,466,-13197.79,7153.48,9841.92,2688.44,466,3.34,1.3,True
744023,firm_7,214,21.12,500.0,40,0,466,-13197.79,7153.48,9841.92,2688.44,466,3.34,1.3,True
744023,firm_7,215,21.12,500.0,40,0,466,-13197.79,7153.48,9841.92,2688.44,466,3.34,1.3,True
744023,firm_7,216,21.12,500.0,40,0,466,-13197.79,7153.48,9841.92,2688.44,466,3.34,1.3,True
744023,firm_7,217,21.12,500.0,40,0,466,-13197.79,7153.48,9841.92,2688.44,466,3.34,1.3,True
744023,firm_7,218,21.12,500.0,40,0,466,-13197.79,7153.48,9841.92,2688.44,466,3.34,1.3,True
744023,firm_7,219,21.12,500.0,40,0,466,-13197.79,7153.48,9841.92,2688.44,466,3.34,1.3,True
744023,firm_7,220,21.12,500.0,40,0,466,-13197.79,7153.48,9841.92,2688.44,466,3.34,1.3,True
744023,firm_7,221,21.12,500.0,40,0,466,-13197.79,7153.48,9841.92,2688.44,466,3.34,1.3,True
744023,firm_7,222,21.12,500.0,40,0,466,-13197.79,7153.48,9841.92,2688.44,466,3.34,1.3,True
744023,firm_7,223,21.12,500.0,40,0,466,-13197.79,7153.48,9841.92,2688.44,466,3.34,1.3,True
744023,firm_7,224,21.12,500.0,40,0,466,-13197.79,7153.48,9841.92,2688.44,466,3.34,1.3,True
744023,firm_7,225,21.12,500.0,40,0,466,-13197.79,7153.48,9841.92,2688.44,466,3.34,1.3,True
744023,firm_7,226,21.12,500.0,40,0,466,-13197.79,7153.48,9841.92,2688.44,466,3.34,1.3,True
744023,firm_7,227,21.12,500.0,40,0,466,-13197.79,7153.48,9841.92,2688.44,466,3.34,1.3,True
744023,firm_7,228,21.12,500.0,40,0,466,-13197.79,7153.48,9841.92,2688.44,466,3.34,1.3,True
744023,firm_7,229,21.12,500.0,40,0,466,-13197.79,7153.48,9841.92,2688.44,466,3.34,1.3,True
744023,firm_7,230,21.12,500.0,40,0,466,-13197.79,7153.48,9841.92,2688.44,466,3.34,1.3,True
744023,firm_7,231,21.12,500.0,40,0,466,-13197.79,7153.48,9841.92,2688.44,466,3.34,1.3,True
744023,firm_7,232,21.12,500.0,40,0,466,-13197.79,7153.48,9841.92,2688.44,466,3.34,1.3,True
744023,firm_7,233,21.12,500.0,40,0,466,-13197.79,7153.48,9841.92,2688.44,466,3.34,1.3,True
744023,firm_7,234,21.12,500.0,40,0,466,-13197.79,7153.48,9841.92,2688.44,466,3.34,1.3,True
744023,firm_7,235,21.12,500.0,40,0,466,-13197.79,7153.48,9841.92,2688.44,466,3.34,1.3,True
744023,firm_7,236,21.12,500.0,40,0,466,-13197.79,7153.48,9841.92,2688.44,466,3.34,1.3,True
744023,firm_7,237,21.12,500.0,40,0,466,-13197.79,7153.48,9841.92,2688.44,466,3.34,1.3,True
744023,firm_7,238,21.12,500.0,40,0,466,-13197.79,7153.48,9841.92,2688.44,466,3.34,1.3,True
744023,firm_7,239,21.12,500.0,40,0,466,-13197.79,7153.48,9841.92,2688.44,466,3.34,1.3,True
744023,firm_7,240,21.12,500.0,40,0,466,-13197.79,7153.48,9841.92,2688.44,466,3.34,1.3,True
744023,firm_7,241,21.12,500.0,40,0,466,-13197.79,7153.48,9841.92,2688.44,466,3.34,1.3,True
744023,firm_7,242,21.12,500.0,40,0,466,-13197.79,7153.48,9841.92,2688.44,466,3.34,1.3,True
744023,firm_7,243,21.12,500.0,40,0,466,-13197.79,7153.48,9841.92,2688.44,466,3.34,1.3,True
744023,firm_7,244,21.12,500.0,40,0,466,-13197.79,7153.48,9841.92,2688.44,466,3.34,1.3,True
744023,firm_7,245,21.12,500.0,40,0,466,-13197.79,7153.48,9841.92,2688.44,466,3.34,1.3,True
744023,firm_7,246,21.12,500.0,40,0,466,-13197.79,7153.48,9841.92,2688.44,466,3.34,1.3,True
744023,firm_7,247,21.12,500.0,40,0,466,-13197.79,7153.48,9841.92,2688.44,466,3.34,1.3,True
744023,firm_7,248,21.12,500.0,40,0,466,-13197.79,7153.48,9841.92,2688.44,466,3.34,1.3,True
744023,firm_7,249,21.12,500.0,40,0,466,-13197.79,7153.48,9841.92,2688.44,466,3.34,1.3,True
744023,firm_7,250,21.12,500.0,40,0,466,-13197.79,7153.48,9841.92,2688.44,466,3.34,1.3,True
744023,firm_7,251,21.12,500.0,40,0,466,-13197.79,7153.48,9841.92,2688.44,466,3.34,1.3,True
744023,firm_7,252,21.12,500.0,40,0,466,-13197.79,7153.48,9841.92,2688.44,466,3.34,1.3,True
744023,firm_7,253,21.12,500.0,40,0,466,-13197.79,7153.48,9841.92,2688.44,466,3.34,1.3,True
744023,firm_7,254,21.12,500.0,40,0,466,-13197.79,7153.48,9841.92,2688.44,466,3.34,1.3,True
744023,firm_7,255,21.12,500.0,40,0,466,-13197.79,7153.48,9841.92,2688.44,466,3.34,1.3,True
744023,firm_7,256,21.12,500.0,40,0,466,-13197.79,7153.48,9841.92,2688.44,466,3.34,1.3,True
744023,firm_7,257,21.12,500.0,40,0,466,-13197.79,7153.48,9841.92,2688.44,466,3.34,1.3,True
744023,firm_7,258,21.12,500.0,40,0,466,-13197.79,7153.48,9841.92,2688.44,466,3.34,1.3,True
744023,firm_7,259,21.12,500.0,40,0,466,-13197.79,7153.48,9841.92,2688.44,466,3.34,1.3,True
744023,firm_7,260,21.12,500.0,40,0,466,-13197.79,7153.48,9841.92,2688.44,466,3.34,1.3,True
744023,firm_7,261,21.12,500.0,40,0,466,-13197.79,7153.48,9841.92,2688.44,466,3.34,1.3,True
744023,firm_7,262,21.12,500.0,40,0,466,-13197.79,7153.48,9841.92,2688.44,466,3.34,1.3,True
744023,firm_7,263,21.12,500.0,40,0,466,-13197.79,7153.48,9841.92,2688.44,466,3.34,1.3,True
744023,firm_7,264,21.12,500.0,40,0,466,-13197.79,7153.48,9841.92,2688.44,466,3.34,1.3,True
744023,firm_7,265,21.12,500.0,40,0,466,-13197.79,7153.48,9841.92,2688.44,466,3.34,1.3,True
744023,firm_7,266,21.12,500.0,40,0,466,-13197.79,7153.48,9841.92,2688.44,466,3.34,1.3,True
744023,firm_7,267,21.12,500.0,40,0,466,-13197.79,7153.48,9841.92,2688.44,466,3.34,1.3,True
744023,firm_7,268,21.12,500.0,40,0,466,-13197.79,7153.48,9841.92,2688.44,466,3.34,1.3,True
744023,firm_7,269,21.12,500.0,40,0,466,-13197.79,7153.48,9841.92,2688.44,466,3.34,1.3,True
744023,firm_7,270,21.12,500.0,40,0,466,-13197.79,7153.48,9841.92,2688.44,466,3.34,1.3,True
744023,firm_7,271,21.12,500.0,40,0,466,-13197.79,7153.48,9841.92,2688.44,466,3.34,1.3,True
744023,firm_7,272,21.12,500.0,40,0,466,-13197.79,7153.48,9841.92,2688.44,466,3.34,1.3,True
744023,firm_7,273,21.12,500.0,40,0,466,-13197.79,7153.48,9841.92,2688.44,466,3.34,1.3,True
744023,firm_7,274,21.12,500.0,40,0,466,-13197.79,7153.48,9841.92,2688.44,466,3.34,1.3,True
744023,firm_7,275,21.12,500.0,40,0,466,-13197.79,7153.48,9841.92,2688.44,466,3.34,1.3,True
744023,firm_7,276,21.12,500.0,40,0,466,-13197.79,7153.48,9841.92,2688.44,466,3.34,1.3,True
744023,firm_7,277,21.12,500.0,40,0,466,-13197.79,7153.48,9841.92,2688.44,466,3.34,1.3,True
744023,firm_7,278,21.12,500.0,40,0,466,-13197.79,7153.48,9841.92,2688.44,466,3.34,1.3,True
744023,firm_7,279,21.12,500.0,40,0,466,-13197.79,7153.48,9841.92,2688.44,466,3.34,1.3,True
744023,firm_7,280,21.12,500.0,40,0,466,-13197.79,7153.48,9841.92,2688.44,466,3.34,1.3,True
744023,firm_7,281,21.12,500.0,40,0,466,-13197.79,7153.48,9841.92,2688.44,466,3.34,1.3,True
744023,firm_7,282,21.12,500.0,40,0,466,-13197.79,7153.48,9841.92,2688.44,466,3.34,1.3,True
744023,firm_7,283,21.12,500.0,40,0,466,-13197.79,7153.48,9841.92,2688.44,466,3.34,1.3,True
744023,firm_7,284,21.12,500.0,40,0,466,-13197.79,7153.48,9841.92,2688.44,466,3.34,1.3,True
744023,firm_7,285,21.12,500.0,40,0,466,-13197.79,7153.48,9841.92,2688.44,466,3.34,1.3,True
744023,firm_7,286,21.12,500.0,40,0,466,-13197.79,7153.48,9841.92,2688.44,466,3.34,1.3,True
744023,firm_7,287,21.12,500.0,40,0,466,-13197.79,7153.48,9841.92,2688.44,466,3.34,1.3,True
744023,firm_7,288,21.12,500.0,40,0,466,-13197.79,7153.48,9841.92,2688.44,466,3.34,1.3,True
744023,firm_7,289,21.12,500.0,40,0,466,-13197.79,7153.48,9841.92,2688.44,466,3.34,1.3,True
744023,firm_7,290,21.12,500.0,40,0,466,-13197.79,7153.48,9841.92,2688.44,466,3.34,1.3,True
744023,firm_7,291,21.12,500.0,40,0,466,-13197.79,7153.48,9841.92,2688.44,466,3.34,1.3,True
744023,firm_7,292,21.12,500.0,40,0,466,-13197.79,7153.48,9841.92,2688.44,466,3.34,1.3,True
744023,firm_7,293,21.12,500.0,40,0,466,-13197.79,7153.48,9841.92,2688.44,466,3.34,1.3,True
744023,firm_7,294,21.12,500.0,40,0,466,-13197.79,7153.48,9841.92,2688.44,466,3.34,1.3,True
744023,firm_7,295,21.12,500.0,40,0,466,-13197.79,7153.48,9841.92,2688.44,466,3.34,1.3,True
744023,firm_7,296,21.12,500.0,40,0,466,-13197.79,7153.48,9841.92,2688.44,466,3.34,1.3,True
744023,firm_7,297,21.12,500.0,40,0,466,-13197.79,7153.48,9841.92,2688.44,466,3.34,1.3,True
744023,firm_7,298,21.12,500.0,40,0,466,-13197.79,7153.48,9841.92,2688.44,466,3.34,1.3,True
744023,firm_7,299,21.12,500.0,40,0,466,-13197.79,7153.48,9841.92,2688.44,466,3.34,1.3,True
744023,firm_7,300,21.12,500.0,40,0,466,-13197.79,7153.48,9841.92,2688.44,466,3.34,1.3,True
744023,firm_7,301,21.12,500.0,40,0,466,-13197.79,7153.48,9841.92,2688.44,466,3.34,1.3,True
744023,firm_7,302,21.12,500.0,40,0,466,-13197.79,7153.48,9841.92,2688.44,466,3.34,1.3,True
744023,firm_7,303,21.12,500.0,40,0,466,-13197.79,7153.48,9841.92,2688.44,466,3.34,1.3,True
744023,firm_7,304,21.12,500.0,40,0,466,-13197.79,7153.48,9841.92,2688.44,466,3.34,1.3,True
744023,firm_7,305,21.12,500.0,40,0,466,-13197.79,7153.48,9841.92,2688.44,466,3.34,1.3,True
744023,firm_7,306,21.12,500.0,40,0,466,-13197.79,7153.48,9841.92,2688.44,466,3.34,1.3,True
744023,firm_7,307,21.12,500.0,40,0,466,-13197.79,7153.48,9841.92,2688.44,466,3.34,1.3,True
744023,firm_7,308,21.12,500.0,40,0,466,-13197.79,7153.48,9841.92,2688.44,466,3.34,1.3,True
744023,firm_7,309,21.12,500.0,40,0,466,-13197.79,7153.48,9841.92,2688.44,466,3.34,1.3,True
744023,firm_7,310,21.12,500.0,40,0,466,-13197.79,7153.48,9841.92,2688.44,466,3.34,1.3,True
744023,firm_7,311,21.12,500.0,40,0,466,-13197.79,7153.48,9841.92,2688.44,466,3.34,1.3,True
744023,firm_7,312,21.12,500.0,40,0,466,-13197.79,7153.48,9841.92,2688.44,466,3.34,1.3,True
744023,firm_7,313,21.12,500.0,40,0,466,-13197.79,7153.48,9841.92,2688.44,466,3.34,1.3,True
744023,firm_7,314,21.12,500.0,40,0,466,-13197.79,7153.48,9841.92,2688.44,466,3.34,1.3,True
744023,firm_7,315,21.12,500.0,40,0,466,-13197.79,7153.48,9841.92,2688.44,466,3.34,1.3,True
744023,firm_7,316,21.12,500.0,40,0,466,-13197.79,7153.48,9841.92,2688.44,466,3.34,1.3,True
744023,firm_7,317,21.12,500.0,40,0,466,-13197.79,7153.48,9841.92,2688.44,466,3.34,1.3,True
744023,firm_7,318,21.12,500.0,40,0,466,-13197.79,7153.48,9841.92,2688.44,466,3.34,1.3,True
744023,firm_7,319,21.12,500.0,40,0,466,-13197.79,7153.48,9841.92,2688.44,466,3.34,1.3,True
744023,firm_7,320,21.12,500.0,40,0,466,-13197.79,7153.48,9841.92,2688.44,466,3.34,1.3,True
744023,firm_7,321,21.12,500.0,40,0,466,-13197.79,7153.48,9841.92,2688.44,466,3.34,1.3,True
744023,firm_7,322,21.12,500.0,40,0,466,-13197.79,7153.48,9841.92,2688.44,466,3.34,1.3,True
744023,firm_7,323,21.12,500.0,40,0,466,-13197.79,7153.48,9841.92,2688.44,466,3.34,1.3,True
744023,firm_7,324,21.12,500.0,40,0,466,-13197.79,7153.48,9841.92,2688.44,466,3.34,1.3,True
744023,firm_7,325,21.12,500.0,40,0,466,-13197.79,7153.48,9841.92,2688.44,466,3.34,1.3,True
744023,firm_7,326,21.12,500.0,40,0,466,-13197.79,7153.48,9841.92,2688.44,466,3.34,1.3,True
744023,firm_7,327,21.12,500.0,40,0,466,-13197.79,7153.48,9841.92,2688.44,466,3.34,1.3,True
744023,firm_7,328,21.12,500.0,40,0,466,-13197.79,7153.48,9841.92,2688.44,466,3.34,1.3,True
744023,firm_7,329,21.12,500.0,40,0,466,-13197.79,7153.48,9841.92,2688.44,466,3.34,1.3,True
744023,firm_7,330,21.12,500.0,40,0,466,-13197.79,7153.48,9841.92,2688.44,466,3.34,1.3,True
744023,firm_7,331,21.12,500.0,40,0,466,-13197.79,7153.48,9841.92,2688.44,466,3.34,1.3,True
744023,firm_7,332,21.12,500.0,40,0,466,-13197.79,7153.48,9841.92,2688.44,466,3.34,1.3,True
744023,firm_7,333,21.12,500.0,40,0,466,-13197.79,7153.48,9841.92,2688.44,466,3.34,1.3,True
744023,firm_7,334,21.12,500.0,40,0,466,-13197.79,7153.48,9841.92,2688.44,466,3.34,1.3,True
744023,firm_7,335,21.12,500.0,40,0,466,-13197.79,7153.48,9841.92,2688.44,466,3.34,1.3,True
744023,firm_7,336,21.12,500.0,40,0,466,-13197.79,7153.48,9841.92,2688.44,466,3.34,1.3,True
744023,firm_7,337,21.12,500.0,40,0,466,-13197.79,7153.48,9841.92,2688.44,466,3.34,1.3,True
744023,firm_7,338,21.12,500.0,40,0,466,-13197.79,7153.48,9841.92,2688.44,466,3.34,1.3,True
744023,firm_7,339,21.12,500.0,40,0,466,-13197.79,7153.48,9841.92,2688.44,466,3.34,1.3,True
744023,firm_7,340,21.12,500.0,40,0,466,-13197.79,7153.48,9841.92,2688.44,466,3.34,1.3,True
744023,firm_7,341,21.12,500.0,40,0,466,-13197.79,7153.48,9841.92,2688.44,466,3.34,1.3,True
744023,firm_7,342,21.12,500.0,40,0,466,-13197.79,7153.48,9841.92,2688.44,466,3.34,1.3,True
744023,firm_7,343,21.12,500.0,40,0,466,-13197.79,7153.48,9841.92,2688.44,466,3.34,1.3,True
744023,firm_7,344,21.12,500.0,40,0,466,-13197.79,7153.48,9841.92,2688.44,466,3.34,1.3,True
744023,firm_7,345,21.12,500.0,40,0,466,-13197.79,7153.48,9841.92,2688.44,466,3.34,1.3,True
744023,firm_7,346,21.12,500.0,40,0,466,-13197.79,7153.48,9841.92,2688.44,466,3.34,1.3,True
744023,firm_7,347,21.12,500.0,40,0,466,-13197.79,7153.48,9841.92,2688.44,466,3.34,1.3,True
744023,firm_7,348,21.12,500.0,40,0,466,-13197.79,7153.48,9841.92,2688.44,466,3.34,1.3,True
744023,firm_7,349,21.12,500.0,40,0,466,-13197.79,7153.48,9841.92,2688.44,466,3.34,1.3,True
744023,firm_7,350,21.12,500.0,40,0,466,-13197.79,7153.48,9841.92,2688.44,466,3.34,1.3,True
744023,firm_7,351,21.12,500.0,40,0,466,-13197.79,7153.48,9841.92,2688.44,466,3.34,1.3,True
744023,firm_7,352,21.12,500.0,40,0,466,-13197.79,7153.48,9841.92,2688.44,466,3.34,1.3,True
744023,firm_7,353,21.12,500.0,40,0,466,-13197.79,7153.48,9841.92,2688.44,466,3.34,1.3,True
744023,firm_7,354,21.12,500.0,40,0,466,-13197.79,7153.48,9841.92,2688.44,466,3.34,1.3,True
744023,firm_7,355,21.12,500.0,40,0,466,-13197.79,7153.48,9841.92,2688.44,466,3.34,1.3,True
744023,firm_7,356,21.12,500.0,40,0,466,-13197.79,7153.48,9841.92,2688.44,466,3.34,1.3,True
744023,firm_7,357,21.12,500.0,40,0,466,-13197.79,7153.48,9841.92,2688.44,466,3.34,1.3,True
744023,firm_7,358,21.12,500.0,40,0,466,-13197.79,7153.48,9841.92,2688.44,466,3.34,1.3,True
744023,firm_7,359,21.12,500.0,40,0,466,-13197.79,7153.48,9841.92,2688.44,466,3.34,1.3,True
744023,firm_7,360,21.12,500.0,40,0,466,-13197.79,7153.48,9841.92,2688.44,466,3.34,1.3,True
744023,firm_7,361,21.12,500.0,40,0,466,-13197.79,7153.48,9841.92,2688.44,466,3.34,1.3,True
744023,firm_7,362,21.12,500.0,40,0,466,-13197.79,7153.48,9841.92,2688.44,466,3.34,1.3,True
744023,firm_7,363,21.12,500.0,40,0,466,-13197.79,7153.48,9841.92,2688.44,466,3.34,1.3,True
744023,firm_7,364,21.12,500.0,40,0,466,-13197.79,7153.48,9841.92,2688.44,466,3.34,1.3,True
744023,firm_7,365,21.12,500.0,40,0,466,-13197.79,7153.48,9841.92,2688.44,466,3.34,1.3,True
744023,firm_8,1,45.4,39.06,19,0,220,97622.18,9257.8,9988.0,730.2,220,0.41,0.3,False
744023,firm_8,2,43.13,41.01,19,0,221,105431.06,8788.07,9531.73,743.66,221,0.46,0.3,False
744023,firm_8,3,40.97,41.01,20,0,232,112633.58,8722.72,9505.04,782.32,232,0.51,0.3,False
744023,firm_8,4,45.07,36.91,20,0,231,121526.74,9631.36,10411.17,779.81,231,0.51,0.3,False
744023,firm_8,5,40.56,38.76,20,0,232,129279.14,8627.6,9409.92,782.32,232,0.51,0.4,False
744023,firm_8,6,36.5,40.7,19,0,221,135606.58,7300.74,8066.5,765.76,221,0.56,0.4,False
744023,firm_8,7,34.67,38.66,18,0,208,141179.18,6468.48,7211.36,742.88,208,0.61,0.4,False
744023,firm_8,8,38.14,42.53,18,0,208,147393.48,7179.84,7933.12,753.28,208,0.66,0.3,False
744023,firm_8,9,40.05,44.66,18,0,209,154204.11,7614.51,8370.45,755.94,209,0.66,0.3,False
744023,firm_8,10,44.06,44.66,19,0,221,161593.92,8938.35,9737.26,798.91,221,0.71,0.3,False
744023,firm_8,11,48.47,44.66,18,0,209,169843.43,9353.39,10130.23,776.84,209,0.76,0.4,False
744023,firm_8,12,53.32,44.66,18,0,209,179196.14,10356.59,11143.88,787.29,209,0.81,0.4,False
744023,firm_8,13,58.65,49.13,18,0,209,189571.91,11460.11,12257.85,797.74,209,0.86,0.4,False
744023,firm_8,14,52.78,51.59,18,0,209,198666.12,10222.83,11031.02,808.19,209,0.91,0.4,False
744023,firm_8,15,52.78,56.75,19,0,221,207909.14,10821.27,11664.38,843.11,221,0.91,0.4,False
744023,firm_8,16,47.5,59.59,19,0,221,216431.32,9654.39,10497.5,843.11,221,0.91,0.4,False
744023,firm_8,17,49.88,65.55,20,0,232,225217.36,10697.04,11572.16,875.12,232,0.91,0.5,False
744023,firm_8,18,44.89,59.0,21,0,243,233267.35,9988.99,10908.27,919.28,243,0.96,0.5,False
744023,firm_8,19,42.65,64.9,22,0,254,241220.81,9881.26,10833.1,951.84,254,0.96,0.5,False
744023,firm_8,20,38.38,61.66,23,0,266,248524.35,9221.72,10209.08,987.36,266,0.96,0.4,False
744023,firm_8,21,36.46,64.74,24,0,277,255550.09,9079.5,10099.42,1019.92,277,0.96,0.4,False
744023,firm_8,22,34.64,58.27,23,0,266,262223.46,8213.58,9214.24,1000.66,266,1.01,0.4,False
744023,firm_8,23,36.37,64.1,24,0,277,269011.93,9026.87,10074.49,1047.62,277,1.06,0.4,False
744023,firm_8,24,36.37,64.1,23,0,266,276198.09,8660.46,9674.42,1013.96,266,1.06,0.3,False
744023,firm_8,25,32.73,60.89,22,0,254,282094.69,7336.18,8313.42,977.24,254,1.06,0.4,False
744023,firm_8,26,31.09,63.93,22,0,254,287507.85,6919.62,7896.86,977.24,254,1.06,0.5,False
744023,firm_8,27,29.54,67.13,21,0,242,292306.28,6208.16,7148.68,940.52,242,1.06,0.5,False
744023,firm_8,28,26.59,70.49,20,0,231,296031.91,5235.43,6142.29,906.86,231,1.06,0.6,False
744023,firm_8,29,25.26,74.01,20,0,230,299246.21,4894.5,5809.8,915.3,230,1.11,0.6,False
744023,firm_8,30,27.79,74.01,21,0,242,302752.46,5760.46,6725.18,964.72,242,1.16,0.6,False
744023,firm_8,31,30.57,74.01,21,0,242,307631.47,6433.22,7397.94,964.72,242,1.16,0.6,False
744023,firm_8,32,33.63,74.01,22,0,253,313012.16,7508.91,8508.39,999.48,253,1.16,0.5,False
744023,firm_8,33,33.63,77.71,22,0,253,318811.45,7508.91,8508.39,999.48,253,1.16,0.5,False
744023,firm_8,34,33.63,85.48,22,0,255,324500.74,7569.85,8575.65,1005.8,255,1.16,0.5,False
744023,firm_8,35,30.27,89.75,22,0,255,329239.29,6713.05,7718.85,1005.8,255,1.16,0.5,False
744023,firm_8,36,27.24,98.72,22,0,255,333007.85,5940.4,6946.2,1005.8,255,1.16,0.4,False
744023,firm_8,37,29.96,108.59,21,0,243,336939.86,6312.4,7280.28,967.88,243,1.16,0.5,False
744023,firm_8,38,26.96,108.59,21,0,243,340242.87,5583.4,6551.28,967.88,243,1.16,0.5,False
744023,firm_8,39,29.66,97.73,20,0,231,344209.77,5921.5,6851.46,929.96,231,1.16,0.5,False
744023,firm_8,40,31.14,107.5,19,0,220,348122.87,5955.6,6850.8,895.2,220,1.16,0.5,False
744023,firm_8,41,34.25,112.88,18,0,208,352357.75,6266.72,7124.0,857.28,208,1.16,0.5,False
744023,firm_8,42,34.25,101.59,18,0,208,356795.85,6266.72,7124.0,857.28,208,1.16,0.5,False
744023,firm_8,43,37.68,91.43,19,0,220,361853.08,7394.4,8289.6,895.2,220,1.16,0.6,False
744023,firm_8,44,35.8,91.43,19,0,220,367096.71,6980.8,7876.0,895.2,220,1.16,0.6,False
744023,firm_8,45,32.22,86.86,20,0,231,371160.82,6501.31,7442.82,941.51,231,1.21,0.6,False
744023,firm_8,46,29.0,95.55,20,0,231,375007.31,5757.49,6699.0,941.51,231,1.21,0.6,False
744023,firm_8,47,31.9,105.1,21,0,243,378971.88,6771.67,7751.7,980.03,243,1.21,0.7,False
744023,firm_8,48,33.49,94.59,21,0,243,384143.53,7158.04,8138.07,980.03,243,1.21,0.7,False
744023,firm_8,49,36.84,89.86,20,0,231,389914.86,7568.53,8510.04,941.51,231,1.21,0.7,False
744023,firm_8,50,33.16,80.87,21,0,243,394794.44,7077.85,8057.88,980.03,243,1.21,0.7,False
744023,firm_8,51,29.84,72.78,21,0,242,399298.42,6232.36,7221.28,988.92,242,1.26,0.7,False
744023,firm_8,52,26.86,65.5,21,0,242,403122.02,5499.1,6500.12,1001.02,242,1.31,0.8,False
744023,firm_8,53,29.55,68.78,21,0,242,407827.72,6150.08,7151.1,1001.02,242,1.31,0.8,False
744023,firm_8,54,26.6,61.9,21,0,241,411940.71,5412.89,6410.6,997.71,241,1.31,0.7,False
744023,firm_8,55,27.93,68.09,21,0,241,415932.19,5721.37,6731.13,1009.76,241,1.36,0.8,False
744023,firm_8,56,26.53,74.9,21,0,241,419531.21,5371.92,6393.73,1021.81,241,1.41,0.7,False
744023,firm_8,57,26.53,74.9,21,0,243,423376.47,5418.16,6446.79,1028.63,243,1.41,0.7,False
744023,firm_8,58,23.88,74.9,21,0,243,426477.78,4774.21,5802.84,1028.63,243,1.41,0.8,False
744023,firm_8,59,22.69,82.39,22,0,254,428862.32,4697.12,5763.26,1066.14,254,1.41,0.8,False
744023,firm_8,60,24.96,90.63,21,0,243,431995.74,5036.65,6065.28,1028.63,243,1.41,0.8,False
744023,firm_8,61,27.46,99.69,21,0,243,435546.4,5644.15,6672.78,1028.63,243,1.41,0.8,False
744023,firm_8,62,24.71,109.66,22,0,254,437844.08,5210.2,6276.34,1066.14,254,1.41,0.8,False
744023,firm_8,63,22.24,120.63,21,0,243,439586.54,4375.69,5404.32,1028.63,243,1.41,0.9,False
744023,firm_8,64,22.24,114.6,21,0,243,441555.63,4375.69,5404.32,1028.63,243,1.41,0.8,False
744023,firm_8,65,23.35,103.14,22,0,254,443438.61,4852.06,5930.9,1078.84,254,1.46,0.8,False
744023,firm_8,66,24.52,92.83,21,0,243,446406.76,4917.58,5958.36,1040.78,243,1.46,0.8,False
744023,firm_8,67,22.07,83.55,21,0,243,448974.44,4322.23,5363.01,1040.78,243,1.46,0.7,False
744023,firm_8,68,19.86,87.73,21,0,243,450917.31,3785.2,4825.98,1040.78,243,1.46,0.6,False
744023,firm_8,69,20.85,78.96,21,0,241,452938.09,3978.94,5024.85,1045.91,241,1.51,0.7,False
744023,firm_8,70,22.94,86.86,20,0,230,455469.79,4268.9,5276.2,1007.3,230,1.51,0.7,False
744023,firm_8,71,24.09,78.17,20,0,230,458439.79,4533.4,5540.7,1007.3,230,1.51,0.7,False
744023,firm_8,72,22.89,70.35,20,0,230,461078.69,4245.9,5264.7,1018.8,230,1.56,0.7,False
744023,firm_8,73,24.03,77.39,19,0,218,463659.84,4251.56,5238.54,986.98,218,1.61,0.7,False
744023,firm_8,74,26.43,85.13,18,0,207,466440.89,4513.39,5471.01,957.62,207,1.66,0.7,False
744023,firm_8,75,29.07,80.87,19,0,217,469507.48,5303.12,6308.19,1005.07,217,1.71,0.7,False
744023,firm_8,76,26.16,84.91,19,0,217,472354.99,4660.8,5676.72,1015.92,217,1.76,0.7,False
744023,firm_8,77,23.54,76.42,19,0,217,474684.42,4081.41,5108.18,1026.77,217,1.81,0.8,False
744023,firm_8,78,21.19,68.78,20,0,229,476377.39,3768.57,4852.51,1083.94,229,1.86,0.8,False
744023,firm_8,79,19.07,75.66,20,0,229,477935.83,3271.64,4367.03,1095.39,229,1.91,0.7,False
744023,firm_8,80,19.07,79.44,20,0,229,479618.67,3271.64,4367.03,1095.39,229,1.91,0.7,False
744023,firm_8,81,19.07,71.5,20,0,229,481148.86,3260.19,4367.03,1106.84,229,1.96,0.8,False
744023,firm_8,82,17.16,78.65,21,0,241,481766.36,2969.15,4135.56,1166.41,241,2.01,0.8,False
744023,firm_8,83,15.44,78.65,21,0,241,482457.29,2542.58,3721.04,1178.46,241,2.06,0.8,False
744023,firm_8,84,13.9,86.52,21,0,241,482499.76,2159.39,3349.9,1190.51,241,2.11,0.9,False
744023,firm_8,85,12.51,95.17,21,0,241,482113.54,1812.35,3014.91,1202.56,241,2.16,0.8,False
744023,firm_8,86,13.14,104.69,21,0,241,481667.18,1952.13,3166.74,1214.61,241,2.21,0.8,False
744023,firm_8,87,11.83,115.16,20,0,230,480705.08,1541.1,2720.9,1179.8,230,2.26,0.8,False
744023,firm_8,88,10.65,126.68,20,0,230,479441.18,1269.7,2449.5,1179.8,230,2.26,0.8,False
744023,firm_8,89,11.72,139.35,20,0,230,478169.98,1515.8,2695.6,1179.8,230,2.26,0.8,False
744023,firm_8,90,10.55,153.28,20,0,230,476139.58,1235.2,2426.5,1191.3,230,2.31,0.8,False
744023,firm_8,91,10.02,168.61,20,0,229,473774.97,1107.59,2294.58,1186.99,229,2.31,0.9,False
744023,firm_8,92,10.0,151.75,19,0,218,471932.14,1040.42,2180.0,1139.58,218,2.31,0.8,False
744023,firm_8,93,10.0,136.58,18,0,206,470345.84,972.14,2060.0,1087.86,206,2.31,0.9,False
744023,firm_8,94,10.0,136.58,18,0,207,468654.88,967.48,2070.0,1102.52,207,2.36,0.8,False
744023,firm_8,95,11.0,122.92,19,0,218,466856.02,1236.62,2398.0,1161.38,218,2.41,0.8,False
744023,firm_8,96,11.0,135.21,18,0,206,465579.78,1157.54,2266.0,1108.46,206,2.41,0.8,False
744023,firm_8,97,11.55,148.73,17,0,195,464033.92,1182.55,2252.25,1069.7,195,2.46,0.8,False
744023,firm_8,98,10.4,163.6,17,0,195,462001.27,948.55,2028.0,1079.45,195,2.51,0.8,False
744023,firm_8,99,10.92,155.42,16,0,183,460278.43,963.88,1998.36,1034.48,183,2.56,0.8,False
744023,firm_8,100,10.37,163.19,15,0,172,458421.3,790.72,1783.64,992.92,172,2.61,0.7,False
744023,firm_8,101,10.0,171.35,14,0,160,456476.8,654.4,1600.0,945.6,160,2.66,0.7,False
744023,firm_8,102,10.0,179.92,15,0,172,453787.88,709.88,1720.0,1010.12,172,2.71,0.7,False
744023,firm_8,103,10.5,197.91,14,0,160,451643.54,726.4,1680.0,953.6,160,2.71,0.8,False
744023,firm_8,104,10.0,178.12,14,0,160,449796.26,646.4,1600.0,953.6,160,2.71,0.8,False
744023,firm_8,105,10.0,160.31,13,0,147,448082.51,570.28,1470.0,899.72,147,2.76,0.8,False
744023,firm_8,106,10.0,176.34,13,0,147,446360.37,570.28,1470.0,899.72,147,2.76,0.7,False
744023,firm_8,107,10.0,185.16,14,0,158,443588.15,620.02,1580.0,959.98,158,2.81,0.8,False
744023,firm_8,108,10.0,175.9,14,0,158,441745.57,620.02,1580.0,959.98,158,2.81,0.8,False
744023,firm_8,109,10.0,175.9,13,0,147,440021.8,562.93,1470.0,907.07,147,2.81,0.8,False
744023,firm_8,110,11.0,167.1,13,0,146,438345.94,696.44,1606.0,909.56,146,2.86,0.8,False
744023,firm_8,111,10.0,175.46,14,0,158,435793.72,604.22,1580.0,975.78,158,2.91,0.8,False
744023,firm_8,112,10.0,166.69,14,0,157,433851.34,591.28,1570.0,978.72,157,2.96,0.8,False
744023,firm_8,113,10.0,150.02,14,0,157,432342.34,591.28,1570.0,978.72,157,2.96,0.8,False
744023,firm_8,114,10.0,150.02,14,0,157,430625.49,583.43,1570.0,986.57,157,3.01,0.8,False
744023,firm_8,115,10.0,142.52,13,0,147,429306.26,533.53,1470.0,936.47,147,3.01,0.7,False
744023,firm_8,116,10.0,156.77,13,0,147,427801.78,533.53,1470.0,936.47,147,3.01,0.7,False
744023,firm_8,117,10.0,156.77,13,0,147,426089.95,526.18,1470.0,943.82,147,3.06,0.6,False
744023,firm_8,118,10.0,141.09,12,0,136,424868.71,471.84,1360.0,888.16,136,3.06,0.5,False
744023,firm_8,119,10.0,126.98,11,0,124,423678.29,406.36,1240.0,833.64,124,3.11,0.4,False
744023,firm_8,120,10.5,139.68,11,0,124,422403.97,462.16,1302.0,839.84,124,3.16,0.3,False
744023,firm_8,121,10.0,139.68,12,0,136,420686.05,458.24,1360.0,901.76,136,3.16,0.3,False
744023,firm_8,122,10.0,139.68,12,0,136,419468.13,458.24,1360.0,901.76,136,3.16,0.3,False
744023,firm_8,123,10.0,139.68,12,0,136,418250.21,458.24,1360.0,901.76,136,3.16,0.2,False
744023,firm_8,124,10.0,139.68,11,0,124,416807.69,393.96,1240.0,846.04,124,3.21,0.3,False
744023,firm_8,125,10.0,139.68,11,0,124,415565.17,393.96,1240.0,846.04,124,3.21,0.4,False
744023,firm_8,126,10.0,132.7,11,0,124,414499.43,393.96,1240.0,846.04,124,3.21,0.4,False
744023,firm_8,127,11.0,126.06,10,0,113,413593.1,454.27,1243.0,788.73,113,3.21,0.5,False
744023,firm_8,128,11.0,119.76,9,0,102,412905.84,390.58,1122.0,731.42,102,3.21,0.4,False
744023,firm_8,129,10.0,131.74,8,0,90,412083.02,231.1,900.0,668.9,90,3.21,0.4,False
744023,firm_8,130,10.0,144.91,7,0,79,411043.11,174.46,790.0,615.54,79,3.26,0.4,False
744023,firm_8,131,10.0,137.66,7,0,79,409950.0,170.51,790.0,619.49,79,3.31,0.5,False
744023,firm_8,132,11.0,137.66,6,0,67,409305.27,181.23,737.0,555.77,67,3.31,0.4,False
744023,firm_8,133,11.55,151.43,6,0,67,408411.42,214.73,773.85,559.12,67,3.36,0.4,False
744023,firm_8,134,12.13,166.57,5,0,56,407554.89,176.32,679.28,502.96,56,3.41,0.3,False
744023,firm_8,135,10.92,149.91,5,0,56,406913.9,108.56,611.52,502.96,56,3.41,0.3,False
744023,firm_8,136,10.37,164.9,5,0,56,405964.36,74.96,580.72,505.76,56,3.46,0.2,False
744023,firm_8,137,10.37,181.39,4,0,45,405259.75,20.95,466.65,445.7,45,3.46,0.2,False
744023,firm_8,138,10.37,199.53,4,0,45,404280.33,18.7,466.65,447.95,45,3.51,0.2,False
744023,firm_8,139,10.0,219.48,5,0,56,402734.37,51.44,560.0,508.56,56,3.51,0.1,False
744023,firm_8,140,11.0,230.45,6,0,67,401019.5,167.83,737.0,569.17,67,3.51,0.1,False
744023,firm_8,141,12.1,207.4,5,0,56,400151.54,169.04,677.6,508.56,56,3.51,0.1,False
744023,firm_8,142,13.31,228.14,4,0,45,399087.73,148.75,598.95,450.2,45,3.56,0.2,False
744023,firm_8,143,12.64,250.95,3,0,33,398368.52,33.64,417.12,383.48,33,3.56,0.1,False
744023,firm_8,144,13.9,238.4,2,0,22,397875.2,-16.52,305.8,322.32,22,3.56,0.1,False
744023,firm_8,145,14.6,250.32,2,0,22,397172.34,-2.22,321.2,323.42,22,3.61,0.1,False
744023,firm_8,146,13.14,250.32,1,0,11,396604.3,-117.72,144.54,262.26,11,3.66,0.1,False
744023,firm_8,147,14.45,275.35,1,0,11,396225.64,-103.31,158.95,262.26,11,3.66,0.1,False
744023,firm_8,148,13.0,261.58,1,0,11,395544.25,-119.81,143.0,262.81,11,3.71,0.2,False
744023,firm_8,149,11.7,261.58,1,0,11,394948.01,-134.66,128.7,263.36,11,3.76,0.1,False
744023,firm_8,150,12.28,287.74,2,0,22,393715.97,-56.56,270.16,326.72,22,3.76,0.2,False
744023,firm_8,151,11.05,287.74,1,0,11,393085.87,-142.36,121.55,263.91,11,3.81,0.1,False
744023,firm_8,152,11.05,287.74,1,0,11,392555.77,-142.36,121.55,263.91,11,3.81,0.2,False
744023,firm_8,153,11.6,258.97,1,0,11,392160.49,-136.31,127.6,263.91,11,3.81,0.2,False
744023,firm_8,154,12.76,271.92,1,0,11,391765.02,-123.55,140.36,263.91,11,3.81,0.2,False
744023,firm_8,155,14.04,299.11,1,0,11,391256.44,-109.47,154.44,263.91,11,3.81,0.3,False
744023,firm_8,156,12.64,299.11,1,0,11,390631.91,-125.42,139.04,264.46,11,3.86,0.2,False
744023,firm_8,157,13.27,314.07,1,0,11,389998.8,-119.04,145.97,265.01,11,3.91,0.1,False
744023,firm_8,158,14.6,329.77,1,0,11,389564.62,-104.41,160.6,265.01,11,3.91,0.1,False
744023,firm_8,159,16.06,362.75,1,0,11,388912.97,-88.9,176.66,265.56,11,3.96,0.1,False
744023,firm_8,160,16.86,344.61,1,0,11,388287.71,-80.65,185.46,266.11,11,4.01,0.1,False
744023,firm_8,161,16.02,361.84,1,0,11,387835.98,-89.89,176.22,266.11,11,4.01,0.1,False
744023,firm_8,162,15.22,379.93,1,0,11,387357.36,-98.69,167.42,266.11,11,4.01,0.1,False
744023,firm_8,163,13.7,379.93,1,0,11,386862.02,-115.41,150.7,266.11,11,4.01,0.1,False
744023,firm_8,164,12.33,417.92,2,0,22,385264.12,-62.06,271.26,333.32,22,4.06,0.1,False
744023,firm_8,165,13.56,459.71,1,0,11,384386.36,-118.05,149.16,267.21,11,4.11,0.2,False
744023,firm_8,166,12.88,500.0,1,0,11,383760.83,-125.53,141.68,267.21,11,4.11,0.1,False
744023,firm_8,167,13.52,500.0,1,0,11,383142.34,-118.49,148.72,267.21,11,4.11,0.1,False
744023,firm_8,168,14.87,500.0,1,0,11,382438.7,-103.64,163.57,267.21,11,4.11,0.2,False
744023,firm_8,169,13.38,500.0,1,0,11,381818.67,-120.03,147.18,267.21,11,4.11,0.2,False
744023,firm_8,170,12.04,500.0,1,0,11,380983.35,-135.32,132.44,267.76,11,4.16,0.2,False
744023,firm_8,171,13.24,500.0,1,0,11,380160.68,-122.67,145.64,268.31,11,4.21,0.1,False
744023,firm_8,172,14.56,500.0,2,0,22,378644.38,-16.3,320.32,336.62,22,4.21,0.1,False
744023,firm_8,173,16.02,500.0,1,0,11,377851.74,-92.64,176.22,268.86,11,4.26,0.1,False
744023,firm_8,174,16.02,500.0,1,0,11,376958.55,-93.19,176.22,269.41,11,4.31,0.2,False
744023,firm_8,175,16.82,500.0,1,0,11,376173.61,-84.94,185.02,269.96,11,4.36,0.2,False
744023,firm_8,176,16.82,500.0,2,0,22,374603.73,30.12,370.04,339.92,22,4.36,0.3,False
744023,firm_8,177,15.14,500.0,2,0,22,373596.89,-6.84,333.08,339.92,22,4.36,0.3,False
744023,firm_8,178,16.65,475.0,1,0,11,372834.53,-87.36,183.15,270.51,11,4.41,0.2,False
744023,firm_8,179,17.48,498.75,2,0,22,371280.57,43.54,384.56,341.02,22,4.41,0.3,False
744023,firm_8,180,18.35,500.0,1,0,11,370511.36,-69.21,201.85,271.06,11,4.46,0.3,False
744023,firm_8,181,18.35,500.0,1,0,11,369641.6,-69.76,201.85,271.61,11,4.51,0.4,False
744023,firm_8,182,16.52,500.0,1,0,11,368751.16,-90.44,181.72,272.16,11,4.56,0.5,False
744023,firm_8,183,18.17,500.0,1,0,11,368178.87,-72.29,199.87,272.16,11,4.56,0.5,False
744023,firm_8,184,16.35,500.0,1,0,11,367486.56,-92.31,179.85,272.16,11,4.56,0.6,False
744023,firm_8,185,17.99,475.0,1,0,11,366837.29,-74.27,197.89,272.16,11,4.56,0.7,False
744023,firm_8,186,18.89,475.0,1,0,11,365997.37,-64.92,207.79,272.71,11,4.61,0.8,False
744023,firm_8,187,20.78,451.25,1,0,11,365401.99,-44.13,228.58,272.71,11,4.61,0.9,False
744023,firm_8,188,18.7,496.38,2,0,22,363975.21,65.98,411.4,345.42,22,4.61,0.9,False
744023,firm_8,189,18.7,500.0,2,0,22,362840.09,64.88,411.4,346.52,22,4.66,0.9,False
744023,firm_8,190,18.7,500.0,1,0,11,362071.98,-68.11,205.7,273.81,11,4.71,0.8,False
744023,firm_8,191,16.83,500.0,1,0,11,361182.75,-89.23,185.13,274.36,11,4.76,0.9,False
744023,firm_8,192,17.67,500.0,1,0,11,360502.76,-79.99,194.37,274.36,11,4.76,1.0,False
744023,firm_8,193,17.67,475.0,2,0,22,358992.78,40.02,388.74,348.72,22,4.76,1.1,False
744023,firm_8,194,15.9,498.75,3,0,33,356896.5,99.97,524.7,424.73,33,4.81,1.0,False
744023,firm_8,195,16.7,500.0,3,0,33,355321.22,124.72,551.1,426.38,33,4.86,0.9,False
744023,firm_8,196,15.03,500.0,2,0,22,353999.86,-21.36,330.66,352.02,22,4.91,1.0,False
744023,firm_8,197,13.53,500.0,2,0,22,352744.4,-55.46,297.66,353.12,22,4.96,1.0,False
744023,firm_8,198,12.18,475.0,2,0,22,351709.24,-85.16,267.96,353.12,22,4.96,0.9,False
744023,firm_8,199,10.96,500.0,1,0,11,350953.24,-156.0,120.56,276.56,11,4.96,1.0,False
744023,firm_8,200,12.06,450.0,1,0,11,350359.34,-143.9,132.66,276.56,11,4.96,1.0,False
744023,firm_8,201,12.66,472.5,1,0,11,349448.99,-137.85,139.26,277.11,11,5.01,1.1,False
744023,firm_8,202,13.93,472.5,1,0,11,348552.06,-124.43,153.23,277.66,11,5.06,1.2,False
744023,firm_8,203,14.63,472.5,1,0,11,347962.83,-116.73,160.93,277.66,11,5.06,1.1,False
744023,firm_8,204,13.17,500.0,1,0,11,347330.04,-132.79,144.87,277.66,11,5.06,1.1,False
744023,firm_8,205,12.51,500.0,1,0,11,346389.44,-140.6,137.61,278.21,11,5.11,1.2,False
744023,firm_8,206,11.26,500.0,1,0,11,345434.54,-154.9,123.86,278.76,11,5.16,1.3,False
744023,firm_8,207,10.13,500.0,1,0,11,344767.21,-167.33,111.43,278.76,11,5.16,1.2,False
744023,firm_8,208,10.0,500.0,1,0,11,343998.45,-168.76,110.0,278.76,11,5.16,1.3,False
744023,firm_8,209,10.5,500.0,1,0,11,343034.64,-163.81,115.5,279.31,11,5.21,1.4,False
744023,firm_8,210,10.0,500.0,1,0,11,342365.33,-169.31,110.0,279.31,11,5.21,1.4,False
744023,firm_8,211,11.0,450.0,1,0,11,341757.02,-158.31,121.0,279.31,11,5.21,1.4,False
744023,firm_8,212,12.1,427.5,2,0,22,340309.6,-92.42,266.2,358.62,22,5.21,1.4,False
744023,firm_8,213,12.1,448.88,1,0,11,339513.96,-146.76,133.1,279.86,11,5.26,1.3,False
744023,firm_8,214,13.31,426.44,1,0,11,338954.07,-133.45,146.41,279.86,11,5.26,1.2,False
744023,firm_8,215,12.64,469.08,2,0,22,337233.17,-82.74,278.08,360.82,22,5.31,1.2,False
744023,firm_8,216,13.27,500.0,1,0,11,336598.73,-134.44,145.97,280.41,11,5.31,1.2,False
744023,firm_8,217,11.94,500.0,1,0,11,335749.11,-149.62,131.34,280.96,11,5.36,1.2,False
744023,firm_8,218,11.34,475.0,1,0,11,334917.34,-156.77,124.74,281.51,11,5.41,1.1,False
744023,firm_8,219,10.77,451.25,2,0,22,333087.66,-127.18,236.94,364.12,22,5.46,1.2,False
744023,firm_8,220,10.23,496.38,3,0,33,330889.93,-108.59,337.59,446.18,33,5.46,1.3,False
744023,firm_8,221,10.0,446.74,2,0,22,329651.23,-145.22,220.0,365.22,22,5.51,1.3,False
744023,firm_8,222,10.0,402.07,2,0,22,328400.77,-146.32,220.0,366.32,22,5.56,1.4,False
744023,firm_8,223,11.0,381.97,1,0,11,327556.09,-162.71,121.0,283.71,11,5.61,1.5,False
744023,firm_8,224,10.0,401.07,2,0,22,325905.43,-148.52,220.0,368.52,22,5.66,1.5,False
744023,firm_8,225,10.5,401.07,1,0,11,325235.6,-168.76,115.5,284.26,11,5.66,1.6,False
744023,firm_8,226,11.55,441.18,1,0,11,324637.21,-157.21,127.05,284.26,11,5.66,1.5,False
744023,firm_8,227,10.97,419.12,1,0,11,323853.95,-164.14,120.67,284.81,11,5.71,1.5,False
744023,firm_8,228,10.42,419.12,2,0,22,322174.23,-141.48,229.24,370.72,22,5.76,1.4,False
744023,firm_8,229,10.42,440.08,1,0,11,321362.86,-171.29,114.62,285.91,11,5.81,1.3,False
744023,firm_8,230,11.46,396.07,1,0,11,320806.94,-159.85,126.06,285.91,11,5.81,1.3,False
744023,firm_8,231,11.46,435.68,1,0,11,320111.41,-159.85,126.06,285.91,11,5.81,1.4,False
744023,firm_8,232,10.31,435.68,1,0,11,319202.68,-173.05,113.41,286.46,11,5.86,1.5,False
744023,firm_8,233,11.34,479.25,1,0,11,318461.71,-161.72,124.74,286.46,11,5.86,1.6,False
744023,firm_8,234,10.21,500.0,2,0,22,316612.31,-149.4,224.62,374.02,22,5.91,1.5,False
744023,firm_8,235,10.0,500.0,1,0,11,315634.75,-177.56,110.0,287.56,11,5.96,1.6,False
744023,firm_8,236,10.0,500.0,1,0,11,314756.75,-178.0,110.0,288.0,11,6.0,1.5,False
744023,firm_8,237,10.5,500.0,1,0,11,314084.25,-172.5,115.5,288.0,11,6.0,1.5,False
744023,firm_8,238,10.0,500.0,1,0,11,313406.25,-178.0,110.0,288.0,11,6.0,1.5,False
744023,firm_8,239,10.0,500.0,1,0,11,312628.25,-178.0,110.0,288.0,11,6.0,1.6,False
744023,firm_8,240,10.0,500.0,1,0,11,311950.25,-178.0,110.0,288.0,11,6.0,1.5,False
744023,firm_8,241,11.0,500.0,1,0,11,311183.25,-167.0,121.0,288.0,11,6.0,1.6,False
744023,firm_8,242,11.55,500.0,2,0,22,309361.35,-121.9,254.1,376.0,22,6.0,1.5,False
744023,firm_8,243,10.4,500.0,1,0,11,308487.75,-173.6,114.4,288.0,11,6.0,1.5,False
744023,firm_8,244,10.4,500.0,1,0,11,307614.15,-173.6,114.4,288.0,11,6.0,1.5,False
744023,firm_8,245,10.0,500.0,2,0,22,305758.15,-156.0,220.0,376.0,22,6.0,1.4,False
744023,firm_8,246,10.0,450.0,1,0,11,304930.15,-178.0,110.0,288.0,11,6.0,1.3,False
744023,firm_8,247,10.0,405.0,2,0,22,303164.15,-156.0,220.0,376.0,22,6.0,1.4,False
744023,firm_8,248,10.0,425.25,3,0,33,301254.4,-134.0,330.0,464.0,33,6.0,1.4,False
744023,firm_8,249,10.0,382.72,4,0,44,298911.52,-112.0,440.0,552.0,44,6.0,1.4,False
744023,firm_8,250,10.5,420.99,5,0,55,296244.07,-62.5,577.5,640.0,55,6.0,1.3,False
744023,firm_8,251,11.55,399.94,6,0,66,293178.73,34.3,762.3,728.0,66,6.0,1.3,False
744023,firm_8,252,12.71,379.94,5,0,55,291238.08,59.05,699.05,640.0,55,6.0,1.4,False
744023,firm_8,253,13.98,398.94,6,0,66,288339.12,194.68,922.68,728.0,66,6.0,1.3,False
744023,firm_8,254,13.28,438.83,5,0,57,286245.93,100.96,756.96,656.0,57,6.0,1.2,False
744023,firm_8,255,13.94,394.95,4,0,44,284727.49,61.36,613.36,552.0,44,6.0,1.2,False
744023,firm_8,256,15.33,414.7,3,0,33,283225.28,41.89,505.89,464.0,33,6.0,1.3,False
744023,firm_8,257,13.8,393.96,2,0,22,282364.96,-72.4,303.6,376.0,22,6.0,1.3,False
744023,firm_8,258,13.11,374.26,3,0,33,280710.81,-31.37,432.63,464.0,33,6.0,1.3,False
744023,firm_8,259,14.42,411.69,4,0,44,278446.53,82.48,634.48,552.0,44,6.0,1.2,False
744023,firm_8,260,12.98,411.69,3,0,33,276975.8,-35.66,428.34,464.0,33,6.0,1.1,False
744023,firm_8,261,12.98,452.86,2,0,22,275679.64,-90.44,285.56,376.0,22,6.0,1.2,False
744023,firm_8,262,14.28,452.86,1,0,11,274995.86,-130.92,157.08,288.0,11,6.0,1.3,False
744023,firm_8,263,14.99,498.15,1,0,11,274274.6,-123.11,164.89,288.0,11,6.0,1.4,False
744023,firm_8,264,13.49,498.15,1,0,11,273436.84,-139.61,148.39,288.0,11,6.0,1.4,False
744023,firm_8,265,14.16,500.0,1,0,11,272704.6,-132.24,155.76,288.0,11,6.0,1.5,False
744023,firm_8,266,13.45,500.0,1,0,11,271864.55,-140.05,147.95,288.0,11,6.0,1.5,False
744023,firm_8,267,13.45,450.0,1,0,11,271174.5,-140.05,147.95,288.0,11,6.0,1.6,False
744023,firm_8,268,14.8,495.0,2,0,22,269434.1,-50.4,325.6,376.0,22,6.0,1.6,False
744023,firm_8,269,13.32,500.0,2,0,22,268151.14,-82.96,293.04,376.0,22,6.0,1.5,False
744023,firm_8,270,13.32,475.0,1,0,11,267334.66,-141.48,146.52,288.0,11,6.0,1.4,False
744023,firm_8,271,12.65,451.25,1,0,11,266734.56,-148.85,139.15,288.0,11,6.0,1.4,False
744023,firm_8,272,11.38,496.38,1,0,11,265875.36,-162.82,125.18,288.0,11,6.0,1.4,False
744023,firm_8,273,11.95,471.56,1,0,11,265047.25,-156.55,131.45,288.0,11,6.0,1.4,False
744023,firm_8,274,10.76,500.0,1,0,11,264177.61,-169.64,118.36,288.0,11,6.0,1.4,False
744023,firm_8,275,10.76,500.0,1,0,11,263507.97,-169.64,118.36,288.0,11,6.0,1.4,False
744023,firm_8,276,11.3,500.0,1,0,11,262844.27,-163.7,124.3,288.0,11,6.0,1.4,False
744023,firm_8,277,10.74,500.0,1,0,11,262174.41,-169.86,118.14,288.0,11,6.0,1.3,False
744023,firm_8,278,11.81,475.0,1,0,11,261341.32,-158.09,129.91,288.0,11,6.0,1.3,False
744023,firm_8,279,11.22,500.0,1,0,11,260576.74,-164.58,123.42,288.0,11,6.0,1.4,False
744023,firm_8,280,10.66,500.0,2,0,22,258735.26,-141.48,234.52,376.0,22,6.0,1.4,False
744023,firm_8,281,10.0,500.0,1,0,11,257957.26,-178.0,110.0,288.0,11,6.0,1.5,False
744023,firm_8,282,10.0,475.0,2,0,22,256051.26,-156.0,220.0,376.0,22,6.0,1.6,False
744023,firm_8,283,11.0,498.75,1,0,11,255385.51,-167.0,121.0,288.0,11,6.0,1.6,False
744023,firm_8,284,11.55,500.0,1,0,11,254624.56,-160.95,127.05,288.0,11,6.0,1.7,False
744023,firm_8,285,12.71,450.0,1,0,11,253726.37,-148.19,139.81,288.0,11,6.0,1.8,False
744023,firm_8,286,12.71,405.0,1,0,11,252973.18,-148.19,139.81,288.0,11,6.0,1.7,False
744023,firm_8,287,13.35,425.25,1,0,11,252206.78,-141.15,146.85,288.0,11,6.0,1.6,False
744023,firm_8,288,14.02,382.72,1,0,11,251490.28,-133.78,154.22,288.0,11,6.0,1.5,False
744023,firm_8,289,12.62,363.58,1,0,11,250777.52,-149.18,138.82,288.0,11,6.0,1.5,False
744023,firm_8,290,11.99,363.58,1,0,11,250057.83,-156.11,131.89,288.0,11,6.0,1.4,False
744023,firm_8,291,10.79,399.94,2,0,22,248319.33,-138.62,237.38,376.0,22,6.0,1.5,False
744023,firm_8,292,11.33,399.94,1,0,11,247556.02,-163.37,124.63,288.0,11,6.0,1.4,False
744023,firm_8,293,11.33,399.94,2,0,22,246129.4,-126.74,249.26,376.0,22,6.0,1.3,False
744023,firm_8,294,10.2,359.95,2,0,22,245057.9,-151.6,224.4,376.0,22,6.0,1.2,False
744023,firm_8,295,10.0,395.94,1,0,11,244283.96,-178.0,110.0,288.0,11,6.0,1.1,False
744023,firm_8,296,11.0,395.94,1,0,11,243521.02,-167.0,121.0,288.0,11,6.0,1.0,False
744023,firm_8,297,10.0,356.35,1,0,11,242686.67,-178.0,110.0,288.0,11,6.0,1.1,False
744023,firm_8,298,10.0,356.35,1,0,11,241952.32,-178.0,110.0,288.0,11,6.0,1.0,False
744023,firm_8,299,10.0,320.72,1,0,11,241453.6,-178.0,110.0,288.0,11,6.0,1.0,False
744023,firm_8,300,10.5,320.72,1,0,11,240760.38,-172.5,115.5,288.0,11,6.0,0.9,False
744023,firm_8,301,11.55,320.72,1,0,11,240278.71,-160.95,127.05,288.0,11,6.0,0.9,False
744023,firm_8,302,10.97,352.79,1,0,11,239558.59,-167.33,120.67,288.0,11,6.0,0.8,False
744023,firm_8,303,12.07,388.07,1,0,11,238815.29,-155.23,132.77,288.0,11,6.0,0.8,False
744023,firm_8,304,13.28,349.26,1,0,11,238324.11,-141.92,146.08,288.0,11,6.0,0.8,False
744023,firm_8,305,13.28,314.33,1,0,11,237867.86,-141.92,146.08,288.0,11,6.0,0.7,False
744023,firm_8,306,11.95,314.33,1,0,11,237196.98,-156.55,131.45,288.0,11,6.0,0.6,False
744023,firm_8,307,11.95,298.61,1,0,11,236441.82,-156.55,131.45,288.0,11,6.0,0.7,False
744023,firm_8,308,12.55,283.68,1,0,11,235808.19,-149.95,138.05,288.0,11,6.0,0.7,False
744023,firm_8,309,12.55,269.5,2,0,22,234669.29,-99.9,276.1,376.0,22,6.0,0.6,False
744023,firm_8,310,13.18,296.45,2,0,22,233790.35,-86.04,289.96,376.0,22,6.0,0.5,False
744023,firm_8,311,14.5,326.1,1,0,11,233335.75,-128.5,159.5,288.0,11,6.0,0.5,False
744023,firm_8,312,14.5,358.71,1,0,11,232648.54,-128.5,159.5,288.0,11,6.0,0.4,False
744023,firm_8,313,13.77,394.58,1,0,11,231917.43,-136.53,151.47,288.0,11,6.0,0.4,False
744023,firm_8,314,15.15,414.31,1,0,11,231381.77,-121.35,166.65,288.0,11,6.0,0.3,False
744023,firm_8,315,13.64,372.88,1,0,11,230670.93,-137.96,150.04,288.0,11,6.0,0.2,False
744023,firm_8,316,12.28,335.59,1,0,11,229982.42,-152.92,135.08,288.0,11,6.0,0.1,False
744023,firm_8,317,12.28,369.15,1,0,11,229260.35,-152.92,135.08,288.0,11,6.0,0.1,False
744023,firm_8,318,11.67,387.61,1,0,11,228613.11,-159.63,128.37,288.0,11,6.0,0.2,False
744023,firm_8,319,12.84,426.37,1,0,11,228039.98,-146.76,141.24,288.0,11,6.0,0.2,False
744023,firm_8,320,11.56,426.37,1,0,11,227152.77,-160.84,127.16,288.0,11,6.0,0.3,False
744023,firm_8,321,10.4,469.01,1,0,11,226310.16,-173.6,114.4,288.0,11,6.0,0.3,False
744023,firm_8,322,10.92,445.56,2,0,22,224783.28,-135.76,240.24,376.0,22,6.0,0.2,False
744023,firm_8,323,10.0,423.28,1,0,11,223882.0,-178.0,110.0,288.0,11,6.0,0.3,False
744023,firm_8,324,11.0,380.95,1,0,11,223334.05,-167.0,121.0,288.0,11,6.0,0.2,False
744023,firm_8,325,10.0,419.04,1,0,11,222737.01,-178.0,110.0,288.0,11,6.0,0.2,False
744023,firm_8,326,10.0,460.94,2,0,22,220959.13,-156.0,220.0,376.0,22,6.0,0.2,False
744023,firm_8,327,10.0,500.0,3,0,34,218827.13,-132.0,340.0,472.0,34,6.0,0.2,False
744023,firm_8,328,10.0,500.0,3,0,34,216895.13,-132.0,340.0,472.0,34,6.0,0.3,False
744023,firm_8,329,11.0,500.0,2,0,22,215461.13,-134.0,242.0,376.0,22,6.0,0.4,False
744023,firm_8,330,10.45,500.0,3,0,34,213344.43,-116.7,355.3,472.0,34,6.0,0.4,False
744023,firm_8,331,10.0,500.0,2,0,22,211988.43,-156.0,220.0,376.0,22,6.0,0.4,False
744023,firm_8,332,10.0,500.0,1,0,11,211110.43,-178.0,110.0,288.0,11,6.0,0.4,False
744023,firm_8,333,10.5,500.0,1,0,11,210237.93,-172.5,115.5,288.0,11,6.0,0.3,False
744023,firm_8,334,10.0,500.0,1,0,11,209259.93,-178.0,110.0,288.0,11,6.0,0.4,False
744023,firm_8,335,10.5,500.0,1,0,11,208587.43,-172.5,115.5,288.0,11,6.0,0.3,False
744023,firm_8,336,10.5,500.0,2,0,22,206642.43,-145.0,231.0,376.0,22,6.0,0.4,False
744023,firm_8,337,11.55,475.0,1,0,11,206006.48,-160.95,127.05,288.0,11,6.0,0.3,False
744023,firm_8,338,10.4,498.75,1,0,11,205334.13,-173.6,114.4,288.0,11,6.0,0.3,False
744023,firm_8,339,10.0,500.0,1,0,11,204456.13,-178.0,110.0,288.0,11,6.0,0.3,False
744023,firm_8,340,10.0,475.0,1,0,11,203603.13,-178.0,110.0,288.0,11,6.0,0.2,False
744023,firm_8,341,10.0,475.0,1,0,11,202850.13,-178.0,110.0,288.0,11,6.0,0.3,False
744023,firm_8,342,10.5,498.75,1,0,11,201878.88,-172.5,115.5,288.0,11,6.0,0.4,False
744023,firm_8,343,10.0,500.0,1,0,11,201000.88,-178.0,110.0,288.0,11,6.0,0.3,False
744023,firm_8,344,10.0,500.0,1,0,11,200122.88,-178.0,110.0,288.0,11,6.0,0.3,False
744023,firm_8,345,11.0,500.0,2,0,22,198288.88,-134.0,242.0,376.0,22,6.0,0.3,False
744023,firm_8,346,12.1,450.0,1,0,11,197583.98,-154.9,133.1,288.0,11,6.0,0.4,False
744023,firm_8,347,10.89,427.5,1,0,11,196688.27,-168.21,119.79,288.0,11,6.0,0.5,False
744023,firm_8,348,10.89,470.25,1,0,11,196049.81,-168.21,119.79,288.0,11,6.0,0.5,False
744023,firm_8,349,11.43,500.0,1,0,11,195087.54,-162.27,125.73,288.0,11,6.0,0.6,False
744023,firm_8,350,10.29,500.0,1,0,11,194412.73,-174.81,113.19,288.0,11,6.0,0.6,False
744023,firm_8,351,10.8,500.0,1,0,11,193443.53,-169.2,118.8,288.0,11,6.0,0.7,False
744023,firm_8,352,10.26,500.0,1,0,11,192568.39,-175.14,112.86,288.0,11,6.0,0.6,False
744023,firm_8,353,10.0,500.0,1,0,11,191890.39,-178.0,110.0,288.0,11,6.0,0.5,False
744023,firm_8,354,10.5,500.0,2,0,22,190045.39,-145.0,231.0,376.0,22,6.0,0.4,False
744023,firm_8,355,11.55,500.0,1,0,11,189384.44,-160.95,127.05,288.0,11,6.0,0.3,False
744023,firm_8,356,10.4,500.0,1,0,11,188410.84,-173.6,114.4,288.0,11,6.0,0.4,False
744023,firm_8,357,10.4,475.0,1,0,11,187662.24,-173.6,114.4,288.0,11,6.0,0.5,False
744023,firm_8,358,10.0,500.0,1,0,11,186984.24,-178.0,110.0,288.0,11,6.0,0.5,False
744023,firm_8,359,11.0,450.0,1,0,11,186067.24,-167.0,121.0,288.0,11,6.0,0.6,False
744023,firm_8,360,10.0,495.0,2,0,22,184421.24,-156.0,220.0,376.0,22,6.0,0.6,False
744023,firm_8,361,10.0,500.0,3,0,34,182289.24,-132.0,340.0,472.0,34,6.0,0.5,False
744023,firm_8,362,10.0,500.0,2,0,22,180933.24,-156.0,220.0,376.0,22,6.0,0.4,False
744023,firm_8,363,10.0,500.0,1,0,11,180255.24,-178.0,110.0,288.0,11,6.0,0.4,False
744023,firm_8,364,10.0,500.0,1,0,11,179277.24,-178.0,110.0,288.0,11,6.0,0.5,False
744023,firm_8,365,10.0,475.0,1,0,11,178424.24,-178.0,110.0,288.0,11,6.0,0.5,False
744023,firm_9,1,59.53,34.34,26,0,299,121267.2,16878.88,17799.47,920.59,299,0.41,0.28,False
744023,firm_9,2,65.48,37.77,26,0,299,138943.11,18657.93,19578.52,920.59,299,0.41,0.18,False
744023,firm_9,3,72.03,39.66,27,0,312,158678.13,21505.84,22473.36,967.52,312,0.46,0.18,False
744023,firm_9,4,75.63,35.69,27,0,311,180270.37,22555.87,23520.93,965.06,311,0.46,0.18,False
744023,firm_9,5,79.41,37.47,28,0,324,203453.01,24731.8,25728.84,997.04,324,0.46,0.18,False
744023,firm_9,6,79.41,39.34,29,0,336,227467.35,25655.2,26681.76,1026.56,336,0.46,0.18,False
744023,firm_9,7,87.35,41.31,30,0,348,255069.77,29341.72,30397.8,1056.08,348,0.46,0.18,False
744023,firm_9,8,96.08,43.38,31,0,360,286728.19,33503.2,34588.8,1085.6,360,0.46,0.18,False
744023,firm_9,9,105.69,39.04,31,0,359,322377.52,36859.57,37942.71,1083.14,359,0.46,0.1,False
744023,firm_9,10,116.26,40.99,32,0,369,362258.04,41792.2,42899.94,1107.74,369,0.46,0.2,False
744023,firm_9,11,127.89,36.89,33,0,381,408129.5,47588.83,48726.09,1137.26,381,0.46,0.2,False
744023,firm_9,12,140.68,38.73,34,0,392,460294.92,53982.24,55146.56,1164.32,392,0.46,0.2,False
744023,firm_9,13,154.75,42.6,35,0,405,519781.37,61477.45,62673.75,1196.3,405,0.46,0.2,False
744023,firm_9,14,170.23,46.86,36,0,417,587354.5,69760.09,70985.91,1225.82,417,0.46,0.2,False
744023,firm_9,15,187.25,49.2,37,0,428,663824.22,78890.12,80143.0,1252.88,428,0.46,0.3,False
744023,firm_9,16,205.98,54.12,38,0,441,750719.98,89552.32,90837.18,1284.86,441,0.46,0.4,False
744023,firm_9,17,226.58,59.53,39,0,452,848900.55,101102.24,102414.16,1311.92,452,0.46,0.5,False
744023,firm_9,18,249.24,65.48,40,0,465,960234.05,114552.7,115896.6,1343.9,465,0.46,0.6,False
744023,firm_9,19,249.24,72.03,41,0,476,1073948.1,117267.28,118638.24,1370.96,476,0.46,0.7,False
744023,firm_9,20,249.24,79.23,42,0,488,1190249.08,120228.64,121629.12,1400.48,488,0.46,0.8,False
744023,firm_9,21,249.24,87.15,43,0,499,1308844.85,122943.22,124370.76,1427.54,499,0.46,0.9,False
744023,firm_9,22,249.24,95.86,44,0,513,1430425.15,126398.14,127860.12,1461.98,513,0.46,1.0,False
744023,firm_9,23,249.24,105.45,45,0,524,1554192.62,129112.72,130601.76,1489.04,524,0.46,1.1,False
744023,firm_9,24,249.24,116.0,46,0,536,1680330.7,132074.08,133592.64,1518.56,536,0.46,1.2,False
744023,firm_9,25,249.24,127.6,47,0,548,1808768.94,135035.44,136583.52,1548.08,548,0.46,1.3,False
744023,firm_9,26,249.24,140.36,48,268,559,1871045.36,69613.7,72528.84,2915.14,291,0.46,1.4,False
744023,firm_9,27,224.32,154.4,49,149,571,2015310.9,152431.14,154780.8,2349.66,690,0.46,1.5,False
744023,firm_9,28,201.89,169.84,50,0,583,2152368.2,146149.3,147783.48,1634.18,732,0.46,1.6,False
744023,firm_9,29,222.08,186.82,51,594,594,2137609.14,-4631.24,0.0,4631.24,0,0.46,1.7,False
744023,firm_9,30,199.87,205.5,51,1188,594,2119427.4,-7601.24,0.0,7601.24,0,0.46,1.8,False
744023,firm_9,31,179.88,226.05,51,723,594,2293015.53,185216.68,190492.92,5276.24,1059,0.46,1.9,False
744023,firm_9,32,161.89,248.66,51,0,594,2491781.76,211547.89,213209.13,1661.24,1317,0.46,2.0,False
744023,firm_9,33,178.08,273.53,52,606,606,2472237.44,-4720.76,0.0,4720.76,0,0.46,2.1,False
744023,firm_9,34,160.27,300.88,53,406,618,2583041.38,127350.58,131100.86,3750.28,818,0.46,2.2,False
744023,firm_9,35,144.24,330.97,53,0,618,2711381.45,145981.48,147701.76,1720.28,1024,0.46,2.3,False
744023,firm_9,36,158.66,364.07,54,0,629,2789171.47,98049.8,99797.14,1747.34,629,0.46,2.4,False
744023,firm_9,37,174.53,400.48,55,0,641,2876641.94,110096.87,111873.73,1776.86,641,0.46,2.5,False
744023,firm_9,38,191.98,440.53,56,0,652,2974739.3,123367.04,125170.96,1803.92,652,0.46,2.6,False
744023,firm_9,39,211.18,484.58,57,0,664,3084908.32,138390.08,140223.52,1833.44,664,0.46,2.7,False
744023,firm_9,40,232.3,500.0,58,0,676,3210480.16,155171.84,157034.8,1862.96,676,0.46,2.8,False
744023,firm_9,41,255.53,500.0,59,0,687,3354039.25,173659.09,175549.11,1890.02,687,0.46,2.9,False
744023,firm_9,42,281.08,500.0,60,39,699,3506837.51,183398.26,185512.8,2114.54,660,0.46,3.0,False
744023,firm_9,43,309.19,500.0,61,655,711,3499886.5,24148.99,29373.05,5224.06,95,0.46,3.1,False
744023,firm_9,44,278.27,500.0,62,540,722,3696522.37,228235.87,232911.99,4676.12,837,0.46,3.2,False
744023,firm_9,45,250.44,500.0,63,0,734,3981477.29,317054.92,319060.56,2005.64,1274,0.46,3.3,False
744023,firm_9,46,275.48,500.0,64,746,746,3943112.13,-5765.16,0.0,5765.16,0,0.46,3.4,False
744023,firm_9,47,247.93,500.0,65,445,757,4168034.85,258022.72,262309.94,4287.22,1058,0.46,3.5,False
744023,firm_9,48,223.14,500.0,65,0,757,4401586.91,266152.06,268214.28,2062.22,1202,0.46,3.6,False
744023,firm_9,49,245.45,500.0,66,553,769,4416147.37,48160.46,53017.2,4856.74,216,0.46,3.7,False
744023,firm_9,50,220.9,500.0,67,357,780,4593741.97,211694.6,215598.4,3903.8,976,0.46,3.8,False
744023,firm_9,51,198.81,500.0,68,0,792,4785426.34,226284.37,228432.69,2148.32,1149,0.46,3.9,False
744023,firm_9,52,218.69,500.0,69,313,804,4853960.29,103633.95,107376.79,3742.84,491,0.46,4.0,False
744023,firm_9,53,196.82,500.0,70,0,815,5038168.35,219808.06,222012.96,2204.9,1128,0.46,4.1,False
744023,firm_9,54,216.5,500.0,71,0,827,5178879.43,176811.08,179045.5,2234.42,827,0.46,4.2,False
744023,firm_9,55,238.15,500.0,72,57,838,5325728.1,183448.67,185995.15,2546.48,781,0.46,4.3,False
744023,firm_9,56,261.97,500.0,73,533,850,5381648.88,93020.78,97976.78,4956.0,374,0.46,4.4,False
744023,firm_9,57,235.77,500.0,74,779,861,5482834.37,138785.49,144998.55,6213.06,615,0.46,4.5,False
744023,firm_9,58,212.19,500.0,74,0,861,5791407.91,345673.54,347991.6,2318.06,1640,0.46,4.6,False
744023,firm_9,59,233.41,500.0,75,841,873,5754224.45,916.54,7469.12,6552.58,32,0.46,4.7,False
744023,firm_9,60,210.07,500.0,75,1529,873,5745494.82,28870.37,38862.95,9992.58,185,0.46,4.8,False
744023,firm_9,61,189.06,500.0,75,0,873,6159669.36,451774.54,454122.12,2347.58,2402,0.46,4.9,False
744023,firm_9,62,207.97,500.0,76,741,885,6144934.94,23865.58,29947.68,6082.1,144,0.46,5.0,False
744023,firm_9,63,187.17,500.0,77,0,896,6409828.07,303993.13,306397.29,2404.16,1637,0.46,5.1,False
744023,firm_9,64,205.89,500.0,78,0,908,6554742.51,184514.44,186948.12,2433.68,908,0.46,5.2,False
744023,firm_9,65,226.48,500.0,79,902,919,6511521.93,-3120.58,3850.16,6970.74,17,0.46,5.3,False
744023,firm_9,66,203.83,500.0,79,0,919,6840635.62,368713.69,371174.43,2460.74,1821,0.46,5.4,False
744023,firm_9,67,224.21,500.0,80,909,931,6797932.98,-2102.64,4932.62,7035.26,22,0.46,5.5,False
744023,firm_9,68,201.79,500.0,80,583,931,7006077.75,248244.77,253650.03,5405.26,1257,0.46,5.6,False
744023,firm_9,69,181.61,500.0,80,0,931,7238445.03,272467.28,274957.54,2490.26,1514,0.46,5.7,False
744023,firm_9,70,199.77,500.0,81,380,942,7305198.45,107853.42,112270.74,4417.32,562,0.46,5.8,False
744023,firm_9,71,179.79,500.0,82,0,954,7500891.47,237293.02,239839.86,2546.84,1334,0.46,5.9,False
744023,firm_9,72,197.77,500.0,83,274,966,7591701.95,132910.48,136856.84,3946.36,692,0.46,6.0,False
744023,firm_9,73,177.99,500.0,84,0,977,7769164.02,220062.07,222665.49,2603.42,1251,0.46,6.0,False
744023,firm_9,74,195.79,500.0,85,0,989,7917067.39,191003.37,193636.31,2632.94,989,0.46,6.0,False
744023,firm_9,75,215.37,500.0,86,893,1000,7889386.98,15919.59,23044.59,7125.0,107,0.46,6.0,False
744023,firm_9,76,193.83,500.0,86,663,1000,8078722.88,232435.9,238410.9,5975.0,1230,0.46,6.0,False
744023,firm_9,77,174.45,500.0,86,60,1000,8312306.23,276683.35,279643.35,2960.0,1603,0.46,6.0,False
744023,firm_9,78,191.9,500.0,87,596,1012,8353881.11,85674.88,91344.4,5669.52,476,0.46,6.0,False
744023,firm_9,79,172.71,500.0,88,355,1024,8523265.22,213984.11,218478.15,4494.04,1265,0.46,6.0,False
744023,firm_9,80,155.44,500.0,89,0,1035,8691480.72,213315.5,216061.6,2746.1,1390,0.46,6.0,False
744023,firm_9,81,170.98,500.0,90,86,1047,8806986.88,161106.16,164311.78,3205.62,961,0.46,6.0,False
744023,firm_9,82,188.08,500.0,91,1059,1058,8768776.0,7889.12,15986.8,8097.68,85,0.46,6.0,False
744023,firm_9,83,169.27,500.0,91,618,1058,8971019.05,247843.05,253735.73,5892.68,1499,0.46,6.0,False
744023,firm_9,84,152.34,500.0,91,0,1058,9177938.21,252519.16,255321.84,2802.68,1676,0.46,6.0,False
744023,firm_9,85,167.57,500.0,92,251,1070,9264490.84,133152.63,137239.83,4087.2,819,0.46,6.0,False
744023,firm_9,86,150.81,500.0,93,0,1081,9415410.5,198019.66,200878.92,2859.26,1332,0.46,6.0,False
744023,firm_9,87,165.89,500.0,94,388,1093,9479934.17,112123.67,116952.45,4828.78,705,0.46,6.0,False
744023,firm_9,88,149.3,500.0,95,0,1105,9651820.77,219986.6,222904.9,2918.3,1493,0.46,6.0,False
744023,firm_9,89,164.23,500.0,96,520,1116,9695556.49,92335.72,97881.08,5545.36,596,0.46,6.0,False
744023,firm_9,90,147.81,500.0,97,0,1128,9887072.49,240616.0,243590.88,2974.88,1648,0.46,6.0,False
744023,firm_9,91,162.59,500.0,98,767,1139,9891119.03,53646.54,60483.48,6836.94,372,0.46,6.0,False
744023,firm_9,92,146.33,500.0,98,0,1139,10117922.07,275903.04,278904.98,3001.94,1906,0.46,6.0,False
744023,firm_9,93,160.96,500.0,99,757,1151,10124423.85,56601.78,63418.24,6816.46,394,0.46,6.0,False
744023,firm_9,94,144.86,500.0,99,0,1151,10348185.27,273361.42,276392.88,3031.46,1908,0.46,6.0,False
744023,firm_9,95,159.35,500.0,100,826,1162,10343938.35,46353.08,53541.6,7188.52,336,0.46,6.0,False
744023,firm_9,96,143.42,500.0,100,0,1162,10575898.79,282060.44,285118.96,3058.52,1988,0.46,6.0,False
744023,firm_9,97,157.76,500.0,101,850,1174,10568574.99,43776.2,51114.24,7338.04,324,0.46,6.0,False
744023,firm_9,98,141.98,500.0,101,0,1174,10802254.47,284279.48,287367.52,3088.04,2024,0.46,6.0,False
744023,firm_9,99,156.18,500.0,102,844,1185,10796576.75,45922.28,53257.38,7335.1,341,0.46,6.0,False
744023,firm_9,100,140.56,500.0,102,355,1185,10975884.09,230407.34,235297.44,4890.1,1674,0.46,6.0,False
744023,firm_9,101,126.5,500.0,102,0,1185,11116478.99,191694.9,194810.0,3115.1,1540,0.46,6.0,False
744023,firm_9,102,139.15,500.0,103,23,1197,11224481.47,160102.48,163362.1,3259.62,1174,0.46,6.0,False
744023,firm_9,103,153.07,500.0,104,992,1208,11200333.52,28452.05,36583.73,8131.68,239,0.46,6.0,False
744023,firm_9,104,137.76,500.0,104,530,1208,11372471.04,224237.52,230059.2,5821.68,1670,0.46,6.0,False
744023,firm_9,105,123.98,500.0,104,0,1208,11532676.6,212305.56,215477.24,3171.68,1738,0.46,6.0,False
744023,firm_9,106,136.38,500.0,105,0,1220,11642759.0,163182.4,166383.6,3201.2,1220,0.46,6.0,False
744023,firm_9,107,150.02,500.0,106,856,1231,11637908.24,48749.24,56257.5,7508.26,375,0.46,6.0,False
744023,firm_9,108,135.02,500.0,106,623,1231,11776134.26,191326.02,197669.28,6343.26,1464,0.46,6.0,False
744023,firm_9,109,121.52,500.0,106,0,1231,11945104.08,222069.82,225298.08,3228.26,1854,0.46,6.0,False
744023,firm_9,110,133.67,500.0,107,0,1243,12053898.11,162894.03,166151.81,3257.78,1243,0.46,6.0,False
744023,firm_9,111,147.04,500.0,108,1003,1248,12027037.83,27739.72,36024.8,8285.08,245,0.46,6.0,False
744023,firm_9,112,132.34,500.0,108,1274,1248,12092593.93,119656.1,129296.18,9640.08,977,0.46,6.0,False
744023,firm_9,113,119.11,500.0,108,0,1248,12335619.27,297125.34,300395.42,3270.08,2522,0.46,6.0,False
744023,firm_9,114,131.02,500.0,109,315,1259,12399330.01,118810.74,123682.88,4872.14,944,0.46,6.0,False
744023,firm_9,115,117.92,500.0,110,0,1278,12528232.69,184502.68,187846.56,3343.88,1593,0.46,6.0,False
744023,firm_9,116,129.71,500.0,111,317,1289,12593254.87,121122.18,126078.12,4955.94,972,0.46,6.0,False
744023,firm_9,117,116.74,500.0,112,0,1301,12722139.73,185484.86,188885.32,3400.46,1618,0.46,6.0,False
744023,firm_9,118,128.41,500.0,113,314,1312,12788195.39,123155.66,128153.18,4997.52,998,0.46,6.0,False
744023,firm_9,119,115.57,500.0,114,0,1324,12916442.01,185846.62,189303.66,3457.04,1638,0.46,6.0,False
744023,firm_9,120,127.13,500.0,115,625,1335,12941995.21,83653.2,90262.3,6609.1,710,0.46,6.0,False
744023,firm_9,121,114.42,500.0,115,0,1335,13105174.31,220779.1,224263.2,3484.1,1960,0.46,6.0,False
744023,firm_9,122,125.86,500.0,116,177,1347,13189431.89,142857.58,147256.2,4398.62,1170,0.46,6.0,False
744023,firm_9,123,113.27,500.0,117,358,1358,13258320.0,127988.11,133318.79,5330.68,1177,0.46,6.0,False
744023,firm_9,124,101.94,500.0,118,0,1370,13371302.12,172582.12,176152.32,3570.2,1728,0.46,6.0,False
744023,firm_9,125,112.13,500.0,119,0,1381,13462456.39,151254.27,154851.53,3597.26,1381,0.46,6.0,False
744023,firm_9,126,123.34,500.0,120,695,1393,13480845.93,78989.54,86091.32,7101.78,698,0.46,6.0,False
744023,firm_9,127,111.01,500.0,121,0,1380,13646496.88,226750.95,230345.75,3594.8,2075,0.46,6.0,False
744023,firm_9,128,122.11,500.0,122,760,1391,13654526.43,69629.55,77051.41,7421.86,631,0.46,6.0,False
744023,firm_9,129,109.9,500.0,122,0,1391,13826199.47,232773.04,236394.9,3621.86,2151,0.46,6.0,False
744023,firm_9,130,120.89,500.0,123,798,1402,13829578.11,65378.64,73017.56,7638.92,604,0.46,5.9,False
744023,firm_9,131,108.8,500.0,123,25,1402,14000844.19,232866.08,236640.0,3773.92,2175,0.46,6.0,False
744023,firm_9,132,119.68,500.0,124,860,1413,13999443.25,61199.06,69175.04,7975.98,578,0.46,6.0,False
744023,firm_9,133,107.71,500.0,124,238,1413,14151667.12,214323.87,219189.85,4865.98,2035,0.46,6.0,False
744023,firm_9,134,96.94,500.0,125,0,1424,14245978.36,157411.24,161114.28,3703.04,1662,0.46,6.0,False
744023,firm_9,135,106.63,500.0,126,0,1435,14331662.31,149283.95,153014.05,3730.1,1435,0.46,6.0,False
744023,firm_9,136,117.29,500.0,127,675,1447,14350975.57,83413.26,90547.88,7134.62,772,0.46,6.0,False
744023,firm_9,137,105.56,500.0,127,912,1446,14406680.45,119304.88,127622.04,8317.16,1209,0.46,6.0,False
744023,firm_9,138,95.0,500.0,127,0,1446,14563333.29,220252.84,224010.0,3757.16,2358,0.46,6.0,False
744023,firm_9,139,104.5,500.0,128,119,1457,14634175.07,135441.78,139821.0,4379.22,1338,0.46,6.0,False
744023,firm_9,140,109.72,500.0,129,293,1468,14705776.47,136701.4,141977.68,5276.28,1294,0.46,6.0,False
744023,firm_9,141,98.75,500.0,130,0,1479,14811323.13,171146.66,174985.0,3838.34,1772,0.46,6.0,False
744023,firm_9,142,108.63,500.0,131,535,1491,14842530.55,97307.42,103850.28,6542.86,956,0.46,6.0,False
744023,firm_9,143,97.77,500.0,132,0,1502,14971193.12,195262.57,199157.49,3894.92,2037,0.46,6.0,False
744023,firm_9,144,102.66,500.0,133,356,1513,15017268.76,113075.64,118777.62,5701.98,1157,0.46,6.0,False
744023,firm_9,145,92.39,500.0,134,0,1524,15119412.92,169744.16,173693.2,3949.04,1880,0.46,6.0,False
744023,firm_9,146,101.63,500.0,135,425,1535,15158021.12,106708.2,112809.3,6101.1,1110,0.46,6.0,False
744023,firm_9,147,91.47,500.0,135,0,1535,15265726.22,175305.1,179281.2,3976.1,1960,0.46,6.0,False
744023,firm_9,148,91.47,500.0,136,0,1546,15334535.68,137409.46,141412.62,4003.16,1546,0.46,6.0,False
744023,firm_9,149,100.62,500.0,137,0,1557,15418070.8,152635.12,156665.34,4030.22,1557,0.46,6.0,False
744023,firm_9,150,110.68,500.0,138,839,1568,15420904.24,72433.44,80685.72,8252.28,729,0.46,6.0,False
744023,firm_9,151,99.61,500.0,138,306,1568,15555497.57,203693.33,209280.61,5587.28,2101,0.46,6.0,False
744023,firm_9,152,89.65,475.0,138,0,1568,15653794.39,163946.82,168004.1,4057.28,1874,0.46,6.0,False
744023,firm_9,153,98.62,500.0,139,0,1579,15735331.03,151636.64,155720.98,4084.34,1579,0.46,6.0,False
744023,firm_9,154,108.48,500.0,140,1279,1591,15688067.93,23336.9,33845.76,10508.86,312,0.46,6.0,False
744023,firm_9,155,97.63,500.0,140,1614,1590,15728312.18,110344.25,122525.65,12181.4,1255,0.46,6.0,False
744023,firm_9,156,87.87,500.0,140,0,1590,15935636.26,277424.08,281535.48,4111.4,3204,0.46,6.0,False
744023,firm_9,157,96.66,500.0,141,0,1601,16015150.46,150614.2,154752.66,4138.46,1601,0.46,6.0,False
744023,firm_9,158,101.49,500.0,142,544,1612,16045056.26,101505.8,108391.32,6885.52,1068,0.46,6.0,False
744023,firm_9,159,91.34,500.0,143,0,1624,16166786.34,193830.08,198025.12,4195.04,2168,0.46,6.0,False
744023,firm_9,160,100.47,500.0,144,807,1635,16169218.4,74932.06,83189.16,8257.1,828,0.46,5.9,False
744023,firm_9,161,90.42,500.0,144,42,1635,16309694.3,212575.9,217008.0,4432.1,2400,0.46,6.0,False
744023,firm_9,162,90.42,500.0,144,370,1635,16349701.14,112106.84,118178.94,6072.1,1307,0.46,6.0,False
744023,firm_9,163,81.38,500.0,145,0,1646,16436414.06,159812.92,164062.08,4249.16,2016,0.46,6.0,False
744023,firm_9,164,89.52,500.0,146,346,1657,16474168.56,111354.5,117360.72,6006.22,1311,0.46,6.0,False
744023,firm_9,165,80.57,500.0,147,0,1668,16558033.26,157964.7,162267.98,4303.28,2014,0.46,6.0,False
744023,firm_9,166,88.63,500.0,148,256,1679,16603943.41,120510.15,126120.49,5610.34,1423,0.46,6.0,False
744023,firm_9,167,79.77,500.0,149,0,1690,16679718.43,150875.02,155232.42,4357.4,1946,0.46,6.0,False
744023,firm_9,168,87.75,500.0,150,448,1701,16707444.72,103326.29,109950.75,6624.46,1253,0.46,6.0,False
744023,firm_9,169,78.98,500.0,151,0,1712,16797530.0,166185.28,170596.8,4411.52,2160,0.46,6.0,False
744023,firm_9,170,78.98,500.0,152,0,1723,16852673.96,131643.96,136082.54,4438.58,1723,0.46,6.0,False
744023,firm_9,171,82.93,500.0,153,540,1734,16867426.74,91852.78,99018.42,7165.64,1194,0.46,6.0,False
744023,firm_9,172,74.64,500.0,154,0,1745,16955886.44,166059.7,170552.4,4492.7,2285,0.46,6.0,False
744023,firm_9,173,74.64,500.0,155,0,1756,17004434.52,126548.08,131067.84,4519.76,1756,0.46,5.9,False
744023,firm_9,174,74.64,500.0,156,0,1767,17053176.58,127342.06,131888.88,4546.82,1767,0.46,6.0,False
744023,firm_9,175,82.1,500.0,157,0,1778,17115476.5,141399.92,145973.8,4573.88,1778,0.46,6.0,False
744023,firm_9,176,86.2,500.0,158,847,1790,17108324.7,72448.2,81286.6,8838.4,943,0.46,6.0,False
744023,firm_9,177,77.58,500.0,158,0,1790,17229199.76,199975.06,204578.46,4603.4,2637,0.46,6.0,False
744023,firm_9,178,77.58,500.0,159,657,1801,17230035.82,80836.06,88751.52,7915.46,1144,0.46,6.0,False
744023,firm_9,179,69.82,500.0,159,0,1841,17320117.32,169681.5,174410.36,4728.86,2498,0.46,6.0,False
744023,firm_9,180,69.82,500.0,159,0,1841,17364427.08,123809.76,128538.62,4728.86,1841,0.46,6.0,False
744023,firm_9,181,73.31,500.0,160,354,1852,17387219.54,103292.46,109818.38,6525.92,1498,0.46,5.9,False
744023,firm_9,182,65.98,500.0,161,0,1823,17445073.42,138953.88,143638.46,4684.58,2177,0.46,6.0,False
744023,firm_9,183,69.28,500.0,162,0,1834,17485921.3,122347.88,127059.52,4711.64,1834,0.46,5.9,False
744023,firm_9,184,76.21,500.0,163,473,1845,17501377.72,97456.42,104560.12,7103.7,1372,0.46,5.8,False
744023,firm_9,185,68.59,500.0,164,0,1856,17573758.07,154980.35,159746.11,4765.76,2329,0.46,5.9,False
744023,firm_9,186,68.59,500.0,164,0,1856,17614295.35,122537.28,127303.04,4765.76,1856,0.46,5.8,False
744023,firm_9,187,72.02,500.0,165,627,1867,17612672.33,81376.98,89304.8,7927.82,1240,0.46,5.7,False
744023,firm_9,188,64.82,500.0,166,0,1878,17686626.55,157554.22,162374.1,4819.88,2505,0.46,5.8,False
744023,firm_9,189,64.82,500.0,167,0,1889,17720224.59,117598.04,122444.98,4846.94,1889,0.46,5.7,False
744023,firm_9,190,68.06,500.0,168,806,1900,17701278.23,65553.64,74457.64,8904.0,1094,0.46,5.6,False
744023,firm_9,191,61.25,500.0,168,0,1900,17778046.73,160868.5,165742.5,4874.0,2706,0.46,5.7,False
744023,firm_9,192,64.31,500.0,169,0,1912,17811103.93,118057.2,122960.72,4903.52,1912,0.46,5.6,False
744023,firm_9,193,67.53,500.0,170,0,1923,17850433.54,124929.61,129860.19,4930.58,1923,0.46,5.7,False
744023,firm_9,194,67.53,500.0,171,938,1934,17822045.78,57612.24,67259.88,9647.64,996,0.46,5.6,False
744023,firm_9,195,60.78,500.0,171,0,1934,17906048.3,169602.52,174560.16,4957.64,2872,0.46,5.7,False
744023,firm_9,196,60.78,500.0,171,0,1933,17932980.86,112532.56,117487.74,4955.18,1933,0.46,5.8,False
744023,firm_9,197,63.82,500.0,172,117,1945,17957574.12,111093.26,116662.96,5569.7,1828,0.46,5.7,False
744023,firm_9,198,67.01,500.0,172,910,1990,17942039.69,70565.57,80210.97,9645.4,1197,0.46,5.8,False
744023,firm_9,199,60.31,500.0,172,0,1990,18025743.29,169803.6,174899.0,5095.4,2900,0.46,5.9,False
744023,firm_9,200,63.33,500.0,172,0,1990,18060674.59,120931.3,126026.7,5095.4,1990,0.46,5.9,False
744023,firm_9,201,66.5,500.0,173,1561,1955,17986961.29,13386.7,26201.0,12814.3,394,0.46,6.0,False
744023,firm_9,202,59.85,500.0,173,0,1955,18105784.59,205423.3,210432.6,5009.3,3516,0.46,6.0,False
744023,firm_9,203,59.85,500.0,174,0,1967,18130970.72,112686.13,117724.95,5038.82,1967,0.46,6.0,False
744023,firm_9,204,62.84,500.0,175,1377,1978,18068686.68,25815.96,37766.84,11950.88,601,0.46,6.0,False
744023,firm_9,205,56.56,500.0,175,0,1978,18165779.6,184692.92,189758.8,5065.88,3355,0.46,6.0,False
744023,firm_9,206,62.22,500.0,175,0,1979,18196344.64,118065.04,123133.38,5068.34,1979,0.46,6.0,False
744023,firm_9,207,65.33,500.0,176,0,1990,18232655.94,124911.3,130006.7,5095.4,1990,0.46,6.0,False
744023,firm_9,208,68.6,500.0,177,1535,2001,18162826.08,19170.14,31967.6,12797.46,466,0.46,5.9,False
744023,firm_9,209,61.74,500.0,176,0,1989,18287204.9,212478.82,217571.76,5092.94,3524,0.46,6.0,False
744023,firm_9,210,61.74,500.0,176,0,1989,18316812.82,117707.92,122800.86,5092.94,1989,0.46,6.0,False
744023,firm_9,211,64.83,500.0,177,1459,2001,18250433.22,22720.4,35137.86,12417.46,542,0.46,6.0,False
744023,firm_9,212,58.35,500.0,177,179,2000,18347206.22,185373.0,191388.0,6015.0,3280,0.46,6.0,False
744023,firm_9,213,58.35,500.0,177,0,2000,18380730.87,122024.65,127144.65,5120.0,2179,0.46,6.0,False
744023,firm_9,214,61.27,500.0,178,0,2011,18409197.78,118066.91,123213.97,5147.06,2011,0.46,6.0,False
744023,firm_9,215,64.33,500.0,179,0,2023,18444160.79,124963.01,130139.59,5176.58,2023,0.46,5.9,False
744023,firm_9,216,64.33,500.0,180,850,2034,18420373.87,66713.08,76166.72,9453.64,1184,0.46,5.8,False
744023,firm_9,217,57.9,500.0,180,0,2034,18492053.83,161779.96,166983.6,5203.64,2884,0.46,5.9,False
744023,firm_9,218,57.9,500.0,180,0,2081,18516820.42,115066.59,120489.9,5423.31,2081,0.51,6.0,False
744023,firm_9,219,60.8,500.0,181,0,2093,18547521.39,121800.97,127254.4,5453.43,2093,0.51,6.0,False
744023,firm_9,220,60.8,500.0,182,0,2056,18575665.63,119644.24,125004.8,5360.56,2056,0.51,5.9,False
744023,firm_9,221,63.84,500.0,183,1419,2068,18512612.11,28946.48,41432.16,12485.68,649,0.51,5.8,False
744023,firm_9,222,57.46,500.0,183,0,2067,18615929.5,194917.39,200305.56,5388.17,3486,0.51,5.9,False
744023,firm_9,223,57.46,500.0,183,0,2067,18637811.15,113381.65,118769.82,5388.17,2067,0.51,5.9,False
744023,firm_9,224,60.33,500.0,184,0,2079,18665218.93,120007.78,125426.07,5418.29,2079,0.51,6.0,False
744023,firm_9,225,63.35,500.0,185,1081,2138,18628208.5,55989.57,66960.95,10971.38,1057,0.51,5.9,False
744023,firm_9,226,57.02,500.0,185,0,2138,18713589.5,177981.0,183547.38,5566.38,3219,0.51,6.0,False
744023,firm_9,227,57.02,500.0,185,0,2138,18737431.88,116342.38,121908.76,5566.38,2138,0.51,5.9,False
744023,firm_9,228,59.87,500.0,186,728,2101,18716919.88,73088.0,82201.51,9113.51,1373,0.51,6.0,False
744023,firm_9,229,53.88,500.0,185,0,2138,18773173.58,148853.7,154420.08,5566.38,2866,0.51,6.0,False
744023,firm_9,230,53.88,500.0,185,0,2138,18790302.64,109629.06,115195.44,5566.38,2138,0.51,5.9,False
744023,firm_9,231,56.57,500.0,186,0,2150,18812731.64,116029.0,121625.5,5596.5,2150,0.51,6.0,False
744023,firm_9,232,59.4,500.0,187,436,2112,18810604.92,91873.28,99554.4,7681.12,1676,0.51,5.9,False
744023,firm_9,233,53.46,500.0,187,0,2112,18847719.88,130714.96,136216.08,5501.12,2548,0.51,6.0,False
744023,firm_9,234,48.11,500.0,188,0,2123,18849828.68,96608.8,102137.53,5528.73,2123,0.51,6.0,False
744023,firm_9,235,50.52,500.0,188,0,2172,18859906.4,104077.72,109729.44,5651.72,2172,0.51,5.9,False
744023,firm_9,236,50.52,500.0,189,0,2184,18869560.24,104653.84,110335.68,5681.84,2184,0.51,5.8,False
744023,firm_9,237,50.52,500.0,190,0,2145,18876841.69,102781.45,108365.4,5583.95,2145,0.51,5.7,False
744023,firm_9,238,53.05,500.0,191,0,2157,18889656.47,108814.78,114428.85,5614.07,2157,0.51,5.6,False
744023,firm_9,239,55.7,500.0,192,0,2168,18908272.39,115115.92,120757.6,5641.68,2168,0.51,5.5,False
744023,firm_9,240,55.7,500.0,193,0,2179,18926973.4,115701.01,121370.3,5669.29,2179,0.51,5.4,False
744023,firm_9,241,58.49,500.0,194,899,2190,18894792.09,65318.69,75510.59,10191.9,1291,0.51,5.3,False
744023,firm_9,242,52.64,500.0,194,0,2190,18954600.15,156908.06,162604.96,5696.9,3089,0.51,5.4,False
744023,firm_9,243,52.64,500.0,194,0,2241,18969741.48,112141.33,117966.24,5824.91,2241,0.51,5.4,False
744023,firm_9,244,55.27,500.0,195,0,2252,18990257.0,118615.52,124468.04,5852.52,2252,0.51,5.5,False
744023,firm_9,245,58.03,500.0,196,922,2212,18956253.58,64496.58,74858.7,10362.12,1290,0.51,5.4,False
744023,firm_9,246,52.23,500.0,195,0,2252,19018579.08,159925.5,165778.02,5852.52,3174,0.51,5.5,False
744023,firm_9,247,52.23,500.0,195,0,2252,19032848.52,111769.44,117621.96,5852.52,2252,0.51,5.5,False
744023,firm_9,248,54.84,500.0,196,0,2264,19052623.64,118275.12,124157.76,5882.64,2264,0.51,5.4,False
744023,firm_9,249,57.58,500.0,197,1039,2275,19013587.27,60063.63,71168.88,11105.25,1236,0.51,5.5,False
744023,firm_9,250,51.82,500.0,197,0,2275,19080808.5,165821.23,171731.48,5910.25,3314,0.51,5.6,False
744023,firm_9,251,51.82,500.0,197,0,2275,19094288.75,111980.25,117890.5,5910.25,2275,0.51,5.6,False
744023,firm_9,252,54.41,500.0,198,0,2286,19113132.15,118443.4,124381.26,5937.86,2286,0.51,5.7,False
744023,firm_9,253,57.13,500.0,199,1575,2298,19040594.16,27462.01,41304.99,13842.98,723,0.51,5.6,False
744023,firm_9,254,51.42,500.0,199,0,2298,19134175.84,193181.68,199149.66,5967.98,3873,0.51,5.7,False
744023,firm_9,255,56.56,500.0,199,0,2298,19158682.74,124006.9,129974.88,5967.98,2298,0.51,5.6,False
744023,firm_9,256,59.39,500.0,200,0,2309,19189218.66,131135.92,137131.51,5995.59,2309,0.51,5.7,False
744023,firm_9,257,62.36,500.0,201,1866,2321,19101236.75,13018.09,28373.8,15355.71,455,0.51,5.6,False
744023,firm_9,258,56.12,500.0,201,0,2321,19229585.48,228948.73,234974.44,6025.71,4187,0.51,5.7,False
744023,firm_9,259,56.12,500.0,201,0,2321,19253314.29,124228.81,130254.52,6025.71,2321,0.51,5.7,False
744023,firm_9,260,58.93,500.0,202,1962,2332,19157655.07,5940.78,21804.1,15863.32,370,0.51,5.8,False
744023,firm_9,261,53.04,500.0,202,0,2332,19278255.51,221700.44,227753.76,6053.32,4294,0.51,5.9,False
744023,firm_9,262,53.04,500.0,202,0,2332,19294891.47,117635.96,123689.28,6053.32,2332,0.51,5.9,False
744023,firm_9,263,55.69,500.0,203,1014,2343,19255652.55,62861.08,74012.01,11150.93,1329,0.51,6.0,False
744023,firm_9,264,50.12,500.0,203,0,2343,19316224.46,162171.91,168252.84,6080.93,3357,0.51,6.0,False
744023,firm_9,265,50.12,500.0,203,0,2343,19326074.69,111350.23,117431.16,6080.93,2343,0.51,5.9,False
744023,firm_9,266,52.63,500.0,204,0,2355,19341307.29,117832.6,123943.65,6111.05,2355,0.51,6.0,False
744023,firm_9,267,55.26,500.0,205,0,2366,19362913.79,124606.5,130745.16,6138.66,2366,0.51,5.9,False
744023,firm_9,268,55.26,500.0,206,0,2378,19384653.29,125239.5,131408.28,6168.78,2378,0.51,5.8,False
744023,firm_9,269,58.02,500.0,207,0,2389,19413066.68,132413.39,138609.78,6196.39,2389,0.51,5.7,False
744023,firm_9,270,60.92,500.0,208,1433,2400,19354087.32,45520.64,58909.64,13389.0,967,0.51,5.6,False
744023,firm_9,271,54.83,500.0,208,50,2400,19450935.21,200947.89,207421.89,6474.0,3783,0.51,5.7,False
744023,firm_9,272,57.57,500.0,208,1839,2400,19366691.48,19756.27,35175.27,15419.0,611,0.51,5.7,False
744023,firm_9,273,51.81,500.0,208,0,2400,19475990.07,213398.59,219622.59,6224.0,4239,0.51,5.8,False
744023,firm_9,274,51.81,500.0,208,0,2400,19490010.07,118120.0,124344.0,6224.0,2400,0.51,5.9,False
744023,firm_9,275,54.4,500.0,209,0,2412,19509868.75,124958.68,131212.8,6254.12,2412,0.51,6.0,False
744023,firm_9,276,57.12,500.0,210,2014,2423,19411379.1,7010.35,23362.08,16351.73,409,0.51,5.9,False
744023,firm_9,277,51.41,500.0,209,1292,2412,19455183.92,148404.82,161118.94,12714.12,3134,0.51,6.0,False
744023,firm_9,278,46.27,500.0,209,0,2412,19515713.88,165129.96,171384.08,6254.12,3704,0.51,6.0,False
744023,firm_9,279,46.27,500.0,210,0,2423,19516044.36,105830.48,112112.21,6281.73,2423,0.51,5.9,False
744023,firm_9,280,48.58,500.0,211,0,2434,19521878.74,111934.38,118243.72,6309.34,2434,0.51,6.0,False
744023,firm_9,281,48.58,500.0,211,0,2434,19528313.12,111934.38,118243.72,6309.34,2434,0.51,5.9,False
744023,firm_9,282,51.01,500.0,212,0,2446,19540244.12,118431.0,124770.46,6339.46,2446,0.51,5.8,False
744023,firm_9,283,53.56,500.0,213,6,2457,19558122.61,124878.49,131275.56,6397.07,2451,0.51,5.7,False
744023,firm_9,284,56.24,500.0,214,513,2468,19551949.57,101326.96,110286.64,8959.68,1961,0.51,5.6,False
744023,firm_9,285,50.62,500.0,215,0,2480,19588930.43,145080.86,151505.66,6424.8,2993,0.51,5.7,False
744023,firm_9,286,50.62,500.0,216,0,2491,19600072.44,119642.01,126094.42,6452.41,2491,0.51,5.6,False
744023,firm_9,287,53.15,500.0,217,1657,2502,19521219.17,30146.73,44911.75,14765.02,845,0.51,5.5,False
744023,firm_9,288,47.84,500.0,217,0,2502,19605105.71,192486.54,198966.56,6480.02,4159,0.51,5.6,False
744023,firm_9,289,47.84,500.0,217,0,2502,19609821.37,113215.66,119695.68,6480.02,2502,0.51,5.6,False
744023,firm_9,290,50.23,500.0,218,0,2514,19619989.45,119768.08,126278.22,6510.14,2514,0.51,5.7,False
744023,firm_9,291,52.74,500.0,219,0,2525,19636620.2,126630.75,133168.5,6537.75,2525,0.51,5.6,False
744023,firm_9,292,52.74,500.0,220,1594,2536,19561265.92,35145.72,49681.08,14535.36,942,0.51,5.5,False
744023,firm_9,293,47.47,500.0,219,0,2525,19640657.1,188991.18,195528.93,6537.75,4119,0.51,5.6,False
744023,firm_9,294,47.47,500.0,219,0,2525,19644481.1,113324.0,119861.75,6537.75,2525,0.51,5.6,False
744023,firm_9,295,49.84,500.0,220,0,2536,19653709.98,119828.88,126394.24,6565.36,2536,0.51,5.7,False
744023,firm_9,296,49.84,500.0,221,0,2548,19663106.82,120396.84,126992.32,6595.48,2548,0.51,5.6,False
744023,firm_9,297,52.33,500.0,222,378,2559,19657225.46,105618.64,114131.73,8513.09,2181,0.51,5.5,False
744023,firm_9,298,47.1,500.0,222,0,2559,19677835.07,131709.61,138332.7,6623.09,2937,0.51,5.6,False
744023,firm_9,299,49.46,500.0,223,589,2571,19654266.58,88431.51,98029.72,9598.21,1982,0.51,5.5,False
744023,firm_9,300,44.51,500.0,223,0,2571,19676664.97,133998.39,140651.6,6653.21,3160,0.51,5.6,False
744023,firm_9,301,46.74,500.0,224,0,2582,19678166.83,114001.86,120682.68,6680.82,2582,0.51,5.6,False
744023,firm_9,302,46.74,500.0,225,0,2593,19679655.22,114488.39,121196.82,6708.43,2593,0.51,5.5,False
744023,firm_9,303,49.08,500.0,226,1667,2605,19597118.71,30963.49,46037.04,15073.55,938,0.51,5.5,False
744023,firm_9,304,44.17,500.0,226,0,2605,19665974.4,181955.69,188694.24,6738.55,4272,0.51,5.6,False
744023,firm_9,305,44.17,500.0,226,0,2605,19661298.7,108324.3,115062.85,6738.55,2605,0.51,5.5,False
744023,firm_9,306,46.38,500.0,227,0,2616,19661762.62,114563.92,121330.08,6766.16,2616,0.51,5.6,False
744023,firm_9,307,48.7,500.0,228,0,2627,19668403.75,121141.13,127934.9,6793.77,2627,0.51,5.5,False
744023,firm_9,308,51.14,500.0,229,48,2639,19678743.6,125439.85,132503.74,7063.89,2591,0.51,5.6,False
744023,firm_9,309,53.7,500.0,230,1662,2650,19603715.3,40471.7,55633.2,15161.5,1036,0.51,5.5,False
744023,firm_9,310,48.33,500.0,229,0,2639,19690158.74,201043.44,207867.33,6823.89,4301,0.51,5.6,False
744023,firm_9,311,48.33,500.0,229,0,2639,19696377.72,120718.98,127542.87,6823.89,2639,0.51,5.6,False
744023,firm_9,312,50.75,500.0,230,1949,2650,19599756.97,18979.25,35575.75,16596.5,701,0.51,5.7,False
744023,firm_9,313,45.68,500.0,229,245,2639,19675496.32,190339.35,198388.24,8048.89,4343,0.51,5.8,False
744023,firm_9,314,45.68,500.0,229,1510,2639,19609386.75,48390.43,62764.32,14373.89,1374,0.51,5.8,False
744023,firm_9,315,41.11,500.0,229,0,2639,19658528.25,163741.5,170565.39,6823.89,4149,0.51,5.9,False
744023,firm_9,316,41.11,500.0,229,0,2639,19645693.65,101665.4,108489.29,6823.89,2639,0.51,5.9,False
744023,firm_9,317,43.17,500.0,230,0,2650,19637642.65,107549.0,114400.5,6851.5,2650,0.51,6.0,False
744023,firm_9,318,45.33,500.0,231,0,2661,19635386.67,113744.02,120623.13,6879.11,2661,0.51,5.9,False
744023,firm_9,319,47.6,500.0,232,840,2673,19595028.24,76141.57,87250.8,11109.23,1833,0.51,5.8,False
744023,firm_9,320,42.84,500.0,232,0,2673,19622515.93,143587.69,150496.92,6909.23,3513,0.51,5.9,False
744023,firm_9,321,44.98,500.0,232,0,2673,19619838.24,113322.31,120231.54,6909.23,2673,0.51,5.8,False
744023,firm_9,322,47.23,500.0,233,0,2684,19622566.72,119828.48,126765.32,6936.84,2684,0.51,5.9,False
744023,firm_9,323,49.59,500.0,234,1938,2695,19525951.9,20885.18,37539.63,16654.45,757,0.51,5.8,False
744023,firm_9,324,44.63,500.0,233,0,2684,19608694.92,199343.02,206279.86,6936.84,4622,0.51,5.9,False
744023,firm_9,325,44.63,500.0,233,0,2684,19605045.0,112850.08,119786.92,6936.84,2684,0.51,5.9,False
744023,firm_9,326,46.86,500.0,234,836,2695,19563413.29,75968.29,87112.74,11144.45,1859,0.51,6.0,False
744023,firm_9,327,42.17,500.0,233,0,2684,19588314.85,141501.56,148438.4,6936.84,3520,0.51,6.0,False
744023,firm_9,328,42.17,500.0,233,0,2684,19578062.29,106247.44,113184.28,6936.84,2684,0.51,6.0,False
744023,firm_9,329,44.28,500.0,234,1662,2695,19490929.08,30466.79,45741.24,15274.45,1033,0.51,6.0,False
744023,firm_9,330,39.85,500.0,233,0,2684,19540580.34,166251.26,173188.1,6936.84,4346,0.51,6.0,False
744023,firm_9,331,41.84,500.0,234,0,2695,19528874.69,105794.35,112758.8,6964.45,2695,0.51,5.9,False
744023,firm_9,332,43.93,500.0,235,0,2707,19522798.63,111923.94,118918.51,6994.57,2707,0.51,5.8,False
744023,firm_9,333,46.13,500.0,235,0,2707,19523177.97,117879.34,124873.91,6994.57,2707,0.51,5.7,False
744023,firm_9,334,48.44,500.0,236,1142,2718,19468287.23,63609.26,76341.44,12732.18,1576,0.51,5.6,False
744023,firm_9,335,43.6,500.0,236,0,2718,19511461.05,161273.82,168296.0,7022.18,3860,0.51,5.7,False
744023,firm_9,336,43.6,500.0,236,0,2718,19504943.67,111482.62,118504.8,7022.18,2718,0.51,5.7,False
744023,firm_9,337,45.78,500.0,237,264,2729,19490321.58,104477.91,112847.7,8369.79,2465,0.51,5.8,False
744023,firm_9,338,48.07,500.0,237,1646,2729,19421192.08,49470.5,64750.29,15279.79,1347,0.51,5.9,False
744023,firm_9,339,43.26,500.0,237,0,2729,19484804.79,182212.71,189262.5,7049.79,4375,0.51,6.0,False
744023,firm_9,340,43.26,500.0,237,0,2729,19477311.54,111006.75,118056.54,7049.79,2729,0.51,6.0,False
744023,firm_9,341,45.42,500.0,238,2326,2741,19357850.93,139.39,18849.3,18709.91,415,0.51,6.0,False
744023,firm_9,342,40.88,500.0,237,0,2729,19438849.54,199598.61,206648.4,7049.79,5055,0.51,6.0,False
744023,firm_9,343,40.88,500.0,237,0,2729,19424761.27,104511.73,111561.52,7049.79,2729,0.51,6.0,False
744023,firm_9,344,42.92,500.0,238,480,2741,19392723.48,87562.21,97042.12,9479.91,2261,0.51,6.0,False
744023,firm_9,345,38.63,500.0,239,0,2752,19390368.12,117744.64,124852.16,7107.52,3232,0.51,6.0,False
744023,firm_9,346,40.56,500.0,239,0,2752,19375381.72,104513.6,111621.12,7107.52,2752,0.51,5.9,False
744023,firm_9,347,42.59,500.0,240,0,2763,19365322.76,110541.04,117676.17,7135.13,2763,0.51,6.0,False
744023,firm_9,348,44.72,500.0,240,0,2763,19361748.99,116426.23,123561.36,7135.13,2763,0.51,5.9,False
744023,firm_9,349,46.96,500.0,241,1671,2775,19277072.58,36323.59,51843.84,15520.25,1104,0.51,5.8,False
744023,firm_9,350,42.26,500.0,241,0,2775,19337195.29,180722.71,187887.96,7165.25,4446,0.51,5.9,False
744023,firm_9,351,42.26,500.0,241,0,2775,19326801.54,110106.25,117271.5,7165.25,2775,0.51,5.8,False
744023,firm_9,352,44.37,500.0,242,2193,2786,19213455.09,8153.55,26311.41,18157.86,593,0.51,5.7,False
744023,firm_9,353,39.93,500.0,242,0,2786,19283973.7,191618.61,198811.47,7192.86,4979,0.51,5.8,False
744023,firm_9,354,39.93,500.0,242,0,2786,19267025.82,104052.12,111244.98,7192.86,2786,0.51,5.8,False
744023,firm_9,355,41.93,500.0,243,1323,2797,19192895.17,47969.35,61804.82,13835.47,1474,0.51,5.9,False
744023,firm_9,356,37.74,500.0,242,0,2786,19219675.97,147880.8,155073.66,7192.86,4109,0.51,6.0,False
744023,firm_9,357,39.63,500.0,243,643,2797,19172603.52,74927.55,85363.02,10435.47,2154,0.51,6.0,False
744023,firm_9,358,35.67,500.0,243,0,2797,19166487.85,115484.33,122704.8,7220.47,3440,0.51,6.0,False
744023,firm_9,359,37.45,500.0,243,0,2797,19142515.03,97527.18,104747.65,7220.47,2797,0.51,5.9,False
744023,firm_9,360,39.32,500.0,244,0,2809,19123114.32,103199.29,110449.88,7250.59,2809,0.51,6.0,False
744023,firm_9,361,41.29,500.0,244,0,2809,19109847.34,108733.02,115983.61,7250.59,2809,0.51,5.9,False
744023,firm_9,362,43.35,500.0,245,0,2820,19101816.14,114968.8,122247.0,7278.2,2820,0.51,5.8,False
744023,firm_9,363,45.52,500.0,245,1375,2820,19030939.34,51623.2,65776.4,14153.2,1445,0.51,5.7,False
744023,firm_9,364,40.97,500.0,245,3260,2820,18923068.09,14728.75,38306.95,23578.2,935,0.51,5.8,False
744023,firm_9,365,36.87,500.0,245,0,2820,19017359.49,216891.4,224169.6,7278.2,6080,0.51,5.9,False
