firm_id,step,price,wage,employees,inventory,production,capital,profit,revenue,costs,sales,quality,marketing,bankrupt
firm_0,1,46.17,40.4,16,0,185,121493.33,7903.0,8541.45,638.45,185,0.37,0.36,False
firm_0,2,50.79,40.4,16,0,185,129295.38,8748.45,9396.15,647.7,185,0.42,0.46,False
firm_0,3,55.87,36.36,15,0,173,137588.18,9038.2,9665.51,627.31,173,0.47,0.36,False
firm_0,4,50.28,40.0,15,0,173,144750.66,8062.48,8698.44,635.96,173,0.52,0.46,False
firm_0,5,50.28,38.0,14,0,162,151755.78,7537.12,8145.36,608.24,162,0.52,0.46,False
firm_0,6,50.28,34.2,14,0,161,158766.34,7489.36,8095.08,605.72,161,0.52,0.36,False
firm_0,7,55.31,35.91,15,0,173,166660.36,8932.67,9568.63,635.96,173,0.52,0.36,False
firm_0,8,49.78,32.32,16,0,183,173882.67,8439.43,9109.74,670.31,183,0.57,0.26,False
firm_0,9,49.78,30.7,17,0,195,181866.72,9005.95,9707.1,701.15,195,0.57,0.26,False
firm_0,10,44.8,27.63,17,0,195,189331.86,8034.85,8736.0,701.15,195,0.57,0.36,False
firm_0,11,47.04,29.01,18,0,206,197270.5,8960.82,9690.24,729.42,206,0.57,0.36,False
firm_0,12,47.04,27.56,19,0,217,205696.85,9449.99,10207.68,757.69,217,0.57,0.36,False
firm_0,13,49.39,30.32,20,0,229,214800.78,10510.33,11310.31,799.98,229,0.62,0.46,False
firm_0,14,51.86,30.32,21,0,240,225181.66,11617.6,12446.4,828.8,240,0.62,0.56,False
firm_0,15,49.27,28.8,22,0,251,235344.66,11496.6,12366.77,870.17,251,0.67,0.56,False
firm_0,16,54.2,27.36,21,0,239,246673.82,12103.72,12953.8,850.08,239,0.72,0.56,False
firm_0,17,56.91,28.73,21,0,239,258821.9,12751.41,13601.49,850.08,239,0.72,0.46,False
firm_0,18,59.76,30.17,21,0,239,271308.94,13420.61,14282.64,862.03,239,0.77,0.56,False
firm_0,19,56.77,28.66,21,0,239,283413.08,12706.0,13568.03,862.03,239,0.77,0.46,False
firm_0,20,62.45,28.66,22,0,250,296902.56,14720.0,15612.5,892.5,250,0.77,0.56,False
firm_0,21,68.7,31.53,23,0,263,312603.81,17126.44,18068.1,941.66,263,0.82,0.46,False
firm_0,22,72.14,28.38,24,0,273,330147.05,18724.36,19694.22,969.86,273,0.82,0.46,False
firm_0,23,79.35,25.54,25,0,285,350405.35,21596.8,22614.75,1017.95,285,0.87,0.36,False
firm_0,24,75.38,24.26,24,0,273,369204.69,19581.58,20578.74,997.16,273,0.92,0.36,False
firm_0,25,75.38,26.69,24,0,273,388045.71,19581.58,20578.74,997.16,273,0.92,0.46,False
firm_0,26,67.84,25.36,25,0,285,404999.66,18287.95,19334.4,1046.45,285,0.97,0.46,False
firm_0,27,64.45,27.9,25,0,285,421623.96,17321.8,18368.25,1046.45,285,0.97,0.46,False
firm_0,28,64.45,26.5,26,0,296,438118.24,17983.28,19077.2,1093.92,296,1.02,0.56,False
firm_0,29,70.9,23.85,25,0,284,456285.71,19063.72,20135.6,1071.88,284,1.07,0.66,False
firm_0,30,67.36,21.47,24,0,273,472807.95,17337.52,18389.28,1051.76,273,1.12,0.76,False
firm_0,31,70.73,20.4,25,0,284,490584.99,18987.04,20087.32,1100.28,284,1.17,0.66,False
firm_0,32,74.27,22.44,26,0,295,510276.05,20774.5,21909.65,1135.15,295,1.17,0.56,False
firm_0,33,70.56,22.44,26,0,295,529057.91,19665.3,20815.2,1149.9,295,1.22,0.66,False
firm_0,34,77.62,20.2,27,0,306,550578.91,22566.4,23751.72,1185.32,306,1.22,0.66,False
firm_0,35,85.38,19.19,28,0,318,575252.57,25910.98,27150.84,1239.86,318,1.27,0.56,False
firm_0,36,85.38,20.15,27,0,306,599418.88,24910.36,26126.28,1215.92,306,1.32,0.56,False
firm_0,37,93.92,18.13,27,0,306,626352.97,27523.6,28739.52,1215.92,306,1.32,0.66,False
firm_0,38,103.31,18.13,28,0,318,656842.15,31596.82,32852.58,1255.76,318,1.32,0.76,False
firm_0,39,103.31,19.04,28,0,317,687490.01,31480.98,32749.27,1268.29,317,1.37,0.86,False
firm_0,40,113.64,18.09,28,0,317,721639.08,34755.59,36023.88,1268.29,317,1.37,0.96,False
firm_0,41,125.0,17.19,29,0,329,760240.39,39799.82,41125.0,1325.18,329,1.42,0.96,False
firm_0,42,125.0,18.91,28,0,317,797951.77,38340.86,39625.0,1284.14,317,1.42,1.06,False
firm_0,43,125.0,18.91,29,0,329,836703.2,39799.82,41125.0,1325.18,329,1.42,0.96,False
firm_0,44,112.5,17.02,28,0,317,870505.0,34378.36,35662.5,1284.14,317,1.42,1.06,False
firm_0,45,106.88,18.72,29,0,328,902880.6,33718.48,35056.64,1338.16,328,1.47,1.16,False
firm_0,46,106.88,19.66,30,0,340,936750.2,34959.4,36339.2,1379.8,340,1.47,1.16,False
firm_0,47,112.22,21.63,30,0,340,972659.3,36758.0,38154.8,1396.8,340,1.52,1.06,False
firm_0,48,101.0,23.79,31,0,351,1005337.29,34015.48,35451.0,1435.52,351,1.52,1.16,False
firm_0,49,95.95,22.6,31,0,351,1036662.07,32225.38,33678.45,1453.07,351,1.57,1.16,False
firm_0,50,91.15,21.47,31,0,351,1066319.53,30523.03,31993.65,1470.62,351,1.62,1.16,False
firm_0,51,91.15,23.62,32,0,362,1096231.45,31467.76,32996.3,1528.54,362,1.67,1.26,False
firm_0,52,91.15,21.26,32,0,362,1126800.79,31449.66,32996.3,1546.64,362,1.72,1.26,False
firm_0,53,100.27,19.13,32,0,362,1160939.73,34751.1,36297.74,1546.64,362,1.72,1.26,False
firm_0,54,105.28,19.13,31,0,351,1195476.71,35430.01,36953.28,1523.27,351,1.77,1.36,False
firm_0,55,94.75,21.04,32,0,362,1226820.09,32716.66,34299.5,1582.84,362,1.82,1.26,False
firm_0,56,94.75,23.14,33,0,374,1259364.29,33807.82,35436.5,1628.68,374,1.82,1.26,False
firm_0,57,99.49,24.3,33,0,375,1294238.64,35676.25,37308.75,1632.5,375,1.82,1.26,False
firm_0,58,99.49,24.3,34,0,386,1329421.76,36709.32,38403.14,1693.82,386,1.87,1.16,False
firm_0,59,109.44,24.3,33,0,375,1368008.61,39388.75,41040.0,1651.25,375,1.87,1.06,False
firm_0,60,103.97,26.73,34,0,386,1405038.39,38438.6,40132.42,1693.82,386,1.87,1.06,False
firm_0,61,103.97,29.4,35,0,397,1442829.24,39519.85,41276.09,1756.24,397,1.92,0.96,False
firm_0,62,98.77,29.4,36,0,409,1479644.04,38573.2,40396.93,1823.73,409,1.97,0.86,False
firm_0,63,88.89,30.87,37,0,422,1513638.09,35636.24,37511.58,1875.34,422,1.97,0.76,False
firm_0,64,97.78,30.87,37,0,422,1551783.72,39387.82,41263.16,1875.34,422,1.97,0.86,False
firm_0,65,92.89,29.33,38,0,433,1588471.54,38302.36,40221.37,1919.01,433,1.97,0.76,False
firm_0,66,88.25,32.26,37,0,422,1622644.08,35366.16,37241.5,1875.34,422,1.97,0.66,False
firm_0,67,92.66,32.26,38,0,433,1659020.97,38202.77,40121.78,1919.01,433,1.97,0.76,False
firm_0,68,88.03,32.26,39,0,445,1694247.28,37184.45,39173.35,1988.9,445,2.02,0.76,False
firm_0,69,92.43,33.87,38,0,433,1730941.75,38081.53,40022.19,1940.66,433,2.02,0.86,False
firm_0,70,87.81,33.87,39,0,444,1766123.58,37002.76,38987.64,1984.88,444,2.02,0.76,False
firm_0,71,87.81,35.56,39,0,444,1801739.5,37002.76,38987.64,1984.88,444,2.02,0.66,False
firm_0,72,87.81,35.56,38,0,433,1836469.29,36081.07,38021.73,1940.66,433,2.02,0.56,False
firm_0,73,96.59,32.0,38,0,433,1875136.1,39882.81,41823.47,1940.66,433,2.02,0.46,False
firm_0,74,96.59,30.4,39,0,444,1914251.58,40901.08,42885.96,1984.88,444,2.02,0.56,False
firm_0,75,101.42,30.4,38,0,433,1954970.58,41974.2,43914.86,1940.66,433,2.02,0.66,False
firm_0,76,101.42,27.36,39,0,443,1996351.74,42948.2,44929.06,1980.86,443,2.02,0.66,False
firm_0,77,96.35,28.73,40,0,454,2036420.36,41717.82,43742.9,2025.08,454,2.02,0.56,False
firm_0,78,86.72,25.86,39,0,443,2071847.92,36436.1,38416.96,1980.86,443,2.02,0.56,False
firm_0,79,78.05,28.45,38,0,432,2102226.18,31759.36,33717.6,1958.24,432,2.07,0.66,False
firm_0,80,81.95,27.03,38,0,431,2134343.77,33344.73,35320.45,1975.72,431,2.12,0.66,False
firm_0,81,81.95,29.73,39,0,444,2166718.62,34334.32,36385.8,2051.48,444,2.17,0.76,False
firm_0,82,90.15,32.7,40,0,456,2203694.7,38984.08,41108.4,2124.32,456,2.22,0.76,False
firm_0,83,99.17,29.43,41,0,467,2245806.37,44118.3,46312.39,2194.09,467,2.27,0.86,False
firm_0,84,89.25,32.37,42,0,478,2284367.27,40420.44,42661.5,2241.06,478,2.27,0.76,False
firm_0,85,84.79,29.13,41,0,467,2320352.43,37379.49,39596.93,2217.44,467,2.32,0.66,False
firm_0,86,76.31,29.13,40,0,454,2351347.99,32460.76,34644.74,2183.98,454,2.37,0.76,False
firm_0,87,72.49,26.22,39,0,442,2379912.35,29886.94,32040.58,2153.64,442,2.42,0.86,False
firm_0,88,76.11,24.91,40,0,453,2410691.52,32275.57,34477.83,2202.26,453,2.42,0.76,False
firm_0,89,79.92,22.42,41,0,464,2444104.3,34832.0,37082.88,2250.88,464,2.42,0.66,False
firm_0,90,75.92,24.66,42,0,478,2476321.68,33953.1,36289.76,2336.66,478,2.47,0.66,False
firm_0,91,72.12,23.43,41,0,465,2506618.3,31257.25,33535.8,2278.55,465,2.47,0.56,False
firm_0,92,72.12,21.09,42,0,476,2537010.12,31977.6,34329.12,2351.52,476,2.52,0.46,False
firm_0,93,68.51,20.04,43,0,487,2566287.18,30938.78,33364.37,2425.59,487,2.57,0.56,False
firm_0,94,68.51,19.04,43,0,487,2596307.24,30938.78,33364.37,2425.59,487,2.57,0.66,False
firm_0,95,75.36,18.09,43,0,487,2629579.75,34250.38,36700.32,2449.94,487,2.62,0.56,False
firm_0,96,79.13,16.28,43,0,488,2665040.59,36160.88,38615.44,2454.56,488,2.62,0.56,False
firm_0,97,79.13,15.47,43,0,487,2700237.4,36062.02,38536.31,2474.29,487,2.67,0.56,False
firm_0,98,79.13,13.92,43,0,487,2735600.86,36062.02,38536.31,2474.29,487,2.67,0.66,False
firm_0,99,79.13,13.92,42,0,476,2770159.18,35242.96,37665.88,2422.92,476,2.67,0.76,False
firm_0,100,87.04,14.62,43,0,487,2808720.36,39889.84,42388.48,2498.64,487,2.72,0.76,False
firm_0,101,78.34,15.35,44,0,498,2843682.82,36437.86,39013.32,2575.46,498,2.77,0.86,False
firm_0,102,70.51,13.82,45,0,510,2875888.32,33327.4,35960.1,2632.7,510,2.77,0.76,False
firm_0,103,70.51,15.2,45,0,510,2908431.72,33327.4,35960.1,2632.7,510,2.77,0.86,False
firm_0,104,70.51,15.96,44,0,498,2940268.0,32538.52,35113.98,2575.46,498,2.77,0.76,False
firm_0,105,70.51,16.76,43,0,487,2971362.7,31815.38,34338.37,2522.99,487,2.77,0.76,False
firm_0,106,70.51,17.6,43,0,487,3002421.28,31815.38,34338.37,2522.99,487,2.77,0.76,False
firm_0,107,70.51,15.84,44,0,498,3033537.94,32513.62,35113.98,2600.36,498,2.82,0.66,False
firm_0,108,66.98,17.42,44,0,498,3063202.24,30730.78,33356.04,2625.26,498,2.87,0.76,False
firm_0,109,63.63,15.68,44,0,498,3091349.9,29037.58,31687.74,2650.16,498,2.92,0.66,False
firm_0,110,57.27,14.9,43,0,487,3116003.65,25294.45,27890.49,2596.04,487,2.92,0.56,False
firm_0,111,60.13,13.41,42,0,476,3141196.59,26056.16,28621.88,2565.72,476,2.97,0.66,False
firm_0,112,54.12,12.74,43,0,487,3163884.82,23736.05,26356.44,2620.39,487,2.97,0.66,False
firm_0,113,48.71,12.1,44,0,498,3184210.04,21557.62,24257.58,2699.96,498,3.02,0.66,False
firm_0,114,51.15,11.5,45,0,510,3206193.34,23300.8,26086.5,2785.7,510,3.07,0.76,False
firm_0,115,46.04,10.92,46,0,521,3226236.39,21145.37,23986.84,2841.47,521,3.07,0.86,False
firm_0,116,46.04,11.47,47,0,532,3246793.34,21596.04,24493.28,2897.24,532,3.07,0.86,False
firm_0,117,48.34,12.62,47,0,533,3268736.46,22836.26,25765.22,2928.96,533,3.12,0.96,False
firm_0,118,50.76,13.25,47,0,533,3292139.83,24126.12,27055.08,2928.96,533,3.12,1.06,False
firm_0,119,45.68,11.92,46,0,521,3312297.22,20905.71,23799.28,2893.57,521,3.17,0.96,False
firm_0,120,45.68,12.52,46,0,521,3332527.01,20905.71,23799.28,2893.57,521,3.17,1.06,False
firm_0,121,41.11,12.52,47,0,533,3350394.59,18956.02,21911.63,2955.61,533,3.17,1.06,False
firm_0,122,41.11,11.27,46,0,520,3368264.97,18488.8,21377.2,2888.4,520,3.17,1.16,False
firm_0,123,39.05,10.71,45,0,509,3384727.94,17044.92,19876.45,2831.53,509,3.17,1.26,False
firm_0,124,35.14,11.25,46,0,520,3398994.84,15384.4,18272.8,2888.4,520,3.17,1.36,False
firm_0,125,35.14,11.81,46,0,521,3413639.9,15388.32,18307.94,2919.62,521,3.22,1.36,False
firm_0,126,35.14,12.4,47,0,533,3428204.46,15747.36,18729.62,2982.26,533,3.22,1.46,False
firm_0,127,35.14,13.02,46,0,521,3442667.81,15362.27,18307.94,2945.67,521,3.27,1.56,False
firm_0,128,35.14,11.72,46,0,520,3457135.09,15306.4,18272.8,2966.4,520,3.32,1.66,False
firm_0,129,36.9,10.55,45,0,509,3472434.56,15874.22,18782.1,2907.88,509,3.32,1.76,False
firm_0,130,33.21,11.61,46,0,521,3485505.14,14304.64,17302.41,2997.77,521,3.37,1.76,False
firm_0,131,29.89,11.61,47,0,531,3497179.59,12820.12,15871.59,3051.47,531,3.37,1.86,False
firm_0,132,32.88,10.45,48,0,543,3510688.77,14710.78,17853.84,3143.06,543,3.42,1.76,False
firm_0,133,29.59,10.0,49,0,554,3522661.25,13162.48,16392.86,3230.38,554,3.47,1.66,False
firm_0,134,26.63,10.0,50,0,568,3533251.73,11790.48,15125.84,3335.36,568,3.52,1.56,False
firm_0,135,25.3,10.0,49,0,556,3543559.41,10797.68,14066.8,3269.12,556,3.52,1.56,False
firm_0,136,25.3,10.0,50,0,568,3553366.05,11006.64,14370.4,3363.76,568,3.57,1.46,False
firm_0,137,26.56,11.0,49,0,556,3564069.69,11442.64,14767.36,3324.72,556,3.62,1.46,False
firm_0,138,27.89,10.0,50,0,568,3575519.05,12449.36,15841.52,3392.16,568,3.62,1.36,False
firm_0,139,29.28,10.0,51,0,579,3587779.24,13470.19,16953.12,3482.93,579,3.67,1.26,False
firm_0,140,30.74,10.0,50,0,568,3601090.6,14011.36,17460.32,3448.96,568,3.72,1.26,False
firm_0,141,33.81,10.0,51,0,579,3616144.71,16064.11,19575.99,3511.88,579,3.72,1.16,False
firm_0,142,37.19,10.0,51,0,579,3633326.89,17992.18,21533.01,3540.83,579,3.77,1.26,False
firm_0,143,35.33,10.0,51,0,579,3649632.13,16915.24,20456.07,3540.83,579,3.77,1.36,False
firm_0,144,31.8,11.0,51,0,582,3663791.49,14920.36,18507.6,3587.24,582,3.82,1.26,False
firm_0,145,28.62,12.1,51,0,584,3676289.59,13115.2,16714.08,3598.88,584,3.82,1.26,False
firm_0,146,27.19,13.31,51,0,584,3687661.66,12250.88,15878.96,3628.08,584,3.87,1.16,False
firm_0,147,25.83,14.64,52,0,595,3697846.83,11646.45,15368.85,3722.4,595,3.92,1.06,False
firm_0,148,24.54,13.91,52,0,595,3707902.41,10878.9,14601.3,3722.4,595,3.92,1.16,False
firm_0,149,22.09,13.21,52,0,595,3716636.64,9421.15,13143.55,3722.4,595,3.92,1.06,False
firm_0,150,19.88,13.21,53,0,606,3723596.27,8259.76,12047.28,3787.52,606,3.92,1.16,False
firm_0,151,17.89,13.87,53,0,606,3729914.98,7053.82,10841.34,3787.52,606,3.92,1.06,False
firm_0,152,17.89,13.18,53,0,606,3736170.26,7053.82,10841.34,3787.52,606,3.92,1.16,False
firm_0,153,16.1,14.5,54,0,617,3740737.47,6050.21,9933.7,3883.49,617,3.97,1.06,False
firm_0,154,14.49,15.23,53,0,605,3744884.88,4954.6,8766.45,3811.85,605,3.97,0.96,False
firm_0,155,13.77,13.71,52,0,594,3748375.46,4403.5,8179.38,3775.88,594,4.02,0.96,False
firm_0,156,13.77,14.4,52,0,595,3751937.91,4411.25,8193.15,3781.9,595,4.02,1.06,False
firm_0,157,13.77,12.96,52,0,594,3755337.79,4373.8,8179.38,3805.58,594,4.07,1.16,False
firm_0,158,13.08,12.31,53,0,606,3757903.12,4017.76,7926.48,3908.72,606,4.12,1.26,False
firm_0,159,13.73,12.31,53,0,606,3761662.35,4411.66,8320.38,3908.72,606,4.12,1.16,False
firm_0,160,14.42,11.69,54,0,614,3765427.29,4896.2,8853.88,3957.68,614,4.12,1.06,False
firm_0,161,13.7,11.11,53,0,602,3769101.62,4363.16,8247.4,3884.24,602,4.12,1.16,False
firm_0,162,13.7,10.55,53,0,601,3772798.05,4355.58,8233.7,3878.12,601,4.12,1.26,False
firm_0,163,14.38,10.02,54,0,612,3776381.49,4824.52,8800.56,3976.04,612,4.17,1.26,False
firm_0,164,15.1,10.52,55,0,623,3780666.28,5363.39,9407.3,4043.91,623,4.17,1.26,False
firm_0,165,13.59,10.0,54,0,612,3784367.32,4341.04,8317.08,3976.04,612,4.17,1.36,False
firm_0,166,13.59,10.0,55,0,623,3787408.83,4391.51,8466.57,4075.06,623,4.22,1.46,False
firm_0,167,12.91,10.0,55,0,623,3790826.7,3967.87,8042.93,4075.06,623,4.22,1.36,False
firm_0,168,13.56,10.5,56,0,635,3793967.85,4429.15,8610.6,4181.45,635,4.27,1.26,False
firm_0,169,12.88,10.5,55,0,623,3797208.38,3918.03,8024.24,4106.21,623,4.27,1.36,False
firm_0,170,12.88,10.0,56,0,634,3799807.42,3959.04,8165.92,4206.88,634,4.32,1.46,False
firm_0,171,14.17,10.0,57,0,645,3803600.67,4863.25,9139.65,4276.4,645,4.32,1.36,False
firm_0,172,13.46,10.0,56,0,634,3807135.73,4295.06,8533.64,4238.58,634,4.37,1.26,False
firm_0,173,13.46,10.0,55,0,622,3810464.61,4178.88,8372.12,4193.24,622,4.42,1.36,False
firm_0,174,12.11,10.0,54,0,611,3812970.65,3246.04,7399.21,4153.17,611,4.47,1.26,False
firm_0,175,13.32,10.0,55,0,622,3815881.35,4060.7,8285.04,4224.34,622,4.47,1.36,False
firm_0,176,12.65,10.0,56,0,634,3818207.77,3686.42,8020.1,4333.68,634,4.52,1.46,False
firm_0,177,12.02,11.0,57,0,645,3820196.02,3315.25,7752.9,4437.65,645,4.57,1.36,False
firm_0,178,11.42,10.45,57,0,645,3822528.62,2928.25,7365.9,4437.65,645,4.57,1.26,False
firm_0,179,10.85,10.97,56,0,634,3824327.82,2513.52,6878.9,4365.38,634,4.57,1.36,False
firm_0,180,10.0,10.42,56,0,634,3825487.22,1942.92,6340.0,4397.08,634,4.62,1.26,False
firm_0,181,10.0,10.42,55,0,623,3826588.71,1874.59,6230.0,4355.41,623,4.67,1.16,False
firm_0,182,10.5,10.42,54,0,611,3827935.61,2109.58,6415.5,4305.92,611,4.72,1.06,False
firm_0,183,10.0,10.0,53,0,600,3828843.61,1738.0,6000.0,4262.0,600,4.77,1.16,False
firm_0,184,10.0,10.0,54,0,611,3829577.14,1773.53,6110.0,4336.47,611,4.77,1.06,False
firm_0,185,10.0,10.0,55,0,622,3830105.1,1777.96,6220.0,4442.04,622,4.82,0.96,False
firm_0,186,11.0,10.0,56,0,634,3831495.22,2450.12,6974.0,4523.88,634,4.82,0.86,False
firm_0,187,11.55,10.0,57,0,645,3832943.82,2818.6,7449.75,4631.15,645,4.87,0.96,False
firm_0,188,12.71,10.0,58,0,656,3835162.06,3598.24,8337.76,4739.52,656,4.92,1.06,False
firm_0,189,12.07,10.0,57,0,645,3837481.56,3089.5,7785.15,4695.65,645,4.97,1.06,False
firm_0,190,13.28,10.0,58,0,656,3840008.12,3906.56,8711.68,4805.12,656,5.02,1.16,False
firm_0,191,13.28,10.0,59,0,668,3842799.8,3981.68,8871.04,4889.36,668,5.02,1.26,False
firm_0,192,13.94,10.0,58,0,656,3846226.52,4306.72,9144.64,4837.92,656,5.07,1.36,False
firm_0,193,13.94,10.0,57,0,645,3849555.42,4198.9,8991.3,4792.4,645,5.12,1.46,False
firm_0,194,15.33,10.0,58,0,656,3853561.18,5185.76,10056.48,4870.72,656,5.12,1.56,False
firm_0,195,14.56,11.0,58,0,657,3857378.41,4655.23,9565.92,4910.69,657,5.17,1.56,False
firm_0,196,14.56,10.45,59,0,668,3860664.98,4703.12,9726.08,5022.96,668,5.22,1.66,False
firm_0,197,14.56,10.0,58,0,656,3864600.02,4615.04,9551.36,4936.32,656,5.22,1.76,False
firm_0,198,15.29,10.0,59,0,667,3868692.71,5182.69,10198.43,5015.74,667,5.22,1.66,False
firm_0,199,16.82,10.0,59,0,668,3874082.11,6179.4,11235.76,5056.36,668,5.27,1.56,False
firm_0,200,15.98,10.0,58,0,656,3878783.07,5480.96,10482.88,5001.92,656,5.32,1.46,False
firm_0,201,14.38,10.0,58,0,656,3882301.63,4398.56,9433.28,5034.72,656,5.37,1.56,False
firm_0,202,13.66,10.0,59,0,667,3884973.71,3962.08,9111.22,5149.14,667,5.42,1.46,False
firm_0,203,12.98,10.0,58,0,656,3887608.27,3414.56,8514.88,5100.32,656,5.47,1.46,False
firm_0,204,12.98,10.0,57,0,644,3890154.51,3316.24,8359.12,5042.88,644,5.52,1.36,False
firm_0,205,12.33,10.0,56,0,633,3892339.24,2844.73,7804.89,4960.16,633,5.52,1.46,False
firm_0,206,12.33,10.0,57,0,645,3893939.44,2870.2,7952.85,5082.65,645,5.57,1.36,False
firm_0,207,12.95,10.5,57,0,645,3896511.04,3270.1,8352.75,5082.65,645,5.57,1.46,False
firm_0,208,13.6,10.0,58,0,656,3899186.72,3755.68,8921.6,5165.92,656,5.57,1.36,False
firm_0,209,14.28,10.0,57,0,645,3902744.67,4127.95,9210.6,5082.65,645,5.57,1.26,False
firm_0,210,14.28,10.0,57,0,645,3905970.37,4095.7,9210.6,5114.9,645,5.62,1.36,False
firm_0,211,14.99,11.0,56,0,633,3909587.93,4433.56,9488.67,5055.11,633,5.67,1.26,False
firm_0,212,14.99,11.0,55,0,623,3913112.14,4329.21,9338.77,5009.56,623,5.72,1.26,False
firm_0,213,16.49,10.45,55,0,623,3917701.1,5263.71,10273.27,5009.56,623,5.72,1.36,False
firm_0,214,16.49,10.0,54,0,611,3922089.02,5127.92,10075.39,4947.47,611,5.77,1.36,False
firm_0,215,15.67,10.0,54,0,611,3926175.92,4626.9,9574.37,4947.47,611,5.77,1.36,False
firm_0,216,17.24,10.0,53,0,599,3930888.5,5442.58,10326.76,4884.18,599,5.82,1.26,False
firm_0,217,16.38,10.0,54,0,610,3934870.1,5021.6,9991.8,4970.2,610,5.82,1.26,False
firm_0,218,15.56,10.0,54,0,611,3938759.24,4529.14,9507.16,4978.02,611,5.82,1.36,False
firm_0,219,14.0,10.0,53,0,599,3941731.06,3501.82,8386.0,4884.18,599,5.82,1.26,False
firm_0,220,13.3,10.0,53,0,599,3944053.63,3052.57,7966.7,4914.13,599,5.87,1.16,False
firm_0,221,12.64,10.0,52,0,588,3945808.99,2575.36,7432.32,4856.96,588,5.92,1.26,False
firm_0,222,12.01,10.0,53,0,599,3946798.95,2219.96,7193.99,4974.03,599,5.97,1.16,False
firm_0,223,12.01,10.0,54,0,610,3947705.05,2246.1,7326.1,5080.0,610,6.0,1.26,False
firm_0,224,11.41,10.5,54,0,611,3949021.56,1883.51,6971.51,5088.0,611,6.0,1.26,False
firm_0,225,10.84,10.0,55,0,622,3949338.04,1566.48,6742.48,5176.0,622,6.0,1.16,False
firm_0,226,10.84,10.5,56,0,637,3949859.12,1609.08,6905.08,5296.0,637,6.0,1.16,False
firm_0,227,11.38,10.0,55,0,622,3951111.48,1902.36,7078.36,5176.0,622,6.0,1.26,False
firm_0,228,11.95,10.5,55,0,626,3952806.68,2272.7,7480.7,5208.0,626,6.0,1.26,False
firm_0,229,11.35,10.0,54,0,611,3953813.53,1846.85,6934.85,5088.0,611,6.0,1.36,False
firm_0,230,11.35,11.0,53,0,603,3955050.58,1820.05,6844.05,5024.0,603,6.0,1.26,False
firm_0,231,10.78,10.45,53,0,603,3955773.07,1476.34,6500.34,5024.0,603,6.0,1.16,False
firm_0,232,10.78,10.45,52,0,588,3956664.31,1434.64,6338.64,4904.0,588,6.0,1.16,False
firm_0,233,10.24,10.0,52,0,588,3957061.43,1117.12,6021.12,4904.0,588,6.0,1.06,False
firm_0,234,10.0,10.0,51,0,577,3957405.43,954.0,5770.0,4816.0,577,6.0,1.16,False
firm_0,235,10.5,10.5,51,0,577,3958112.43,1242.5,6058.5,4816.0,577,6.0,1.06,False
firm_0,236,10.0,11.02,51,0,577,3958304.41,954.0,5770.0,4816.0,577,6.0,0.96,False
firm_0,237,11.0,10.47,50,0,565,3958975.91,1495.0,6215.0,4720.0,565,6.0,1.06,False
firm_0,238,10.45,10.0,49,0,554,3959643.21,1157.3,5789.3,4632.0,554,6.0,0.96,False
firm_0,239,10.97,10.0,49,0,554,3960598.59,1445.38,6077.38,4632.0,554,6.0,0.86,False
firm_0,240,10.97,10.0,50,0,565,3960876.64,1478.05,6198.05,4720.0,565,6.0,0.76,False
firm_0,241,10.42,10.5,49,0,554,3961502.82,1140.68,5772.68,4632.0,554,6.0,0.66,False
firm_0,242,11.46,11.02,50,0,565,3962006.72,1754.9,6474.9,4720.0,565,6.0,0.66,False
firm_0,243,12.03,12.12,50,0,566,3963481.7,2080.98,6808.98,4728.0,566,6.0,0.56,False
firm_0,244,12.63,10.91,49,0,554,3965212.13,2365.02,6997.02,4632.0,554,6.0,0.66,False
firm_0,245,12.63,10.91,49,0,554,3966942.56,2365.02,6997.02,4632.0,554,6.0,0.76,False
firm_0,246,13.26,10.91,50,0,565,3968468.96,2771.9,7491.9,4720.0,565,6.0,0.66,False
firm_0,247,12.6,10.36,49,0,554,3970309.72,2348.4,6980.4,4632.0,554,6.0,0.56,False
firm_0,248,11.97,10.0,49,0,554,3971619.1,1999.38,6631.38,4632.0,554,6.0,0.46,False
firm_0,249,12.57,10.0,50,0,565,3973001.15,2382.05,7102.05,4720.0,565,6.0,0.36,False
firm_0,250,11.94,10.5,49,0,554,3974169.41,1982.76,6614.76,4632.0,554,6.0,0.46,False
firm_0,251,10.75,11.55,49,0,554,3974726.96,1323.5,5955.5,4632.0,554,6.0,0.36,False
firm_0,252,10.21,12.13,49,0,554,3975156.93,1024.34,5656.34,4632.0,554,6.0,0.26,False
firm_0,253,11.23,13.34,48,0,543,3976070.5,1553.89,6097.89,4544.0,543,6.0,0.26,False
firm_0,254,10.67,13.34,47,0,532,3976663.96,1220.44,5676.44,4456.0,532,6.0,0.16,False
firm_0,255,11.2,13.34,48,0,543,3976961.24,1537.6,6081.6,4544.0,543,6.0,0.26,False
firm_0,256,11.2,12.01,49,0,554,3977145.55,1572.8,6204.8,4632.0,554,6.0,0.36,False
firm_0,257,10.08,12.61,48,0,543,3977269.71,929.44,5473.44,4544.0,543,6.0,0.36,False
firm_0,258,10.0,12.61,49,0,554,3977059.82,908.0,5540.0,4632.0,554,6.0,0.36,False
firm_0,259,10.0,13.24,50,0,565,3976627.82,930.0,5650.0,4720.0,565,6.0,0.26,False
firm_0,260,10.0,13.9,50,0,569,3976870.82,938.0,5690.0,4752.0,569,6.0,0.16,False
firm_0,261,10.0,13.2,49,0,557,3976838.02,914.0,5570.0,4656.0,557,6.0,0.26,False
firm_0,262,10.0,11.88,48,0,546,3977159.78,892.0,5460.0,4568.0,546,6.0,0.26,False
firm_0,263,11.0,11.29,47,0,534,3977731.15,1402.0,5874.0,4472.0,534,6.0,0.36,False
firm_0,264,10.0,10.73,46,0,522,3977881.57,844.0,5220.0,4376.0,522,6.0,0.26,False
firm_0,265,11.0,10.19,45,0,511,3978756.02,1333.0,5621.0,4288.0,511,6.0,0.16,False
firm_0,266,10.45,10.0,44,0,500,3979141.02,1025.0,5225.0,4200.0,500,6.0,0.16,False
firm_0,267,11.5,10.0,44,0,500,3980151.02,1550.0,5750.0,4200.0,500,6.0,0.26,False
firm_0,268,12.65,10.0,43,0,488,3981590.22,2069.2,6173.2,4104.0,488,6.0,0.26,False
firm_0,269,12.02,10.0,43,0,488,3982921.98,1761.76,5865.76,4104.0,488,6.0,0.16,False
firm_0,270,11.42,10.0,42,0,477,3983733.32,1431.34,5447.34,4016.0,477,6.0,0.1,False
firm_0,271,11.99,10.0,42,0,477,3984916.55,1703.23,5719.23,4016.0,477,6.0,0.2,False
firm_0,272,11.99,10.5,43,0,488,3985512.17,1747.12,5851.12,4104.0,488,6.0,0.1,False
firm_0,273,11.39,10.0,43,0,488,3986336.49,1454.32,5558.32,4104.0,488,6.0,0.1,False
firm_0,274,10.82,10.0,43,0,488,3987082.65,1176.16,5280.16,4104.0,488,6.0,0.1,False
firm_0,275,10.82,10.0,42,0,477,3987807.79,1145.14,5161.14,4016.0,477,6.0,0.1,False
firm_0,276,10.82,10.0,41,0,465,3988309.09,1111.3,5031.3,3920.0,465,6.0,0.1,False
firm_0,277,11.9,10.0,40,0,454,3989179.69,1570.6,5402.6,3832.0,454,6.0,0.2,False
firm_0,278,10.71,10.0,40,0,454,3989510.03,1030.34,4862.34,3832.0,454,6.0,0.3,False
firm_0,279,11.25,10.0,39,0,443,3990159.78,1239.75,4983.75,3744.0,443,6.0,0.2,False
firm_0,280,11.25,10.0,40,0,454,3990435.28,1275.5,5107.5,3832.0,454,6.0,0.3,False
firm_0,281,11.25,11.0,41,0,466,3990698.78,1314.5,5242.5,3928.0,466,6.0,0.4,False
firm_0,282,12.38,10.45,41,0,466,3991811.41,1841.08,5769.08,3928.0,466,6.0,0.5,False
firm_0,283,12.38,10.0,41,0,466,3993042.49,1841.08,5769.08,3928.0,466,6.0,0.5,False
firm_0,284,12.38,10.0,40,0,454,3994131.01,1788.52,5620.52,3832.0,454,6.0,0.6,False
firm_0,285,13.62,10.0,41,0,465,3995634.31,2413.3,6333.3,3920.0,465,6.0,0.5,False
firm_0,286,12.94,11.0,42,0,477,3996828.69,2156.38,6172.38,4016.0,477,6.0,0.5,False
firm_0,287,12.29,10.0,41,0,465,3998013.54,1794.85,5714.85,3920.0,465,6.0,0.4,False
firm_0,288,11.68,10.0,42,0,477,3998448.9,1555.36,5571.36,4016.0,477,6.0,0.3,False
firm_0,289,11.68,10.0,43,0,488,3998914.74,1595.84,5699.84,4104.0,488,6.0,0.2,False
firm_0,290,11.1,10.0,42,0,477,3999573.44,1278.7,5294.7,4016.0,477,6.0,0.1,False
firm_0,291,11.66,10.0,42,0,477,4000399.26,1545.82,5561.82,4016.0,477,6.0,0.2,False
firm_0,292,12.83,10.0,42,0,477,4001883.17,2103.91,6119.91,4016.0,477,6.0,0.1,False
firm_0,293,12.83,10.0,43,0,488,4002810.21,2157.04,6261.04,4104.0,488,6.0,0.2,False
firm_0,294,12.83,10.5,44,0,500,4004063.21,2215.0,6415.0,4200.0,500,6.0,0.1,False
firm_0,295,14.11,10.5,43,0,488,4006393.39,2781.68,6885.68,4104.0,488,6.0,0.1,False
firm_0,296,14.82,10.5,44,0,500,4008341.39,3210.0,7410.0,4200.0,500,6.0,0.2,False
firm_0,297,14.82,11.55,45,0,511,4010406.66,3285.02,7573.02,4288.0,511,6.0,0.1,False
firm_0,298,14.08,12.71,44,0,500,4012487.42,2840.0,7040.0,4200.0,500,6.0,0.1,False
firm_0,299,15.49,12.07,43,0,488,4015423.53,3455.12,7559.12,4104.0,488,6.0,0.1,False
firm_0,300,14.72,10.86,44,0,499,4017298.97,3153.28,7345.28,4192.0,499,6.0,0.2,False
firm_0,301,16.19,10.32,43,0,488,4020451.93,3796.72,7900.72,4104.0,488,6.0,0.1,False
firm_0,302,15.38,10.0,44,0,500,4022701.93,3490.0,7690.0,4200.0,500,6.0,0.2,False
firm_0,303,16.92,10.0,43,0,488,4026224.89,4152.96,8256.96,4104.0,488,6.0,0.2,False
firm_0,304,16.92,10.0,44,0,499,4029535.97,4251.08,8443.08,4192.0,499,6.0,0.1,False
firm_0,305,16.07,10.0,45,0,511,4032309.74,3923.77,8211.77,4288.0,511,6.0,0.1,False
firm_0,306,15.27,10.0,45,0,511,4035074.71,3514.97,7802.97,4288.0,511,6.0,0.2,False
firm_0,307,16.8,10.0,44,0,499,4038625.91,4191.2,8383.2,4192.0,499,6.0,0.1,False
firm_0,308,15.96,10.0,43,0,488,4041680.39,3684.48,7788.48,4104.0,488,6.0,0.1,False
firm_0,309,15.96,10.0,44,0,499,4044512.43,3772.04,7964.04,4192.0,499,6.0,0.1,False
firm_0,310,17.56,10.0,43,0,488,4048247.71,4465.28,8569.28,4104.0,488,6.0,0.2,False
firm_0,311,16.68,10.0,42,0,477,4051768.07,3940.36,7956.36,4016.0,477,6.0,0.2,False
firm_0,312,17.51,10.0,41,0,465,4055380.22,4222.15,8142.15,3920.0,465,6.0,0.1,False
firm_0,313,18.39,10.0,42,0,477,4058916.25,4756.03,8772.03,4016.0,477,6.0,0.2,False
firm_0,314,17.47,10.0,41,0,465,4062409.8,4203.55,8123.55,3920.0,465,6.0,0.3,False
firm_0,315,16.6,11.0,42,0,477,4065350.0,3902.2,7918.2,4016.0,477,6.0,0.3,False
firm_0,316,15.77,10.0,41,0,465,4068053.05,3413.05,7333.05,3920.0,465,6.0,0.4,False
firm_0,317,17.35,11.0,40,0,454,4071357.95,4044.9,7876.9,3832.0,454,6.0,0.5,False
firm_0,318,16.48,12.1,39,0,442,4074234.21,3548.16,7284.16,3736.0,442,6.0,0.5,False
firm_0,319,14.83,10.89,40,0,454,4075899.43,2900.82,6732.82,3832.0,454,6.0,0.6,False
firm_0,320,14.83,10.0,39,0,442,4078128.29,2818.86,6554.86,3736.0,442,6.0,0.5,False
firm_0,321,14.09,10.0,39,0,442,4080030.07,2491.78,6227.78,3736.0,442,6.0,0.4,False
firm_0,322,15.5,10.0,38,0,431,4082482.57,3032.5,6680.5,3648.0,431,6.0,0.4,False
firm_0,323,14.72,10.0,38,0,431,4084698.89,2696.32,6344.32,3648.0,431,6.0,0.5,False
firm_0,324,15.46,10.0,39,0,442,4086906.21,3097.32,6833.32,3736.0,442,6.0,0.4,False
firm_0,325,14.69,10.0,38,0,431,4089009.6,2683.39,6331.39,3648.0,431,6.0,0.3,False
firm_0,326,13.96,10.0,37,0,420,4090642.8,2303.2,5863.2,3560.0,420,6.0,0.4,False
firm_0,327,13.26,10.0,37,0,420,4092082.0,2009.2,5569.2,3560.0,420,6.0,0.3,False
firm_0,328,14.59,10.0,36,0,408,4094110.72,2488.72,5952.72,3464.0,408,6.0,0.4,False
firm_0,329,14.59,10.5,36,0,409,4096228.03,2495.31,5967.31,3472.0,409,6.0,0.3,False
firm_0,330,15.32,11.02,35,0,397,4098248.37,2706.04,6082.04,3376.0,397,6.0,0.4,False
firm_0,331,15.32,12.12,36,0,409,4099805.93,2793.88,6265.88,3472.0,409,6.0,0.5,False
firm_0,332,13.79,12.12,36,0,409,4101437.72,2168.11,5640.11,3472.0,409,6.0,0.6,False
firm_0,333,12.41,12.12,37,0,420,4101941.48,1652.2,5212.2,3560.0,420,6.0,0.5,False
firm_0,334,13.65,12.73,37,0,420,4103543.47,2173.0,5733.0,3560.0,420,6.0,0.6,False
firm_0,335,14.33,14.0,36,0,409,4105328.44,2388.97,5860.97,3472.0,409,6.0,0.7,False
firm_0,336,14.33,13.3,36,0,409,4107038.61,2388.97,5860.97,3472.0,409,6.0,0.6,False
firm_0,337,15.05,11.97,37,0,420,4108656.72,2761.0,6321.0,3560.0,420,6.0,0.6,False
firm_0,338,14.3,11.37,38,0,431,4110039.96,2515.3,6163.3,3648.0,431,6.0,0.6,False
firm_0,339,15.02,10.8,37,0,420,4112388.76,2748.4,6308.4,3560.0,420,6.0,0.5,False
firm_0,340,15.02,10.26,38,0,431,4114124.5,2825.62,6473.62,3648.0,431,6.0,0.4,False
firm_0,341,14.27,10.26,38,0,431,4116136.99,2502.37,6150.37,3648.0,431,6.0,0.5,False
firm_0,342,13.56,10.0,39,0,442,4117204.51,2257.52,5993.52,3736.0,442,6.0,0.6,False
firm_0,343,14.24,10.0,38,0,431,4119313.95,2489.44,6137.44,3648.0,431,6.0,0.5,False
firm_0,344,15.66,10.0,39,0,442,4121309.67,3185.72,6921.72,3736.0,442,6.0,0.6,False
firm_0,345,14.88,10.0,38,0,431,4123494.95,2765.28,6413.28,3648.0,431,6.0,0.5,False
firm_0,346,13.39,11.0,38,0,431,4125000.04,2123.09,5771.09,3648.0,431,6.0,0.5,False
firm_0,347,13.39,10.0,37,0,419,4126688.45,2058.41,5610.41,3552.0,419,6.0,0.4,False
firm_0,348,12.72,10.0,38,0,431,4127542.77,1834.32,5482.32,3648.0,431,6.0,0.5,False
firm_0,349,13.99,10.0,37,0,419,4129282.58,2309.81,5861.81,3552.0,419,6.0,0.4,False
firm_0,350,13.99,10.0,37,0,419,4130922.39,2309.81,5861.81,3552.0,419,6.0,0.5,False
firm_0,351,13.29,10.0,36,0,408,4132520.71,1958.32,5422.32,3464.0,408,6.0,0.5,False
firm_0,352,11.96,10.0,36,0,408,4133276.39,1415.68,4879.68,3464.0,408,6.0,0.6,False
firm_0,353,11.36,10.0,35,0,397,4133760.31,1133.92,4509.92,3376.0,397,6.0,0.7,False
firm_0,354,10.79,10.0,34,0,385,4134094.46,874.15,4154.15,3280.0,385,6.0,0.6,False
firm_0,355,10.79,10.0,33,0,374,4134407.92,843.46,4035.46,3192.0,374,6.0,0.5,False
firm_0,356,10.25,10.0,34,0,385,4134034.17,666.25,3946.25,3280.0,385,6.0,0.4,False
firm_0,357,11.28,10.0,34,0,385,4134756.97,1062.8,4342.8,3280.0,385,6.0,0.3,False
firm_0,358,10.72,10.0,33,0,374,4135244.25,817.28,4009.28,3192.0,374,6.0,0.3,False
firm_0,359,10.72,10.0,32,0,363,4135511.61,787.36,3891.36,3104.0,363,6.0,0.2,False
firm_0,360,10.18,10.0,31,0,351,4135466.79,565.18,3573.18,3008.0,351,6.0,0.3,False
firm_0,361,10.0,10.0,30,0,340,4135346.79,480.0,3400.0,2920.0,340,6.0,0.4,False
firm_0,362,11.0,10.0,31,0,351,4135089.79,853.0,3861.0,3008.0,351,6.0,0.5,False
firm_0,363,10.45,10.0,32,0,362,4134856.69,686.9,3782.9,3096.0,362,6.0,0.6,False
firm_0,364,10.0,10.0,31,0,351,4134948.69,502.0,3510.0,3008.0,351,6.0,0.7,False
firm_0,365,10.0,10.0,30,0,340,4134928.69,480.0,3400.0,2920.0,340,6.0,0.6,False
firm_1,1,40.97,37.95,14,0,161,107728.58,6008.16,6596.17,588.01,161,0.41,0.58,False
firm_1,2,43.02,41.74,15,0,174,113468.62,6866.14,7485.48,619.34,174,0.41,0.48,False
firm_1,3,43.02,43.83,16,0,186,119620.8,7353.46,8001.72,648.26,186,0.41,0.48,False
firm_1,4,45.17,41.64,17,0,196,126593.88,8180.96,8853.32,672.36,196,0.41,0.48,False
firm_1,5,42.91,37.48,17,0,195,133444.47,7687.75,8367.45,679.7,195,0.46,0.48,False
firm_1,6,45.06,39.35,18,0,208,140896.97,8660.8,9372.48,711.68,208,0.46,0.38,False
firm_1,7,40.55,37.38,17,0,196,147317.35,7255.84,7947.8,691.96,196,0.51,0.28,False
firm_1,8,44.6,35.51,17,0,196,154553.52,8039.84,8741.6,701.76,196,0.56,0.28,False
firm_1,9,40.14,33.73,18,0,207,160815.09,7568.71,8308.98,740.27,207,0.61,0.18,False
firm_1,10,42.15,35.42,17,0,196,167662.79,7549.84,8261.4,711.56,196,0.61,0.28,False
firm_1,11,37.94,38.96,17,0,196,173625.15,6724.68,7436.24,711.56,196,0.61,0.38,False
firm_1,12,34.15,40.91,17,0,196,178701.72,5972.04,6693.4,721.36,196,0.66,0.38,False
firm_1,13,30.74,38.86,17,0,196,183134.98,5293.88,6025.04,731.16,196,0.71,0.38,False
firm_1,14,27.67,40.8,16,0,184,186874.82,4392.64,5091.28,698.64,184,0.71,0.28,False
firm_1,15,24.9,42.84,17,0,196,189795.78,4149.24,4880.4,731.16,196,0.71,0.18,False
firm_1,16,27.39,47.12,18,0,207,193256.38,4908.76,5669.73,760.97,207,0.71,0.28,False
firm_1,17,26.02,47.12,17,0,195,196591.04,4335.7,5073.9,738.2,195,0.76,0.28,False
firm_1,18,23.42,42.41,18,0,207,199404.28,4076.62,4847.94,771.32,207,0.76,0.28,False
firm_1,19,22.25,46.65,19,0,218,201755.85,4037.92,4850.5,812.58,218,0.81,0.38,False
firm_1,20,23.36,41.98,20,0,230,204942.75,4526.5,5372.8,846.3,230,0.81,0.38,False
firm_1,21,22.19,39.88,20,0,230,208302.55,4257.4,5103.7,846.3,230,0.81,0.48,False
firm_1,22,19.97,39.88,20,0,230,211040.25,3735.3,4593.1,857.8,230,0.86,0.48,False
firm_1,23,18.97,35.89,19,0,218,213459.42,3301.08,4135.46,834.38,218,0.91,0.38,False
firm_1,24,18.02,37.68,20,0,230,215481.12,3275.3,4144.6,869.3,230,0.91,0.28,False
firm_1,25,16.22,33.91,20,0,230,217564.22,2861.3,3730.6,869.3,230,0.91,0.38,False
firm_1,26,16.22,32.21,21,0,241,219395.52,3007.71,3909.02,901.31,241,0.91,0.28,False
firm_1,27,14.6,30.6,21,0,241,221370.21,2617.29,3518.6,901.31,241,0.91,0.18,False
firm_1,28,16.06,27.54,20,0,229,223630.76,2811.35,3677.74,866.39,229,0.91,0.18,False
firm_1,29,16.06,28.92,21,0,241,225392.59,2969.15,3870.46,901.31,241,0.91,0.28,False
firm_1,30,14.45,28.92,21,0,239,227131.38,2546.11,3453.55,907.44,239,0.96,0.18,False
firm_1,31,15.17,30.37,22,0,251,228827.95,2864.71,3807.67,942.96,251,0.96,0.1,False
firm_1,32,14.41,27.33,22,0,251,230688.09,2661.4,3616.91,955.51,251,1.01,0.1,False
firm_1,33,14.41,30.06,22,0,251,232588.17,2661.4,3616.91,955.51,251,1.01,0.2,False
firm_1,34,15.13,27.05,22,0,250,234723.07,2830.0,3782.5,952.5,250,1.01,0.3,False
firm_1,35,15.13,25.7,21,0,239,236880.05,2696.68,3616.07,919.39,239,1.01,0.3,False
firm_1,36,15.89,24.42,21,0,239,239033.6,2866.37,3797.71,931.34,239,1.06,0.2,False
firm_1,37,15.89,25.64,20,0,228,241034.64,2713.84,3622.92,909.08,228,1.11,0.2,False
firm_1,38,15.1,28.2,20,0,228,243004.36,2533.72,3442.8,909.08,228,1.11,0.1,False
firm_1,39,15.1,29.61,20,0,228,244945.88,2533.72,3442.8,909.08,228,1.11,0.1,False
firm_1,40,14.34,31.09,20,0,228,246473.12,2349.04,3269.52,920.48,228,1.16,0.1,False
firm_1,41,15.77,32.64,21,0,239,248001.47,2813.79,3769.03,955.24,239,1.16,0.2,False
firm_1,42,17.35,35.9,22,0,252,250087.55,3375.88,4372.2,996.32,252,1.16,0.2,False
firm_1,43,19.09,37.7,21,0,240,252607.05,3611.2,4581.6,970.4,240,1.21,0.3,False
firm_1,44,21.0,33.93,21,0,240,255752.12,4057.6,5040.0,982.4,240,1.26,0.3,False
firm_1,45,18.9,35.63,22,0,250,257965.76,3697.5,4725.0,1027.5,250,1.31,0.2,False
firm_1,46,17.01,35.63,22,0,252,260121.7,3239.8,4286.52,1046.72,252,1.36,0.3,False
firm_1,47,16.16,39.19,21,0,240,261858.71,2860.0,3878.4,1018.4,240,1.41,0.4,False
firm_1,48,16.16,39.19,22,0,250,263271.53,2975.0,4040.0,1065.0,250,1.46,0.4,False
firm_1,49,15.35,43.11,21,0,240,264807.82,2641.6,3684.0,1042.4,240,1.51,0.3,False
firm_1,50,15.35,38.8,22,0,252,266137.9,2783.68,3868.2,1084.52,252,1.51,0.4,False
firm_1,51,15.35,34.92,23,0,262,267636.82,2902.08,4021.7,1119.62,262,1.51,0.5,False
firm_1,52,14.58,38.41,24,0,273,268937.09,2822.11,3980.34,1158.23,273,1.51,0.6,False
firm_1,53,13.85,42.25,23,0,263,270171.61,2506.27,3642.55,1136.28,263,1.56,0.7,False
firm_1,54,12.46,44.36,22,0,251,271129.59,2033.9,3127.46,1093.56,251,1.56,0.8,False
firm_1,55,11.84,46.58,21,0,240,271938.61,1787.2,2841.6,1054.4,240,1.56,0.8,False
firm_1,56,11.25,44.25,20,0,229,272403.17,1549.56,2576.25,1026.69,229,1.61,0.7,False
firm_1,57,11.25,39.83,19,0,217,273104.28,1457.88,2441.25,983.37,217,1.61,0.6,False
firm_1,58,10.69,41.82,18,0,206,273610.0,1258.48,2202.14,943.66,206,1.61,0.6,False
firm_1,59,10.16,46.0,17,0,194,273589.0,1061.0,1971.04,910.04,194,1.66,0.7,False
firm_1,60,10.16,48.3,16,0,183,273705.7,989.5,1859.28,869.78,183,1.66,0.8,False
firm_1,61,10.0,53.13,15,0,171,273584.34,875.59,1710.0,834.41,171,1.71,0.7,False
firm_1,62,11.0,58.44,15,0,171,273445.78,1038.04,1881.0,842.96,171,1.76,0.8,False
firm_1,63,10.0,58.44,16,0,183,272952.66,941.92,1830.0,888.08,183,1.76,0.7,False
firm_1,64,10.0,55.52,15,0,171,272986.9,867.04,1710.0,842.96,171,1.76,0.6,False
firm_1,65,10.0,58.3,16,0,183,272396.02,941.92,1830.0,888.08,183,1.76,0.7,False
firm_1,66,10.0,64.13,17,0,194,271716.37,1010.56,1940.0,929.44,194,1.76,0.8,False
firm_1,67,10.0,60.92,18,0,206,270894.95,1075.14,2060.0,984.86,206,1.81,0.9,False
firm_1,68,11.0,57.87,18,0,206,271134.43,1281.14,2266.0,984.86,206,1.81,0.9,False
firm_1,69,11.0,63.66,17,0,194,271247.07,1194.86,2134.0,939.14,194,1.81,0.8,False
firm_1,70,11.0,60.48,17,0,194,271413.77,1194.86,2134.0,939.14,194,1.81,0.8,False
firm_1,71,11.55,66.53,16,0,183,271256.56,1207.27,2113.65,906.38,183,1.86,0.9,False
firm_1,72,12.71,59.88,16,0,183,271718.03,1419.55,2325.93,906.38,183,1.86,0.9,False
firm_1,73,13.35,62.87,17,0,194,271690.3,1641.06,2589.9,948.84,194,1.86,1.0,False
firm_1,74,14.02,56.58,16,0,183,272344.3,1659.28,2565.66,906.38,183,1.86,1.1,False
firm_1,75,15.42,53.75,15,0,171,273314.81,1776.76,2636.82,860.06,171,1.86,1.1,False
firm_1,76,16.96,51.06,14,0,160,274287.97,1888.0,2713.6,825.6,160,1.91,1.1,False
firm_1,77,18.66,56.17,14,0,160,275453.59,2152.0,2985.6,833.6,160,1.96,1.1,False
firm_1,78,19.59,58.98,15,0,171,276333.07,2464.18,3349.89,885.71,171,2.01,1.0,False
firm_1,79,21.55,58.98,15,0,171,278147.71,2799.34,3685.05,885.71,171,2.01,1.1,False
firm_1,80,22.63,61.93,16,0,183,279764.29,3207.46,4141.29,933.83,183,2.01,1.2,False
firm_1,81,23.76,55.74,16,0,183,282077.55,3405.1,4348.08,942.98,183,2.06,1.2,False
firm_1,82,21.38,50.17,15,0,171,284086.72,2761.72,3655.98,894.26,171,2.06,1.1,False
firm_1,83,21.38,50.17,16,0,183,285653.56,2969.56,3912.54,942.98,183,2.06,1.2,False
firm_1,84,23.52,50.17,16,0,183,288212.02,3361.18,4304.16,942.98,183,2.06,1.2,False
firm_1,85,23.52,45.15,16,0,183,290850.8,3361.18,4304.16,942.98,183,2.06,1.1,False
firm_1,86,23.52,49.66,15,0,171,293133.56,3127.66,4021.92,894.26,171,2.06,1.2,False
firm_1,87,23.52,47.18,14,0,160,295386.64,2913.6,3763.2,849.6,160,2.06,1.1,False
firm_1,88,23.52,44.82,14,0,160,297672.76,2913.6,3763.2,849.6,160,2.06,1.0,False
firm_1,89,23.52,44.82,14,0,160,299858.88,2913.6,3763.2,849.6,160,2.06,1.1,False
firm_1,90,24.7,44.82,13,0,148,302130.94,2854.72,3655.6,800.88,148,2.06,1.1,False
firm_1,91,25.94,44.82,13,0,148,304586.52,3038.24,3839.12,800.88,148,2.06,1.1,False
firm_1,92,25.94,42.58,12,0,137,306873.12,2797.56,3553.78,756.22,137,2.06,1.1,False
firm_1,93,28.53,38.32,11,0,126,309234.82,2883.22,3594.78,711.56,126,2.06,1.2,False
firm_1,94,28.53,34.49,11,0,126,311532.35,2876.92,3594.78,717.86,126,2.11,1.1,False
firm_1,95,29.96,34.49,12,0,137,313859.92,3341.45,4104.52,763.07,137,2.11,1.2,False
firm_1,96,29.96,36.21,11,0,126,316518.71,3057.1,3774.96,717.86,126,2.11,1.1,False
firm_1,97,29.96,39.83,11,0,125,319111.83,3031.25,3745.0,713.75,125,2.11,1.1,False
firm_1,98,29.96,39.83,12,0,137,321375.32,3341.45,4104.52,763.07,137,2.11,1.2,False
firm_1,99,31.46,37.84,11,0,125,323871.58,3212.5,3932.5,720.0,125,2.16,1.3,False
firm_1,100,29.89,34.06,11,0,125,326513.17,3016.25,3736.25,720.0,125,2.16,1.2,False
firm_1,101,26.9,35.76,11,0,125,328762.31,2642.5,3362.5,720.0,125,2.16,1.2,False
firm_1,102,26.9,32.18,10,0,114,330832.87,2392.36,3066.6,674.24,114,2.16,1.1,False
firm_1,103,28.24,30.57,11,0,125,332806.6,2810.0,3530.0,720.0,125,2.16,1.1,False
firm_1,104,25.42,27.51,10,0,114,334655.14,2223.64,2897.88,674.24,114,2.16,1.2,False
firm_1,105,22.88,30.26,10,0,114,336286.62,1934.08,2608.32,674.24,114,2.16,1.1,False
firm_1,106,25.17,31.77,11,0,125,337863.4,2426.25,3146.25,720.0,125,2.16,1.1,False
firm_1,107,23.91,30.18,10,0,114,339613.1,2051.5,2725.74,674.24,114,2.16,1.1,False
firm_1,108,21.52,28.67,9,0,102,340925.79,1570.72,2195.04,624.32,102,2.16,1.0,False
firm_1,109,22.6,31.54,9,0,102,342322.81,1680.88,2305.2,624.32,102,2.16,1.0,False
firm_1,110,22.6,29.96,8,0,91,343461.17,1478.04,2056.6,578.56,91,2.16,1.1,False
firm_1,111,22.6,31.46,7,0,79,344497.71,1256.76,1785.4,528.64,79,2.16,1.0,False
firm_1,112,22.6,31.46,7,0,79,345534.25,1256.76,1785.4,528.64,79,2.16,0.9,False
firm_1,113,20.34,34.61,8,0,91,346029.75,1272.38,1850.94,578.56,91,2.16,0.9,False
firm_1,114,20.34,34.61,8,0,91,347025.25,1272.38,1850.94,578.56,91,2.16,0.9,False
firm_1,115,19.32,36.34,8,0,91,347814.09,1179.56,1758.12,578.56,91,2.16,1.0,False
firm_1,116,19.32,34.52,7,0,80,348485.25,1012.8,1545.6,532.8,80,2.16,1.1,False
firm_1,117,20.29,32.79,8,0,91,348686.21,1263.28,1846.39,583.11,91,2.21,1.2,False
firm_1,118,19.28,34.43,8,0,91,349482.14,1171.37,1754.48,583.11,91,2.21,1.3,False
firm_1,119,17.35,30.99,8,0,91,350229.96,995.74,1578.85,583.11,91,2.21,1.3,False
firm_1,120,17.35,32.54,7,0,80,350549.38,847.2,1388.0,540.8,80,2.26,1.4,False
firm_1,121,19.09,29.29,7,0,80,351230.75,986.4,1527.2,540.8,80,2.26,1.5,False
firm_1,122,21.0,27.83,6,0,68,352002.09,938.32,1428.0,489.68,68,2.26,1.5,False
firm_1,123,21.0,27.83,7,0,80,352242.48,1135.2,1680.0,544.8,80,2.31,1.4,False
firm_1,124,23.1,25.05,8,0,91,353051.97,1509.89,2102.1,592.21,91,2.31,1.4,False
firm_1,125,25.41,25.05,9,0,103,354094.67,1968.15,2617.23,649.08,103,2.36,1.3,False
firm_1,126,27.95,26.3,9,0,103,355882.59,2224.62,2878.85,654.23,103,2.41,1.3,False
firm_1,127,26.55,27.62,10,0,114,357330.35,2323.96,3026.7,702.74,114,2.41,1.4,False
firm_1,128,26.55,26.24,9,0,103,358969.46,2075.27,2734.65,659.38,103,2.46,1.4,False
firm_1,129,26.55,27.55,8,0,91,360354.7,1805.64,2416.05,610.41,91,2.51,1.3,False
firm_1,130,26.55,27.55,7,0,80,361521.05,1559.2,2124.0,564.8,80,2.56,1.3,False
firm_1,131,23.9,28.93,6,0,68,362462.59,1115.12,1625.2,510.08,68,2.56,1.2,False
firm_1,132,26.29,30.38,5,0,57,363349.3,1038.61,1498.53,459.92,57,2.56,1.1,False
firm_1,133,27.6,31.9,4,0,45,363958.5,836.8,1242.0,405.2,45,2.56,1.2,False
firm_1,134,24.84,30.3,5,0,57,364060.11,953.11,1415.88,462.77,57,2.61,1.1,False
firm_1,135,24.84,27.27,6,0,69,364288.91,1192.42,1713.96,521.54,69,2.66,1.2,False
firm_1,136,24.84,25.91,7,0,80,364817.94,1410.4,1987.2,576.8,80,2.71,1.1,False
firm_1,137,22.36,28.5,6,0,69,365564.79,1017.85,1542.84,524.99,69,2.71,1.2,False
firm_1,138,24.6,25.65,5,0,57,366167.42,930.88,1402.2,471.32,57,2.76,1.2,False
firm_1,139,24.6,24.37,6,0,69,366690.16,1168.96,1697.4,528.44,69,2.76,1.2,False
firm_1,140,25.83,24.37,5,0,57,367366.45,998.14,1472.31,474.17,57,2.81,1.1,False
firm_1,141,23.25,21.93,6,0,69,367707.23,1072.36,1604.25,531.89,69,2.81,1.2,False
firm_1,142,25.58,23.03,6,0,69,368702.18,1233.13,1765.02,531.89,69,2.81,1.3,False
firm_1,143,28.14,21.88,5,0,57,369722.59,1129.81,1603.98,474.17,57,2.81,1.3,False
firm_1,144,26.73,20.79,6,0,69,370410.33,1312.48,1844.37,531.89,69,2.81,1.3,False
firm_1,145,25.39,19.75,5,0,57,371184.64,973.06,1447.23,474.17,57,2.81,1.4,False
firm_1,146,25.39,17.78,5,0,57,372068.8,973.06,1447.23,474.17,57,2.81,1.3,False
firm_1,147,25.39,16.89,6,0,69,372587.48,1220.02,1751.91,531.89,69,2.81,1.4,False
firm_1,148,27.93,16.89,7,0,80,373618.85,1649.6,2234.4,584.8,80,2.81,1.4,False
firm_1,149,27.93,15.2,6,0,69,374719.48,1391.83,1927.17,535.34,69,2.86,1.3,False
firm_1,150,27.93,16.72,5,0,57,375548.02,1112.14,1592.01,479.87,57,2.91,1.3,False
firm_1,151,25.14,18.39,6,0,69,376033.55,1195.87,1734.66,538.79,69,2.91,1.4,False
firm_1,152,27.65,16.55,6,0,69,377099.86,1365.61,1907.85,542.24,69,2.96,1.3,False
firm_1,153,27.65,15.72,6,0,69,378371.15,1365.61,1907.85,542.24,69,2.96,1.3,False
firm_1,154,27.65,15.72,5,0,57,379385.88,1093.33,1576.05,482.72,57,2.96,1.2,False
firm_1,155,30.42,14.15,5,0,57,380363.5,1248.37,1733.94,485.57,57,3.01,1.1,False
firm_1,156,30.42,14.15,4,0,45,381048.1,941.2,1368.9,427.7,45,3.06,1.1,False
firm_1,157,27.38,14.86,5,0,57,381546.04,1072.24,1560.66,488.42,57,3.06,1.0,False
firm_1,158,30.12,16.35,5,0,57,382489.86,1225.57,1716.84,491.27,57,3.11,0.9,False
firm_1,159,28.61,17.99,4,0,46,383298.9,881.0,1316.06,435.06,46,3.11,0.8,False
firm_1,160,28.61,17.09,3,0,34,383746.63,599.0,972.74,373.74,34,3.11,0.9,False
firm_1,161,31.47,17.94,2,0,23,384017.03,406.28,723.81,317.53,23,3.11,1.0,False
firm_1,162,31.47,16.15,1,0,11,383790.29,89.41,346.17,256.76,11,3.16,1.1,False
firm_1,163,31.47,17.76,2,0,22,383533.59,378.82,692.34,313.52,22,3.16,1.2,False
firm_1,164,28.32,18.65,2,0,22,383504.71,308.42,623.04,314.62,22,3.21,1.3,False
firm_1,165,31.15,20.52,3,0,34,383525.11,681.96,1059.1,377.14,34,3.21,1.4,False
firm_1,166,34.26,20.52,2,0,22,383923.17,439.1,753.72,314.62,22,3.21,1.3,False
firm_1,167,34.26,21.55,3,0,34,384046.22,787.7,1164.84,377.14,34,3.21,1.4,False
firm_1,168,30.83,19.4,3,0,34,384457.4,669.38,1048.22,378.84,34,3.26,1.3,False
firm_1,169,30.83,18.43,4,0,45,384632.08,948.4,1387.35,438.95,45,3.31,1.3,False
firm_1,170,30.83,18.43,5,0,57,385194.57,1254.64,1757.31,502.67,57,3.31,1.4,False
firm_1,171,27.75,16.59,6,0,68,385820.95,1325.92,1887.0,561.08,68,3.31,1.5,False
firm_1,172,30.52,15.76,5,0,57,386879.12,1236.97,1739.64,502.67,57,3.31,1.6,False
firm_1,173,30.52,15.76,5,0,57,388037.29,1236.97,1739.64,502.67,57,3.31,1.5,False
firm_1,174,27.47,16.55,5,0,57,389017.66,1063.12,1565.79,502.67,57,3.31,1.4,False
firm_1,175,26.1,16.55,4,0,45,389484.76,733.3,1174.5,441.2,45,3.36,1.4,False
firm_1,176,24.8,15.72,5,0,57,389611.39,905.23,1413.6,508.37,57,3.41,1.4,False
firm_1,177,24.8,17.29,4,0,45,390214.78,672.55,1116.0,443.45,45,3.41,1.3,False
firm_1,178,24.8,16.43,3,0,34,390624.75,459.26,843.2,383.94,34,3.41,1.2,False
firm_1,179,23.56,18.07,2,0,22,390787.91,199.3,518.32,319.02,22,3.41,1.1,False
firm_1,180,25.92,16.26,3,0,34,390736.47,497.34,881.28,383.94,34,3.41,1.1,False
firm_1,181,27.22,14.63,2,0,22,390887.03,279.82,598.84,319.02,22,3.41,1.2,False
firm_1,182,29.94,16.09,1,0,11,390740.22,69.28,329.34,260.06,11,3.46,1.1,False
firm_1,183,29.94,17.7,1,0,11,390491.25,68.73,329.34,260.61,11,3.51,1.2,False
firm_1,184,29.94,15.93,1,0,11,390343.5,68.18,329.34,261.16,11,3.56,1.2,False
firm_1,185,29.94,14.34,1,0,11,390297.34,68.18,329.34,261.16,11,3.56,1.3,False
firm_1,186,28.44,14.34,1,0,11,390034.13,51.13,312.84,261.71,11,3.61,1.4,False
firm_1,187,31.28,15.06,2,0,22,389868.75,364.74,688.16,323.42,22,3.61,1.3,False
firm_1,188,31.28,13.55,3,0,34,389799.18,671.08,1063.52,392.44,34,3.66,1.2,False
firm_1,189,34.41,13.55,2,0,22,390003.48,431.4,757.02,325.62,22,3.71,1.1,False
firm_1,190,30.97,14.23,1,0,11,390067.11,77.86,340.67,262.81,11,3.71,1.1,False
firm_1,191,27.87,12.81,1,0,11,389897.51,43.21,306.57,263.36,11,3.76,1.1,False
firm_1,192,27.87,12.17,2,0,22,389458.49,285.32,613.14,327.82,22,3.81,1.0,False
firm_1,193,30.66,10.95,1,0,11,389320.34,72.8,337.26,264.46,11,3.86,0.9,False
firm_1,194,27.59,12.04,1,0,11,389146.78,38.48,303.49,265.01,11,3.91,0.8,False
firm_1,195,27.59,13.24,1,0,11,388871.47,37.93,303.49,265.56,11,3.96,0.9,False
firm_1,196,24.83,12.58,2,0,22,388360.35,214.04,546.26,332.22,22,4.01,0.8,False
firm_1,197,23.59,13.21,2,0,22,388319.59,185.66,518.98,333.32,22,4.06,0.8,False
firm_1,198,25.95,12.55,3,0,34,388258.2,476.26,882.3,406.04,34,4.06,0.8,False
firm_1,199,28.54,12.55,3,0,34,388483.17,562.62,970.36,407.74,34,4.11,0.9,False
firm_1,200,31.39,11.92,4,0,45,388773.09,937.6,1412.55,474.95,45,4.11,1.0,False
firm_1,201,31.39,13.11,4,0,45,389456.0,935.35,1412.55,477.2,45,4.16,1.0,False
firm_1,202,31.39,11.8,3,0,34,389776.72,656.12,1067.26,411.14,34,4.21,1.1,False
firm_1,203,34.53,11.21,2,0,22,390077.34,423.04,759.66,336.62,22,4.21,1.2,False
firm_1,204,37.98,12.33,3,0,34,390420.53,880.18,1291.32,411.14,34,4.21,1.2,False
firm_1,205,34.18,12.95,2,0,22,390809.97,415.34,751.96,336.62,22,4.21,1.2,False
firm_1,206,37.6,13.6,1,0,11,390841.66,145.29,413.6,268.31,11,4.21,1.3,False
firm_1,207,35.72,12.24,1,0,11,390854.03,124.61,392.92,268.31,11,4.21,1.4,False
firm_1,208,39.29,12.85,1,0,11,390704.51,163.33,432.19,268.86,11,4.26,1.5,False
firm_1,209,43.22,12.21,1,0,11,390598.31,206.01,475.42,269.41,11,4.31,1.6,False
firm_1,210,38.9,12.82,1,0,11,390543.43,157.94,427.9,269.96,11,4.36,1.5,False
firm_1,211,35.01,11.54,2,0,22,390450.65,430.3,770.22,339.92,22,4.36,1.5,False
firm_1,212,38.51,10.39,2,0,22,390736.07,506.2,847.22,341.02,22,4.41,1.4,False
firm_1,213,38.51,10.0,1,0,11,390578.62,152.55,423.61,271.06,11,4.46,1.5,False
firm_1,214,36.58,10.0,1,0,11,390699.94,131.32,402.38,271.06,11,4.46,1.4,False
firm_1,215,34.75,10.0,1,0,11,390801.13,111.19,382.25,271.06,11,4.46,1.4,False
firm_1,216,34.75,11.0,1,0,11,390901.32,111.19,382.25,271.06,11,4.46,1.3,False
firm_1,217,34.75,10.0,1,0,11,390902.51,111.19,382.25,271.06,11,4.46,1.4,False
firm_1,218,34.75,10.0,2,0,22,390804.89,422.38,764.5,342.12,22,4.46,1.3,False
firm_1,219,34.75,10.5,3,0,34,390833.55,760.16,1181.5,421.34,34,4.51,1.2,False
firm_1,220,31.28,10.0,4,0,45,391005.95,912.4,1407.6,495.2,45,4.56,1.2,False
firm_1,221,32.84,11.0,3,0,34,391364.77,691.82,1116.56,424.74,34,4.61,1.3,False
firm_1,222,36.12,10.45,2,0,22,391591.99,448.12,794.64,346.52,22,4.66,1.2,False
firm_1,223,39.73,10.0,1,0,11,391745.76,163.77,437.03,273.26,11,4.66,1.2,False
firm_1,224,39.73,10.0,1,0,11,391899.53,163.77,437.03,273.26,11,4.66,1.2,False
firm_1,225,37.74,11.0,1,0,11,391729.86,141.33,415.14,273.81,11,4.71,1.3,False
firm_1,226,41.51,11.0,1,0,11,391701.11,182.25,456.61,274.36,11,4.76,1.2,False
firm_1,227,41.51,10.0,2,0,22,391645.61,564.5,913.22,348.72,22,4.76,1.3,False
firm_1,228,39.43,10.0,3,0,33,391993.72,878.11,1301.19,423.08,33,4.76,1.3,False
firm_1,229,35.49,10.5,2,0,22,392103.68,430.96,780.78,349.82,22,4.81,1.4,False
firm_1,230,35.49,10.0,1,0,11,392209.16,115.48,390.39,274.91,11,4.81,1.3,False
firm_1,231,39.04,11.0,1,0,11,392352.69,154.53,429.44,274.91,11,4.81,1.2,False
firm_1,232,35.14,10.45,1,0,11,392253.32,111.08,386.54,275.46,11,4.86,1.2,False
firm_1,233,31.63,10.0,2,0,22,391978.26,344.94,695.86,350.92,22,4.86,1.3,False
firm_1,234,31.63,10.0,2,0,22,392303.2,344.94,695.86,350.92,22,4.86,1.3,False
firm_1,235,30.05,10.0,2,0,22,392392.28,309.08,661.1,352.02,22,4.91,1.3,False
firm_1,236,33.06,10.5,1,0,11,392469.43,87.65,363.66,276.01,11,4.91,1.3,False
firm_1,237,36.37,11.55,2,0,22,392193.35,447.02,800.14,353.12,22,4.96,1.2,False
firm_1,238,32.73,10.4,2,0,22,392338.39,365.84,720.06,354.22,22,5.01,1.2,False
firm_1,239,31.09,10.4,3,0,34,392124.21,617.02,1057.06,440.04,34,5.06,1.3,False
firm_1,240,31.09,10.92,2,0,22,392431.03,328.66,683.98,355.32,22,5.06,1.2,False
firm_1,241,31.09,10.37,1,0,11,392484.99,64.33,341.99,277.66,11,5.06,1.2,False
firm_1,242,34.2,11.41,1,0,11,392572.12,98.54,376.2,277.66,11,5.06,1.2,False
firm_1,243,37.62,11.98,1,0,11,392596.3,136.16,413.82,277.66,11,5.06,1.3,False
firm_1,244,33.86,10.78,1,0,11,392680.32,94.8,372.46,277.66,11,5.06,1.3,False
firm_1,245,30.47,11.32,1,0,11,392726.51,57.51,335.17,277.66,11,5.06,1.2,False
firm_1,246,33.52,10.19,1,0,11,392807.38,91.06,368.72,277.66,11,5.06,1.1,False
firm_1,247,30.17,10.0,1,0,11,392551.04,53.66,331.87,278.21,11,5.11,1.2,False
firm_1,248,33.19,10.0,2,0,22,392404.8,373.76,730.18,356.42,22,5.11,1.2,False
firm_1,249,33.19,10.0,1,0,11,392281.13,86.33,365.09,278.76,11,5.16,1.2,False
firm_1,250,31.53,10.0,1,0,11,392239.2,68.07,346.83,278.76,11,5.16,1.3,False
firm_1,251,34.68,11.0,1,0,11,392230.92,102.72,381.48,278.76,11,5.16,1.4,False
firm_1,252,38.15,10.45,1,0,11,392261.36,140.89,419.65,278.76,11,5.16,1.5,False
firm_1,253,38.15,10.97,1,0,11,392190.73,140.34,419.65,279.31,11,5.21,1.4,False
firm_1,254,34.34,10.0,1,0,11,391978.61,97.88,377.74,279.86,11,5.26,1.5,False
firm_1,255,30.91,10.5,1,0,11,392028.26,60.15,340.01,279.86,11,5.26,1.5,False
firm_1,256,30.91,11.55,1,0,11,391876.31,59.6,340.01,280.41,11,5.31,1.4,False
firm_1,257,34.0,12.13,2,0,22,391739.23,387.18,748.0,360.82,22,5.31,1.3,False
firm_1,258,34.0,10.92,3,0,33,391787.24,680.77,1122.0,441.23,33,5.31,1.4,False
firm_1,259,32.3,12.01,2,0,22,391911.9,348.68,710.6,361.92,22,5.36,1.3,False
firm_1,260,35.53,13.21,1,0,11,391808.01,109.32,390.83,281.51,11,5.41,1.2,False
firm_1,261,37.31,14.53,2,0,22,391535.65,456.7,820.82,364.12,22,5.46,1.1,False
firm_1,262,37.31,13.08,1,0,11,391550.92,128.35,410.41,282.06,11,5.46,1.2,False
firm_1,263,37.31,11.77,1,0,11,391466.95,127.8,410.41,282.61,11,5.51,1.2,False
firm_1,264,35.44,12.36,1,0,11,391361.27,106.68,389.84,283.16,11,5.56,1.1,False
firm_1,265,38.98,12.98,2,0,22,391226.55,491.24,857.56,366.32,22,5.56,1.2,False
firm_1,266,40.93,13.63,1,0,11,391179.44,166.52,450.23,283.71,11,5.61,1.2,False
firm_1,267,38.88,14.31,1,0,11,391108.55,143.42,427.68,284.26,11,5.66,1.2,False
firm_1,268,42.77,13.59,1,0,11,390980.62,185.66,470.47,284.81,11,5.71,1.3,False
firm_1,269,47.05,14.95,2,0,22,391116.2,665.48,1035.1,369.62,22,5.71,1.3,False
firm_1,270,42.34,15.7,2,0,22,391646.66,561.86,931.48,369.62,22,5.71,1.3,False
firm_1,271,44.46,15.7,2,0,22,392223.76,608.5,978.12,369.62,22,5.71,1.3,False
firm_1,272,48.91,14.92,1,0,11,392362.04,253.2,538.01,284.81,11,5.71,1.4,False
firm_1,273,44.02,15.67,1,0,11,392545.78,199.41,484.22,284.81,11,5.71,1.3,False
firm_1,274,41.82,14.89,1,0,11,392505.55,174.66,460.02,285.36,11,5.76,1.3,False
firm_1,275,37.64,13.4,1,0,11,392420.28,128.13,414.04,285.91,11,5.81,1.3,False
firm_1,276,41.4,14.74,1,0,11,392274.48,168.94,455.4,286.46,11,5.86,1.4,False
firm_1,277,37.26,16.21,1,0,11,392381.67,123.4,409.86,286.46,11,5.86,1.3,False
firm_1,278,33.53,14.59,2,0,22,391916.13,363.64,737.66,374.02,22,5.91,1.4,False
firm_1,279,30.18,13.13,1,0,11,391947.97,44.97,331.98,287.01,11,5.91,1.4,False
firm_1,280,30.18,13.79,1,0,11,391778.6,44.42,331.98,287.56,11,5.96,1.3,False
firm_1,281,33.2,15.17,2,0,22,391603.54,355.28,730.4,375.12,22,5.96,1.2,False
firm_1,282,29.88,14.41,3,0,34,391304.23,543.92,1015.92,472.0,34,6.0,1.3,False
firm_1,283,26.89,15.85,2,0,22,391188.11,215.58,591.58,376.0,22,6.0,1.4,False
firm_1,284,26.89,14.26,3,0,34,390987.59,442.26,914.26,472.0,34,6.0,1.5,False
firm_1,285,25.55,12.83,2,0,22,390948.03,186.1,562.1,376.0,22,6.0,1.4,False
firm_1,286,26.83,12.19,3,0,34,390751.68,440.22,912.22,472.0,34,6.0,1.5,False
firm_1,287,25.49,11.58,4,0,45,390792.41,587.05,1147.05,560.0,45,6.0,1.5,False
firm_1,288,22.94,12.74,4,0,45,391113.75,472.3,1032.3,560.0,45,6.0,1.6,False
firm_1,289,21.79,14.01,3,0,34,391340.58,268.86,740.86,472.0,34,6.0,1.5,False
firm_1,290,22.88,12.61,2,0,22,391342.72,127.36,503.36,376.0,22,6.0,1.6,False
firm_1,291,21.74,13.87,1,0,11,391179.99,-48.86,239.14,288.0,11,6.0,1.7,False
firm_1,292,19.57,14.56,2,0,22,390505.41,54.54,430.54,376.0,22,6.0,1.6,False
firm_1,293,19.57,13.83,1,0,11,390318.85,-72.73,215.27,288.0,11,6.0,1.7,False
firm_1,294,17.61,12.45,1,0,11,390112.11,-94.29,193.71,288.0,11,6.0,1.8,False
firm_1,295,15.85,13.7,1,0,11,389784.76,-113.65,174.35,288.0,11,6.0,1.7,False
firm_1,296,14.26,14.38,1,0,11,389439.24,-131.14,156.86,288.0,11,6.0,1.7,False
firm_1,297,14.26,15.82,1,0,11,389192.28,-131.14,156.86,288.0,11,6.0,1.8,False
firm_1,298,14.26,15.82,1,0,11,388945.32,-131.14,156.86,288.0,11,6.0,1.9,False
firm_1,299,12.83,17.4,1,0,11,388481.05,-146.87,141.13,288.0,11,6.0,2.0,False
firm_1,300,14.11,16.53,1,0,11,388231.73,-132.79,155.21,288.0,11,6.0,2.1,False
firm_1,301,15.52,17.36,1,0,11,387897.09,-117.28,170.72,288.0,11,6.0,2.0,False
firm_1,302,13.97,18.23,1,0,11,387544.53,-134.33,153.67,288.0,11,6.0,2.0,False
firm_1,303,12.57,19.14,1,0,11,387075.66,-149.73,138.27,288.0,11,6.0,2.1,False
firm_1,304,13.83,20.1,1,0,11,386919.69,-135.87,152.13,288.0,11,6.0,2.1,False
firm_1,305,15.21,20.1,2,0,22,386338.11,-41.38,334.62,376.0,22,6.0,2.1,False
firm_1,306,16.73,22.11,1,0,11,385912.03,-103.97,184.03,288.0,11,6.0,2.2,False
firm_1,307,18.4,24.32,2,0,22,385392.19,28.8,404.8,376.0,22,6.0,2.2,False
firm_1,308,20.24,23.1,3,0,34,384839.05,216.16,688.16,472.0,34,6.0,2.2,False
firm_1,309,18.22,25.41,2,0,22,384513.07,24.84,400.84,376.0,22,6.0,2.3,False
firm_1,310,16.4,22.87,1,0,11,384282.6,-107.6,180.4,288.0,11,6.0,2.4,False
firm_1,311,17.22,20.58,2,0,22,383644.28,2.84,378.84,376.0,22,6.0,2.5,False
firm_1,312,18.94,18.52,1,0,11,383546.1,-79.66,208.34,288.0,11,6.0,2.4,False
firm_1,313,17.99,16.67,1,0,11,383239.32,-90.11,197.89,288.0,11,6.0,2.3,False
firm_1,314,16.19,15.0,1,0,11,383014.41,-109.91,178.09,288.0,11,6.0,2.4,False
firm_1,315,17.81,13.5,1,0,11,382908.82,-92.09,195.91,288.0,11,6.0,2.4,False
firm_1,316,19.59,12.15,2,0,22,382339.5,54.98,430.98,376.0,22,6.0,2.5,False
firm_1,317,21.55,12.15,1,0,11,382076.4,-50.95,237.05,288.0,11,6.0,2.5,False
firm_1,318,20.47,10.94,1,0,11,381702.63,-62.83,225.17,288.0,11,6.0,2.6,False
firm_1,319,20.47,10.0,1,0,11,381529.8,-62.83,225.17,288.0,11,6.0,2.7,False
firm_1,320,18.42,10.0,1,0,11,381234.42,-85.38,202.62,288.0,11,6.0,2.6,False
firm_1,321,16.58,10.0,1,0,11,381118.8,-105.62,182.38,288.0,11,6.0,2.5,False
firm_1,322,18.24,10.0,1,0,11,380821.44,-87.36,200.64,288.0,11,6.0,2.4,False
firm_1,323,16.42,10.0,2,0,22,380086.68,-14.76,361.24,376.0,22,6.0,2.4,False
firm_1,324,17.24,10.5,3,0,34,379669.34,114.16,586.16,472.0,34,6.0,2.4,False
firm_1,325,17.24,10.0,3,0,34,379553.5,114.16,586.16,472.0,34,6.0,2.3,False
firm_1,326,15.52,11.0,3,0,34,379576.18,55.68,527.68,472.0,34,6.0,2.2,False
firm_1,327,13.97,11.55,2,0,22,379384.42,-68.66,307.34,376.0,22,6.0,2.3,False
firm_1,328,15.37,12.71,2,0,22,379321.14,-37.86,338.14,376.0,22,6.0,2.2,False
firm_1,329,13.83,12.07,1,0,11,379173.2,-135.87,152.13,288.0,11,6.0,2.1,False
firm_1,330,15.21,13.28,1,0,11,378739.23,-120.69,167.31,288.0,11,6.0,2.2,False
firm_1,331,14.45,11.95,1,0,11,378498.23,-129.05,158.95,288.0,11,6.0,2.3,False
firm_1,332,13.0,10.76,1,0,11,378242.47,-145.0,143.0,288.0,11,6.0,2.4,False
firm_1,333,14.3,10.22,2,0,22,377360.63,-61.4,314.6,376.0,22,6.0,2.5,False
firm_1,334,15.73,10.0,1,0,11,377235.66,-114.97,173.03,288.0,11,6.0,2.5,False
firm_1,335,15.73,10.0,2,0,22,376685.72,-29.94,346.06,376.0,22,6.0,2.5,False
firm_1,336,14.16,10.0,3,0,34,376165.16,9.44,481.44,472.0,34,6.0,2.4,False
firm_1,337,15.58,10.0,4,0,45,375466.26,141.1,701.1,560.0,45,6.0,2.5,False
firm_1,338,17.14,11.0,5,0,56,375223.1,311.84,959.84,648.0,56,6.0,2.5,False
firm_1,339,16.28,10.0,4,0,45,375055.7,172.6,732.6,560.0,45,6.0,2.6,False
firm_1,340,16.28,10.5,3,0,34,375105.72,81.52,553.52,472.0,34,6.0,2.5,False
firm_1,341,16.28,11.55,3,0,34,375052.59,81.52,553.52,472.0,34,6.0,2.6,False
firm_1,342,17.91,11.55,4,0,45,374652.34,245.95,805.95,560.0,45,6.0,2.7,False
firm_1,343,16.12,10.4,3,0,34,374397.22,76.08,548.08,472.0,34,6.0,2.8,False
firm_1,344,15.31,10.92,4,0,45,373982.49,128.95,688.95,560.0,45,6.0,2.8,False
firm_1,345,15.31,10.92,4,0,45,374067.76,128.95,688.95,560.0,45,6.0,2.8,False
firm_1,346,13.78,10.92,3,0,34,373931.52,-3.48,468.52,472.0,34,6.0,2.9,False
firm_1,347,13.09,11.47,3,0,34,373870.17,-26.94,445.06,472.0,34,6.0,2.8,False
firm_1,348,14.4,10.32,2,0,22,373490.33,-59.2,316.8,376.0,22,6.0,2.9,False
firm_1,349,13.68,10.0,3,0,34,372753.45,-6.88,465.12,472.0,34,6.0,2.8,False
firm_1,350,15.05,11.0,2,0,22,372386.55,-44.9,331.1,376.0,22,6.0,2.9,False
firm_1,351,14.3,10.0,1,0,11,371945.85,-130.7,157.3,288.0,11,6.0,3.0,False
firm_1,352,13.58,10.5,2,0,22,371047.61,-77.24,298.76,376.0,22,6.0,3.1,False
firm_1,353,14.94,10.0,1,0,11,370613.95,-123.66,164.34,288.0,11,6.0,3.2,False
firm_1,354,16.43,11.0,1,0,11,370195.68,-107.27,180.73,288.0,11,6.0,3.3,False
firm_1,355,14.79,11.55,1,0,11,369958.82,-125.31,162.69,288.0,11,6.0,3.4,False
firm_1,356,16.27,10.4,1,0,11,369639.39,-109.03,178.97,288.0,11,6.0,3.3,False
firm_1,357,17.9,11.44,1,0,11,369236.85,-91.1,196.9,288.0,11,6.0,3.4,False
firm_1,358,17.9,12.58,1,0,11,368933.17,-91.1,196.9,288.0,11,6.0,3.3,False
firm_1,359,16.11,11.32,1,0,11,368811.06,-110.79,177.21,288.0,11,6.0,3.3,False
firm_1,360,17.72,11.89,1,0,11,368406.09,-93.08,194.92,288.0,11,6.0,3.4,False
firm_1,361,15.95,12.48,2,0,22,367656.03,-25.1,350.9,376.0,22,6.0,3.4,False
firm_1,362,15.15,11.23,1,0,11,367423.45,-121.35,166.65,288.0,11,6.0,3.5,False
firm_1,363,13.64,11.23,1,0,11,367174.26,-137.96,150.04,288.0,11,6.0,3.6,False
firm_1,364,13.64,12.35,2,0,22,366573.64,-75.92,300.08,376.0,22,6.0,3.5,False
firm_1,365,12.96,13.58,1,0,11,366414.62,-145.44,142.56,288.0,11,6.0,3.4,False
firm_2,1,50.94,23.48,24,0,275,123780.78,13178.75,14008.5,829.75,275,0.29,0.36,False
firm_2,2,50.94,25.83,24,0,275,136025.86,13165.0,14008.5,843.5,275,0.34,0.46,False
firm_2,3,53.49,28.41,25,0,286,149144.51,14428.9,15298.14,869.24,286,0.34,0.56,False
firm_2,4,58.84,31.25,26,0,297,164097.66,16565.65,17475.48,909.83,297,0.39,0.66,False
firm_2,5,61.78,34.38,25,0,287,179768.74,16830.58,17730.86,900.28,287,0.44,0.76,False
firm_2,6,64.87,34.38,25,0,288,196474.68,17765.44,18682.56,917.12,288,0.49,0.66,False
firm_2,7,68.11,32.66,26,0,299,214445.9,19420.38,20364.89,944.51,299,0.49,0.76,False
firm_2,8,68.11,34.29,25,0,288,232287.21,18698.56,19615.68,917.12,288,0.49,0.76,False
firm_2,9,68.11,34.29,24,0,277,249127.14,17962.89,18866.47,903.58,277,0.54,0.86,False
firm_2,10,68.11,32.58,24,0,276,266028.74,17883.52,18798.36,914.84,276,0.59,0.76,False
firm_2,11,71.52,35.84,24,0,276,283679.46,18810.88,19739.52,928.64,276,0.64,0.86,False
firm_2,12,71.52,34.05,24,0,276,301359.34,18797.08,19739.52,942.44,276,0.69,0.96,False
firm_2,13,75.1,35.75,24,0,276,320186.5,19785.16,20727.6,942.44,276,0.69,1.06,False
firm_2,14,71.34,39.33,24,0,276,337776.18,18733.6,19689.84,956.24,276,0.74,1.06,False
firm_2,15,71.34,41.3,24,0,276,355204.78,18719.8,19689.84,970.04,276,0.79,1.16,False
firm_2,16,67.77,45.43,24,0,276,371748.94,17734.48,18704.52,970.04,276,0.79,1.26,False
firm_2,17,74.55,45.43,24,0,276,390164.38,19605.76,20575.8,970.04,276,0.79,1.36,False
firm_2,18,70.82,49.97,24,0,277,407609.41,18644.31,19617.14,972.83,277,0.79,1.36,False
firm_2,19,74.36,52.47,24,0,276,425689.65,19539.52,20523.36,983.84,276,0.84,1.26,False
firm_2,20,74.36,57.72,24,0,279,444058.45,19754.08,20746.44,992.36,279,0.84,1.26,False
firm_2,21,74.36,63.49,23,0,267,461280.67,18882.49,19854.12,971.63,267,0.89,1.26,False
firm_2,22,74.36,60.32,23,0,266,478704.33,18811.02,19779.76,968.74,266,0.89,1.16,False
firm_2,23,81.8,66.35,22,0,254,496875.07,19830.44,20777.2,946.76,254,0.94,1.16,False
firm_2,24,89.98,66.35,23,0,266,517701.66,22952.64,23934.68,982.04,266,0.94,1.26,False
firm_2,25,98.98,66.35,23,0,264,541330.17,25154.56,26130.72,976.16,264,0.94,1.16,False
firm_2,26,103.93,63.03,23,0,265,566442.83,26562.35,27541.45,979.1,265,0.94,1.06,False
firm_2,27,98.73,66.18,23,0,266,590200.83,25280.14,26262.18,982.04,266,0.94,0.96,False
firm_2,28,93.79,69.49,24,0,279,613180.22,25147.15,26167.41,1020.26,279,0.94,0.86,False
firm_2,29,84.41,66.02,25,0,288,634193.08,23263.36,24310.08,1046.72,288,0.94,0.96,False
firm_2,30,88.63,66.02,25,0,289,656792.54,24549.96,25614.07,1064.11,289,0.99,1.06,False
firm_2,31,97.49,72.62,26,0,301,682433.87,28229.45,29344.49,1115.04,301,1.04,1.06,False
firm_2,32,107.24,72.62,25,0,289,710432.17,29913.8,30992.36,1078.56,289,1.04,1.16,False
firm_2,33,112.6,72.62,26,0,301,740606.56,32762.51,33892.6,1130.09,301,1.09,1.06,False
firm_2,34,106.97,72.62,25,0,289,768397.93,29806.87,30914.33,1107.46,289,1.14,0.96,False
firm_2,35,106.97,79.88,24,0,277,795041.72,28560.91,29630.69,1069.78,277,1.14,0.96,False
firm_2,36,101.62,75.89,23,0,265,818880.2,25883.95,26929.3,1045.35,265,1.19,1.06,False
firm_2,37,91.46,79.68,24,0,277,840504.82,24236.94,25334.42,1097.48,277,1.24,1.06,False
firm_2,38,96.03,83.66,25,0,289,864315.18,26601.86,27752.67,1150.81,289,1.29,0.96,False
firm_2,39,100.83,87.84,25,0,289,890108.24,27989.06,29139.87,1150.81,289,1.29,0.86,False
firm_2,40,100.83,96.62,26,0,302,916353.2,29257.08,30450.66,1193.58,302,1.29,0.76,False
firm_2,41,105.87,91.79,26,0,301,944328.19,30661.53,31866.87,1205.34,301,1.34,0.86,False
firm_2,42,105.87,91.79,26,0,301,972288.13,30646.48,31866.87,1220.39,301,1.39,0.96,False
firm_2,43,111.16,100.97,25,0,291,1000610.4,31146.52,32347.56,1201.04,291,1.44,1.06,False
firm_2,44,111.16,95.92,25,0,291,1029358.92,31146.52,32347.56,1201.04,291,1.44,1.06,False
firm_2,45,100.04,100.72,26,0,302,1055213.4,28973.2,30212.08,1238.88,302,1.44,1.06,False
firm_2,46,95.04,95.68,26,0,302,1080188.92,27463.2,28702.08,1238.88,302,1.44,0.96,False
firm_2,47,85.54,90.9,26,0,300,1102255.52,24430.0,25662.0,1232.0,300,1.44,0.86,False
firm_2,48,76.99,90.9,27,0,311,1121659.72,22658.5,23943.89,1285.39,311,1.49,0.96,False
firm_2,49,76.99,86.36,26,0,299,1141190.86,21776.5,23020.01,1243.51,299,1.49,0.96,False
firm_2,50,76.99,82.04,26,0,299,1160619.37,21761.55,23020.01,1258.46,299,1.54,0.86,False
firm_2,51,73.14,77.94,26,0,299,1178988.38,20595.45,21868.86,1273.41,299,1.59,0.76,False
firm_2,52,73.14,70.15,25,0,288,1197065.03,19830.4,21064.32,1233.92,288,1.59,0.66,False
firm_2,53,65.83,66.64,24,0,276,1212230.11,16964.44,18169.08,1204.64,276,1.64,0.66,False
firm_2,54,69.12,69.97,23,0,264,1227394.32,17073.52,18247.68,1174.16,264,1.69,0.76,False
firm_2,55,65.66,66.47,22,0,253,1241197.74,15465.76,16611.98,1146.22,253,1.74,0.66,False
firm_2,56,62.38,73.12,22,0,253,1254012.37,14623.27,15782.14,1158.87,253,1.79,0.56,False
firm_2,57,65.5,69.46,21,0,242,1267075.43,14721.72,15851.0,1129.28,242,1.84,0.56,False
firm_2,58,65.5,72.93,20,0,230,1279287.13,13970.3,15065.0,1094.7,230,1.89,0.66,False
firm_2,59,58.95,69.28,19,0,218,1289562.99,11792.18,12851.1,1058.92,218,1.94,0.66,False
firm_2,60,64.85,76.21,18,0,207,1300599.58,12408.37,13423.95,1015.58,207,1.94,0.66,False
firm_2,61,68.09,83.83,19,0,220,1312419.81,13913.0,14979.8,1066.8,220,1.94,0.56,False
firm_2,62,74.9,92.21,19,0,220,1325868.02,15400.2,16478.0,1077.8,220,1.99,0.46,False
firm_2,63,71.16,101.43,18,0,208,1337713.64,13771.36,14801.28,1029.92,208,1.99,0.56,False
firm_2,64,67.6,96.36,17,0,196,1348343.08,12267.56,13249.6,982.04,196,1.99,0.46,False
firm_2,65,64.22,96.36,18,0,208,1358436.44,12327.84,13357.76,1029.92,208,1.99,0.46,False
firm_2,66,70.64,96.36,19,0,220,1370568.6,14463.0,15540.8,1077.8,220,1.99,0.46,False
firm_2,67,77.7,91.54,19,0,218,1384598.12,15868.78,16938.6,1069.82,218,1.99,0.56,False
firm_2,68,81.59,82.39,19,0,218,1399438.61,16705.9,17786.62,1080.72,218,2.04,0.66,False
firm_2,69,89.75,74.15,18,0,207,1415435.53,17531.62,18578.25,1046.63,207,2.09,0.56,False
firm_2,70,89.75,81.57,17,0,195,1430452.54,16503.7,17501.25,997.55,195,2.09,0.66,False
firm_2,71,80.78,85.65,17,0,195,1443441.29,14744.8,15752.1,1007.3,195,2.14,0.76,False
firm_2,72,76.74,81.37,18,0,207,1456304.83,14828.2,15885.18,1056.98,207,2.14,0.76,False
firm_2,73,69.07,89.51,18,0,207,1467834.16,13240.51,14297.49,1056.98,207,2.14,0.86,False
firm_2,74,75.98,98.46,18,0,207,1480732.76,14670.88,15727.86,1056.98,207,2.14,0.76,False
firm_2,75,79.78,108.31,17,0,195,1493231.54,14540.05,15557.1,1017.05,195,2.19,0.76,False
firm_2,76,83.77,102.89,16,0,184,1506028.02,14442.72,15413.68,970.96,184,2.19,0.66,False
firm_2,77,75.39,97.75,15,0,172,1516299.57,12037.8,12967.08,929.28,172,2.24,0.76,False
firm_2,78,79.16,107.52,15,0,172,1527273.01,12686.24,13615.52,929.28,172,2.24,0.86,False
firm_2,79,87.08,96.77,15,0,172,1539661.34,14039.88,14977.76,937.88,172,2.29,0.86,False
firm_2,80,87.08,96.77,14,0,161,1551227.7,13121.14,14019.88,898.74,161,2.34,0.86,False
firm_2,81,87.08,106.45,13,0,149,1561872.11,12128.26,12974.92,846.66,149,2.34,0.96,False
firm_2,82,87.08,101.13,13,0,149,1572478.23,12120.81,12974.92,854.11,149,2.39,0.86,False
firm_2,83,95.79,91.02,14,0,161,1584911.3,14507.35,15422.19,914.84,161,2.44,0.96,False
firm_2,84,95.79,95.57,13,0,149,1596772.59,13403.7,14272.71,869.01,149,2.49,1.06,False
firm_2,85,91.0,95.57,13,0,149,1608220.17,12689.99,13559.0,869.01,149,2.49,0.96,False
firm_2,86,95.55,105.13,12,0,138,1619224.89,12366.28,13185.9,819.62,138,2.49,1.06,False
firm_2,87,95.55,99.87,12,0,138,1630185.83,12359.38,13185.9,826.52,138,2.54,0.96,False
firm_2,88,90.77,109.86,13,0,149,1640698.47,12640.82,13524.73,883.91,149,2.59,0.86,False
firm_2,89,81.69,98.87,14,0,161,1650819.34,12205.05,13152.09,947.04,161,2.64,0.76,False
firm_2,90,77.61,93.93,15,0,172,1660952.63,12342.24,13348.92,1006.68,172,2.69,0.86,False
firm_2,91,73.73,98.63,16,0,184,1671068.71,12494.16,13566.32,1072.16,184,2.74,0.96,False
firm_2,92,81.1,88.77,16,0,184,1683289.43,13841.04,14922.4,1081.36,184,2.79,0.96,False
firm_2,93,77.04,84.33,16,0,183,1694861.9,13021.75,14098.32,1076.57,183,2.79,1.06,False
firm_2,94,73.19,75.9,17,0,194,1706041.2,13069.6,14198.86,1129.26,194,2.79,1.16,False
firm_2,95,69.53,75.9,16,0,183,1716474.22,11647.42,12723.99,1076.57,183,2.79,1.06,False
firm_2,96,69.53,72.1,17,0,194,1727108.08,12359.56,13488.82,1129.26,194,2.79,0.96,False
firm_2,97,76.48,68.49,17,0,194,1739651.61,13707.86,14837.12,1129.26,194,2.79,0.96,False
firm_2,98,68.83,75.34,17,0,194,1750594.59,12223.76,13353.02,1129.26,194,2.79,0.96,False
firm_2,99,75.71,82.87,17,0,194,1762534.58,13548.78,14687.74,1138.96,194,2.84,0.96,False
firm_2,100,83.28,87.01,17,0,194,1775763.07,15007.66,16156.32,1148.66,194,2.89,1.06,False
firm_2,101,79.12,82.66,17,0,194,1788458.47,14200.62,15349.28,1148.66,194,2.89,1.16,False
firm_2,102,71.21,78.53,16,0,183,1799138.55,11936.56,13031.43,1094.87,183,2.89,1.06,False
firm_2,103,71.21,74.6,15,0,171,1808951.72,11132.17,12176.91,1044.74,171,2.94,0.96,False
firm_2,104,71.21,70.87,15,0,171,1819020.84,11132.17,12176.91,1044.74,171,2.94,0.86,False
firm_2,105,64.09,74.41,14,0,160,1827035.1,9256.0,10254.4,998.4,160,2.99,0.76,False
firm_2,106,70.5,70.69,13,0,148,1835404.21,9488.08,10434.0,945.92,148,3.04,0.66,False
firm_2,107,63.45,67.16,13,0,148,1842875.81,8444.68,9390.6,945.92,148,3.04,0.76,False
firm_2,108,57.1,67.16,14,0,160,1849565.17,8129.6,9136.0,1006.4,160,3.04,0.76,False
firm_2,109,62.81,73.88,14,0,160,1857366.05,9035.2,10049.6,1014.4,160,3.09,0.66,False
firm_2,110,56.53,70.19,14,0,160,1864205.79,8022.4,9044.8,1022.4,160,3.14,0.56,False
firm_2,111,50.88,77.21,13,0,148,1869771.58,6569.52,7530.24,960.72,148,3.14,0.56,False
firm_2,112,45.79,81.07,13,0,148,1874326.47,5808.8,6776.92,968.12,148,3.19,0.56,False
firm_2,113,41.21,85.12,12,0,137,1878039.77,4734.74,5645.77,911.03,137,3.19,0.46,False
firm_2,114,43.27,85.12,12,0,137,1881828.44,5010.11,5927.99,917.88,137,3.24,0.36,False
firm_2,115,47.6,80.86,12,0,137,1886154.59,5596.47,6521.2,924.73,137,3.29,0.46,False
firm_2,116,47.6,88.95,12,0,137,1890583.66,5596.47,6521.2,924.73,137,3.29,0.56,False
firm_2,117,52.36,84.5,12,0,137,1895611.4,6241.74,7173.32,931.58,137,3.34,0.56,False
firm_2,118,49.74,88.72,13,0,148,1900329.24,6371.2,7361.52,990.32,148,3.34,0.46,False
firm_2,119,44.77,93.16,12,0,137,1904313.23,5201.91,6133.49,931.58,137,3.34,0.56,False
firm_2,120,47.01,102.48,12,0,137,1908385.41,5501.94,6440.37,938.43,137,3.39,0.56,False
firm_2,121,49.36,102.48,13,0,149,1912904.7,6351.53,7354.64,1003.11,149,3.39,0.56,False
firm_2,122,44.42,97.36,12,0,138,1916615.62,5179.24,6129.96,950.72,138,3.44,0.66,False
firm_2,123,42.2,87.62,13,0,148,1920217.04,5240.48,6245.6,1005.12,148,3.44,0.66,False
firm_2,124,46.42,87.62,14,0,161,1924788.14,6397.78,7473.62,1075.84,161,3.44,0.76,False
firm_2,125,46.42,83.24,13,0,149,1929612.04,5906.02,6916.58,1010.56,149,3.44,0.76,False
firm_2,126,41.78,79.08,12,0,137,1933341.66,4778.58,5723.86,945.28,137,3.44,0.86,False
firm_2,127,41.78,75.13,12,0,138,1937255.02,4814.92,5765.64,950.72,138,3.44,0.76,False
firm_2,128,45.96,71.37,13,0,148,1941416.77,5789.56,6802.08,1012.52,148,3.49,0.76,False
firm_2,129,45.96,71.37,13,0,148,1946071.12,5782.16,6802.08,1019.92,148,3.54,0.76,False
firm_2,130,50.56,78.51,14,0,160,1951375.18,7003.2,8089.6,1086.4,160,3.54,0.86,False
firm_2,131,53.09,70.66,14,0,160,1957793.94,7408.0,8494.4,1086.4,160,3.54,0.76,False
firm_2,132,58.4,67.13,14,0,160,1965111.72,8257.6,9344.0,1086.4,160,3.54,0.66,False
firm_2,133,55.48,73.84,15,0,171,1971535.31,8331.19,9487.08,1155.89,171,3.59,0.76,False
firm_2,134,52.71,81.22,15,0,172,1978013.05,7896.04,9066.12,1170.08,172,3.64,0.66,False
firm_2,135,52.71,85.28,15,0,173,1984676.96,7943.11,9118.83,1175.72,173,3.64,0.66,False
firm_2,136,55.35,81.02,14,0,162,1991295.7,7853.02,8966.7,1113.68,162,3.64,0.76,False
firm_2,137,60.89,89.12,14,0,161,1998535.22,8687.2,9803.29,1116.09,161,3.69,0.66,False
firm_2,138,63.93,89.12,14,0,161,2006464.18,9176.64,10292.73,1116.09,161,3.69,0.56,False
firm_2,139,63.93,84.66,14,0,162,2014513.82,9234.88,10356.66,1121.78,162,3.69,0.46,False
firm_2,140,67.13,80.43,14,0,162,2022832.98,9745.18,10875.06,1129.88,162,3.74,0.56,False
firm_2,141,63.77,88.47,14,0,162,2030795.26,9200.86,10330.74,1129.88,162,3.74,0.56,False
firm_2,142,63.77,84.05,13,0,150,2038107.11,8504.5,9565.5,1061.0,150,3.74,0.66,False
firm_2,143,57.39,88.25,13,0,150,2044507.36,7547.5,8608.5,1061.0,150,3.74,0.56,False
firm_2,144,54.52,79.42,14,0,162,2050389.74,7694.26,8832.24,1137.98,162,3.79,0.46,False
firm_2,145,57.25,83.39,14,0,162,2057358.8,8136.52,9274.5,1137.98,162,3.79,0.36,False
firm_2,146,60.11,87.56,14,0,162,2064732.8,8599.84,9737.82,1137.98,162,3.79,0.26,False
firm_2,147,57.1,96.32,15,0,173,2071155.98,8667.98,9878.3,1210.32,173,3.84,0.36,False
firm_2,148,54.24,105.95,16,0,184,2077457.18,8696.4,9980.16,1283.76,184,3.89,0.36,False
firm_2,149,59.66,116.55,17,0,196,2085104.95,10329.12,11693.36,1364.24,196,3.94,0.26,False
firm_2,150,62.64,104.9,17,0,196,2094025.05,10903.4,12277.44,1374.04,196,3.99,0.16,False
firm_2,151,62.64,104.9,17,0,196,2102935.35,10893.6,12277.44,1383.84,196,4.04,0.16,False
firm_2,152,56.38,94.41,18,0,207,2110956.35,10220.38,11670.66,1450.28,207,4.04,0.1,False
firm_2,153,56.38,84.97,17,0,195,2118918.41,9606.55,10994.1,1387.55,195,4.09,0.1,False
firm_2,154,53.56,76.47,18,0,207,2126457.89,9615.94,11086.92,1470.98,207,4.14,0.1,False
firm_2,155,56.24,68.82,17,0,195,2134757.45,9569.5,10966.8,1397.3,195,4.14,0.2,False
firm_2,156,59.05,61.94,17,0,195,2143821.92,10117.45,11514.75,1397.3,195,4.14,0.1,False
firm_2,157,59.05,68.13,17,0,195,2152571.41,10107.7,11514.75,1407.05,195,4.19,0.1,False
firm_2,158,64.96,61.32,16,0,184,2162203.97,10613.68,11952.64,1338.96,184,4.19,0.1,False
firm_2,159,71.46,55.19,17,0,195,2173083.64,12517.9,13934.7,1416.8,195,4.24,0.1,False
firm_2,160,78.61,60.71,16,0,184,2185019.16,13106.88,14464.24,1357.36,184,4.29,0.1,False
firm_2,161,78.61,63.75,15,0,172,2196301.95,12239.04,13520.92,1281.88,172,4.29,0.1,False
firm_2,162,74.68,63.75,16,0,184,2206956.51,12374.56,13741.12,1366.56,184,4.34,0.1,False
firm_2,163,82.15,60.56,15,0,172,2218678.83,12830.72,14129.8,1299.08,172,4.39,0.1,False
firm_2,164,82.15,60.56,16,0,184,2230849.71,13739.84,15115.6,1375.76,184,4.39,0.2,False
firm_2,165,78.04,54.5,16,0,184,2242652.11,12974.4,14359.36,1384.96,184,4.44,0.3,False
firm_2,166,74.14,49.05,16,0,184,2253914.91,12247.6,13641.76,1394.16,184,4.49,0.2,False
firm_2,167,77.85,46.6,16,0,184,2266099.55,12930.24,14324.4,1394.16,184,4.49,0.1,False
firm_2,168,81.74,51.26,16,0,184,2278925.39,13646.0,15040.16,1394.16,184,4.49,0.1,False
firm_2,169,81.74,56.39,16,0,184,2291359.95,13636.8,15040.16,1403.36,184,4.54,0.2,False
firm_2,170,73.57,50.75,17,0,195,2302658.3,12861.1,14346.15,1485.05,195,4.59,0.1,False
firm_2,171,69.89,55.82,16,0,184,2313003.18,11438.0,12859.76,1421.76,184,4.64,0.1,False
firm_2,172,62.9,53.03,15,0,172,2321375.85,9468.12,10818.8,1350.68,172,4.69,0.2,False
firm_2,173,56.61,50.38,14,0,161,2328507.65,7837.12,9114.21,1277.09,161,4.69,0.1,False
firm_2,174,50.95,50.38,13,0,149,2333940.0,6387.29,7591.55,1204.26,149,4.74,0.2,False
firm_2,175,53.5,52.9,13,0,149,2339812.09,6759.79,7971.5,1211.71,149,4.79,0.1,False
firm_2,176,48.15,47.61,13,0,149,2344948.35,5955.19,7174.35,1219.16,149,4.84,0.1,False
firm_2,177,48.15,52.37,12,0,137,2349572.53,5452.62,6596.55,1143.93,137,4.89,0.1,False
firm_2,178,48.15,57.61,12,0,137,2354233.83,5452.62,6596.55,1143.93,137,4.89,0.2,False
firm_2,179,50.56,51.85,13,0,149,2359366.61,6306.83,7533.44,1226.61,149,4.89,0.1,False
firm_2,180,50.56,51.85,14,0,160,2364619.91,6779.2,8089.6,1310.4,160,4.94,0.2,False
firm_2,181,50.56,46.66,13,0,149,2370312.71,6299.38,7533.44,1234.06,149,4.94,0.1,False
firm_2,182,53.09,41.99,12,0,137,2375624.53,6115.7,7273.33,1157.63,137,4.99,0.2,False
firm_2,183,55.74,37.79,11,0,126,2380945.04,5936.2,7023.24,1087.04,126,5.04,0.1,False
firm_2,184,58.53,34.01,12,0,137,2386684.2,6847.28,8018.61,1171.33,137,5.09,0.1,False
firm_2,185,52.68,37.41,11,0,126,2391717.03,5544.34,6637.68,1093.34,126,5.09,0.2,False
firm_2,186,50.05,39.28,12,0,137,2396331.19,5685.52,6856.85,1171.33,137,5.09,0.3,False
firm_2,187,52.55,35.35,11,0,126,2401264.0,5521.66,6621.3,1099.64,126,5.14,0.2,False
firm_2,188,47.3,33.58,10,0,114,2405100.74,4372.54,5392.2,1019.66,114,5.19,0.2,False
firm_2,189,47.3,35.26,10,0,114,2408914.98,4366.84,5392.2,1025.36,114,5.24,0.1,False
firm_2,190,49.66,38.79,9,0,103,2412529.98,4164.11,5114.98,950.87,103,5.29,0.1,False
firm_2,191,52.14,36.85,9,0,103,2416617.88,4419.55,5370.42,950.87,103,5.29,0.1,False
firm_2,192,57.35,36.85,9,0,103,2420937.26,4951.03,5907.05,956.02,103,5.34,0.2,False
firm_2,193,60.22,35.01,8,0,91,2425064.71,4607.53,5480.02,872.49,91,5.39,0.1,False
firm_2,194,54.2,38.51,7,0,80,2428035.94,3540.8,4336.0,795.2,80,5.44,0.2,False
firm_2,195,56.91,40.44,6,0,68,2430653.86,3160.56,3869.88,709.32,68,5.49,0.3,False
firm_2,196,59.76,44.48,5,0,57,2432908.0,2776.54,3406.32,629.78,57,5.54,0.4,False
firm_2,197,59.76,40.03,6,0,68,2435518.78,3350.96,4063.68,712.72,68,5.54,0.3,False
firm_2,198,53.78,36.03,7,0,80,2438165.77,3499.2,4302.4,803.2,80,5.54,0.4,False
firm_2,199,56.47,32.43,8,0,91,2441454.41,4248.08,5138.77,890.69,91,5.59,0.4,False
firm_2,200,59.29,29.19,8,0,91,2445521.04,4500.15,5395.39,895.24,91,5.64,0.3,False
firm_2,201,56.33,30.65,7,0,80,2448797.69,3691.2,4506.4,815.2,80,5.69,0.3,False
firm_2,202,59.15,27.58,6,0,68,2451728.09,3295.88,4022.2,726.32,68,5.74,0.2,False
firm_2,203,65.06,28.96,7,0,80,2455206.97,4381.6,5204.8,823.2,80,5.79,0.1,False
firm_2,204,68.31,31.86,6,0,68,2458627.77,3911.96,4645.08,733.12,68,5.84,0.2,False
firm_2,205,71.73,28.67,7,0,80,2462534.28,4907.2,5738.4,831.2,80,5.89,0.3,False
firm_2,206,71.73,30.1,6,0,68,2466291.4,4137.72,4877.64,739.92,68,5.94,0.2,False
firm_2,207,71.73,30.1,6,0,68,2470248.52,4137.72,4877.64,739.92,68,5.94,0.2,False
firm_2,208,75.32,30.1,5,0,57,2473535.83,3637.81,4293.24,655.43,57,5.99,0.2,False
firm_2,209,75.32,28.6,5,0,57,2476830.07,3637.24,4293.24,656.0,57,6.0,0.1,False
firm_2,210,79.09,31.46,5,0,57,2480324.9,3852.13,4508.13,656.0,57,6.0,0.1,False
firm_2,211,75.14,29.89,4,0,45,2482726.64,2821.3,3381.3,560.0,45,6.0,0.2,False
firm_2,212,78.9,31.38,5,0,57,2485911.04,3841.3,4497.3,656.0,57,6.0,0.1,False
firm_2,213,86.79,34.52,5,0,57,2489829.47,4291.03,4947.03,656.0,57,6.0,0.1,False
firm_2,214,86.79,34.52,4,0,45,2492836.94,3345.55,3905.55,560.0,45,6.0,0.1,False
firm_2,215,91.13,37.97,5,0,57,2496485.5,4538.41,5194.41,656.0,57,6.0,0.1,False
firm_2,216,86.57,39.87,4,0,45,2499461.67,3335.65,3895.65,560.0,45,6.0,0.1,False
firm_2,217,90.9,35.88,3,0,34,2501972.63,2618.6,3090.6,472.0,34,6.0,0.1,False
firm_2,218,95.44,32.29,2,0,22,2503331.73,1723.68,2099.68,376.0,22,6.0,0.2,False
firm_2,219,90.67,35.52,2,0,22,2504679.43,1618.74,1994.74,376.0,22,6.0,0.2,False
firm_2,220,86.14,31.97,1,0,11,2505307.0,659.54,947.54,288.0,11,6.0,0.2,False
firm_2,221,94.75,30.37,1,0,11,2506030.88,754.25,1042.25,288.0,11,6.0,0.1,False
firm_2,222,99.49,33.41,2,0,22,2507076.84,1812.78,2188.78,376.0,22,6.0,0.1,False
firm_2,223,104.46,30.07,3,0,34,2509566.27,3079.64,3551.64,472.0,34,6.0,0.1,False
firm_2,224,94.01,27.06,3,0,34,2511909.43,2724.34,3196.34,472.0,34,6.0,0.2,False
firm_2,225,103.41,27.06,2,0,22,2513554.33,1899.02,2275.02,376.0,22,6.0,0.1,False
firm_2,226,103.41,29.77,2,0,22,2515193.81,1899.02,2275.02,376.0,22,6.0,0.1,False
firm_2,227,93.07,28.28,1,0,11,2515801.3,735.77,1023.77,288.0,11,6.0,0.2,False
firm_2,228,93.07,25.45,1,0,11,2516311.62,735.77,1023.77,288.0,11,6.0,0.1,False
firm_2,229,88.42,28.0,1,0,11,2516968.24,684.62,972.62,288.0,11,6.0,0.1,False
firm_2,230,79.58,30.8,1,0,11,2517324.82,587.38,875.38,288.0,11,6.0,0.1,False
firm_2,231,87.54,27.72,1,0,11,2517972.04,674.94,962.94,288.0,11,6.0,0.1,False
firm_2,232,83.16,30.49,1,0,11,2518268.31,626.76,914.76,288.0,11,6.0,0.2,False
firm_2,233,87.32,28.97,1,0,11,2518911.86,672.52,960.52,288.0,11,6.0,0.2,False
firm_2,234,87.32,30.42,1,0,11,2519553.96,672.52,960.52,288.0,11,6.0,0.1,False
firm_2,235,91.69,30.42,1,0,11,2519944.13,720.59,1008.59,288.0,11,6.0,0.2,False
firm_2,236,96.27,27.38,1,0,11,2520587.72,770.97,1058.97,288.0,11,6.0,0.3,False
firm_2,237,101.08,27.38,1,0,11,2521384.22,823.88,1111.88,288.0,11,6.0,0.3,False
firm_2,238,101.08,30.12,1,0,11,2522177.98,823.88,1111.88,288.0,11,6.0,0.2,False
firm_2,239,106.13,30.12,1,0,11,2522727.29,879.43,1167.43,288.0,11,6.0,0.3,False
firm_2,240,116.74,30.12,1,0,11,2523593.31,996.14,1284.14,288.0,11,6.0,0.4,False
firm_2,241,110.9,27.11,1,0,11,2524198.1,931.9,1219.9,288.0,11,6.0,0.5,False
firm_2,242,121.99,29.82,1,0,11,2525022.17,1053.89,1341.89,288.0,11,6.0,0.5,False
firm_2,243,128.09,31.31,1,0,11,2525911.85,1120.99,1408.99,288.0,11,6.0,0.5,False
firm_2,244,128.09,28.18,1,0,11,2526704.66,1120.99,1408.99,288.0,11,6.0,0.6,False
firm_2,245,134.49,28.18,2,0,22,2528531.08,2582.78,2958.78,376.0,22,6.0,0.5,False
firm_2,246,141.21,31.0,2,0,22,2530999.7,2730.62,3106.62,376.0,22,6.0,0.4,False
firm_2,247,148.27,27.9,1,0,11,2532014.77,1342.97,1630.97,288.0,11,6.0,0.5,False
firm_2,248,163.1,30.69,1,0,11,2533190.18,1506.1,1794.1,288.0,11,6.0,0.6,False
firm_2,249,171.26,30.69,1,0,11,2534455.35,1595.86,1883.86,288.0,11,6.0,0.7,False
firm_2,250,154.13,29.16,1,0,11,2535633.62,1407.43,1695.43,288.0,11,6.0,0.6,False
firm_2,251,154.13,26.24,1,0,11,2536914.81,1407.43,1695.43,288.0,11,6.0,0.7,False
firm_2,252,161.84,23.62,1,0,11,2538183.43,1492.24,1780.24,288.0,11,6.0,0.6,False
firm_2,253,161.84,21.26,1,0,11,2539554.41,1492.24,1780.24,288.0,11,6.0,0.7,False
firm_2,254,145.66,22.32,1,0,11,2540646.35,1314.26,1602.26,288.0,11,6.0,0.6,False
firm_2,255,131.09,20.09,2,0,22,2542414.15,2507.98,2883.98,376.0,22,6.0,0.6,False
firm_2,256,124.54,21.09,1,0,11,2543275.0,1081.94,1369.94,288.0,11,6.0,0.6,False
firm_2,257,112.09,18.98,1,0,11,2543901.01,944.99,1232.99,288.0,11,6.0,0.7,False
firm_2,258,100.88,20.88,1,0,11,2544401.81,821.68,1109.68,288.0,11,6.0,0.8,False
firm_2,259,95.84,19.84,1,0,11,2544848.21,766.24,1054.24,288.0,11,6.0,0.9,False
firm_2,260,100.63,20.83,1,0,11,2545346.31,818.93,1106.93,288.0,11,6.0,1.0,False
firm_2,261,105.66,20.83,1,0,11,2545899.74,874.26,1162.26,288.0,11,6.0,1.1,False
firm_2,262,105.66,20.83,1,0,11,2546753.17,874.26,1162.26,288.0,11,6.0,1.0,False
firm_2,263,105.66,22.91,1,0,11,2547604.52,874.26,1162.26,288.0,11,6.0,0.9,False
firm_2,264,110.94,25.2,2,0,23,2548921.74,2167.62,2551.62,384.0,23,6.0,1.0,False
firm_2,265,105.39,27.72,2,0,23,2550706.27,2039.97,2423.97,384.0,23,6.0,1.0,False
firm_2,266,100.12,29.11,1,0,11,2551290.48,813.32,1101.32,288.0,11,6.0,0.9,False
firm_2,267,100.12,32.02,1,0,11,2551871.78,813.32,1101.32,288.0,11,6.0,0.9,False
firm_2,268,100.12,28.82,2,0,23,2553032.9,1918.76,2302.76,384.0,23,6.0,0.8,False
firm_2,269,110.13,25.94,1,0,11,2553930.39,923.43,1211.43,288.0,11,6.0,0.7,False
firm_2,270,121.14,24.64,1,0,11,2554750.29,1044.54,1332.54,288.0,11,6.0,0.7,False
firm_2,271,127.2,22.18,1,0,11,2555639.31,1111.2,1399.2,288.0,11,6.0,0.7,False
firm_2,272,114.48,23.29,2,0,23,2557141.77,2249.04,2633.04,384.0,23,6.0,0.6,False
firm_2,273,120.2,23.29,3,0,34,2559886.7,3614.8,4086.8,472.0,34,6.0,0.7,False
firm_2,274,108.18,20.96,2,0,22,2561848.74,2003.96,2379.96,376.0,22,6.0,0.6,False
firm_2,275,108.18,18.86,3,0,34,2564198.28,3206.12,3678.12,472.0,34,6.0,0.7,False
firm_2,276,102.77,20.75,2,0,22,2565941.72,1884.94,2260.94,376.0,22,6.0,0.8,False
firm_2,277,113.05,20.75,1,0,11,2566676.52,955.55,1243.55,288.0,11,6.0,0.8,False
firm_2,278,118.7,19.71,1,0,11,2567674.51,1017.7,1305.7,288.0,11,6.0,0.7,False
firm_2,279,118.7,19.71,1,0,11,2568472.5,1017.7,1305.7,288.0,11,6.0,0.6,False
firm_2,280,124.64,21.68,2,0,22,2570195.22,2366.08,2742.08,376.0,22,6.0,0.7,False
firm_2,281,137.1,21.68,2,0,23,2572721.16,2769.3,3153.3,384.0,23,6.0,0.6,False
firm_2,282,123.39,22.76,1,0,11,2573567.69,1069.29,1357.29,288.0,11,6.0,0.5,False
firm_2,283,129.56,21.62,2,0,22,2575198.77,2474.32,2850.32,376.0,22,6.0,0.6,False
firm_2,284,136.04,19.46,2,0,22,2577576.73,2616.88,2992.88,376.0,22,6.0,0.5,False
firm_2,285,142.84,17.51,3,0,34,2581108.76,4384.56,4856.56,472.0,34,6.0,0.6,False
firm_2,286,157.12,17.51,2,0,22,2584154.38,3080.64,3456.64,376.0,22,6.0,0.5,False
firm_2,287,149.26,19.26,2,0,22,2587023.58,2907.72,3283.72,376.0,22,6.0,0.4,False
firm_2,288,134.33,19.26,1,0,11,2588193.95,1189.63,1477.63,288.0,11,6.0,0.4,False
firm_2,289,120.9,17.33,1,0,11,2589118.52,1041.9,1329.9,288.0,11,6.0,0.5,False
firm_2,290,114.86,15.6,2,0,22,2590438.24,2150.92,2526.92,376.0,22,6.0,0.6,False
firm_2,291,120.6,15.6,3,0,34,2593319.84,3628.4,4100.4,472.0,34,6.0,0.6,False
firm_2,292,126.63,17.16,3,0,34,2596901.78,3833.42,4305.42,472.0,34,6.0,0.6,False
firm_2,293,132.96,15.44,3,0,34,2600704.1,4048.64,4520.64,472.0,34,6.0,0.6,False
firm_2,294,126.31,15.44,2,0,22,2603076.04,2402.82,2778.82,376.0,22,6.0,0.5,False
firm_2,295,138.94,13.9,1,0,11,2604302.48,1240.34,1528.34,288.0,11,6.0,0.4,False
firm_2,296,152.83,13.2,1,0,11,2605482.41,1393.13,1681.13,288.0,11,6.0,0.4,False
firm_2,297,145.19,13.86,1,0,11,2606577.64,1309.09,1597.09,288.0,11,6.0,0.3,False
firm_2,298,130.67,13.86,2,0,22,2608348.66,2498.74,2874.74,376.0,22,6.0,0.2,False
firm_2,299,130.67,12.47,1,0,11,2609185.56,1149.37,1437.37,288.0,11,6.0,0.3,False
firm_2,300,130.67,11.22,1,0,11,2610323.71,1149.37,1437.37,288.0,11,6.0,0.3,False
firm_2,301,130.67,10.1,1,0,11,2611162.98,1149.37,1437.37,288.0,11,6.0,0.4,False
firm_2,302,117.6,10.0,1,0,11,2612158.58,1005.6,1293.6,288.0,11,6.0,0.4,False
firm_2,303,111.72,10.0,1,0,11,2612989.5,940.92,1228.92,288.0,11,6.0,0.5,False
firm_2,304,100.55,10.0,2,0,22,2614205.6,1836.1,2212.1,376.0,22,6.0,0.6,False
firm_2,305,100.55,10.0,3,0,34,2616422.3,2946.7,3418.7,472.0,34,6.0,0.6,False
firm_2,306,105.58,10.0,2,0,22,2618149.06,1946.76,2322.76,376.0,22,6.0,0.5,False
firm_2,307,116.14,10.0,1,0,11,2619028.6,989.54,1277.54,288.0,11,6.0,0.6,False
firm_2,308,121.95,10.0,1,0,11,2619872.05,1053.45,1341.45,288.0,11,6.0,0.5,False
firm_2,309,128.05,10.5,1,0,11,2620782.1,1120.55,1408.55,288.0,11,6.0,0.4,False
firm_2,310,140.86,11.55,1,0,11,2621832.01,1261.46,1549.46,288.0,11,6.0,0.3,False
firm_2,311,154.95,10.4,1,0,11,2622938.06,1416.45,1704.45,288.0,11,6.0,0.4,False
firm_2,312,162.7,10.0,1,0,11,2624129.76,1501.7,1789.7,288.0,11,6.0,0.5,False
firm_2,313,154.56,10.0,1,0,11,2625531.92,1412.16,1700.16,288.0,11,6.0,0.4,False
firm_2,314,162.29,10.0,1,0,11,2626719.11,1497.19,1785.19,288.0,11,6.0,0.5,False
firm_2,315,162.29,10.0,1,0,11,2628206.3,1497.19,1785.19,288.0,11,6.0,0.5,False
firm_2,316,154.18,10.5,1,0,11,2629503.78,1407.98,1695.98,288.0,11,6.0,0.6,False
firm_2,317,161.89,10.0,1,0,11,2630786.57,1492.79,1780.79,288.0,11,6.0,0.6,False
firm_2,318,161.89,10.5,2,0,22,2633151.15,3185.58,3561.58,376.0,22,6.0,0.7,False
firm_2,319,161.89,11.55,2,0,22,2636313.63,3185.58,3561.58,376.0,22,6.0,0.6,False
firm_2,320,145.7,10.4,2,0,22,2638922.23,2829.4,3205.4,376.0,22,6.0,0.5,False
firm_2,321,152.98,10.0,3,0,34,2643121.55,4729.32,5201.32,472.0,34,6.0,0.4,False
firm_2,322,152.98,11.0,3,0,34,2647817.87,4729.32,5201.32,472.0,34,6.0,0.3,False
firm_2,323,160.63,10.0,2,0,22,2650955.73,3157.86,3533.86,376.0,22,6.0,0.3,False
firm_2,324,152.6,10.0,1,0,11,2652336.33,1390.6,1678.6,288.0,11,6.0,0.2,False
firm_2,325,152.6,10.0,1,0,11,2653416.93,1390.6,1678.6,288.0,11,6.0,0.3,False
firm_2,326,167.86,10.5,1,0,11,2654664.89,1558.46,1846.46,288.0,11,6.0,0.4,False
firm_2,327,167.86,10.0,1,0,11,2656013.35,1558.46,1846.46,288.0,11,6.0,0.3,False
firm_2,328,176.25,11.0,1,0,11,2657553.1,1650.75,1938.75,288.0,11,6.0,0.4,False
firm_2,329,158.62,11.0,1,0,11,2658898.92,1456.82,1744.82,288.0,11,6.0,0.5,False
firm_2,330,150.69,10.0,1,0,11,2660058.51,1369.59,1657.59,288.0,11,6.0,0.5,False
firm_2,331,158.22,10.0,2,0,22,2662343.35,3104.84,3480.84,376.0,22,6.0,0.6,False
firm_2,332,166.13,10.0,1,0,11,2663872.78,1539.43,1827.43,288.0,11,6.0,0.5,False
firm_2,333,157.82,10.0,1,0,11,2665310.8,1448.02,1736.02,288.0,11,6.0,0.4,False
firm_2,334,165.71,10.0,1,0,11,2666835.61,1534.81,1822.81,288.0,11,6.0,0.3,False
firm_2,335,149.14,10.0,1,0,11,2668178.15,1352.54,1640.54,288.0,11,6.0,0.3,False
firm_2,336,149.14,10.0,1,0,11,2669320.69,1352.54,1640.54,288.0,11,6.0,0.3,False
firm_2,337,156.6,10.5,1,0,11,2670444.79,1434.6,1722.6,288.0,11,6.0,0.4,False
firm_2,338,172.26,11.02,1,0,11,2671840.63,1606.86,1894.86,288.0,11,6.0,0.3,False
firm_2,339,189.49,11.57,1,0,11,2673325.45,1796.39,2084.39,288.0,11,6.0,0.4,False
firm_2,340,170.54,11.57,2,0,22,2675978.19,3375.88,3751.88,376.0,22,6.0,0.4,False
firm_2,341,170.54,11.57,2,0,22,2679130.93,3375.88,3751.88,376.0,22,6.0,0.4,False
firm_2,342,179.07,10.99,3,0,34,2684014.34,5616.38,6088.38,472.0,34,6.0,0.3,False
firm_2,343,188.02,10.0,2,0,22,2687754.78,3760.44,4136.44,376.0,22,6.0,0.2,False
firm_2,344,197.42,10.5,2,0,22,2691501.02,3967.24,4343.24,376.0,22,6.0,0.2,False
firm_2,345,207.29,11.55,1,0,11,2693281.66,1992.19,2280.19,288.0,11,6.0,0.2,False
firm_2,346,186.56,12.71,2,0,22,2696184.56,3728.32,4104.32,376.0,22,6.0,0.3,False
firm_2,347,186.56,13.35,3,0,34,2701415.55,5871.04,6343.04,472.0,34,6.0,0.4,False
firm_2,348,186.56,14.68,3,0,34,2706942.55,5871.04,6343.04,472.0,34,6.0,0.5,False
firm_2,349,167.9,13.21,3,0,34,2712039.52,5236.6,5708.6,472.0,34,6.0,0.6,False
firm_2,350,167.9,11.89,3,0,34,2716940.45,5236.6,5708.6,472.0,34,6.0,0.7,False
firm_2,351,151.11,11.89,2,0,22,2719665.09,2948.42,3324.42,376.0,22,6.0,0.6,False
firm_2,352,166.22,13.08,3,0,34,2724305.33,5179.48,5651.48,472.0,34,6.0,0.6,False
firm_2,353,174.53,13.73,2,0,22,2727541.53,3463.66,3839.66,376.0,22,6.0,0.5,False
firm_2,354,191.98,13.73,3,0,34,2733055.66,6055.32,6527.32,472.0,34,6.0,0.5,False
firm_2,355,201.58,13.73,3,0,34,2739396.19,6381.72,6853.72,472.0,34,6.0,0.4,False
firm_2,356,191.5,13.04,3,0,34,2745296.07,6039.0,6511.0,472.0,34,6.0,0.5,False
firm_2,357,191.5,14.34,3,0,34,2750992.05,6039.0,6511.0,472.0,34,6.0,0.6,False
firm_2,358,201.08,15.77,3,0,34,2757109.46,6364.72,6836.72,472.0,34,6.0,0.6,False
firm_2,359,191.03,14.98,4,0,45,2764385.89,8036.35,8596.35,560.0,45,6.0,0.5,False
firm_2,360,181.48,14.98,3,0,34,2770039.27,5698.32,6170.32,472.0,34,6.0,0.5,False
firm_2,361,172.41,13.48,3,0,34,2775188.77,5389.94,5861.94,472.0,34,6.0,0.4,False
firm_2,362,181.03,12.13,2,0,22,2778771.17,3606.66,3982.66,376.0,22,6.0,0.3,False
firm_2,363,190.08,10.92,1,0,11,2780363.13,1802.88,2090.88,288.0,11,6.0,0.2,False
firm_2,364,199.58,11.47,2,0,22,2783654.95,4014.76,4390.76,376.0,22,6.0,0.1,False
firm_2,365,219.54,10.32,2,0,22,2787888.19,4453.88,4829.88,376.0,22,6.0,0.1,False
firm_3,1,44.32,20.64,26,0,296,111831.38,12255.68,13118.72,863.04,296,0.24,0.34,False
firm_3,2,39.89,20.64,25,0,285,121845.63,10530.25,11368.65,838.4,285,0.24,0.24,False
firm_3,3,43.88,22.7,25,0,285,132945.53,11667.4,12505.8,838.4,285,0.24,0.24,False
firm_3,4,41.69,22.7,24,0,273,142970.58,10569.85,11381.37,811.52,273,0.24,0.24,False
firm_3,5,37.52,23.84,24,0,273,151616.21,9417.79,10242.96,825.17,273,0.29,0.14,False
firm_3,6,33.77,25.03,23,0,262,159088.28,8047.76,8847.74,799.98,262,0.29,0.1,False
firm_3,7,30.39,27.53,22,0,251,165335.72,6853.1,7627.89,774.79,251,0.29,0.1,False
firm_3,8,33.43,26.15,21,0,239,172029.03,7242.46,7989.77,747.31,239,0.29,0.1,False
firm_3,9,33.43,26.15,20,0,229,178437.09,6931.06,7655.47,724.41,229,0.29,0.1,False
firm_3,10,36.77,26.15,20,0,229,185610.01,7695.92,8420.33,724.41,229,0.29,0.1,False
firm_3,11,33.09,26.15,20,0,228,191598.01,6811.0,7544.52,733.52,228,0.34,0.2,False
firm_3,12,34.74,27.46,20,0,228,198236.01,7187.2,7920.72,733.52,228,0.34,0.1,False
firm_3,13,31.27,30.21,20,0,228,203927.85,6396.04,7129.56,733.52,228,0.34,0.2,False
firm_3,14,32.83,30.21,19,0,217,209559.34,6405.48,7124.11,718.63,217,0.39,0.1,False
firm_3,15,31.19,33.23,20,0,229,214789.94,6395.2,7142.51,747.31,229,0.39,0.1,False
firm_3,16,32.75,36.55,21,0,240,220396.79,7074.4,7860.0,785.6,240,0.44,0.1,False
firm_3,17,34.39,36.55,21,0,240,227097.24,7468.0,8253.6,785.6,240,0.44,0.1,False
firm_3,18,36.11,34.72,22,0,252,234118.24,8284.84,9099.72,814.88,252,0.44,0.1,False
firm_3,19,32.5,31.25,23,0,263,240292.12,7692.63,8547.5,854.87,263,0.49,0.2,False
firm_3,20,29.25,31.25,23,0,263,246198.1,6824.73,7692.75,868.02,263,0.54,0.2,False
firm_3,21,32.18,31.25,24,0,273,252626.17,7878.07,8785.14,907.07,273,0.59,0.2,False
firm_3,22,30.57,31.25,24,0,275,259370.67,7494.5,8406.75,912.25,275,0.59,0.1,False
firm_3,23,33.63,29.69,23,0,263,266651.32,7963.52,8844.69,881.17,263,0.59,0.1,False
firm_3,24,30.27,28.21,23,0,263,273082.33,7079.84,7961.01,881.17,263,0.59,0.1,False
firm_3,25,31.78,28.21,22,0,252,279304.99,7143.28,8008.56,865.28,252,0.64,0.2,False
firm_3,26,34.96,31.03,23,0,263,286178.31,8287.01,9194.48,907.47,263,0.69,0.1,False
firm_3,27,33.21,27.93,23,0,262,293332.16,7796.24,8701.02,904.78,262,0.69,0.1,False
firm_3,28,36.53,25.14,24,0,273,301167.12,9038.32,9972.69,934.37,273,0.69,0.2,False
firm_3,29,38.36,26.4,25,0,285,309973.07,9965.95,10932.6,966.65,285,0.69,0.1,False
firm_3,30,34.52,29.04,24,0,274,317697.53,8521.42,9458.48,937.06,274,0.69,0.2,False
firm_3,31,34.52,29.04,25,0,285,325128.83,8857.3,9838.2,980.9,285,0.74,0.2,False
firm_3,32,34.52,26.14,25,0,285,333332.63,8857.3,9838.2,980.9,285,0.74,0.1,False
firm_3,33,31.07,27.45,25,0,285,340520.43,7874.05,8854.95,980.9,285,0.74,0.1,False
firm_3,34,34.18,28.82,26,0,297,348093.94,9122.83,10151.46,1028.63,297,0.79,0.2,False
firm_3,35,30.76,28.82,25,0,285,355144.89,7771.45,8766.6,995.15,285,0.79,0.2,False
firm_3,36,27.68,28.82,26,0,297,360873.05,7177.48,8220.96,1043.48,297,0.84,0.2,False
firm_3,37,26.3,30.26,26,0,298,366877.37,6791.08,7837.4,1046.32,298,0.84,0.1,False
firm_3,38,28.93,30.26,26,0,297,373539.34,7548.73,8592.21,1043.48,297,0.84,0.2,False
firm_3,39,31.82,31.77,27,0,309,380936.37,8754.82,9832.38,1077.56,309,0.84,0.1,False
firm_3,40,35.0,31.77,27,0,309,389716.02,9737.44,10815.0,1077.56,309,0.84,0.2,False
firm_3,41,38.5,34.95,28,0,320,399348.62,11211.2,12320.0,1108.8,320,0.84,0.3,False
firm_3,42,36.57,34.95,28,0,319,408829.89,10559.87,11665.83,1105.96,319,0.84,0.4,False
firm_3,43,38.4,31.46,27,0,308,418732.95,10752.48,11827.2,1074.72,308,0.84,0.3,False
firm_3,44,34.56,33.03,27,0,308,427195.5,9554.36,10644.48,1090.12,308,0.89,0.2,False
firm_3,45,38.02,36.33,27,0,309,436654.31,10639.72,11748.18,1108.46,309,0.94,0.2,False
firm_3,46,36.12,34.51,28,0,319,445572.45,10384.42,11522.28,1137.86,319,0.94,0.1,False
firm_3,47,37.93,37.96,29,0,330,455318.31,11346.7,12516.9,1170.2,330,0.94,0.1,False
firm_3,48,41.72,41.76,29,0,332,466565.63,12658.36,13851.04,1192.68,332,0.99,0.1,False
firm_3,49,41.72,37.58,30,0,342,477766.79,13028.56,14268.24,1239.68,342,1.04,0.1,False
firm_3,50,37.55,33.82,31,0,353,488100.4,11982.03,13255.15,1273.12,353,1.04,0.2,False
firm_3,51,41.3,37.2,32,0,366,499894.86,13784.86,15115.8,1330.94,366,1.09,0.3,False
firm_3,52,45.43,39.06,32,0,365,513799.04,15254.1,16581.95,1327.85,365,1.09,0.4,False
firm_3,53,45.43,39.06,33,0,376,527629.9,15719.84,17081.68,1361.84,376,1.09,0.5,False
firm_3,54,49.97,41.01,32,0,364,543181.9,16864.32,18189.08,1324.76,364,1.09,0.5,False
firm_3,55,49.97,43.06,32,0,364,558350.1,16846.12,18189.08,1342.96,364,1.14,0.6,False
firm_3,56,52.47,43.06,32,0,364,574728.3,17756.12,19099.08,1342.96,364,1.14,0.6,False
firm_3,57,52.47,38.75,31,0,353,590740.54,17213.49,18521.91,1308.42,353,1.14,0.5,False
firm_3,58,49.85,38.75,32,0,365,605631.44,16830.9,18195.25,1364.35,365,1.19,0.4,False
firm_3,59,54.84,38.75,33,0,376,622973.09,19220.4,20619.84,1399.44,376,1.19,0.5,False
firm_3,60,52.1,34.88,32,0,365,639290.83,17633.9,19016.5,1382.6,365,1.24,0.5,False
firm_3,61,52.1,33.14,31,0,353,655311.07,17047.58,18391.3,1343.72,353,1.24,0.4,False
firm_3,62,46.89,29.83,30,0,342,669144.47,14728.3,16036.38,1308.08,342,1.24,0.3,False
firm_3,63,49.23,26.85,29,0,329,683296.53,14930.71,16196.67,1265.96,329,1.24,0.2,False
firm_3,64,46.77,24.17,30,0,341,696715.16,14643.73,15948.57,1304.84,341,1.24,0.1,False
firm_3,65,46.77,22.96,29,0,329,710070.69,14121.37,15387.33,1265.96,329,1.24,0.2,False
firm_3,66,46.77,24.11,28,0,318,722822.25,13626.64,14872.86,1246.22,318,1.29,0.2,False
firm_3,67,42.09,25.32,29,0,329,734153.17,12565.2,13847.61,1282.41,329,1.29,0.2,False
firm_3,68,42.09,27.85,28,0,318,745195.87,12122.5,13384.62,1262.12,318,1.34,0.3,False
firm_3,69,46.3,26.46,29,0,329,757545.92,13917.39,15232.7,1315.31,329,1.39,0.4,False
firm_3,70,50.93,27.78,29,0,329,772180.96,15440.66,16755.97,1315.31,329,1.39,0.4,False
firm_3,71,56.02,26.39,28,0,318,787978.38,16536.34,17814.36,1278.02,318,1.39,0.4,False
firm_3,72,53.22,27.71,27,0,306,802278.19,15047.98,16285.32,1237.34,306,1.39,0.4,False
firm_3,73,58.54,29.1,26,0,295,817590.84,16069.25,17269.3,1200.05,295,1.39,0.4,False
firm_3,74,61.47,29.1,27,0,306,833877.62,17572.48,18809.82,1237.34,306,1.39,0.4,False
firm_3,75,61.47,29.1,27,0,306,850664.4,17572.48,18809.82,1237.34,306,1.39,0.4,False
firm_3,76,64.54,32.01,28,0,319,868359.02,19290.9,20588.26,1297.36,319,1.44,0.4,False
firm_3,77,70.99,33.61,29,0,330,888975.83,22091.5,23426.7,1335.2,330,1.44,0.4,False
firm_3,78,78.09,33.61,29,0,330,912219.14,24418.0,25769.7,1351.7,330,1.49,0.3,False
firm_3,79,81.99,31.93,29,0,330,936781.67,25688.5,27056.7,1368.2,330,1.54,0.2,False
firm_3,80,86.09,28.74,28,0,319,962110.4,26133.45,27462.71,1329.26,319,1.54,0.2,False
firm_3,81,90.39,27.3,29,0,329,988975.9,28357.2,29738.31,1381.11,329,1.59,0.1,False
firm_3,82,99.43,27.3,30,0,340,1019942.5,32385.6,33806.2,1420.6,340,1.59,0.2,False
firm_3,83,99.43,28.67,30,0,340,1051251.0,32368.6,33806.2,1437.6,340,1.64,0.1,False
firm_3,84,104.4,31.54,31,0,351,1084940.02,35166.76,36644.4,1477.64,351,1.64,0.1,False
firm_3,85,109.62,28.39,32,0,363,1121802.28,38270.74,39792.06,1521.32,363,1.64,0.1,False
firm_3,86,120.58,29.81,33,0,376,1164087.99,43769.44,45338.08,1568.64,376,1.64,0.1,False
firm_3,87,108.52,26.83,34,0,387,1202744.98,40369.21,41997.24,1628.03,387,1.69,0.2,False
firm_3,88,119.37,25.49,34,0,387,1246446.48,44568.16,46196.19,1628.03,387,1.69,0.1,False
firm_3,89,131.31,25.49,35,0,399,1295774.71,50720.38,52392.69,1672.31,399,1.69,0.1,False
firm_3,90,144.44,24.22,35,0,396,1350464.01,55537.0,57198.24,1661.24,396,1.69,0.1,False
firm_3,91,151.66,26.64,34,0,387,1406403.29,57045.04,58692.42,1647.38,387,1.74,0.1,False
firm_3,92,166.83,26.64,35,0,399,1469843.8,64872.91,66565.17,1692.26,399,1.74,0.1,False
firm_3,93,166.83,27.97,36,0,410,1535003.78,66666.9,68400.3,1733.4,410,1.74,0.1,False
firm_3,94,175.17,30.77,36,0,410,1603761.86,70065.8,71819.7,1753.9,410,1.79,0.1,False
firm_3,95,183.93,33.85,36,0,410,1676100.66,73657.4,75411.3,1753.9,410,1.79,0.2,False
firm_3,96,202.32,35.54,35,0,399,1753770.23,79013.47,80725.68,1712.21,399,1.79,0.3,False
firm_3,97,212.44,33.76,34,0,387,1833169.94,80547.55,82214.28,1666.73,387,1.79,0.3,False
firm_3,98,201.82,30.38,35,0,399,1910420.61,78813.97,80526.18,1712.21,399,1.79,0.2,False
firm_3,99,211.91,28.86,36,0,410,1994010.85,85129.2,86883.1,1753.9,410,1.79,0.2,False
firm_3,100,190.72,27.42,37,0,421,2070772.79,78476.48,80293.12,1816.64,421,1.84,0.1,False
firm_3,101,209.79,24.68,37,0,421,2156143.53,86483.9,88321.59,1837.69,421,1.89,0.1,False
firm_3,102,230.77,22.21,37,0,421,2250638.24,95316.48,97154.17,1837.69,421,1.89,0.1,False
firm_3,103,207.69,19.99,37,0,421,2335498.41,85599.8,87437.49,1837.69,421,1.89,0.1,False
firm_3,104,228.46,19.99,38,0,432,2430831.43,96792.64,98694.72,1902.08,432,1.94,0.1,False
firm_3,105,251.31,20.99,39,0,444,2538822.9,109610.08,111581.64,1971.56,444,1.99,0.2,False
firm_3,106,226.18,23.09,40,0,455,2638295.75,100896.45,102911.9,2015.45,455,1.99,0.1,False
firm_3,107,203.56,21.94,40,0,455,2728022.5,90604.35,92619.8,2015.45,455,1.99,0.1,False
firm_3,108,223.92,23.04,41,0,466,2828765.24,102287.38,104346.72,2059.34,466,1.99,0.2,False
firm_3,109,212.72,23.04,40,0,455,2922393.04,94749.4,96787.6,2038.2,455,2.04,0.1,False
firm_3,110,233.99,21.89,40,0,455,3025621.94,104404.5,106465.45,2060.95,455,2.09,0.2,False
firm_3,111,257.39,22.98,39,0,444,3136668.72,112243.0,114281.16,2038.16,444,2.14,0.3,False
firm_3,112,231.65,21.83,39,0,444,3236409.59,100792.24,102852.6,2060.36,444,2.19,0.2,False
firm_3,113,254.82,20.74,40,0,455,3348916.64,113836.65,115943.1,2106.45,455,2.19,0.2,False
firm_3,114,280.3,18.67,40,0,455,3473277.14,125407.3,127536.5,2129.2,455,2.24,0.3,False
firm_3,115,308.33,16.8,41,0,467,3613898.37,141810.03,143990.11,2180.08,467,2.24,0.3,False
firm_3,116,323.75,16.8,40,0,456,3758722.93,145496.56,147630.0,2133.44,456,2.24,0.3,False
firm_3,117,339.94,16.8,40,0,456,3910930.13,152879.2,155012.64,2133.44,456,2.24,0.3,False
firm_3,118,373.93,15.96,40,0,456,4078670.37,168378.64,170512.08,2133.44,456,2.24,0.2,False
firm_3,119,411.32,16.76,39,0,444,4258338.05,180521.32,182626.08,2104.76,444,2.29,0.1,False
firm_3,120,431.89,17.6,40,162,456,4381143.47,124009.42,126975.66,2966.24,294,2.29,0.1,False
firm_3,121,431.89,18.48,39,0,444,4639721.13,259598.38,261725.34,2126.96,606,2.34,0.2,False
firm_3,122,431.89,18.48,40,157,456,4764330.2,126148.27,129135.11,2986.84,299,2.39,0.3,False
firm_3,123,475.08,20.33,40,613,456,4757927.36,-5289.64,0.0,5289.64,0,2.44,0.4,False
firm_3,124,522.59,19.31,40,1069,456,4749362.52,-7592.44,0.0,7592.44,0,2.49,0.3,False
firm_3,125,522.59,18.34,41,1536,467,4737810.4,-10000.18,0.0,10000.18,0,2.54,0.4,False
firm_3,126,470.33,18.34,42,2015,479,4724090.46,-12449.66,0.0,12449.66,0,2.54,0.3,False
firm_3,127,423.3,19.26,43,2505,490,4707488.18,-14974.1,0.0,14974.1,0,2.59,0.4,False
firm_3,128,380.97,19.26,42,2016,479,5062979.61,356300.35,368778.96,12478.61,968,2.59,0.4,False
firm_3,129,361.92,19.26,43,1799,490,5305984.77,244433.34,255877.44,11444.1,707,2.59,0.5,False
firm_3,130,325.73,19.26,42,0,479,6044790.18,739614.33,742012.94,2398.61,2278,2.59,0.4,False
firm_3,131,309.44,19.26,43,0,490,6192538.5,149176.5,151625.6,2449.1,490,2.59,0.5,False
firm_3,132,324.91,18.3,43,0,490,6348283.9,156732.3,159205.9,2473.6,490,2.64,0.5,False
firm_3,133,324.91,16.47,43,0,490,6504207.99,156732.3,159205.9,2473.6,490,2.64,0.6,False
firm_3,134,357.4,17.29,44,0,505,6680791.03,177943.8,180487.0,2543.2,505,2.64,0.7,False
firm_3,135,321.66,17.29,44,0,504,6839608.35,159578.08,162116.64,2538.56,504,2.64,0.7,False
firm_3,136,353.83,15.56,44,0,504,7014490.27,175766.56,178330.32,2563.76,504,2.69,0.6,False
firm_3,137,353.83,14.0,43,0,493,7185814.29,171926.02,174438.19,2512.17,493,2.69,0.5,False
firm_3,138,371.52,14.7,44,0,504,7369349.81,184682.32,187246.08,2563.76,504,2.69,0.5,False
firm_3,139,352.94,13.23,44,0,504,7543860.49,175292.8,177881.76,2588.96,504,2.74,0.5,False
firm_3,140,370.59,12.57,45,0,516,7731273.44,188578.6,191224.44,2645.84,516,2.74,0.6,False
firm_3,141,407.65,13.2,44,0,504,7933234.08,202841.44,205455.6,2614.16,504,2.79,0.7,False
firm_3,142,387.27,11.88,45,0,516,8129133.36,197133.88,199831.32,2697.44,516,2.84,0.6,False
firm_3,143,426.0,11.88,44,281,505,8219985.44,91374.8,95424.0,4049.2,224,2.84,0.5,False
firm_3,144,383.4,10.69,44,0,499,8515951.92,296436.84,299052.0,2615.16,780,2.84,0.4,False
firm_3,145,364.23,10.16,45,0,511,8698217.46,183422.74,186121.53,2698.79,511,2.89,0.4,False
firm_3,146,382.44,10.0,45,0,511,8890269.96,192702.5,195426.84,2724.34,511,2.94,0.4,False
firm_3,147,401.56,10.0,46,0,522,9096045.6,206835.64,209614.32,2778.68,522,2.94,0.5,False
firm_3,148,361.4,10.5,45,0,511,9277198.61,181925.51,184675.4,2749.89,511,2.99,0.6,False
firm_3,149,379.47,10.5,44,0,500,9463776.61,187040.0,189735.0,2695.0,500,2.99,0.6,False
firm_3,150,360.5,10.0,44,0,500,9640666.61,177530.0,180250.0,2720.0,500,3.04,0.5,False
firm_3,151,342.48,10.0,43,0,488,9804482.93,164446.32,167130.24,2683.92,488,3.09,0.4,False
firm_3,152,308.23,10.5,44,0,500,9954790.93,151370.0,154115.0,2745.0,500,3.09,0.5,False
firm_3,153,323.64,10.0,43,0,487,10109070.43,154909.5,157612.68,2703.18,487,3.14,0.4,False
firm_3,154,356.0,10.5,43,0,488,10279414.21,170995.28,173728.0,2732.72,488,3.19,0.3,False
firm_3,155,391.6,10.5,42,477,477,10273688.73,-5084.48,0.0,5084.48,0,3.24,0.3,False
firm_3,156,411.18,11.02,43,965,488,10265032.75,-7582.12,0.0,7582.12,0,3.24,0.4,False
firm_3,157,411.18,11.57,44,1218,500,10356350.13,92626.46,101561.46,8935.0,247,3.29,0.5,False
firm_3,158,390.62,12.15,44,1492,500,10433690.65,77975.12,88280.12,10305.0,226,3.29,0.6,False
firm_3,159,371.09,11.54,45,1984,511,10426673.32,-5798.03,7050.71,12848.74,19,3.34,0.6,False
firm_3,160,333.98,12.12,44,1871,503,10619405.55,193465.51,205731.68,12266.17,616,3.39,0.5,False
firm_3,161,350.68,13.33,43,2276,492,10634885.04,16252.68,30509.16,14256.48,87,3.44,0.4,False
firm_3,162,315.61,14.66,43,854,491,11230775.55,596620.89,603761.93,7141.04,1913,3.44,0.5,False
firm_3,163,299.83,13.93,44,0,503,11633370.47,403907.84,406869.31,2961.47,1357,3.49,0.5,False
firm_3,164,314.82,14.63,43,0,491,11784097.86,151656.48,154576.62,2920.14,491,3.54,0.6,False
firm_3,165,299.08,15.36,44,0,503,11930372.64,147450.62,150437.24,2986.62,503,3.54,0.6,False
firm_3,166,299.08,14.59,45,0,514,12079795.65,150679.56,153727.12,3047.56,514,3.54,0.7,False
firm_3,167,284.13,14.59,44,0,502,12218580.77,139627.08,142633.26,3006.18,502,3.59,0.7,False
firm_3,168,298.34,15.32,44,0,502,12364442.09,146735.4,149766.68,3031.28,502,3.64,0.6,False
firm_3,169,328.17,15.32,44,0,502,12525152.97,161684.96,164741.34,3056.38,502,3.69,0.7,False
firm_3,170,311.76,16.09,45,0,513,12680642.83,156813.91,159932.88,3118.97,513,3.69,0.8,False
firm_3,171,280.58,15.29,46,0,525,12823456.74,144117.25,147304.5,3187.25,525,3.69,0.9,False
firm_3,172,294.61,16.82,47,0,536,12976827.32,154661.12,157910.96,3249.84,536,3.69,0.9,False
firm_3,173,324.07,16.82,48,387,548,13022342.11,46922.15,52175.27,5253.12,161,3.69,1.0,False
firm_3,174,291.66,17.66,48,0,548,13290651.01,269356.58,272702.1,3345.52,935,3.74,1.0,False
firm_3,175,320.83,16.78,48,34,548,13451009.27,161363.7,164906.62,3542.92,514,3.79,1.0,False
firm_3,176,336.87,15.1,48,221,548,13567316.62,117132.15,121610.07,4477.92,361,3.79,1.1,False
firm_3,177,336.87,15.1,49,591,559,13623125.59,57248.87,63668.43,6419.56,189,3.84,1.1,False
firm_3,178,370.56,15.1,50,1162,571,13612525.95,-9344.64,0.0,9344.64,0,3.84,1.0,False
firm_3,179,333.5,15.86,49,1685,559,13611637.3,88.49,12006.0,11917.51,36,3.89,0.9,False
firm_3,180,316.82,14.27,48,1616,546,13794073.4,183321.06,194844.3,11523.24,615,3.94,0.8,False
firm_3,181,285.14,13.56,47,787,536,14175233.34,381897.26,389216.1,7318.84,1365,3.94,0.9,False
firm_3,182,256.63,12.88,47,0,536,14510765.63,336137.65,339521.49,3383.84,1323,3.94,0.9,False
firm_3,183,243.8,12.88,47,0,536,14637126.43,127266.16,130676.8,3410.64,536,3.99,1.0,False
firm_3,184,219.42,12.88,47,0,536,14750492.75,114171.68,117609.12,3437.44,536,4.04,1.0,False
firm_3,185,241.36,12.88,47,0,536,14875592.11,125904.72,129368.96,3464.24,536,4.09,0.9,False
firm_3,186,229.29,12.88,48,0,548,14996360.07,122086.2,125650.92,3564.72,548,4.14,0.9,False
firm_3,187,229.29,12.88,47,0,536,15115163.11,119408.4,122899.44,3491.04,536,4.14,0.9,False
firm_3,188,240.75,13.52,47,0,536,15240078.63,125550.96,129042.0,3491.04,536,4.14,0.8,False
firm_3,189,252.79,13.52,47,0,536,15371447.59,132004.4,135495.44,3491.04,536,4.14,0.7,False
firm_3,190,278.07,12.17,46,0,525,15513451.02,142563.25,145986.75,3423.5,525,4.14,0.6,False
firm_3,191,291.97,12.17,46,0,524,15662466.12,149574.92,152992.28,3417.36,524,4.14,0.6,False
firm_3,192,321.17,12.17,46,295,524,15730335.67,68629.37,73547.93,4918.56,229,4.19,0.6,False
firm_3,193,305.11,12.17,45,102,512,15940685.69,211197.67,215102.55,3904.88,705,4.24,0.7,False
firm_3,194,289.85,12.17,46,278,524,16035633.91,96008.04,100867.8,4859.76,348,4.24,0.6,False
firm_3,195,275.36,12.17,45,0,513,16249269.25,214382.99,217809.76,3426.77,791,4.29,0.5,False
firm_3,196,247.82,11.56,46,0,524,16374599.21,126361.72,129857.68,3495.96,524,4.29,0.4,False
firm_3,197,272.6,12.72,47,181,535,16465204.87,92003.5,96500.4,4496.9,354,4.34,0.5,False
firm_3,198,245.34,11.45,47,0,535,16636738.26,172071.54,175663.44,3591.9,716,4.34,0.5,False
firm_3,199,257.61,10.3,47,0,535,16770156.86,134202.7,137821.35,3618.65,535,4.39,0.6,False
firm_3,200,283.37,10.0,48,130,546,16882392.54,113515.68,117881.92,4366.24,416,4.44,0.7,False
firm_3,201,311.71,10.5,48,92,546,17059523.64,177835.1,182038.64,4203.54,584,4.49,0.7,False
firm_3,202,296.12,10.0,48,86,546,17218228.34,159284.7,163458.24,4173.54,552,4.49,0.8,False
firm_3,203,296.12,10.0,48,64,546,17381653.66,164105.32,168196.16,4090.84,568,4.54,0.8,False
firm_3,204,310.93,10.0,48,298,546,17472922.98,91749.32,97010.16,5260.84,312,4.54,0.8,False
firm_3,205,279.84,10.5,48,0,546,17704505.8,232386.82,236184.96,3798.14,844,4.59,0.9,False
firm_3,206,307.82,11.55,49,56,559,17853781.55,150641.7,154833.46,4191.76,503,4.64,1.0,False
firm_3,207,338.6,12.71,50,432,570,17911961.15,59515.1,65688.4,6173.3,194,4.69,0.9,False
firm_3,208,321.67,13.35,49,533,559,18052027.15,140720.15,147324.86,6604.71,458,4.69,0.8,False
firm_3,209,337.75,12.68,48,670,547,18182459.23,131240.72,138477.5,7236.78,410,4.74,0.8,False
firm_3,210,303.98,13.31,47,624,536,18351817.38,169983.72,176916.36,6932.64,582,4.74,0.7,False
firm_3,211,334.38,13.31,46,668,524,18504309.56,153404.44,160502.4,7097.96,480,4.79,0.8,False
firm_3,212,300.94,12.64,45,534,513,18692095.67,188354.91,194708.18,6353.27,647,4.79,0.7,False
firm_3,213,270.85,12.64,44,153,501,18925962.42,234522.91,238889.7,4366.79,882,4.79,0.8,False
firm_3,214,284.39,13.27,43,163,490,19057332.41,132140.6,136507.2,4366.6,480,4.84,0.7,False
firm_3,215,270.17,13.93,42,0,479,19226496.18,169948.83,173449.14,3500.31,642,4.89,0.7,False
firm_3,216,283.68,12.54,43,90,490,19334578.36,109421.4,113472.0,4050.6,400,4.94,0.8,False
firm_3,217,269.5,12.54,44,0,501,19488899.11,155572.51,159274.5,3701.99,591,4.99,0.8,False
firm_3,218,242.55,13.79,43,0,490,19603430.54,115224.4,118849.5,3625.1,490,4.99,0.9,False
firm_3,219,254.68,12.41,43,0,490,19723740.51,121143.6,124793.2,3649.6,490,5.04,1.0,False
firm_3,220,254.68,11.79,42,0,478,19841417.25,118171.92,121737.04,3565.12,478,5.04,1.0,False
firm_3,221,241.95,11.79,43,0,490,19955091.68,114881.4,118555.5,3674.1,490,5.09,1.0,False
firm_3,222,229.85,12.38,43,0,490,20063287.24,108927.9,112626.5,3698.6,490,5.14,0.9,False
firm_3,223,252.84,12.38,43,0,489,20182377.75,119922.85,123638.76,3715.91,489,5.19,1.0,False
firm_3,224,278.12,11.76,43,0,489,20313932.39,132260.32,136000.68,3740.36,489,5.24,1.0,False
firm_3,225,292.03,11.17,43,0,489,20452189.94,139037.86,142802.67,3764.81,489,5.29,1.1,False
firm_3,226,321.23,10.05,44,0,497,20607075.92,155828.18,159651.31,3823.13,497,5.29,1.0,False
firm_3,227,353.35,10.0,43,404,490,20630917.42,24571.5,30388.1,5816.6,86,5.34,1.1,False
firm_3,228,388.69,10.0,44,902,498,20621612.1,-8365.32,0.0,8365.32,0,5.34,1.0,False
firm_3,229,427.56,10.0,45,1414,512,20609408.42,-11053.68,0.0,11053.68,0,5.39,0.9,False
firm_3,230,384.8,10.0,46,1934,520,20594635.62,-13712.8,0.0,13712.8,0,5.39,1.0,False
firm_3,231,365.56,10.0,46,2454,520,20577536.82,-16338.8,0.0,16338.8,0,5.44,1.1,False
firm_3,232,329.0,11.0,46,2978,524,20557816.06,-19014.76,0.0,19014.76,0,5.49,1.1,False
firm_3,233,345.45,12.1,47,3513,535,20534748.46,-21798.9,0.0,21798.9,0,5.54,1.1,False
firm_3,234,328.18,13.31,46,4036,523,20509586.63,-24349.57,0.0,24349.57,0,5.59,1.1,False
firm_3,235,344.59,11.98,45,4548,512,20481895.85,-26851.68,0.0,26851.68,0,5.64,1.2,False
firm_3,236,327.36,13.18,45,4981,512,20478147.51,-3155.24,25861.44,29016.68,79,5.64,1.2,False
firm_3,237,294.62,12.52,46,4156,523,20849017.48,372145.89,397147.76,25001.87,1348,5.69,1.1,False
firm_3,238,309.35,13.77,45,4376,512,20912485.15,64287.32,90330.2,26042.88,292,5.74,1.0,False
firm_3,239,309.35,13.08,44,4523,500,20994100.18,82490.55,109200.55,26710.0,353,5.79,1.1,False
firm_3,240,278.42,13.73,45,4428,512,21135654.79,142672.46,169000.94,26328.48,607,5.79,1.0,False
firm_3,241,264.5,15.1,44,2650,500,21719951.39,585161.0,602531.0,17370.0,2278,5.84,0.9,False
firm_3,242,290.95,14.34,43,1661,489,22136795.66,417660.89,430024.1,12363.21,1478,5.89,0.8,False
firm_3,243,276.4,13.62,44,1453,500,22319977.58,184281.2,195691.2,11410.0,708,5.89,0.7,False
firm_3,244,304.04,12.94,45,1835,512,22344680.2,26084.92,39525.2,13440.28,130,5.94,0.8,False
firm_3,245,288.84,13.59,45,1500,512,22576725.25,232856.6,244647.48,11790.88,847,5.99,0.7,False
firm_3,246,303.28,14.27,46,1725,523,22652737.27,77368.44,90377.44,13009.0,298,6.0,0.6,False
firm_3,247,272.95,14.98,45,1074,512,22959538.02,307774.85,317440.85,9666.0,1163,6.0,0.7,False
firm_3,248,300.24,14.98,44,1061,500,23103197.02,144518.12,154023.12,9505.0,513,6.0,0.7,False
firm_3,249,285.23,14.23,44,0,500,23543614.93,441044.03,445244.03,4200.0,1561,6.0,0.6,False
firm_3,250,313.75,13.52,44,500,500,23536120.05,-6700.0,0.0,6700.0,0,6.0,0.6,False
firm_3,251,298.06,12.17,44,976,500,23533458.01,-1926.56,7153.44,9080.0,24,6.0,0.5,False
firm_3,252,268.25,13.39,45,0,512,23926915.46,394860.0,399156.0,4296.0,1488,6.0,0.6,False
firm_3,253,295.08,14.06,45,283,512,23988145.08,61862.32,67573.32,5711.0,229,6.0,0.6,False
firm_3,254,324.59,14.06,45,795,512,23978941.38,-8271.0,0.0,8271.0,0,6.0,0.7,False
firm_3,255,357.05,15.47,45,1306,511,23967227.23,-10818.0,0.0,10818.0,0,6.0,0.6,False
firm_3,256,321.35,15.47,45,1817,511,23953058.08,-13373.0,0.0,13373.0,0,6.0,0.7,False
firm_3,257,337.42,15.47,44,2317,500,23936592.4,-15785.0,0.0,15785.0,0,6.0,0.6,False
firm_3,258,303.68,17.02,45,2818,511,23919785.3,-15341.2,3036.8,18378.0,10,6.0,0.5,False
firm_3,259,273.31,18.72,44,3275,500,23909838.95,-8822.67,11752.33,20575.0,43,6.0,0.6,False
firm_3,260,273.31,18.72,45,3140,515,24065928.05,157631.5,177651.5,20020.0,650,6.0,0.5,False
firm_3,261,259.64,19.66,45,2699,515,24295244.19,230400.84,248215.84,17815.0,956,6.0,0.5,False
firm_3,262,285.6,18.68,46,3226,527,24273238.91,-20546.0,0.0,20546.0,0,6.0,0.6,False
firm_3,263,271.32,16.81,47,3741,538,24254980.2,-16968.64,6240.36,23209.0,23,6.0,0.6,False
firm_3,264,271.32,18.49,48,4290,549,24227250.68,-26042.0,0.0,26042.0,0,6.0,0.7,False
firm_3,265,298.45,18.49,48,4771,548,24217920.31,-8442.85,19996.15,28439.0,67,6.0,0.7,False
firm_3,266,283.53,19.41,49,4453,560,24438463.56,221994.34,248939.34,26945.0,878,6.0,0.6,False
firm_3,267,255.18,18.44,48,3571,549,24780294.02,342715.58,365162.58,22447.0,1431,6.0,0.6,False
firm_3,268,229.66,19.36,48,0,549,25720971.94,941607.2,946199.2,4592.0,4120,6.0,0.6,False
firm_3,269,241.14,18.39,48,0,549,25847883.08,127793.86,132385.86,4592.0,549,6.0,0.5,False
firm_3,270,229.08,18.39,48,0,549,25967873.28,121172.92,125764.92,4592.0,549,6.0,0.6,False
firm_3,271,240.53,18.39,48,0,549,26094449.53,127458.97,132050.97,4592.0,549,6.0,0.6,False
firm_3,272,228.5,20.23,47,0,537,26211707.22,118208.5,122704.5,4496.0,537,6.0,0.5,False
firm_3,273,251.35,20.23,47,0,537,26341235.36,130478.95,134974.95,4496.0,537,6.0,0.4,False
firm_3,274,276.48,20.23,46,0,526,26481025.26,141020.48,145428.48,4408.0,526,6.0,0.5,False
firm_3,275,290.3,20.23,47,0,537,26630969.55,151395.1,155891.1,4496.0,537,6.0,0.5,False
firm_3,276,304.82,18.21,48,301,548,26698697.01,69201.54,75290.54,6089.0,247,6.0,0.6,False
firm_3,277,274.34,18.21,48,0,548,26926153.59,228330.66,232914.66,4584.0,849,6.0,0.5,False
firm_3,278,260.62,17.3,47,0,537,27060597.43,135456.94,139952.94,4496.0,537,6.0,0.4,False
firm_3,279,286.68,19.03,47,0,537,27208854.18,149451.16,153947.16,4496.0,537,6.0,0.5,False
firm_3,280,301.01,18.08,46,526,526,27200784.5,-7038.0,0.0,7038.0,0,6.0,0.4,False
firm_3,281,331.11,18.98,46,863,526,27253768.21,53856.79,62579.79,8723.0,189,6.0,0.3,False
firm_3,282,347.67,17.08,46,1212,526,27303952.12,51069.59,61537.59,10468.0,177,6.0,0.4,False
firm_3,283,312.9,17.08,46,1590,526,27337117.64,33951.2,46309.2,12358.0,148,6.0,0.3,False
firm_3,284,297.25,15.37,47,1980,537,27364995.0,29299.75,43695.75,14396.0,147,6.0,0.2,False
firm_3,285,267.53,13.83,46,1338,525,27665176.33,301117.51,312207.51,11090.0,1167,6.0,0.3,False
firm_3,286,240.78,14.52,46,0,525,28108581.55,444173.14,448573.14,4400.0,1863,6.0,0.4,False
firm_3,287,264.86,13.79,47,0,537,28245167.24,137733.82,142229.82,4496.0,537,6.0,0.4,False
firm_3,288,278.1,15.17,47,0,537,28389097.95,144843.7,149339.7,4496.0,537,6.0,0.4,False
firm_3,289,305.91,16.69,47,537,537,28381132.52,-7181.0,0.0,7181.0,0,6.0,0.4,False
firm_3,290,275.32,16.69,46,1063,526,28370641.78,-9723.0,0.0,9723.0,0,6.0,0.4,False
firm_3,291,247.79,16.69,47,1600,537,28356661.35,-12496.0,0.0,12496.0,0,6.0,0.4,False
firm_3,292,272.57,15.02,48,2148,548,28339816.39,-15324.0,0.0,15324.0,0,6.0,0.5,False
firm_3,293,258.94,15.77,47,2537,537,28360017.32,21142.12,38323.12,17181.0,148,6.0,0.4,False
firm_3,294,271.89,17.35,48,3086,549,28338662.52,-20022.0,0.0,20022.0,0,6.0,0.4,False
firm_3,295,244.7,16.48,49,2648,560,28563645.6,226290.6,244210.6,17920.0,998,6.0,0.4,False
firm_3,296,232.46,16.48,50,1076,571,29050035.38,488013.78,498161.78,10148.0,2143,6.0,0.5,False
firm_3,297,220.84,16.48,49,0,560,29405742.1,356614.24,361294.24,4680.0,1636,6.0,0.6,False
firm_3,298,209.8,18.13,49,0,560,29517661.73,112808.0,117488.0,4680.0,560,6.0,0.6,False
firm_3,299,230.78,19.94,49,0,560,29641241.47,124556.8,129236.8,4680.0,560,6.0,0.6,False
firm_3,300,219.24,17.95,50,0,571,29760062.01,120418.04,125186.04,4768.0,571,6.0,0.6,False
firm_3,301,208.28,17.95,50,0,571,29873324.39,114159.88,118927.88,4768.0,571,6.0,0.5,False
firm_3,302,208.28,17.95,51,0,583,29988472.18,116563.24,121427.24,4864.0,583,6.0,0.4,False
firm_3,303,229.11,19.74,51,0,583,30115972.57,128707.13,133571.13,4864.0,583,6.0,0.4,False
firm_3,304,217.65,19.74,52,0,594,30238478.19,124332.1,129284.1,4952.0,594,6.0,0.5,False
firm_3,305,239.42,18.75,52,0,594,30374666.67,137263.48,142215.48,4952.0,594,6.0,0.6,False
firm_3,306,263.36,16.88,53,0,605,30527564.83,154292.8,159332.8,5040.0,605,6.0,0.6,False
firm_3,307,276.53,16.88,52,0,594,30685993.89,159306.82,164258.82,4952.0,594,6.0,0.5,False
firm_3,308,262.7,16.04,52,204,594,30781340.81,96481.0,102453.0,5972.0,390,6.0,0.6,False
firm_3,309,275.83,17.64,51,787,583,30771442.17,-8799.0,0.0,8799.0,0,6.0,0.6,False
firm_3,310,289.62,16.76,51,1369,582,30758586.41,-11701.0,0.0,11701.0,0,6.0,0.7,False
firm_3,311,289.62,17.6,50,1920,571,30749030.81,-8575.6,5792.4,14368.0,20,6.0,0.8,False
firm_3,312,275.14,18.48,49,1794,560,30922921.33,175096.04,188746.04,13650.0,686,6.0,0.9,False
firm_3,313,247.63,19.4,49,1565,560,31104545.8,182875.07,195380.07,12505.0,789,6.0,1.0,False
firm_3,314,222.87,19.4,50,0,571,31574258.12,471282.32,476050.32,4768.0,2136,6.0,1.1,False
firm_3,315,245.16,19.4,49,261,560,31640325.36,67317.84,73302.84,5985.0,299,6.0,1.2,False
firm_3,316,257.42,17.46,50,832,571,31629824.36,-8928.0,0.0,8928.0,0,6.0,1.1,False
firm_3,317,231.68,19.21,51,1221,582,31661997.89,33753.24,44714.24,10961.0,193,6.0,1.2,False
firm_3,318,254.85,20.17,52,1401,594,31753899.95,93550.9,105507.9,11957.0,414,6.0,1.3,False
firm_3,319,280.34,20.17,53,1757,605,31808210.6,55979.66,69804.66,13825.0,249,6.0,1.4,False
firm_3,320,252.31,18.15,54,1662,616,31972384.91,165954.41,179392.41,13438.0,711,6.0,1.5,False
firm_3,321,227.08,19.96,53,320,605,32406611.79,435484.76,442124.76,6640.0,1947,6.0,1.4,False
firm_3,322,238.43,19.96,53,925,605,32395688.91,-9665.0,0.0,9665.0,0,6.0,1.4,False
firm_3,323,214.59,17.96,53,0,605,32717919.73,323282.7,328322.7,5040.0,1530,6.0,1.5,False
firm_3,324,225.32,19.76,52,0,594,32845580.29,128888.08,133840.08,4952.0,594,6.0,1.4,False
firm_3,325,214.05,21.74,51,0,582,32963992.65,119721.1,124577.1,4856.0,582,6.0,1.3,False
firm_3,326,192.64,20.65,52,0,594,33071695.01,109476.16,114428.16,4952.0,594,6.0,1.3,False
firm_3,327,183.01,19.62,52,0,594,33174230.71,103755.94,108707.94,4952.0,594,6.0,1.3,False
firm_3,328,201.31,17.66,51,0,582,33285636.47,112306.42,117162.42,4856.0,582,6.0,1.2,False
firm_3,329,221.44,17.66,50,0,571,33406127.71,121674.24,126442.24,4768.0,571,6.0,1.3,False
firm_3,330,243.58,16.78,49,0,560,33536930.29,131724.8,136404.8,4680.0,560,6.0,1.4,False
firm_3,331,267.94,15.1,50,0,571,33683901.03,148225.74,152993.74,4768.0,571,6.0,1.4,False
firm_3,332,281.34,15.1,50,571,571,33675423.03,-7623.0,0.0,7623.0,0,6.0,1.5,False
firm_3,333,309.47,15.86,50,1142,571,33663952.03,-10478.0,0.0,10478.0,0,6.0,1.5,False
firm_3,334,278.52,15.07,49,1618,560,33673539.28,10625.68,23395.68,12770.0,84,6.0,1.6,False
firm_3,335,250.67,14.32,49,1952,560,33714949.02,42211.42,56651.42,14440.0,226,6.0,1.7,False
firm_3,336,263.2,15.04,48,2500,548,33697143.1,-17084.0,0.0,17084.0,0,6.0,1.6,False
firm_3,337,263.2,15.79,48,2418,548,33845427.18,149142.0,165816.0,16674.0,630,6.0,1.7,False
firm_3,338,263.2,14.21,48,1963,548,34094035.7,249590.6,263989.6,14399.0,1003,6.0,1.8,False
firm_3,339,250.04,14.21,47,1291,537,34384515.19,291347.36,302298.36,10951.0,1209,6.0,1.8,False
firm_3,340,275.04,14.21,46,1194,525,34544566.41,160704.88,171074.88,10370.0,622,6.0,1.7,False
firm_3,341,247.54,13.5,45,520,514,34831124.43,287165.52,294077.52,6912.0,1188,6.0,1.6,False
firm_3,342,259.92,14.18,46,72,525,35077914.31,248142.16,252902.16,4760.0,973,6.0,1.5,False
firm_3,343,272.92,14.18,45,106,513,35203170.89,125894.68,130728.68,4834.0,479,6.0,1.5,False
firm_3,344,286.57,14.89,45,0,514,35375762.24,173361.4,177673.4,4312.0,620,6.0,1.6,False
firm_3,345,300.9,14.89,46,0,525,35528149.8,153572.5,157972.5,4400.0,525,6.0,1.6,False
firm_3,346,330.99,14.89,45,513,513,35520410.75,-6869.0,0.0,6869.0,0,6.0,1.5,False
firm_3,347,330.99,14.89,46,1038,525,35509435.81,-9590.0,0.0,9590.0,0,6.0,1.5,False
firm_3,348,297.89,16.38,45,1551,513,35496439.71,-12059.0,0.0,12059.0,0,6.0,1.5,False
firm_3,349,268.1,17.2,46,1091,525,35749072.01,254223.5,264078.5,9855.0,985,6.0,1.6,False
firm_3,350,281.51,17.2,45,515,513,36047683.4,299685.39,306564.39,6879.0,1089,6.0,1.7,False
firm_3,351,253.36,15.48,44,0,502,36300153.4,253451.12,257667.12,4216.0,1017,6.0,1.8,False
firm_3,352,253.36,14.71,43,0,490,36419547.27,120026.4,124146.4,4120.0,490,6.0,1.8,False
firm_3,353,278.7,16.18,43,490,490,36412081.53,-6570.0,0.0,6570.0,0,6.0,1.7,False
firm_3,354,264.76,15.37,42,967,479,36402798.51,-8337.48,529.52,8867.0,2,6.0,1.8,False
firm_3,355,264.76,16.91,41,1435,468,36390986.2,-11119.0,0.0,11119.0,0,6.0,1.8,False
firm_3,356,291.24,17.76,40,1512,456,36488947.76,98971.96,110379.96,11408.0,379,6.0,1.9,False
firm_3,357,305.8,19.54,40,1392,456,36653498.96,165332.8,176140.8,10808.0,576,6.0,1.8,False
firm_3,358,290.51,18.56,41,1570,467,36724209.39,72171.39,83957.39,11786.0,289,6.0,1.8,False
firm_3,359,275.98,18.56,40,1844,456,36760327.35,37160.36,50228.36,13068.0,182,6.0,1.9,False
firm_3,360,262.18,19.49,40,1066,456,37073799.87,314352.12,323530.12,9178.0,1234,6.0,2.0,False
firm_3,361,288.4,21.44,41,1533,467,37060719.83,-11601.0,0.0,11601.0,0,6.0,2.1,False
firm_3,362,288.4,20.37,41,2000,467,37045748.66,-13936.0,0.0,13936.0,0,6.0,2.1,False
firm_3,363,273.98,19.35,40,2456,456,37028546.66,-16128.0,0.0,16128.0,0,6.0,2.2,False
firm_3,364,287.68,20.32,41,2806,467,37042706.1,15692.56,33658.56,17966.0,117,6.0,2.1,False
firm_3,365,258.91,22.35,41,2341,467,37267252.87,225663.12,241304.12,15641.0,932,6.0,2.0,False
firm_4,1,57.21,40.06,20,0,231,113258.14,12493.45,13215.51,722.06,231,0.26,0.48,False
firm_4,2,57.21,40.06,21,0,242,124914.78,13097.9,13844.82,746.92,242,0.26,0.58,False
firm_4,3,62.93,38.06,20,0,231,137968.35,13814.77,14536.83,722.06,231,0.26,0.48,False
firm_4,4,69.22,41.87,21,0,243,152448.21,16059.13,16820.46,761.33,243,0.31,0.38,False
firm_4,5,76.14,39.78,21,0,243,169353.52,17740.69,18502.02,761.33,243,0.31,0.38,False
firm_4,6,83.75,37.79,21,0,242,187856.31,19496.38,20267.5,771.12,242,0.36,0.28,False
firm_4,7,87.94,35.9,21,0,242,207512.77,20510.36,21281.48,771.12,242,0.36,0.38,False
firm_4,8,96.73,39.49,21,0,243,229203.24,22719.76,23505.39,785.63,243,0.41,0.28,False
firm_4,9,101.57,43.44,20,0,232,250827.96,22793.52,23564.24,770.72,232,0.46,0.38,False
firm_4,10,91.41,41.27,19,0,220,269312.83,19369.0,20110.2,741.2,220,0.46,0.48,False
firm_4,11,82.27,45.4,20,0,232,286009.15,18304.32,19086.64,782.32,232,0.51,0.38,False
firm_4,12,78.16,49.94,19,0,220,301403.29,16443.0,17195.2,752.2,220,0.51,0.48,False
firm_4,13,78.16,49.94,19,0,220,316686.43,16432.0,17195.2,763.2,220,0.56,0.38,False
firm_4,14,78.16,54.93,19,0,220,331863.76,16421.0,17195.2,774.2,220,0.61,0.38,False
firm_4,15,85.98,57.68,19,0,221,348781.56,18213.72,19001.58,787.86,221,0.66,0.38,False
firm_4,16,77.38,57.68,18,0,209,362949.35,15406.03,16172.42,766.39,209,0.71,0.38,False
firm_4,17,77.38,60.56,19,0,220,377526.11,16227.4,17023.6,796.2,220,0.71,0.28,False
firm_4,18,69.64,63.59,19,0,220,390531.5,14513.6,15320.8,807.2,220,0.76,0.38,False
firm_4,19,69.64,57.23,19,0,220,403957.73,14513.6,15320.8,807.2,220,0.76,0.28,False
firm_4,20,62.68,57.23,19,0,220,415641.76,12971.4,13789.6,818.2,220,0.81,0.18,False
firm_4,21,68.95,62.95,20,0,231,428861.1,15078.34,15927.45,849.11,231,0.81,0.28,False
firm_4,22,62.06,69.24,20,0,232,440810.7,13534.4,14397.92,863.52,232,0.86,0.18,False
firm_4,23,68.27,62.32,20,0,231,454474.01,14909.71,15770.37,860.66,231,0.86,0.18,False
firm_4,24,64.86,68.55,21,0,244,467250.26,14915.8,15825.84,910.04,244,0.91,0.18,False
firm_4,25,58.37,71.98,20,0,232,478477.38,12666.72,13541.84,875.12,232,0.91,0.1,False
firm_4,26,61.29,68.38,20,0,231,490084.01,13274.23,14157.99,883.76,231,0.96,0.2,False
firm_4,27,58.23,68.38,21,0,244,501121.71,13273.68,14208.12,934.44,244,1.01,0.3,False
firm_4,28,52.41,64.96,22,0,254,511540.19,12347.6,13312.14,964.54,254,1.01,0.3,False
firm_4,29,55.03,71.46,23,0,267,522872.6,13675.99,14693.01,1017.02,267,1.06,0.2,False
firm_4,30,52.28,67.89,23,0,267,534152.87,12941.74,13958.76,1017.02,267,1.06,0.3,False
firm_4,31,57.51,74.68,23,0,267,546460.03,14324.8,15355.17,1030.37,267,1.11,0.4,False
firm_4,32,54.63,74.68,24,0,278,558290.27,14122.56,15187.14,1064.58,278,1.11,0.4,False
firm_4,33,57.36,67.21,24,0,276,571236.43,14759.2,15831.36,1072.16,276,1.16,0.3,False
firm_4,34,51.62,67.21,25,0,288,582712.66,13756.48,14866.56,1110.08,288,1.16,0.4,False
firm_4,35,49.04,70.57,26,0,300,593841.84,13564.0,14712.0,1148.0,300,1.16,0.5,False
firm_4,36,53.94,77.63,27,0,312,606673.59,15627.76,16829.28,1201.52,312,1.21,0.4,False
firm_4,37,51.24,77.63,26,0,300,618764.21,14209.0,15372.0,1163.0,300,1.21,0.5,False
firm_4,38,46.12,73.75,27,0,311,629417.97,13145.01,14343.32,1198.31,311,1.21,0.5,False
firm_4,39,48.43,77.44,27,0,311,641190.51,13863.42,15061.73,1198.31,311,1.21,0.5,False
firm_4,40,53.27,73.57,26,0,299,653830.68,14752.99,15927.73,1174.74,299,1.26,0.5,False
firm_4,41,47.94,73.57,26,0,300,664906.86,13189.0,14382.0,1193.0,300,1.31,0.5,False
firm_4,42,43.15,69.89,26,0,300,674841.72,11752.0,12945.0,1193.0,300,1.31,0.5,False
firm_4,43,43.15,66.4,25,0,288,684455.64,11273.92,12427.2,1153.28,288,1.31,0.5,False
firm_4,44,38.84,73.04,25,0,288,692347.88,10018.24,11185.92,1167.68,288,1.36,0.6,False
firm_4,45,40.78,76.69,25,0,288,700793.19,10562.56,11744.64,1182.08,288,1.41,0.5,False
firm_4,46,44.86,84.36,24,0,276,710008.75,11240.2,12381.36,1141.16,276,1.41,0.4,False
firm_4,47,40.37,92.8,25,0,289,717455.74,10466.99,11666.93,1199.94,289,1.46,0.3,False
firm_4,48,36.33,92.8,26,0,301,724236.81,9693.87,10935.33,1241.46,301,1.46,0.2,False
firm_4,49,32.7,102.08,27,0,312,729803.53,8922.88,10202.4,1279.52,312,1.46,0.3,False
firm_4,50,35.97,91.87,28,0,324,736848.21,10317.04,11654.28,1337.24,324,1.51,0.3,False
firm_4,51,37.77,87.28,29,0,335,745094.19,11277.1,12652.95,1375.85,335,1.51,0.3,False
firm_4,52,35.88,96.01,29,0,335,752953.85,10643.95,12019.8,1375.85,335,1.51,0.3,False
firm_4,53,34.09,105.61,29,0,337,759779.77,10088.61,11488.33,1399.72,337,1.56,0.3,False
firm_4,54,32.39,95.05,30,0,348,766261.11,9832.84,11271.72,1438.88,348,1.56,0.2,False
firm_4,55,35.63,90.3,30,0,348,774295.07,10942.96,12399.24,1456.28,348,1.61,0.2,False
firm_4,56,39.19,85.78,31,0,360,783526.69,12590.8,14108.4,1517.6,360,1.66,0.1,False
firm_4,57,37.23,81.49,31,0,358,792818.56,11818.06,13328.34,1510.28,358,1.66,0.1,False
firm_4,58,39.09,81.49,32,0,370,802519.98,12909.1,14463.3,1554.2,370,1.66,0.2,False
firm_4,59,35.18,81.49,31,0,358,810860.05,11066.26,12594.44,1528.18,358,1.71,0.2,False
firm_4,60,36.94,85.56,32,0,370,819498.73,12076.6,13667.8,1591.2,370,1.76,0.1,False
firm_4,61,40.63,77.0,32,0,369,830339.76,13405.03,14992.47,1587.44,369,1.76,0.2,False
firm_4,62,44.69,84.7,33,0,380,842179.06,15334.4,16982.2,1647.8,380,1.81,0.2,False
firm_4,63,40.22,80.46,33,0,380,853159.68,13635.8,15283.6,1647.8,380,1.81,0.2,False
firm_4,64,42.23,88.51,32,0,369,864304.34,13976.98,15582.87,1605.89,369,1.81,0.2,False
firm_4,65,44.34,84.08,31,0,357,875867.07,14269.21,15829.38,1560.17,357,1.81,0.3,False
firm_4,66,46.56,84.08,31,0,357,888322.34,15061.75,16621.92,1560.17,357,1.81,0.3,False
firm_4,67,44.23,92.49,32,0,370,899399.56,14736.9,16365.1,1628.2,370,1.86,0.2,False
firm_4,68,39.81,92.49,31,0,358,908984.57,12652.2,14251.98,1599.78,358,1.91,0.1,False
firm_4,69,41.8,87.87,30,0,347,919296.3,12947.83,14504.6,1556.77,347,1.91,0.1,False
firm_4,70,39.71,79.08,31,0,356,928889.62,12544.8,14136.76,1591.96,356,1.91,0.1,False
firm_4,71,41.7,86.99,32,0,368,938994.26,13688.32,15345.6,1657.28,368,1.96,0.2,False
firm_4,72,39.62,82.64,31,0,357,948963.04,12530.62,14144.34,1613.72,357,1.96,0.2,False
firm_4,73,41.6,82.64,32,0,368,959251.68,13633.12,15308.8,1675.68,368,2.01,0.1,False
firm_4,74,37.44,82.64,32,0,367,968357.66,12050.46,13740.48,1690.02,367,2.06,0.2,False
firm_4,75,39.31,86.77,32,0,367,978317.77,12736.75,14426.77,1690.02,367,2.06,0.1,False
firm_4,76,43.24,82.43,31,0,356,989192.72,13730.28,15393.44,1663.16,356,2.11,0.2,False
firm_4,77,45.4,78.31,30,0,345,1000788.47,14045.05,15663.0,1617.95,345,2.11,0.3,False
firm_4,78,49.94,74.39,31,0,356,1013880.06,16097.68,17778.64,1680.96,356,2.16,0.3,False
firm_4,79,47.44,74.39,30,0,345,1026162.71,14714.35,16366.8,1652.45,345,2.21,0.3,False
firm_4,80,52.18,66.95,29,0,333,1039995.17,15774.01,17375.94,1601.93,333,2.21,0.3,False
firm_4,81,46.96,63.6,28,0,322,1051563.77,13549.4,15121.12,1571.72,322,2.26,0.3,False
firm_4,82,49.31,69.96,27,0,310,1063440.35,13765.5,15286.1,1520.6,310,2.26,0.2,False
firm_4,83,46.84,73.46,27,0,310,1074141.23,12984.3,14520.4,1536.1,310,2.31,0.3,False
firm_4,84,42.16,66.11,26,0,298,1083501.67,11079.3,12563.68,1484.38,298,2.31,0.3,False
firm_4,85,44.27,69.42,25,0,287,1092720.34,11254.17,12705.49,1451.32,287,2.36,0.4,False
firm_4,86,46.48,76.36,26,0,298,1102586.74,12351.76,13851.04,1499.28,298,2.36,0.4,False
firm_4,87,44.16,76.36,26,0,298,1112046.88,11645.5,13159.68,1514.18,298,2.41,0.3,False
firm_4,88,41.95,84.0,26,0,298,1120634.9,10972.02,12501.1,1529.08,298,2.46,0.2,False
firm_4,89,46.15,75.6,25,0,286,1130153.94,11709.04,13198.9,1489.86,286,2.51,0.3,False
firm_4,90,48.46,83.16,24,0,275,1139944.35,11886.25,13326.5,1440.25,275,2.51,0.4,False
firm_4,91,48.46,79.0,23,0,263,1149273.05,11345.7,12744.98,1399.28,263,2.56,0.4,False
firm_4,92,46.04,86.9,24,0,275,1157680.7,11193.25,12661.0,1467.75,275,2.61,0.3,False
firm_4,93,41.44,95.59,23,0,264,1165005.25,9523.12,10940.16,1417.04,264,2.61,0.2,False
firm_4,94,39.37,86.03,23,0,264,1171690.0,8963.44,10393.68,1430.24,264,2.66,0.3,False
firm_4,95,35.43,81.73,24,0,276,1177421.0,8292.52,9778.68,1486.16,276,2.66,0.4,False
firm_4,96,37.2,89.9,25,0,288,1183630.62,9157.12,10713.6,1556.48,288,2.71,0.4,False
firm_4,97,35.34,94.4,26,0,299,1189634.59,8958.37,10566.66,1608.29,299,2.71,0.4,False
firm_4,98,38.87,89.68,26,0,299,1197001.8,9998.89,11622.13,1623.24,299,2.76,0.5,False
firm_4,99,36.93,98.65,27,0,310,1203395.45,9757.2,11448.3,1691.1,310,2.81,0.4,False
firm_4,100,36.93,88.79,27,0,310,1210539.82,9741.7,11448.3,1706.6,310,2.86,0.4,False
firm_4,101,38.78,97.67,27,0,310,1218002.43,10299.7,12021.8,1722.1,310,2.91,0.4,False
firm_4,102,34.9,102.55,26,0,298,1223758.25,8722.12,10400.2,1678.08,298,2.96,0.5,False
firm_4,103,38.39,97.42,25,0,287,1230502.81,9380.06,11017.93,1637.87,287,3.01,0.4,False
firm_4,104,40.31,107.16,24,0,275,1237224.72,9493.75,11085.25,1591.5,275,3.06,0.3,False
firm_4,105,44.34,112.52,23,0,264,1244593.48,10156.72,11705.76,1549.04,264,3.11,0.2,False
firm_4,106,46.56,118.15,23,0,264,1252405.63,10729.6,12291.84,1562.24,264,3.16,0.2,False
firm_4,107,46.56,112.24,22,0,252,1260169.15,10232.8,11733.12,1500.32,252,3.16,0.2,False
firm_4,108,46.56,112.24,23,0,264,1267817.23,10729.6,12291.84,1562.24,264,3.16,0.2,False
firm_4,109,41.9,101.02,24,0,275,1274582.5,9889.75,11522.5,1632.75,275,3.21,0.1,False
firm_4,110,44.0,90.92,23,0,263,1282279.96,9988.62,11572.0,1583.38,263,3.26,0.1,False
firm_4,111,48.4,90.92,22,0,252,1290738.4,10658.68,12196.8,1538.12,252,3.31,0.1,False
firm_4,112,50.82,100.01,23,0,264,1299752.81,11814.64,13416.48,1601.84,264,3.31,0.1,False
firm_4,113,45.74,110.01,22,0,252,1307320.95,9988.36,11526.48,1538.12,252,3.31,0.1,False
firm_4,114,43.45,104.51,21,0,241,1313905.93,8979.69,10471.45,1491.76,241,3.36,0.1,False
firm_4,115,43.45,104.51,20,0,229,1320126.89,8511.16,9950.05,1438.89,229,3.41,0.1,False
firm_4,116,45.62,109.74,19,0,218,1326296.71,8554.88,9945.16,1390.28,218,3.46,0.2,False
firm_4,117,43.34,104.25,19,0,218,1332162.9,8046.94,9448.12,1401.18,218,3.51,0.2,False
firm_4,118,43.34,93.82,19,0,218,1338116.36,8036.04,9448.12,1412.08,218,3.56,0.3,False
firm_4,119,47.67,98.51,20,0,229,1344777.9,9431.74,10916.43,1484.69,229,3.61,0.4,False
firm_4,120,42.9,103.44,19,0,218,1350530.86,7918.32,9352.2,1433.88,218,3.66,0.3,False
firm_4,121,47.19,98.27,18,0,206,1356906.88,8344.88,9721.14,1376.26,206,3.71,0.3,False
firm_4,122,51.91,88.44,18,0,206,1364421.86,9306.9,10693.46,1386.56,206,3.76,0.2,False
firm_4,123,54.51,92.86,17,0,195,1372149.49,9306.25,10629.45,1323.2,195,3.76,0.1,False
firm_4,124,57.24,83.57,18,0,206,1380339.81,10394.58,11791.44,1396.86,206,3.81,0.1,False
firm_4,125,51.52,75.21,19,0,217,1387819.04,9708.22,11179.84,1471.62,217,3.86,0.2,False
firm_4,126,48.94,82.73,19,0,218,1395227.71,9180.54,10668.92,1488.38,218,3.91,0.2,False
firm_4,127,53.83,74.46,19,0,218,1403748.63,10235.66,11734.94,1499.28,218,3.96,0.3,False
firm_4,128,53.83,81.91,19,0,218,1412217.1,10224.76,11734.94,1510.18,218,4.01,0.3,False
firm_4,129,59.21,77.81,20,0,230,1421985.4,12024.5,13618.3,1593.8,230,4.06,0.2,False
firm_4,130,56.25,85.59,20,0,230,1431405.8,11332.2,12937.5,1605.3,230,4.11,0.1,False
firm_4,131,53.44,85.59,20,0,230,1440168.4,10674.4,12291.2,1616.8,230,4.16,0.1,False
firm_4,132,56.11,85.59,20,0,230,1449533.6,11277.0,12905.3,1628.3,230,4.21,0.1,False
firm_4,133,61.72,85.59,21,0,241,1460202.07,13165.86,14874.52,1708.66,241,4.26,0.1,False
firm_4,134,58.63,81.31,21,0,242,1470756.0,12461.44,14188.46,1727.02,242,4.31,0.1,False
firm_4,135,61.56,77.24,21,0,241,1482037.16,13103.2,14835.96,1732.76,241,4.36,0.1,False
firm_4,136,58.48,69.52,20,0,230,1492434.36,11787.6,13450.4,1662.8,230,4.36,0.1,False
firm_4,137,55.56,73.0,20,0,230,1502090.36,11116.0,12778.8,1662.8,230,4.36,0.1,False
firm_4,138,58.34,69.35,21,0,241,1512249.14,12315.13,14059.94,1744.81,241,4.41,0.1,False
firm_4,139,55.42,65.88,22,0,253,1522186.66,12186.88,14021.26,1834.38,253,4.46,0.2,False
firm_4,140,58.19,65.88,21,0,241,1533070.11,12266.93,14023.79,1756.86,241,4.46,0.2,False
firm_4,141,64.01,65.88,20,0,230,1544577.51,13025.0,14722.3,1697.3,230,4.51,0.1,False
firm_4,142,57.61,62.59,19,0,218,1554328.1,10939.8,12558.98,1619.18,218,4.51,0.1,False
firm_4,143,54.73,68.85,19,0,218,1563331.91,10311.96,11931.14,1619.18,218,4.51,0.1,False
firm_4,144,49.26,61.96,20,0,230,1571125.21,9632.5,11329.8,1697.3,230,4.51,0.2,False
firm_4,145,46.8,68.16,19,0,218,1578413.39,8583.22,10202.4,1619.18,218,4.51,0.1,False
firm_4,146,44.46,61.34,18,0,207,1584754.57,7645.3,9203.22,1557.92,207,4.56,0.1,False
firm_4,147,44.46,58.27,17,0,195,1590644.73,7180.75,8669.7,1488.95,195,4.61,0.2,False
firm_4,148,42.24,52.44,18,0,207,1596065.87,7165.06,8743.68,1578.62,207,4.66,0.3,False
firm_4,149,42.24,47.2,18,0,207,1602381.33,7165.06,8743.68,1578.62,207,4.66,0.3,False
firm_4,150,46.46,44.84,17,0,195,1609180.05,7561.0,9059.7,1498.7,195,4.66,0.3,False
firm_4,151,48.78,49.32,17,0,195,1616355.01,8013.4,9512.1,1498.7,195,4.66,0.3,False
firm_4,152,43.9,49.32,16,0,184,1621908.85,6642.96,8077.6,1434.64,184,4.71,0.4,False
firm_4,153,41.7,54.25,15,0,172,1626604.78,5809.68,7172.4,1362.72,172,4.76,0.5,False
firm_4,154,39.62,56.96,15,0,172,1630993.7,5443.32,6814.64,1371.32,172,4.81,0.4,False
firm_4,155,43.58,56.96,15,0,172,1636263.74,6124.44,7495.76,1371.32,172,4.81,0.4,False
firm_4,156,47.94,54.11,16,0,184,1642165.9,7367.92,8820.96,1453.04,184,4.81,0.5,False
firm_4,157,47.94,51.4,16,0,184,1648611.42,7367.92,8820.96,1453.04,184,4.81,0.6,False
firm_4,158,45.54,51.4,16,0,184,1654406.14,6917.12,8379.36,1462.24,184,4.86,0.7,False
firm_4,159,43.26,48.83,15,0,172,1659525.89,6052.2,7440.72,1388.52,172,4.91,0.6,False
firm_4,160,45.42,51.27,15,0,172,1664971.96,6415.12,7812.24,1397.12,172,4.96,0.6,False
firm_4,161,49.96,56.4,16,0,184,1671281.56,7712.0,9192.64,1480.64,184,4.96,0.6,False
firm_4,162,47.46,50.76,16,0,184,1677512.2,7242.8,8732.64,1489.84,184,5.01,0.5,False
firm_4,163,49.83,48.22,16,0,184,1684110.36,7669.68,9168.72,1499.04,184,5.06,0.6,False
firm_4,164,44.85,45.81,17,0,195,1690000.64,7169.05,8745.75,1576.7,195,5.06,0.5,False
firm_4,165,47.09,45.81,17,0,195,1696827.72,7605.85,9182.55,1576.7,195,5.06,0.4,False
firm_4,166,44.74,45.81,18,0,207,1702892.55,7589.41,9261.18,1671.77,207,5.11,0.4,False
firm_4,167,46.98,50.39,17,0,195,1709610.57,7574.65,9161.1,1586.45,195,5.11,0.3,False
firm_4,168,49.33,45.35,17,0,195,1716562.77,8023.15,9619.35,1596.2,195,5.16,0.4,False
firm_4,169,46.86,47.62,17,0,195,1723084.98,7531.75,9137.7,1605.95,195,5.21,0.3,False
firm_4,170,51.55,42.86,18,0,206,1730747.54,8934.04,10619.3,1685.26,206,5.21,0.2,False
firm_4,171,48.97,42.86,17,0,195,1737752.37,7933.45,9549.15,1615.7,195,5.26,0.2,False
firm_4,172,53.87,47.15,18,0,206,1745705.33,9401.66,11097.22,1695.56,206,5.26,0.3,False
firm_4,173,51.18,47.15,17,0,195,1753058.43,8354.65,9980.1,1625.45,195,5.31,0.2,False
firm_4,174,48.62,47.15,17,0,195,1760112.33,7855.45,9480.9,1625.45,195,5.31,0.2,False
firm_4,175,53.48,51.86,17,0,195,1767933.86,8803.15,10428.6,1625.45,195,5.31,0.3,False
firm_4,176,56.15,57.05,16,0,184,1775807.62,8786.56,10331.6,1545.04,184,5.31,0.3,False
firm_4,177,53.34,59.9,15,0,172,1782317.68,7708.56,9174.48,1465.92,172,5.36,0.4,False
firm_4,178,48.01,62.9,16,0,184,1788090.88,7279.6,8833.84,1554.24,184,5.36,0.4,False
firm_4,179,48.01,66.04,16,0,184,1794104.64,7270.4,8833.84,1563.44,184,5.41,0.3,False
firm_4,180,50.41,66.04,16,0,184,1800760.0,7712.0,9275.44,1563.44,184,5.41,0.3,False
firm_4,181,52.93,66.04,15,0,172,1807398.84,7629.44,9103.96,1474.52,172,5.41,0.2,False
firm_4,182,55.58,69.34,16,0,184,1814452.68,8663.28,10226.72,1563.44,184,5.41,0.2,False
firm_4,183,61.14,76.27,17,0,195,1822623.69,10267.6,11922.3,1654.7,195,5.46,0.3,False
firm_4,184,55.03,72.46,16,0,184,1830017.21,8552.88,10125.52,1572.64,184,5.46,0.3,False
firm_4,185,52.28,68.84,15,0,172,1836285.05,7500.44,8992.16,1491.72,172,5.51,0.2,False
firm_4,186,47.05,75.72,14,0,161,1841182.86,6157.89,7575.05,1417.16,161,5.56,0.2,False
firm_4,187,42.34,68.15,15,0,172,1845234.17,5773.56,7282.48,1508.92,172,5.61,0.2,False
firm_4,188,44.46,71.56,14,0,161,1849757.13,5724.8,7158.06,1433.26,161,5.66,0.2,False
firm_4,189,40.01,64.4,14,0,161,1853863.88,5008.35,6441.61,1433.26,161,5.66,0.2,False
firm_4,190,42.01,64.4,13,0,149,1857944.83,4918.15,6259.49,1341.34,149,5.66,0.2,False
firm_4,191,37.81,61.18,13,0,149,1861441.84,4292.35,5633.69,1341.34,149,5.66,0.2,False
firm_4,192,39.7,61.18,13,0,149,1864913.01,4566.51,5915.3,1348.79,149,5.71,0.3,False
firm_4,193,35.73,64.24,12,0,137,1867780.87,3638.74,4895.01,1256.27,137,5.71,0.2,False
firm_4,194,35.73,70.66,11,0,126,1870127.83,3324.22,4501.98,1177.76,126,5.76,0.2,False
firm_4,195,39.3,63.59,11,0,126,1872996.08,3767.74,4951.8,1184.06,126,5.81,0.1,False
firm_4,196,37.33,60.41,12,0,137,1875615.4,3844.24,5114.21,1269.97,137,5.81,0.1,False
firm_4,197,35.46,60.41,13,0,149,1878149.92,3919.85,5283.54,1363.69,149,5.81,0.2,False
firm_4,198,33.69,57.39,14,0,160,1880579.26,3932.8,5390.4,1457.6,160,5.86,0.1,False
firm_4,199,35.37,54.52,13,0,149,1883769.49,3898.99,5270.13,1371.14,149,5.86,0.1,False
firm_4,200,38.91,59.97,14,0,160,1886989.91,4760.0,6225.6,1465.6,160,5.91,0.1,False
firm_4,201,35.02,53.97,15,0,172,1890143.28,4462.92,6023.44,1560.52,172,5.91,0.1,False
firm_4,202,36.77,51.27,16,0,183,1893904.34,5081.38,6728.91,1647.53,183,5.91,0.1,False
firm_4,203,34.93,53.83,17,0,195,1897348.38,5059.15,6811.35,1752.2,195,5.96,0.1,False
firm_4,204,33.18,51.14,17,0,195,1900889.1,4710.1,6470.1,1760.0,195,6.0,0.2,False
firm_4,205,36.5,51.14,17,0,195,1905377.22,5357.5,7117.5,1760.0,195,6.0,0.2,False
firm_4,206,34.67,51.14,17,0,195,1909308.49,5000.65,6760.65,1760.0,195,6.0,0.1,False
firm_4,207,36.4,53.7,16,0,183,1913446.49,4997.2,6661.2,1664.0,183,6.0,0.1,False
firm_4,208,38.22,48.33,16,0,183,1917803.47,5330.26,6994.26,1664.0,183,6.0,0.1,False
firm_4,209,34.4,45.91,15,0,171,1921229.22,4314.4,5882.4,1568.0,171,6.0,0.1,False
firm_4,210,37.84,43.61,15,0,171,1925277.71,4902.64,6470.64,1568.0,171,6.0,0.1,False
firm_4,211,35.95,39.25,14,0,160,1928800.21,4272.0,5752.0,1480.0,160,6.0,0.1,False
firm_4,212,37.75,43.18,13,0,148,1932241.87,4203.0,5587.0,1384.0,148,6.0,0.1,False
firm_4,213,33.98,41.02,13,0,148,1935053.65,3645.04,5029.04,1384.0,148,6.0,0.2,False
firm_4,214,35.68,43.07,12,0,137,1938128.97,3592.16,4888.16,1296.0,137,6.0,0.1,False
firm_4,215,35.68,47.38,12,0,137,1941152.57,3592.16,4888.16,1296.0,137,6.0,0.1,False
firm_4,216,32.11,45.01,12,0,137,1943715.52,3103.07,4399.07,1296.0,137,6.0,0.1,False
firm_4,217,30.5,42.76,12,0,137,1945884.9,2882.5,4178.5,1296.0,137,6.0,0.1,False
firm_4,218,28.98,44.9,12,0,137,1947820.36,2674.26,3970.26,1296.0,137,6.0,0.1,False
firm_4,219,31.88,44.9,12,0,137,1950353.12,3071.56,4367.56,1296.0,137,6.0,0.1,False
firm_4,220,35.07,49.39,13,0,148,1952817.41,3806.36,5190.36,1384.0,148,6.0,0.1,False
firm_4,221,36.82,46.92,14,0,160,1956071.73,4411.2,5891.2,1480.0,160,6.0,0.1,False
firm_4,222,33.14,42.23,13,0,148,1959043.46,3520.72,4904.72,1384.0,148,6.0,0.1,False
firm_4,223,36.45,46.45,13,0,148,1962450.21,4010.6,5394.6,1384.0,148,6.0,0.1,False
firm_4,224,36.45,46.45,12,0,137,1965390.46,3697.65,4993.65,1296.0,137,6.0,0.1,False
firm_4,225,38.27,41.81,13,0,148,1968626.89,4279.96,5663.96,1384.0,148,6.0,0.1,False
firm_4,226,36.36,45.99,12,0,137,1971560.33,3685.32,4981.32,1296.0,137,6.0,0.1,False
firm_4,227,38.18,48.29,11,0,126,1974331.82,3602.68,4810.68,1208.0,126,6.0,0.2,False
firm_4,228,42.0,45.88,10,0,114,1977549.02,3676.0,4788.0,1112.0,114,6.0,0.1,False
firm_4,229,46.2,43.59,10,0,114,1981267.92,4154.8,5266.8,1112.0,114,6.0,0.1,False
firm_4,230,48.51,41.41,11,0,126,1985016.67,4904.26,6112.26,1208.0,126,6.0,0.1,False
firm_4,231,50.94,45.55,10,0,114,1989056.33,4695.16,5807.16,1112.0,114,6.0,0.1,False
firm_4,232,56.03,47.83,9,0,103,1993272.95,4747.09,5771.09,1024.0,103,6.0,0.2,False
firm_4,233,53.23,47.83,9,0,103,1997301.17,4458.69,5482.69,1024.0,103,6.0,0.2,False
firm_4,234,55.89,47.83,8,0,91,2000876.52,4157.99,5085.99,928.0,91,6.0,0.2,False
firm_4,235,53.1,47.83,8,0,91,2004097.98,3904.1,4832.1,928.0,91,6.0,0.3,False
firm_4,236,58.41,45.44,9,0,102,2008130.84,4941.82,5957.82,1016.0,102,6.0,0.3,False
firm_4,237,55.49,45.44,10,0,114,2012190.3,5213.86,6325.86,1112.0,114,6.0,0.3,False
firm_4,238,52.72,49.98,11,0,125,2016330.52,5390.0,6590.0,1200.0,125,6.0,0.2,False
firm_4,239,50.08,52.48,10,0,114,2020202.84,4597.12,5709.12,1112.0,114,6.0,0.2,False
firm_4,240,55.09,49.86,9,0,102,2024257.28,4603.18,5619.18,1016.0,102,6.0,0.3,False
firm_4,241,57.84,44.87,9,0,102,2028737.13,4883.68,5899.68,1016.0,102,6.0,0.3,False
firm_4,242,57.84,44.87,10,0,114,2033170.19,5481.76,6593.76,1112.0,114,6.0,0.4,False
firm_4,243,54.95,40.38,9,0,102,2037195.67,4588.9,5604.9,1016.0,102,6.0,0.4,False
firm_4,244,60.45,40.38,9,0,102,2041982.15,5149.9,6165.9,1016.0,102,6.0,0.4,False
firm_4,245,54.4,40.38,8,0,91,2045681.51,4022.4,4950.4,928.0,91,6.0,0.3,False
firm_4,246,51.68,42.4,7,0,79,2048635.43,3250.72,4082.72,832.0,79,6.0,0.2,False
firm_4,247,54.26,42.4,8,0,91,2051605.89,4009.66,4937.66,928.0,91,6.0,0.2,False
firm_4,248,56.97,40.28,9,0,102,2055538.31,4794.94,5810.94,1016.0,102,6.0,0.2,False
firm_4,249,59.82,44.31,8,0,91,2059499.45,4515.62,5443.62,928.0,91,6.0,0.2,False
firm_4,250,56.83,44.31,7,0,79,2062846.85,3657.57,4489.57,832.0,79,6.0,0.2,False
firm_4,251,53.99,42.09,7,0,79,2065985.43,3433.21,4265.21,832.0,79,6.0,0.1,False
firm_4,252,56.69,37.88,7,0,79,2069166.78,3646.51,4478.51,832.0,79,6.0,0.1,False
firm_4,253,53.86,35.99,7,0,79,2072337.79,3422.94,4254.94,832.0,79,6.0,0.1,False
firm_4,254,51.17,37.79,6,0,68,2074846.61,2735.56,3479.56,744.0,68,6.0,0.1,False
firm_4,255,48.61,37.79,6,0,68,2077181.35,2561.48,3305.48,744.0,68,6.0,0.1,False
firm_4,256,53.47,41.57,7,0,79,2079782.49,3392.13,4224.13,832.0,79,6.0,0.1,False
firm_4,257,58.82,43.65,6,0,68,2082576.35,3255.76,3999.76,744.0,68,6.0,0.1,False
firm_4,258,55.88,41.47,5,0,57,2084898.16,2529.16,3185.16,656.0,57,6.0,0.1,False
firm_4,259,58.67,41.47,6,0,68,2087394.9,3245.56,3989.56,744.0,68,6.0,0.1,False
firm_4,260,61.6,45.62,7,0,80,2090463.56,4088.0,4928.0,840.0,80,6.0,0.1,False
firm_4,261,55.44,41.06,6,0,69,2093090.56,3073.36,3825.36,752.0,69,6.0,0.1,False
firm_4,262,60.98,41.06,6,0,69,2095999.82,3455.62,4207.62,752.0,69,6.0,0.2,False
firm_4,263,67.08,43.11,7,0,80,2099524.45,4526.4,5366.4,840.0,80,6.0,0.2,False
firm_4,264,60.37,43.11,8,0,92,2103097.61,4618.04,5554.04,936.0,92,6.0,0.1,False
firm_4,265,66.41,40.95,8,0,92,2107643.73,5173.72,6109.72,936.0,92,6.0,0.2,False
firm_4,266,63.09,45.05,8,0,92,2112151.61,4868.28,5804.28,936.0,92,6.0,0.1,False
firm_4,267,63.09,40.54,7,0,80,2116075.03,4207.2,5047.2,840.0,80,6.0,0.1,False
firm_4,268,59.94,38.51,6,0,69,2119227.83,3383.86,4135.86,752.0,69,6.0,0.1,False
firm_4,269,56.94,38.51,6,0,69,2122173.63,3176.86,3928.86,752.0,69,6.0,0.1,False
firm_4,270,59.79,34.66,7,0,80,2125374.21,3943.2,4783.2,840.0,80,6.0,0.1,False
firm_4,271,56.8,34.66,6,0,69,2128333.45,3167.2,3919.2,752.0,69,6.0,0.1,False
firm_4,272,53.96,34.66,7,0,80,2131067.63,3476.8,4316.8,840.0,80,6.0,0.1,False
firm_4,273,59.36,32.93,6,0,69,2134013.89,3343.84,4095.84,752.0,69,6.0,0.1,False
firm_4,274,56.39,36.22,7,0,80,2136931.55,3671.2,4511.2,840.0,80,6.0,0.1,False
firm_4,275,59.21,34.41,7,0,80,2140387.48,3896.8,4736.8,840.0,80,6.0,0.1,False
firm_4,276,53.29,32.69,8,0,92,2143592.64,3966.68,4902.68,936.0,92,6.0,0.1,False
firm_4,277,53.29,32.69,7,0,80,2146787.01,3423.2,4263.2,840.0,80,6.0,0.1,False
firm_4,278,55.95,34.32,7,0,80,2149982.77,3636.0,4476.0,840.0,80,6.0,0.1,False
firm_4,279,55.95,32.6,8,0,92,2153333.37,4211.4,5147.4,936.0,92,6.0,0.2,False
firm_4,280,55.95,34.23,7,0,80,2156429.76,3636.0,4476.0,840.0,80,6.0,0.3,False
firm_4,281,61.55,34.23,6,0,69,2159519.33,3494.95,4246.95,752.0,69,6.0,0.3,False
firm_4,282,64.63,32.52,5,0,57,2162384.64,3027.91,3683.91,656.0,57,6.0,0.2,False
firm_4,283,67.86,34.15,6,0,69,2165610.08,3930.34,4682.34,752.0,69,6.0,0.2,False
firm_4,284,64.47,34.15,5,0,57,2168458.12,3018.79,3674.79,656.0,57,6.0,0.2,False
firm_4,285,67.69,34.15,4,0,46,2170667.26,2545.74,3113.74,568.0,46,6.0,0.1,False
firm_4,286,60.92,37.57,3,0,34,2172053.83,1599.28,2071.28,472.0,34,6.0,0.2,False
firm_4,287,57.87,41.33,3,0,34,2173225.42,1495.58,1967.58,472.0,34,6.0,0.1,False
firm_4,288,54.98,37.2,3,0,34,2174311.14,1397.32,1869.32,472.0,34,6.0,0.1,False
firm_4,289,57.73,39.06,4,0,46,2175542.48,2087.58,2655.58,568.0,46,6.0,0.1,False
firm_4,290,57.73,35.15,3,0,34,2176627.85,1490.82,1962.82,472.0,34,6.0,0.2,False
firm_4,291,60.62,36.91,4,0,46,2178000.73,2220.52,2788.52,568.0,46,6.0,0.1,False
firm_4,292,57.59,36.91,5,0,57,2179742.81,2626.63,3282.63,656.0,57,6.0,0.1,False
firm_4,293,54.71,40.6,4,0,46,2181529.07,1948.66,2516.66,568.0,46,6.0,0.1,False
firm_4,294,51.97,44.66,4,0,46,2182973.05,1822.62,2390.62,568.0,46,6.0,0.1,False
firm_4,295,54.57,46.89,3,0,34,2184015.76,1383.38,1855.38,472.0,34,6.0,0.1,False
firm_4,296,49.11,46.89,4,0,46,2185019.26,1691.06,2259.06,568.0,46,6.0,0.1,False
firm_4,297,46.65,42.2,3,0,34,2186006.76,1114.1,1586.1,472.0,34,6.0,0.1,False
firm_4,298,51.32,46.42,4,0,46,2186913.8,1792.72,2360.72,568.0,46,6.0,0.1,False
firm_4,299,46.19,44.1,4,0,46,2188294.14,1556.74,2124.74,568.0,46,6.0,0.1,False
firm_4,300,50.81,48.51,4,0,46,2189669.36,1769.26,2337.26,568.0,46,6.0,0.1,False
firm_4,301,48.27,53.36,5,0,57,2190797.95,2095.39,2751.39,656.0,57,6.0,0.1,False
firm_4,302,53.1,58.7,4,0,46,2192237.75,1874.6,2442.6,568.0,46,6.0,0.1,False
firm_4,303,50.44,55.76,4,0,46,2193466.95,1752.24,2320.24,568.0,46,6.0,0.2,False
firm_4,304,47.92,50.18,3,0,34,2194273.69,1157.28,1629.28,472.0,34,6.0,0.2,False
firm_4,305,45.52,47.67,3,0,34,2195006.36,1075.68,1547.68,472.0,34,6.0,0.2,False
firm_4,306,45.52,50.05,2,0,23,2195569.22,662.96,1046.96,384.0,23,6.0,0.1,False
firm_4,307,43.24,45.04,1,0,11,2195711.82,187.64,475.64,288.0,11,6.0,0.1,False
firm_4,308,45.4,42.79,2,0,22,2195449.04,622.8,998.8,376.0,22,6.0,0.2,False
firm_4,309,40.86,38.51,1,0,11,2195471.99,161.46,449.46,288.0,11,6.0,0.3,False
firm_4,310,42.9,38.51,1,0,11,2195517.38,183.9,471.9,288.0,11,6.0,0.4,False
firm_4,311,40.75,42.36,2,0,23,2195485.91,553.25,937.25,384.0,23,6.0,0.4,False
firm_4,312,42.79,42.36,3,0,34,2195641.69,982.86,1454.86,472.0,34,6.0,0.4,False
firm_4,313,38.51,46.6,3,0,34,2196139.23,837.34,1309.34,472.0,34,6.0,0.4,False
firm_4,314,42.36,41.94,3,0,34,2196981.65,968.24,1440.24,472.0,34,6.0,0.4,False
firm_4,315,46.6,44.04,2,0,22,2197542.77,649.2,1025.2,376.0,22,6.0,0.4,False
firm_4,316,44.27,48.44,2,0,22,2198043.83,597.94,973.94,376.0,22,6.0,0.4,False
firm_4,317,39.84,46.02,2,0,22,2198452.27,500.48,876.48,376.0,22,6.0,0.3,False
firm_4,318,39.84,43.72,2,0,22,2198665.31,500.48,876.48,376.0,22,6.0,0.3,False
firm_4,319,43.82,41.53,2,0,22,2199170.29,588.04,964.04,376.0,22,6.0,0.3,False
firm_4,320,39.44,45.68,2,0,22,2199570.61,491.68,867.68,376.0,22,6.0,0.2,False
firm_4,321,43.38,50.25,3,0,34,2199922.78,1002.92,1474.92,472.0,34,6.0,0.2,False
firm_4,322,45.55,45.22,4,0,45,2200431.65,1489.75,2049.75,560.0,45,6.0,0.3,False
firm_4,323,43.27,42.96,3,0,34,2201201.95,999.18,1471.18,472.0,34,6.0,0.4,False
firm_4,324,38.94,45.11,4,0,45,2201713.81,1192.3,1752.3,560.0,45,6.0,0.4,False
firm_4,325,36.99,40.6,3,0,34,2202377.67,785.66,1257.66,472.0,34,6.0,0.3,False
firm_4,326,38.84,38.57,2,0,22,2202779.01,478.48,854.48,376.0,22,6.0,0.2,False
firm_4,327,40.78,42.43,1,0,11,2202897.16,160.58,448.58,288.0,11,6.0,0.2,False
firm_4,328,44.86,46.67,2,0,22,2202914.74,610.92,986.92,376.0,22,6.0,0.2,False
firm_4,329,49.35,42.0,1,0,11,2203127.59,254.85,542.85,288.0,11,6.0,0.2,False
firm_4,330,54.28,46.2,2,0,22,2203353.35,818.16,1194.16,376.0,22,6.0,0.1,False
firm_4,331,51.57,50.82,3,0,34,2203982.27,1281.38,1753.38,472.0,34,6.0,0.1,False
firm_4,332,51.57,50.82,2,0,22,2204339.17,758.54,1134.54,376.0,22,6.0,0.2,False
firm_4,333,48.99,48.28,1,0,11,2204541.78,250.89,538.89,288.0,11,6.0,0.2,False
firm_4,334,51.44,45.87,1,0,11,2204573.75,277.84,565.84,288.0,11,6.0,0.2,False
firm_4,335,54.01,50.46,2,0,22,2204585.05,812.22,1188.22,376.0,22,6.0,0.2,False
firm_4,336,56.71,55.51,2,0,22,2205345.65,871.62,1247.62,376.0,22,6.0,0.2,False
firm_4,337,53.87,52.73,3,0,34,2206047.04,1359.58,1831.58,472.0,34,6.0,0.2,False
firm_4,338,51.18,52.73,4,0,45,2207079.22,1743.1,2303.1,560.0,45,6.0,0.1,False
firm_4,339,48.62,52.73,5,0,57,2208230.91,2115.34,2771.34,656.0,57,6.0,0.1,False
firm_4,340,46.19,58.0,6,0,68,2209479.83,2396.92,3140.92,744.0,68,6.0,0.2,False
firm_4,341,50.81,58.0,6,0,68,2211642.91,2711.08,3455.08,744.0,68,6.0,0.2,False
firm_4,342,53.35,60.9,7,0,80,2213944.61,3428.0,4268.0,840.0,80,6.0,0.1,False
firm_4,343,58.69,57.86,6,0,68,2216844.37,3246.92,3990.92,744.0,68,6.0,0.1,False
firm_4,344,55.76,60.75,6,0,68,2219327.55,3047.68,3791.68,744.0,68,6.0,0.1,False
firm_4,345,58.55,63.79,5,0,57,2221689.95,2681.35,3337.35,656.0,57,6.0,0.1,False
firm_4,346,52.7,70.17,6,0,68,2223308.53,2839.6,3583.6,744.0,68,6.0,0.2,False
firm_4,347,47.43,66.66,7,0,80,2225096.31,2954.4,3794.4,840.0,80,6.0,0.1,False
firm_4,348,45.06,69.99,6,0,68,2226696.45,2320.08,3064.08,744.0,68,6.0,0.2,False
firm_4,349,40.55,69.99,5,0,57,2228001.85,1655.35,2311.35,656.0,57,6.0,0.2,False
firm_4,350,38.52,73.49,6,0,68,2228736.27,1875.36,2619.36,744.0,68,6.0,0.1,False
firm_4,351,42.37,73.49,7,0,80,2230271.44,2549.6,3389.6,840.0,80,6.0,0.1,False
firm_4,352,40.25,80.84,8,0,91,2231659.47,2734.75,3662.75,928.0,91,6.0,0.1,False
firm_4,353,38.24,84.88,8,0,91,2233232.27,2551.84,3479.84,928.0,91,6.0,0.2,False
firm_4,354,40.15,84.88,9,0,103,2234779.8,3111.45,4135.45,1024.0,103,6.0,0.3,False
firm_4,355,44.16,84.88,8,0,91,2236991.32,3090.56,4018.56,928.0,91,6.0,0.3,False
firm_4,356,41.95,89.12,7,0,80,2238683.48,2516.0,3356.0,840.0,80,6.0,0.3,False
firm_4,357,44.05,98.03,6,0,68,2240146.7,2251.4,2995.4,744.0,68,6.0,0.2,False
firm_4,358,46.25,98.03,7,0,80,2241820.49,2860.0,3700.0,840.0,80,6.0,0.1,False
firm_4,359,50.88,98.03,6,0,68,2243948.15,2715.84,3459.84,744.0,68,6.0,0.1,False
firm_4,360,45.79,93.13,6,0,68,2245659.09,2369.72,3113.72,744.0,68,6.0,0.2,False
firm_4,361,43.5,88.47,7,0,80,2247179.8,2640.0,3480.0,840.0,80,6.0,0.2,False
firm_4,362,47.85,92.89,8,0,91,2249363.03,3426.35,4354.35,928.0,91,6.0,0.2,False
firm_4,363,43.07,102.18,8,0,91,2251336.96,2991.37,3919.37,928.0,91,6.0,0.1,False
firm_4,364,38.76,91.96,8,0,91,2253000.44,2599.16,3527.16,928.0,91,6.0,0.1,False
firm_4,365,38.76,87.36,9,0,103,2254682.48,2968.28,3992.28,1024.0,103,6.0,0.1,False
firm_5,1,45.33,42.46,22,0,255,110907.72,10772.65,11559.15,786.5,255,0.3,0.5,False
firm_5,2,40.8,40.34,22,0,254,119386.54,9566.3,10363.2,796.9,254,0.35,0.5,False
firm_5,3,42.84,38.32,21,0,243,128008.74,9626.92,10410.12,783.2,243,0.4,0.4,False
firm_5,4,40.7,42.15,22,0,256,136186.24,9604.8,10419.2,814.4,256,0.4,0.4,False
firm_5,5,42.74,40.04,23,0,267,145236.1,10570.78,11411.58,840.8,267,0.4,0.5,False
firm_5,6,40.6,42.04,23,0,267,154055.23,9986.05,10840.2,854.15,267,0.45,0.5,False
firm_5,7,44.66,44.14,22,0,256,163377.11,10592.96,11432.96,840.0,256,0.5,0.6,False
firm_5,8,49.13,48.55,23,0,267,173697.32,12236.86,13117.71,880.85,267,0.55,0.7,False
firm_5,9,54.04,48.55,23,0,267,186128.5,13547.83,14428.68,880.85,267,0.55,0.6,False
firm_5,10,56.74,53.4,24,0,279,199051.96,14905.06,15830.46,925.4,279,0.6,0.5,False
firm_5,11,59.58,58.74,24,0,279,213339.62,15697.42,16622.82,925.4,279,0.6,0.5,False
firm_5,12,65.54,61.68,23,0,267,228525.96,16604.98,17499.18,894.2,267,0.6,0.5,False
firm_5,13,58.99,55.51,22,0,256,241327.78,14223.04,15101.44,878.4,256,0.65,0.4,False
firm_5,14,61.94,61.06,23,0,267,255053.83,15630.43,16537.98,907.55,267,0.65,0.4,False
firm_5,15,68.13,54.95,24,0,279,271090.0,18054.97,19008.27,953.3,279,0.7,0.4,False
firm_5,16,64.72,57.7,23,0,267,286122.24,16359.34,17280.24,920.9,267,0.7,0.4,False
firm_5,17,71.19,63.47,24,0,279,302907.67,18908.71,19862.01,953.3,279,0.7,0.5,False
firm_5,18,67.63,66.64,23,0,267,318197.91,17122.96,18057.21,934.25,267,0.75,0.6,False
firm_5,19,74.39,63.31,22,0,256,334632.13,18127.04,19043.84,916.8,256,0.8,0.7,False
firm_5,20,78.11,56.98,21,0,243,351535.88,18100.33,18980.73,880.4,243,0.8,0.7,False
firm_5,21,78.11,62.68,22,0,254,368372.96,18916.04,19839.94,923.9,254,0.85,0.7,False
firm_5,22,74.2,65.81,21,0,243,383916.85,17125.9,18030.6,904.7,243,0.9,0.6,False
firm_5,23,81.62,69.1,20,0,232,400386.29,18051.44,18935.84,884.4,232,0.95,0.6,False
firm_5,24,89.78,65.64,20,0,231,418719.67,19846.18,20739.18,893.0,231,1.0,0.5,False
firm_5,25,89.78,68.92,21,0,243,437659.89,20887.54,21816.54,929.0,243,1.0,0.5,False
firm_5,26,89.78,72.37,20,0,232,455833.85,19921.36,20828.96,907.6,232,1.05,0.6,False
firm_5,27,98.76,68.75,20,0,233,476459.28,22100.43,23011.08,910.65,233,1.05,0.7,False
firm_5,28,108.64,68.75,21,0,243,499761.75,25446.22,26399.52,953.3,243,1.1,0.6,False
firm_5,29,114.07,68.75,21,0,243,524983.71,26765.71,27719.01,953.3,243,1.1,0.7,False
firm_5,30,102.66,65.31,21,0,242,547405.72,23893.52,24843.72,950.2,242,1.1,0.8,False
firm_5,31,97.53,62.04,21,0,241,568348.46,22545.58,23504.73,959.15,241,1.15,0.9,False
firm_5,32,107.28,62.04,22,0,253,592415.82,26132.24,27141.84,1009.6,253,1.2,0.8,False
firm_5,33,118.01,55.84,23,0,264,620741.34,30109.84,31154.64,1044.8,264,1.2,0.8,False
firm_5,34,129.81,50.26,22,0,253,651467.95,31832.33,32841.93,1009.6,253,1.2,0.7,False
firm_5,35,123.32,55.29,21,0,241,678843.73,28736.87,29720.12,983.25,241,1.25,0.6,False
firm_5,36,123.32,58.05,21,0,241,706361.55,28736.87,29720.12,983.25,241,1.25,0.5,False
firm_5,37,123.32,60.95,21,0,241,733606.42,28724.82,29720.12,995.3,241,1.3,0.4,False
firm_5,38,123.32,60.95,21,0,241,760739.24,28712.77,29720.12,1007.35,241,1.35,0.5,False
firm_5,39,117.15,67.04,20,0,230,785160.94,25962.5,26944.5,982.0,230,1.4,0.5,False
firm_5,40,123.01,63.69,21,0,241,811949.46,28626.01,29645.41,1019.4,241,1.4,0.5,False
firm_5,41,129.16,60.51,21,0,241,840574.86,30096.11,31127.56,1031.45,241,1.45,0.5,False
firm_5,42,142.08,66.56,22,0,253,873271.28,34860.74,35946.24,1085.5,253,1.5,0.5,False
firm_5,43,142.08,59.9,23,0,264,907565.5,36371.92,37509.12,1137.2,264,1.55,0.5,False
firm_5,44,127.87,65.89,24,0,276,939596.46,34112.32,35292.12,1179.8,276,1.55,0.5,False
firm_5,45,115.08,59.3,24,0,276,968541.74,30568.48,31762.08,1193.6,276,1.6,0.4,False
firm_5,46,126.59,65.23,25,0,287,1001294.77,35083.78,36331.33,1247.55,287,1.65,0.4,False
firm_5,47,139.25,65.23,25,0,287,1038166.87,38702.85,39964.75,1261.9,287,1.7,0.4,False
firm_5,48,125.32,61.97,25,0,287,1071108.21,34690.59,35966.84,1276.25,287,1.75,0.4,False
firm_5,49,131.59,61.97,25,0,287,1105949.04,36490.08,37766.33,1276.25,287,1.75,0.5,False
firm_5,50,138.17,55.77,25,0,287,1142933.33,38378.54,39654.79,1276.25,287,1.75,0.5,False
firm_5,51,145.08,61.35,25,0,287,1181546.94,40347.36,41637.96,1290.6,287,1.8,0.5,False
firm_5,52,159.59,55.22,26,0,298,1225621.74,46210.52,47557.82,1347.3,298,1.85,0.4,False
firm_5,53,175.55,52.46,27,0,310,1276516.82,53011.5,54420.5,1409.0,310,1.9,0.4,False
firm_5,54,193.1,57.71,28,0,321,1334934.14,60533.2,61985.1,1451.9,321,1.9,0.3,False
firm_5,55,202.76,51.94,27,0,310,1394762.86,61431.1,62855.6,1424.5,310,1.95,0.3,False
firm_5,56,192.62,57.13,26,0,298,1449301.14,56023.66,57400.76,1377.1,298,1.95,0.3,False
firm_5,57,202.25,54.27,25,0,287,1504442.14,56697.75,58045.75,1348.0,287,2.0,0.2,False
firm_5,58,222.48,59.7,25,0,287,1565353.4,62503.76,63851.76,1348.0,287,2.0,0.3,False
firm_5,59,233.6,65.67,26,0,299,1631281.43,68435.45,69846.4,1410.95,299,2.05,0.4,False
firm_5,60,245.28,72.24,26,0,299,1701116.01,71912.82,73338.72,1425.9,299,2.1,0.3,False
firm_5,61,245.28,72.24,25,0,287,1768328.67,69018.66,70395.36,1376.7,287,2.1,0.3,False
firm_5,62,245.28,72.24,24,0,276,1832860.59,66365.68,67697.28,1331.6,276,2.1,0.4,False
firm_5,63,269.81,72.24,23,0,264,1901146.51,69947.44,71229.84,1282.4,264,2.1,0.4,False
firm_5,64,242.83,68.63,22,0,253,1959622.69,60186.04,61435.99,1249.95,253,2.15,0.4,False
firm_5,65,267.11,75.49,22,0,253,2023978.14,66316.23,67578.83,1262.6,253,2.2,0.5,False
firm_5,66,293.82,75.49,22,0,253,2095078.57,73061.21,74336.46,1275.25,253,2.25,0.6,False
firm_5,67,323.2,75.49,22,0,253,2173812.14,80494.35,81769.6,1275.25,253,2.25,0.7,False
firm_5,68,355.52,79.26,21,0,241,2256603.75,84456.07,85680.32,1224.25,241,2.25,0.6,False
firm_5,69,391.07,79.26,21,0,241,2347750.86,93011.57,94247.87,1236.3,241,2.3,0.6,False
firm_5,70,430.18,87.19,22,0,254,2452993.5,107960.82,109265.72,1304.9,254,2.35,0.7,False
firm_5,71,430.18,91.55,22,0,254,2558727.52,107948.12,109265.72,1317.6,254,2.4,0.6,False
firm_5,72,473.2,91.55,21,0,243,2670311.22,113706.25,114987.6,1281.35,243,2.45,0.5,False
firm_5,73,496.86,91.55,22,0,254,2792456.56,124859.44,126202.44,1343.0,254,2.5,0.5,False
firm_5,74,447.17,100.7,23,0,266,2906977.38,117536.92,118947.22,1410.3,266,2.55,0.4,False
firm_5,75,491.89,110.77,24,0,277,3038398.23,134779.33,136253.53,1474.2,277,2.6,0.4,False
firm_5,76,442.7,121.85,25,0,289,3161048.43,126396.45,127940.3,1543.85,289,2.65,0.4,False
firm_5,77,464.84,121.85,26,0,300,3295022.33,137842.0,139452.0,1610.0,300,2.7,0.3,False
firm_5,78,511.32,134.04,25,0,289,3437884.51,146213.18,147771.48,1558.3,289,2.7,0.2,False
firm_5,79,460.19,134.04,24,0,277,3560638.28,125970.73,127472.63,1501.9,277,2.7,0.2,False
firm_5,80,506.21,134.04,24,0,277,3696139.59,138718.27,140220.17,1501.9,277,2.7,0.2,False
firm_5,81,506.21,134.04,23,0,265,3825756.82,132700.15,134145.65,1445.5,265,2.7,0.1,False
firm_5,82,556.83,147.44,24,0,277,3974244.42,152726.16,154241.91,1515.75,277,2.75,0.1,False
firm_5,83,612.51,162.18,25,94,288,4086478.86,116788.94,118826.94,2038.0,194,2.75,0.1,False
firm_5,84,581.88,170.29,26,201,300,4191009.16,109657.84,112302.84,2645.0,193,2.8,0.1,False
firm_5,85,523.69,187.32,26,125,300,4380466.28,194627.44,196907.44,2280.0,376,2.85,0.2,False
firm_5,86,523.69,187.32,27,153,311,4520424.01,145715.37,148204.27,2488.9,283,2.9,0.2,False
firm_5,87,549.87,168.59,28,386,323,4560879.09,45775.6,49488.3,3712.7,90,2.9,0.3,False
firm_5,88,577.36,177.02,28,667,323,4574953.95,19131.42,24249.12,5117.7,42,2.9,0.4,False
firm_5,89,635.1,177.02,29,989,334,4570159.97,839.6,7621.2,6781.6,12,2.9,0.4,False
firm_5,90,571.59,159.32,28,1125,322,4664395.85,98896.84,106315.74,7418.9,186,2.95,0.3,False
firm_5,91,514.43,151.35,28,1001,323,4883204.41,223146.36,229950.21,6803.85,447,2.95,0.4,False
firm_5,92,488.71,158.92,28,695,322,5180395.63,301640.98,306909.88,5268.9,628,2.95,0.4,False
firm_5,93,513.15,150.97,27,755,311,5299390.09,123270.65,128800.65,5530.0,251,3.0,0.4,False
firm_5,94,461.84,150.97,26,161,300,5705744.83,410379.96,412884.96,2505.0,894,3.0,0.5,False
firm_5,95,461.84,158.52,27,0,311,5916882.72,216217.93,217988.48,1770.55,472,3.05,0.6,False
firm_5,96,484.93,166.45,26,0,300,6056104.02,143749.0,145479.0,1730.0,300,3.1,0.6,False
firm_5,97,509.18,158.13,27,0,311,6207903.39,156568.88,158354.98,1786.1,311,3.1,0.6,False
firm_5,98,560.1,166.04,27,311,311,6199863.66,-3356.65,0.0,3356.65,0,3.15,0.5,False
firm_5,99,560.1,182.64,28,634,323,6189000.14,-5049.6,0.0,5049.6,0,3.2,0.4,False
firm_5,100,560.1,173.51,29,968,336,6177584.55,-5683.8,1120.2,6804.0,2,3.25,0.3,False
firm_5,101,588.1,156.16,29,1218,335,6214778.91,41923.0,49988.5,8065.5,85,3.3,0.2,False
firm_5,102,529.29,171.78,29,1170,335,6404473.11,194875.82,202718.07,7842.25,383,3.35,0.2,False
firm_5,103,529.29,171.78,30,1223,345,6544994.39,146374.68,154552.68,8178.0,292,3.4,0.2,False
firm_5,104,476.36,163.19,30,889,345,6856721.88,316923.19,323448.44,6525.25,679,3.45,0.3,False
firm_5,105,452.54,146.87,31,496,357,7186448.26,334779.35,339405.0,4625.65,750,3.45,0.3,False
firm_5,106,452.54,161.56,30,290,347,7428314.93,246713.47,250254.62,3541.15,553,3.45,0.3,False
firm_5,107,475.17,169.64,31,195,357,7634212.28,211656.19,214776.84,3120.65,452,3.45,0.3,False
firm_5,108,427.65,186.6,30,0,347,7858092.08,229677.8,231786.3,2108.5,542,3.5,0.2,False
firm_5,109,449.03,195.93,31,0,358,8010001.99,158583.74,160752.74,2169.0,358,3.5,0.3,False
firm_5,110,426.58,215.52,32,0,370,8158204.95,155599.6,157834.6,2235.0,370,3.5,0.3,False
firm_5,111,426.58,215.52,32,0,370,8306689.41,155581.1,157834.6,2253.5,370,3.55,0.3,False
firm_5,112,469.24,215.52,33,0,382,8476006.83,176929.58,179249.68,2320.1,382,3.55,0.3,False
firm_5,113,469.24,237.07,32,0,370,8639567.39,171346.8,173618.8,2272.0,370,3.6,0.3,False
firm_5,114,469.24,213.36,32,0,370,8803986.67,171346.8,173618.8,2272.0,370,3.6,0.4,False
firm_5,115,492.7,213.36,32,0,370,8976967.65,180008.5,182299.0,2290.5,370,3.65,0.4,False
firm_5,116,541.97,192.02,32,0,370,9168961.41,198238.4,200528.9,2290.5,370,3.65,0.5,False
firm_5,117,596.17,182.42,31,189,358,9260573.52,97567.13,100752.73,3185.6,169,3.7,0.6,False
firm_5,118,625.98,200.66,32,482,370,9296815.36,43462.96,48200.46,4737.5,77,3.75,0.7,False
firm_5,119,563.38,210.69,31,841,359,9283814.72,-6469.25,0.0,6469.25,0,3.75,0.6,False
firm_5,120,507.04,210.69,31,656,357,9546248.41,269265.08,274815.68,5550.6,542,3.8,0.7,False
firm_5,121,557.74,189.62,31,1003,357,9538344.14,-1726.05,5577.4,7303.45,10,3.85,0.8,False
firm_5,122,501.97,180.14,30,1005,345,9697872.4,164932.46,172175.71,7243.25,343,3.85,0.7,False
firm_5,123,527.07,162.13,29,1339,334,9684321.73,-8848.9,0.0,8848.9,0,3.85,0.6,False
firm_5,124,474.36,162.13,29,1217,334,9887589.22,208069.26,216308.16,8238.9,456,3.85,0.7,False
firm_5,125,426.92,145.92,28,707,322,10232766.1,349562.64,355197.44,5634.8,832,3.9,0.8,False
firm_5,126,448.27,153.22,28,1029,322,10221131.14,-7244.8,0.0,7244.8,0,3.9,0.9,False
firm_5,127,448.27,168.54,28,1351,322,10207557.22,-8854.8,0.0,8854.8,0,3.9,0.9,False
firm_5,128,403.44,185.39,28,902,323,10507206.28,304839.98,311455.68,6615.7,772,3.9,0.9,False
firm_5,129,403.44,176.12,28,260,322,10887691.28,385516.36,388916.16,3399.8,964,3.9,1.0,False
firm_5,130,423.61,184.93,27,362,311,10967387.76,84689.59,88534.49,3844.9,209,3.9,0.9,False
firm_5,131,444.79,194.18,27,589,311,10994211.81,32366.91,37362.36,4995.45,84,3.95,1.0,False
firm_5,132,422.55,203.89,26,234,299,11261894.37,273183.7,276347.7,3164.0,654,4.0,1.0,False
firm_5,133,443.68,214.08,27,360,311,11333829.01,78214.8,82080.8,3866.0,185,4.0,1.0,False
firm_5,134,399.31,214.08,27,0,312,11594097.57,266248.72,268336.32,2087.6,672,4.05,0.9,False
firm_5,135,439.24,235.49,27,68,312,11692270.7,104731.36,107174.56,2443.2,244,4.1,0.9,False
firm_5,136,395.32,235.49,28,0,324,11837749.82,152772.84,154965.44,2192.6,392,4.15,0.8,False
firm_5,137,355.79,211.94,29,0,335,11947816.21,116912.65,119189.65,2277.0,335,4.2,0.8,False
firm_5,138,355.79,211.94,29,0,335,12058265.85,116895.9,119189.65,2293.75,335,4.25,0.9,False
firm_5,139,391.37,190.75,28,0,324,12177287.53,124562.68,126803.88,2241.2,324,4.3,0.8,False
firm_5,140,430.51,200.29,29,0,335,12312889.47,141910.35,144220.85,2310.5,335,4.3,0.8,False
firm_5,141,473.56,200.29,29,117,335,12407321.64,100340.58,103236.08,2895.5,218,4.3,0.9,False
firm_5,142,449.88,200.29,28,0,324,12597869.4,196155.88,198397.08,2241.2,441,4.3,0.9,False
firm_5,143,449.88,220.32,29,0,335,12739162.67,148382.55,150709.8,2327.25,335,4.35,0.8,False
firm_5,144,449.88,242.35,28,0,324,12875880.59,143503.72,145761.12,2257.4,324,4.35,0.8,False
firm_5,145,449.88,242.35,28,0,324,13012382.31,143487.52,145761.12,2273.6,324,4.4,0.8,False
firm_5,146,449.88,254.47,29,0,335,13152768.48,148365.8,150709.8,2344.0,335,4.4,0.9,False
firm_5,147,449.88,279.92,30,0,347,13297341.09,153670.21,156108.36,2438.15,347,4.45,0.9,False
firm_5,148,472.37,251.93,31,36,358,13438345.3,149414.04,152103.14,2689.1,322,4.45,1.0,False
firm_5,149,472.37,251.93,32,167,370,13539039.97,109456.43,112896.43,3440.0,239,4.5,1.0,False
firm_5,150,448.75,239.33,33,0,382,13774322.83,243680.75,246363.75,2683.0,549,4.5,1.0,False
firm_5,151,403.88,239.33,34,0,393,13921555.95,155970.34,158724.84,2754.5,393,4.5,1.1,False
firm_5,152,424.07,227.36,35,0,405,14081793.95,168895.6,171748.35,2852.75,405,4.55,1.1,False
firm_5,153,466.48,250.1,36,0,416,14263200.43,191110.08,194055.68,2945.6,416,4.6,1.0,False
firm_5,154,489.8,237.59,37,428,428,14248423.4,-5186.2,0.0,5186.2,0,4.65,1.1,False
firm_5,155,489.8,213.83,36,844,416,14233318.32,-7207.2,0.0,7207.2,0,4.7,1.1,False
firm_5,156,440.82,235.21,36,1260,416,14215342.76,-9308.0,0.0,9308.0,0,4.75,1.1,False
firm_5,157,462.86,223.45,35,1643,405,14206456.18,-965.83,10182.92,11148.75,22,4.75,1.2,False
firm_5,158,416.57,223.45,34,1502,393,14410724.86,212065.98,222448.38,10382.4,534,4.8,1.2,False
firm_5,159,374.91,212.28,35,690,405,14852656.53,449861.47,456265.47,6404.0,1217,4.8,1.2,False
firm_5,160,356.16,212.28,36,0,416,15235077.81,390863.36,393912.96,3049.6,1106,4.85,1.3,False
firm_5,161,373.97,201.67,36,0,416,15380118.81,152501.12,155571.52,3070.4,416,4.9,1.3,False
firm_5,162,411.37,181.5,36,159,416,15475120.7,101835.89,105722.09,3886.2,257,4.95,1.4,False
firm_5,163,411.37,181.5,37,556,427,15473977.3,6372.1,12341.1,5969.0,30,5.0,1.5,False
firm_5,164,411.37,190.58,38,645,439,15603716.76,137481.5,143979.5,6498.0,350,5.0,1.4,False
firm_5,165,452.51,200.11,37,1073,428,15587530.29,-8582.4,0.0,8582.4,0,5.05,1.4,False
firm_5,166,407.26,200.11,37,1121,427,15725441.06,145514.84,154351.54,8836.7,379,5.1,1.4,False
firm_5,167,386.9,210.12,37,898,427,15961429.92,243763.3,251485.0,7721.7,650,5.1,1.4,False
firm_5,168,348.21,199.61,37,117,427,16370865.33,416820.98,420637.68,3816.7,1208,5.1,1.4,False
firm_5,169,383.03,219.57,38,276,439,16464573.17,102551.5,107248.4,4696.9,280,5.1,1.4,False
firm_5,170,344.73,208.59,39,0,450,16702594.64,246856.48,250273.98,3417.5,726,5.15,1.4,False
firm_5,171,327.49,187.73,40,0,462,16842059.42,147773.98,151300.38,3526.4,462,5.2,1.5,False
firm_5,172,311.12,168.96,40,0,462,16975512.06,140211.04,143737.44,3526.4,462,5.2,1.5,False
firm_5,173,342.23,177.41,39,302,450,17014070.61,45677.54,50650.04,4972.5,148,5.25,1.4,False
firm_5,174,325.12,195.15,39,170,450,17191267.1,184907.34,189219.84,4312.5,582,5.25,1.5,False
firm_5,175,357.63,204.91,40,506,462,17221329.48,38958.78,45061.38,6102.6,126,5.3,1.5,False
firm_5,176,357.63,194.66,41,717,473,17298985.93,86437.51,93699.06,7261.55,262,5.35,1.6,False
firm_5,177,357.63,184.93,40,645,462,17475642.45,184153.72,190974.42,6820.7,534,5.35,1.7,False
firm_5,178,321.87,203.42,40,8,462,17817505.08,350099.43,353735.13,3635.7,1099,5.35,1.8,False
firm_5,179,337.96,223.76,41,80,473,17938952.68,131421.76,135521.96,4100.2,401,5.4,1.9,False
firm_5,180,337.96,234.95,40,0,462,18108887.1,179532.42,183174.32,3641.9,542,5.45,1.9,False
firm_5,181,321.06,223.2,41,0,473,18247049.78,148113.88,151861.38,3747.5,473,5.5,2.0,False
firm_5,182,305.01,212.04,42,0,487,18382107.12,144663.02,148539.87,3876.85,487,5.55,2.0,False
firm_5,183,289.76,190.84,43,0,496,18513177.16,139776.16,143720.96,3944.8,496,5.55,2.0,False
firm_5,184,304.25,200.38,44,0,508,18654384.04,150523.6,154559.0,4035.4,508,5.55,2.0,False
firm_5,185,273.82,190.36,45,0,519,18783086.02,137968.18,142112.58,4144.4,519,5.6,2.0,False
firm_5,186,301.2,190.36,46,0,531,18929304.51,155675.05,159937.2,4262.15,531,5.65,2.0,False
firm_5,187,286.14,209.4,47,0,545,19070212.51,151549.8,155946.3,4396.5,545,5.7,2.1,False
firm_5,188,257.53,230.34,47,0,545,19195116.63,135930.1,140353.85,4423.75,545,5.75,2.1,False
firm_5,189,283.28,241.86,48,0,557,19336049.71,153242.36,157786.96,4544.6,557,5.8,2.0,False
firm_5,190,297.44,253.95,49,0,568,19487421.68,164315.52,168945.92,4630.4,568,5.8,2.0,False
firm_5,191,327.18,228.56,48,0,554,19652959.62,176708.82,181257.72,4548.9,554,5.85,2.0,False
firm_5,192,343.54,251.42,49,279,568,19733140.9,93200.86,99283.06,6082.2,289,5.9,1.9,False
firm_5,193,360.72,226.28,50,607,577,19803124.03,81997.13,89819.28,7822.15,249,5.95,1.9,False
firm_5,194,324.65,226.28,50,530,577,19996365.13,204855.1,212321.1,7466.0,654,6.0,2.0,False
firm_5,195,340.88,214.97,50,856,577,20061981.51,76464.88,85560.88,9096.0,251,6.0,2.1,False
firm_5,196,306.79,225.72,51,547,591,20318117.79,268448.0,276111.0,7663.0,900,6.0,2.2,False
firm_5,197,276.11,248.29,50,0,580,20611739.26,306335.97,311175.97,4840.0,1127,6.0,2.3,False
firm_5,198,303.72,273.12,50,0,580,20769200.86,171317.6,176157.6,4840.0,580,6.0,2.3,False
firm_5,199,273.35,300.43,49,0,568,20904798.59,150518.8,155262.8,4744.0,568,6.0,2.3,False
firm_5,200,259.68,285.41,50,0,580,21035602.49,145774.4,150614.4,4840.0,580,6.0,2.2,False
firm_5,201,233.71,271.14,50,0,580,21152557.29,130711.8,135551.8,4840.0,580,6.0,2.1,False
firm_5,202,245.4,298.25,49,0,568,21272386.24,134643.2,139387.2,4744.0,568,6.0,2.1,False
firm_5,203,257.67,268.42,50,0,580,21402973.84,144608.6,149448.6,4840.0,580,6.0,2.2,False
firm_5,204,283.44,281.84,51,0,591,21550485.04,162585.04,167513.04,4928.0,591,6.0,2.2,False
firm_5,205,255.1,295.93,50,0,580,21678606.54,143118.0,147958.0,4840.0,580,6.0,2.2,False
firm_5,206,267.86,325.52,51,0,591,21814882.28,153377.26,158305.26,4928.0,591,6.0,2.2,False
firm_5,207,241.07,309.24,52,0,603,21938543.01,140341.21,145365.21,5024.0,603,6.0,2.3,False
firm_5,208,265.18,340.16,53,0,615,22077980.23,157965.7,163085.7,5120.0,615,6.0,2.2,False
firm_5,209,278.44,357.17,52,0,603,22222082.71,162875.32,167899.32,5024.0,603,6.0,2.1,False
firm_5,210,292.36,339.31,53,0,614,22377996.32,174397.04,179509.04,5112.0,614,6.0,2.1,False
firm_5,211,263.12,373.24,53,0,614,22514458.28,156443.68,161555.68,5112.0,614,6.0,2.0,False
firm_5,212,263.12,391.9,54,0,626,22652100.8,159505.12,164713.12,5208.0,626,6.0,1.9,False
firm_5,213,263.12,411.5,55,0,641,22792100.22,163331.92,168659.92,5328.0,641,6.0,1.8,False
firm_5,214,263.12,452.65,56,0,653,22932645.18,166393.36,171817.36,5424.0,653,6.0,1.8,False
firm_5,215,249.96,475.28,57,0,664,23065315.66,160461.44,165973.44,5512.0,664,6.0,1.7,False
firm_5,216,262.46,475.28,58,0,676,23209064.38,171814.96,177422.96,5608.0,676,6.0,1.7,False
firm_5,217,288.71,427.75,59,0,688,23375955.61,192928.48,198632.48,5704.0,688,6.0,1.8,False
firm_5,218,288.71,470.52,60,0,699,23542940.7,196016.29,201808.29,5792.0,699,6.0,1.9,False
firm_5,219,303.15,423.47,61,0,707,23725080.08,208471.05,214327.05,5856.0,707,6.0,1.8,False
firm_5,220,333.46,444.64,62,536,722,23750279.96,53367.56,62023.56,8656.0,186,6.0,1.9,False
firm_5,221,316.79,489.1,63,205,734,24049051.01,330284.35,337381.35,7097.0,1065,6.0,1.9,False
firm_5,222,316.79,440.19,63,0,730,24311477.69,290158.65,296198.65,6040.0,935,6.0,1.9,False
firm_5,223,348.47,484.21,64,447,746,24375477.78,95789.53,104192.53,8403.0,299,6.0,2.0,False
firm_5,224,383.32,484.21,65,1019,757,24402767.33,59563.2,70914.2,11351.0,185,6.0,2.1,False
firm_5,225,421.65,500.0,65,1641,757,24412629.08,42461.75,56922.75,14461.0,135,6.0,2.2,False
firm_5,226,400.57,500.0,66,2228,769,24434340.82,55411.74,72903.74,17492.0,182,6.0,2.1,False
firm_5,227,360.51,475.0,65,1810,753,24810349.03,406883.21,422157.21,15274.0,1171,6.0,2.0,False
firm_5,228,360.51,500.0,64,1439,746,25167575.7,389326.67,402689.67,13363.0,1117,6.0,2.1,False
firm_5,229,342.48,500.0,65,749,757,25619943.26,485567.56,495568.56,10001.0,1447,6.0,2.1,False
firm_5,230,308.23,500.0,65,0,757,26045181.64,457938.38,464194.38,6256.0,1506,6.0,2.1,False
firm_5,231,339.05,450.0,66,769,769,26004484.64,-10197.0,0.0,10197.0,0,6.0,2.2,False
firm_5,232,322.1,450.0,67,1140,781,26093547.64,119913.0,132061.0,12148.0,410,6.0,2.1,False
firm_5,233,322.1,427.5,68,1076,787,26326208.74,262231.1,274107.1,11876.0,851,6.0,2.1,False
firm_5,234,289.89,406.12,69,0,794,26832928.76,535542.3,542094.3,6552.0,1870,6.0,2.2,False
firm_5,235,318.88,446.73,68,34,782,27034447.36,231896.24,238522.24,6626.0,748,6.0,2.2,False
firm_5,236,334.82,402.06,69,80,793,27249071.76,243166.54,250110.54,6944.0,747,6.0,2.3,False
firm_5,237,351.56,402.06,70,890,810,27208997.56,-11130.0,0.0,11130.0,0,6.0,2.4,False
firm_5,238,333.98,361.85,69,1147,793,27350464.19,166734.28,179013.28,12279.0,536,6.0,2.5,False
firm_5,239,350.68,325.67,69,1622,793,27424855.2,96862.24,111516.24,14654.0,318,6.0,2.5,False
firm_5,240,315.61,325.67,68,1447,782,27690757.41,288347.77,302038.77,13691.0,957,6.0,2.6,False
firm_5,241,331.39,358.24,68,2228,781,27648609.09,-17588.0,0.0,17588.0,0,6.0,2.6,False
firm_5,242,364.53,322.42,68,3009,781,27604891.53,-21493.0,0.0,21493.0,0,6.0,2.7,False
firm_5,243,346.3,290.18,68,3790,781,27559761.29,-25398.0,0.0,25398.0,0,6.0,2.7,False
firm_5,244,346.3,319.2,69,4494,793,27538743.19,1806.7,30820.7,29014.0,89,6.0,2.8,False
firm_5,245,346.3,287.28,69,4911,793,27617930.67,99109.8,130208.8,31099.0,376,6.0,2.9,False
firm_5,246,328.98,316.01,70,5098,804,27765868.63,170858.66,202980.66,32122.0,617,6.0,3.0,False
firm_5,247,328.98,300.21,69,5572,793,27815594.76,70540.62,104944.62,34404.0,319,6.0,3.1,False
firm_5,248,345.43,330.23,70,6302,804,27779198.48,-12580.18,25561.82,38142.0,74,6.0,3.1,False
firm_5,249,362.7,313.72,70,6957,804,27769863.38,12625.3,54042.3,41417.0,149,6.0,3.1,False
firm_5,250,326.43,282.35,70,6746,804,28040963.33,290964.45,331326.45,40362.0,1015,6.0,3.2,False
firm_5,251,326.43,268.23,71,7464,816,28009161.14,-12057.86,31990.14,44048.0,98,6.0,3.2,False
firm_5,252,359.07,281.64,70,8268,804,27941474.34,-47972.0,0.0,47972.0,0,6.0,3.2,False
firm_5,253,323.16,281.64,70,7803,804,28286202.58,364443.04,410090.04,45647.0,1269,6.0,3.2,False
firm_5,254,323.16,281.64,71,7713,815,28512880.94,247174.8,292459.8,45285.0,905,6.0,3.2,False
firm_5,255,290.84,309.8,72,6623,827,29007684.62,517609.28,557540.28,39931.0,1917,6.0,3.2,False
firm_5,256,261.76,278.82,72,4744,826,29664842.38,677532.8,708060.8,30528.0,2705,6.0,3.3,False
firm_5,257,261.76,278.82,72,3187,826,30245598.42,601031.08,623774.08,22743.0,2383,6.0,3.3,False
firm_5,258,235.58,292.76,72,0,826,31162894.24,938574.54,945382.54,6808.0,4013,6.0,3.3,False
firm_5,259,235.58,307.4,71,0,815,31326346.54,185277.7,191997.7,6720.0,815,6.0,3.3,False
firm_5,260,259.14,307.4,71,0,821,31510407.08,205985.94,212753.94,6768.0,821,6.0,3.4,False
firm_5,261,246.18,292.03,72,0,832,31686646.68,197965.76,204821.76,6856.0,832,6.0,3.4,False
firm_5,262,246.18,292.03,73,0,844,31865652.41,200823.92,207775.92,6952.0,844,6.0,3.4,False
firm_5,263,221.56,262.83,74,0,855,32027896.79,182393.8,189433.8,7040.0,855,6.0,3.4,False
firm_5,264,243.72,289.11,75,0,867,32209682.78,204169.24,211305.24,7136.0,867,6.0,3.3,False
firm_5,265,243.72,260.2,76,0,878,32396069.74,206762.16,213986.16,7224.0,878,6.0,3.4,False
firm_5,266,268.09,273.21,75,0,867,32600877.02,225298.03,232434.03,7136.0,867,6.0,3.4,False
firm_5,267,268.09,300.53,76,0,878,32805695.76,228159.02,235383.02,7224.0,878,6.0,3.3,False
firm_5,268,268.09,270.48,77,0,890,33015448.9,231280.1,238600.1,7320.0,890,6.0,3.2,False
firm_5,269,268.09,256.96,78,0,901,33228847.11,234141.09,241549.09,7408.0,901,6.0,3.1,False
firm_5,270,241.28,231.26,77,0,890,33418259.29,207419.2,214739.2,7320.0,890,6.0,3.1,False
firm_5,271,217.15,242.82,78,0,902,33587072.63,188453.3,195869.3,7416.0,902,6.0,3.0,False
firm_5,272,217.15,254.96,79,0,913,33756984.74,190753.95,198257.95,7504.0,913,6.0,2.9,False
firm_5,273,228.01,229.46,80,0,925,33941337.19,203309.25,210909.25,7600.0,925,6.0,3.0,False
firm_5,274,216.61,240.93,81,0,936,34116180.82,195058.96,202746.96,7688.0,936,6.0,2.9,False
firm_5,275,227.44,240.93,82,0,948,34303453.68,207829.12,215613.12,7784.0,948,6.0,3.0,False
firm_5,276,204.7,265.02,82,0,948,34467693.64,186271.6,194055.6,7784.0,948,6.0,3.1,False
firm_5,277,214.94,238.52,82,0,948,34643914.12,195979.12,203763.12,7784.0,948,6.0,3.0,False
firm_5,278,225.69,226.59,83,0,959,34833071.86,208564.71,216436.71,7872.0,959,6.0,3.1,False
firm_5,279,236.97,249.25,83,0,959,35031466.34,219382.23,227254.23,7872.0,959,6.0,3.2,False
firm_5,280,248.82,274.18,82,0,948,35236980.94,228097.36,235881.36,7784.0,948,6.0,3.3,False
firm_5,281,248.82,246.76,83,0,959,35446546.24,230746.38,238618.38,7872.0,959,6.0,3.2,False
firm_5,282,261.26,271.44,84,0,971,35668860.74,245715.46,253683.46,7968.0,971,6.0,3.3,False
firm_5,283,287.39,285.01,85,0,982,35917995.87,274160.98,282216.98,8056.0,982,6.0,3.4,False
firm_5,284,301.76,270.76,85,0,982,36183253.59,288272.32,296328.32,8056.0,982,6.0,3.4,False
firm_5,285,316.85,297.84,85,0,982,36460727.89,303090.7,311146.7,8056.0,982,6.0,3.5,False
firm_5,286,348.54,268.06,84,818,971,36479279.47,41268.62,53326.62,12058.0,153,6.0,3.5,False
firm_5,287,365.97,241.25,85,1382,982,36596082.68,138009.46,152975.46,14966.0,418,6.0,3.4,False
firm_5,288,329.37,241.25,84,901,971,37041589.92,465772.24,478245.24,12473.0,1452,6.0,3.3,False
firm_5,289,296.43,265.38,83,274,959,37480159.36,460895.98,470137.98,9242.0,1586,6.0,3.4,False
firm_5,290,296.43,278.65,84,0,971,37817040.11,361087.35,369055.35,7968.0,1245,6.0,3.5,False
firm_5,291,311.25,250.78,85,982,982,37781957.81,-12966.0,0.0,12966.0,0,6.0,3.6,False
firm_5,292,295.69,263.32,85,417,982,38206767.04,447291.43,457432.43,10141.0,1547,6.0,3.7,False
firm_5,293,325.26,236.99,84,1284,971,38205998.92,19439.04,33827.04,14388.0,104,6.0,3.8,False
firm_5,294,292.73,260.69,84,685,971,38632094.06,448193.1,459586.1,11393.0,1570,6.0,3.8,False
firm_5,295,307.37,247.66,85,912,982,38829791.31,219448.35,232064.35,12616.0,755,6.0,3.7,False
firm_5,296,322.74,222.89,84,1883,971,38793485.55,-17383.0,0.0,17383.0,0,6.0,3.6,False
firm_5,297,290.47,211.75,83,1916,959,39027233.52,251523.22,268975.22,17452.0,926,6.0,3.5,False
firm_5,298,290.47,211.75,83,1600,959,39364135.52,354477.25,370349.25,15872.0,1275,6.0,3.5,False
firm_5,299,261.42,211.75,82,679,948,39824187.0,477414.98,488593.98,11179.0,1869,6.0,3.5,False
firm_5,300,235.28,232.92,83,0,959,40181671.28,377516.64,385388.64,7872.0,1638,6.0,3.5,False
firm_5,301,235.28,209.63,82,0,947,40379515.78,215034.16,222810.16,7776.0,947,6.0,3.5,False
firm_5,302,223.52,220.11,81,0,936,40563013.59,201526.72,209214.72,7688.0,936,6.0,3.5,False
firm_5,303,212.34,209.1,82,0,947,40738677.37,193309.98,201085.98,7776.0,947,6.0,3.4,False
firm_5,304,222.96,219.56,83,0,959,40925700.53,205946.64,213818.64,7872.0,959,6.0,3.4,False
firm_5,305,245.26,230.54,84,0,970,41135777.37,229942.2,237902.2,7960.0,970,6.0,3.3,False
firm_5,306,245.26,253.59,84,0,970,41344218.01,229942.2,237902.2,7960.0,970,6.0,3.3,False
firm_5,307,220.73,266.27,85,0,982,41529485.92,208700.86,216756.86,8056.0,982,6.0,3.4,False
firm_5,308,231.77,279.58,85,0,982,41725263.76,219542.14,227598.14,8056.0,982,6.0,3.3,False
firm_5,309,254.95,279.58,86,0,993,41945541.23,245021.35,253165.35,8144.0,993,6.0,3.3,False
firm_5,310,280.44,307.54,87,0,1005,42191887.45,273602.2,281842.2,8240.0,1005,6.0,3.3,False
firm_5,311,308.48,292.16,86,311,994,42367546.53,200984.84,210691.84,9707.0,683,6.0,3.3,False
firm_5,312,308.48,306.77,85,734,982,42501985.4,160714.32,172440.32,11726.0,559,6.0,3.2,False
firm_5,313,277.63,322.11,84,351,970,42840846.55,365918.39,375633.39,9715.0,1353,6.0,3.1,False
firm_5,314,291.51,338.22,85,1333,982,42796876.85,-14721.0,0.0,14721.0,0,6.0,3.0,False
firm_5,315,262.36,304.4,86,1641,993,42933566.05,163367.6,179716.6,16349.0,685,6.0,3.0,False
firm_5,316,236.12,304.4,87,593,1005,43380132.61,473549.36,484754.36,11205.0,2053,6.0,3.0,False
firm_5,317,236.12,304.4,88,0,1016,43724134.49,371589.08,379917.08,8328.0,1609,6.0,3.1,False
firm_5,318,224.31,334.84,87,0,1005,43911994.96,217191.55,225431.55,8240.0,1005,6.0,3.0,False
firm_5,319,235.53,301.36,86,0,993,44111615.29,225737.29,233881.29,8144.0,993,6.0,3.0,False
firm_5,320,259.08,301.36,87,0,1005,44336832.37,252135.4,260375.4,8240.0,1005,6.0,2.9,False
firm_5,321,259.08,316.43,88,637,1016,44394864.85,86678.32,98191.32,11513.0,379,6.0,3.0,False
firm_5,322,259.08,284.79,87,248,1005,44721465.64,351677.52,361157.52,9480.0,1394,6.0,3.1,False
firm_5,323,284.99,313.27,88,570,1016,44879802.94,186605.06,197783.06,11178.0,694,6.0,3.1,False
firm_5,324,284.99,313.27,87,1112,1005,44970398.82,118150.37,131950.37,13800.0,463,6.0,3.2,False
firm_5,325,313.49,281.94,88,1476,1016,45133775.58,188687.48,204395.48,15708.0,652,6.0,3.1,False
firm_5,326,329.16,267.84,88,1824,1016,45312436.54,202430.88,219878.88,17448.0,668,6.0,3.1,False
firm_5,327,296.24,241.06,87,1114,1005,45785505.92,494241.6,508051.6,13810.0,1715,6.0,3.1,False
firm_5,328,281.43,241.06,87,444,1005,46225368.95,460935.25,471395.25,10460.0,1675,6.0,3.2,False
firm_5,329,295.5,265.17,86,291,993,46531308.33,329044.0,338643.0,9599.0,1146,6.0,3.3,False
firm_5,330,325.05,238.65,86,493,993,46757289.98,246505.55,257114.55,10609.0,791,6.0,3.3,False
firm_5,331,308.8,250.58,87,160,1005,47139123.92,404134.4,413174.4,9040.0,1338,6.0,3.3,False
firm_5,332,324.24,225.52,86,495,993,47322160.12,202730.92,213349.92,10619.0,658,6.0,3.4,False
firm_5,333,340.45,202.97,87,1500,1005,47288061.73,-15740.0,0.0,15740.0,0,6.0,3.4,False
firm_5,334,306.4,192.82,86,2341,993,47298003.01,26723.8,46572.8,19849.0,152,6.0,3.4,False
firm_5,335,275.76,173.54,85,1422,982,47792105.87,509053.76,524219.76,15166.0,1901,6.0,3.4,False
firm_5,336,261.97,190.89,84,379,970,48293361.72,517490.61,527345.61,9855.0,2013,6.0,3.4,False
firm_5,337,261.97,209.98,83,0,958,48618323.27,342389.89,350253.89,7864.0,1337,6.0,3.4,False
firm_5,338,261.97,209.98,84,0,970,48846335.85,246150.9,254110.9,7960.0,970,6.0,3.4,False
firm_5,339,261.97,220.48,85,0,982,49075993.59,249198.54,257254.54,8056.0,982,6.0,3.5,False
firm_5,340,288.17,198.43,86,0,993,49336437.42,278008.81,286152.81,8144.0,993,6.0,3.5,False
firm_5,341,259.35,208.35,87,0,1004,49569766.37,252155.4,260387.4,8232.0,1004,6.0,3.5,False
firm_5,342,259.35,229.18,88,0,1016,49804070.13,255171.6,263499.6,8328.0,1016,6.0,3.4,False
firm_5,343,285.29,206.26,88,0,1016,50067145.89,281526.64,289854.64,8328.0,1016,6.0,3.5,False
firm_5,344,256.76,206.26,87,0,1004,50298556.31,249555.04,257787.04,8232.0,1004,6.0,3.4,False
firm_5,345,256.76,185.63,88,0,1016,50534161.03,252540.16,260868.16,8328.0,1016,6.0,3.5,False
firm_5,346,243.92,194.91,89,0,1027,50758303.88,242089.84,250505.84,8416.0,1027,6.0,3.6,False
firm_5,347,231.72,175.42,90,0,1039,50974061.16,232245.08,240757.08,8512.0,1039,6.0,3.5,False
firm_5,348,243.31,184.19,91,0,1050,51203475.37,246875.5,255475.5,8600.0,1050,6.0,3.4,False
firm_5,349,255.48,193.4,90,0,1039,51442801.09,256931.72,265443.72,8512.0,1039,6.0,3.4,False
firm_5,350,229.93,183.73,91,0,1050,51658308.16,232826.5,241426.5,8600.0,1050,6.0,3.5,False
firm_5,351,229.93,202.1,90,0,1039,51870504.43,230385.27,238897.27,8512.0,1039,6.0,3.4,False
firm_5,352,252.92,181.89,90,0,1038,52108161.29,254026.96,262530.96,8504.0,1038,6.0,3.3,False
firm_5,353,265.57,163.7,91,0,1050,52362813.09,270248.5,278848.5,8600.0,1050,6.0,3.3,False
firm_5,354,278.85,147.33,92,1021,1061,52345919.73,-2639.0,11154.0,13793.0,40,6.0,3.3,False
firm_5,355,250.97,132.6,91,160,1050,52803756.8,470203.67,479603.67,9400.0,1911,6.0,3.4,False
firm_5,356,238.42,145.86,92,0,1061,53072260.5,282422.82,291110.82,8688.0,1221,6.0,3.4,False
firm_5,357,262.26,160.45,92,0,1061,53326868.96,269569.86,278257.86,8688.0,1061,6.0,3.3,False
firm_5,358,275.37,152.43,93,0,1072,53598413.61,286420.64,295196.64,8776.0,1072,6.0,3.3,False
firm_5,359,289.14,160.05,94,0,1084,53887224.67,304555.76,313427.76,8872.0,1084,6.0,3.3,False
firm_5,360,303.6,144.05,94,1084,1084,53859291.97,-14292.0,0.0,14292.0,0,6.0,3.4,False
firm_5,361,288.42,129.65,93,874,1072,54203742.96,356608.44,369754.44,13146.0,1282,6.0,3.5,False
firm_5,362,288.42,123.17,93,581,1072,54574200.45,382012.3,393693.3,11681.0,1365,6.0,3.6,False
firm_5,363,274.0,135.49,94,0,1084,55008002.39,447338.0,456210.0,8872.0,1665,6.0,3.7,False
firm_5,364,246.6,149.04,94,0,1084,55252235.03,258442.4,267314.4,8872.0,1084,6.0,3.7,False
firm_5,365,271.26,156.49,95,0,1095,55524838.18,288069.7,297029.7,8960.0,1095,6.0,3.8,False
firm_6,1,35.72,43.59,17,0,197,119787.52,6377.83,7036.84,659.01,197,0.33,0.32,False
firm_6,2,32.15,47.95,17,0,197,124546.91,5674.54,6333.55,659.01,197,0.33,0.42,False
firm_6,3,32.15,50.35,16,0,186,128778.53,5337.22,5979.9,642.68,186,0.38,0.52,False
firm_6,4,28.94,45.32,15,0,174,132520.17,4421.44,5035.56,614.12,174,0.38,0.52,False
firm_6,5,31.83,47.59,15,0,174,136521.92,4915.6,5538.42,622.82,174,0.43,0.52,False
firm_6,6,31.83,45.21,14,0,162,140243.68,4554.7,5156.46,601.76,162,0.48,0.52,False
firm_6,7,31.83,49.73,14,0,162,144102.16,4554.7,5156.46,601.76,162,0.48,0.52,False
firm_6,8,35.01,44.76,15,0,174,148290.98,5460.22,6091.74,631.52,174,0.48,0.62,False
firm_6,9,35.01,42.52,15,0,173,153080.87,5427.69,6056.73,629.04,173,0.48,0.52,False
firm_6,10,36.76,38.27,15,0,173,158028.61,5721.79,6359.48,637.69,173,0.53,0.42,False
firm_6,11,40.44,40.18,15,0,173,163784.34,6358.43,6996.12,637.69,173,0.53,0.32,False
firm_6,12,40.44,44.2,15,0,173,169479.77,6358.43,6996.12,637.69,173,0.53,0.22,False
firm_6,13,44.48,39.78,14,0,162,175418.75,6595.9,7205.76,609.86,162,0.53,0.32,False
firm_6,14,48.93,43.76,15,0,173,181880.9,7818.55,8464.89,646.34,173,0.58,0.22,False
firm_6,15,53.82,45.95,15,0,173,189756.17,8664.52,9310.86,646.34,173,0.58,0.32,False
firm_6,16,59.2,48.25,16,0,185,198658.87,10274.7,10952.0,677.3,185,0.58,0.42,False
firm_6,17,65.12,53.08,16,0,185,209179.49,11369.9,12047.2,677.3,185,0.58,0.32,False
firm_6,18,68.38,58.39,16,0,185,220009.0,11963.75,12650.3,686.55,185,0.63,0.22,False
firm_6,19,75.22,61.31,17,0,197,232357.11,14090.38,14818.34,727.96,197,0.68,0.22,False
firm_6,20,82.74,64.38,17,0,197,246624.62,15561.97,16299.78,737.81,197,0.73,0.12,False
firm_6,21,91.01,70.82,16,0,186,261711.58,16220.08,16927.86,707.78,186,0.73,0.1,False
firm_6,22,100.11,77.9,15,0,174,277287.2,16744.12,17419.14,675.02,174,0.73,0.1,False
firm_6,23,95.1,81.8,15,0,174,291723.88,15863.68,16547.4,683.72,174,0.78,0.1,False
firm_6,24,95.1,81.8,16,0,187,306769.57,17054.49,17783.7,729.21,187,0.83,0.1,False
firm_6,25,104.61,89.98,15,0,175,323031.37,17611.5,18306.75,695.25,175,0.83,0.1,False
firm_6,26,115.07,98.98,15,0,175,340988.67,19442.0,20137.25,695.25,175,0.83,0.1,False
firm_6,27,120.82,89.08,15,0,175,359891.97,20439.5,21143.5,704.0,175,0.88,0.1,False
firm_6,28,114.78,93.53,15,0,175,377871.52,19382.5,20086.5,704.0,175,0.88,0.1,False
firm_6,29,120.52,84.18,14,0,163,395568.32,18975.32,19644.76,669.44,163,0.88,0.2,False
firm_6,30,132.57,88.39,14,0,163,415170.33,20939.47,21608.91,669.44,163,0.88,0.3,False
firm_6,31,132.57,97.23,15,0,175,435707.63,22495.75,23199.75,704.0,175,0.88,0.3,False
firm_6,32,125.94,102.09,16,0,187,456286.41,22812.22,23550.78,738.56,187,0.88,0.4,False
firm_6,33,119.64,102.09,15,0,175,474779.31,20224.25,20937.0,712.75,175,0.93,0.3,False
firm_6,34,125.62,112.3,16,0,187,495016.19,22733.68,23490.94,757.26,187,0.98,0.2,False
firm_6,35,138.18,123.53,16,0,187,517912.76,25073.05,25839.66,766.61,187,1.03,0.2,False
firm_6,36,152.0,129.71,15,0,175,541528.11,25861.0,26600.0,739.0,175,1.08,0.3,False
firm_6,37,152.0,142.68,15,0,175,565148.91,25861.0,26600.0,739.0,175,1.08,0.4,False
firm_6,38,144.4,142.68,16,0,187,588492.87,26226.84,27002.8,775.96,187,1.08,0.5,False
firm_6,39,151.62,142.68,17,0,198,614568.33,29201.02,30020.76,819.74,198,1.13,0.4,False
firm_6,40,159.2,149.81,18,0,210,643735.95,32564.2,33432.0,867.8,210,1.18,0.3,False
firm_6,41,151.24,157.3,17,0,198,669867.83,29105.98,29945.52,839.54,198,1.23,0.4,False
firm_6,42,151.24,165.17,18,0,210,696966.37,30871.6,31760.4,888.8,210,1.28,0.5,False
firm_6,43,151.24,173.43,18,0,210,724716.23,30871.6,31760.4,888.8,210,1.28,0.5,False
firm_6,44,143.68,190.77,18,0,210,750355.87,29273.5,30172.8,899.3,210,1.33,0.4,False
firm_6,45,158.05,209.85,17,0,198,777122.98,30434.56,31293.9,859.34,198,1.33,0.5,False
firm_6,46,173.86,209.85,16,0,187,805245.14,31679.76,32511.82,832.06,187,1.38,0.4,False
firm_6,47,191.25,230.84,15,0,175,834251.04,32668.5,33468.75,800.25,175,1.43,0.3,False
firm_6,48,200.81,242.38,15,0,175,864956.84,34341.5,35141.75,800.25,175,1.43,0.2,False
firm_6,49,190.77,218.14,16,0,187,895699.18,34832.58,35673.99,841.41,187,1.43,0.3,False
firm_6,50,200.31,229.05,15,0,175,926308.68,34245.25,35054.25,809.0,175,1.48,0.3,False
firm_6,51,190.29,206.14,16,0,187,957034.56,34724.12,35584.23,860.11,187,1.53,0.2,False
firm_6,52,209.32,195.83,17,0,198,993441.97,40536.52,41445.36,908.84,198,1.58,0.3,False
firm_6,53,209.32,215.41,18,0,210,1031969.99,43005.4,43957.2,951.8,210,1.58,0.4,False
firm_6,54,230.25,226.18,19,0,222,1077293.31,50120.74,51115.5,994.76,222,1.58,0.4,False
firm_6,55,230.25,248.8,20,0,233,1124219.77,52602.46,53648.25,1045.79,233,1.63,0.3,False
firm_6,56,230.25,223.92,19,0,222,1169763.83,50098.54,51115.5,1016.96,222,1.68,0.4,False
firm_6,57,241.76,212.72,18,0,210,1215731.67,49796.8,50769.6,972.8,210,1.68,0.4,False
firm_6,58,241.76,212.72,19,0,222,1263632.65,52642.66,53670.72,1028.06,222,1.73,0.4,False
firm_6,59,229.67,223.36,20,0,233,1310897.82,52432.37,53513.11,1080.74,233,1.78,0.4,False
firm_6,60,229.67,245.7,20,0,233,1358416.19,52432.37,53513.11,1080.74,233,1.78,0.4,False
firm_6,61,229.67,270.27,21,0,245,1407171.32,55130.8,56269.15,1138.35,245,1.83,0.4,False
firm_6,62,229.67,297.3,21,0,245,1455846.57,55118.55,56269.15,1150.6,245,1.88,0.4,False
firm_6,63,229.67,327.03,21,0,245,1503785.24,55106.3,56269.15,1162.85,245,1.93,0.5,False
firm_6,64,218.19,294.33,21,0,245,1549898.01,52293.7,53456.55,1162.85,245,1.93,0.4,False
firm_6,65,240.01,323.76,22,0,257,1602535.0,60459.71,61682.57,1222.86,257,1.98,0.4,False
firm_6,66,264.01,291.38,21,0,245,1659611.12,63495.1,64682.45,1187.35,245,2.03,0.5,False
firm_6,67,264.01,320.52,21,0,245,1716163.05,63482.85,64682.45,1199.6,245,2.08,0.5,False
firm_6,68,290.41,288.47,21,0,245,1780056.03,69950.85,71150.45,1199.6,245,2.08,0.5,False
firm_6,69,319.45,302.89,21,0,245,1850760.99,77065.65,78265.25,1199.6,245,2.08,0.5,False
firm_6,70,319.45,318.03,22,0,257,1924114.42,80850.09,82098.65,1248.56,257,2.08,0.4,False
firm_6,71,351.4,286.23,23,0,268,2009912.89,92881.76,94175.2,1293.44,268,2.08,0.3,False
firm_6,72,386.54,257.61,23,0,268,2106287.14,102299.28,103592.72,1293.44,268,2.08,0.2,False
firm_6,73,405.87,231.85,24,0,280,2212309.94,112287.2,113643.6,1356.4,280,2.13,0.2,False
firm_6,74,426.16,208.66,24,0,279,2324634.52,117532.42,118898.64,1366.22,279,2.18,0.2,False
firm_6,75,426.16,187.79,24,0,279,2437559.98,117532.42,118898.64,1366.22,279,2.18,0.3,False
firm_6,76,447.47,187.79,25,0,291,2561162.62,128797.39,130213.77,1416.38,291,2.18,0.2,False
firm_6,77,492.22,206.57,26,0,302,2702264.78,147172.98,148650.44,1477.46,302,2.23,0.2,False
firm_6,78,492.22,227.23,26,0,302,2843429.78,147172.98,148650.44,1477.46,302,2.23,0.3,False
firm_6,79,541.44,238.59,26,0,302,2999048.76,162022.32,163514.88,1492.56,302,2.28,0.2,False
firm_6,80,541.44,250.52,27,0,314,3160037.26,168452.54,170012.16,1559.62,314,2.33,0.2,False
firm_6,81,514.37,263.05,28,0,325,3317634.86,165563.0,167170.25,1607.25,325,2.33,0.3,False
firm_6,82,514.37,236.74,29,0,337,3481736.03,171666.63,173342.69,1676.06,337,2.38,0.2,False
firm_6,83,462.93,260.41,29,0,338,3628974.04,154789.9,156470.34,1680.44,338,2.38,0.2,False
firm_6,84,462.93,286.45,28,0,327,3770699.29,149745.85,151378.11,1632.26,327,2.38,0.1,False
firm_6,85,439.78,315.1,28,0,327,3903952.29,142175.8,143808.06,1632.26,327,2.38,0.2,False
firm_6,86,483.76,283.59,28,0,327,4052352.68,156540.91,158189.52,1648.61,327,2.43,0.1,False
firm_6,87,459.57,311.95,28,0,327,4192148.86,148630.78,150279.39,1648.61,327,2.43,0.2,False
firm_6,88,436.59,327.55,29,0,338,4327803.09,145853.18,147567.42,1714.24,338,2.48,0.2,False
firm_6,89,480.25,327.55,29,0,338,4478697.5,160593.36,162324.5,1731.14,338,2.53,0.2,False
firm_6,90,528.28,360.31,29,132,338,4574683.05,106434.54,108825.68,2391.14,206,2.53,0.1,False
firm_6,91,554.69,396.34,29,470,338,4558891.15,-4098.04,0.0,4098.04,0,2.58,0.1,False
firm_6,92,554.69,376.52,30,820,350,4540975.05,-5920.5,0.0,5920.5,0,2.63,0.1,False
firm_6,93,499.22,357.69,29,1047,338,4579015.52,48413.48,55413.42,6999.94,111,2.63,0.1,False
firm_6,94,549.14,393.46,28,1374,327,4559198.28,-8600.36,0.0,8600.36,0,2.68,0.1,False
firm_6,95,494.23,373.79,27,1638,315,4564347.48,15341.53,25205.73,9864.2,51,2.68,0.2,False
firm_6,96,543.65,392.48,27,1935,315,4552187.02,-1563.5,9785.7,11349.2,18,2.68,0.2,False
firm_6,97,489.28,431.73,27,2052,315,4625157.8,84927.49,96877.44,11949.95,198,2.73,0.3,False
firm_6,98,464.82,453.32,28,1576,327,4975272.24,363607.4,373250.46,9643.06,803,2.78,0.4,False
firm_6,99,418.34,498.65,27,255,315,5643132.23,681423.54,684404.24,2980.7,1636,2.78,0.5,False
firm_6,100,418.34,500.0,27,0,315,5866064.58,236732.35,238453.8,1721.45,570,2.83,0.6,False
firm_6,101,376.51,500.0,28,0,327,5972903.94,121339.36,123118.77,1779.41,327,2.83,0.5,False
firm_6,102,414.16,450.0,28,0,327,6093738.5,133634.56,135430.32,1795.76,327,2.88,0.4,False
firm_6,103,414.16,472.5,29,0,338,6217672.64,138136.64,139986.08,1849.44,338,2.88,0.4,False
firm_6,104,455.58,425.25,30,120,350,6306690.54,102275.4,104783.4,2508.0,230,2.88,0.4,False
firm_6,105,501.14,425.25,30,470,350,6289575.04,-4258.0,0.0,4258.0,0,2.88,0.5,False
firm_6,106,551.25,382.72,30,820,350,6271985.44,-6008.0,0.0,6008.0,0,2.88,0.6,False
firm_6,107,606.38,420.99,30,1170,350,6251497.74,-7758.0,0.0,7758.0,0,2.88,0.7,False
firm_6,108,667.02,399.94,31,1532,362,6228654.94,-9644.66,0.0,9644.66,0,2.93,0.8,False
firm_6,109,733.72,439.93,31,1894,362,6203462.45,-11454.66,0.0,11454.66,0,2.93,0.9,False
firm_6,110,807.09,439.93,32,2267,373,6175510.8,-13373.89,0.0,13373.89,0,2.93,0.8,False
firm_6,111,726.38,483.92,31,2614,362,6156350.32,-4158.96,10895.7,15054.66,15,2.93,0.8,False
firm_6,112,690.06,459.72,31,2921,362,6163462.64,21363.64,37953.3,16589.66,55,2.93,0.7,False
firm_6,113,621.05,482.71,30,3117,350,6226795.04,78113.7,95641.7,17528.0,154,2.98,0.8,False
firm_6,114,590.0,458.57,30,3288,350,6300047.44,87209.5,105610.0,18400.5,179,3.03,0.7,False
firm_6,115,590.0,481.5,30,3481,350,6358866.94,73264.5,92630.0,19365.5,157,3.03,0.7,False
firm_6,116,619.5,481.5,30,3813,350,6334229.94,-9892.0,11151.0,21043.0,18,3.08,0.8,False
firm_6,117,557.55,500.0,29,3939,338,6416218.5,96588.56,118200.6,21612.04,212,3.08,0.9,False
firm_6,118,557.55,475.0,28,3970,327,6546142.14,143323.64,165034.8,21711.16,296,3.08,1.0,False
firm_6,119,501.79,500.0,27,3537,315,6888280.11,355837.97,375338.92,19500.95,748,3.13,1.0,False
firm_6,120,451.61,500.0,28,3237,327,7138660.72,265080.61,283159.47,18078.86,627,3.18,0.9,False
firm_6,121,496.77,500.0,28,3208,327,7283360.63,158899.91,176850.12,17950.21,356,3.23,0.9,False
firm_6,122,471.93,500.0,29,3254,338,7387709.55,119548.92,137803.56,18254.64,292,3.28,0.8,False
firm_6,123,424.74,500.0,28,2555,327,7794474.88,421065.33,435783.24,14717.91,1026,3.33,0.9,False
firm_6,124,445.98,475.0,28,2598,327,7892683.94,111709.06,126658.32,14949.26,284,3.38,0.9,False
firm_6,125,423.68,498.75,28,2873,327,7884426.04,5707.1,22031.36,16324.26,52,3.38,0.9,False
firm_6,126,402.5,498.75,27,1444,315,8563489.34,692829.55,701960.0,9130.45,1744,3.43,1.0,False
firm_6,127,402.5,500.0,28,368,327,9109664.88,560875.54,564707.5,3831.96,1403,3.48,0.9,False
firm_6,128,422.62,475.0,27,683,315,9091282.93,-5356.95,0.0,5356.95,0,3.53,0.9,False
firm_6,129,380.36,498.75,28,450,327,9285344.87,208726.94,213001.6,4274.66,560,3.58,0.8,False
firm_6,130,361.34,448.88,29,0,338,9554477.23,282649.88,284735.92,2086.04,788,3.58,0.8,False
firm_6,131,361.34,471.32,29,0,338,9660638.93,120029.98,122132.92,2102.94,338,3.63,0.8,False
firm_6,132,361.34,494.89,29,0,338,9766317.1,120029.98,122132.92,2102.94,338,3.63,0.8,False
firm_6,133,379.41,445.4,29,0,338,9879538.14,126137.64,128240.58,2102.94,338,3.63,0.8,False
firm_6,134,360.44,467.67,29,0,338,9985601.49,119725.78,121828.72,2102.94,338,3.63,0.9,False
firm_6,135,396.48,444.29,28,0,327,10100552.97,127591.6,129648.96,2057.36,327,3.68,0.9,False
firm_6,136,376.66,466.5,29,0,338,10211498.81,125174.34,127311.08,2136.74,338,3.73,0.8,False
firm_6,137,414.33,443.17,30,0,350,10340296.21,142792.5,145015.5,2223.0,350,3.78,0.7,False
firm_6,138,455.76,398.85,30,66,350,10455213.55,126882.84,129435.84,2553.0,284,3.78,0.7,False
firm_6,139,455.76,438.74,29,207,338,10528986.17,86596.08,89784.72,3188.64,197,3.78,0.8,False
firm_6,140,501.34,438.74,28,496,327,10530965.96,14464.51,19050.92,4586.41,38,3.83,0.8,False
firm_6,141,526.41,460.68,29,834,338,10510448.8,-6357.44,0.0,6357.44,0,3.88,0.9,False
firm_6,142,500.09,500.0,30,1174,350,10491821.7,-3127.1,5000.9,8128.0,10,3.88,0.9,False
firm_6,143,500.09,500.0,31,1495,362,10486303.73,10682.03,20503.69,9821.66,41,3.93,0.9,False
firm_6,144,500.09,500.0,31,1778,362,10498756.08,28252.35,39507.11,11254.76,79,3.98,1.0,False
firm_6,145,450.08,500.0,31,2130,362,10474742.12,-8513.96,4500.8,13014.76,10,3.98,0.9,False
firm_6,146,472.58,500.0,30,2245,350,10557280.42,97538.3,111056.3,13518.0,235,3.98,0.8,False
firm_6,147,496.21,500.0,31,2581,362,10538694.02,-2386.4,12901.46,15287.86,26,4.03,0.8,False
firm_6,148,446.59,450.0,32,2809,373,10571955.38,48261.36,64755.55,16494.19,145,4.03,0.9,False
firm_6,149,491.25,495.0,32,3182,373,10537756.19,-18359.19,0.0,18359.19,0,4.03,0.9,False
firm_6,150,442.12,495.0,32,3481,373,10534460.23,12844.04,32716.88,19872.84,74,4.08,1.0,False
firm_6,151,486.33,500.0,33,3685,385,10584300.91,67040.68,88025.73,20985.05,181,4.13,0.9,False
firm_6,152,462.01,500.0,34,3779,397,10685041.48,118440.57,139989.03,21548.46,303,4.18,0.8,False
firm_6,153,438.91,500.0,34,3768,397,10825403.45,157561.97,179075.28,21513.31,408,4.23,0.7,False
firm_6,154,395.02,500.0,35,2989,408,11258384.95,451181.5,468888.74,17707.24,1187,4.28,0.7,False
firm_6,155,375.27,500.0,35,2319,408,11630848.37,390163.42,404541.06,14377.64,1078,4.33,0.6,False
firm_6,156,337.74,500.0,35,306,408,12426704.27,813355.9,817668.54,4312.64,2421,4.33,0.6,False
firm_6,157,337.74,475.0,35,0,408,12648442.99,238363.72,241146.36,2782.64,714,4.33,0.5,False
firm_6,158,320.85,451.25,35,0,408,12760553.0,128103.76,130906.8,2803.04,408,4.38,0.4,False
firm_6,159,320.85,496.38,36,0,420,12874060.72,131877.4,134757.0,2879.6,420,4.38,0.3,False
firm_6,160,352.94,496.38,37,68,431,12979700.55,124805.89,128117.22,3311.33,363,4.43,0.4,False
firm_6,161,352.94,446.74,38,0,443,13139206.13,177281.7,180352.34,3070.64,511,4.48,0.5,False
firm_6,162,335.29,424.4,39,0,455,13271340.33,149385.8,152556.95,3171.15,455,4.53,0.4,False
firm_6,163,335.29,403.18,39,0,455,13404902.11,149385.8,152556.95,3171.15,455,4.53,0.5,False
firm_6,164,368.82,362.86,40,183,466,13490005.79,100218.08,104376.06,4157.98,283,4.53,0.6,False
firm_6,165,368.82,326.57,40,204,466,13636581.61,159838.62,164124.9,4286.28,445,4.58,0.6,False
firm_6,166,405.7,359.23,41,674,478,13617559.64,-3493.54,3245.6,6739.14,8,4.63,0.7,False
firm_6,167,385.42,341.27,42,1152,490,13597918.14,-4608.16,4625.04,9233.2,12,4.68,0.7,False
firm_6,168,404.69,341.27,41,1630,478,13572283.03,-11543.04,0.0,11543.04,0,4.68,0.8,False
firm_6,169,404.69,341.27,40,2096,466,13544616.05,-13816.18,0.0,13816.18,0,4.73,0.7,False
firm_6,170,364.22,324.21,41,2367,478,13590641.14,60117.7,75393.54,15275.84,207,4.78,0.8,False
firm_6,171,346.01,308.0,42,2482,490,13690702.19,113797.05,129753.75,15956.7,375,4.83,0.9,False
firm_6,172,311.41,338.8,43,1835,501,14020335.64,344701.85,357498.68,12796.83,1148,4.83,0.8,False
firm_6,173,280.27,304.92,43,0,501,14658087.92,651063.84,654710.72,3646.88,2336,4.88,0.8,False
firm_6,174,308.3,320.17,43,0,501,14794806.98,150786.37,154458.3,3671.93,501,4.93,0.9,False
firm_6,175,277.47,352.19,42,0,490,14912155.1,132340.1,135960.3,3620.2,490,4.98,0.9,False
firm_6,176,263.6,352.19,43,0,501,15024777.55,128366.62,132063.6,3696.98,501,4.98,1.0,False
firm_6,177,276.78,352.19,44,0,513,15146662.94,138181.75,141988.14,3806.39,513,5.03,1.1,False
firm_6,178,290.62,352.19,45,0,525,15278772.89,148658.5,152575.5,3917.0,525,5.08,1.1,False
firm_6,179,290.62,387.41,44,0,513,15406982.87,145256.02,149088.06,3832.04,513,5.08,1.1,False
firm_6,180,276.09,426.15,43,0,501,15523232.43,134574.01,138321.09,3747.08,501,5.08,1.0,False
firm_6,181,303.7,404.84,42,0,490,15651272.95,145143.8,148813.0,3669.2,490,5.08,1.1,False
firm_6,182,318.88,364.36,42,212,490,15719664.77,83894.94,88648.64,4753.7,278,5.13,1.1,False
firm_6,183,350.77,346.14,42,498,490,15770500.27,65373.38,71557.08,6183.7,204,5.13,1.1,False
firm_6,184,350.77,311.53,41,679,478,15854803.09,97175.55,104178.69,7003.14,297,5.13,1.2,False
firm_6,185,333.23,295.95,40,429,466,16075790.19,232925.1,238592.68,5667.58,716,5.13,1.3,False
firm_6,186,349.89,281.15,40,702,466,16124817.08,60472.89,67528.77,7055.88,193,5.18,1.2,False
firm_6,187,332.4,309.26,41,632,478,16287000.58,175363.16,182155.2,6792.04,548,5.18,1.2,False
firm_6,188,315.78,340.19,42,197,490,16559381.4,287368.8,292096.5,4727.7,925,5.23,1.2,False
firm_6,189,299.99,357.2,42,0,490,16746629.43,202350.43,206093.13,3742.7,687,5.23,1.3,False
firm_6,190,269.99,339.34,43,0,501,16862655.52,131417.71,135264.99,3847.28,501,5.28,1.4,False
firm_6,191,256.49,356.31,44,0,513,16974022.61,127644.73,131579.37,3934.64,513,5.28,1.5,False
firm_6,192,282.14,320.68,45,0,525,17103193.51,144101.5,148123.5,4022.0,525,5.28,1.5,False
firm_6,193,268.03,352.75,45,0,525,17224013.51,136693.75,140715.75,4022.0,525,5.28,1.4,False
firm_6,194,281.43,352.75,45,0,525,17351868.51,143728.75,147750.75,4022.0,525,5.28,1.3,False
firm_6,195,253.29,352.75,45,0,525,17464623.76,128929.0,132977.25,4048.25,525,5.33,1.4,False
firm_6,196,265.95,335.11,46,0,536,17587129.02,138420.32,142549.2,4128.88,536,5.33,1.3,False
firm_6,197,292.54,351.87,45,241,525,17648796.73,77801.86,83081.36,5279.5,284,5.38,1.4,False
firm_6,198,307.17,369.46,45,526,525,17699187.33,67016.3,73720.8,6704.5,240,5.38,1.4,False
firm_6,199,276.45,387.93,44,0,513,17965364.02,283245.61,287231.55,3985.94,1039,5.38,1.3,False
firm_6,200,276.45,387.93,45,0,525,18088142.67,141035.5,145136.25,4100.75,525,5.43,1.4,False
firm_6,201,276.45,426.72,46,0,536,18211781.47,143967.92,148177.2,4209.28,536,5.48,1.4,False
firm_6,202,290.27,405.38,46,0,536,18344282.63,151348.64,155584.72,4236.08,536,5.53,1.4,False
firm_6,203,275.76,425.65,45,0,525,18465749.13,140620.75,144774.0,4153.25,525,5.53,1.4,False
firm_6,204,289.55,468.22,45,0,525,18592313.48,147834.25,152013.75,4179.5,525,5.58,1.4,False
firm_6,205,304.03,468.22,44,0,513,18723590.65,151878.85,155967.39,4088.54,513,5.58,1.4,False
firm_6,206,304.03,500.0,45,0,525,18856026.9,155436.25,159615.75,4179.5,525,5.58,1.3,False
firm_6,207,334.43,500.0,45,0,525,19004696.9,171370.0,175575.75,4205.75,525,5.63,1.3,False
firm_6,208,317.71,450.0,46,0,536,19149499.78,166002.88,170292.56,4289.68,536,5.63,1.3,False
firm_6,209,317.71,495.0,47,0,548,19295358.62,169723.84,174105.08,4381.24,548,5.63,1.4,False
firm_6,210,349.48,500.0,48,0,559,19461752.77,190894.15,195359.32,4465.17,559,5.63,1.4,False
firm_6,211,384.43,450.0,49,444,571,19481248.65,42045.88,48822.61,6776.73,127,5.63,1.4,False
firm_6,212,365.21,427.5,50,532,583,19632615.16,173441.51,180778.95,7337.44,495,5.68,1.4,False
firm_6,213,328.69,406.12,51,478,591,19815949.66,204846.62,212005.05,7158.43,645,5.73,1.5,False
firm_6,214,312.26,406.12,50,483,579,19967690.23,172146.57,179237.24,7090.67,574,5.73,1.6,False
firm_6,215,296.65,426.43,50,109,579,20223855.51,277486.78,282707.45,5220.67,953,5.73,1.6,False
firm_6,216,311.48,469.07,51,137,591,20369342.75,169909.81,175363.24,5453.43,563,5.73,1.5,False
firm_6,217,327.05,422.16,52,484,602,20422784.62,76094.19,83397.75,7303.56,255,5.78,1.5,False
firm_6,218,327.05,443.27,51,601,591,20547167.02,147189.17,155021.7,7832.53,474,5.83,1.5,False
firm_6,219,327.05,487.6,52,619,606,20705346.94,184235.12,192305.4,8070.28,588,5.88,1.5,False
firm_6,220,294.35,438.84,51,0,590,21033756.55,350990.45,355869.15,4878.7,1209,5.93,1.4,False
firm_6,221,323.79,482.72,50,579,579,21001934.08,-7686.47,0.0,7686.47,0,5.93,1.4,False
firm_6,222,307.6,458.58,50,696,583,21113943.49,135038.41,143341.6,8303.19,466,5.93,1.5,False
firm_6,223,276.84,481.51,51,0,590,21439794.52,351108.04,356016.24,4908.2,1286,5.98,1.5,False
firm_6,224,304.52,433.36,52,0,601,21594780.34,178020.54,183016.52,4995.98,601,5.98,1.4,False
firm_6,225,334.97,455.03,53,0,613,21770096.36,200232.61,205336.61,5104.0,613,6.0,1.5,False
firm_6,226,351.72,455.03,52,0,601,21952610.52,206375.72,211383.72,5008.0,601,6.0,1.5,False
firm_6,227,369.31,500.0,51,594,594,21919088.52,-7922.0,0.0,7922.0,0,6.0,1.6,False
firm_6,228,369.31,500.0,51,1184,590,21882548.52,-10840.0,0.0,10840.0,0,6.0,1.6,False
firm_6,229,387.78,475.0,52,1785,601,21843215.52,-13933.0,0.0,13933.0,0,6.0,1.5,False
firm_6,230,349.0,475.0,51,2060,590,21913705.52,94715.0,109935.0,15220.0,315,6.0,1.5,False
firm_6,231,314.1,427.5,52,995,601,22403983.12,513307.6,523290.6,9983.0,1666,6.0,1.6,False
firm_6,232,282.69,427.5,52,0,601,22827618.36,446165.24,451173.24,5008.0,1596,6.0,1.7,False
firm_6,233,268.56,448.88,51,0,594,22959198.12,154572.64,159524.64,4952.0,594,6.0,1.8,False
firm_6,234,295.42,493.77,52,443,606,22973712.54,40890.46,48153.46,7263.0,163,6.0,1.8,False
firm_6,235,265.88,493.77,52,0,606,23221796.62,273860.12,278908.12,5048.0,1049,6.0,1.9,False
firm_6,236,279.17,469.08,52,0,606,23361333.48,164129.02,169177.02,5048.0,606,6.0,1.9,False
firm_6,237,265.21,422.17,53,0,618,23496914.25,158755.78,163899.78,5144.0,618,6.0,2.0,False
firm_6,238,278.47,422.17,54,0,629,23643242.7,169925.63,175157.63,5232.0,629,6.0,2.1,False
firm_6,239,306.32,464.39,55,0,641,23808124.37,191023.12,196351.12,5328.0,641,6.0,2.2,False
firm_6,240,291.0,500.0,54,0,629,23958731.37,177807.0,183039.0,5232.0,629,6.0,2.1,False
firm_6,241,305.55,500.0,55,366,641,24007299.62,76868.25,84026.25,7158.0,275,6.0,2.2,False
firm_6,242,336.1,475.0,56,916,649,24003501.52,23301.9,33273.9,9972.0,99,6.0,2.2,False
firm_6,243,302.49,475.0,57,234,661,24375512.59,399586.07,406244.07,6658.0,1343,6.0,2.2,False
firm_6,244,302.49,500.0,58,0,676,24615570.49,269657.9,275265.9,5608.0,910,6.0,2.3,False
firm_6,245,302.49,500.0,58,0,676,24785245.73,198875.24,204483.24,5608.0,676,6.0,2.3,False
firm_6,246,287.37,500.0,59,0,688,24947052.29,192006.56,197710.56,5704.0,688,6.0,2.3,False
firm_6,247,301.74,500.0,59,0,688,25119145.41,201893.12,207597.12,5704.0,688,6.0,2.4,False
firm_6,248,316.83,500.0,59,0,688,25301720.45,212275.04,217979.04,5704.0,688,6.0,2.3,False
firm_6,249,348.51,500.0,60,688,699,25265722.06,-5398.39,3833.61,9232.0,11,6.0,2.4,False
firm_6,250,313.66,500.0,59,1226,688,25271437.06,35215.0,47049.0,11834.0,150,6.0,2.4,False
firm_6,251,282.29,475.0,58,0,676,25775194.64,531307.58,536915.58,5608.0,1902,6.0,2.3,False
firm_6,252,310.52,498.75,59,115,684,25915707.27,170438.88,176685.88,6247.0,569,6.0,2.2,False
firm_6,253,310.52,500.0,59,618,688,25934659.47,48652.2,57446.2,8794.0,185,6.0,2.2,False
firm_6,254,310.52,500.0,60,1039,699,25979397.03,75337.56,86324.56,10987.0,278,6.0,2.3,False
firm_6,255,294.99,500.0,60,1738,699,25934915.03,-14482.0,0.0,14482.0,0,6.0,2.2,False
firm_6,256,265.49,475.0,61,2449,711,25887107.03,-18133.0,0.0,18133.0,0,6.0,2.1,False
firm_6,257,292.04,427.5,62,3167,718,25838123.03,-21779.0,0.0,21779.0,0,6.0,2.1,False
firm_6,258,306.64,470.25,62,3521,718,25897035.49,88067.96,111616.96,23549.0,364,6.0,2.0,False
firm_6,259,275.98,500.0,62,2646,722,26287369.55,421534.06,440740.06,19206.0,1597,6.0,1.9,False
firm_6,260,303.58,500.0,61,2762,711,26417801.65,160932.1,180630.1,19698.0,595,6.0,1.8,False
firm_6,261,288.4,450.0,60,2675,699,26598317.05,207515.4,226682.4,19167.0,786,6.0,1.8,False
firm_6,262,259.56,450.0,61,2016,711,26909996.25,339629.2,355597.2,15968.0,1370,6.0,1.7,False
firm_6,263,272.54,495.0,62,1238,722,27275150.25,396644.0,408810.0,12166.0,1500,6.0,1.8,False
firm_6,264,258.91,500.0,62,362,722,27650102.43,405952.18,413738.18,7786.0,1598,6.0,1.7,False
firm_6,265,284.8,500.0,63,0,734,27924171.23,306068.8,312140.8,6072.0,1096,6.0,1.6,False
firm_6,266,313.28,500.0,62,586,722,27926671.31,33700.08,42606.08,8906.0,136,6.0,1.6,False
firm_6,267,297.62,500.0,62,1308,722,27883055.31,-12516.0,0.0,12516.0,0,6.0,1.7,False
firm_6,268,267.86,500.0,63,1987,734,27849580.61,-1274.7,14732.3,16007.0,55,6.0,1.6,False
firm_6,269,254.47,500.0,62,1461,722,28122878.17,304297.56,317578.56,13281.0,1248,6.0,1.6,False
firm_6,270,267.19,500.0,61,880,711,28427099.65,334921.48,345209.48,10288.0,1292,6.0,1.5,False
firm_6,271,293.91,450.0,60,752,699,28633611.22,233511.57,243063.57,9552.0,827,6.0,1.5,False
firm_6,272,293.91,450.0,61,524,711,28873134.71,267473.49,275981.49,8508.0,939,6.0,1.5,False
firm_6,273,308.61,495.0,60,589,699,29030256.45,186921.74,195658.74,8737.0,634,6.0,1.6,False
firm_6,274,339.47,495.0,60,725,699,29182261.06,181704.61,191121.61,9417.0,563,6.0,1.6,False
firm_6,275,339.47,495.0,60,854,699,29335996.96,183435.9,193497.9,10062.0,570,6.0,1.6,False
firm_6,276,322.5,495.0,60,205,699,29734209.96,427913.0,434730.0,6817.0,1348,6.0,1.6,False
firm_6,277,338.62,470.25,60,483,699,29840146.98,134352.02,142559.02,8207.0,421,6.0,1.5,False
firm_6,278,338.62,500.0,59,621,688,29988078.98,177432.0,186241.0,8809.0,550,6.0,1.4,False
firm_6,279,321.69,500.0,60,733,699,30136954.01,179375.03,188832.03,9457.0,587,6.0,1.3,False
firm_6,280,289.52,500.0,59,225,688,30446890.93,339436.92,346265.92,6829.0,1196,6.0,1.3,False
firm_6,281,275.04,500.0,58,0,676,30660093.97,242203.04,247811.04,5608.0,901,6.0,1.2,False
firm_6,282,288.79,500.0,57,0,664,30817638.53,186244.56,191756.56,5512.0,664,6.0,1.2,False
firm_6,283,288.79,500.0,58,0,676,30977552.57,189614.04,195222.04,5608.0,676,6.0,1.2,False
firm_6,284,317.67,500.0,59,132,688,31117613.09,170260.52,176624.52,6364.0,556,6.0,1.2,False
firm_6,285,349.44,500.0,60,831,699,31076966.09,-9947.0,0.0,9947.0,0,6.0,1.1,False
firm_6,286,366.91,500.0,61,1542,711,31032168.09,-13598.0,0.0,13598.0,0,6.0,1.1,False
firm_6,287,366.91,500.0,62,2264,722,30983172.09,-17296.0,0.0,17296.0,0,6.0,1.1,False
firm_6,288,330.22,475.0,61,2975,711,30933234.09,-20763.0,0.0,20763.0,0,6.0,1.0,False
firm_6,289,297.2,427.5,61,3686,711,30882738.59,-24318.0,0.0,24318.0,0,6.0,1.1,False
firm_6,290,267.48,470.25,61,3528,711,31062865.46,208912.12,232440.12,23528.0,869,6.0,1.2,False
firm_6,291,240.73,493.76,60,1466,699,31684773.39,651533.53,664655.53,13122.0,2761,6.0,1.2,False
firm_6,292,252.77,493.76,59,1491,688,31810069.06,154427.51,167586.51,13159.0,663,6.0,1.1,False
firm_6,293,240.13,493.76,59,0,688,32298476.49,517539.27,523243.27,5704.0,2179,6.0,1.0,False
firm_6,294,252.14,500.0,59,149,688,32398130.95,129454.46,135903.46,6449.0,539,6.0,1.1,False
firm_6,295,226.93,500.0,60,0,699,32554075.59,186644.64,192436.64,5792.0,848,6.0,1.0,False
firm_6,296,226.93,500.0,59,0,688,32674999.43,150423.84,156127.84,5704.0,688,6.0,1.0,False
firm_6,297,238.28,475.0,60,6,699,32805105.47,159306.04,165128.04,5822.0,693,6.0,1.0,False
firm_6,298,262.11,475.0,60,193,699,32903848.79,127443.32,134200.32,6757.0,512,6.0,1.0,False
firm_6,299,288.32,427.5,61,904,711,32866663.29,-10408.0,0.0,10408.0,0,6.0,1.0,False
firm_6,300,317.15,448.88,61,1571,711,32839293.21,211.6,13954.6,13743.0,44,6.0,0.9,False
firm_6,301,285.44,471.32,62,1703,722,32963289.97,153918.6,168409.6,14491.0,590,6.0,0.9,False
firm_6,302,271.17,500.0,62,1169,722,33261058.49,328768.52,340589.52,11821.0,1256,6.0,0.9,False
firm_6,303,298.29,500.0,63,1002,734,33486535.78,257677.29,268759.29,11082.0,901,6.0,0.8,False
firm_6,304,283.38,500.0,63,475,734,33803930.96,348895.18,357342.18,8447.0,1261,6.0,0.7,False
firm_6,305,269.21,475.0,62,561,722,33936617.52,162436.56,171217.56,8781.0,636,6.0,0.8,False
firm_6,306,282.67,500.0,63,818,734,34029189.11,124671.59,134833.59,10162.0,477,6.0,0.9,False
firm_6,307,296.8,475.0,63,882,734,34187638.11,188374.0,198856.0,10482.0,670,6.0,0.9,False
firm_6,308,267.12,500.0,63,802,734,34363491.79,207353.68,217435.68,10082.0,814,6.0,0.8,False
firm_6,309,240.41,450.0,62,285,722,34625958.78,290466.99,297867.99,7401.0,1239,6.0,0.9,False
firm_6,310,264.45,405.0,61,123,711,34825615.63,224361.85,230864.85,6503.0,873,6.0,0.9,False
firm_6,311,264.45,384.75,60,0,699,35014116.53,211585.9,217377.9,5792.0,822,6.0,0.8,False
firm_6,312,290.9,403.99,61,711,711,34979430.14,-9443.0,0.0,9443.0,0,6.0,0.9,False
firm_6,313,261.81,403.99,62,1433,722,34940741.76,-13141.0,0.0,13141.0,0,6.0,0.9,False
firm_6,314,235.63,383.79,63,1372,734,35090256.84,174393.85,187325.85,12932.0,795,6.0,0.8,False
firm_6,315,212.07,422.17,62,0,722,35502080.88,438098.58,444074.58,5976.0,2094,6.0,0.9,False
firm_6,316,222.67,422.17,63,0,734,35632151.95,157367.78,163439.78,6072.0,734,6.0,0.9,False
firm_6,317,222.67,443.28,64,0,746,35763225.85,159943.82,166111.82,6168.0,746,6.0,0.8,False
firm_6,318,222.67,487.61,64,0,746,35891662.63,159943.82,166111.82,6168.0,746,6.0,0.9,False
firm_6,319,233.8,487.61,65,0,757,36029998.58,170730.6,176986.6,6256.0,757,6.0,0.9,False
firm_6,320,210.42,500.0,64,0,746,36148703.9,150805.32,156973.32,6168.0,746,6.0,1.0,False
firm_6,321,231.46,500.0,63,734,734,36107461.9,-9742.0,0.0,9742.0,0,6.0,1.0,False
firm_6,322,219.89,500.0,63,198,734,36348060.2,272198.3,279260.3,7062.0,1270,6.0,1.1,False
firm_6,323,241.88,500.0,64,271,746,36470822.44,155262.24,162785.24,7523.0,673,6.0,1.1,False
firm_6,324,229.79,500.0,63,0,734,36664189.39,224866.95,230938.95,6072.0,1005,6.0,1.1,False
firm_6,325,252.77,500.0,64,0,746,36814087.81,182398.42,188566.42,6168.0,746,6.0,1.1,False
firm_6,326,278.05,500.0,63,0,734,36980404.51,198016.7,204088.7,6072.0,734,6.0,1.1,False
firm_6,327,305.86,500.0,63,734,734,36938862.51,-9742.0,0.0,9742.0,0,6.0,1.2,False
firm_6,328,321.15,450.0,63,1468,734,36896900.51,-13412.0,0.0,13412.0,0,6.0,1.2,False
firm_6,329,305.09,472.5,62,2190,722,36850379.51,-16926.0,0.0,16926.0,0,6.0,1.3,False
firm_6,330,335.6,448.88,62,2912,722,36802012.95,-20536.0,0.0,20536.0,0,6.0,1.2,False
firm_6,331,302.04,493.77,63,3593,734,36762376.56,-8028.88,16008.12,24037.0,53,6.0,1.2,False
firm_6,332,271.84,500.0,64,2958,746,37084329.6,354453.04,375411.04,20958.0,1381,6.0,1.2,False
firm_6,333,244.66,500.0,63,1242,734,37639764.6,587135.0,599417.0,12282.0,2450,6.0,1.2,False
firm_6,334,244.66,500.0,64,0,746,38087280.68,480216.08,486384.08,6168.0,1988,6.0,1.2,False
firm_6,335,244.66,475.0,65,700,757,38059895.3,4189.62,13945.62,9756.0,57,6.0,1.2,False
firm_6,336,269.13,500.0,65,1457,757,38013854.3,-13541.0,0.0,13541.0,0,6.0,1.1,False
firm_6,337,282.59,475.0,66,2226,769,37964522.3,-17482.0,0.0,17482.0,0,6.0,1.1,False
firm_6,338,282.59,500.0,65,2983,757,37910651.3,-21171.0,0.0,21171.0,0,6.0,1.1,False
firm_6,339,282.59,500.0,65,3740,757,37853195.3,-24956.0,0.0,24956.0,0,6.0,1.1,False
firm_6,340,268.46,500.0,64,4318,746,37838438.58,17343.28,45101.28,27758.0,168,6.0,1.2,False
firm_6,341,295.31,475.0,65,5075,757,37775432.58,-31631.0,0.0,31631.0,0,6.0,1.1,False
firm_6,342,295.31,500.0,66,5844,769,37706160.58,-35572.0,0.0,35572.0,0,6.0,1.1,False
firm_6,343,324.84,500.0,66,6613,769,37633743.58,-39417.0,0.0,39417.0,0,6.0,1.1,False
firm_6,344,324.84,475.0,66,7314,769,37581360.7,-20832.88,22089.12,42922.0,68,6.0,1.1,False
firm_6,345,292.36,500.0,67,7851,781,37572693.54,25632.84,71335.84,45703.0,244,6.0,1.2,False
firm_6,346,277.74,475.0,67,7641,781,37771255.88,230587.34,275240.34,44653.0,991,6.0,1.1,False
firm_6,347,277.74,500.0,66,7278,769,38009715.56,271659.68,314401.68,42742.0,1132,6.0,1.0,False
firm_6,348,263.85,500.0,65,6940,757,38224975.31,247959.75,288915.75,40956.0,1095,6.0,0.9,False
firm_6,349,263.85,500.0,66,7686,769,38152761.86,-38713.45,6068.55,44782.0,23,6.0,0.9,False
firm_6,350,263.85,500.0,67,8342,781,38103585.11,-15176.75,32981.25,48158.0,125,6.0,0.8,False
firm_6,351,277.04,500.0,66,8873,769,38085603.63,15218.52,65935.52,50717.0,238,6.0,0.8,False
firm_6,352,249.34,500.0,67,9037,781,38153613.41,102209.78,153842.78,51633.0,617,6.0,0.7,False
firm_6,353,224.41,500.0,67,7957,781,38491207.42,371394.01,417627.01,46233.0,1861,6.0,0.8,False
firm_6,354,201.97,500.0,68,0,792,40217206.95,1760499.53,1767035.53,6536.0,8749,6.0,0.8,False
firm_6,355,201.97,450.0,69,0,804,40341408.83,155751.88,162383.88,6632.0,804,6.0,0.7,False
firm_6,356,222.17,495.0,70,0,815,40480407.38,174348.55,181068.55,6720.0,815,6.0,0.7,False
firm_6,357,211.06,500.0,71,0,827,40611938.0,167730.62,174546.62,6816.0,827,6.0,0.7,False
firm_6,358,232.17,450.0,71,0,827,40764876.59,185188.59,192004.59,6816.0,827,6.0,0.8,False
firm_6,359,243.78,495.0,70,0,815,40921987.29,191960.7,198680.7,6720.0,815,6.0,0.8,False
firm_6,360,231.59,495.0,71,0,827,41070951.22,184708.93,191524.93,6816.0,827,6.0,0.9,False
firm_6,361,208.43,500.0,71,0,827,41200806.83,165555.61,172371.61,6816.0,827,6.0,0.9,False
firm_6,362,208.43,500.0,72,0,839,41332267.6,167960.77,174872.77,6912.0,839,6.0,0.8,False
firm_6,363,229.27,500.0,72,67,839,41465817.04,169749.44,176996.44,7247.0,772,6.0,0.8,False
firm_6,364,240.73,500.0,73,0,850,41642366.45,213749.41,220749.41,7000.0,917,6.0,0.8,False
firm_6,365,252.77,500.0,74,825,862,41602797.94,-1868.51,9352.49,11221.0,37,6.0,0.8,False
firm_7,1,50.41,48.37,26,0,303,124778.4,14392.48,15274.23,881.75,303,0.25,0.31,False
firm_7,2,45.37,50.79,27,0,315,136289.87,13382.8,14291.55,908.75,315,0.25,0.21,False
firm_7,3,43.1,53.33,28,0,327,147454.58,13157.95,14093.7,935.75,327,0.25,0.11,False
firm_7,4,43.1,53.33,27,0,315,158582.42,12667.75,13576.5,908.75,315,0.25,0.21,False
firm_7,5,47.41,53.33,26,0,303,170679.32,13483.48,14365.23,881.75,303,0.25,0.21,False
firm_7,6,52.15,56.0,25,0,292,183335.52,14356.2,15227.8,871.6,292,0.3,0.31,False
firm_7,7,46.94,58.8,26,0,303,194632.64,13325.92,14222.82,896.9,303,0.3,0.21,False
firm_7,8,51.63,61.74,27,0,315,207588.86,15323.2,16263.45,940.25,315,0.35,0.11,False
firm_7,9,49.05,55.57,28,0,327,220287.45,15054.55,16039.35,984.8,327,0.4,0.21,False
firm_7,10,49.05,55.57,29,0,338,233426.72,15550.8,16578.9,1028.1,338,0.45,0.31,False
firm_7,11,46.6,61.13,30,0,350,246027.82,15235.0,16310.0,1075.0,350,0.5,0.41,False
firm_7,12,44.27,64.19,30,0,350,258204.12,14402.0,15494.5,1092.5,350,0.55,0.51,False
firm_7,13,39.84,64.19,31,0,362,268795.11,13280.88,14422.08,1141.2,362,0.6,0.41,False
firm_7,14,41.83,67.4,30,0,350,279986.11,13513.0,14640.5,1127.5,350,0.65,0.51,False
firm_7,15,37.65,70.77,29,0,338,289463.78,11630.0,12725.7,1095.7,338,0.65,0.61,False
firm_7,16,33.88,74.31,30,0,350,297247.48,10713.0,11858.0,1145.0,350,0.7,0.51,False
firm_7,17,30.49,81.74,31,0,362,304073.52,9859.98,11037.38,1177.4,362,0.7,0.51,False
firm_7,18,27.44,89.91,30,0,350,309517.72,8441.5,9604.0,1162.5,350,0.75,0.61,False
firm_7,19,28.81,80.92,31,0,362,315524.82,9215.62,10429.22,1213.6,362,0.8,0.51,False
firm_7,20,27.37,80.92,31,0,362,321492.54,8676.24,9907.94,1231.7,362,0.85,0.41,False
firm_7,21,24.63,84.97,31,0,362,326324.73,7666.26,8916.06,1249.8,362,0.9,0.31,False
firm_7,22,22.17,80.72,30,0,350,330230.13,6527.0,7759.5,1232.5,350,0.95,0.21,False
firm_7,23,19.95,88.79,31,0,362,332613.54,5935.9,7221.9,1286.0,362,1.0,0.31,False
firm_7,24,18.95,79.91,32,0,372,335189.82,5733.4,7049.4,1316.0,372,1.0,0.41,False
firm_7,25,19.9,83.91,33,0,384,337991.19,6270.4,7641.6,1371.2,384,1.05,0.31,False
firm_7,26,19.9,75.52,32,0,372,341424.15,6049.6,7402.8,1353.2,372,1.1,0.31,False
firm_7,27,18.9,67.97,33,0,382,344516.74,5835.6,7219.8,1384.2,382,1.1,0.31,False
firm_7,28,19.84,74.77,34,0,396,347583.8,6409.24,7856.64,1447.4,396,1.15,0.41,False
firm_7,29,17.86,78.51,35,0,407,350122.92,5786.97,7269.02,1482.05,407,1.15,0.41,False
firm_7,30,16.07,82.44,35,0,407,352295.96,5058.44,6540.49,1482.05,407,1.15,0.31,False
firm_7,31,14.46,78.32,35,0,407,353637.58,4382.82,5885.22,1502.4,407,1.2,0.41,False
firm_7,32,13.74,78.32,36,0,419,354534.32,4216.26,5757.06,1540.8,419,1.2,0.41,False
firm_7,33,13.05,86.15,35,0,407,355007.67,3788.6,5311.35,1522.75,407,1.25,0.51,False
firm_7,34,13.7,94.77,34,0,396,355623.69,3938.2,5425.2,1487.0,396,1.25,0.61,False
firm_7,35,13.7,94.77,33,0,384,356309.08,3812.8,5260.8,1448.0,384,1.25,0.51,False
firm_7,36,13.01,85.29,32,0,372,357010.52,3430.72,4839.72,1409.0,372,1.25,0.41,False
firm_7,37,11.71,93.82,33,0,383,356135.49,3021.03,4484.93,1463.9,383,1.3,0.51,False
firm_7,38,11.71,103.2,32,0,372,355761.61,2928.52,4356.12,1427.6,372,1.3,0.41,False
firm_7,39,10.54,92.88,32,0,372,355064.13,2474.68,3920.88,1446.2,372,1.35,0.31,False
firm_7,40,11.59,92.88,31,0,358,354934.77,2749.92,4149.22,1399.3,358,1.35,0.21,False
firm_7,41,11.59,102.17,30,0,348,354319.79,2650.12,4033.32,1383.2,348,1.4,0.21,False
firm_7,42,10.43,91.95,29,0,337,353822.35,2169.11,3514.91,1345.8,337,1.4,0.21,False
firm_7,43,10.43,82.76,30,0,347,353078.96,2239.41,3619.21,1379.8,347,1.4,0.21,False
firm_7,44,10.43,91.04,30,0,348,352376.8,2229.04,3629.64,1400.6,348,1.45,0.21,False
firm_7,45,11.47,100.14,30,0,348,351646.16,2573.56,3991.56,1418.0,348,1.5,0.31,False
firm_7,46,10.32,95.13,31,0,358,350338.69,2241.56,3694.56,1453.0,358,1.5,0.41,False
firm_7,47,10.0,99.89,32,0,372,348541.61,2199.4,3720.0,1520.6,372,1.55,0.51,False
firm_7,48,10.5,104.88,33,0,383,346823.27,2442.7,4021.5,1578.8,383,1.6,0.51,False
firm_7,49,10.0,110.12,34,0,395,344687.44,2308.25,3950.0,1641.75,395,1.65,0.51,False
firm_7,50,10.0,104.61,35,0,406,342683.89,2357.8,4060.0,1702.2,406,1.7,0.51,False
firm_7,51,10.0,109.84,35,0,406,341097.29,2357.8,4060.0,1702.2,406,1.7,0.61,False
firm_7,52,10.0,109.84,35,0,406,339610.69,2357.8,4060.0,1702.2,406,1.7,0.61,False
firm_7,53,10.5,98.86,35,0,405,338484.34,2533.75,4252.5,1718.75,405,1.75,0.51,False
firm_7,54,10.0,93.92,35,0,405,337208.14,2311.0,4050.0,1739.0,405,1.8,0.61,False
firm_7,55,10.0,84.53,34,0,393,336470.72,2236.6,3930.0,1693.4,393,1.8,0.71,False
firm_7,56,10.0,84.53,34,0,393,335833.3,2236.6,3930.0,1693.4,393,1.8,0.71,False
firm_7,57,10.0,88.76,33,0,383,334859.67,2155.45,3830.0,1674.55,383,1.85,0.71,False
firm_7,58,10.0,97.64,32,0,372,333604.39,2069.2,3720.0,1650.8,372,1.9,0.71,False
firm_7,59,11.0,87.88,33,0,383,332504.5,2500.15,4213.0,1712.85,383,1.95,0.71,False
firm_7,60,11.55,92.27,34,0,395,331449.57,2782.25,4562.25,1780.0,395,2.0,0.61,False
firm_7,61,11.55,96.88,33,0,383,330725.03,2672.5,4423.65,1751.15,383,2.05,0.61,False
firm_7,62,12.13,106.57,33,0,383,330102.86,2894.64,4645.79,1751.15,383,2.05,0.61,False
firm_7,63,12.74,111.9,32,0,371,329546.05,3023.99,4726.54,1702.55,371,2.05,0.51,False
firm_7,64,12.1,100.71,31,0,360,328804.04,2680.0,4356.0,1676.0,360,2.1,0.61,False
firm_7,65,11.5,110.78,32,0,371,327085.93,2526.85,4266.5,1739.65,371,2.15,0.61,False
firm_7,66,10.35,116.32,33,0,383,324921.97,2174.6,3964.05,1789.45,383,2.15,0.61,False
firm_7,67,10.87,122.14,32,0,371,323088.06,2274.57,4032.77,1758.2,371,2.2,0.51,False
firm_7,68,10.0,128.25,33,0,383,320277.21,2021.4,3830.0,1808.6,383,2.2,0.61,False
firm_7,69,11.0,141.08,34,0,394,317359.69,2479.2,4334.0,1854.8,394,2.2,0.71,False
firm_7,70,12.1,148.13,35,0,406,314462.24,2987.1,4912.6,1925.5,406,2.25,0.61,False
firm_7,71,12.7,133.32,34,0,394,312838.96,3109.6,5003.8,1894.2,394,2.3,0.61,False
firm_7,72,12.06,139.99,33,0,383,310891.37,2772.08,4618.98,1846.9,383,2.3,0.71,False
firm_7,73,11.46,125.99,34,0,394,308509.05,2601.34,4515.24,1913.9,394,2.35,0.71,False
firm_7,74,12.61,138.59,34,0,394,306851.43,3054.44,4968.34,1913.9,394,2.35,0.61,False
firm_7,75,11.35,152.45,33,0,382,304075.48,2454.9,4335.7,1880.8,382,2.4,0.51,False
firm_7,76,10.78,167.7,32,0,371,300657.51,2148.43,3999.38,1850.95,371,2.45,0.41,False
firm_7,77,11.86,184.47,31,0,359,297181.18,2442.24,4257.74,1815.5,359,2.5,0.41,False
firm_7,78,10.67,166.02,30,0,348,294147.74,1947.16,3713.16,1766.0,348,2.5,0.41,False
firm_7,79,10.14,166.02,30,0,348,290712.46,1745.32,3528.72,1783.4,348,2.55,0.31,False
firm_7,80,10.0,174.32,31,0,359,286565.09,1756.55,3590.0,1833.45,359,2.55,0.21,False
firm_7,81,10.0,191.75,31,0,359,282159.44,1738.6,3590.0,1851.4,359,2.6,0.11,False
firm_7,82,10.0,210.92,31,0,359,277259.52,1738.6,3590.0,1851.4,359,2.6,0.21,False
firm_7,83,10.5,221.47,31,0,359,272094.1,1900.15,3769.5,1869.35,359,2.65,0.21,False
firm_7,84,11.55,199.32,32,0,370,267350.36,2334.5,4273.5,1939.0,370,2.7,0.21,False
firm_7,85,10.4,199.32,33,0,382,262250.2,1977.4,3972.8,1995.4,382,2.7,0.21,False
firm_7,86,10.92,199.32,32,0,370,257973.36,2101.4,4040.4,1939.0,370,2.7,0.11,False
firm_7,87,11.47,179.39,33,0,382,253720.53,2367.04,4381.54,2014.5,382,2.75,0.1,False
firm_7,88,12.62,188.36,34,0,393,249489.55,2873.26,4959.66,2086.4,393,2.8,0.1,False
firm_7,89,13.88,178.94,35,0,405,245883.8,3457.15,5621.4,2164.25,405,2.85,0.2,False
firm_7,90,12.49,161.05,36,0,416,242343.44,2957.44,5195.84,2238.4,416,2.9,0.2,False
firm_7,91,13.74,169.1,35,0,405,239805.14,3380.2,5564.7,2184.5,405,2.9,0.2,False
firm_7,92,13.74,169.1,34,0,393,237329.86,3274.12,5399.82,2125.7,393,2.9,0.2,False
firm_7,93,12.37,169.1,35,0,405,233416.46,2805.1,5009.85,2204.75,405,2.95,0.3,False
firm_7,94,11.13,177.56,34,0,393,229388.51,2209.09,4374.09,2165.0,393,3.0,0.2,False
firm_7,95,11.13,159.8,34,0,393,225944.75,2189.44,4374.09,2184.65,393,3.05,0.1,False
firm_7,96,10.02,175.78,33,0,382,221523.45,1679.44,3827.64,2148.2,382,3.1,0.2,False
firm_7,97,10.52,184.57,34,0,393,216678.13,1930.06,4134.36,2204.3,393,3.1,0.1,False
firm_7,98,10.0,184.57,35,0,405,211282.43,1764.25,4050.0,2285.75,405,3.15,0.1,False
firm_7,99,10.0,184.57,36,0,417,205739.51,1801.6,4170.0,2368.4,417,3.2,0.1,False
firm_7,100,10.0,166.11,36,0,415,201330.8,1771.25,4150.0,2378.75,415,3.25,0.1,False
firm_7,101,10.0,149.5,36,0,415,197399.3,1750.5,4150.0,2399.5,415,3.3,0.2,False
firm_7,102,10.0,156.98,35,0,403,193599.1,1694.1,4030.0,2335.9,403,3.3,0.1,False
firm_7,103,10.0,172.68,35,0,405,189258.8,1703.5,4050.0,2346.5,405,3.3,0.1,False
firm_7,104,10.0,172.68,35,0,405,184918.5,1703.5,4050.0,2346.5,405,3.3,0.1,False
firm_7,105,10.0,172.68,36,0,416,179957.22,1755.2,4160.0,2404.8,416,3.3,0.1,False
firm_7,106,10.0,155.41,37,0,426,175287.95,1780.9,4260.0,2479.1,426,3.35,0.1,False
firm_7,107,10.0,170.95,38,0,440,169815.85,1824.0,4400.0,2576.0,440,3.4,0.2,False
firm_7,108,10.5,179.5,37,0,426,164925.65,1951.3,4473.0,2521.7,426,3.45,0.2,False
firm_7,109,10.0,188.48,37,0,426,159468.89,1717.0,4260.0,2543.0,426,3.5,0.1,False
firm_7,110,10.0,169.63,37,0,426,154688.28,1695.7,4260.0,2564.3,426,3.55,0.1,False
firm_7,111,10.5,152.67,37,0,426,150726.89,1887.4,4473.0,2585.6,426,3.6,0.1,False
firm_7,112,10.0,160.3,36,0,414,146356.99,1600.9,4140.0,2539.1,414,3.65,0.1,False
firm_7,113,10.5,168.32,37,0,426,141273.95,1844.8,4473.0,2628.2,426,3.7,0.1,False
firm_7,114,11.02,168.32,37,0,426,136891.13,2045.02,4694.52,2649.5,426,3.75,0.1,False
firm_7,115,10.0,151.49,38,0,438,132296.01,1661.5,4380.0,2718.5,438,3.75,0.1,False
firm_7,116,10.0,159.06,38,0,438,127591.33,1639.6,4380.0,2740.4,438,3.8,0.2,False
firm_7,117,10.0,167.01,37,0,426,122679.86,1567.9,4260.0,2692.1,426,3.85,0.3,False
firm_7,118,10.5,175.36,37,0,426,117651.14,1759.6,4473.0,2713.4,426,3.9,0.4,False
firm_7,119,10.5,192.9,38,0,438,111635.74,1814.8,4599.0,2784.2,438,3.9,0.3,False
firm_7,120,10.0,212.19,39,0,451,104509.43,1649.1,4510.0,2860.9,451,3.9,0.3,False
firm_7,121,10.0,222.8,40,0,465,96803.93,1706.5,4650.0,2943.5,465,3.9,0.2,False
firm_7,122,10.0,233.94,41,0,477,88244.24,1731.85,4770.0,3038.15,477,3.95,0.2,False
firm_7,123,11.0,245.64,40,0,465,80243.64,2125.0,5115.0,2990.0,465,4.0,0.3,False
firm_7,124,10.0,233.36,39,0,451,72746.6,1604.0,4510.0,2906.0,451,4.0,0.3,False
firm_7,125,10.0,210.02,38,0,440,66325.84,1560.0,4400.0,2840.0,440,4.0,0.2,False
firm_7,126,10.0,231.02,37,0,428,59290.1,1512.0,4280.0,2768.0,428,4.0,0.2,False
firm_7,127,10.0,242.57,37,0,430,51735.01,1520.0,4300.0,2780.0,430,4.0,0.3,False
firm_7,128,10.5,254.7,37,0,428,44037.11,1726.0,4494.0,2768.0,428,4.0,0.3,False
firm_7,129,10.0,254.7,38,0,442,35426.51,1568.0,4420.0,2852.0,442,4.0,0.2,False
firm_7,130,10.0,280.17,39,0,453,25611.88,1612.0,4530.0,2918.0,453,4.0,0.1,False
firm_7,131,10.0,308.19,39,0,453,15104.47,1612.0,4530.0,2918.0,453,4.0,0.2,False
firm_7,132,10.5,308.19,40,0,465,3946.12,1869.25,4882.5,3013.25,465,4.05,0.2,False
firm_7,133,10.0,277.37,41,0,474,-6477.45,1648.6,4740.0,3091.4,474,4.1,0.1,True
firm_7,134,10.0,277.37,41,0,474,-6477.45,1648.6,4740.0,3091.4,474,4.1,0.1,True
firm_7,135,10.0,277.37,41,0,474,-6477.45,1648.6,4740.0,3091.4,474,4.1,0.1,True
firm_7,136,10.0,277.37,41,0,474,-6477.45,1648.6,4740.0,3091.4,474,4.1,0.1,True
firm_7,137,10.0,277.37,41,0,474,-6477.45,1648.6,4740.0,3091.4,474,4.1,0.1,True
firm_7,138,10.0,277.37,41,0,474,-6477.45,1648.6,4740.0,3091.4,474,4.1,0.1,True
firm_7,139,10.0,277.37,41,0,474,-6477.45,1648.6,4740.0,3091.4,474,4.1,0.1,True
firm_7,140,10.0,277.37,41,0,474,-6477.45,1648.6,4740.0,3091.4,474,4.1,0.1,True
firm_7,141,10.0,277.37,41,0,474,-6477.45,1648.6,4740.0,3091.4,474,4.1,0.1,True
firm_7,142,10.0,277.37,41,0,474,-6477.45,1648.6,4740.0,3091.4,474,4.1,0.1,True
firm_7,143,10.0,277.37,41,0,474,-6477.45,1648.6,4740.0,3091.4,474,4.1,0.1,True
firm_7,144,10.0,277.37,41,0,474,-6477.45,1648.6,4740.0,3091.4,474,4.1,0.1,True
firm_7,145,10.0,277.37,41,0,474,-6477.45,1648.6,4740.0,3091.4,474,4.1,0.1,True
firm_7,146,10.0,277.37,41,0,474,-6477.45,1648.6,4740.0,3091.4,474,4.1,0.1,True
firm_7,147,10.0,277.37,41,0,474,-6477.45,1648.6,4740.0,3091.4,474,4.1,0.1,True
firm_7,148,10.0,277.37,41,0,474,-6477.45,1648.6,4740.0,3091.4,474,4.1,0.1,True
firm_7,149,10.0,277.37,41,0,474,-6477.45,1648.6,4740.0,3091.4,474,4.1,0.1,True
firm_7,150,10.0,277.37,41,0,474,-6477.45,1648.6,4740.0,3091.4,474,4.1,0.1,True
firm_7,151,10.0,277.37,41,0,474,-6477.45,1648.6,4740.0,3091.4,474,4.1,0.1,True
firm_7,152,10.0,277.37,41,0,474,-6477.45,1648.6,4740.0,3091.4,474,4.1,0.1,True
firm_7,153,10.0,277.37,41,0,474,-6477.45,1648.6,4740.0,3091.4,474,4.1,0.1,True
firm_7,154,10.0,277.37,41,0,474,-6477.45,1648.6,4740.0,3091.4,474,4.1,0.1,True
firm_7,155,10.0,277.37,41,0,474,-6477.45,1648.6,4740.0,3091.4,474,4.1,0.1,True
firm_7,156,10.0,277.37,41,0,474,-6477.45,1648.6,4740.0,3091.4,474,4.1,0.1,True
firm_7,157,10.0,277.37,41,0,474,-6477.45,1648.6,4740.0,3091.4,474,4.1,0.1,True
firm_7,158,10.0,277.37,41,0,474,-6477.45,1648.6,4740.0,3091.4,474,4.1,0.1,True
firm_7,159,10.0,277.37,41,0,474,-6477.45,1648.6,4740.0,3091.4,474,4.1,0.1,True
firm_7,160,10.0,277.37,41,0,474,-6477.45,1648.6,4740.0,3091.4,474,4.1,0.1,True
firm_7,161,10.0,277.37,41,0,474,-6477.45,1648.6,4740.0,3091.4,474,4.1,0.1,True
firm_7,162,10.0,277.37,41,0,474,-6477.45,1648.6,4740.0,3091.4,474,4.1,0.1,True
firm_7,163,10.0,277.37,41,0,474,-6477.45,1648.6,4740.0,3091.4,474,4.1,0.1,True
firm_7,164,10.0,277.37,41,0,474,-6477.45,1648.6,4740.0,3091.4,474,4.1,0.1,True
firm_7,165,10.0,277.37,41,0,474,-6477.45,1648.6,4740.0,3091.4,474,4.1,0.1,True
firm_7,166,10.0,277.37,41,0,474,-6477.45,1648.6,4740.0,3091.4,474,4.1,0.1,True
firm_7,167,10.0,277.37,41,0,474,-6477.45,1648.6,4740.0,3091.4,474,4.1,0.1,True
firm_7,168,10.0,277.37,41,0,474,-6477.45,1648.6,4740.0,3091.4,474,4.1,0.1,True
firm_7,169,10.0,277.37,41,0,474,-6477.45,1648.6,4740.0,3091.4,474,4.1,0.1,True
firm_7,170,10.0,277.37,41,0,474,-6477.45,1648.6,4740.0,3091.4,474,4.1,0.1,True
firm_7,171,10.0,277.37,41,0,474,-6477.45,1648.6,4740.0,3091.4,474,4.1,0.1,True
firm_7,172,10.0,277.37,41,0,474,-6477.45,1648.6,4740.0,3091.4,474,4.1,0.1,True
firm_7,173,10.0,277.37,41,0,474,-6477.45,1648.6,4740.0,3091.4,474,4.1,0.1,True
firm_7,174,10.0,277.37,41,0,474,-6477.45,1648.6,4740.0,3091.4,474,4.1,0.1,True
firm_7,175,10.0,277.37,41,0,474,-6477.45,1648.6,4740.0,3091.4,474,4.1,0.1,True
firm_7,176,10.0,277.37,41,0,474,-6477.45,1648.6,4740.0,3091.4,474,4.1,0.1,True
firm_7,177,10.0,277.37,41,0,474,-6477.45,1648.6,4740.0,3091.4,474,4.1,0.1,True
firm_7,178,10.0,277.37,41,0,474,-6477.45,1648.6,4740.0,3091.4,474,4.1,0.1,True
firm_7,179,10.0,277.37,41,0,474,-6477.45,1648.6,4740.0,3091.4,474,4.1,0.1,True
firm_7,180,10.0,277.37,41,0,474,-6477.45,1648.6,4740.0,3091.4,474,4.1,0.1,True
firm_7,181,10.0,277.37,41,0,474,-6477.45,1648.6,4740.0,3091.4,474,4.1,0.1,True
firm_7,182,10.0,277.37,41,0,474,-6477.45,1648.6,4740.0,3091.4,474,4.1,0.1,True
firm_7,183,10.0,277.37,41,0,474,-6477.45,1648.6,4740.0,3091.4,474,4.1,0.1,True
firm_7,184,10.0,277.37,41,0,474,-6477.45,1648.6,4740.0,3091.4,474,4.1,0.1,True
firm_7,185,10.0,277.37,41,0,474,-6477.45,1648.6,4740.0,3091.4,474,4.1,0.1,True
firm_7,186,10.0,277.37,41,0,474,-6477.45,1648.6,4740.0,3091.4,474,4.1,0.1,True
firm_7,187,10.0,277.37,41,0,474,-6477.45,1648.6,4740.0,3091.4,474,4.1,0.1,True
firm_7,188,10.0,277.37,41,0,474,-6477.45,1648.6,4740.0,3091.4,474,4.1,0.1,True
firm_7,189,10.0,277.37,41,0,474,-6477.45,1648.6,4740.0,3091.4,474,4.1,0.1,True
firm_7,190,10.0,277.37,41,0,474,-6477.45,1648.6,4740.0,3091.4,474,4.1,0.1,True
firm_7,191,10.0,277.37,41,0,474,-6477.45,1648.6,4740.0,3091.4,474,4.1,0.1,True
firm_7,192,10.0,277.37,41,0,474,-6477.45,1648.6,4740.0,3091.4,474,4.1,0.1,True
firm_7,193,10.0,277.37,41,0,474,-6477.45,1648.6,4740.0,3091.4,474,4.1,0.1,True
firm_7,194,10.0,277.37,41,0,474,-6477.45,1648.6,4740.0,3091.4,474,4.1,0.1,True
firm_7,195,10.0,277.37,41,0,474,-6477.45,1648.6,4740.0,3091.4,474,4.1,0.1,True
firm_7,196,10.0,277.37,41,0,474,-6477.45,1648.6,4740.0,3091.4,474,4.1,0.1,True
firm_7,197,10.0,277.37,41,0,474,-6477.45,1648.6,4740.0,3091.4,474,4.1,0.1,True
firm_7,198,10.0,277.37,41,0,474,-6477.45,1648.6,4740.0,3091.4,474,4.1,0.1,True
firm_7,199,10.0,277.37,41,0,474,-6477.45,1648.6,4740.0,3091.4,474,4.1,0.1,True
firm_7,200,10.0,277.37,41,0,474,-6477.45,1648.6,4740.0,3091.4,474,4.1,0.1,True
firm_7,201,10.0,277.37,41,0,474,-6477.45,1648.6,4740.0,3091.4,474,4.1,0.1,True
firm_7,202,10.0,277.37,41,0,474,-6477.45,1648.6,4740.0,3091.4,474,4.1,0.1,True
firm_7,203,10.0,277.37,41,0,474,-6477.45,1648.6,4740.0,3091.4,474,4.1,0.1,True
firm_7,204,10.0,277.37,41,0,474,-6477.45,1648.6,4740.0,3091.4,474,4.1,0.1,True
firm_7,205,10.0,277.37,41,0,474,-6477.45,1648.6,4740.0,3091.4,474,4.1,0.1,True
firm_7,206,10.0,277.37,41,0,474,-6477.45,1648.6,4740.0,3091.4,474,4.1,0.1,True
firm_7,207,10.0,277.37,41,0,474,-6477.45,1648.6,4740.0,3091.4,474,4.1,0.1,True
firm_7,208,10.0,277.37,41,0,474,-6477.45,1648.6,4740.0,3091.4,474,4.1,0.1,True
firm_7,209,10.0,277.37,41,0,474,-6477.45,1648.6,4740.0,3091.4,474,4.1,0.1,True
firm_7,210,10.0,277.37,41,0,474,-6477.45,1648.6,4740.0,3091.4,474,4.1,0.1,True
firm_7,211,10.0,277.37,41,0,474,-6477.45,1648.6,4740.0,3091.4,474,4.1,0.1,True
firm_7,212,10.0,277.37,41,0,474,-6477.45,1648.6,4740.0,3091.4,474,4.1,0.1,True
firm_7,213,10.0,277.37,41,0,474,-6477.45,1648.6,4740.0,3091.4,474,4.1,0.1,True
firm_7,214,10.0,277.37,41,0,474,-6477.45,1648.6,4740.0,3091.4,474,4.1,0.1,True
firm_7,215,10.0,277.37,41,0,474,-6477.45,1648.6,4740.0,3091.4,474,4.1,0.1,True
firm_7,216,10.0,277.37,41,0,474,-6477.45,1648.6,4740.0,3091.4,474,4.1,0.1,True
firm_7,217,10.0,277.37,41,0,474,-6477.45,1648.6,4740.0,3091.4,474,4.1,0.1,True
firm_7,218,10.0,277.37,41,0,474,-6477.45,1648.6,4740.0,3091.4,474,4.1,0.1,True
firm_7,219,10.0,277.37,41,0,474,-6477.45,1648.6,4740.0,3091.4,474,4.1,0.1,True
firm_7,220,10.0,277.37,41,0,474,-6477.45,1648.6,4740.0,3091.4,474,4.1,0.1,True
firm_7,221,10.0,277.37,41,0,474,-6477.45,1648.6,4740.0,3091.4,474,4.1,0.1,True
firm_7,222,10.0,277.37,41,0,474,-6477.45,1648.6,4740.0,3091.4,474,4.1,0.1,True
firm_7,223,10.0,277.37,41,0,474,-6477.45,1648.6,4740.0,3091.4,474,4.1,0.1,True
firm_7,224,10.0,277.37,41,0,474,-6477.45,1648.6,4740.0,3091.4,474,4.1,0.1,True
firm_7,225,10.0,277.37,41,0,474,-6477.45,1648.6,4740.0,3091.4,474,4.1,0.1,True
firm_7,226,10.0,277.37,41,0,474,-6477.45,1648.6,4740.0,3091.4,474,4.1,0.1,True
firm_7,227,10.0,277.37,41,0,474,-6477.45,1648.6,4740.0,3091.4,474,4.1,0.1,True
firm_7,228,10.0,277.37,41,0,474,-6477.45,1648.6,4740.0,3091.4,474,4.1,0.1,True
firm_7,229,10.0,277.37,41,0,474,-6477.45,1648.6,4740.0,3091.4,474,4.1,0.1,True
firm_7,230,10.0,277.37,41,0,474,-6477.45,1648.6,4740.0,3091.4,474,4.1,0.1,True
firm_7,231,10.0,277.37,41,0,474,-6477.45,1648.6,4740.0,3091.4,474,4.1,0.1,True
firm_7,232,10.0,277.37,41,0,474,-6477.45,1648.6,4740.0,3091.4,474,4.1,0.1,True
firm_7,233,10.0,277.37,41,0,474,-6477.45,1648.6,4740.0,3091.4,474,4.1,0.1,True
firm_7,234,10.0,277.37,41,0,474,-6477.45,1648.6,4740.0,3091.4,474,4.1,0.1,True
firm_7,235,10.0,277.37,41,0,474,-6477.45,1648.6,4740.0,3091.4,474,4.1,0.1,True
firm_7,236,10.0,277.37,41,0,474,-6477.45,1648.6,4740.0,3091.4,474,4.1,0.1,True
firm_7,237,10.0,277.37,41,0,474,-6477.45,1648.6,4740.0,3091.4,474,4.1,0.1,True
firm_7,238,10.0,277.37,41,0,474,-6477.45,1648.6,4740.0,3091.4,474,4.1,0.1,True
firm_7,239,10.0,277.37,41,0,474,-6477.45,1648.6,4740.0,3091.4,474,4.1,0.1,True
firm_7,240,10.0,277.37,41,0,474,-6477.45,1648.6,4740.0,3091.4,474,4.1,0.1,True
firm_7,241,10.0,277.37,41,0,474,-6477.45,1648.6,4740.0,3091.4,474,4.1,0.1,True
firm_7,242,10.0,277.37,41,0,474,-6477.45,1648.6,4740.0,3091.4,474,4.1,0.1,True
firm_7,243,10.0,277.37,41,0,474,-6477.45,1648.6,4740.0,3091.4,474,4.1,0.1,True
firm_7,244,10.0,277.37,41,0,474,-6477.45,1648.6,4740.0,3091.4,474,4.1,0.1,True
firm_7,245,10.0,277.37,41,0,474,-6477.45,1648.6,4740.0,3091.4,474,4.1,0.1,True
firm_7,246,10.0,277.37,41,0,474,-6477.45,1648.6,4740.0,3091.4,474,4.1,0.1,True
firm_7,247,10.0,277.37,41,0,474,-6477.45,1648.6,4740.0,3091.4,474,4.1,0.1,True
firm_7,248,10.0,277.37,41,0,474,-6477.45,1648.6,4740.0,3091.4,474,4.1,0.1,True
firm_7,249,10.0,277.37,41,0,474,-6477.45,1648.6,4740.0,3091.4,474,4.1,0.1,True
firm_7,250,10.0,277.37,41,0,474,-6477.45,1648.6,4740.0,3091.4,474,4.1,0.1,True
firm_7,251,10.0,277.37,41,0,474,-6477.45,1648.6,4740.0,3091.4,474,4.1,0.1,True
firm_7,252,10.0,277.37,41,0,474,-6477.45,1648.6,4740.0,3091.4,474,4.1,0.1,True
firm_7,253,10.0,277.37,41,0,474,-6477.45,1648.6,4740.0,3091.4,474,4.1,0.1,True
firm_7,254,10.0,277.37,41,0,474,-6477.45,1648.6,4740.0,3091.4,474,4.1,0.1,True
firm_7,255,10.0,277.37,41,0,474,-6477.45,1648.6,4740.0,3091.4,474,4.1,0.1,True
firm_7,256,10.0,277.37,41,0,474,-6477.45,1648.6,4740.0,3091.4,474,4.1,0.1,True
firm_7,257,10.0,277.37,41,0,474,-6477.45,1648.6,4740.0,3091.4,474,4.1,0.1,True
firm_7,258,10.0,277.37,41,0,474,-6477.45,1648.6,4740.0,3091.4,474,4.1,0.1,True
firm_7,259,10.0,277.37,41,0,474,-6477.45,1648.6,4740.0,3091.4,474,4.1,0.1,True
firm_7,260,10.0,277.37,41,0,474,-6477.45,1648.6,4740.0,3091.4,474,4.1,0.1,True
firm_7,261,10.0,277.37,41,0,474,-6477.45,1648.6,4740.0,3091.4,474,4.1,0.1,True
firm_7,262,10.0,277.37,41,0,474,-6477.45,1648.6,4740.0,3091.4,474,4.1,0.1,True
firm_7,263,10.0,277.37,41,0,474,-6477.45,1648.6,4740.0,3091.4,474,4.1,0.1,True
firm_7,264,10.0,277.37,41,0,474,-6477.45,1648.6,4740.0,3091.4,474,4.1,0.1,True
firm_7,265,10.0,277.37,41,0,474,-6477.45,1648.6,4740.0,3091.4,474,4.1,0.1,True
firm_7,266,10.0,277.37,41,0,474,-6477.45,1648.6,4740.0,3091.4,474,4.1,0.1,True
firm_7,267,10.0,277.37,41,0,474,-6477.45,1648.6,4740.0,3091.4,474,4.1,0.1,True
firm_7,268,10.0,277.37,41,0,474,-6477.45,1648.6,4740.0,3091.4,474,4.1,0.1,True
firm_7,269,10.0,277.37,41,0,474,-6477.45,1648.6,4740.0,3091.4,474,4.1,0.1,True
firm_7,270,10.0,277.37,41,0,474,-6477.45,1648.6,4740.0,3091.4,474,4.1,0.1,True
firm_7,271,10.0,277.37,41,0,474,-6477.45,1648.6,4740.0,3091.4,474,4.1,0.1,True
firm_7,272,10.0,277.37,41,0,474,-6477.45,1648.6,4740.0,3091.4,474,4.1,0.1,True
firm_7,273,10.0,277.37,41,0,474,-6477.45,1648.6,4740.0,3091.4,474,4.1,0.1,True
firm_7,274,10.0,277.37,41,0,474,-6477.45,1648.6,4740.0,3091.4,474,4.1,0.1,True
firm_7,275,10.0,277.37,41,0,474,-6477.45,1648.6,4740.0,3091.4,474,4.1,0.1,True
firm_7,276,10.0,277.37,41,0,474,-6477.45,1648.6,4740.0,3091.4,474,4.1,0.1,True
firm_7,277,10.0,277.37,41,0,474,-6477.45,1648.6,4740.0,3091.4,474,4.1,0.1,True
firm_7,278,10.0,277.37,41,0,474,-6477.45,1648.6,4740.0,3091.4,474,4.1,0.1,True
firm_7,279,10.0,277.37,41,0,474,-6477.45,1648.6,4740.0,3091.4,474,4.1,0.1,True
firm_7,280,10.0,277.37,41,0,474,-6477.45,1648.6,4740.0,3091.4,474,4.1,0.1,True
firm_7,281,10.0,277.37,41,0,474,-6477.45,1648.6,4740.0,3091.4,474,4.1,0.1,True
firm_7,282,10.0,277.37,41,0,474,-6477.45,1648.6,4740.0,3091.4,474,4.1,0.1,True
firm_7,283,10.0,277.37,41,0,474,-6477.45,1648.6,4740.0,3091.4,474,4.1,0.1,True
firm_7,284,10.0,277.37,41,0,474,-6477.45,1648.6,4740.0,3091.4,474,4.1,0.1,True
firm_7,285,10.0,277.37,41,0,474,-6477.45,1648.6,4740.0,3091.4,474,4.1,0.1,True
firm_7,286,10.0,277.37,41,0,474,-6477.45,1648.6,4740.0,3091.4,474,4.1,0.1,True
firm_7,287,10.0,277.37,41,0,474,-6477.45,1648.6,4740.0,3091.4,474,4.1,0.1,True
firm_7,288,10.0,277.37,41,0,474,-6477.45,1648.6,4740.0,3091.4,474,4.1,0.1,True
firm_7,289,10.0,277.37,41,0,474,-6477.45,1648.6,4740.0,3091.4,474,4.1,0.1,True
firm_7,290,10.0,277.37,41,0,474,-6477.45,1648.6,4740.0,3091.4,474,4.1,0.1,True
firm_7,291,10.0,277.37,41,0,474,-6477.45,1648.6,4740.0,3091.4,474,4.1,0.1,True
firm_7,292,10.0,277.37,41,0,474,-6477.45,1648.6,4740.0,3091.4,474,4.1,0.1,True
firm_7,293,10.0,277.37,41,0,474,-6477.45,1648.6,4740.0,3091.4,474,4.1,0.1,True
firm_7,294,10.0,277.37,41,0,474,-6477.45,1648.6,4740.0,3091.4,474,4.1,0.1,True
firm_7,295,10.0,277.37,41,0,474,-6477.45,1648.6,4740.0,3091.4,474,4.1,0.1,True
firm_7,296,10.0,277.37,41,0,474,-6477.45,1648.6,4740.0,3091.4,474,4.1,0.1,True
firm_7,297,10.0,277.37,41,0,474,-6477.45,1648.6,4740.0,3091.4,474,4.1,0.1,True
firm_7,298,10.0,277.37,41,0,474,-6477.45,1648.6,4740.0,3091.4,474,4.1,0.1,True
firm_7,299,10.0,277.37,41,0,474,-6477.45,1648.6,4740.0,3091.4,474,4.1,0.1,True
firm_7,300,10.0,277.37,41,0,474,-6477.45,1648.6,4740.0,3091.4,474,4.1,0.1,True
firm_7,301,10.0,277.37,41,0,474,-6477.45,1648.6,4740.0,3091.4,474,4.1,0.1,True
firm_7,302,10.0,277.37,41,0,474,-6477.45,1648.6,4740.0,3091.4,474,4.1,0.1,True
firm_7,303,10.0,277.37,41,0,474,-6477.45,1648.6,4740.0,3091.4,474,4.1,0.1,True
firm_7,304,10.0,277.37,41,0,474,-6477.45,1648.6,4740.0,3091.4,474,4.1,0.1,True
firm_7,305,10.0,277.37,41,0,474,-6477.45,1648.6,4740.0,3091.4,474,4.1,0.1,True
firm_7,306,10.0,277.37,41,0,474,-6477.45,1648.6,4740.0,3091.4,474,4.1,0.1,True
firm_7,307,10.0,277.37,41,0,474,-6477.45,1648.6,4740.0,3091.4,474,4.1,0.1,True
firm_7,308,10.0,277.37,41,0,474,-6477.45,1648.6,4740.0,3091.4,474,4.1,0.1,True
firm_7,309,10.0,277.37,41,0,474,-6477.45,1648.6,4740.0,3091.4,474,4.1,0.1,True
firm_7,310,10.0,277.37,41,0,474,-6477.45,1648.6,4740.0,3091.4,474,4.1,0.1,True
firm_7,311,10.0,277.37,41,0,474,-6477.45,1648.6,4740.0,3091.4,474,4.1,0.1,True
firm_7,312,10.0,277.37,41,0,474,-6477.45,1648.6,4740.0,3091.4,474,4.1,0.1,True
firm_7,313,10.0,277.37,41,0,474,-6477.45,1648.6,4740.0,3091.4,474,4.1,0.1,True
firm_7,314,10.0,277.37,41,0,474,-6477.45,1648.6,4740.0,3091.4,474,4.1,0.1,True
firm_7,315,10.0,277.37,41,0,474,-6477.45,1648.6,4740.0,3091.4,474,4.1,0.1,True
firm_7,316,10.0,277.37,41,0,474,-6477.45,1648.6,4740.0,3091.4,474,4.1,0.1,True
firm_7,317,10.0,277.37,41,0,474,-6477.45,1648.6,4740.0,3091.4,474,4.1,0.1,True
firm_7,318,10.0,277.37,41,0,474,-6477.45,1648.6,4740.0,3091.4,474,4.1,0.1,True
firm_7,319,10.0,277.37,41,0,474,-6477.45,1648.6,4740.0,3091.4,474,4.1,0.1,True
firm_7,320,10.0,277.37,41,0,474,-6477.45,1648.6,4740.0,3091.4,474,4.1,0.1,True
firm_7,321,10.0,277.37,41,0,474,-6477.45,1648.6,4740.0,3091.4,474,4.1,0.1,True
firm_7,322,10.0,277.37,41,0,474,-6477.45,1648.6,4740.0,3091.4,474,4.1,0.1,True
firm_7,323,10.0,277.37,41,0,474,-6477.45,1648.6,4740.0,3091.4,474,4.1,0.1,True
firm_7,324,10.0,277.37,41,0,474,-6477.45,1648.6,4740.0,3091.4,474,4.1,0.1,True
firm_7,325,10.0,277.37,41,0,474,-6477.45,1648.6,4740.0,3091.4,474,4.1,0.1,True
firm_7,326,10.0,277.37,41,0,474,-6477.45,1648.6,4740.0,3091.4,474,4.1,0.1,True
firm_7,327,10.0,277.37,41,0,474,-6477.45,1648.6,4740.0,3091.4,474,4.1,0.1,True
firm_7,328,10.0,277.37,41,0,474,-6477.45,1648.6,4740.0,3091.4,474,4.1,0.1,True
firm_7,329,10.0,277.37,41,0,474,-6477.45,1648.6,4740.0,3091.4,474,4.1,0.1,True
firm_7,330,10.0,277.37,41,0,474,-6477.45,1648.6,4740.0,3091.4,474,4.1,0.1,True
firm_7,331,10.0,277.37,41,0,474,-6477.45,1648.6,4740.0,3091.4,474,4.1,0.1,True
firm_7,332,10.0,277.37,41,0,474,-6477.45,1648.6,4740.0,3091.4,474,4.1,0.1,True
firm_7,333,10.0,277.37,41,0,474,-6477.45,1648.6,4740.0,3091.4,474,4.1,0.1,True
firm_7,334,10.0,277.37,41,0,474,-6477.45,1648.6,4740.0,3091.4,474,4.1,0.1,True
firm_7,335,10.0,277.37,41,0,474,-6477.45,1648.6,4740.0,3091.4,474,4.1,0.1,True
firm_7,336,10.0,277.37,41,0,474,-6477.45,1648.6,4740.0,3091.4,474,4.1,0.1,True
firm_7,337,10.0,277.37,41,0,474,-6477.45,1648.6,4740.0,3091.4,474,4.1,0.1,True
firm_7,338,10.0,277.37,41,0,474,-6477.45,1648.6,4740.0,3091.4,474,4.1,0.1,True
firm_7,339,10.0,277.37,41,0,474,-6477.45,1648.6,4740.0,3091.4,474,4.1,0.1,True
firm_7,340,10.0,277.37,41,0,474,-6477.45,1648.6,4740.0,3091.4,474,4.1,0.1,True
firm_7,341,10.0,277.37,41,0,474,-6477.45,1648.6,4740.0,3091.4,474,4.1,0.1,True
firm_7,342,10.0,277.37,41,0,474,-6477.45,1648.6,4740.0,3091.4,474,4.1,0.1,True
firm_7,343,10.0,277.37,41,0,474,-6477.45,1648.6,4740.0,3091.4,474,4.1,0.1,True
firm_7,344,10.0,277.37,41,0,474,-6477.45,1648.6,4740.0,3091.4,474,4.1,0.1,True
firm_7,345,10.0,277.37,41,0,474,-6477.45,1648.6,4740.0,3091.4,474,4.1,0.1,True
firm_7,346,10.0,277.37,41,0,474,-6477.45,1648.6,4740.0,3091.4,474,4.1,0.1,True
firm_7,347,10.0,277.37,41,0,474,-6477.45,1648.6,4740.0,3091.4,474,4.1,0.1,True
firm_7,348,10.0,277.37,41,0,474,-6477.45,1648.6,4740.0,3091.4,474,4.1,0.1,True
firm_7,349,10.0,277.37,41,0,474,-6477.45,1648.6,4740.0,3091.4,474,4.1,0.1,True
firm_7,350,10.0,277.37,41,0,474,-6477.45,1648.6,4740.0,3091.4,474,4.1,0.1,True
firm_7,351,10.0,277.37,41,0,474,-6477.45,1648.6,4740.0,3091.4,474,4.1,0.1,True
firm_7,352,10.0,277.37,41,0,474,-6477.45,1648.6,4740.0,3091.4,474,4.1,0.1,True
firm_7,353,10.0,277.37,41,0,474,-6477.45,1648.6,4740.0,3091.4,474,4.1,0.1,True
firm_7,354,10.0,277.37,41,0,474,-6477.45,1648.6,4740.0,3091.4,474,4.1,0.1,True
firm_7,355,10.0,277.37,41,0,474,-6477.45,1648.6,4740.0,3091.4,474,4.1,0.1,True
firm_7,356,10.0,277.37,41,0,474,-6477.45,1648.6,4740.0,3091.4,474,4.1,0.1,True
firm_7,357,10.0,277.37,41,0,474,-6477.45,1648.6,4740.0,3091.4,474,4.1,0.1,True
firm_7,358,10.0,277.37,41,0,474,-6477.45,1648.6,4740.0,3091.4,474,4.1,0.1,True
firm_7,359,10.0,277.37,41,0,474,-6477.45,1648.6,4740.0,3091.4,474,4.1,0.1,True
firm_7,360,10.0,277.37,41,0,474,-6477.45,1648.6,4740.0,3091.4,474,4.1,0.1,True
firm_7,361,10.0,277.37,41,0,474,-6477.45,1648.6,4740.0,3091.4,474,4.1,0.1,True
firm_7,362,10.0,277.37,41,0,474,-6477.45,1648.6,4740.0,3091.4,474,4.1,0.1,True
firm_7,363,10.0,277.37,41,0,474,-6477.45,1648.6,4740.0,3091.4,474,4.1,0.1,True
firm_7,364,10.0,277.37,41,0,474,-6477.45,1648.6,4740.0,3091.4,474,4.1,0.1,True
firm_7,365,10.0,277.37,41,0,474,-6477.45,1648.6,4740.0,3091.4,474,4.1,0.1,True
firm_8,1,35.56,29.06,18,0,207,120790.31,6678.61,7360.92,682.31,207,0.33,0.57,False
firm_8,2,33.78,31.97,19,0,218,126028.08,6645.2,7364.04,718.84,218,0.38,0.67,False
firm_8,3,32.09,31.97,20,0,230,131521.98,6633.3,7380.7,747.4,230,0.38,0.57,False
firm_8,4,30.49,31.97,19,0,218,136531.63,5917.08,6646.82,729.74,218,0.43,0.67,False
firm_8,5,32.01,31.97,19,0,217,142043.06,6218.86,6946.17,727.31,217,0.43,0.77,False
firm_8,6,30.41,28.77,18,0,206,146989.08,5563.88,6264.46,700.58,206,0.43,0.87,False
firm_8,7,30.41,28.77,17,0,194,151728.11,5228.12,5899.54,671.42,194,0.43,0.87,False
firm_8,8,27.37,28.77,17,0,194,155667.68,4628.66,5309.78,681.12,194,0.48,0.87,False
firm_8,9,24.63,25.89,18,0,205,159042.41,4340.75,5049.15,708.4,205,0.48,0.77,False
firm_8,10,24.63,24.6,17,0,193,162599.16,4074.95,4753.59,678.64,193,0.48,0.87,False
firm_8,11,22.17,27.06,17,0,194,165549.3,3610.16,4300.98,690.82,194,0.53,0.87,False
firm_8,12,22.17,27.06,18,0,205,168178.17,3815.95,4544.85,728.9,205,0.58,0.77,False
firm_8,13,21.06,25.71,18,0,205,171093.54,3578.15,4317.3,739.15,205,0.63,0.77,False
firm_8,14,20.01,24.42,18,0,205,173706.63,3352.65,4102.05,749.4,205,0.68,0.87,False
firm_8,15,19.01,23.2,17,0,193,176163.92,2951.69,3668.93,717.24,193,0.68,0.97,False
firm_8,16,19.96,22.04,17,0,193,178714.63,3125.39,3852.28,726.89,193,0.73,0.87,False
firm_8,17,18.96,23.14,16,0,182,180889.15,2744.76,3450.72,705.96,182,0.78,0.77,False
firm_8,18,18.01,23.14,15,0,171,182737.83,2395.78,3079.71,683.93,171,0.83,0.67,False
firm_8,19,18.01,23.14,16,0,182,184221.25,2553.66,3277.82,724.16,182,0.88,0.67,False
firm_8,20,19.81,23.14,15,0,171,186260.63,2686.48,3387.51,701.03,171,0.93,0.77,False
firm_8,21,20.8,23.14,14,0,159,188370.05,2633.38,3307.2,673.82,159,0.98,0.77,False
firm_8,22,22.88,20.83,15,0,171,190551.95,3194.35,3912.48,718.13,171,1.03,0.77,False
firm_8,23,22.88,22.91,15,0,171,193194.1,3185.8,3912.48,726.68,171,1.08,0.67,False
firm_8,24,21.74,25.2,14,0,159,195508.24,2766.94,3456.66,689.72,159,1.08,0.77,False
firm_8,25,20.65,25.2,13,0,148,197373.6,2392.96,3056.2,663.24,148,1.13,0.77,False
firm_8,26,20.65,27.72,14,0,159,198971.2,2585.68,3283.35,697.67,159,1.13,0.87,False
firm_8,27,19.62,30.49,13,0,148,200507.95,2233.12,2903.76,670.64,148,1.18,0.97,False
firm_8,28,17.66,32.01,14,0,160,201468.61,2108.8,2825.6,716.8,160,1.23,0.87,False
firm_8,29,15.89,28.81,15,0,171,202292.77,1956.31,2717.19,760.88,171,1.28,0.77,False
firm_8,30,14.3,31.69,16,0,183,203002.39,1816.66,2616.9,800.24,183,1.28,0.87,False
firm_8,31,12.87,33.27,15,0,172,203952.82,1449.48,2213.64,764.16,172,1.28,0.87,False
firm_8,32,12.23,34.93,15,0,171,204550.77,1321.9,2091.33,769.43,171,1.33,0.87,False
firm_8,33,12.23,34.93,15,0,171,205348.72,1321.9,2091.33,769.43,171,1.33,0.77,False
firm_8,34,11.01,34.93,16,0,183,205186.13,1196.29,2014.83,818.54,183,1.38,0.87,False
firm_8,35,10.0,33.18,17,0,194,205206.35,1084.28,1940.0,855.72,194,1.38,0.77,False
firm_8,36,10.0,29.86,16,0,183,205740.05,1011.46,1830.0,818.54,183,1.38,0.67,False
firm_8,37,10.0,29.86,17,0,194,205607.01,1074.58,1940.0,865.42,194,1.43,0.67,False
firm_8,38,11.0,31.35,16,0,183,206081.57,1176.16,2013.0,836.84,183,1.48,0.67,False
firm_8,39,10.0,31.35,16,0,182,206566.61,986.64,1820.0,833.36,182,1.48,0.57,False
firm_8,40,10.5,28.22,17,0,193,206532.08,1145.21,2026.5,881.29,193,1.53,0.57,False
firm_8,41,10.0,29.63,17,0,193,206867.43,1039.06,1930.0,890.94,193,1.58,0.57,False
firm_8,42,10.0,31.11,17,0,193,207377.62,1039.06,1930.0,890.94,193,1.58,0.57,False
firm_8,43,10.5,28.0,18,0,205,207281.97,1208.35,2152.5,944.15,205,1.63,0.67,False
firm_8,44,11.02,30.8,19,0,216,207382.21,1385.44,2380.32,994.88,216,1.68,0.57,False
firm_8,45,10.47,27.72,20,0,228,207675.93,1348.12,2387.16,1039.04,228,1.68,0.57,False
firm_8,46,10.99,29.11,19,0,216,208191.0,1368.16,2373.84,1005.68,216,1.73,0.67,False
firm_8,47,10.99,32.02,19,0,216,208850.78,1368.16,2373.84,1005.68,216,1.73,0.77,False
firm_8,48,11.54,28.82,19,0,216,209479.36,1476.16,2492.64,1016.48,216,1.78,0.87,False
firm_8,49,12.12,28.82,18,0,204,210151.76,1491.16,2472.48,981.32,204,1.83,0.97,False
firm_8,50,10.91,28.82,17,0,193,210618.61,1156.79,2105.63,948.84,193,1.88,0.97,False
firm_8,51,10.36,27.38,18,0,204,210647.69,1121.92,2113.44,991.52,204,1.88,1.07,False
firm_8,52,11.4,24.64,19,0,215,210885.58,1406.05,2451.0,1044.95,215,1.93,0.97,False
firm_8,53,10.26,25.87,19,0,215,211455.0,1160.95,2205.9,1044.95,215,1.93,1.07,False
firm_8,54,10.77,24.58,19,0,215,212158.58,1270.6,2315.55,1044.95,215,1.93,1.17,False
firm_8,55,11.31,22.12,19,0,215,213025.0,1386.7,2431.65,1044.95,215,1.93,1.27,False
firm_8,56,11.88,19.91,20,0,226,213512.2,1585.4,2684.88,1099.48,226,1.98,1.17,False
firm_8,57,11.29,17.92,21,0,238,214175.66,1539.78,2687.02,1147.24,238,1.98,1.17,False
firm_8,58,10.73,17.02,21,0,238,214912.84,1394.6,2553.74,1159.14,238,2.03,1.27,False
firm_8,59,11.27,15.32,20,0,226,215731.38,1424.94,2547.02,1122.08,226,2.08,1.37,False
firm_8,60,10.71,15.32,20,0,226,216412.06,1287.08,2420.46,1133.38,226,2.13,1.47,False
firm_8,61,10.0,16.85,21,0,238,216655.27,1197.06,2380.0,1182.94,238,2.13,1.57,False
firm_8,62,10.5,16.85,22,0,249,216858.25,1373.68,2614.5,1240.82,249,2.18,1.67,False
firm_8,63,11.55,16.01,22,0,249,218141.16,1635.13,2875.95,1240.82,249,2.18,1.57,False
firm_8,64,10.4,14.41,21,0,238,218907.01,1268.46,2475.2,1206.74,238,2.23,1.57,False
firm_8,65,10.0,15.13,22,0,249,219310.88,1236.73,2490.0,1253.27,249,2.23,1.57,False
firm_8,66,10.5,14.37,21,0,238,220301.37,1292.26,2499.0,1206.74,238,2.23,1.57,False
firm_8,67,11.55,15.09,20,0,226,221242.59,1443.02,2610.3,1167.28,226,2.28,1.57,False
firm_8,68,12.13,14.34,21,0,238,221797.85,1656.4,2886.94,1230.54,238,2.33,1.67,False
firm_8,69,11.52,12.91,21,0,238,222826.06,1499.32,2741.76,1242.44,238,2.38,1.57,False
firm_8,70,10.37,13.56,22,0,249,223006.8,1279.06,2582.13,1303.07,249,2.43,1.67,False
firm_8,71,10.0,12.2,22,0,249,223712.88,1174.48,2490.0,1315.52,249,2.48,1.57,False
firm_8,72,10.0,11.59,23,0,260,223968.51,1222.2,2600.0,1377.8,260,2.53,1.57,False
firm_8,73,10.5,10.43,22,0,249,224925.58,1286.53,2614.5,1327.97,249,2.53,1.67,False
firm_8,74,11.55,10.95,23,0,260,225698.93,1625.2,3003.0,1377.8,260,2.53,1.77,False
firm_8,75,10.4,10.0,24,0,272,226141.97,1383.04,2828.8,1445.76,272,2.58,1.67,False
firm_8,76,10.4,10.0,24,0,272,227285.01,1383.04,2828.8,1445.76,272,2.58,1.57,False
firm_8,77,10.4,10.0,25,0,283,227882.07,1447.06,2943.2,1496.14,283,2.58,1.67,False
firm_8,78,10.0,11.0,24,0,272,228578.71,1260.64,2720.0,1459.36,272,2.63,1.77,False
firm_8,79,10.0,10.0,24,0,272,229599.35,1260.64,2720.0,1459.36,272,2.63,1.77,False
firm_8,80,10.0,10.0,24,0,272,230619.99,1260.64,2720.0,1459.36,272,2.63,1.67,False
firm_8,81,10.5,11.0,24,0,272,231752.63,1396.64,2856.0,1459.36,272,2.63,1.57,False
firm_8,82,11.55,12.1,24,0,272,232930.87,1668.64,3141.6,1472.96,272,2.68,1.47,False
firm_8,83,12.13,10.89,24,0,271,234274.91,1805.4,3287.23,1481.83,271,2.73,1.37,False
firm_8,84,12.74,10.0,23,0,260,235927.51,1882.6,3312.4,1429.8,260,2.73,1.37,False
firm_8,85,14.01,10.0,22,0,249,237605.78,2098.27,3488.49,1390.22,249,2.78,1.37,False
firm_8,86,12.61,10.0,21,0,237,239051.49,1655.71,2988.57,1332.86,237,2.78,1.37,False
firm_8,87,12.61,10.0,20,0,226,240421.07,1569.58,2849.86,1280.28,226,2.78,1.27,False
firm_8,88,11.35,10.5,19,0,214,241427.55,1205.98,2428.9,1222.92,214,2.78,1.17,False
firm_8,89,11.92,11.55,19,0,214,242536.06,1327.96,2550.88,1222.92,214,2.78,1.17,False
firm_8,90,13.11,12.71,19,0,214,243877.19,1582.62,2805.54,1222.92,214,2.78,1.17,False
firm_8,91,11.8,13.98,20,0,226,244272.81,1375.22,2666.8,1291.58,226,2.83,1.17,False
firm_8,92,12.98,13.28,21,0,237,245225.48,1731.55,3076.26,1344.71,237,2.83,1.07,False
firm_8,93,11.68,13.94,20,0,226,246294.78,1348.1,2639.68,1291.58,226,2.83,0.97,False
firm_8,94,11.1,14.64,19,0,214,246947.7,1131.08,2375.4,1244.32,214,2.88,0.87,False
firm_8,95,10.0,13.18,19,0,214,247492.96,895.68,2140.0,1244.32,214,2.88,0.97,False
firm_8,96,10.5,11.86,19,0,214,248170.3,1002.68,2247.0,1244.32,214,2.88,1.07,False
firm_8,97,11.02,13.05,20,0,226,248385.64,1176.34,2490.52,1314.18,226,2.93,0.97,False
firm_8,98,11.57,11.74,21,0,237,248912.78,1373.68,2742.09,1368.41,237,2.93,1.07,False
firm_8,99,10.99,11.74,21,0,237,249902.46,1236.22,2604.63,1368.41,237,2.93,1.07,False
firm_8,100,10.44,11.74,22,0,248,250310.66,1166.48,2589.12,1422.64,248,2.93,1.07,False
firm_8,101,10.44,12.91,22,0,248,251193.12,1166.48,2589.12,1422.64,248,2.93,1.07,False
firm_8,102,11.48,12.26,21,0,236,252069.66,1334.0,2709.28,1375.28,236,2.98,0.97,False
firm_8,103,10.91,11.03,21,0,236,252825.71,1187.68,2574.76,1387.08,236,3.03,0.87,False
firm_8,104,10.91,10.48,21,0,236,253581.51,1175.88,2574.76,1398.88,236,3.08,0.87,False
firm_8,105,10.0,10.0,21,0,236,254332.63,961.12,2360.0,1398.88,236,3.08,0.77,False
firm_8,106,10.0,10.0,21,0,236,254983.75,961.12,2360.0,1398.88,236,3.08,0.87,False
firm_8,107,10.0,10.0,21,0,236,255734.87,961.12,2360.0,1398.88,236,3.08,0.87,False
firm_8,108,10.5,10.0,22,0,248,255946.63,1131.76,2604.0,1472.24,248,3.13,0.87,False
firm_8,109,10.0,11.0,22,0,248,256712.39,1007.76,2480.0,1472.24,248,3.13,0.77,False
firm_8,110,10.0,11.0,21,0,236,257330.71,949.32,2360.0,1410.68,236,3.13,0.87,False
firm_8,111,10.5,11.55,20,0,225,258107.96,1008.25,2362.5,1354.25,225,3.13,0.77,False
firm_8,112,11.55,10.4,19,0,214,258873.54,1163.18,2471.7,1308.52,214,3.18,0.77,False
firm_8,113,12.13,10.4,19,0,214,259863.24,1287.3,2595.82,1308.52,214,3.18,0.87,False
firm_8,114,10.92,10.0,19,0,214,260601.6,1028.36,2336.88,1308.52,214,3.18,0.97,False
firm_8,115,11.47,10.0,18,0,203,261498.47,1076.87,2328.41,1251.54,203,3.18,0.97,False
firm_8,116,12.62,10.0,18,0,203,262318.64,1300.17,2561.86,1261.69,203,3.23,1.07,False
firm_8,117,11.99,10.0,17,0,191,263139.8,1091.16,2290.09,1198.93,191,3.23,1.17,False
firm_8,118,12.59,10.5,18,0,203,263744.88,1294.08,2555.77,1261.69,203,3.23,1.17,False
firm_8,119,11.33,11.02,17,0,192,264319.14,961.6,2175.36,1213.76,192,3.28,1.17,False
firm_8,120,11.33,12.12,16,0,180,264914.22,889.0,2039.4,1150.4,180,3.28,1.27,False
firm_8,121,12.46,12.12,17,0,192,265177.14,1168.96,2392.32,1223.36,192,3.33,1.27,False
firm_8,122,13.08,12.73,17,0,193,266156.48,1295.75,2524.44,1228.69,193,3.33,1.37,False
firm_8,123,11.77,12.73,17,0,193,266673.34,1033.27,2271.61,1238.34,193,3.38,1.47,False
firm_8,124,10.59,11.46,18,0,204,266829.9,862.84,2160.36,1297.52,204,3.38,1.47,False
firm_8,125,10.06,11.46,17,0,192,267124.04,688.96,1931.52,1242.56,192,3.43,1.47,False
firm_8,126,10.06,12.03,18,0,203,267147.39,739.89,2042.18,1302.29,203,3.43,1.47,False
firm_8,127,10.06,10.83,19,0,214,267021.74,780.12,2152.84,1372.72,214,3.48,1.47,False
firm_8,128,10.06,11.91,20,0,227,266811.85,828.31,2283.62,1455.31,227,3.53,1.57,False
firm_8,129,10.06,11.31,20,0,227,267313.96,828.31,2283.62,1455.31,227,3.53,1.67,False
firm_8,130,10.0,11.31,19,0,214,267544.95,745.88,2140.0,1394.12,214,3.58,1.77,False
firm_8,131,10.0,11.88,19,0,215,267758.78,739.55,2150.0,1410.45,215,3.63,1.87,False
firm_8,132,10.0,11.29,18,0,204,267936.84,681.28,2040.0,1358.72,204,3.68,1.97,False
firm_8,133,10.0,10.16,18,0,204,268335.24,681.28,2040.0,1358.72,204,3.68,2.07,False
firm_8,134,10.5,10.0,18,0,205,268943.34,788.1,2152.5,1364.4,205,3.68,2.07,False
firm_8,135,10.0,10.0,17,0,193,269197.45,624.11,1930.0,1305.89,193,3.73,1.97,False
firm_8,136,10.0,11.0,18,0,205,269074.8,675.35,2050.0,1374.65,205,3.73,2.07,False
firm_8,137,10.5,11.0,17,0,193,269508.41,720.61,2026.5,1305.89,193,3.73,2.17,False
firm_8,138,10.0,11.0,18,0,205,269385.76,675.35,2050.0,1374.65,205,3.73,2.27,False
firm_8,139,10.0,10.0,18,0,205,269881.11,675.35,2050.0,1374.65,205,3.73,2.27,False
firm_8,140,10.5,10.0,18,0,205,270268.71,767.6,2152.5,1384.9,205,3.78,2.27,False
firm_8,141,10.5,10.0,18,0,205,270646.06,757.35,2152.5,1395.15,205,3.83,2.17,False
firm_8,142,11.55,10.0,18,0,205,271438.66,972.6,2367.75,1395.15,205,3.83,2.07,False
firm_8,143,10.97,10.0,18,0,205,272112.36,853.7,2248.85,1395.15,205,3.83,2.07,False
firm_8,144,11.52,11.0,18,0,206,272786.5,972.14,2373.12,1400.98,206,3.83,2.17,False
firm_8,145,12.67,11.0,18,0,205,273580.45,1191.95,2597.35,1405.4,205,3.88,2.17,False
firm_8,146,13.3,11.0,18,0,205,274703.55,1321.1,2726.5,1405.4,205,3.88,2.17,False
firm_8,147,13.97,11.0,18,0,205,275864.0,1458.45,2863.85,1405.4,205,3.88,2.27,False
firm_8,148,13.97,10.0,18,0,204,277034.36,1450.36,2849.88,1399.52,204,3.88,2.37,False
firm_8,149,14.67,10.0,17,0,192,278352.04,1487.68,2816.64,1328.96,192,3.88,2.37,False
firm_8,150,15.4,10.0,17,0,192,279709.88,1627.84,2956.8,1328.96,192,3.88,2.47,False
firm_8,151,13.86,10.0,17,0,192,280772.04,1332.16,2661.12,1328.96,192,3.88,2.57,False
firm_8,152,15.25,10.5,18,0,204,281484.32,1701.28,3111.0,1409.72,204,3.93,2.67,False
firm_8,153,13.72,10.5,19,0,216,282056.66,1471.84,2963.52,1491.68,216,3.98,2.67,False
firm_8,154,13.72,10.5,19,0,215,283110.51,1453.35,2949.8,1496.45,215,4.03,2.67,False
firm_8,155,12.35,10.0,20,0,226,283327.53,1217.02,2791.1,1574.08,226,4.08,2.77,False
firm_8,156,11.12,10.0,19,0,215,283921.13,883.6,2390.8,1507.2,215,4.08,2.87,False
firm_8,157,10.56,10.0,19,0,215,284283.58,752.45,2270.4,1517.95,215,4.13,2.87,False
firm_8,158,11.09,10.0,19,0,215,284649.23,855.65,2384.35,1528.7,215,4.18,2.97,False
firm_8,159,11.09,10.5,18,0,204,285051.67,791.44,2262.36,1470.92,204,4.23,2.97,False
firm_8,160,10.0,10.5,19,0,215,284962.72,610.55,2150.0,1539.45,215,4.23,2.97,False
firm_8,161,11.0,11.02,19,0,215,285578.89,825.55,2365.0,1539.45,215,4.23,2.87,False
firm_8,162,10.0,11.02,19,0,216,285983.83,614.32,2160.0,1545.68,216,4.23,2.87,False
firm_8,163,11.0,12.12,19,0,216,286373.07,819.52,2376.0,1556.48,216,4.28,2.87,False
firm_8,164,10.45,13.33,18,0,205,286787.98,654.85,2142.25,1487.4,205,4.28,2.87,False
firm_8,165,10.97,12.66,17,0,193,287068.28,695.52,2117.21,1421.69,193,4.33,2.87,False
firm_8,166,11.52,13.29,16,0,182,287600.22,744.58,2096.64,1352.06,182,4.33,2.87,False
firm_8,167,12.67,13.29,15,0,171,288185.01,884.14,2166.57,1282.43,171,4.33,2.97,False
firm_8,168,13.94,11.96,14,0,159,289027.56,1009.99,2216.46,1206.47,159,4.33,2.87,False
firm_8,169,14.64,11.36,14,0,159,289781.86,1113.34,2327.76,1214.42,159,4.38,2.87,False
firm_8,170,16.1,11.36,14,0,159,290660.35,1337.53,2559.9,1222.37,159,4.43,2.97,False
firm_8,171,16.9,10.79,14,0,159,291666.07,1456.78,2687.1,1230.32,159,4.48,3.07,False
firm_8,172,17.74,11.33,13,0,147,292766.65,1447.87,2607.78,1159.91,147,4.53,2.97,False
firm_8,173,16.85,11.9,13,0,147,293928.99,1317.04,2476.95,1159.91,147,4.53,2.87,False
firm_8,174,15.16,10.71,14,0,159,294451.22,1172.17,2410.44,1238.27,159,4.53,2.87,False
firm_8,175,16.68,11.78,14,0,159,295392.2,1405.9,2652.12,1246.22,159,4.58,2.97,False
firm_8,176,18.35,12.96,14,0,159,296574.24,1663.48,2917.65,1254.17,159,4.63,3.07,False
firm_8,177,17.43,13.61,14,0,159,297592.95,1509.25,2771.37,1262.12,159,4.68,3.17,False
firm_8,178,18.3,14.29,14,0,159,298940.47,1647.58,2909.7,1262.12,159,4.68,3.27,False
firm_8,179,20.13,14.29,15,0,170,300104.12,2078.0,3422.1,1344.1,170,4.73,3.17,False
firm_8,180,22.14,14.29,15,0,171,302116.33,2426.56,3785.94,1359.38,171,4.78,3.07,False
firm_8,181,24.35,12.86,14,0,159,304221.97,2585.68,3871.65,1285.97,159,4.83,3.17,False
firm_8,182,21.92,11.57,15,0,170,305813.72,2365.3,3726.4,1361.1,170,4.83,3.27,False
firm_8,183,20.82,10.41,15,0,170,307835.87,2178.3,3539.4,1361.1,170,4.83,3.27,False
firm_8,184,19.78,10.0,16,0,182,309232.77,2156.9,3599.96,1443.06,182,4.83,3.37,False
firm_8,185,21.76,10.0,15,0,170,311320.87,2338.1,3699.2,1361.1,170,4.83,3.47,False
firm_8,186,22.85,10.5,15,0,170,313378.27,2514.9,3884.5,1369.6,170,4.88,3.57,False
firm_8,187,20.56,11.02,14,0,159,314991.16,1967.17,3269.04,1301.87,159,4.93,3.57,False
firm_8,188,19.53,12.12,13,0,148,316498.4,1664.8,2890.44,1225.64,148,4.93,3.47,False
firm_8,189,17.58,11.51,14,0,159,317230.61,1493.35,2795.22,1301.87,159,4.93,3.57,False
firm_8,190,15.82,11.51,14,0,159,318182.98,1213.51,2515.38,1301.87,159,4.93,3.67,False
firm_8,191,15.03,12.66,13,0,148,318709.8,991.4,2224.44,1233.04,148,4.98,3.77,False
firm_8,192,15.03,13.93,13,0,148,319420.11,991.4,2224.44,1233.04,148,4.98,3.87,False
firm_8,193,13.53,14.63,14,0,160,319255.29,840.0,2164.8,1324.8,160,5.03,3.97,False
firm_8,194,12.85,13.17,13,0,148,319538.04,653.96,1901.8,1247.84,148,5.08,3.87,False
firm_8,195,14.14,13.83,13,0,148,320203.13,844.88,2092.72,1247.84,148,5.08,3.77,False
firm_8,196,13.43,14.52,13,0,148,320654.17,739.8,1987.64,1247.84,148,5.08,3.87,False
firm_8,197,12.09,13.79,13,0,148,320916.38,541.48,1789.32,1247.84,148,5.08,3.97,False
firm_8,198,11.49,14.48,13,0,148,320873.42,445.28,1700.52,1255.24,148,5.13,4.07,False
firm_8,199,10.92,13.03,13,0,148,320757.55,353.52,1616.16,1262.64,148,5.18,4.17,False
firm_8,200,10.0,13.03,13,0,148,320705.52,217.36,1480.0,1262.64,148,5.18,4.27,False
firm_8,201,10.5,11.73,14,0,160,320164.5,323.2,1680.0,1356.8,160,5.23,4.27,False
firm_8,202,10.0,12.32,14,0,160,320235.22,243.2,1600.0,1356.8,160,5.23,4.17,False
firm_8,203,10.5,11.09,14,0,160,320303.16,323.2,1680.0,1356.8,160,5.23,4.27,False
firm_8,204,10.0,11.09,14,0,160,320391.1,243.2,1600.0,1356.8,160,5.23,4.27,False
firm_8,205,11.0,10.54,13,0,148,320612.04,357.96,1628.0,1270.04,148,5.23,4.17,False
firm_8,206,10.0,10.54,12,0,136,320355.48,169.92,1360.0,1190.08,136,5.28,4.27,False
firm_8,207,10.0,10.0,13,0,146,319922.6,197.12,1460.0,1262.88,146,5.28,4.27,False
firm_8,208,10.0,10.0,12,0,136,319972.52,169.92,1360.0,1190.08,136,5.28,4.17,False
firm_8,209,10.0,11.0,13,0,147,319529.36,199.84,1470.0,1270.16,147,5.28,4.07,False
firm_8,210,10.5,11.55,12,0,136,319528.68,237.92,1428.0,1190.08,136,5.28,4.17,False
firm_8,211,11.02,12.13,12,0,136,319484.96,301.84,1498.72,1196.88,136,5.33,4.07,False
firm_8,212,11.02,10.92,12,0,135,319652.07,298.15,1487.7,1189.55,135,5.33,3.97,False
firm_8,213,11.57,10.0,12,0,135,319804.47,372.4,1561.95,1189.55,135,5.33,4.07,False
firm_8,214,12.15,10.0,12,0,136,319933.19,448.72,1652.4,1203.68,136,5.38,4.07,False
firm_8,215,10.94,10.5,13,0,147,319620.01,323.32,1608.18,1284.86,147,5.38,3.97,False
firm_8,216,11.49,11.02,13,0,147,319573.57,396.82,1689.03,1292.21,147,5.43,4.07,False
firm_8,217,12.64,10.0,14,0,158,319348.85,615.28,1997.12,1381.84,158,5.48,4.07,False
firm_8,218,11.38,10.0,13,0,147,319592.15,373.3,1672.86,1299.56,147,5.48,3.97,False
firm_8,219,10.24,10.5,12,0,136,319434.71,168.56,1392.64,1224.08,136,5.53,3.97,False
firm_8,220,10.0,11.55,11,0,124,319413.94,106.28,1240.0,1133.72,124,5.53,3.87,False
firm_8,221,10.0,11.55,11,0,124,319293.17,106.28,1240.0,1133.72,124,5.53,3.97,False
firm_8,222,10.0,10.97,10,0,113,319162.58,79.11,1130.0,1050.89,113,5.53,4.07,False
firm_8,223,10.0,10.97,10,0,113,318826.34,73.46,1130.0,1056.54,113,5.58,4.17,False
firm_8,224,10.0,10.0,11,0,124,318110.22,93.88,1240.0,1146.12,124,5.63,4.17,False
firm_8,225,10.0,10.0,11,0,124,317787.9,87.68,1240.0,1152.32,124,5.68,4.27,False
firm_8,226,10.0,10.0,11,0,124,317765.58,87.68,1240.0,1152.32,124,5.68,4.27,False
firm_8,227,10.0,10.0,11,0,124,317743.26,87.68,1240.0,1152.32,124,5.68,4.27,False
firm_8,228,10.0,10.0,10,0,112,317703.1,59.84,1120.0,1060.16,112,5.68,4.27,False
firm_8,229,10.0,10.0,9,0,102,317549.74,36.64,1020.0,983.36,102,5.68,4.37,False
firm_8,230,10.0,10.0,9,0,101,317289.01,29.27,1010.0,980.73,101,5.73,4.37,False
firm_8,231,11.0,10.0,10,0,112,316755.25,166.24,1232.0,1065.76,112,5.73,4.47,False
firm_8,232,10.45,11.0,9,0,102,316528.59,72.34,1065.9,993.56,102,5.78,4.47,False
firm_8,233,10.0,11.55,8,0,90,316231.49,-4.7,900.0,904.7,90,5.83,4.47,False
firm_8,234,10.0,11.55,8,0,90,316034.39,-4.7,900.0,904.7,90,5.83,4.57,False
firm_8,235,10.5,12.13,7,0,79,315656.46,6.98,829.5,822.52,79,5.88,4.67,False
firm_8,236,10.0,12.13,7,0,79,315539.03,-32.52,790.0,822.52,79,5.88,4.57,False
firm_8,237,10.0,10.92,6,0,68,315317.67,-55.84,680.0,735.84,68,5.88,4.67,False
firm_8,238,10.0,10.92,6,0,68,315096.31,-55.84,680.0,735.84,68,5.88,4.77,False
firm_8,239,10.0,12.01,5,0,56,314954.98,-81.28,560.0,641.28,56,5.88,4.77,False
firm_8,240,10.0,10.81,4,0,45,314807.14,-104.6,450.0,554.6,45,5.88,4.77,False
firm_8,241,10.0,10.27,4,0,45,314459.21,-106.85,450.0,556.85,45,5.93,4.67,False
firm_8,242,10.0,11.3,3,0,34,314295.69,-129.62,340.0,469.62,34,5.93,4.67,False
firm_8,243,10.0,10.17,2,0,22,314120.89,-154.46,220.0,374.46,22,5.93,4.67,False
firm_8,244,10.5,10.0,2,0,22,313857.43,-143.46,231.0,374.46,22,5.93,4.77,False
firm_8,245,10.0,10.0,1,0,11,313670.2,-177.23,110.0,287.23,11,5.93,4.77,False
firm_8,246,10.0,11.0,1,0,11,313281.42,-177.78,110.0,287.78,11,5.98,4.77,False
firm_8,247,10.0,10.0,2,0,22,312605.86,-155.56,220.0,375.56,22,5.98,4.77,False
firm_8,248,10.0,10.0,2,0,22,312430.3,-155.56,220.0,375.56,22,5.98,4.77,False
firm_8,249,10.0,10.0,1,0,11,312142.52,-177.78,110.0,287.78,11,5.98,4.87,False
firm_8,250,10.0,10.5,1,0,11,311754.02,-178.0,110.0,288.0,11,6.0,4.87,False
firm_8,251,10.5,10.5,2,0,22,311088.02,-145.0,231.0,376.0,22,6.0,4.87,False
firm_8,252,10.5,11.02,2,0,22,310720.98,-145.0,231.0,376.0,22,6.0,4.77,False
firm_8,253,10.0,10.47,3,0,33,310055.57,-134.0,330.0,464.0,33,6.0,4.67,False
firm_8,254,10.0,10.99,4,0,45,309101.61,-110.0,450.0,560.0,45,6.0,4.77,False
firm_8,255,10.0,10.44,4,0,45,308949.85,-110.0,450.0,560.0,45,6.0,4.77,False
firm_8,256,10.0,10.0,4,0,45,308599.85,-110.0,450.0,560.0,45,6.0,4.77,False
firm_8,257,10.0,10.5,3,0,33,308334.35,-134.0,330.0,464.0,33,6.0,4.87,False
firm_8,258,10.0,11.55,2,0,22,308155.25,-156.0,220.0,376.0,22,6.0,4.77,False
firm_8,259,10.5,11.55,1,0,11,307671.2,-172.5,115.5,288.0,11,6.0,4.87,False
firm_8,260,10.0,12.13,1,0,11,307481.07,-178.0,110.0,288.0,11,6.0,4.87,False
firm_8,261,10.0,13.34,1,0,11,307189.73,-178.0,110.0,288.0,11,6.0,4.97,False
firm_8,262,10.5,12.01,1,0,11,306905.22,-172.5,115.5,288.0,11,6.0,5.07,False
firm_8,263,10.5,12.61,1,0,11,306720.11,-172.5,115.5,288.0,11,6.0,4.97,False
firm_8,264,10.5,12.61,1,0,11,306435.0,-172.5,115.5,288.0,11,6.0,5.07,False
firm_8,265,10.0,13.24,1,0,11,306043.76,-178.0,110.0,288.0,11,6.0,5.07,False
firm_8,266,10.0,13.24,1,0,11,305752.52,-178.0,110.0,288.0,11,6.0,5.17,False
firm_8,267,10.0,13.24,2,0,22,304870.04,-156.0,220.0,376.0,22,6.0,5.07,False
firm_8,268,10.0,12.58,1,0,11,304579.46,-178.0,110.0,288.0,11,6.0,5.17,False
firm_8,269,10.0,13.21,1,0,11,304188.25,-178.0,110.0,288.0,11,6.0,5.07,False
firm_8,270,10.0,13.87,1,0,11,303996.38,-178.0,110.0,288.0,11,6.0,4.97,False
firm_8,271,10.0,12.48,1,0,11,303605.9,-178.0,110.0,288.0,11,6.0,4.97,False
firm_8,272,10.0,13.1,1,0,11,303214.8,-178.0,110.0,288.0,11,6.0,4.97,False
firm_8,273,10.0,14.41,1,0,11,302822.39,-178.0,110.0,288.0,11,6.0,4.87,False
firm_8,274,10.0,15.13,1,0,11,302629.26,-178.0,110.0,288.0,11,6.0,4.77,False
firm_8,275,10.0,15.89,1,0,11,302335.37,-178.0,110.0,288.0,11,6.0,4.87,False
firm_8,276,10.0,15.1,1,0,11,302142.27,-178.0,110.0,288.0,11,6.0,4.87,False
firm_8,277,10.0,16.61,1,0,11,301647.66,-178.0,110.0,288.0,11,6.0,4.97,False
firm_8,278,11.0,15.78,1,0,11,301164.88,-167.0,121.0,288.0,11,6.0,5.07,False
firm_8,279,10.0,14.2,2,0,22,300180.48,-156.0,220.0,376.0,22,6.0,5.17,False
firm_8,280,10.0,14.2,1,0,11,299788.28,-178.0,110.0,288.0,11,6.0,5.07,False
firm_8,281,10.0,12.78,1,0,11,299597.5,-178.0,110.0,288.0,11,6.0,4.97,False
firm_8,282,10.0,12.78,1,0,11,299406.72,-178.0,110.0,288.0,11,6.0,4.87,False
firm_8,283,10.0,13.42,1,0,11,299015.3,-178.0,110.0,288.0,11,6.0,4.87,False
firm_8,284,10.0,14.76,2,0,22,298129.78,-156.0,220.0,376.0,22,6.0,4.77,False
firm_8,285,10.0,15.5,2,0,22,297642.78,-156.0,220.0,376.0,22,6.0,4.87,False
firm_8,286,10.0,16.28,3,0,34,296661.94,-132.0,340.0,472.0,34,6.0,4.97,False
firm_8,287,10.0,16.28,3,0,34,296481.1,-132.0,340.0,472.0,34,6.0,4.87,False
firm_8,288,10.0,14.65,4,0,45,295712.5,-110.0,450.0,560.0,45,6.0,4.97,False
firm_8,289,10.0,14.65,4,0,45,295243.9,-110.0,450.0,560.0,45,6.0,5.07,False
firm_8,290,10.0,14.65,4,0,45,294875.3,-110.0,450.0,560.0,45,6.0,5.07,False
firm_8,291,11.0,14.65,4,0,45,294451.7,-65.0,495.0,560.0,45,6.0,5.17,False
firm_8,292,10.0,13.92,4,0,45,294186.02,-110.0,450.0,560.0,45,6.0,5.27,False
firm_8,293,10.0,13.92,3,0,34,293912.26,-132.0,340.0,472.0,34,6.0,5.37,False
firm_8,294,10.0,14.62,2,0,22,293527.02,-156.0,220.0,376.0,22,6.0,5.37,False
firm_8,295,10.0,13.16,3,0,34,292855.54,-132.0,340.0,472.0,34,6.0,5.37,False
firm_8,296,11.0,13.82,2,0,22,292493.9,-134.0,242.0,376.0,22,6.0,5.27,False
firm_8,297,12.1,14.51,2,0,22,292255.08,-109.8,266.2,376.0,22,6.0,5.37,False
firm_8,298,10.89,15.96,2,0,22,291886.74,-136.42,239.58,376.0,22,6.0,5.27,False
firm_8,299,10.0,14.36,1,0,11,291494.38,-178.0,110.0,288.0,11,6.0,5.27,False
firm_8,300,10.5,14.36,2,0,22,290620.66,-145.0,231.0,376.0,22,6.0,5.27,False
firm_8,301,10.0,15.08,2,0,22,290434.5,-156.0,220.0,376.0,22,6.0,5.27,False
firm_8,302,10.5,14.33,1,0,11,290247.67,-172.5,115.5,288.0,11,6.0,5.17,False
firm_8,303,10.0,14.33,2,0,22,289563.01,-156.0,220.0,376.0,22,6.0,5.17,False
firm_8,304,10.0,15.05,2,0,22,289176.91,-156.0,220.0,376.0,22,6.0,5.17,False
firm_8,305,11.0,14.3,1,0,11,288895.61,-167.0,121.0,288.0,11,6.0,5.27,False
firm_8,306,10.45,15.73,1,0,11,288506.83,-173.05,114.95,288.0,11,6.0,5.17,False
firm_8,307,10.45,14.94,1,0,11,288218.84,-173.05,114.95,288.0,11,6.0,5.27,False
firm_8,308,11.5,14.19,2,0,22,287567.46,-123.0,253.0,376.0,22,6.0,5.27,False
firm_8,309,12.08,15.61,2,0,22,287226.0,-110.24,265.76,376.0,22,6.0,5.17,False
firm_8,310,10.87,17.17,2,0,22,286854.8,-136.86,239.14,376.0,22,6.0,5.17,False
firm_8,311,10.33,18.03,1,0,11,286462.4,-174.37,113.63,288.0,11,6.0,5.17,False
firm_8,312,10.0,17.13,2,0,22,285772.14,-156.0,220.0,376.0,22,6.0,5.07,False
firm_8,313,10.0,17.99,2,0,22,285380.16,-156.0,220.0,376.0,22,6.0,5.07,False
firm_8,314,10.0,17.09,2,0,22,284889.98,-156.0,220.0,376.0,22,6.0,5.17,False
firm_8,315,10.0,17.94,1,0,11,284694.04,-178.0,110.0,288.0,11,6.0,5.17,False
firm_8,316,10.0,19.73,2,0,22,283698.58,-156.0,220.0,376.0,22,6.0,5.27,False
firm_8,317,10.5,20.72,2,0,22,283512.14,-145.0,231.0,376.0,22,6.0,5.27,False
firm_8,318,10.0,22.79,2,0,22,283110.56,-156.0,220.0,376.0,22,6.0,5.27,False
firm_8,319,10.0,22.79,2,0,22,282808.98,-156.0,220.0,376.0,22,6.0,5.37,False
firm_8,320,10.0,23.93,2,0,22,282405.12,-156.0,220.0,376.0,22,6.0,5.37,False
firm_8,321,10.0,21.54,2,0,22,281906.04,-156.0,220.0,376.0,22,6.0,5.47,False
firm_8,322,10.0,20.46,2,0,22,281609.12,-156.0,220.0,376.0,22,6.0,5.57,False
firm_8,323,10.0,18.41,2,0,22,281416.3,-156.0,220.0,376.0,22,6.0,5.57,False
firm_8,324,10.0,19.33,2,0,22,281121.64,-156.0,220.0,376.0,22,6.0,5.67,False
firm_8,325,10.0,20.3,3,0,34,280328.74,-132.0,340.0,472.0,34,6.0,5.77,False
firm_8,326,10.0,19.28,2,0,22,279934.18,-156.0,220.0,376.0,22,6.0,5.67,False
firm_8,327,10.0,20.24,2,0,22,279537.7,-156.0,220.0,376.0,22,6.0,5.67,False
firm_8,328,10.0,22.26,3,0,34,278738.92,-132.0,340.0,472.0,34,6.0,5.77,False
firm_8,329,10.5,24.49,3,0,34,278350.45,-115.0,357.0,472.0,34,6.0,5.77,False
firm_8,330,11.02,23.27,2,0,22,278170.35,-133.56,242.44,376.0,22,6.0,5.77,False
firm_8,331,10.47,20.94,1,0,11,277776.58,-172.83,115.17,288.0,11,6.0,5.77,False
firm_8,332,11.52,23.03,1,0,11,277392.27,-161.28,126.72,288.0,11,6.0,5.77,False
firm_8,333,11.52,21.88,1,0,11,276909.11,-161.28,126.72,288.0,11,6.0,5.87,False
firm_8,334,10.37,20.79,1,0,11,276614.39,-173.93,114.07,288.0,11,6.0,5.97,False
firm_8,335,10.0,18.71,2,0,22,275620.97,-156.0,220.0,376.0,22,6.0,6.0,False
firm_8,336,10.0,20.58,2,0,22,275223.81,-156.0,220.0,376.0,22,6.0,6.0,False
firm_8,337,10.0,21.61,1,0,11,274824.2,-178.0,110.0,288.0,11,6.0,6.0,False
firm_8,338,10.0,19.45,1,0,11,274426.75,-178.0,110.0,288.0,11,6.0,6.0,False
firm_8,339,10.0,17.5,1,0,11,274031.25,-178.0,110.0,288.0,11,6.0,6.0,False
firm_8,340,10.0,15.75,1,0,11,273837.5,-178.0,110.0,288.0,11,6.0,6.0,False
firm_8,341,10.0,14.96,2,0,22,272951.58,-156.0,220.0,376.0,22,6.0,6.0,False
firm_8,342,10.0,15.71,2,0,22,272464.16,-156.0,220.0,376.0,22,6.0,6.0,False
firm_8,343,10.0,16.5,2,0,22,272275.16,-156.0,220.0,376.0,22,6.0,6.0,False
firm_8,344,10.0,15.68,2,0,22,271887.8,-156.0,220.0,376.0,22,6.0,6.0,False
firm_8,345,10.0,15.68,1,0,11,271594.12,-178.0,110.0,288.0,11,6.0,6.0,False
firm_8,346,10.0,14.11,1,0,11,271402.01,-178.0,110.0,288.0,11,6.0,5.9,False
firm_8,347,11.0,13.4,1,0,11,271221.61,-167.0,121.0,288.0,11,6.0,5.9,False
firm_8,348,10.0,14.74,1,0,11,270828.87,-178.0,110.0,288.0,11,6.0,5.8,False
firm_8,349,10.0,15.48,1,0,11,270635.39,-178.0,110.0,288.0,11,6.0,5.7,False
firm_8,350,10.0,13.93,1,0,11,270443.46,-178.0,110.0,288.0,11,6.0,5.7,False
firm_8,351,10.0,13.93,2,0,22,269559.6,-156.0,220.0,376.0,22,6.0,5.7,False
firm_8,352,10.0,13.93,3,0,34,268885.81,-132.0,340.0,472.0,34,6.0,5.7,False
firm_8,353,10.0,14.63,4,0,45,268117.29,-110.0,450.0,560.0,45,6.0,5.8,False
firm_8,354,10.0,14.63,3,0,34,267841.4,-132.0,340.0,472.0,34,6.0,5.9,False
firm_8,355,10.0,15.36,3,0,34,267463.32,-132.0,340.0,472.0,34,6.0,5.9,False
firm_8,356,10.0,15.36,2,0,22,267276.6,-156.0,220.0,376.0,22,6.0,5.9,False
firm_8,357,10.0,16.13,2,0,22,267088.34,-156.0,220.0,376.0,22,6.0,5.9,False
firm_8,358,10.0,16.94,1,0,11,266893.4,-178.0,110.0,288.0,11,6.0,5.9,False
firm_8,359,10.0,15.25,1,0,11,266700.15,-178.0,110.0,288.0,11,6.0,5.9,False
firm_8,360,10.0,13.72,1,0,11,266308.43,-178.0,110.0,288.0,11,6.0,5.8,False
firm_8,361,10.0,15.09,1,0,11,266015.34,-178.0,110.0,288.0,11,6.0,5.9,False
firm_8,362,10.0,15.09,2,0,22,265229.16,-156.0,220.0,376.0,22,6.0,6.0,False
firm_8,363,10.0,14.34,3,0,34,264454.14,-132.0,340.0,472.0,34,6.0,6.0,False
firm_8,364,10.0,12.91,3,0,34,264083.41,-132.0,340.0,472.0,34,6.0,6.0,False
firm_8,365,10.0,12.91,4,0,45,263421.77,-110.0,450.0,560.0,45,6.0,6.0,False
firm_9,1,56.27,43.83,14,0,162,92146.44,8513.98,9115.74,601.76,162,0.48,0.55,False
firm_9,2,56.27,39.45,14,0,161,100054.33,8460.19,9059.47,599.28,161,0.48,0.45,False
firm_9,3,56.27,35.51,13,0,149,107199.96,7807.26,8384.23,576.97,149,0.53,0.45,False
firm_9,4,56.27,39.06,13,0,149,114499.44,7807.26,8384.23,576.97,149,0.53,0.35,False
firm_9,5,61.9,39.06,12,0,138,122023.78,7993.06,8542.2,549.14,138,0.53,0.35,False
firm_9,6,61.9,42.97,13,0,151,129522.49,8757.32,9346.9,589.58,151,0.58,0.35,False
firm_9,7,65.0,38.67,13,0,150,138182.78,9163.0,9750.0,587.0,150,0.58,0.25,False
firm_9,8,65.0,42.54,14,0,162,146999.26,9912.04,10530.0,617.96,162,0.58,0.25,False
firm_9,9,65.0,42.54,14,0,162,156215.74,9912.04,10530.0,617.96,162,0.58,0.35,False
firm_9,10,71.5,42.54,15,0,174,166661.02,11783.38,12441.0,657.62,174,0.63,0.35,False
firm_9,11,78.65,40.41,16,0,185,179168.91,13854.45,14550.25,695.8,185,0.68,0.25,False
firm_9,12,86.52,44.45,17,0,196,194145.9,16232.64,16957.92,725.28,196,0.68,0.25,False
firm_9,13,77.87,48.9,17,0,196,207542.04,14527.44,15262.52,735.08,196,0.73,0.35,False
firm_9,14,85.66,53.79,18,0,208,222912.86,17039.04,17817.28,778.24,208,0.78,0.25,False
firm_9,15,77.09,51.1,19,0,220,237279.16,16137.2,16959.8,822.6,220,0.83,0.35,False
firm_9,16,84.8,51.1,19,0,220,253830.66,17822.4,18656.0,833.6,220,0.88,0.45,False
firm_9,17,89.04,53.66,19,0,220,271355.32,18744.2,19588.8,844.6,220,0.93,0.35,False
firm_9,18,97.94,48.29,19,0,218,290949.99,20512.18,21350.92,838.74,218,0.93,0.35,False
firm_9,19,88.15,53.12,20,0,231,308773.41,19485.82,20362.65,876.83,231,0.93,0.45,False
firm_9,20,88.15,50.46,21,0,241,327551.77,20338.02,21244.15,906.13,241,0.93,0.35,False
firm_9,21,92.56,50.46,20,0,230,346957.47,20414.9,21288.8,873.9,230,0.93,0.25,False
firm_9,22,101.82,55.51,21,0,241,368924.25,23632.49,24538.62,906.13,241,0.93,0.15,False
firm_9,23,112.0,61.06,20,0,230,392589.15,24886.1,25760.0,873.9,230,0.93,0.15,False
firm_9,24,117.6,64.11,20,0,230,417169.55,26162.6,27048.0,885.4,230,0.98,0.25,False
firm_9,25,105.84,70.52,21,0,243,439983.61,24794.98,25719.12,924.14,243,0.98,0.15,False
firm_9,26,105.84,66.99,22,0,254,463623.57,25913.74,26883.36,969.62,254,1.03,0.25,False
firm_9,27,100.55,63.64,23,0,264,487205.13,25545.28,26545.2,999.92,264,1.03,0.15,False
firm_9,28,90.5,60.46,24,0,276,508982.01,23927.92,24978.0,1050.08,276,1.08,0.15,False
firm_9,29,99.55,66.51,25,0,289,534184.64,27665.38,28769.95,1104.57,289,1.13,0.25,False
firm_9,30,99.55,63.18,26,0,299,560671.54,28629.58,29765.45,1135.87,299,1.13,0.15,False
firm_9,31,104.53,63.18,26,0,300,589248.86,30220.0,31359.0,1139.0,300,1.13,0.15,False
firm_9,32,114.98,69.5,27,0,311,621242.16,34569.8,35758.78,1188.98,311,1.18,0.15,False
firm_9,33,126.48,76.45,27,0,313,657355.26,38377.25,39588.24,1210.99,313,1.23,0.1,False
firm_9,34,113.83,80.27,28,0,325,690136.45,35728.75,36994.75,1266.0,325,1.28,0.1,False
firm_9,35,125.21,88.3,27,0,313,725500.79,37948.44,39190.73,1242.29,313,1.33,0.1,False
firm_9,36,125.21,92.72,27,0,314,760851.97,38054.62,39315.94,1261.32,314,1.38,0.1,False
firm_9,37,112.69,97.36,28,0,326,792844.65,35418.76,36736.94,1318.18,326,1.43,0.1,False
firm_9,38,107.06,87.62,28,0,325,823871.04,33479.75,34794.5,1314.75,325,1.43,0.1,False
firm_9,39,96.35,92.0,29,0,336,851724.16,31021.12,32373.6,1352.48,336,1.43,0.1,False
firm_9,40,91.53,101.2,30,0,349,878517.61,30529.45,31943.97,1414.52,349,1.48,0.1,False
firm_9,41,91.53,111.32,29,0,337,904762.18,29472.85,30845.61,1372.76,337,1.48,0.1,False
firm_9,42,91.53,100.19,28,0,326,930244.86,28488.0,29838.78,1350.78,326,1.53,0.1,False
firm_9,43,96.11,90.17,29,0,337,957912.54,30982.61,32389.07,1406.46,337,1.58,0.1,False
firm_9,44,91.3,90.17,28,0,324,983509.06,28221.28,29581.2,1359.92,324,1.58,0.2,False
firm_9,45,82.17,99.19,28,0,324,1005778.7,25246.96,26623.08,1376.12,324,1.63,0.2,False
firm_9,46,73.95,104.15,29,0,337,1025756.19,23497.84,24921.15,1423.31,337,1.63,0.1,False
firm_9,47,73.95,114.57,29,0,337,1045931.5,23497.84,24921.15,1423.31,337,1.63,0.1,False
firm_9,48,66.56,126.03,28,0,326,1062717.84,20315.18,21698.56,1383.38,326,1.63,0.1,False
firm_9,49,63.23,138.63,27,0,314,1077489.23,18514.4,19854.22,1339.82,314,1.63,0.1,False
firm_9,50,56.91,124.77,27,0,314,1090650.36,16529.92,17869.74,1339.82,314,1.63,0.1,False
firm_9,51,51.22,137.25,26,0,302,1101254.04,14172.18,15468.44,1296.26,302,1.63,0.1,False
firm_9,52,46.1,130.39,27,0,314,1110153.39,13119.88,14475.4,1355.52,314,1.68,0.1,False
firm_9,53,48.4,143.43,26,0,302,1119514.55,13290.34,14616.8,1326.46,302,1.73,0.1,False
firm_9,54,48.4,143.43,26,0,302,1129075.71,13290.34,14616.8,1326.46,302,1.73,0.1,False
firm_9,55,43.56,143.43,26,0,302,1136960.09,11813.56,13155.12,1341.56,302,1.78,0.1,False
firm_9,56,41.38,150.6,26,0,302,1143984.59,11140.1,12496.76,1356.66,302,1.83,0.1,False
firm_9,57,41.38,150.6,25,0,291,1150732.09,10712.5,12041.58,1329.08,291,1.88,0.1,False
firm_9,58,37.24,165.66,25,0,291,1156098.35,9507.76,10836.84,1329.08,291,1.88,0.1,False
firm_9,59,35.38,157.38,26,0,302,1160819.47,9313.0,10684.76,1371.76,302,1.88,0.1,False
firm_9,60,37.15,165.25,26,0,302,1166370.51,9847.54,11219.3,1371.76,302,1.88,0.1,False
firm_9,61,35.29,181.78,26,0,302,1170714.95,9270.72,10657.58,1386.86,302,1.93,0.1,False
firm_9,62,38.82,181.78,27,0,314,1176062.35,10755.46,12189.48,1434.02,314,1.93,0.1,False
firm_9,63,38.82,199.96,27,0,314,1181418.89,10755.46,12189.48,1434.02,314,1.93,0.1,False
firm_9,64,34.94,209.96,27,0,314,1185287.11,9537.14,10971.16,1434.02,314,1.93,0.1,False
firm_9,65,31.45,188.96,27,0,314,1188410.77,8425.58,9875.3,1449.72,314,1.98,0.1,False
firm_9,66,28.3,188.96,28,0,325,1190107.64,7687.75,9197.5,1509.75,325,2.03,0.1,False
firm_9,67,31.13,179.51,27,0,314,1193570.27,8309.4,9774.82,1465.42,314,2.03,0.1,False
firm_9,68,29.57,188.49,27,0,314,1196084.9,7803.86,9284.98,1481.12,314,2.08,0.1,False
firm_9,69,31.05,207.34,28,0,325,1198128.38,8549.0,10091.25,1542.25,325,2.13,0.1,False
firm_9,70,32.6,196.97,29,0,337,1201310.64,9394.39,10986.2,1591.81,337,2.13,0.1,False
firm_9,71,29.34,216.67,28,0,325,1203020.88,7977.0,9535.5,1558.5,325,2.18,0.1,False
firm_9,72,26.41,238.34,28,0,325,1203372.11,7024.75,8583.25,1558.5,325,2.18,0.1,False
firm_9,73,25.09,226.42,28,0,325,1203411.85,6579.5,8154.25,1574.75,325,2.23,0.1,False
firm_9,74,23.84,237.74,29,0,338,1202445.57,6428.18,8057.92,1629.74,338,2.23,0.1,False
firm_9,75,26.22,249.63,30,0,350,1201735.67,7479.0,9177.0,1698.0,350,2.28,0.1,False
firm_9,76,24.91,274.59,31,0,362,1199773.34,7249.96,9017.42,1767.46,362,2.33,0.1,False
firm_9,77,23.66,274.59,31,0,362,1197840.41,6779.36,8564.92,1785.56,362,2.38,0.1,False
firm_9,78,26.03,288.32,31,0,362,1196221.69,7619.2,9422.86,1803.66,362,2.43,0.2,False
firm_9,79,27.33,302.74,32,0,373,1194375.71,8341.7,10194.09,1852.39,373,2.43,0.2,False
firm_9,80,24.6,317.88,33,0,385,1190631.87,7546.2,9471.0,1924.8,385,2.48,0.3,False
firm_9,81,22.14,286.09,34,0,397,1186895.98,6791.17,8789.58,1998.41,397,2.53,0.4,False
firm_9,82,24.35,257.48,34,0,397,1185710.2,7668.54,9666.95,1998.41,397,2.53,0.5,False
firm_9,83,24.35,257.48,34,0,395,1184365.03,7609.15,9618.25,2009.1,395,2.58,0.4,False
firm_9,84,26.79,283.23,35,0,407,1182791.45,8839.47,10903.53,2064.06,407,2.58,0.4,False
firm_9,85,29.47,283.23,35,0,407,1182808.63,9930.23,11994.29,2064.06,407,2.58,0.4,False
firm_9,86,26.52,269.07,36,0,419,1181394.02,8971.91,11111.88,2139.97,419,2.63,0.3,False
firm_9,87,26.52,255.62,37,0,430,1180327.28,9191.2,11403.6,2212.4,430,2.68,0.4,False
firm_9,88,25.19,255.62,37,0,430,1179488.64,8619.3,10831.7,2212.4,430,2.68,0.4,False
firm_9,89,27.71,268.4,38,0,442,1178546.6,9957.16,12247.82,2290.66,442,2.73,0.4,False
firm_9,90,24.94,281.82,39,0,453,1176010.75,8955.13,11297.82,2342.69,453,2.73,0.3,False
firm_9,91,23.69,310.0,38,0,442,1172411.07,8180.32,10470.98,2290.66,442,2.73,0.3,False
firm_9,92,22.51,279.0,39,0,453,1168884.41,7854.34,10197.03,2342.69,453,2.73,0.2,False
firm_9,93,24.76,251.1,38,0,442,1167995.87,8653.26,10943.92,2290.66,442,2.73,0.2,False
firm_9,94,23.52,225.99,38,0,442,1167413.43,8105.18,10395.84,2290.66,442,2.73,0.3,False
firm_9,95,23.52,248.59,38,0,442,1165850.09,8083.08,10395.84,2312.76,442,2.78,0.3,False
firm_9,96,23.52,248.59,38,0,442,1164486.75,8083.08,10395.84,2312.76,442,2.78,0.2,False
firm_9,97,22.34,273.45,38,0,442,1161657.17,7561.52,9874.28,2312.76,442,2.78,0.2,False
firm_9,98,24.57,287.12,38,0,442,1159071.69,8525.08,10859.94,2334.86,442,2.83,0.1,False
firm_9,99,27.03,301.48,39,0,453,1156447.92,9833.95,12244.59,2410.64,453,2.88,0.1,False
firm_9,100,28.38,301.48,38,0,442,1154956.58,10164.9,12543.96,2379.06,442,2.93,0.1,False
firm_9,101,31.22,331.63,39,0,453,1153232.38,11709.37,14142.66,2433.29,453,2.93,0.1,False
firm_9,102,31.22,348.21,40,0,465,1150505.58,12001.6,14517.3,2515.7,465,2.98,0.2,False
firm_9,103,32.78,330.8,41,0,477,1149279.53,13036.75,15636.06,2599.31,477,3.03,0.1,False
firm_9,104,36.06,297.72,42,0,488,1150993.53,14918.24,17597.28,2679.04,488,3.08,0.1,False
firm_9,105,36.06,267.95,43,0,500,1154261.68,15290.0,18030.0,2740.0,500,3.08,0.1,False
firm_9,106,32.45,254.55,42,0,488,1156402.74,13132.16,15835.6,2703.44,488,3.13,0.2,False
firm_9,107,30.83,229.1,42,0,488,1159022.14,12341.6,15045.04,2703.44,488,3.13,0.3,False
firm_9,108,30.83,252.01,41,0,477,1160648.63,12058.9,14705.91,2647.01,477,3.13,0.4,False
firm_9,109,27.75,264.61,41,0,477,1160389.36,10589.74,13236.75,2647.01,477,3.13,0.4,False
firm_9,110,24.98,291.07,42,0,488,1156926.82,9462.4,12190.24,2727.84,488,3.18,0.3,False
firm_9,111,27.48,261.96,43,0,500,1155787.54,10925.0,13740.0,2815.0,500,3.23,0.4,False
firm_9,112,30.23,275.06,42,0,488,1156135.02,12000.0,14752.24,2752.24,488,3.23,0.5,False
firm_9,113,28.72,247.55,42,0,488,1156676.64,11238.72,14015.36,2776.64,488,3.28,0.6,False
firm_9,114,25.85,222.8,41,0,477,1156929.88,9588.04,12330.45,2742.41,477,3.33,0.5,False
firm_9,115,23.26,222.8,41,0,477,1156147.69,8352.61,11095.02,2742.41,477,3.33,0.5,False
firm_9,116,25.59,233.94,41,0,477,1155796.32,9440.17,12206.43,2766.26,477,3.38,0.4,False
firm_9,117,25.59,222.24,40,0,465,1155881.12,9174.4,11899.35,2724.95,465,3.43,0.3,False
firm_9,118,28.15,233.35,40,0,465,1156911.92,10364.8,13089.75,2724.95,465,3.43,0.3,False
firm_9,119,26.74,233.35,40,0,465,1157287.07,9709.15,12434.1,2724.95,465,3.43,0.3,False
firm_9,120,29.41,221.68,39,0,453,1158981.84,10640.29,13322.73,2682.44,453,3.48,0.4,False
firm_9,121,30.88,221.68,38,0,440,1161312.0,10954.0,13587.2,2633.2,440,3.53,0.4,False
firm_9,122,33.97,210.6,38,0,440,1165400.8,12291.6,14946.8,2655.2,440,3.58,0.4,False
firm_9,123,35.67,221.13,37,0,428,1169897.51,12678.52,15266.76,2588.24,428,3.58,0.3,False
firm_9,124,32.1,243.24,37,0,430,1171779.73,11182.1,13803.0,2620.9,430,3.63,0.4,False
firm_9,125,30.5,267.56,38,0,442,1171804.99,10792.54,13481.0,2688.46,442,3.63,0.5,False
firm_9,126,27.45,267.56,39,0,453,1170454.61,9684.46,12434.85,2750.39,453,3.63,0.6,False
firm_9,127,26.08,240.8,39,0,451,1170086.36,9022.95,11762.08,2739.13,451,3.63,0.6,False
firm_9,128,27.38,264.88,38,0,442,1169112.32,9391.4,12101.96,2710.56,442,3.68,0.7,False
firm_9,129,24.64,238.39,37,0,428,1167985.37,7893.48,10545.92,2652.44,428,3.73,0.7,False
firm_9,130,23.41,250.31,37,0,428,1165869.54,7345.64,10019.48,2673.84,428,3.78,0.6,False
firm_9,131,24.58,275.34,38,0,440,1162878.62,8072.0,10815.2,2743.2,440,3.78,0.7,False
firm_9,132,25.81,289.11,38,0,440,1160505.64,8613.2,11356.4,2743.2,440,3.78,0.7,False
firm_9,133,28.39,318.02,38,0,442,1158214.5,9793.62,12548.38,2754.76,442,3.78,0.6,False
firm_9,134,31.23,302.12,38,0,442,1157560.74,11026.8,13803.66,2776.86,442,3.83,0.6,False
firm_9,135,32.79,271.91,39,0,453,1158469.13,12012.88,14853.87,2840.99,453,3.83,0.6,False
firm_9,136,36.07,285.51,40,0,465,1160187.08,13838.35,16772.55,2934.2,465,3.88,0.6,False
firm_9,137,32.46,271.23,41,0,477,1160821.46,12454.81,15483.42,3028.61,477,3.93,0.6,False
firm_9,138,30.84,284.79,40,0,465,1160489.76,11359.9,14340.6,2980.7,465,3.98,0.7,False
firm_9,139,32.38,313.27,41,0,477,1159438.49,12392.8,15445.26,3052.46,477,3.98,0.8,False
firm_9,140,34.0,328.93,40,0,465,1158887.34,12806.05,15810.0,3003.95,465,4.03,0.8,False
firm_9,141,37.4,361.82,40,0,465,1158801.59,14387.05,17391.0,3003.95,465,4.03,0.8,False
firm_9,142,33.66,343.73,39,0,453,1157612.51,12316.39,15247.98,2931.59,453,4.03,0.9,False
firm_9,143,33.66,378.1,38,0,442,1155157.17,12012.46,14877.72,2865.26,442,4.03,1.0,False
firm_9,144,30.29,415.91,38,0,442,1149653.41,10500.82,13388.18,2887.36,442,4.08,0.9,False
firm_9,145,31.8,374.32,38,0,442,1146497.49,11168.24,14055.6,2887.36,442,4.08,1.0,False
firm_9,146,34.98,355.6,39,0,453,1145020.79,12891.7,15845.94,2954.24,453,4.08,0.9,False
firm_9,147,34.98,337.82,40,0,465,1144146.49,13238.5,16265.7,3027.2,465,4.08,1.0,False
firm_9,148,31.48,371.6,39,0,453,1140860.29,11306.2,14260.44,2954.24,453,4.08,1.1,False
firm_9,149,28.33,353.02,40,0,465,1136162.49,10123.0,13173.45,3050.45,465,4.13,1.0,False
firm_9,150,25.5,388.32,41,0,476,1128661.49,9020.12,12138.0,3117.88,476,4.13,1.1,False
firm_9,151,25.5,388.32,40,0,465,1121712.49,8783.8,11857.5,3073.7,465,4.18,1.1,False
firm_9,152,22.95,407.74,39,0,453,1112884.79,7374.16,10396.35,3022.19,453,4.23,1.2,False
firm_9,153,24.1,387.35,38,0,442,1105541.93,7676.44,10652.2,2975.76,442,4.28,1.3,False
firm_9,154,26.51,426.08,39,0,453,1097389.0,8964.19,12009.03,3044.84,453,4.28,1.3,False
firm_9,155,23.86,447.38,39,0,453,1087604.92,7763.74,10808.58,3044.84,453,4.28,1.4,False
firm_9,156,25.05,425.01,39,0,453,1079009.69,8280.16,11347.65,3067.49,453,4.33,1.5,False
firm_9,157,23.8,403.76,39,0,453,1070754.31,7691.26,10781.4,3090.14,453,4.38,1.5,False
firm_9,158,23.8,363.38,40,0,465,1063396.16,7877.05,11067.0,3189.95,465,4.43,1.5,False
firm_9,159,21.42,399.72,40,0,465,1054177.71,6770.35,9960.3,3189.95,465,4.43,1.5,False
firm_9,160,23.56,379.73,39,0,453,1046928.13,7559.89,10672.68,3112.79,453,4.43,1.4,False
firm_9,161,25.92,379.73,40,0,465,1040001.78,8862.85,12052.8,3189.95,465,4.43,1.5,False
firm_9,162,24.62,341.76,41,0,476,1033948.06,8458.44,11719.12,3260.68,476,4.43,1.4,False
firm_9,163,23.39,324.67,42,0,488,1027888.4,8076.48,11414.32,3337.84,488,4.43,1.4,False
firm_9,164,25.73,308.44,41,0,476,1024229.16,8986.8,12247.48,3260.68,476,4.43,1.4,False
firm_9,165,24.44,293.02,40,0,464,1020565.0,8156.64,11340.16,3183.52,464,4.43,1.5,False
firm_9,166,25.66,293.02,41,0,476,1016904.66,8953.48,12214.16,3260.68,476,4.43,1.6,False
firm_9,167,26.94,293.02,42,0,487,1013886.19,9788.37,13119.78,3331.41,487,4.43,1.5,False
firm_9,168,25.59,263.72,42,0,487,1011940.87,9130.92,12462.33,3331.41,487,4.43,1.5,False
firm_9,169,26.87,250.53,42,0,488,1011093.33,9774.72,13112.56,3337.84,488,4.43,1.6,False
firm_9,170,24.18,238.0,42,0,487,1009317.23,8419.9,11775.66,3355.76,487,4.48,1.6,False
firm_9,171,21.76,226.1,43,0,499,1006419.65,7424.72,10858.24,3433.52,499,4.48,1.7,False
firm_9,172,21.76,248.71,44,0,511,1002484.49,7608.08,11119.36,3511.28,511,4.48,1.8,False
firm_9,173,20.67,223.84,45,0,522,998892.77,7181.08,10789.74,3608.66,522,4.53,1.7,False
firm_9,174,21.7,246.22,46,0,534,994867.43,7900.78,11587.8,3687.02,534,4.53,1.8,False
firm_9,175,23.87,233.91,45,0,522,993092.96,8851.48,12460.14,3608.66,522,4.53,1.9,False
firm_9,176,23.87,245.61,46,0,534,990354.46,9059.56,12746.58,3687.02,534,4.53,1.8,False
firm_9,177,21.48,233.33,46,0,534,987304.58,7783.3,11470.32,3687.02,534,4.53,1.9,False
firm_9,178,22.55,256.66,45,0,522,983817.32,8162.44,11771.1,3608.66,522,4.53,2.0,False
firm_9,179,20.3,243.83,46,0,534,979154.32,7153.18,10840.2,3687.02,534,4.53,2.1,False
firm_9,180,21.32,256.02,46,0,534,975075.26,7697.86,11384.88,3687.02,534,4.53,2.0,False
firm_9,181,21.32,230.42,47,0,545,971378.82,7833.3,11619.4,3786.1,545,4.58,1.9,False
firm_9,182,22.39,207.38,48,0,554,969483.32,8558.74,12404.06,3845.32,554,4.58,1.9,False
firm_9,183,22.39,197.01,48,0,557,968633.01,8606.17,12471.23,3865.06,557,4.58,1.8,False
firm_9,184,20.15,216.71,47,0,545,965643.29,7195.65,10981.75,3786.1,545,4.58,1.7,False
firm_9,185,20.15,238.38,48,0,557,961059.54,7358.49,11223.55,3865.06,557,4.58,1.6,False
firm_9,186,19.14,214.54,48,0,557,957557.54,6795.92,10660.98,3865.06,557,4.58,1.5,False
firm_9,187,17.23,203.81,47,0,542,953550.77,5572.3,9338.66,3766.36,542,4.58,1.4,False
firm_9,188,15.51,214.0,46,0,531,948022.05,4515.28,8235.81,3720.53,531,4.63,1.3,False
firm_9,189,13.96,214.0,46,0,531,941770.28,3692.23,7412.76,3720.53,531,4.63,1.4,False
firm_9,190,13.96,214.0,45,0,519,935744.55,3604.27,7245.24,3640.97,519,4.63,1.4,False
firm_9,191,13.26,235.4,46,0,534,927756.57,3340.42,7080.84,3740.42,534,4.63,1.3,False
firm_9,192,11.93,247.17,47,0,542,918312.18,2672.6,6466.06,3793.46,542,4.63,1.3,False
firm_9,193,11.93,271.89,48,0,557,907513.56,2752.1,6645.01,3892.91,557,4.63,1.3,False
firm_9,194,11.33,244.7,47,0,545,898274.16,2361.5,6174.85,3813.35,545,4.63,1.4,False
firm_9,195,10.76,220.23,46,0,534,890149.0,2005.42,5745.84,3740.42,534,4.63,1.3,False
firm_9,196,11.3,209.22,46,0,530,882799.98,2275.1,5989.0,3713.9,530,4.63,1.2,False
firm_9,197,12.43,209.22,47,0,542,875410.24,2943.6,6737.06,3793.46,542,4.63,1.1,False
firm_9,198,11.81,188.3,47,0,542,869167.7,2607.56,6401.02,3793.46,542,4.63,1.1,False
firm_9,199,11.81,169.47,46,0,530,863817.48,2545.4,6259.3,3713.9,530,4.63,1.2,False
firm_9,200,12.99,186.42,46,0,530,858312.96,3170.8,6884.7,3713.9,530,4.63,1.3,False
firm_9,201,12.34,167.78,47,0,542,852822.12,2894.82,6688.28,3793.46,542,4.63,1.2,False
firm_9,202,12.34,151.0,48,0,553,848031.75,2957.63,6824.02,3866.39,553,4.63,1.2,False
firm_9,203,11.72,158.55,47,0,542,843138.68,2558.78,6352.24,3793.46,542,4.63,1.2,False
firm_9,204,12.89,174.41,48,0,553,837528.78,3261.78,7128.17,3866.39,553,4.63,1.2,False
firm_9,205,12.89,174.41,49,0,565,831819.59,3336.9,7282.85,3945.95,565,4.63,1.2,False
firm_9,206,11.6,156.97,48,0,553,826833.44,2548.41,6414.8,3866.39,553,4.63,1.1,False
firm_9,207,11.6,156.97,49,0,565,821021.71,2579.8,6554.0,3974.2,565,4.68,1.1,False
firm_9,208,12.18,156.97,49,0,565,816009.43,2879.25,6881.7,4002.45,565,4.73,1.1,False
firm_9,209,10.96,149.12,49,0,565,810564.25,2161.7,6192.4,4030.7,565,4.78,1.2,False
firm_9,210,12.06,164.03,48,0,553,805183.0,2692.19,6669.18,3976.99,553,4.83,1.2,False
firm_9,211,12.66,172.23,48,0,553,799939.95,3023.99,7000.98,3976.99,553,4.83,1.1,False
firm_9,212,12.66,189.45,49,0,564,793145.02,3088.12,7140.24,4052.12,564,4.83,1.2,False
firm_9,213,12.03,208.4,48,0,552,785812.22,2670.4,6640.56,3970.16,552,4.83,1.1,False
firm_9,214,13.23,218.82,47,0,541,778690.08,3262.4,7157.43,3895.03,541,4.83,1.2,False
firm_9,215,13.23,207.88,48,0,552,771317.04,3305.2,7302.96,3997.76,552,4.88,1.2,False
firm_9,216,11.91,228.67,48,0,552,762817.44,2576.56,6574.32,3997.76,552,4.88,1.3,False
firm_9,217,11.31,240.1,49,0,563,752846.63,2294.09,6367.53,4073.44,563,4.88,1.3,False
firm_9,218,11.31,264.11,48,0,552,742187.11,2217.76,6243.12,4025.36,552,4.93,1.2,False
firm_9,219,10.74,250.9,48,0,552,731819.43,1875.52,5928.48,4052.96,552,4.98,1.2,False
firm_9,220,11.28,225.81,49,0,563,722475.64,2220.9,6350.64,4129.74,563,4.98,1.2,False
firm_9,221,11.84,203.23,50,0,575,714408.64,2594.5,6808.0,4213.5,575,4.98,1.1,False
firm_9,222,11.25,223.55,50,0,575,705486.39,2255.25,6468.75,4213.5,575,4.98,1.0,False
firm_9,223,10.12,245.91,49,0,563,694776.47,1539.67,5697.56,4157.89,563,5.03,0.9,False
firm_9,224,10.0,270.5,49,0,563,682894.08,1472.11,5630.0,4157.89,563,5.03,1.0,False
firm_9,225,10.0,297.55,48,0,551,669820.6,1408.92,5510.0,4101.08,551,5.08,1.0,False
firm_9,226,10.0,327.31,49,0,563,654398.22,1415.81,5630.0,4214.19,563,5.13,1.1,False
firm_9,227,10.0,360.04,50,0,574,637114.9,1418.68,5740.0,4321.32,574,5.18,1.1,False
firm_9,228,10.5,378.04,50,0,575,619593.15,1680.25,6037.5,4357.25,575,5.23,1.2,False
firm_9,229,10.5,359.14,49,0,563,603636.3,1641.01,5911.5,4270.49,563,5.23,1.2,False
firm_9,230,11.55,395.05,50,0,574,585434.78,2250.98,6629.7,4378.72,574,5.28,1.1,False
firm_9,231,10.97,395.05,50,0,574,567600.34,1918.06,6296.78,4378.72,574,5.28,1.0,False
firm_9,232,10.97,375.3,49,0,563,550759.96,1849.32,6176.11,4326.79,563,5.33,1.1,False
firm_9,233,10.97,412.83,50,0,574,531507.82,1889.36,6296.78,4407.42,574,5.33,1.0,False
firm_9,234,10.97,412.83,50,0,579,512673.88,1907.56,6351.63,4444.07,579,5.33,1.1,False
firm_9,235,10.97,454.11,51,0,591,490735.96,1921.69,6483.27,4561.58,591,5.38,1.0,False
firm_9,236,12.07,408.7,52,0,603,471381.48,2597.92,7278.21,4680.29,603,5.43,0.9,False
firm_9,237,12.67,367.83,51,0,586,455492.79,2870.64,7424.62,4553.98,586,5.43,0.9,False
firm_9,238,11.4,404.61,52,0,603,436146.98,2193.91,6874.2,4680.29,603,5.43,0.9,False
firm_9,239,12.54,445.07,53,0,614,414665.11,2906.84,7699.56,4792.72,614,5.48,1.0,False
firm_9,240,12.54,489.58,52,0,603,392058.13,2851.18,7561.62,4710.44,603,5.48,0.9,False
firm_9,241,13.79,500.0,53,0,614,368501.77,3643.64,8467.06,4823.42,614,5.53,0.8,False
firm_9,242,13.1,500.0,53,0,618,345144.03,3242.26,8095.8,4853.54,618,5.53,0.9,False
firm_9,243,14.41,500.0,52,0,606,322783.01,3938.98,8732.46,4793.48,606,5.58,1.0,False
firm_9,244,13.69,500.0,51,0,591,300694.02,3411.01,8090.79,4679.78,591,5.58,0.9,False
firm_9,245,13.01,500.0,50,0,579,278309.04,2915.02,7532.79,4617.77,579,5.63,1.0,False
firm_9,246,13.01,500.0,49,0,567,256431.15,2822.11,7376.67,4554.56,567,5.68,1.0,False
firm_9,247,13.01,475.0,48,0,556,236166.83,2735.68,7233.56,4497.88,556,5.73,1.0,False
firm_9,248,11.71,427.5,49,0,567,216775.99,2056.66,6639.57,4582.91,567,5.73,1.0,False
firm_9,249,12.3,384.75,49,0,567,200086.08,2362.84,6974.1,4611.26,567,5.78,0.9,False
firm_9,250,12.92,423.22,50,0,579,180872.19,2747.11,7480.68,4733.57,579,5.83,1.0,False
firm_9,251,11.63,465.54,50,0,579,159595.39,2000.2,6733.77,4733.57,579,5.83,1.0,False
firm_9,252,11.63,500.0,51,0,594,135322.89,2027.5,6908.22,4880.72,594,5.88,1.1,False
firm_9,253,12.21,450.0,50,0,579,115129.96,2307.07,7069.59,4762.52,579,5.88,1.0,False
firm_9,254,12.82,405.0,51,0,591,96694.5,2719.54,7576.62,4857.08,591,5.88,0.9,False
firm_9,255,13.46,445.5,51,0,591,77071.78,3097.78,7954.86,4857.08,591,5.88,0.8,False
firm_9,256,13.46,423.22,52,0,602,57493.4,3129.06,8102.92,4973.86,602,5.93,0.8,False
firm_9,257,14.13,465.54,53,0,618,35951.38,3631.6,8732.34,5100.74,618,5.93,0.7,False
firm_9,258,12.72,500.0,53,0,618,12211.6,2760.22,7860.96,5100.74,618,5.93,0.6,False
firm_9,259,11.45,450.0,52,0,602,-9599.46,1888.94,6892.9,5003.96,602,5.98,0.7,True
firm_9,260,11.45,450.0,52,0,602,-9599.46,1888.94,6892.9,5003.96,602,5.98,0.7,True
firm_9,261,11.45,450.0,52,0,602,-9599.46,1888.94,6892.9,5003.96,602,5.98,0.7,True
firm_9,262,11.45,450.0,52,0,602,-9599.46,1888.94,6892.9,5003.96,602,5.98,0.7,True
firm_9,263,11.45,450.0,52,0,602,-9599.46,1888.94,6892.9,5003.96,602,5.98,0.7,True
firm_9,264,11.45,450.0,52,0,602,-9599.46,1888.94,6892.9,5003.96,602,5.98,0.7,True
firm_9,265,11.45,450.0,52,0,602,-9599.46,1888.94,6892.9,5003.96,602,5.98,0.7,True
firm_9,266,11.45,450.0,52,0,602,-9599.46,1888.94,6892.9,5003.96,602,5.98,0.7,True
firm_9,267,11.45,450.0,52,0,602,-9599.46,1888.94,6892.9,5003.96,602,5.98,0.7,True
firm_9,268,11.45,450.0,52,0,602,-9599.46,1888.94,6892.9,5003.96,602,5.98,0.7,True
firm_9,269,11.45,450.0,52,0,602,-9599.46,1888.94,6892.9,5003.96,602,5.98,0.7,True
firm_9,270,11.45,450.0,52,0,602,-9599.46,1888.94,6892.9,5003.96,602,5.98,0.7,True
firm_9,271,11.45,450.0,52,0,602,-9599.46,1888.94,6892.9,5003.96,602,5.98,0.7,True
firm_9,272,11.45,450.0,52,0,602,-9599.46,1888.94,6892.9,5003.96,602,5.98,0.7,True
firm_9,273,11.45,450.0,52,0,602,-9599.46,1888.94,6892.9,5003.96,602,5.98,0.7,True
firm_9,274,11.45,450.0,52,0,602,-9599.46,1888.94,6892.9,5003.96,602,5.98,0.7,True
firm_9,275,11.45,450.0,52,0,602,-9599.46,1888.94,6892.9,5003.96,602,5.98,0.7,True
firm_9,276,11.45,450.0,52,0,602,-9599.46,1888.94,6892.9,5003.96,602,5.98,0.7,True
firm_9,277,11.45,450.0,52,0,602,-9599.46,1888.94,6892.9,5003.96,602,5.98,0.7,True
firm_9,278,11.45,450.0,52,0,602,-9599.46,1888.94,6892.9,5003.96,602,5.98,0.7,True
firm_9,279,11.45,450.0,52,0,602,-9599.46,1888.94,6892.9,5003.96,602,5.98,0.7,True
firm_9,280,11.45,450.0,52,0,602,-9599.46,1888.94,6892.9,5003.96,602,5.98,0.7,True
firm_9,281,11.45,450.0,52,0,602,-9599.46,1888.94,6892.9,5003.96,602,5.98,0.7,True
firm_9,282,11.45,450.0,52,0,602,-9599.46,1888.94,6892.9,5003.96,602,5.98,0.7,True
firm_9,283,11.45,450.0,52,0,602,-9599.46,1888.94,6892.9,5003.96,602,5.98,0.7,True
firm_9,284,11.45,450.0,52,0,602,-9599.46,1888.94,6892.9,5003.96,602,5.98,0.7,True
firm_9,285,11.45,450.0,52,0,602,-9599.46,1888.94,6892.9,5003.96,602,5.98,0.7,True
firm_9,286,11.45,450.0,52,0,602,-9599.46,1888.94,6892.9,5003.96,602,5.98,0.7,True
firm_9,287,11.45,450.0,52,0,602,-9599.46,1888.94,6892.9,5003.96,602,5.98,0.7,True
firm_9,288,11.45,450.0,52,0,602,-9599.46,1888.94,6892.9,5003.96,602,5.98,0.7,True
firm_9,289,11.45,450.0,52,0,602,-9599.46,1888.94,6892.9,5003.96,602,5.98,0.7,True
firm_9,290,11.45,450.0,52,0,602,-9599.46,1888.94,6892.9,5003.96,602,5.98,0.7,True
firm_9,291,11.45,450.0,52,0,602,-9599.46,1888.94,6892.9,5003.96,602,5.98,0.7,True
firm_9,292,11.45,450.0,52,0,602,-9599.46,1888.94,6892.9,5003.96,602,5.98,0.7,True
firm_9,293,11.45,450.0,52,0,602,-9599.46,1888.94,6892.9,5003.96,602,5.98,0.7,True
firm_9,294,11.45,450.0,52,0,602,-9599.46,1888.94,6892.9,5003.96,602,5.98,0.7,True
firm_9,295,11.45,450.0,52,0,602,-9599.46,1888.94,6892.9,5003.96,602,5.98,0.7,True
firm_9,296,11.45,450.0,52,0,602,-9599.46,1888.94,6892.9,5003.96,602,5.98,0.7,True
firm_9,297,11.45,450.0,52,0,602,-9599.46,1888.94,6892.9,5003.96,602,5.98,0.7,True
firm_9,298,11.45,450.0,52,0,602,-9599.46,1888.94,6892.9,5003.96,602,5.98,0.7,True
firm_9,299,11.45,450.0,52,0,602,-9599.46,1888.94,6892.9,5003.96,602,5.98,0.7,True
firm_9,300,11.45,450.0,52,0,602,-9599.46,1888.94,6892.9,5003.96,602,5.98,0.7,True
firm_9,301,11.45,450.0,52,0,602,-9599.46,1888.94,6892.9,5003.96,602,5.98,0.7,True
firm_9,302,11.45,450.0,52,0,602,-9599.46,1888.94,6892.9,5003.96,602,5.98,0.7,True
firm_9,303,11.45,450.0,52,0,602,-9599.46,1888.94,6892.9,5003.96,602,5.98,0.7,True
firm_9,304,11.45,450.0,52,0,602,-9599.46,1888.94,6892.9,5003.96,602,5.98,0.7,True
firm_9,305,11.45,450.0,52,0,602,-9599.46,1888.94,6892.9,5003.96,602,5.98,0.7,True
firm_9,306,11.45,450.0,52,0,602,-9599.46,1888.94,6892.9,5003.96,602,5.98,0.7,True
firm_9,307,11.45,450.0,52,0,602,-9599.46,1888.94,6892.9,5003.96,602,5.98,0.7,True
firm_9,308,11.45,450.0,52,0,602,-9599.46,1888.94,6892.9,5003.96,602,5.98,0.7,True
firm_9,309,11.45,450.0,52,0,602,-9599.46,1888.94,6892.9,5003.96,602,5.98,0.7,True
firm_9,310,11.45,450.0,52,0,602,-9599.46,1888.94,6892.9,5003.96,602,5.98,0.7,True
firm_9,311,11.45,450.0,52,0,602,-9599.46,1888.94,6892.9,5003.96,602,5.98,0.7,True
firm_9,312,11.45,450.0,52,0,602,-9599.46,1888.94,6892.9,5003.96,602,5.98,0.7,True
firm_9,313,11.45,450.0,52,0,602,-9599.46,1888.94,6892.9,5003.96,602,5.98,0.7,True
firm_9,314,11.45,450.0,52,0,602,-9599.46,1888.94,6892.9,5003.96,602,5.98,0.7,True
firm_9,315,11.45,450.0,52,0,602,-9599.46,1888.94,6892.9,5003.96,602,5.98,0.7,True
firm_9,316,11.45,450.0,52,0,602,-9599.46,1888.94,6892.9,5003.96,602,5.98,0.7,True
firm_9,317,11.45,450.0,52,0,602,-9599.46,1888.94,6892.9,5003.96,602,5.98,0.7,True
firm_9,318,11.45,450.0,52,0,602,-9599.46,1888.94,6892.9,5003.96,602,5.98,0.7,True
firm_9,319,11.45,450.0,52,0,602,-9599.46,1888.94,6892.9,5003.96,602,5.98,0.7,True
firm_9,320,11.45,450.0,52,0,602,-9599.46,1888.94,6892.9,5003.96,602,5.98,0.7,True
firm_9,321,11.45,450.0,52,0,602,-9599.46,1888.94,6892.9,5003.96,602,5.98,0.7,True
firm_9,322,11.45,450.0,52,0,602,-9599.46,1888.94,6892.9,5003.96,602,5.98,0.7,True
firm_9,323,11.45,450.0,52,0,602,-9599.46,1888.94,6892.9,5003.96,602,5.98,0.7,True
firm_9,324,11.45,450.0,52,0,602,-9599.46,1888.94,6892.9,5003.96,602,5.98,0.7,True
firm_9,325,11.45,450.0,52,0,602,-9599.46,1888.94,6892.9,5003.96,602,5.98,0.7,True
firm_9,326,11.45,450.0,52,0,602,-9599.46,1888.94,6892.9,5003.96,602,5.98,0.7,True
firm_9,327,11.45,450.0,52,0,602,-9599.46,1888.94,6892.9,5003.96,602,5.98,0.7,True
firm_9,328,11.45,450.0,52,0,602,-9599.46,1888.94,6892.9,5003.96,602,5.98,0.7,True
firm_9,329,11.45,450.0,52,0,602,-9599.46,1888.94,6892.9,5003.96,602,5.98,0.7,True
firm_9,330,11.45,450.0,52,0,602,-9599.46,1888.94,6892.9,5003.96,602,5.98,0.7,True
firm_9,331,11.45,450.0,52,0,602,-9599.46,1888.94,6892.9,5003.96,602,5.98,0.7,True
firm_9,332,11.45,450.0,52,0,602,-9599.46,1888.94,6892.9,5003.96,602,5.98,0.7,True
firm_9,333,11.45,450.0,52,0,602,-9599.46,1888.94,6892.9,5003.96,602,5.98,0.7,True
firm_9,334,11.45,450.0,52,0,602,-9599.46,1888.94,6892.9,5003.96,602,5.98,0.7,True
firm_9,335,11.45,450.0,52,0,602,-9599.46,1888.94,6892.9,5003.96,602,5.98,0.7,True
firm_9,336,11.45,450.0,52,0,602,-9599.46,1888.94,6892.9,5003.96,602,5.98,0.7,True
firm_9,337,11.45,450.0,52,0,602,-9599.46,1888.94,6892.9,5003.96,602,5.98,0.7,True
firm_9,338,11.45,450.0,52,0,602,-9599.46,1888.94,6892.9,5003.96,602,5.98,0.7,True
firm_9,339,11.45,450.0,52,0,602,-9599.46,1888.94,6892.9,5003.96,602,5.98,0.7,True
firm_9,340,11.45,450.0,52,0,602,-9599.46,1888.94,6892.9,5003.96,602,5.98,0.7,True
firm_9,341,11.45,450.0,52,0,602,-9599.46,1888.94,6892.9,5003.96,602,5.98,0.7,True
firm_9,342,11.45,450.0,52,0,602,-9599.46,1888.94,6892.9,5003.96,602,5.98,0.7,True
firm_9,343,11.45,450.0,52,0,602,-9599.46,1888.94,6892.9,5003.96,602,5.98,0.7,True
firm_9,344,11.45,450.0,52,0,602,-9599.46,1888.94,6892.9,5003.96,602,5.98,0.7,True
firm_9,345,11.45,450.0,52,0,602,-9599.46,1888.94,6892.9,5003.96,602,5.98,0.7,True
firm_9,346,11.45,450.0,52,0,602,-9599.46,1888.94,6892.9,5003.96,602,5.98,0.7,True
firm_9,347,11.45,450.0,52,0,602,-9599.46,1888.94,6892.9,5003.96,602,5.98,0.7,True
firm_9,348,11.45,450.0,52,0,602,-9599.46,1888.94,6892.9,5003.96,602,5.98,0.7,True
firm_9,349,11.45,450.0,52,0,602,-9599.46,1888.94,6892.9,5003.96,602,5.98,0.7,True
firm_9,350,11.45,450.0,52,0,602,-9599.46,1888.94,6892.9,5003.96,602,5.98,0.7,True
firm_9,351,11.45,450.0,52,0,602,-9599.46,1888.94,6892.9,5003.96,602,5.98,0.7,True
firm_9,352,11.45,450.0,52,0,602,-9599.46,1888.94,6892.9,5003.96,602,5.98,0.7,True
firm_9,353,11.45,450.0,52,0,602,-9599.46,1888.94,6892.9,5003.96,602,5.98,0.7,True
firm_9,354,11.45,450.0,52,0,602,-9599.46,1888.94,6892.9,5003.96,602,5.98,0.7,True
firm_9,355,11.45,450.0,52,0,602,-9599.46,1888.94,6892.9,5003.96,602,5.98,0.7,True
firm_9,356,11.45,450.0,52,0,602,-9599.46,1888.94,6892.9,5003.96,602,5.98,0.7,True
firm_9,357,11.45,450.0,52,0,602,-9599.46,1888.94,6892.9,5003.96,602,5.98,0.7,True
firm_9,358,11.45,450.0,52,0,602,-9599.46,1888.94,6892.9,5003.96,602,5.98,0.7,True
firm_9,359,11.45,450.0,52,0,602,-9599.46,1888.94,6892.9,5003.96,602,5.98,0.7,True
firm_9,360,11.45,450.0,52,0,602,-9599.46,1888.94,6892.9,5003.96,602,5.98,0.7,True
firm_9,361,11.45,450.0,52,0,602,-9599.46,1888.94,6892.9,5003.96,602,5.98,0.7,True
firm_9,362,11.45,450.0,52,0,602,-9599.46,1888.94,6892.9,5003.96,602,5.98,0.7,True
firm_9,363,11.45,450.0,52,0,602,-9599.46,1888.94,6892.9,5003.96,602,5.98,0.7,True
firm_9,364,11.45,450.0,52,0,602,-9599.46,1888.94,6892.9,5003.96,602,5.98,0.7,True
firm_9,365,11.45,450.0,52,0,602,-9599.46,1888.94,6892.9,5003.96,602,5.98,0.7,True
