seed,step,firm_id,price,wage,capital,employees,max_employees,quality,marketing,profit,revenue,costs,inventory,production,sales,bankrupt
963652,1,0,38.96624319579584,35.20866852473599,90888.70346633358,10,10,0.27219306797389436,0.6497883616084722,4135.994966766984,4604.491294426044,468.49632765905955,0.0,118.16615913650185,118.16615913650186,False
963652,1,1,44.48686189254925,46.23857607483473,68565.86479658225,10,10,0.21216460350051808,0.25652960949817416,4845.2879591377705,5309.299487389759,464.0115282519883,0.0,119.34533616269684,119.34533616269687,False
963652,1,2,57.078567483379295,38.95447486453228,69943.75714150498,21,21,0.20522100814480587,0.512234967398266,13505.427637169592,14256.214109883358,750.7864727137667,0.0,249.7647495101313,249.76474951013137,False
963652,1,3,86.17841657213238,25.049729492996253,106181.72298258124,11,11,0.37010094947093014,0.5100941995732524,10680.081615149169,11187.770554782428,507.6889396332597,0.0,129.82102711782974,129.82102711782977,False
963652,1,4,43.028160658939484,38.00356345324705,55493.98162035004,14,14,0.2996233485032817,0.5386351614358706,6567.747037903499,7149.869012638372,582.1219747348725,0.0,166.16720080859244,166.16720080859238,False
963652,1,5,45.43263027143112,17.08174914452607,75584.22971907868,12,12,0.25417031506854765,0.2281500168400084,5894.80533829479,6412.990129590964,518.184791296174,0.0,141.15383791951774,141.15383791951774,False
963652,1,6,75.95721240185843,37.119803253486225,90697.39118238183,20,20,0.48494932356250725,0.4446263860583569,17196.756183995272,17985.14227284533,788.3860888500562,0.0,236.77991469320028,236.77991469320023,False
963652,1,7,84.93034266946079,42.79294442482806,112774.03298047889,19,19,0.4344229112599953,0.6320419871318789,18476.57903717578,19227.717712219634,751.1386750438537,0.0,226.3939730827617,226.3939730827617,False
963652,1,8,68.76246882235411,49.650188147635724,89779.73603115289,20,20,0.20782193685407313,0.4717778551192485,15729.822501872306,16458.263613284584,728.4411114122776,0.0,239.34951573370708,239.34951573370705,False
963652,1,9,55.41817332045012,22.113984147647972,59127.749338650996,14,14,0.20910629420519883,0.5928401396491246,8576.669584703091,9141.054775147488,564.3851904443967,0.0,164.94687983110234,164.94687983110234,False
963652,2,0,42.86286751537543,38.729535377209594,94757.4532910924,11,11,0.32219306797389435,0.7497883616084722,5094.774713908083,5598.0624441868,503.2877302787175,0.0,130.60401155332661,130.60401155332661,False
963652,2,1,48.93554808180418,50.86243368231821,73132.56610362942,11,11,0.26216460350051807,0.35652960949817414,5926.188077552615,6423.112037005192,496.92395945257704,0.0,131.25656682679545,131.25656682679545,False
963652,2,2,62.78642423171723,42.84992235098551,83962.61532180033,22,22,0.25522100814480586,0.512234967398266,15661.556472017046,16452.51309393395,790.9566219169054,0.0,262.03933884202297,262.03933884202297,False
963652,2,3,94.79625822934563,27.55470244229588,117921.04423023036,12,12,0.42010094947093013,0.6100941995732524,12869.977676956716,13412.389250645958,542.4115736892419,0.0,141.48648376180265,141.48648376180262,False
963652,2,4,47.330976724833434,41.803919798571755,61890.878311705426,15,15,0.3496233485032817,0.6386351614358706,7823.955488333949,8443.09079102276,619.1353026888107,0.0,178.38403885278095,178.38403885278098,False
963652,2,5,49.97589329857424,17.08174914452607,81643.65710159324,13,13,0.30417031506854764,0.32815001684000844,7081.490121393326,7633.434467793067,551.9443463997401,0.0,152.74233163153565,152.74233163153565,False
963652,2,6,72.15935178176551,37.119803253486225,106503.94841200179,21,21,0.48494932356250725,0.4446263860583569,17086.07309794321,17902.583812585566,816.5107146423587,0.0,248.09790235822922,248.09790235822913,False
963652,2,7,93.42337693640687,38.51364998234525,132649.00673117183,20,20,0.4844229112599953,0.6320419871318789,21345.246750339782,22133.85594679582,788.6091964560364,0.0,236.91988742670165,236.91988742670154,False
963652,2,8,75.63871570458953,54.6152069623993,106172.76941433351,21,21,0.2578219368540731,0.4717778551192485,18239.952729390876,19007.322894147263,767.3701647563852,0.0,251.29092577908426,251.29092577908426,False
963652,2,9,60.95999065249514,21.008284940265572,68175.51202735574,15,15,0.2591062942051988,0.6928401396491246,10162.886962808767,10761.703154757877,598.8161919491101,0.0,176.53715231200403,176.53715231200405,False
963652,3,0,47.14915426691297,36.793058608349114,99791.58372669523,12,12,0.37219306797389434,0.7497883616084722,6175.6471389030685,6713.416061621116,537.7689227180472,0.0,142.38677588183742,142.38677588183742,False
963652,3,1,53.829102889984604,48.3193119982023,79135.35275589232,12,12,0.26216460350051807,0.4565296094981741,7182.618396241332,7706.482844511402,523.8644482700697,0.0,143.1657306320307,143.16573063203072,False
963652,3,2,69.06506665488895,40.70742623343623,100284.98692995396,23,23,0.30522100814480585,0.612234967398266,18058.642411522644,18889.114301616035,830.4718900933898,0.0,273.4973730786796,273.4973730786796,False
963652,3,3,104.27588405228019,27.55470244229588,132251.47591899591,13,13,0.4701009494709301,0.6100941995732524,15388.642820515455,15966.868106529251,578.2252860137951,0.0,153.12138805290812,153.12138805290815,False
963652,3,4,52.06407439731678,45.98431177842893,69621.04037491874,16,16,0.3996233485032817,0.7386351614358706,9265.911051668121,9923.272820393051,657.3617687249306,0.0,190.59731562047062,190.59731562047062,False
963652,3,5,54.97348262843167,16.22766168729977,89056.29432631317,14,14,0.3541703150685476,0.4281500168400084,8439.824488342116,9026.367326772406,586.5428384302904,0.0,164.1949335424507,164.1949335424507,False
963652,3,6,79.37528695994206,33.407822928137605,124725.15226991105,22,22,0.5349493235625072,0.5446263860583569,19756.175962328438,20614.5267233049,858.3507609764634,0.0,259.7096339784994,259.7096339784993,False
963652,3,7,102.76571463004757,36.587967483227985,156107.5880198079,21,21,0.4844229112599953,0.6320419871318789,24726.928605784116,25544.48180513077,817.5531993466525,0.0,248.57007901020174,248.57007901020174,False
963652,3,8,83.20258727504849,51.884446614279334,125425.21105692603,22,22,0.3078219368540731,0.37177785511924855,21093.8994681066,21901.38659175685,807.4871236502503,0.0,263.22963394582837,263.22963394582837,False
963652,3,9,67.05598971774465,23.10911343429213,79085.66334653604,16,16,0.3091062942051988,0.5928401396491246,11979.897134128867,12614.275989883394,634.3788557545272,0.0,188.1155739103997,188.11557391039966,False
963652,4,0,51.86406969360427,40.47236446918403,105909.98810246322,13,13,0.42219306797389433,0.8497883616084722,7444.545113867378,8019.056872853168,574.5117589857904,0.0,154.6168073625363,154.6168073625363,False
963652,4,1,59.21201317898307,53.151243198022534,86368.0411137997,13,13,0.31216460350051806,0.4565296094981741,8623.654519481675,9182.20980854186,558.555289060185,0.0,155.07342708964043,155.07342708964043,False
963652,4,2,75.97157332037786,38.67205492176441,119257.44845010542,24,24,0.35522100814480584,0.712234967398266,20700.590838273984,21569.26714562699,868.6763073530038,0.0,283.9123398783354,283.91233987833533,False
963652,4,3,114.70347245750821,24.799232198066292,149342.12595701974,14,14,0.5201009494709301,0.7100941995732524,18237.839288796833,18852.029160907783,614.1898721109515,0.0,164.35447643393272,164.35447643393272,False
963652,4,4,57.270481837048465,50.58274295627183,78859.57053436589,17,17,0.4496233485032817,0.8386351614358706,10898.43678970387,11594.360980632531,695.9241909286613,0.0,202.44916069716214,202.44916069716214,False
963652,4,5,60.47083089127484,14.604895518569792,98035.99733650786,15,15,0.4041703150685476,0.5281500168400084,9998.776442973216,10621.042771549788,622.2663285765719,0.0,175.6391075665254,175.6391075665254,False
963652,4,6,87.31281565593628,36.74860522095137,145864.97905186174,23,23,0.5849493235625073,0.6446263860583569,22785.044702032697,23686.2918634034,901.2471613707025,0.0,271.28081582824325,271.2808158282432,False
963652,4,7,113.04228609305234,40.246764231550785,183079.62074144688,22,22,0.5344229112599953,0.7320419871318788,28657.461534733295,29519.2878479805,861.826313247204,0.0,261.13491568704893,261.13491568704904,False
963652,4,8,91.52284600255334,57.07289127570727,147647.78078258474,23,23,0.3578219368540731,0.4717778551192485,24335.246224999915,25184.040327638137,848.7941026382226,0.0,275.1667089432025,275.1667089432025,False
963652,4,9,73.76158868951913,25.420024777721345,91934.72100865851,17,17,0.3591062942051988,0.6928401396491246,14081.198083343692,14753.04252287845,671.8444395347578,0.0,200.00982604886224,200.0098260488623,False
963652,5,0,57.050476662964705,40.47236446918403,113429.25351770048,14,14,0.4721930679738943,0.9497883616084721,8885.878517805832,9497.43499061206,611.5564728062292,0.0,166.47424432086268,166.47424432086268,False
963652,5,1,65.13321449688138,50.49368103812141,95221.79253740027,14,14,0.36216460350051805,0.4565296094981741,10260.662958134231,10854.312702894344,593.649744760113,0.0,166.6478890492047,166.64788904920476,False
963652,5,2,83.56873065241565,34.804849429587975,140949.46439583978,24,24,0.4052210081448058,0.812234967398266,22827.332332044636,23709.73041622452,882.3980841798829,0.0,283.7153350436723,283.7153350436724,False
963652,5,3,126.17381970325904,27.279155417872925,169671.1579210522,15,15,0.5701009494709302,0.8100941995732523,21538.219295300485,22190.22364123726,652.0043459367752,0.0,175.87026923196257,175.87026923196248,False
963652,5,4,62.99753002075332,53.11188010408542,90038.75247696381,18,18,0.49962334850328166,0.8386351614358706,12835.195784471483,13573.7777210614,738.5819365899167,0.0,215.46523675753292,215.46523675753292,False
963652,5,5,66.51791398040233,13.874650742641302,108802.92837899982,16,16,0.4541703150685476,0.6281500168400084,11788.925454374203,12448.200284040708,659.2748296665056,0.0,187.14056919626526,187.14056919626535,False
963652,5,6,96.04409722152991,33.07374469885623,170496.1462669674,24,24,0.6349493235625073,0.7446263860583568,26224.937087878396,27170.349841037685,945.4127531592878,0.0,282.89453102326615,282.89453102326615,False
963652,5,7,124.34651470235758,40.246764231550785,214372.40809412205,23,23,0.5844229112599953,0.8320419871318788,33018.46293000106,33923.53094756128,905.0680175602266,0.0,272.81448964422066,272.81448964422077,False
963652,5,8,100.67513060280868,51.365602148136546,173645.61579567136,24,24,0.4078219368540731,0.4717778551192485,27930.609464642082,28819.887511284127,889.2780466420442,0.0,286.26620436169657,286.2662043616966,False
963652,5,9,81.13774755847105,27.96202725549348,106694.18686226784,17,17,0.4091062942051988,0.7928401396491246,15534.820316952646,16216.30779158742,681.4874746347743,0.0,199.8614489501487,199.86144895014877,False
963652,6,0,62.75552432926118,36.425128022265625,122791.92997435926,15,15,0.4721930679738943,1.0497883616084722,10509.05337699278,11148.226975552116,639.1735985593348,0.0,177.64534827341092,177.64534827341095,False
963652,6,1,71.64653594656953,55.54304914193355,105824.3423516271,15,15,0.41216460350051803,0.5565296094981741,12235.695551355928,12868.962208465433,633.2666571095051,0.0,179.61736793614799,179.617367936148,False
963652,6,2,91.92560371765722,38.28533437254678,165560.9715606331,25,25,0.4552210081448058,0.9122349673982659,26368.64052410692,27297.729663967046,929.0891398601264,0.0,296.9545867526748,296.9545867526748,False
963652,6,3,138.79120167358496,24.55123987608563,193791.89083139406,16,16,0.6201009494709302,0.9100941995732523,25313.5527483591,26004.46516240933,690.9124140502336,0.0,187.36393120630032,187.36393120630035,False
963652,6,4,69.29728302282865,53.11188010408542,103166.52729645239,19,19,0.5496233485032817,0.9386351614358706,14936.90054146623,15715.099016630735,778.1984751645053,0.0,226.77799664171107,226.77799664171104,False
963652,6,5,73.16970537844257,15.262115816905434,121675.2295731692,17,17,0.5041703150685476,0.6281500168400084,13831.757163056784,14528.999697546404,697.2425344896208,0.0,198.56578104832678,198.56578104832676,False
963652,6,6,100.84630208260641,31.42005746391342,196988.71390373894,24,24,0.6849493235625074,0.8446263860583568,27546.64901590573,28505.58666715482,958.9376512490927,0.0,282.663678077209,282.6636780772089,False
963652,6,7,136.78116617259334,36.222087808395706,250537.22331501992,24,24,0.6344229112599954,0.9320419871318788,37834.145328299244,38781.07381442631,946.9284861270655,0.0,283.5264159503622,283.52641595036215,False
963652,6,8,110.74264366308955,48.79732204072972,203758.91485105947,25,25,0.4578219368540731,0.4717778551192485,32033.23210640671,32964.853987515104,931.6218811083935,0.0,297.6708239673555,297.6708239673555,False
963652,6,9,89.25152231431817,30.75822998104283,123489.96884521266,18,18,0.4591062942051988,0.8928401396491246,18149.430122603626,18869.32807197188,719.8979493682532,0.0,211.41743673031752,211.4174367303175,False
963652,7,0,69.0310767621873,34.603871621152344,133795.35693372053,16,16,0.5221930679738943,1.1497883616084723,12357.08890529963,13033.286983386366,676.1980780867353,0.0,188.80318248962223,188.8031824896222,False
963652,7,1,64.48188235191257,49.9887442277402,115831.52536992196,16,16,0.462164603500518,0.6565296094981741,11607.002925938687,12275.737478965859,668.7345530271718,0.0,190.3749864492247,190.3749864492247,False
963652,7,2,101.11816408942296,38.28533437254678,194000.92932002136,26,26,0.5052210081448059,0.812234967398266,30135.376453074405,31106.034137609644,970.6576845352403,0.0,307.62063787176055,307.62063787176055,False
963652,7,3,152.67032184094347,23.32367788228135,220993.97882339678,16,16,0.6701009494709302,1.0100941995732524,27875.26683811936,28575.02474644504,699.7579083256796,0.0,187.16816996177795,187.1681699617779,False
963652,7,4,76.22701132511152,58.42306811449397,118620.74559110138,20,20,0.5996233485032817,1.0386351614358706,17422.67965693895,18244.89824649325,822.2185895542984,0.0,239.34951573370708,239.34951573370708,False
963652,7,5,80.48667591628684,14.49901002606016,136883.00786426483,18,18,0.5541703150685476,0.6281500168400084,16168.760471564745,16905.232406714287,736.4719351495421,0.0,210.03765175116934,210.0376517511694,False
963652,7,6,110.93093229086706,28.27805171752208,227131.1350913804,25,25,0.7349493235625074,0.8446263860583568,31549.372480579637,32551.924686381357,1002.552205801718,0.0,293.44317237890334,293.44317237890334,False
963652,7,7,150.4592827898527,39.84429658923528,291194.6219420226,24,24,0.6844229112599954,1.032041987131879,41913.66174514425,42878.68279512933,965.0210499850785,0.0,284.9852930311932,284.9852930311932,False
963652,7,8,121.81690802939852,53.6770542448027,238351.86347774102,26,26,0.5078219368540731,0.5717778551192485,36788.552037046145,37766.034333231204,977.4822961850618,0.0,310.02292657204015,310.0229265720403,False
963652,7,9,98.17667454574999,33.83405297914712,143347.9258076968,19,19,0.5091062942051988,0.7928401396491246,21200.80396908792,21962.090232774495,761.2862636865763,0.0,223.6996754513236,223.6996754513236,False
963652,8,0,75.93418443840604,38.06425878326758,146857.39663458365,17,17,0.5721930679738944,1.2497883616084724,14509.132100178707,15224.858662629149,715.7265624504421,0.0,200.5007201332199,200.5007201332199,False
963652,8,1,70.93007058710384,44.98986980496618,127904.14172043442,17,17,0.5121646035005181,0.756529609498174,13637.444137196875,14345.526588196071,708.0824509991962,0.0,202.2488694774301,202.24886947743013,False
963652,8,2,111.22998049836526,38.28533437254678,226665.45202561325,27,27,0.5552210081448059,0.9122349673982659,34498.226733650576,35514.07061783395,1015.8438841833763,0.0,319.2850565891801,319.2850565891801,False
963652,8,3,167.93735402503782,25.656045670509485,252473.8757367825,17,17,0.7201009494709303,1.0100941995732524,32616.049689784293,33356.32600026284,740.276310478546,0.0,198.62362482672995,198.62362482672992,False
963652,8,4,83.84971245762267,64.26537492594338,136270.640098384,20,20,0.6496233485032817,1.1386351614358707,19235.20200580159,20069.388071142574,834.1860653409839,0.0,239.34951573370708,239.34951573370708,False
963652,8,5,88.53534350791553,15.948911028666178,154614.2687677953,19,19,0.6041703150685477,0.7281500168400084,18834.29021307484,19611.13016183299,776.8399487581465,0.0,221.50622999592974,221.50622999592983,False
963652,8,6,122.02402551995378,31.10585688927429,261671.83611954114,26,26,0.7849493235625075,0.9446263860583568,36149.453307281954,37198.431583776226,1048.9782764942752,0.0,304.84514361225865,304.84514361225865,False
963652,8,7,165.50521106883798,43.82872624815881,337403.73940165987,25,25,0.7344229112599955,1.132041987131879,48104.83561584167,49116.31936380223,1011.4837479605578,0.0,296.76599937009524,296.7659993700951,False
963652,8,8,133.9985988323384,50.99320153256256,278289.6441256676,27,27,0.5578219368540731,0.6717778551192485,42114.597089306095,43138.03413251705,1023.4370432109569,0.0,321.92899409711134,321.92899409711134,False
963652,8,9,107.99434200032499,37.21745827706183,166514.4155070123,20,20,0.5591062942051989,0.7928401396491246,24610.838864856854,25413.04336962547,802.2045047686158,0.0,235.31828518894997,235.31828518894991,False
963652,9,0,83.52760288224664,41.870684661594346,162426.06160842706,18,18,0.6221930679738944,1.3497883616084725,17122.33729775189,17883.764684221384,761.4273864694957,0.0,214.10604479375624,214.10604479375627,False
963652,9,1,78.02307764581423,40.490882824469566,142299.9415855265,18,18,0.5621646035005181,0.856529609498174,15924.635755932486,16672.124108677737,747.4883527452519,0.0,213.6819593859248,213.68195938592484,False
963652,9,2,122.3529785482018,34.4568009352921,264240.8352613494,28,28,0.605221008144806,1.012234967398266,39340.17366192439,40400.405980306474,1060.2323183820877,0.0,330.195524944989,330.195524944989,False
963652,9,3,167.93735402503782,24.373243386984008,285736.5220247669,18,18,0.7701009494709303,1.1100941995732525,34501.36466894992,35283.35826288234,781.9935939324226,0.0,210.0983337966724,210.09833379667242,False
963652,9,4,88.04219808050381,70.69191241853773,155231.92455036953,21,21,0.6996233485032818,1.2386351614358708,21245.8146127751,22124.20546327532,878.3908505002211,0.0,251.29092577908426,251.2909257790843,False
963652,9,5,97.38887785870709,14.35401992579956,175392.9540076731,20,20,0.6541703150685477,0.8281500168400083,21865.76563839408,22683.97940244362,818.21376404954,0.0,232.9216631426208,232.92166314262084,False
963652,9,6,134.22642807194916,34.21644257820172,300527.4162690782,26,26,0.8349493235625075,0.9446263860583568,39945.20765657056,41011.39494949399,1066.1872929234273,0.0,305.5388982526654,305.53889825266543,False
963652,9,7,182.0557321757218,39.44585362334293,390633.1888205462,26,26,0.7844229112599955,1.132041987131879,54955.041613092864,56011.7038540789,1056.6622409860342,0.0,307.6624019726878,307.66240197268775,False
963652,9,8,147.39845871557225,48.44354145593443,324264.035345479,28,28,0.6078219368540732,0.7717778551192485,48130.81038057816,49201.29586458793,1070.4854840097769,0.0,333.79789920008136,333.7978992000813,False
963652,9,9,118.7937762003575,33.49571244935565,193371.3378764054,21,21,0.6091062942051989,0.8928401396491246,28360.33233082979,29201.698725459573,841.3663946297821,0.0,245.8184229804094,245.81842298040942,False
963652,10,0,91.88036317047131,37.683616195434915,180821.14530068415,19,19,0.6721930679738944,1.4497883616084726,19911.07239997019,20713.491081969554,802.418681999363,0.0,225.43980418904678,225.43980418904675,False
963652,10,1,85.82538541039565,38.466338683246086,159372.03656819277,19,19,0.6121646035005182,0.956529609498174,18602.955417647812,19393.20314639704,790.2477287492287,0.0,225.96115419305798,225.96115419305798,False
963652,10,2,134.588276403022,32.73396088852749,307579.7198789157,29,29,0.605221008144806,0.912234967398266,44788.16948333347,45876.19350963972,1088.0240263062483,0.0,340.8632217880877,340.86322178808757,False
963652,10,3,184.7310894275416,26.81056772568241,324541.7038338078,19,19,0.8201009494709304,1.2100941995732526,40114.58259582885,40939.56514145295,824.9825456241014,0.0,221.61708280029913,221.61708280029913,False
963652,10,4,92.444307984529,77.7611036603915,176131.47927346846,22,22,0.7496233485032818,1.338635161435871,23410.299003627562,24334.081351142984,923.7823475154217,0.0,263.22963394582837,263.2296339458283,False
963652,10,5,107.1277656445778,12.918617933219604,199739.28729184292,21,21,0.7041703150685478,0.8281500168400083,25317.624260767672,26178.432786075562,860.8085253078904,0.0,244.36645932604273,244.36645932604273,False
963652,10,6,147.6490708791441,32.505620449291634,343224.36746024236,26,26,0.8849493235625076,1.044626386058357,43842.097322846326,44919.79559168869,1077.6982688423645,0.0,304.2335134533768,304.233513453377,False
963652,10,7,182.0557321757218,37.47356094217578,444265.77858307457,26,26,0.8344229112599956,1.232041987131879,54906.90234702456,55978.4296627328,1071.5273157082447,0.0,307.4796327132502,307.4796327132503,False
963652,10,8,162.13830458712948,53.28789560152788,376845.15437443706,29,29,0.6578219368540732,0.8717778551192484,54926.468001402536,56045.17813771876,1118.7101363162242,0.0,345.6627863504106,345.6627863504107,False
963652,10,9,130.67315382039325,36.84528369429122,223798.65551912072,21,21,0.659106294205199,0.9928401396491245,31501.068600295686,32359.562825555084,858.4942252593985,0.0,247.6374211495073,247.6374211495074,False
963652,11,0,101.06839948751845,33.915254575891424,202233.001911413,20,20,0.7221930679738945,1.5497883616084727,22890.161702246853,23729.290352071024,839.1286498241705,0.0,234.78446747345095,234.78446747345097,False
963652,11,1,94.40792395143522,36.54302174908378,179458.38711612916,20,20,0.6621646035005182,1.056529609498174,21617.210982918263,22450.27573968334,833.0647567650788,0.0,237.80075654700423,237.80075654700426,False
963652,11,2,141.31769022317312,29.460564799674742,353214.8806242065,29,29,0.655221008144806,0.912234967398266,46689.517124481106,47787.39548793084,1097.8783634497277,0.0,338.15579219037295,338.155792190373,False
963652,11,3,175.49453495616453,29.491624498250655,363344.361387493,20,20,0.8701009494709304,1.3100941995732527,40192.490043650665,41064.066606336346,871.5765626856833,0.0,233.99057193771552,233.99057193771552,False
963652,11,4,97.06652338375545,73.87304847737192,199371.51180346718,23,23,0.7996233485032819,1.438635161435871,25739.112644978202,26709.4757880664,970.3631430881965,0.0,275.1667089432025,275.16670894320254,False
963652,11,5,112.4841539268067,11.626756139897644,226545.55962287576,22,22,0.7541703150685478,0.9281500168400083,27862.06096611032,28766.405328048575,904.3443619382549,0.0,255.73740232572533,255.73740232572527,False
963652,11,6,162.4139779670585,35.7561824942208,392292.9918025066,27,27,0.9349493235625076,1.144626386058357,50834.04126960828,51973.238894380156,1139.1976247718794,0.0,320.00471600370264,320.0047160037025,False
963652,11,7,200.261305393294,35.59988289506699,505243.0550020274,27,27,0.8844229112599956,1.3320419871318792,62738.47325711969,63858.24244173575,1119.769184616062,0.0,318.87459395275755,318.87459395275727,False
963652,11,8,162.13830458712948,50.62350082145148,431426.4480790183,30,30,0.7078219368540732,0.8717778551192484,56799.99872922538,57968.10623535532,1168.1075061299402,0.0,357.5225877868026,357.5225877868025,False
963652,11,9,143.7404692024326,35.00301950957665,258556.53217123594,22,22,0.709106294205199,1.0928401396491245,36327.94308132588,37229.61736479986,901.6742834739789,0.0,259.00581493419656,259.00581493419674,False
963652,12,0,90.96155953876661,37.30678003348057,221818.64179017663,20,20,0.7721930679738945,1.6497883616084728,20631.775479433258,21486.612971624556,854.8374921913,0.0,236.21640922358247,236.2164092235825,False
963652,12,1,103.84871634657875,40.19732392399216,202860.58136057568,21,21,0.7121646035005182,1.156529609498174,25046.338046850287,25923.365523450626,877.027476600338,0.0,249.62624898448888,249.62624898448885,False
963652,12,2,127.1859212008558,32.406621279642216,394753.89468034194,30,30,0.705221008144806,1.012234967398266,43311.21269452523,44456.80061690084,1145.5879223756087,0.0,349.54183762755736,349.5418376275573,False
963652,12,3,193.043988451781,32.440786948075726,408334.42922315386,21,21,0.9201009494709305,1.4100941995732528,46471.32436157053,47388.14632629936,916.8219647288245,0.0,245.4784876045808,245.4784876045808,False
963652,12,4,106.773175722131,66.48574362963474,226612.57577611477,24,24,0.8496233485032819,1.538635161435871,29636.721819758703,30654.85608478752,1018.1342650288178,0.0,287.10259742170115,287.10259742170103,False
963652,12,5,118.10836162314703,10.46408052590788,256102.6141717361,23,23,0.8041703150685479,1.0281500168400084,30597.728400956286,31546.721779026615,948.9933780703286,0.0,267.0998170280608,267.09981702806084,False
963652,12,6,178.65537576376437,33.96837336950976,448476.2086360509,28,28,0.9349493235625076,1.244626386058357,57734.331287889865,58901.97249995067,1167.6412120608056,0.0,329.6960544743788,329.6960544743788,False
963652,12,7,180.23517485396462,39.159871184573696,560398.3361964345,27,27,0.9344229112599957,1.4320419871318792,56512.5977163901,57651.2217451806,1138.6240287904996,0.0,319.86665084599855,319.86665084599855,False
963652,12,8,145.92447412841653,48.0923257803789,481818.5745974072,31,31,0.7578219368540733,0.9717778551192484,52682.98861758027,53901.674630443275,1218.6860128630037,0.0,369.38063304589133,369.3806330458912,False
963652,12,9,129.36642228218935,33.25286853409782,290954.2066478266,23,23,0.759106294205199,1.1928401396491246,33962.49045287482,34906.98094063777,944.4904877629473,0.0,269.83030314075256,269.8303031407526,False
963652,13,0,86.41348156182828,35.44144103180654,240549.68368797086,21,21,0.8221930679738946,1.7497883616084728,20275.312159462304,21166.595725994295,891.2835665319894,0.0,244.94552636268608,244.94552636268608,False
963652,13,1,114.23358798123664,38.18745772779255,230166.44244514417,22,22,0.7621646035005183,1.2565296094981742,28945.98515457992,29868.197234489646,922.2120799097238,0.0,261.4659817863343,261.4659817863344,False
963652,13,2,120.82662514081301,35.647283407606444,435502.7780137231,31,31,0.7552210081448061,1.112234967398266,42653.94911901757,43853.955020209505,1200.0059011919332,0.0,362.94943245415897,362.949432454159,False
963652,13,3,202.69618787437005,30.818747600671937,457778.3356304998,22,22,0.9701009494709305,1.5100941995732529,50921.91885456043,51882.1463344379,960.227479877476,0.0,255.96014842960022,255.96014842960028,False
963652,13,4,101.43451693602445,63.161456448153,252886.3247070076,24,24,0.899623348503282,1.6386351614358712,28089.62388564825,29122.11328054815,1032.489394899903,0.0,287.10259742170115,287.1025974217011,False
963652,13,5,129.91919778546173,10.0,290334.57683691266,24,24,0.8541703150685479,1.0281500168400084,35171.96266517656,36166.49761971535,994.5349545387977,0.0,278.3768545079678,278.3768545079676,False
963652,13,6,196.52091334014082,37.36521070646074,512857.4448318443,29,29,0.9849493235625076,1.3446263860583572,66264.82730628141,67489.92950016404,1225.1021938826273,0.0,343.42365071014933,343.4236507101493,False
963652,13,7,198.2586923393611,37.20187762534501,622868.5092010547,28,28,0.9844229112599957,1.5320419871318793,64311.825578128955,65497.77508835598,1185.9495102270262,0.0,330.365212821251,330.36521282125113,False
963652,13,8,153.22069783483738,52.90155835841679,536574.6546153614,32,32,0.8078219368540733,0.9717778551192484,57148.9298854229,58419.48705964122,1270.5571742183247,0.0,381.27673274673305,381.276732746733,False
963652,13,9,122.89810116807988,36.57815538750761,322970.9178045829,24,24,0.8091062942051991,1.2928401396491247,33694.58688605593,34687.444695059196,992.8578090032659,0.0,282.2455706424576,282.24557064245766,False
963652,14,0,90.73415563991969,38.9855851349872,261561.0327598932,22,22,0.8721930679738946,1.849788361608473,22669.03194489233,23616.61682805047,947.5848831581436,0.0,260.28364579457246,260.2836457945725,False
963652,14,1,108.5219085821748,34.368711955013296,256955.39510445922,23,23,0.8121646035005183,1.3565296094981742,28379.433034280082,29339.723116747122,960.2900824670389,0.0,270.3576033638455,270.35760336384556,False
963652,14,2,108.74396262673172,33.86491923722612,472483.7569473526,31,31,0.8052210081448061,1.112234967398266,38230.79142998305,39448.42541196066,1217.6339819776103,0.0,362.7642809685817,362.7642809685818,False
963652,14,3,192.56137848065154,29.27781022063834,506778.0030676374,23,23,1.0201009494709306,1.610094199573253,50473.05707221284,51480.46825868228,1007.4111864694437,0.0,267.34576094580154,267.34576094580154,False
963652,14,4,91.29106524242201,69.4776020929683,276566.82225328055,25,25,0.949623348503282,1.7386351614358713,26217.437598596855,27299.486714820458,1082.0491162236026,0.0,299.0378811149491,299.03788111494913,False
963652,14,5,116.92727800691556,10.0,319989.2268146841,23,23,0.904170315068548,1.1281500168400085,30184.64997777145,31158.54748228142,973.8975045099706,0.0,266.4780025105739,266.47800251057396,False
963652,14,6,206.34695900714786,41.10173177710682,583158.3884503536,30,30,1.0349493235625076,1.3446263860583572,72233.99557182327,73515.25735368142,1281.2617818581498,0.0,356.27012730114876,356.27012730114836,False
963652,14,7,198.2586923393611,35.34178374407776,687612.2675278394,29,29,1.0344229112599956,1.6320419871318794,66568.67005536215,67806.47330986461,1237.8032545024682,0.0,342.0100905023608,342.01009050236087,False
963652,14,8,153.22069783483738,50.25648044049595,593028.8009598742,33,33,0.8578219368540734,1.0717778551192485,58912.61019904925,60236.11434302534,1323.50414397609,0.0,393.1330113634923,393.1330113634923,False
963652,14,9,129.04300622648387,32.920339848756846,357924.1273670448,25,25,0.8591062942051991,1.3928401396491248,36576.218058680104,37609.50278506015,1033.28472638004,0.0,291.4493693602547,291.4493693602547,False
963652,15,0,95.27086342191568,35.08702662148848,284871.023788337,23,23,0.9221930679738947,1.949788361608473,24916.992640737797,25911.77075180112,994.778111063323,0.0,271.9800138374783,271.98001383747817,False
963652,15,1,113.94800401128354,32.65027635726263,286348.4599462116,24,24,0.8621646035005184,1.4565296094981743,30976.67147432635,31979.949066002264,1003.2775916759127,0.0,280.65387668252157,280.65387668252174,False
963652,15,2,114.1811607580683,32.17167327536481,511960.73279172025,32,32,0.8552210081448062,1.2122349673982662,41306.46938917901,42571.00244984859,1264.5330606695795,0.0,372.8373592211922,372.83735922119206,False
963652,15,3,182.93330955661895,27.81391970960642,555230.6298709235,24,24,1.0701009494709306,1.710094199573253,49920.16087631614,50975.6663167317,1055.5054404155605,0.0,278.6571042763234,278.6571042763233,False
963652,15,4,82.1619587181798,76.42536230226513,298197.0941111674,26,26,0.999623348503282,1.8386351614358714,24417.331277746183,25550.13248091601,1132.8012031698267,0.0,310.9727771772631,310.972777177263,False
963652,15,5,116.92727800691556,11.0,350484.2031968052,24,24,0.954170315068548,1.1281500168400085,31458.976382121098,32479.573539885612,1020.597157764513,0.0,277.77584575230287,277.77584575230287,False
963652,15,6,185.71226310643308,45.211904954817506,647968.3214912816,31,31,1.0849493235625076,1.4446263860583572,67011.50209452874,68346.84200413642,1335.3399096076726,0.0,368.0254650979417,368.025465097942,False
963652,15,7,188.34575772239302,33.57469455687387,751114.6974140378,30,30,1.0844229112599957,1.7320419871318795,65309.6707229049,66600.34368762697,1290.6729647220682,0.0,353.60681595914,353.60681595913985,False
963652,15,8,137.89862805135365,52.76930446252075,645124.6306760602,34,34,0.8578219368540734,1.1717778551192486,54489.98606791024,55847.37135320391,1357.3852852936711,0.0,404.98859301490825,404.98859301490853,False
963652,15,9,116.13870560383549,32.920339848756846,390737.28071864555,26,26,0.9091062942051992,1.2928401396491247,34369.082187667744,35457.234536436925,1088.1523487691788,0.0,305.30075526574467,305.3007552657445,False
963652,16,0,90.50732025081989,33.33267529041405,307836.5772475172,24,24,0.9721930679738947,1.949788361608473,24465.53766615,25503.038477864666,1037.500811714666,0.0,281.7787379759887,281.77873797598863,False
963652,16,1,113.94800401128354,35.91530399298889,317150.9663517499,25,25,0.9121646035005184,1.5565296094981744,32500.389005362806,33558.03024885702,1057.6412434942158,0.0,294.5030107375464,294.50301073754645,False
963652,16,2,119.89021879597172,30.563089611596567,554892.234614078,33,33,0.9052210081448062,1.3122349673982663,44740.08377954023,46056.131802560274,1316.0480230200399,0.0,384.1525377557136,384.15253775571347,False
963652,16,3,182.93330955661895,25.03252773864578,605734.203065178,25,25,1.1201009494709306,1.8100941995732531,51929.38638771953,53033.93032653002,1104.5439388104833,0.0,289.90854894097737,289.9085489409773,False
963652,16,4,78.0538607822708,84.06789853249165,319146.56561561686,27,27,1.049623348503282,1.9386351614358714,24019.304764826727,25204.045891760445,1184.7411269337185,0.0,322.9058196373718,322.90581963737156,False
963652,16,5,122.77364190726134,12.100000000000001,383910.45654297894,25,25,1.004170315068548,1.1281500168400085,34428.753346173144,35497.344243898915,1068.590897725772,0.0,289.1283804280427,289.1283804280425,False
963652,16,6,167.14103679578977,49.73309545029926,707659.5067547734,32,32,1.1349493235625077,1.5446263860583573,62082.64431790227,63473.16679596063,1390.5224780583583,0.0,379.7581253101301,379.75812531013025,False
963652,16,7,197.76304560851267,31.895959829030176,819645.448274523,31,31,1.1344229112599957,1.8320419871318796,70319.52561518362,71655.21682912827,1335.6912139446479,0.0,362.3286474409145,362.32864744091444,False
963652,16,8,124.1087652462183,50.13083923939471,692891.6475383297,35,35,0.9078219368540734,1.2717778551192487,50321.59623564639,51733.6974108321,1412.1011751857086,0.0,416.8416091176001,416.84160911759994,False
963652,16,9,104.52483504345194,36.21237383363253,421167.8622560209,27,27,0.9591062942051992,1.3928401396491248,32208.31563088353,33352.52832889607,1144.2126980125413,0.0,319.087117573839,319.08711757383895,False
963652,17,0,95.03268626336089,36.66594281945546,332906.19829600846,25,25,1.0221930679738946,2.049788361608473,26786.269618977258,27872.665443416077,1086.395824438821,0.0,293.29556534026085,293.2955653402609,False
963652,17,1,108.25060381071935,39.50683439228778,347356.96404029906,26,26,0.9621646035005185,1.6565296094981745,32033.175382747955,33140.01731046697,1106.8419277190105,0.0,306.14163934284954,306.1416393428498,False
963652,17,2,113.89570785617313,29.034935131016738,596780.9661804144,34,34,0.9552210081448063,1.4122349673982664,43675.91936078945,45044.68148118911,1368.762120399662,0.0,395.490596871932,395.49059687193204,False
963652,17,3,173.786644078788,23.78090135171349,655503.0596636529,26,26,1.1701009494709307,1.9100941995732532,51187.16003361934,52341.947194496934,1154.7871608776004,0.0,301.1850966566059,301.18509665660594,False
963652,17,4,85.85924686049789,79.86450360586707,343621.419003294,28,28,1.099623348503282,2.0386351614358715,27511.059488641604,28748.93089691726,1237.8714082756553,0.0,334.8379114439221,334.83791144392234,False
963652,17,5,116.63495981189827,11.495000000000001,416738.19250102335,26,26,1.054170315068548,1.2281500168400086,33926.6059580443,35044.26525001471,1117.6592919704049,0.0,300.4610736483466,300.4610736483466,False
963652,17,6,158.78398495600027,47.24644067778429,766123.5791480496,33,33,1.1849493235625077,1.5446263860583573,60723.20493564314,62170.23914482294,1447.0342091798007,0.0,391.5397334438393,391.53973344383934,False
963652,17,7,187.87489332808704,30.301161837578665,857195.3698001936,32,32,1.1844229112599958,1.9320419871318797,39319.558704471594,41474.57147463542,2155.0127701638285,152.97734204877847,373.7336695172291,220.75632746845068,False
963652,17,8,111.69788872159647,52.63738120136445,735872.1617042108,35,35,0.9578219368540735,1.3717778551192488,45122.82250792932,46555.6416758582,1432.8191679288784,0.0,416.7996567231155,416.7996567231158,False
963652,17,9,104.52483504345194,39.83361121699579,452635.24371687276,28,28,1.0091062942051992,1.4928401396491249,33382.72257492728,34578.174049509835,1195.451474582558,0.0,330.8129980318586,330.8129980318588,False
963652,18,0,85.5294176370248,40.33253710140101,356085.39658231946,26,26,1.0721930679738947,1.9497883616084728,24927.844250947575,26064.058019047938,1136.2137681003614,0.0,304.73793390784283,304.73793390784266,False
963652,18,1,97.42554342964742,43.45751783151656,375182.81162359024,27,27,1.0121646035005185,1.7565296094981746,29799.200564742423,30956.295112124568,1157.094547382143,0.0,317.74310948009855,317.74310948009867,False
963652,18,2,102.50613707055582,31.938428644118414,635130.9792343624,35,35,1.0052210081448063,1.5122349673982665,40267.85805649111,41690.106674882794,1422.2486183916867,0.0,406.70839684639685,406.7083968463971,False
963652,18,3,165.09731187484857,22.591856284127815,651744.5618871833,27,27,1.2201009494709307,1.9100941995732532,-2448.5176567966005,310.8011682506338,2759.3188250472344,310.6113773842702,312.49391056861566,1.8825331843454574,False
963652,18,4,94.44517154654768,87.85095396645379,371949.4073772933,29,29,1.099623348503282,2.1386351614358716,31475.666039025942,32750.514632863153,1274.8485938372123,0.0,346.76748526759724,346.76748526759707,False
963652,18,5,104.97146383070844,10.920250000000001,447292.07851491624,27,27,1.104170315068548,1.2281500168400086,31548.732763893553,32716.202011239282,1167.4692473457285,0.0,311.66757914324177,311.66757914324194,False
963652,18,6,142.90558646040026,44.88411864389508,819919.6162698135,34,34,1.2349493235625078,1.6446263860583574,56122.097155657844,57626.58844910568,1504.4912934478373,0.0,403.24937517452616,403.2493751745265,False
963652,18,7,169.08740399527835,33.33127802133654,868814.1606359128,33,33,1.2344229112599958,2.03204198713188,13518.723010423111,17147.520382460967,3628.797372037856,436.6524513080877,385.08727821625814,101.41216895694845,False
963652,18,8,100.52809984943683,50.00551214129622,774873.9585345061,36,36,1.0078219368540735,1.4717778551192489,41601.99526738115,43091.29592423742,1489.300656856272,0.0,428.64926312917686,428.649263129177,False
963652,18,9,104.52483504345194,43.81697233869537,485115.5914295237,29,29,1.0591062942051992,1.592840139649125,34551.03991047357,35798.75450564514,1247.7145951715722,0.0,342.4904185762476,342.4904185762481,False
963652,19,0,76.97647587332233,38.31591024633096,377400.7102120529,27,27,1.1221930679738947,2.049788361608473,23149.843206384616,24336.95885937112,1187.1156529865034,0.0,316.1609905267899,316.16099052678976,False
963652,19,1,97.42554342964742,41.284641939940734,404102.88637496356,28,28,1.0621646035005186,1.8565296094981747,30876.044725690903,32084.486404651238,1208.441678960336,0.0,329.3231454009802,329.3231454009797,False
963652,19,2,107.63144392408361,35.13227150853026,676856.9973624342,36,36,1.0552210081448063,1.5122349673982665,43690.77990238026,45173.060224642446,1482.2803222621849,0.0,419.70133055638166,419.70133055638144,False
963652,19,3,148.58758068736373,21.462263469921425,645912.4485075565,28,28,1.2701009494709308,2.010094199573253,-4431.170002468707,7.888609052210118e-31,4431.170002468707,634.4421421972058,323.8307648129356,5.309063527192206e-33,False
963652,19,4,99.16743012387508,96.63604936309918,402591.4188771091,30,30,1.149623348503282,2.1386351614358716,34241.09298070949,35570.84666123033,1329.7536805208406,0.0,358.6948518964039,358.6948518964037,False
963652,19,5,115.4686102137793,10.374237500000001,451194.2432104833,28,28,1.154170315068548,1.3281500168400087,4992.643345567458,7499.648990079256,2507.0056445117975,257.7997783552747,322.7494558147537,64.94967745947889,False
963652,19,6,128.61502781436025,42.639912711700326,869224.7740308847,35,35,1.2849493235625078,1.7446263860583575,51597.55470598029,53155.188438780475,1557.6337328001846,0.0,413.28909492212165,413.2890949221219,False
963652,19,7,152.17866359575052,31.664714120269707,863141.8216967089,34,34,1.2844229112599959,2.13204198713188,-3795.7386591167124,1797.7348981671828,5593.473557283895,819.4686599259911,394.6295263044272,11.813317686523456,False
963652,19,8,90.47528986449315,47.50523653423141,810496.5762591291,37,37,1.0578219368540736,1.571777855119249,38180.31147639153,39722.836730874405,1542.5252544828732,0.0,439.0462499801674,439.04624998016783,False
963652,19,9,94.07235153910675,48.19866957256491,515167.75326387596,30,30,1.1091062942051992,1.692840139649125,32298.121921530037,33608.90150227219,1310.779580742148,0.0,357.2665182957676,357.26651829576787,False
963652,20,0,80.82529966698844,42.14750127096406,400758.41671454057,28,28,1.1721930679738948,2.049788361608473,25237.83653807521,26476.99301570362,1239.1564776284092,0.0,327.5829860797618,327.58298607976144,False
963652,20,1,87.68298908668268,45.41310613393481,430754.1114815676,29,29,1.1121646035005186,1.9565296094981748,28768.205184487975,30034.22083885861,1266.0156543706364,0.0,342.5318998781739,342.53189987817393,False
963652,20,2,118.39458831649198,33.375657933103746,671128.6611887845,37,37,1.1052210081448064,1.6122349673982665,-3693.4368301262234,0.0,3693.4368301262234,431.0106814626924,431.0106814626924,0.0,False
963652,20,3,133.72882261862736,20.389150296425353,638460.5650949229,29,29,1.3201009494709308,2.010094199573253,-6160.598054036325,0.0,6160.598054036325,969.5807853440306,335.1386431468247,0.0,False
963652,20,4,89.25068711148758,91.80424689494421,430637.91377395415,31,31,1.1996233485032821,2.2386351614358717,31692.426550588658,33078.27769721428,1385.8511466256225,0.0,370.62210687402916,370.6221068740291,False
963652,20,5,103.92174919240138,10.0,474447.34750335437,29,29,1.204170315068548,1.4281500168400088,24343.10429287109,27258.95935608187,2915.8550632107817,329.2748333693456,333.77779306377914,262.30273804970756,False
963652,20,6,115.75352503292423,46.90390398287036,914715.7730804222,36,36,1.3349493235625078,1.8446263860583576,47979.539592919544,49608.80803864652,1629.2684457269772,0.0,428.5727628988927,428.5727628988931,False
963652,20,7,136.96079723617547,30.08147841425622,853709.2534471807,35,35,1.334422911259996,2.13204198713188,-7679.716505029674,2.1316282072802995e-13,7679.716505029674,1225.3003823395557,405.83172241356453,1.5563783581111285e-15,False
963652,20,8,85.95152537126849,45.129974707519835,844804.8437753452,38,38,1.1078219368540736,1.671777855119249,36823.20655510103,38412.10551464253,1588.898959541496,0.0,446.90429109571954,446.9042910957199,False
963652,20,9,84.66511638519607,45.78873609393666,542713.3833873661,31,31,1.1591062942051993,1.7928401396491251,29765.08094240302,31126.50297380702,1361.4220314040008,0.0,367.6425935823737,367.6425935823738,False
963652,21,0,76.78403468363902,40.04012620741585,423541.5378923293,29,29,1.2221930679738948,2.149788361608473,24744.284837803316,26036.90704416227,1292.6222063589566,0.0,339.0927183162225,339.0927183162226,False
963652,21,1,78.91469017801441,49.954416747328295,454858.5667393486,29,29,1.1621646035005186,2.056529609498175,25853.133343453315,27140.678549954846,1287.5452065015315,0.0,343.92428695761697,343.92428695761674,False
963652,21,2,106.55512948484278,31.706875036448558,663787.0144705622,37,37,1.1552210081448064,1.7122349673982666,-5868.492341872854,0.0,5868.492341872854,861.8314931918214,430.82081172912905,0.0,False
963652,21,3,120.35594035676463,19.369692781604083,629747.2222019873,29,29,1.3701009494709309,2.110094199573253,-7851.621802269522,5.684341886080807e-13,7851.621802269523,1304.5490124269538,334.9682270829233,4.7229425230121736e-15,False
963652,21,4,93.71322146706196,100.98467158443864,460635.19828494196,31,31,1.2496233485032822,2.2386351614358717,33327.80933010569,34732.19158207501,1404.3822519693238,0.0,370.62210687402916,370.62210687402927,False
963652,21,5,93.52957427316124,10.0,523913.35347757087,30,30,1.2541703150685481,1.4281500168400088,50466.005974216496,52360.749373444356,1894.7433992278607,114.4239249782825,344.980030436053,559.8309388271163,False
963652,21,6,127.32887753621667,51.594294381157404,908113.5391264565,37,37,1.3849493235625079,1.9446263860583577,-3893.2450618609037,0.0,3893.2450618609037,440.46122634069263,440.46122634069263,0.0,False
963652,21,7,123.26471751255792,31.585552334969034,842168.7007771105,36,36,1.334422911259996,2.23204198713188,-9803.472786009555,0.0,9803.472786009555,1642.4823409865437,417.18195864698805,0.0,False
963652,21,8,85.95152537126849,42.873475972143844,880093.6068861481,39,39,1.1578219368540736,1.7717778551192491,37760.828673714605,39408.686814545006,1647.8581408304046,0.0,458.49898119107013,458.49898119106996,False
963652,21,9,80.43186056593626,43.49929928923983,569506.6240602218,32,32,1.2091062942051993,1.8928401396491252,28985.21825010992,30398.053358977122,1412.8351088672034,0.0,377.9354741403438,377.93547414034356,False
963652,22,0,72.94483294945707,36.03611358667427,445605.60532861954,29,29,1.2721930679738949,2.249788361608473,23409.114730304107,24717.92274580221,1308.8080154981053,0.0,338.8577606713979,338.8577606713977,False
963652,22,1,74.96895566911368,54.949858422061126,477841.5921735881,30,30,1.2121646035005187,2.156529609498175,25431.521186900794,26778.906178171554,1347.3849912707597,0.0,357.1999361490923,357.1999361490925,False
963652,22,2,95.89961653635851,30.12153128462613,654330.4795511501,37,37,1.2052210081448065,1.8122349673982667,-8042.038261880203,0.0,8042.038261880203,1292.396470346517,430.5649771546955,0.0,False
963652,22,3,108.32034632108817,21.306662059764495,655090.5915602905,30,30,1.420100949470931,2.2100941995732533,26782.569220095393,34813.47037449109,8030.901154395696,1329.3655081783472,346.21013560641507,321.3936398550222,False
963652,22,4,89.02756039370885,95.93543800521671,489360.2716316938,32,32,1.2996233485032822,2.338635161435872,32595.007362918113,34057.27000143186,1462.2626385137473,0.0,382.5474926058797,382.5474926058799,False
963652,22,5,88.85309555950317,10.0,522501.8031542703,31,31,1.3041703150685482,1.5281500168400088,-301.55032330059385,3244.829541444012,3546.379864744606,433.9736233897928,356.0687360546165,36.51903764310624,False
963652,22,6,114.595989782595,49.01457966209953,899246.6479925272,38,38,1.434949323562508,2.044626386058358,-6204.337106768653,0.0,6204.337106768653,891.2085668664326,450.74734052573996,0.0,False
963652,22,7,110.93824576130213,30.00627471822058,828253.375415246,37,37,1.384422911259996,2.33204198713188,-12005.093197290831,3.765876499528526e-13,12005.093197290831,2070.977125944643,428.4947849580993,3.394570081476944e-15,False
963652,22,8,85.95152537126849,47.16082356935823,916090.9632894482,40,40,1.2078219368540737,1.8717778551192492,38683.78934607608,40391.24269025982,1707.4533441837427,0.0,469.93049298182353,469.9304929818225,False
963652,22,9,76.41026753763944,47.84922921816381,595426.1497430119,33,33,1.2591062942051994,1.9928401396491253,28298.550246990817,29768.247171918683,1469.6969249278645,0.0,389.58438612003187,389.58438612003215,False
963652,23,0,69.29759130198421,39.6397249453417,466525.87435683055,30,30,1.322193067973895,2.349788361608473,22909.460776571766,24273.13833595881,1363.677559387043,0.0,350.2739111115943,350.2739111115943,False
963652,23,1,74.96895566911368,60.444844264267246,501431.55255456915,31,31,1.2621646035005187,2.256529609498175,26263.750553172667,27667.6687462408,1403.9181930681332,0.0,369.0550108281627,369.0550108281627,False
963652,23,2,86.30965488272265,28.615454720394823,642774.9253542731,37,37,1.2552210081448065,1.9122349673982668,-10196.782372220405,2.842170943040401e-14,10196.782372220405,1720.586099309848,428.18962896333096,3.2929930572684315e-16,False
963652,23,3,97.48831168897935,23.437328265740945,689116.2817520936,31,31,1.470100949470931,2.3100941995732533,35552.247368041186,43209.723365750775,7657.475997709588,1243.4865271603237,357.3508033237572,443.2297843417823,False
963652,23,4,89.02756039370885,91.13866610495587,519250.27440294094,33,33,1.3496233485032822,2.338635161435872,33597.57875270991,35118.912608510196,1521.3338558002854,0.0,394.4723684800857,394.4723684800856,False
963652,23,5,79.96778600355286,10.0,535612.9790016906,31,31,1.3541703150685482,1.628150016840009,13721.175847420396,17940.446095085466,4219.27024766507,565.2742411717015,355.6465324517023,224.34591466979464,False
963652,23,6,103.1363908043355,46.56385067899455,888068.5763158748,39,39,1.484949323562508,2.144626386058358,-8562.08150017266,0.0,8562.08150017266,1351.5576528643323,460.34908599789975,0.0,False
963652,23,7,99.84442118517191,31.506588454131613,811974.6281941675,38,38,1.434422911259996,2.43204198713188,-14281.496859821716,1.5987211554602262e-13,14281.496859821716,2512.810701200095,441.8335752554521,1.601212302583467e-15,False
963652,23,8,90.24910163983192,44.802782390890314,909279.0946921412,41,41,1.2578219368540737,1.9717778551192493,-4174.954519282252,0.0,4174.954519282252,481.35628858044413,481.35628858044413,0.0,False
963652,23,9,80.23078091452142,52.6341521399802,623759.8756264112,34,34,1.3091062942051994,1.9928401396491253,30823.2870561593,32357.88299379581,1534.5959376365117,0.0,403.3100840470471,403.31008404704653,False
963652,24,0,65.832711736885,37.65773869807461,486950.60718605405,31,31,1.372193067973895,2.4497883616084732,22392.122728863505,23811.85322871619,1419.730499852687,0.0,361.7024515697537,361.7024515697535,False
963652,24,1,74.96895566911368,57.42260205105388,525888.8705649872,32,32,1.3121646035005188,2.356529609498175,27094.841276051764,28556.4803445655,1461.639068513737,0.0,380.91073951468223,380.91073951468195,False
963652,24,2,77.67868939445039,27.18468198437508,628489.4126889235,38,38,1.3052210081448066,2.0122349673982667,-12452.494749943693,0.0,12452.494749943693,2160.0162180045077,439.4301186946596,0.0,False
963652,24,3,87.73948052008141,22.265461852453896,695255.217062425,31,31,1.520100949470931,2.4100941995732534,7129.164627756623,15693.25430963168,8564.089681875057,1421.5413349390574,356.91675472222,178.86194694348436,False
963652,24,4,80.12480435433797,82.02479949446028,546642.189127297,34,34,1.3996233485032823,2.438635161435872,30980.75790716846,32562.349077310853,1581.5911701423934,0.0,406.395364577859,406.39536457785965,False
963652,24,5,71.97100740319758,10.0,576506.3462999859,32,32,1.4041703150685483,1.728150016840009,42013.3672982953,44995.46541488561,2982.0981165903167,306.76899300389266,366.6835193425738,625.1887675103812,False
963652,24,6,92.82275172390196,44.235658145044816,874513.2525959037,40,40,1.534949323562508,2.244626386058358,-10985.897394169306,0.0,10985.897394169306,1823.512315644486,471.9546627801536,0.0,False
963652,24,7,89.85997906665472,29.931259031425032,793399.2952977457,39,39,1.484422911259996,2.5320419871318802,-16608.013794196904,0.0,16608.013794196904,2965.8716021477558,453.06090094766057,0.0,False
963652,24,8,81.22419147584873,42.5626432713458,899991.0488151748,42,42,1.3078219368540738,2.071777855119249,-6700.414859572237,0.0,6700.414859572237,974.1007705619819,492.7444819815378,0.0,False
963652,24,9,72.20770282306928,50.00244453298119,649583.1392982652,35,35,1.3591062942051995,2.0928401396491254,28373.349230506712,29967.43599604418,1594.086765537469,0.0,415.01716332776095,415.01716332776107,False
963652,25,0,62.54107615004075,35.77485176317088,506867.0328723408,32,32,1.422193067973895,2.5497883616084733,21861.220942707758,23338.27073534967,1477.0497926419132,0.0,373.1670794944333,373.1670794944334,False
963652,25,1,67.47206010220232,54.55147194850118,548263.4981707727,33,33,1.3621646035005188,2.356529609498175,24874.82618008624,26389.844592857185,1515.0184127709467,0.0,391.1225558087831,391.122555808783,False
963652,25,2,69.91082045500535,25.825447885156322,613326.1673729497,39,39,1.3552210081448066,2.1122349673982668,-13356.052848450934,1316.0681055771938,14672.120954028127,2591.9470996990412,450.7558375026865,18.82495580815299,False
963652,25,3,78.96553246807328,21.1521887598312,792417.7873711095,31,31,1.570100949470931,2.5100941995732535,98118.28816024077,102021.89271717271,3903.6045569319467,486.1262944226342,356.5650111399296,1291.9800516563528,False
963652,25,4,88.13728478977177,77.92355951973727,539380.2351009755,35,35,1.4496233485032823,2.538635161435872,-3734.6294431321744,0.0,3734.6294431321744,418.317988547771,418.317988547771,0.0,False
963652,25,5,64.77390666287782,10.0,586349.5561076363,32,32,1.4041703150685483,1.728150016840009,10163.209807650443,13902.722412333822,3739.5126046833793,458.4811564277073,366.34677678273886,214.63461335892416,False
963652,25,6,83.54047655151176,42.02387523779257,858521.0518037715,41,41,1.584949323562508,2.344626386058358,-13469.221907382762,0.0,13469.221907382762,2307.1098504331376,483.59753478865144,0.0,False
963652,25,7,80.87398115998924,28.43469607985378,773319.732459733,39,39,1.484422911259996,2.6320419871318803,-18870.609690899902,9.48574552239735e-13,18870.609690899902,3418.613258278929,452.74165613117344,1.1729044850199892e-14,False
963652,25,8,73.10177232826386,40.434511107778505,888167.7871054008,43,43,1.3578219368540738,2.1717778551192493,-9284.577732141086,0.0,9284.577732141086,1478.307956497481,504.2071859354992,0.0,False
963652,25,9,75.81808796422276,55.00268898627931,643655.3531662452,35,35,1.4091062942051995,2.1928401396491255,-3702.692017501336,0.0,3702.692017501336,416.5355859415259,416.5355859415259,0.0,False
963652,26,0,62.54107615004075,39.35233693948797,527440.3547233641,33,33,1.472193067973895,2.6497883616084734,22671.94897002619,24216.410190910323,1544.4612208841304,0.0,387.20808277768225,387.2080827776825,False
963652,26,1,74.21926611242256,51.82389835107612,542211.8281647301,34,34,1.4121646035005189,2.356529609498175,-3589.6574621068157,0.0,3589.6574621068157,402.94711550179267,402.94711550179267,0.0,False
963652,26,2,62.919738409504816,24.534175490898505,614917.2107496265,40,40,1.4052210081448067,2.212234967398267,3372.4103963106627,18913.595171230143,15541.18477491948,2753.494793919272,462.14645145176405,300.5987572315305,False
963652,26,3,71.06897922126595,20.09457932183964,850131.0775104425,32,32,1.620100949470931,2.6100941995732536,59156.31667763052,60687.79623307645,1531.4795554459279,0.0,367.801775152298,853.9280695749301,False
963652,26,4,79.3235563107946,74.0273815437504,530642.1414616451,35,35,1.4996233485032824,2.638635161435872,-5847.135285298418,0.0,5847.135285298418,836.635977095542,418.317988547771,0.0,False
963652,26,5,58.29651599659004,10.0,592289.6423512377,32,32,1.4541703150685483,1.728150016840009,6460.086243601449,11095.681257697213,4635.595014095765,634.2229143149644,366.0735653377443,190.33180745048705,False
963652,26,6,75.18642889636058,39.92268147590294,840673.3804621802,41,41,1.634949323562508,2.444626386058358,-15910.84140108049,0.0,15910.84140108049,2790.643915598005,483.5340651648676,0.0,False
963652,26,7,72.78658304399032,28.43469607985378,798997.2307972214,40,40,1.534422911259996,2.7320419871318804,27614.88618068093,45728.3006360681,18113.414455387174,3254.553034246827,464.19155979502204,628.2517838271252,False
963652,26,8,65.79159509543747,38.41278555238958,874631.5653738697,43,43,1.3578219368540738,2.2717778551192493,-11784.471952776032,0.0,11784.471952776032,1979.985570829005,501.6776143315239,0.0,False
963652,26,9,68.23627916780048,52.25255453696534,635720.3170309472,35,35,1.4591062942051995,2.2928401396491256,-5806.196726506042,0.0,5806.196726506042,833.0711718830518,416.5355859415259,0.0,False
963652,27,0,68.79518376504483,37.38472009251357,521990.7214991486,34,34,1.472193067973895,2.7497883616084735,-3578.5527410697614,0.0,3578.5527410697614,398.78136793661787,398.78136793661787,0.0,False
963652,27,1,66.7973395011803,49.23270343352231,534713.8454570333,34,34,1.462164603500519,2.356529609498175,-5624.070790958191,0.0,5624.070790958191,805.8387364044277,402.89162090263505,0.0,False
963652,27,2,56.62776456855433,23.307466716353577,712871.3170081787,41,41,1.4552210081448067,2.312234967398267,99709.71239392419,108132.54964259946,8422.837248675283,1317.4006836134565,473.43826248796734,1909.5323727937864,False
963652,27,3,67.51553026020265,22.104037254023606,845115.826099082,33,33,1.6701009494709311,2.7100941995732537,-3485.818181978473,0.0,3485.818181978473,378.9826901818232,378.9826901818232,0.0,False
963652,27,4,71.39120067971514,81.43011969812544,519532.4461447446,35,35,1.5496233485032824,2.738635161435872,-7959.6411274646625,0.0,7959.6411274646625,1254.953965643313,418.317988547771,0.0,False
963652,27,5,52.46686439693104,10.0,597370.5071657294,33,33,1.5041703150685484,1.828150016840009,6210.864814491764,11676.59480584953,5465.729991357766,788.8242428852963,377.1531227372526,222.5517941669206,False
963652,27,6,67.66778600672453,37.92654740210779,819826.184295041,42,42,1.6849493235625081,2.5446263860583582,-18454.281176253055,0.0,18454.281176253055,3285.875544249439,495.2316286514338,0.0,False
963652,27,7,65.50792473959129,27.012961275861088,823978.8106891299,40,40,1.5844229112599961,2.8320419871318805,26362.098342943416,43497.660430541524,17135.562087598108,3054.50677440346,463.95982191627564,664.0060817596419,False
963652,27,8,59.21243558589373,36.4921462747701,857811.9158856308,44,44,1.4078219368540739,2.3717778551192494,-14413.995052148974,7.006492321624085e-46,14413.995052148974,2493.0872076624473,513.1016368334426,1.1832805477931148e-47,False
963652,27,9,61.41265125102043,49.639926810117075,625122.495207796,36,36,1.5091062942051996,2.3928401396491257,-8010.784457985242,6.310887241768094e-30,8010.784457985242,1261.4861513800834,428.41497949703154,1.0276200608849683e-31,False
963652,28,0,61.91566538854035,37.38472009251357,514433.71879013855,35,35,1.472193067973895,2.8497883616084736,-5648.537505771708,0.0,5648.537505771708,806.5424562842877,407.7610883476698,0.0,False
963652,28,1,60.117605551062276,46.771068261846196,524518.038619428,35,35,1.512164603500519,2.4565296094981752,-7758.819448441465,0.0,7758.819448441465,1220.4953990549377,414.6566626505101,0.0,False
963652,28,2,50.9649881116989,25.638213387988937,800940.124460414,42,42,1.5052210081448067,2.412234967398267,89945.61241453301,91844.63388884408,1899.0214743110628,0.0,484.7116545185539,1802.1123381320156,False
963652,28,3,60.76397723418239,20.998835391322423,838825.6142051761,33,33,1.7201009494709312,2.7100941995732537,-5397.2503259908735,0.0,5397.2503259908735,757.686663245589,378.7039730637657,0.0,False
963652,28,4,64.25208061174362,77.35861371321916,505772.86310356023,36,36,1.5996233485032825,2.8386351614358722,-10174.67294750783,0.0,10174.67294750783,1685.194101676156,430.2401360328429,0.0,False
963652,28,5,47.22017795723794,10.0,635375.4055016891,34,34,1.5541703150685484,1.9281500168400092,39144.89833595969,42147.34347052314,3002.445134563454,284.5060075373342,388.2523836931458,892.5706190411079,False
963652,28,6,60.901007406052074,39.82287477221318,797069.4356430338,41,41,1.7349493235625082,2.6446263860583583,-20824.010786345105,0.0,20824.010786345105,3766.0881831233587,480.2126388739196,0.0,False
963652,28,7,58.95713226563216,25.66231321206803,832437.0743913245,41,41,1.6344229112599962,2.9320419871318806,10310.418543889122,27550.840254521947,17240.421710632825,3062.5572704875026,475.3534193400649,467.30292325602375,False
963652,28,8,53.291192027304355,40.141360902247115,838054.3009682028,45,45,1.457821936854074,2.4717778551192495,-17151.253676827713,0.0,17151.253676827713,3023.4622465325606,530.3750388701133,0.0,False
963652,28,9,55.27138612591838,54.603919491128785,612682.8404642164,36,36,1.5591062942051996,2.4928401396491258,-10173.913641897332,0.0,10173.913641897332,1689.8583153616482,428.3721639815649,0.0,False
963652,29,0,55.724098849686314,35.51548408788789,504549.1504123634,36,36,1.522193067973895,2.9497883616084737,-7806.0109506119115,0.0,7806.0109506119115,1225.8357814518206,419.2933251675329,0.0,False
963652,29,1,54.10584499595605,51.44817508803082,511912.88299192884,36,36,1.562164603500519,2.5565296094981753,-9953.021324329908,0.0,9953.021324329908,1646.8530431911818,426.357644136244,0.0,False
963652,29,2,53.51323751728385,28.202034726787833,794689.2181783834,43,43,1.5052210081448067,2.512234967398267,-4438.218788780823,0.0,4438.218788780823,498.3078963759086,498.3078963759086,0.0,False
963652,29,3,54.68757951076415,19.9488936217563,830559.8903110783,33,33,1.7701009494709312,2.810094199573254,-7307.410404578521,0.0,7307.410404578521,1136.1289534168095,378.4422901712205,0.0,False
963652,29,4,57.82687255056926,85.09447508454107,489373.9012923469,37,37,1.6496233485032825,2.9386351614358723,-12450.466233084402,0.0,12450.466233084402,2127.3515888418146,442.1574871656589,0.0,False
963652,29,5,44.859169059376036,10.0,642710.617006728,35,35,1.6041703150685485,2.028150016840009,8485.211505038862,12185.562201424305,3700.3506963854434,412.2094799930259,399.343862969733,271.6403905140413,False
963652,29,6,54.810906665446865,37.83173103360252,771970.694647864,41,41,1.7849493235625082,2.7446263860583584,-23247.640022791067,0.0,23247.640022791067,4246.136382816798,480.0481996934386,0.0,False
963652,29,7,53.061419039068944,24.379197551464628,966092.289651238,42,42,1.6844229112599962,3.0320419871318807,135479.14155707727,141833.51566069332,6354.374103616052,873.9376383252927,484.38682392713247,2673.006456089344,False
963652,29,8,47.96207282457392,38.13429285713476,817085.2506998162,44,44,1.507821936854074,2.4717778551192495,-19091.141382672424,576.7117080346478,19667.85309070707,3529.8624377387873,518.4245194737733,12.024328267546496,False
963652,29,9,49.74424751332655,60.06431144024167,602130.9391292711,37,37,1.6091062942051997,2.592840139649126,-7529.521811657278,4461.169813437005,11990.691625094283,2040.3857248366262,440.2095342722597,89.68212479728138,False
963652,30,0,50.151688964717685,37.291258292282286,492985.2753823883,36,36,1.5721930679738951,3.0497883616084738,-9921.389731453271,0.0,9921.389731453271,1644.8896683287776,419.0538868769571,0.0,False
963652,30,1,48.69526049636045,51.44817508803082,497002.4710938332,37,37,1.612164603500519,2.6565296094981754,-12206.829419838277,0.0,12206.829419838277,2084.9036817436504,438.0506385524685,0.0,False
963652,30,2,48.16191376555546,26.79193299044844,785659.2700779083,44,44,1.5552210081448068,2.612234967398267,-7051.103048896399,0.0,7051.103048896399,1007.8872003899639,509.5793040140553,0.0,False
963652,30,3,49.21882155968774,18.951448940668485,820419.3630060174,33,33,1.8201009494709313,2.910094199573254,-9215.129490018744,5.577760475716785e-13,9215.129490018744,1514.1841187757404,378.0551653589309,1.1332576236008876e-14,False
963652,30,4,52.044185295512335,80.83975133031402,470714.96405062167,38,38,1.6996233485032826,3.0386351614358724,-14787.026691173047,0.0,14787.026691173047,2581.4251261339314,454.0735372921166,0.0,False
963652,30,5,40.373252153438436,10.0,665548.3080757386,36,36,1.6541703150685485,2.128150016840009,23997.691069010627,26525.059777394283,2527.3687083836558,165.57076063043579,410.3571470240427,656.995866386633,False
963652,30,6,49.32981599890218,37.83173103360252,743809.6026583463,42,42,1.8349493235625083,2.8446263860583585,-25772.159286105267,0.0,25772.159286105267,4737.534489701543,491.3981068847455,0.0,False
963652,30,7,47.75527713516205,23.160237673891395,1027641.437022254,43,43,1.7344229112599963,3.1320419871318808,63345.03759099381,65395.23801670827,2050.200425714458,0.0,495.4448035694488,1369.3824418947402,False
963652,30,8,43.165865542116535,40.0410074999915,792098.6250265077,45,45,1.557821936854074,2.5717778551192496,-22384.780335807358,1.1368683772161603e-13,22384.780335807358,4059.841698884842,529.9792611460549,2.6337207952124308e-15,False
963652,30,9,44.76982276199389,57.06109586822958,657637.6348213945,38,38,1.6591062942051997,2.692840139649126,58475.01733511635,65478.39118868338,7003.373853567033,1029.8652584805054,452.03594215996475,1462.5564085160831,False
963652,31,0,45.136520068245915,37.291258292282286,478669.0936046635,37,37,1.6221930679738952,3.149788361608474,-12136.405220910754,0.0,12136.405220910754,2075.4015868167185,430.51191848794093,0.0,False
963652,31,1,43.825734446724404,48.87576633362928,480475.6143160859,37,37,1.662164603500519,2.7565296094981755,-14418.45342340198,0.0,14418.45342340198,2522.8929359712297,437.9892542275794,0.0,False
963652,31,2,43.34572238899992,25.452336340926017,773992.0274012105,45,45,1.6052210081448068,2.7122349673982673,-9721.88754135682,0.0,9721.88754135682,1528.7862609910082,520.8990606010443,0.0,False
963652,31,3,44.296939403718966,18.003876493635058,897926.6585321563,34,34,1.8701009494709313,3.010094199573254,78919.4273269234,80999.13574771017,2079.708420786778,74.75490918436512,389.1200499746198,1828.5492595659973,False
963652,31,4,46.8397667659611,76.79776376379832,449735.5012386074,39,39,1.7496233485032826,3.1386351614358725,-17184.350025225685,0.0,17184.350025225685,3047.4136872590775,465.9885611251463,0.0,False
963652,31,5,38.354589545766515,10.0,664760.1708932581,36,36,1.7041703150685485,2.2281500168400092,-128.13718248053783,3953.308310990408,4081.4454934709456,472.5262805143379,410.02814711859423,103.07262723469202,False
963652,31,6,44.39683439901196,39.72331758528265,712914.252388043,43,43,1.8849493235625083,2.9446263860583586,-28387.24761413529,0.0,28387.24761413529,5243.961144684807,506.42665498326414,0.0,False
963652,31,7,52.530804848678265,22.002225790196825,1021223.6480868167,44,44,1.7844229112599963,3.232041987131881,-4649.691000669694,0.0,4649.691000669694,506.5433490190935,506.5433490190935,0.0,False
963652,31,8,38.84927898790488,38.038957124991924,770117.602264008,46,46,1.607821936854074,2.6717778551192497,-19431.230734747754,5050.20026400375,24481.430998751504,4467.984991038561,538.1379894961342,129.99469734241532,False
963652,31,9,40.29284048579451,54.2080410748181,713109.3725115014,38,38,1.7091062942051998,2.792840139649126,57831.64325094946,59708.118621035544,1876.4753700860817,0.0,451.98903377486585,1481.8542922553702,False
963652,32,0,40.62286806142132,35.42669537766817,462113.18189226266,38,38,1.6721930679738952,3.249788361608474,-14409.697288048927,0.0,14409.697288048927,2517.353158227106,441.9515714103876,0.0,False
963652,32,1,39.443161002051966,46.43197801694782,461828.38995594194,37,37,1.7121646035005191,2.8565296094981756,-16629.241173515824,0.0,16629.241173515824,2960.7607526705274,437.86781669929786,0.0,False
963652,32,2,39.01115015009993,22.907102706833417,759714.4155779884,46,46,1.6552210081448069,2.8122349673982674,-12423.885098707357,0.0,12423.885098707357,2057.941298100107,529.1550371090985,0.0,False
963652,32,3,46.51178637390492,19.804264142998566,892911.546612988,34,34,1.9201009494709314,3.110094199573254,-4041.7669383065304,0.0,4041.7669383065304,463.53889403269784,388.78398484833275,0.0,False
963652,32,4,42.15579008936499,80.63765195198823,426167.5578751624,40,40,1.7996233485032826,3.1386351614358725,-19642.437285365668,0.0,19642.437285365668,3525.316965901744,477.9032786426667,0.0,False
963652,32,5,34.519130591189864,10.0,663024.992420634,36,36,1.7041703150685485,2.2281500168400092,-1375.1784726240203,4152.450754856571,5527.629227480591,761.9746227084136,409.742529322774,120.29418712869838,False
963652,32,6,39.95715095911076,37.737151706018516,834417.2144753385,43,43,1.9349493235625084,3.0446263860583587,123425.65961065383,137200.7560535874,13775.096442933558,2316.56528844837,506.3013108611027,3433.6971670975404,False
963652,32,7,47.27772436381044,23.10233707970667,1012051.4722880648,45,45,1.8344229112599963,3.332041987131881,-7332.570630165153,0.0,7332.570630165153,1027.217300365355,520.6739513462614,0.0,False
963652,32,8,34.964351089114395,36.137009268742325,754831.8027131712,47,47,1.657821936854074,2.5717778551192496,-12887.360115205836,12608.126848841595,25495.48696404743,4657.0109758121525,549.6254655620955,360.59948078850346,False
963652,32,9,38.27819846150478,48.78723696733629,706144.132479334,39,39,1.7591062942051998,2.892840139649126,-4262.537790440537,1.1368683772161603e-13,4262.537790440537,463.80733992555923,463.80733992555923,2.970015368825349e-15,False
963652,33,0,36.56058125527919,33.655360608784754,443258.9706421089,39,39,1.7221930679738953,3.349788361608474,-16741.652186411804,0.0,16741.652186411804,2970.7811395220633,453.4279812949572,0.0,False
963652,33,1,35.49884490184677,46.43197801694782,440970.452712361,37,37,1.7621646035005192,2.9565296094981757,-18839.954056952844,0.0,18839.954056952844,3398.569269993707,437.8085173231796,0.0,False
963652,33,2,35.11003513508994,21.761747571491746,743320.1558283018,46,46,1.705221008144807,2.9122349673982675,-15093.219361396563,0.0,15093.219361396563,2586.7633540351458,528.8220559350387,0.0,False
963652,33,3,41.860607736514424,18.814050935848638,885667.8011862033,35,35,1.9201009494709314,3.110094199573254,-6085.253644032,0.0,6085.253644032,863.4849477912162,399.94605375851836,0.0,False
963652,33,4,37.94021108042849,76.60576935438881,400065.43544600706,41,41,1.8496233485032827,3.2386351614358726,-22161.28588562555,0.0,22161.28588562555,4015.134541793259,489.81757589151493,0.0,False
963652,33,5,31.067217532070877,10.0,654770.1648357442,36,36,1.7541703150685486,2.3281500168400093,-7594.827584889796,0.0,7594.827584889796,1171.4885277756873,409.5139050672738,0.0,False
963652,33,6,35.96143586319969,33.96343653541666,931674.352602125,44,44,1.9849493235625084,3.1446263860583588,99551.5293343461,101800.86518003188,2249.3358456857777,0.0,514.268985446894,2830.8342738952606,False
963652,33,7,42.5499519274294,23.10233707970667,1000125.6925455988,46,46,1.8844229112599964,3.432041987131881,-10063.072236799551,0.0,10063.072236799551,1559.2705110451234,532.0532106797684,0.0,False
963652,33,8,31.467915980202957,34.33015880530521,784918.7818034673,47,47,1.7078219368540741,2.6717778551192497,32000.496554147965,52034.53677785189,20034.040223703927,3556.6010517234495,553.1643644211499,1653.5742885098516,False
963652,33,9,34.4503786153543,53.66596066406993,697370.0237761687,39,39,1.7591062942051998,2.992840139649126,-6581.136237267535,0.0,6581.136237267535,927.5646458880544,463.75730596249525,0.0,False
963652,34,0,32.90452312975127,31.972592578345516,422682.6939464245,39,39,1.7721930679738953,3.449788361608474,-19029.34558512957,3.552713678800501e-15,19029.34558512957,3423.9676866847167,453.18654716265354,1.0797037430967189e-16,False
963652,34,1,31.948960411662096,44.110379116100425,417339.89964410855,38,38,1.8121646035005192,3.0565296094981758,-21154.358661841186,0.0,21154.358661841186,3848.1196914984293,449.55042150472235,0.0,False
963652,34,2,31.599031621580945,20.673660192917158,724428.5540156561,45,45,1.755221008144807,3.0122349673982676,-17661.287103966464,0.0,17661.287103966464,3103.879978456039,517.1166244208935,0.0,False
963652,34,3,37.67454696286298,17.873348389056204,876018.289176961,36,36,1.9701009494709314,3.210094199573254,-8206.071467236288,0.0,8206.071467236288,1274.7006909649615,411.2157431737453,0.0,False
963652,34,4,34.14618997238564,72.77548088666937,371467.97169173695,42,42,1.8996233485032827,3.3386351614358727,-24740.893557029187,0.0,24740.893557029187,4516.865982912488,501.7314411192295,0.0,False
963652,34,5,27.96049577886379,10.0,650032.6007578486,37,37,1.8041703150685486,2.4281500168400094,-3567.564077895574,5254.166243452121,8821.730321347695,1404.2681162750073,420.693504082459,187.91391558313887,False
963652,34,6,34.163364070039705,32.26526470864583,924572.7187382181,45,45,2.0349493235625085,3.1446263860583588,-4949.696952016973,0.0,4949.696952016973,525.7026666026892,525.7026666026892,0.0,False
963652,34,7,38.29495673468646,21.947220225721335,986193.110822684,45,45,1.9344229112599964,3.532041987131881,-12644.956812758244,0.0,12644.956812758244,2079.5731991654743,520.3026881203509,0.0,False
963652,34,8,28.32112438218266,32.61365086503995,896951.966402692,48,48,1.7578219368540742,2.77177785511925,114398.63984074659,116720.80461111205,2322.1647703654617,0.0,564.7326579135542,4121.3337096370105,False
963652,34,9,31.005340753818874,56.34925869727343,720455.0878017779,39,39,1.8091062942051999,3.0928401396491263,25582.68511480162,29713.658660841495,4130.973546039873,432.93232867514223,463.7076957792582,958.3400129921719,False
963652,35,0,29.61407081677614,33.57122220726279,476924.65977840574,40,40,1.8221930679738954,3.549788361608474,56384.814720272254,66611.28190845625,10226.467188183999,1645.4217539565234,470.7659677053423,2249.3119004335426,False
963652,35,1,28.754064370495886,41.9048601602954,393495.1948804541,39,39,1.8621646035005193,3.156529609498176,-21410.415217402235,1804.4478718930425,23214.86308929528,4246.656217848459,461.2910590186201,62.75453266859065,False
963652,35,2,28.43912845942285,21.707343202563017,702853.3775800583,45,45,1.805221008144807,3.1122349673982677,-20298.345991483093,4.379057701015058e-47,20298.345991483093,3623.906232762136,520.0262543060966,1.5398002464327024e-48,False
963652,35,3,33.90709226657668,16.979680969603393,864207.9285526188,37,37,2.0201009494709314,3.3100941995732542,-10382.11242846657,0.0,10382.11242846657,1696.9364281232195,422.2357371582579,0.0,False
963652,35,4,30.73157097514708,69.1367068423359,340989.5926696773,42,42,1.9496233485032828,3.438635161435873,-27274.637334681294,3.552713678800504e-15,27274.637334681294,5018.597424031717,501.7314411192295,1.1560468814541302e-16,False
963652,35,5,25.164446200977412,10.0,693188.3586354046,38,38,1.8541703150685487,2.5281500168400095,44335.75787755607,46199.32871429593,1863.57083673986,0.0,431.6287814878965,1835.8968977629042,False
963652,35,6,30.747027663035734,30.652001473213538,914779.1441152374,46,46,2.0849493235625083,3.1446263860583588,-7683.58255521178,4.379057701015054e-46,7683.58255521178,1060.110625225677,534.4079586229878,1.424221472399293e-47,False
963652,35,7,34.465461061217816,20.849859214435266,969090.7823248111,46,46,1.9844229112599965,3.632041987131881,-15343.234974011113,0.0,15343.234974011113,2607.750581848169,528.1773826826948,0.0,False
963652,35,8,29.737180601291794,30.98296832178795,889388.9834395825,49,49,1.8078219368540742,2.87177785511925,-5244.817515342809,0.0,5244.817515342809,572.7656112385814,572.7656112385814,0.0,False
963652,35,9,27.904806678436987,53.53179576240975,741053.9052719767,40,40,1.8091062942051999,3.1928401396491264,23340.089300693384,25351.58663429444,2011.497333601054,0.0,475.5701715010915,908.5025001762327,False
963652,36,0,26.65266373509853,31.89266109689965,462434.5209895009,41,41,1.8221930679738954,3.549788361608474,-12682.539683932873,1.5987211554602254e-14,12682.539683932873,2127.7769780332005,482.3552240766773,5.998354128315105e-16,False
963652,36,1,25.8786579334463,44.00010316831017,511307.28096231393,39,39,1.9121646035005193,3.256529609498176,119828.09010542376,121832.2699575539,2004.1798521301325,0.0,461.17176422377315,4707.827982072226,False
963652,36,2,25.595215613480566,20.621976042434866,680194.626808916,45,45,1.855221008144807,3.2122349673982677,-21430.761849234317,1247.8267192459625,22678.588568480278,4094.93980105316,519.7859108416667,48.75234255064268,False
963652,36,3,30.516383039919017,16.130696921123224,850180.0305038647,38,38,2.0701009494709313,3.4100941995732543,-12614.931565750614,0.0,12614.931565750614,2130.2556874158927,433.3192592926734,0.0,False
963652,36,4,27.658413877632373,76.05037752656949,322744.54519218,43,43,1.9996233485032828,3.538635161435873,-14174.881243855465,13330.801724489122,27505.682968344587,5050.260690577698,513.6432449882745,481.9799784422877,False
963652,36,5,27.680890821075156,10.0,687857.581372814,39,39,1.9041703150685487,2.6281500168400096,-4140.777262590631,0.0,4140.777262590631,442.57658188788736,442.57658188788736,0.0,False
963652,36,6,27.67232489673216,29.11940139955286,902124.4573378802,47,47,2.134949323562508,3.244626386058359,-10486.074911580197,5.684341886080802e-14,10486.074911580197,1605.874111027646,545.7634858019688,2.0541612991657484e-15,False
963652,36,7,31.018914955096037,19.807366253713504,949248.585488973,47,47,2.0344229112599965,3.7320419871318813,-18111.250621914573,0.0,18111.250621914573,3147.076420425077,539.3258385769078,0.0,False
963652,36,8,26.763462541162614,29.433819905698552,879511.5537208457,49,49,1.8578219368540743,2.97177785511925,-8135.172543355619,0.0,8135.172543355619,1145.2928671842842,572.5272559457027,0.0,False
963652,36,9,30.69528734628069,58.88497533865073,733421.8919366697,41,41,1.8591062942052,3.1928401396491264,-4517.729346420093,0.0,4517.729346420093,487.3775303096147,487.3775303096147,0.0,False
963652,37,0,23.987397361588677,30.298028042054668,450890.9994234159,41,41,1.8721930679738954,3.6497883616084743,-10001.302416359971,4208.649273011104,14209.951689371075,2431.160905063648,478.83644526614717,175.45251823569936,False
963652,37,1,25.8786579334463,41.80009800989466,505415.0197547111,38,38,1.9121646035005193,3.356529609498176,-4203.857483227706,0.0,4203.857483227706,449.2575778565705,449.2575778565705,0.0,False
963652,37,2,23.03569405213251,19.590877240313123,665709.4911631569,46,46,1.905221008144807,3.312234967398268,-12783.955292705696,10370.09225083991,23154.047543545606,4175.939014200231,531.1741558846833,450.1749427376124,False
963652,37,3,27.464744735927116,15.324162075067063,833877.3809303009,39,39,2.120100949470931,3.5100941995732544,-14905.007252636406,0.0,14905.007252636406,2574.738576148841,444.48288873294814,0.0,False
963652,37,4,24.892572489869135,72.24785865024101,443880.1557235629,44,44,2.0496233485032826,3.638635161435873,125114.51631199276,129341.87953459387,4227.36322260111,379.81271971701295,525.5549568091689,5196.002927669845,False
963652,37,5,24.91280173896764,10.0,680183.5203058117,40,40,1.9541703150685488,2.7281500168400097,-6474.06106700237,0.0,6474.06106700237,896.1281689878747,453.55158709998733,0.0,False
963652,37,6,24.905092407058945,32.03134153950815,887014.027836465,47,47,2.184949323562508,3.344626386058359,-13304.956449060324,8.526512829121201e-14,13304.956449060324,2158.472249038217,552.5981380105709,3.4236021652762467e-15,False
963652,37,7,27.917023459586435,18.81699794102783,926608.9097802135,48,48,2.0844229112599963,3.8320419871318814,-20936.45980759134,0.0,20936.45980759134,3697.5877467160626,550.5113262909856,0.0,False
963652,37,8,24.087116287046353,27.96212891041362,866215.4553347841,50,50,1.9078219368540743,3.07177785511925,-11097.991940538126,0.0,11097.991940538126,1725.8531479439043,580.56028075962,0.0,False
963652,37,9,27.62575861165262,55.940726571718194,723413.2248894746,42,42,1.8591062942052,3.2928401396491265,-7059.156531183065,0.0,7059.156531183065,986.555295286611,499.17776497699623,0.0,False
963652,38,0,21.58865762542981,28.783126639951934,509975.51912689034,40,40,1.9221930679738954,3.7497883616084744,60535.84476907277,62567.53233403239,2031.6875649596195,0.0,467.0059666149536,2898.1668716786057,False
963652,38,1,23.29079214010167,39.71009310939993,496711.58289721387,39,39,1.9121646035005193,3.456529609498176,-6554.743226230521,0.0,6554.743226230521,910.2516819526674,460.99410409609686,0.0,False
963652,38,2,20.73212464691926,20.57042110232878,707172.498762873,46,46,1.9552210081448071,3.412234967398268,42709.24697042371,55197.71261800148,12488.465647577774,2040.6811616105226,527.1664554854183,2662.4243080751357,False
963652,38,3,24.718270262334403,14.55795397131371,815861.8646774058,39,39,2.170100949470931,3.6100941995732545,-17147.75604801357,0.0,17147.75604801357,3019.015382883931,444.27680673509025,0.0,False
963652,38,4,22.403315240882222,68.63546571772896,458488.8553262462,44,44,2.0996233485032825,3.738635161435873,17928.660094264636,20283.23746612114,2354.577371856503,0.0,525.5549568091689,905.367676526182,False
963652,38,5,22.421521565070876,10.0,670721.4802277458,40,40,2.004170315068549,2.8281500168400098,-8762.040078065858,0.0,8762.040078065858,1349.4069376375783,453.27876864970347,0.0,False
963652,38,6,22.41458316635305,30.429774462532738,868551.2530467034,48,48,2.2349493235625078,3.444626386058359,-16202.145615562626,8.171241461241155e-14,16202.145615562626,2722.6100897385486,564.1378407003318,3.645502305618227e-15,False
963652,38,7,25.12532111362779,20.69869773513061,900941.2944046296,49,49,2.134422911259996,3.9320419871318815,-23853.379186564518,0.0,23853.379186564518,4263.079459018629,565.4917123025664,0.0,False
963652,38,8,21.67840465834172,26.56402246489294,850028.6251489203,51,51,1.9578219368540744,3.07177785511925,-14132.065040153364,0.0,14132.065040153364,2317.8273284773645,591.9741805334602,0.0,False
963652,38,9,24.86318275048736,53.14369024313228,710642.4313646597,43,43,1.9091062942052,3.3928401396491266,-9685.61484436028,0.0,9685.61484436028,1497.5872908178073,511.0319955311964,0.0,False
963652,39,0,20.50922474415832,31.66143930394713,503676.25430375116,41,41,1.9221930679738954,3.6497883616084743,-4501.145811677296,6.039613253960852e-14,4501.145811677296,482.07271227028326,482.07271227028326,2.9448276711098628e-15,False
963652,39,1,20.9617129260915,43.681102420339926,485175.92660257395,40,40,1.9621646035005194,3.556529609498176,-8988.412197827154,0.0,8988.412197827154,1383.0340928457715,472.78241089310416,0.0,False
963652,39,2,18.658912182227336,22.62746321256166,751485.4901379611,46,46,2.005221008144807,3.512234967398268,45653.854682867095,47979.49385518588,2325.6391723187835,0.0,530.7170735388123,2571.398235149339,False
963652,39,3,22.246443236100962,13.830056272748024,795014.9499403476,40,40,2.2201009494709307,3.7100941995732546,-19493.71248614635,0.0,19493.71248614635,3474.3938646095157,455.3784817255848,0.0,False
963652,39,4,23.523481002926335,65.20369243184251,450485.4543245308,43,43,2.1496233485032823,3.838635161435873,-4899.642227145709,0.0,4899.642227145709,513.6432449882745,513.6432449882745,0.0,False
963652,39,5,20.17936940856379,10.0,658362.436806157,41,41,2.0541703150685486,2.92815001684001,-11149.043421588874,0.0,11149.043421588874,1813.5034354036654,464.09649776608717,0.0,False
963652,39,6,20.173124849717745,28.9082857394061,930149.8354721721,49,49,2.2849493235625076,3.544626386058359,63815.08842669762,66467.02303742169,2651.9346107240704,0.0,572.2202120900537,3294.8303018286074,False
963652,39,7,22.612789002265014,20.69869773513061,887662.394971531,50,50,2.184422911259996,4.0320419871318816,-11443.964546344157,12555.56217111043,23999.526717454588,4280.583396055456,572.745582366494,555.2416453296761,False
963652,39,8,19.510564192507548,26.56402246489294,832067.5052089939,52,52,2.007821936854074,3.17177785511925,-15779.790771751097,1149.3094847442735,16929.10025649537,2862.2291541346995,603.308860502879,58.90703484554443,False
963652,39,9,22.376864475438627,50.486505730975665,695247.9803983532,44,44,1.9591062942052,3.4928401396491267,-12373.044714142154,0.0,12373.044714142154,2020.5309981698979,522.9437073520907,0.0,False
963652,40,0,18.45830226974249,30.07836733874977,494672.8671898073,42,42,1.9721930679738955,3.549788361608474,-7040.095685716454,0.0,7040.095685716454,975.7905904752115,493.7178782049283,0.0,False
963652,40,1,18.86554163348235,41.49704729932293,471840.68414816156,40,40,2.012164603500519,3.6565296094981763,-11375.360562438622,0.0,11375.360562438622,1855.7496152137292,472.71552236795765,0.0,False
963652,40,2,19.591857791338704,20.364716891305495,744620.4283978895,47,47,2.055221008144807,3.612234967398268,-5107.920046179752,0.0,5107.920046179752,541.9989243515178,541.9989243515178,0.0,False
963652,40,3,20.021798912490866,13.138553459110621,771779.1632347893,41,41,2.2701009494709306,3.8100941995732547,-21897.106013736044,3.907985046680551e-14,21897.106013736044,3940.96232101185,466.5684564023339,1.9518650965186263e-15,False
963652,40,4,21.1711329026337,61.94350781025038,440128.342874354,43,43,2.199623348503282,3.838635161435873,-7493.540614336494,0.0,7493.540614336494,1027.286489976549,513.6432449882745,0.0,False
963652,40,5,18.16143246770741,10.5,643528.9594356668,42,42,2.1041703150685485,3.02815001684001,-13592.477370490224,0.0,13592.477370490224,2288.5560809273925,475.0526455237269,0.0,False
963652,40,6,19.164468607231857,26.01745716546549,936505.1502100765,50,50,2.3349493235625074,3.644626386058359,8456.187596180474,11186.555158803712,2730.3675626232375,0.0,583.7132971473251,583.7132971473251,False
963652,40,7,20.351510102038514,19.66376284837408,982356.8250669205,49,49,2.234422911259996,4.132041987131881,95957.95447495906,98533.44795023555,2575.4934752764893,0.0,560.9958015671224,4841.579197622585,False
963652,40,8,17.559507773256794,25.235821341648293,828840.176267122,52,52,2.057821936854074,3.2717778551192502,-1615.066232107105,14289.734355359169,15904.800587466274,2651.5210973733238,603.0809480262466,813.7890047876226,False
963652,40,9,20.139178027894765,53.01083101752445,676941.7880127162,45,45,2.0091062942052,3.5928401396491267,-15120.704989848866,0.0,15120.704989848866,2555.3287729612134,534.7977747913156,0.0,False
963652,41,0,16.612472042768243,28.57444897181228,483007.15486466885,43,43,2.0221930679738955,3.6497883616084743,-9637.011019349586,1.1368683772161603e-13,9637.011019349586,1480.9957033156006,505.2051128403891,6.843462997495686e-15,False
963652,41,1,17.922264551808233,43.57189966428908,455610.25306673016,41,41,2.012164603500519,3.7565296094981764,-13843.983195195233,0.0,13843.983195195233,2340.121052174727,484.37143696099776,0.0,False
963652,41,2,17.632672012204836,19.34648104674022,735606.801815675,47,47,2.105221008144807,3.712234967398268,-7804.3419730169435,0.0,7804.3419730169435,1079.5308905587367,537.5319662072189,0.0,False
963652,41,3,18.01961902124178,12.48162578615509,847811.7428336781,42,42,2.3201009494709304,3.9100941995732548,77356.8078819079,79619.86055652372,2263.052674615834,0.0,477.5473302003486,4418.509651212199,False
963652,41,4,19.054019612370332,58.84633241973786,426541.4863985797,44,44,2.249623348503282,3.9386351614358732,-10197.617849306467,0.0,10197.617849306467,1552.8414467857178,525.5549568091689,0.0,False
963652,41,5,16.34528922093667,10.0,626209.2306225032,43,43,2.1541703150685483,3.12815001684001,-16089.728813163569,0.0,16089.728813163569,2774.3399647171173,485.78388378972454,0.0,False
963652,41,6,17.248021746508673,24.716584307192214,941898.3939469983,51,51,2.384949323562507,3.7446263860583593,7453.789536585979,10262.923509218586,2809.1339726326073,0.0,595.0203252321381,595.0203252321384,False
963652,41,7,19.333934596936587,21.63013913321149,975155.8914758789,50,50,2.234422911259996,4.232041987131881,-5519.426634381933,0.0,5519.426634381933,576.0432119581277,576.0432119581277,0.0,False
963652,41,8,15.803556995931114,23.974030274565877,852546.6456210738,52,52,2.057821936854074,3.3717778551192503,25053.11892822831,33402.355121671746,8349.236193443436,1140.6754649742263,602.7516501792379,2113.597282578329,False
963652,41,9,18.12526022510529,47.709747915772006,656018.9024739368,46,46,2.0591062942051996,3.692840139649127,-17928.23713465551,0.0,17928.23713465551,3101.9161634874517,546.5873905262381,0.0,False
963652,42,0,14.951224838491418,30.003171420402897,508450.7598028667,44,44,2.0721930679738954,3.7497883616084744,27563.744480696514,29867.790124634575,2304.0456439380628,0.0,516.6861219045596,1997.681825220163,False
963652,42,1,16.13003809662741,41.393304681074625,436676.0550245822,42,42,2.062164603500519,3.8565296094981765,-16395.679245543637,0.0,16395.679245543637,2836.1475735792988,496.0265214045715,0.0,False
963652,42,2,15.869404810984353,18.379156994403207,725285.5020684968,48,48,2.1552210081448067,3.8122349673982683,-8639.100211446981,1506.4919946551195,10145.592206102101,1533.2042818498048,548.6039833705123,94.93059207944385,False
963652,42,3,17.118638070179692,13.7297883647706,841743.4167087337,43,43,2.37010094947093,3.9100941995732548,-4777.945225261266,0.0,4777.945225261266,488.56946685507734,488.56946685507734,0.0,False
963652,42,4,17.1486176511333,55.90401579875097,410263.37657250866,45,45,2.2996233485032818,4.038635161435873,-12962.429115126808,0.0,12962.429115126808,2090.3064272359907,537.4649804502731,0.0,False
963652,42,5,14.710760298843004,10.0,662156.0037364957,44,44,2.204170315068548,3.22815001684001,37186.773113992516,41666.8664521849,4480.093338192384,438.4933978239336,496.5608414079383,2832.4074083011183,False
963652,42,6,18.97282392115954,27.188242737911438,934730.5669100407,51,51,2.384949323562507,3.7446263860583593,-5781.226657324552,0.0,5781.226657324552,594.6997117301355,594.6997117301355,0.0,False
963652,42,7,17.40054113724293,20.548632176550914,984336.4728865178,50,50,2.2844229112599956,4.3320419871318805,10508.013019468475,14707.180302479168,4199.167283010693,306.52696294756953,575.697712238092,845.2139612486491,False
963652,42,8,14.223201296338003,25.172731788294172,873056.1013714285,52,52,2.107821936854074,3.4717778551192504,22118.437803343473,24793.34569202112,2674.9078886776483,0.0,602.486652713342,1743.1621176875685,False
963652,42,9,16.31273420259476,45.324260519983405,632292.8733251629,47,47,2.1091062942051995,3.792840139649127,-20795.788904337023,0.0,20795.788904337023,3660.281377661687,558.3652141742355,0.0,False
963652,43,0,14.203663596566846,28.50301284938275,511492.597133004,45,45,2.122193067973895,3.8497883616084745,5124.4729083587845,7501.586381160327,2377.113472801542,0.0,528.1444699220791,528.144469922079,False
963652,43,1,14.517034286964668,39.323639447020895,435555.5028944858,43,43,2.112164603500519,3.9565296094981766,1370.3643661264796,15156.818613949312,13786.454247822832,2299.7572858258445,507.68099528809324,1044.0712830415457,False
963652,43,2,14.282464329885919,17.460199144683045,751368.4678172187,48,48,2.2052210081448065,3.9122349673982684,27221.05530766612,29725.84629537454,2504.7909877084203,0.0,548.0784442112382,2081.2827260610406,False
963652,43,3,15.406774263161724,13.04329894653207,833966.1194447641,43,43,2.37010094947093,3.9100941995732548,-7216.43540926668,0.0,7216.43540926668,976.6739280188104,488.1044611637331,0.0,False
963652,43,4,15.43375588601997,53.108815008813416,445170.96717001736,46,46,2.3496233485032816,4.1386351614358725,38150.596087915,40740.15928999235,2589.56320207735,0.0,549.3724423057472,2639.6788695417385,False
963652,43,5,13.975222283900854,11.0,655473.6870797662,45,45,2.254170315068548,3.22815001684001,-5487.316656729568,1177.5040508084471,6664.820707538016,861.4283407137133,507.1914954431445,84.2565525533648,False
963652,43,6,17.075541529043587,25.828830601015863,923696.1578998081,52,52,2.434949323562507,3.8446263860583594,-8891.309818977197,0.0,8891.309818977197,1200.7242980039655,606.0245862738299,0.0,False
963652,43,7,15.660487023518636,19.521200567723366,993785.3756200799,51,51,2.3344229112599955,4.43204198713188,11244.483962515706,13987.153351488943,2742.669388973238,0.0,586.6223580462979,893.1493209938676,False
963652,43,8,14.934361361154904,23.914095198879462,865268.6342919765,53,53,2.1578219368540736,3.4717778551192504,-5820.020033912851,0.0,5820.020033912851,613.6852269747734,613.6852269747734,0.0,False
963652,43,9,14.681460782335286,43.05804749398423,605702.7703846908,48,48,2.1591062942051993,3.892840139649127,-23723.316660758337,8.881784197001252e-15,23723.316660758337,4230.414489421042,570.1331117593547,6.049659723021433e-16,False
963652,44,0,15.624029956223533,29.928163491851887,505266.8257228056,44,44,2.122193067973895,3.8497883616084745,-4908.932216557892,0.0,4908.932216557892,516.206155851926,516.206155851926,0.0,False
963652,44,1,13.0653308582682,43.256003391722984,467323.00430467864,44,44,2.1621646035005186,4.056529609498177,34470.76555942747,36832.2998828128,2361.5343233853237,0.0,519.3293704836665,2819.0866563095124,False
963652,44,2,13.568341113391622,16.587189187448892,745351.1602956423,47,47,2.2052210081448065,4.0122349673982685,-5137.709629768,0.0,5137.709629768,536.4031591853254,536.4031591853254,0.0,False
963652,44,3,13.866096836845552,13.04329894653207,844292.1134362526,43,43,2.42010094947093,4.010094199573254,11186.855846191254,15336.138424234474,4149.28257804322,358.54958335414403,487.8926264185504,1106.0169710832156,False
963652,44,4,16.20544368032097,58.41969650969476,436477.4987735331,47,47,2.3496233485032816,4.1386351614358725,-5447.742660527347,0.0,5447.742660527347,561.2785098308183,561.2785098308183,0.0,False
963652,44,5,12.577700055510768,10.45,652157.5648613465,44,44,2.3041703150685477,3.12815001684001,-2656.322218421784,4624.567289568097,7280.889507989881,989.4559804281944,495.7075230920386,367.6798833775575,False
963652,44,6,15.36798737613923,24.53738907096507,910169.8648828636,52,52,2.484949323562507,3.9446263860583595,-11950.348785254586,0.0,11950.348785254586,1806.6028429698033,605.8785449658378,0.0,False
963652,44,7,17.2265357258705,18.545140539337197,986210.9122860688,52,52,2.3844229112599953,4.53204198713188,-5810.116025967709,0.0,5810.116025967709,597.8115094574813,597.8115094574813,0.0,False
963652,44,8,13.440925225039415,22.718390438935486,854449.0213682726,54,54,2.1578219368540736,3.5717778551192505,-8992.819840001186,0.0,8992.819840001186,1238.7676695685177,625.0824425937443,0.0,False
963652,44,9,13.213314704101757,45.21094986868345,663181.7697146202,49,49,2.209106294205199,3.992840139649127,60494.335873493794,63265.22409409493,2770.8882206011317,24.322870705857373,581.8987917800586,4787.9904104952375,False
963652,45,0,14.06162696060118,28.43175531725929,496200.8025211784,44,44,2.172193067973895,3.9497883616084746,-7515.025967667829,0.0,7515.025967667829,1032.3308332682423,516.1246774163162,0.0,False
963652,45,1,13.718597401181611,41.093203222136836,466780.0721619477,45,45,2.2121646035005185,4.156529609498176,2106.2620022656347,5275.934997970699,3169.6729957050647,146.51794541263288,531.1006285895791,384.58268317694575,False
963652,45,2,12.21150700205246,17.416548646821337,754522.0606916749,48,48,2.2552210081448063,4.0122349673982685,10706.894731082353,13236.91554913296,2530.0208180506065,0.0,547.5675208387003,1083.970680024026,False
963652,45,3,12.479487153160997,12.391133999205467,851639.2304419071,43,43,2.47010094947093,4.110094199573254,8179.935767620951,10559.581622929003,2379.6458553080515,0.0,487.60551046750504,846.1550938216487,False
963652,45,4,14.584899312288872,55.49871168421002,425681.74007329997,46,46,2.3496233485032816,4.238635161435872,-8142.8179627601785,2.486899575160351e-14,8142.8179627601785,1110.6509521365656,549.3724423057472,1.7051194676846012e-15,False
963652,45,5,11.31993004995969,10.0,665868.6550125938,44,44,2.3541703150685476,3.22815001684001,14451.09015124737,16807.946282037014,2356.8561307896434,0.0,495.35410301369626,1484.8100834418906,False
963652,45,6,13.831188638525306,23.310519617416816,938661.5356608742,53,53,2.5349493235625067,4.04462638605836,30527.128317732826,33527.086740297025,2999.9584225642,0.0,617.4177973756596,2424.0206403454645,False
963652,45,7,15.503882153283453,17.617883512370337,976268.2858808018,52,52,2.434422911259995,4.53204198713188,-8826.496462622097,0.0,8826.496462622097,1195.350857476998,597.5393480195169,0.0,False
963652,45,8,12.096832702535474,21.58247091698871,872368.3288577518,55,55,2.2078219368540735,3.5717778551192505,19806.34338991564,22684.5275283271,2878.1841384114596,0.0,636.4775360275277,1875.2452055960453,False
963652,45,9,12.55264896889667,49.7320448555518,664925.229870813,50,50,2.259106294205199,4.092840139649127,5030.062398972743,7759.140412768853,2729.0780137961106,0.0,593.8048593051298,618.1277300109869,False
963652,46,0,12.655464264541061,27.010167551396325,511856.1072243303,43,43,2.222193067973895,4.049788361608474,17116.74190786216,19445.60199314165,2328.8600852794893,0.0,504.2071859354992,1536.5380192037408,False
963652,46,1,13.03266753112253,39.03854306102999,470653.8882972596,46,46,2.2621646035005183,4.256529609498176,6469.589116118017,8982.82014417606,2513.2310280580427,0.0,542.7362017314359,689.2541471440691,False
963652,46,2,12.21150700205246,16.54572121448027,757882.6990288816,48,48,2.2552210081448063,4.0122349673982685,4154.832955502607,6683.906683295392,2529.0737277927856,0.0,547.3449494949303,547.3449494949303,False
963652,46,3,13.727435868477098,13.630247399126015,847487.1888217535,44,44,2.5201009494709297,4.110094199573254,-2852.3107345934313,1535.7650724794364,4388.075807072868,386.8012364449534,498.67683267382233,111.87559622886893,False
963652,46,4,13.126409381059986,52.72377609999952,441908.8030592673,47,47,2.3496233485032816,4.338635161435872,19305.080462665945,21946.4305740392,2641.350111373256,0.0,561.2785098308183,1671.9294619673808,False
963652,46,5,10.753933547461706,11.0,668127.8557591364,44,44,2.4041703150685474,3.22815001684001,2943.2007465425104,5323.31217992685,2380.1114333843398,0.0,495.0107006364507,495.0107006364506,False
963652,46,6,13.831188638525306,22.144993636545973,931302.2837589778,53,53,2.5349493235625067,4.144626386058359,-6085.567239160602,1.0658141036401503e-14,6085.567239160602,617.2625610727001,617.2625610727001,7.70587497210065e-16,False
963652,46,7,13.953493937955107,18.498777687988856,997141.244824958,52,52,2.484422911259995,4.632041987131879,22134.895383933017,25013.29831547276,2878.402931539742,0.0,597.2681400798541,1792.6189975568566,False
963652,46,8,11.4919910674087,19.42422382528984,874967.3785862467,56,56,2.2578219368540733,3.6717778551192506,4486.806262713699,7445.324367423465,2958.518104709767,0.0,647.8707061075271,647.8707061075269,False
963652,46,9,11.925016520451836,47.245442612774205,666127.5949243027,51,51,2.3091062942051988,4.192840139649126,4411.882626742284,7221.300524886922,2809.4178981446385,0.0,605.5589535244773,605.5589535244777,False
963652,47,0,13.288237477768115,29.71118430653596,514298.69122025714,44,44,2.2721930679738946,4.049788361608474,4449.876105414418,6853.189172828905,2403.3130674144873,0.0,515.733496206298,515.7334962062977,False
963652,47,1,14.335934284234785,42.94239736713299,473193.0698226578,47,47,2.312164603500518,4.356529609498176,5357.474201654308,7948.265720268446,2590.7915186141377,0.0,554.4295588051873,554.429558805187,False
963652,47,2,13.432657702257707,14.891149093032244,761249.2726976624,49,49,2.305221008144806,4.112234967398268,4896.239974340061,7500.029793471599,2603.789819131538,0.0,558.3429548875523,558.3429548875517,False
963652,47,3,12.354692281629388,12.948735029169713,855174.3915391185,44,44,2.5701009494709295,4.010094199573254,8456.947058650012,10933.685291035143,2476.7382323851302,0.0,498.1811687658023,884.9824052107563,False
963652,47,4,13.126409381059986,50.087587294999544,444023.1397195695,47,47,2.3996233485032814,4.238635161435872,4668.453263166419,7322.891880982361,2654.4386178159416,0.0,557.8747141277271,557.8747141277275,False
963652,47,5,11.291630224834792,12.100000000000001,670512.2666110392,43,43,2.454170315068547,3.22815001684001,3104.7108519018466,5457.519814686583,2352.8089627847367,0.0,483.3243478592952,483.32434785929524,False
963652,47,6,12.448069774672776,21.037743954718675,942222.7784989702,53,53,2.5849493235625065,4.244626386058359,12335.495169590831,15364.53859531513,3029.0434257243,0.0,617.0282867000442,1234.290847772744,False
963652,47,7,13.953493937955107,20.348655456787743,1000837.190242986,53,53,2.5344229112599947,4.732041987131879,5574.424157237955,8554.282290137084,2979.8581328991286,0.0,613.0566529196282,613.0566529196284,False
963652,47,8,12.641190174149571,17.481801442760855,878524.8599279375,57,57,2.307821936854073,3.6717778551192506,5253.944023930449,8273.28658022275,3019.342556292301,0.0,654.4705416378509,654.470541637851,False
963652,47,9,12.521267346474428,51.96998687405163,667492.1550705968,52,52,2.3591062942051986,4.292840139649126,4866.999463743652,7773.095204037649,2906.0957402939966,0.0,620.7914094435732,620.7914094435731,False
963652,48,0,14.617061225544928,28.22562509120916,517555.5099487433,45,45,2.3221930679738945,4.049788361608474,5226.971857591561,7705.42941372076,2478.457556129199,0.0,527.1531188673316,527.1531188673323,False
963652,48,1,15.769527712658265,40.795277498776336,476792.05618724413,48,48,2.362164603500518,4.356529609498176,6257.1596845277345,8926.37129333372,2669.2116088059847,0.0,566.0519107473638,566.051910747364,False
963652,48,2,14.775923472483479,16.38026400233547,765760.0853533469,49,49,2.355221008144806,4.212234967398268,5613.445591800386,8243.1129254337,2629.667333633314,0.0,557.8746357738294,557.8746357738295,False
963652,48,3,11.119223053466449,12.301298277711227,857342.9814173089,44,44,2.6201009494709293,4.110094199573254,3009.8470024085404,5491.665522846409,2481.8185204378683,0.0,493.8893209030791,493.88932090307935,False
963652,48,4,14.439050319165986,50.087587294999544,446344.71721227426,48,48,2.4496233485032812,4.338635161435872,5525.781682863991,8276.235471587554,2750.453788723563,0.0,573.1841976201106,573.1841976201104,False
963652,48,5,12.420793247318272,13.310000000000002,672965.8485572957,44,44,2.504170315068547,3.22815001684001,3739.2219462589787,6180.446102903773,2441.224156644794,0.0,497.5886789064915,497.5886789064918,False
963652,48,6,11.825666285939137,19.98585675698274,944661.5469468363,54,54,2.6349493235625063,4.3446263860583585,4318.004712745853,7430.193163043638,3112.188450297785,0.0,628.310742361995,628.3107423619953,False
963652,48,7,15.348843331750619,19.331222683948354,1005612.8849467987,54,54,2.5844229112599946,4.732041987131879,6519.5807287491025,9581.360429242673,3061.7797004935715,0.0,624.2399001768867,624.2399001768863,False
963652,48,8,13.905309191564529,16.607711370622813,882913.3484959675,58,58,2.357821936854073,3.7717778551192507,6151.73582752298,9250.900077532868,3099.1642500098874,0.0,665.2782724993128,665.278272499313,False
963652,48,9,13.773394081121872,49.37148753034904,669866.9055390931,53,53,2.4091062942051984,4.292840139649126,5691.439307602061,8665.380340188489,2973.9410325864287,0.0,629.1390698001917,629.1390698001923,False
963652,49,0,16.078767348099422,26.8143438366487,522018.9952673228,45,45,2.3721930679738943,4.149788361608474,5970.130791227621,8474.562679529654,2504.4318883020337,0.0,527.0654457557896,527.0654457557894,False
963652,49,1,17.346480483924093,38.755513623837516,481852.372567525,48,48,2.4121646035005178,4.356529609498176,7120.581034224346,9817.78373244731,2697.2026982229636,0.0,565.9813090929871,565.981309092987,False
963652,49,2,16.253515819731827,14.742237602101923,771144.1156495303,49,49,2.4052210081448058,4.312234967398267,6406.399938687705,9062.673373887237,2656.2734351995323,0.0,557.582339378236,557.5823393782358,False
963652,49,3,12.231145358813095,13.531428105482352,860007.5078236987,44,44,2.670100949470929,4.210094199573254,3559.909243028745,6082.228062383592,2522.318819354847,0.0,497.27379439580216,497.27379439580216,False
963652,49,4,15.882955351082586,47.583207930249564,450414.12846164434,48,48,2.4496233485032812,4.338635161435872,6353.405230022757,9103.85901874632,2750.453788723563,0.0,573.1841976201106,573.1841976201109,False
963652,49,5,13.6628725720501,11.979000000000003,676434.2325309645,44,44,2.554170315068547,3.32815001684001,4295.459973671026,6743.100722821585,2447.6407491505583,0.0,493.5346273093277,493.53462730932796,False
963652,49,6,13.008232914533052,21.984442432681018,947877.8506644499,55,55,2.684949323562506,4.244626386058359,5125.448051408943,8322.997512919765,3197.5494615108214,0.0,639.8253757911386,639.8253757911383,False
963652,49,7,14.581401165163086,18.364661549750934,1009925.1444085063,55,55,2.6344229112599944,4.832041987131879,6122.315846946727,9267.962722349808,3145.6468754030807,0.0,635.6016556551647,635.6016556551649,False
963652,49,8,15.295840110720983,15.77732580209167,888347.0982501556,59,59,2.4078219368540728,3.8717778551192508,7164.611976514008,10346.045117800519,3181.43314128651,0.0,676.3960032864672,676.3960032864679,False
963652,49,9,14.462063785177966,46.90291315383159,672745.7082039462,54,54,2.459106294205198,4.392840139649126,6211.559975162175,9269.697427682673,3058.1374525204983,0.0,640.9664322724874,640.966432272488,False
963652,50,0,17.686644082909368,24.13290945298383,526999.4326820082,46,46,2.422193067973894,4.2497883616084735,6890.551249523811,9454.447542589534,2563.8962930657235,0.0,534.5529371355069,534.5529371355068,False
963652,50,1,17.346480483924093,40.693289305029396,486300.34037779743,49,49,2.4621646035005176,4.456529609498175,7241.938986218638,10019.270761836646,2777.331775618007,0.0,577.596750598604,577.5967505986034,False
963652,50,2,17.878867401705012,14.005125721996826,777437.6738884157,49,49,2.4552210081448056,4.412234967398267,7279.809399265014,9962.309533394835,2682.5001341298216,0.0,557.2114446379748,557.2114446379743,False
963652,50,3,13.454259894694404,12.178285294934117,862897.6327698218,45,45,2.720100949470929,4.310094199573253,4238.147784394057,6836.604888551404,2598.4571041573463,0.0,508.13682373174385,508.1368237317441,False
963652,50,4,15.088807583528457,45.20404753373708,453394.74349404976,49,49,2.499623348503281,4.4386351614358714,5995.613361558785,8828.292699383388,2832.679337824603,0.0,585.0888249791656,585.0888249791656,False
963652,50,5,12.979728943447594,10.781100000000002,679271.641048469,45,45,2.6041703150685467,3.22815001684001,4022.5580175054524,6543.761550363518,2521.2035328580655,0.0,504.15240401972557,504.1524040197257,False
963652,50,6,14.309056205986359,24.18288667594912,952307.9571266422,55,55,2.734949323562506,4.144626386058359,5960.16522936858,9206.723048707196,3246.557819338615,0.0,643.4193084555401,643.41930845554,False
963652,50,7,16.039541281679398,16.528195394775842,1015729.9786640418,55,55,2.684422911259994,4.932041987131878,7013.885002248658,10189.889926315363,3176.004924066706,0.0,635.2980891014885,635.2980891014887,False
963652,50,8,16.060632116257032,14.988459511987086,894423.5853833457,60,60,2.4578219368540726,3.971777855119251,7775.794703910752,11040.110334795909,3264.3156308851567,0.0,687.4019811225734,687.4019811225731,False
963652,50,9,15.908270163695764,44.55776749614001,676835.4005004928,55,55,2.509106294205198,4.392840139649126,7240.369508831728,10383.516687659408,3143.1471788276804,0.0,652.711865011924,652.711865011924,False
963652,51,0,18.570976287054837,22.92626398033464,532980.3499059321,46,46,2.472193067973894,4.349788361608473,7335.525367019214,9925.825564295503,2590.3001972762886,0.0,534.4805470035762,534.4805470035757,False
963652,51,1,19.081128532316505,38.65862483977792,492287.4506529667,48,48,2.5121646035005174,4.456529609498175,8042.724267479391,10795.584502281128,2752.860234801737,0.0,565.772851642256,565.7728516422562,False
963652,51,2,19.666754141875515,15.40563829419651,776012.4366633942,50,50,2.4552210081448056,4.412234967398267,-154.9553103126218,4390.767463560392,4545.7227738730135,354.4134391819403,577.6718087067483,223.258369524808,False
963652,51,3,14.799685884163846,11.56937103018741,867093.7076207069,44,44,2.720100949470929,4.410094199573253,4805.1271762138895,7348.944475213582,2543.817298999693,0.0,496.5608414079383,496.56084140793797,False
963652,51,4,15.843247962704881,42.94384515705023,456989.7624637835,50,50,2.549623348503281,4.538635161435871,6542.211227586048,9458.303064301921,2916.091836715873,0.0,596.9926801983297,596.9926801983302,False
963652,51,5,14.277701837792353,10.242045000000001,682856.4339946641,46,46,2.6541703150685465,3.22815001684001,4755.927016193427,7352.732009033027,2596.8049928396,0.0,514.9800782063344,514.9800782063342,False
963652,51,6,15.739961826584995,24.18288667594912,957230.0661240721,56,56,2.784949323562506,4.144626386058359,6976.35065128202,10310.849510596445,3334.498859314424,0.0,655.0746198876599,655.07461988766,False
963652,51,7,17.64349540984734,14.875375855298259,1022286.5198433354,56,56,2.734422911259994,4.932041987131878,8089.562227187476,11329.772384579235,3240.2101573917585,0.0,642.1501024256097,642.1501024256092,False
963652,51,8,17.66669532788274,14.239036536387731,901784.9706205549,61,61,2.5078219368540724,3.971777855119251,8929.966465931142,12257.609835911857,3327.6433699807144,0.0,693.825846227511,693.8258462275111,False
963652,51,9,15.112856655510976,40.101990746526006,681117.5052521921,55,55,2.559106294205198,4.392840139649126,6687.714242760578,9863.132485737788,3175.4182429772104,0.0,652.631908749108,652.6319087491079,False
963652,52,0,19.499525101407578,25.218890378368105,539609.5451179814,46,46,2.472193067973894,4.449788361608473,7889.26416945428,10496.660975697387,2607.396806243107,0.0,538.3034161657441,538.3034161657446,False
963652,52,1,20.98924138554816,42.524487323755714,489274.130299339,48,48,2.5121646035005174,4.556529609498175,-872.1449620868334,3834.2513591586358,4706.396321245469,387.0967170644661,569.7737032750613,182.67698621059523,False
963652,52,2,21.633429556063067,15.40563829419651,767479.8234449672,50,50,2.5052210081448054,4.512234967398267,-7462.331303718142,3.1974423109204515e-14,7462.331303718142,932.0185367492625,577.6050975673222,1.4780099025141967e-15,False
963652,52,3,16.279654472580233,10.412433927168669,871467.6676829447,45,45,2.7701009494709288,4.510094199573253,5642.51958896092,8263.934823066027,2621.4152341051067,0.0,507.62347794204976,507.62347794204993,False
963652,52,4,17.42757275897537,45.09103741490274,461831.405340618,51,51,2.549623348503281,4.538635161435871,7641.285784994865,10611.516957101307,2970.2311721064416,0.0,608.8924202962389,608.8924202962385,False
963652,52,5,15.70547202157159,10.0,687658.4114094438,46,46,2.7041703150685463,3.22815001684001,5461.977414779671,8083.046011003221,2621.0685962235502,0.0,514.6643157175469,514.664315717547,False
963652,52,6,17.313958009243496,22.973742342151663,963544.7042039459,55,55,2.8349493235625056,4.144626386058359,7778.193908695099,11069.31790850108,3291.123999805981,0.0,639.329141412462,639.329141412463,False
963652,52,7,17.64349540984734,14.131607062533345,1028813.6740689317,57,57,2.784422911259994,5.032041987131878,8132.655828160709,11432.953260986895,3300.2974328261867,0.0,647.9981996427889,647.9981996427894,False
963652,52,8,19.433364860671013,14.950988363207118,910772.7247697494,61,61,2.557821936854072,4.071777855119251,10199.764439352362,13586.221212227754,3386.456772875392,0.0,699.118310680379,699.1183106803788,False
963652,52,9,15.868499488286526,38.096891209199704,685650.9199131789,56,56,2.559106294205198,4.492840139649125,7266.840568704756,10476.915402111748,3210.0748334069917,0.0,660.2335280563461,660.2335280563469,False
963652,53,0,21.449477611548335,27.74077941620492,532071.2895965651,47,47,2.5221930679738938,4.549788361608472,-5434.4388888562835,0.0,5434.4388888562835,549.7093843288407,549.7093843288407,0.0,False
963652,53,1,18.890317246993344,38.272038591380145,502210.71172030194,49,49,2.5121646035005174,4.6565296094981745,15411.911311940818,18216.477648430555,2804.566336489737,0.0,577.2321192513956,964.3288363158622,False
963652,53,2,19.47008660045676,14.635356379486684,759042.8808741113,50,50,2.5552210081448052,4.612234967398266,-7405.174751883864,2326.146867391192,9731.321619275055,1384.8603564051991,572.3146764092605,119.47285675332442,False
963652,53,3,17.907619919838258,11.453677319885537,876955.7506226832,44,44,2.8201009494709286,4.610094199573252,6292.044741815065,8883.048804149754,2591.0040623346886,0.0,496.0485449162914,496.0485449162909,False
963652,53,4,19.170330034872908,47.34558928564788,467745.84380865627,52,52,2.549623348503281,4.538635161435871,8876.409110892484,11900.776201847224,3024.367090954741,0.0,620.7914094435732,620.7914094435736,False
963652,53,5,17.27601922372875,10.0,692142.3586483551,46,46,2.754170315068546,3.32815001684001,5243.947238911334,8112.99840566347,2869.051166752136,44.74427857179829,514.3546848001149,469.61040622831695,False
963652,53,6,19.045353810167846,21.82505522504408,970992.67937419,55,55,2.8849493235625054,4.144626386058359,8848.353207622118,12169.785714916581,3321.4325072944625,0.0,638.9897418665662,638.9897418665665,False
963652,53,7,19.407844950832075,13.425026709406676,1036639.7604527619,58,58,2.8344229112599937,5.132041987131878,9404.737932978105,12790.905532719195,3386.16759974109,0.0,659.0585180953233,659.0585180953235,False
963652,53,8,21.376701346738116,15.698537781367476,902679.1302364009,60,60,2.607821936854072,4.171777855119251,-6851.682266466405,0.0,6851.682266466405,692.3194778362423,692.3194778362423,0.0,False
963652,53,9,16.661924462700853,41.90658033011968,690411.3462407425,57,57,2.6091062942051977,4.592840139649125,7949.1014063795665,11265.391228326538,3316.2898219469716,0.0,676.115850455636,676.1158504556352,False
963652,54,0,20.377003730970916,26.35374044539467,521913.9380116273,48,48,2.5221930679738938,4.649788361608472,-8292.372043561561,0.0,8292.372043561561,1110.906272878634,561.1968885497931,0.0,False
963652,54,1,19.834833109343013,36.35843666181113,498308.270308876,49,49,2.5621646035005172,4.756529609498174,-1820.878014996234,3112.6257249385408,4933.503739934775,420.15338385699204,577.0806293639062,156.92724550691418,False
963652,54,2,17.523077940411085,13.903588560512349,789505.546294115,50,50,2.605221008144805,4.712234967398266,31457.84484802996,34292.67821339367,2834.833365363712,0.0,572.1404815759632,1957.0008379811602,False
963652,54,3,18.80300091583017,12.026361185879814,883159.2287257524,44,44,2.8201009494709286,4.610094199573252,6732.637995245532,9322.415156178897,2589.777160933365,0.0,495.79400638811836,495.7940063881182,False
963652,54,4,21.087363038360202,44.978309821365485,458329.8940129309,53,53,2.5996233485032807,4.638635161435871,-6232.099375194448,0.0,6232.099375194448,628.368338653093,628.368338653093,0.0,False
963652,54,5,16.41221826254231,10.0,697729.3009570809,47,47,2.754170315068546,3.4281500168400103,6656.9423087257865,9353.74392692853,2696.801618202743,0.0,525.1813571526926,569.9256357244911,False
963652,54,6,20.94988919118463,20.733802463791875,963006.4594170953,55,55,2.9349493235625053,4.244626386058359,-6545.86082158886,0.0,6545.86082158886,638.7411364583933,638.7411364583933,0.0,False
963652,54,7,21.348629445915286,12.753775373936342,1045921.5534858744,59,59,2.8844229112599935,5.232041987131877,10834.265780173631,14307.79253484397,3473.5267546703385,0.0,670.1972401128334,670.1972401128323,False
963652,54,8,19.239031212064305,14.9136108922991,892254.8234169041,59,59,2.657821936854072,4.27177785511925,-9244.40377685378,785.8342296255659,10030.238006479345,1332.0483988182123,680.5747526126605,40.84583163068987,False
963652,54,9,18.32811690897094,46.09723836313165,696198.9976922014,58,58,2.6591062942051975,4.692840139649125,9261.291276519705,12686.18903833164,3424.897761811935,0.0,692.1708924784414,692.170892478442,False
963652,55,0,18.339303357873824,25.036053423124937,521437.4611283833,48,48,2.5721930679738936,4.749788361608472,1025.2536810662368,9547.778986816036,8522.5253057498,1151.401282259612,561.1134211330701,520.6184117520897,False
963652,55,1,17.851349798408712,34.540514828720575,511361.6584432869,48,48,2.5621646035005172,4.856529609498174,14811.332846188272,17589.861534195235,2778.528688006964,0.0,565.1985213397335,985.3519051967271,False
963652,55,2,18.39923183743164,12.513229704461114,796081.5779059727,49,49,2.655221008144805,4.712234967398266,7389.179867376305,10159.703857208828,2770.5239898325226,0.0,552.1808707546037,552.1808707546036,False
963652,55,3,20.683301007413192,12.627679245173805,876547.8982418515,45,45,2.8701009494709284,4.710094199573252,-5243.084917867109,0.0,5243.084917867109,510.9456269682263,510.9456269682263,0.0,False
963652,55,4,18.978626734524184,42.72939433029721,445660.6448869521,54,54,2.6496233485032805,4.73863516143587,-9561.861832142895,5.684341886080802e-14,9561.861832142895,1272.9551701009957,644.5868314479027,2.9951281331332397e-15,False
963652,55,5,16.41221826254231,10.0,703079.573848166,47,47,2.754170315068546,3.5281500168400104,5920.272891085097,8616.129815847587,2695.85692476249,0.0,524.9826487813793,524.9826487813792,False
963652,55,6,19.9023947316254,19.69711234060228,951852.4476591771,55,55,2.984949323562505,4.3446263860583585,-9770.670579185356,0.0,9770.670579185356,1277.3988492066208,638.6577127482275,0.0,False
963652,55,7,23.483492390506818,13.39146414263316,1037403.3488552588,60,60,2.9344229112599933,5.232041987131877,-7014.716782060008,0.0,7014.716782060008,685.9700702227998,685.9700702227998,0.0,False
963652,55,8,17.315128090857876,15.659291436914057,922474.6055158663,59,59,2.7078219368540717,4.37177785511925,31443.680293739097,34847.28583414155,3403.60554040245,0.0,680.4857072702306,2012.5341060884434,False
963652,55,9,20.160928599868036,41.48751452681849,686059.0029353542,59,59,2.7091062942051973,4.692840139649125,-6992.231399764959,0.0,6992.231399764959,699.5732865566472,699.5732865566472,0.0,False
963652,56,0,16.50537302208644,23.78425075196869,545080.6958075386,49,49,2.6221930679738934,4.849788361608471,25608.662966000986,28455.34878920172,2846.685823200733,0.0,572.6039099359581,1724.0051921955703,False
963652,56,1,16.958782308488274,32.813489087284545,514340.79917635873,48,48,2.5621646035005172,4.9565296094981734,4654.188209261028,7921.696368662513,3267.5081594014855,97.93326994935849,565.0479615919015,467.11469164254294,False
963652,56,2,20.239155021174806,13.764552674907227,788844.7550646006,50,50,2.7052210081448047,4.812234967398266,-5748.595207624376,0.0,5748.595207624376,571.7124012907991,571.7124012907991,0.0,False
963652,56,3,18.614970906671875,11.996295282915115,867928.9776244302,45,45,2.9201009494709282,4.810094199573252,-7779.087329687726,0.0,7779.087329687726,1017.4282948804475,506.48266791222125,0.0,False
963652,56,4,17.080764061071765,44.86586404681207,472064.0805370559,55,55,2.6996233485032803,4.83863516143587,29671.058172677313,32956.28209048367,3285.2239178063573,0.0,656.4832304675924,1929.4384005685847,False
963652,56,5,18.053440088796542,11.0,696400.5697853437,48,48,2.804170315068546,3.5281500168400104,-5451.004062822266,0.0,5451.004062822266,535.5888253748225,535.5888253748225,0.0,False
963652,56,6,17.91215525846286,20.681967957632395,936784.7501743801,56,56,3.034949323562505,4.444626386058358,-13109.507279168967,2.1316282072803006e-14,13109.507279168967,1927.3785175464213,649.9796683398006,1.1900456290837371e-15,False
963652,56,7,21.135143151456138,12.7218909355015,1025910.139062105,60,60,2.984422911259993,5.332041987131877,-10429.896337020284,0.0,10429.896337020284,1367.0355705871216,681.0655003643217,0.0,False
963652,56,8,16.44937168631498,17.225220580605463,928910.0857756472,59,59,2.7578219368540715,4.4717778551192495,7751.768274035436,11187.70348722054,3435.9352131851047,0.0,680.1295332470436,680.1295332470436,False
963652,56,9,18.144835739881234,39.41313880047756,672254.7955965197,60,60,2.759106294205197,4.792840139649124,-10639.419010802494,0.0,10639.419010802494,1410.8630674806486,711.2897809240014,0.0,False
963652,57,0,15.680104370982118,22.595038214370252,549776.7119873662,49,49,2.672193067973893,4.949788361608471,6103.173052330732,8978.489071028263,2875.316018697531,0.0,572.6039099359581,572.6039099359579,False
963652,57,1,18.654660539337105,36.094837996013005,505866.5116802896,49,49,2.5621646035005172,4.9565296094981734,-6205.64043426502,0.0,6205.64043426502,674.7873938052625,576.8541238559039,0.0,False
963652,57,2,18.215239519057327,13.076325041161866,778861.7888278179,51,51,2.7052210081448047,4.912234967398265,-8716.073659685295,0.0,8716.073659685295,1154.6472616596056,582.9348603688064,0.0,False
963652,57,3,16.75347381600469,11.396480518769359,889546.2381451052,46,46,2.970100949470928,4.910094199573251,22941.498624537096,25712.743391073684,2771.2447665365858,0.0,517.3425635972841,1534.7708584777297,False
963652,57,4,16.226725858018177,49.35245045149328,462549.2315305577,55,55,2.74962334850328,4.73863516143587,-6600.464231667699,7.105427357601002e-15,6600.464231667699,656.4832304675924,656.4832304675924,4.3788422999023973e-16,False
963652,57,5,17.150768084356713,10.45,686828.3583799959,49,49,2.854170315068546,3.6281500168400105,-8260.161405350033,0.0,8260.161405350033,1081.7755774188458,546.1867520440234,0.0,False
963652,57,6,16.120939732616574,19.647869559750774,973036.7927704243,57,57,3.0849493235625047,4.544626386058358,38171.97116094721,41735.90039456548,3563.929233618267,0.0,661.5462651772319,2588.9247827236536,False
963652,57,7,19.021628836310523,12.085796388726425,1010393.1908752475,61,61,3.034422911259993,5.432041987131877,-13979.714607147991,0.0,13979.714607147991,2059.1069348924534,692.0713643053319,0.0,False
963652,57,8,18.09430885494648,16.36395955157519,920145.9954169829,60,60,2.8078219368540713,4.571777855119249,-6982.252785570862,0.0,6982.252785570862,691.5146736183832,691.5146736183832,0.0,False
963652,57,9,16.33035216589311,37.44248186045368,663455.2939529356,59,59,2.809106294205197,4.892840139649124,-6290.395213820436,5990.9348468284015,12281.330060648837,1743.487797491522,699.4836186599989,366.85888864912647,False
963652,58,0,17.24811480808033,24.854542035807278,542821.9808080798,49,49,2.672193067973893,4.849788361608471,-5736.858619530141,0.0,5736.858619530141,572.4512094225585,572.4512094225585,0.0,False
963652,58,1,16.789194485403396,34.29009609621235,494450.72988941666,50,50,2.5621646035005172,4.9565296094981734,-9201.276986061479,0.0,9201.276986061479,1263.2880367428575,588.500642937595,0.0,False
963652,58,2,16.393715567151595,12.422508789103771,765696.4177585389,52,52,2.7552210081448045,5.012234967398265,-11719.400612245301,0.0,11719.400612245301,1743.682025623405,589.0347639637994,0.0,False
963652,58,3,16.75347381600469,10.82665649283089,882746.9770406074,47,47,3.020100949470928,5.010094199573251,-5490.408249337349,6.927791673660978e-14,5490.408249337349,527.9795359363808,527.9795359363808,4.13513743462733e-15,False
963652,58,4,14.60405327221636,54.28769549664261,475087.16817752045,55,55,2.79962334850328,4.83863516143587,15823.759899277666,19174.632140130783,3350.8722408531166,0.0,656.4832304675924,1312.9664609351823,False
963652,58,5,15.435691275921043,10.0,674655.313310319,50,50,2.9041703150685456,3.6281500168400105,-10973.045069676888,112.51685707624273,11085.561926753131,1631.1336185276118,556.6474365148379,7.289395406071885,False
963652,58,6,15.314892745985745,21.612656515725853,977633.788521048,58,58,3.1349493235625046,4.644626386058357,6650.529828532777,10306.0621482493,3655.532319716523,0.0,672.9438017743003,672.9438017743003,False
963652,58,7,17.11946595267947,12.690086208162747,1017426.4902457426,62,62,3.084422911259993,5.532041987131876,8620.084715401543,20318.871379944096,11698.786664542553,1580.0132428626353,707.7932959234431,1186.8869879532585,False
963652,58,8,16.28487796945183,15.545761573996428,907913.1221883562,61,61,2.857821936854071,4.571777855119249,-10584.581772616159,0.0,10584.581772616159,1394.206246756583,702.6915731381997,0.0,False
963652,58,9,14.697316949303799,41.18673004649905,692606.5016086699,60,60,2.859106294205197,4.9928401396491235,32422.41145852574,36078.64411001739,3656.232651491651,0.0,711.2897809240014,2454.7775784155224,False
963652,59,0,15.523303327272298,23.611814934016913,532372.2939575083,50,50,2.672193067973893,4.949788361608471,-8669.096103868489,0.0,8669.096103868489,1152.137741458483,579.6865320359246,0.0,False
963652,59,1,15.110275036863056,32.575591291401736,479804.2537406276,51,51,2.612164603500517,4.856529609498174,-12285.120992926762,0.0,12285.120992926762,1863.4318177920982,600.1437810492406,0.0,False
963652,59,2,14.754344010436435,11.801383349648582,776623.752826332,53,53,2.8052210081448044,5.1122349673982646,12352.808385326947,20280.751263311227,7927.94287798428,969.0397815954825,599.9191223714049,1374.5613663993265,False
963652,59,3,15.07812643440422,10.285323668189346,895103.843655172,47,47,3.0701009494709277,4.910094199573251,13040.276826967955,15914.806339017408,2874.5295120494548,0.0,527.5101104897223,1055.4896464261044,False
963652,59,4,13.873850608605542,59.71646504630688,476874.6531063236,56,56,2.84962334850328,4.83863516143587,5831.606971394875,9272.994976636695,3441.3880052418212,0.0,668.3793301684342,668.3793301684342,False
963652,59,5,13.892122148328939,10.0,659998.2264737026,51,51,2.9541703150685454,3.7281500168400106,-13347.086836616345,482.15695776320536,13829.24379437955,2163.737547176556,567.3111499514295,34.70722130248497,False
963652,59,6,16.080637383285033,23.77392216729844,969001.7129740635,57,57,3.1849493235625044,4.744626386058357,-6976.961983451169,0.0,6976.961983451169,665.3898579321271,665.3898579321271,0.0,False
963652,59,7,15.407519357411523,13.959094828979023,1047512.2884620102,63,63,3.084422911259993,5.632041987131876,31565.22119048992,35420.34511393473,3855.1239234448103,0.0,718.886683354005,2298.8999262166353,False
963652,59,8,14.656390172506647,14.768473495296606,892067.2016937456,62,62,2.907821936854071,4.671777855119249,-14130.275137904342,85.32463682027333,14215.599774724615,2102.3333079835293,713.9487291694613,5.821667942514965,False
963652,59,9,13.962451101838608,39.1273935441741,696297.5887213611,60,60,2.9091062942051966,4.892840139649124,6238.730725342373,9930.082728617417,3691.352003275044,0.0,711.1991050990896,711.1991050990897,False
963652,60,0,13.970972994545068,24.79240568071776,518556.81193239655,51,51,2.722193067973893,5.049788361608471,-11751.069335393335,0.0,11751.069335393335,1747.7215349109242,595.5837934524412,0.0,False
963652,60,1,13.59924753317675,30.946811726831648,462610.1192553333,51,51,2.662164603500517,4.9565296094981734,-15315.847087225427,0.0,15315.847087225427,2463.575598841339,600.1437810492406,0.0,False
963652,60,2,13.278909609392793,12.391452517131011,793199.713092428,54,54,2.8052210081448044,5.212234967398264,17845.098702020994,20981.02255969174,3135.9238576707476,0.0,610.9862278330975,1580.0260094285816,False
963652,60,3,14.324220112684008,10.0,898942.006614524,47,47,3.1201009494709275,5.010094199573251,4608.162959352037,7482.865372135151,2874.7024127831132,0.0,522.3925151435728,522.3925151435728,False
963652,60,4,15.261235669466098,65.68811155093758,465395.961288082,57,57,2.8996233485032796,4.93863516143587,-6934.469459838527,0.0,6934.469459838527,680.2753218744134,680.2753218744134,0.0,False
963652,60,5,12.502909933496046,10.0,675604.9013474851,51,51,3.0041703150685453,3.8281500168400107,16416.674873782507,23684.952597935222,7268.277724152714,841.2804404649121,571.8981053083826,1894.3552120200284,False
963652,60,6,14.47257364495653,22.585226058933518,956714.2081301933,58,58,3.1849493235625044,4.844626386058357,-10377.561732450484,2.664535259100376e-14,10377.561732450484,1338.0110193296816,672.6211613975545,1.841092900590577e-15,False
963652,60,7,14.637143389540947,14.657049570427974,1053080.1990553911,63,63,3.1344229112599926,5.632041987131876,6691.304716320326,10614.751376128834,3923.446659808507,0.0,725.1928257882382,725.1928257882385,False
963652,60,8,13.190751155255983,14.030049820531774,924251.3921457885,62,62,2.957821936854071,4.7717778551192485,33354.05354091683,37060.4483195566,3706.394778639771,0.0,707.245000586833,2809.578308570358,False
963652,60,9,15.35869621202247,43.04013289859151,686293.7868421929,59,59,2.9591062942051964,4.9928401396491235,-7164.434038150615,0.0,7164.434038150615,699.3031133931104,699.3031133931104,0.0,False
963652,61,0,12.573875695090562,26.03202596475365,517529.5978842144,52,52,2.772193067973893,5.14978836160847,1126.4513019852002,11446.503009273541,10320.051707288341,1444.5270966608477,607.1456419960485,910.3400802461249,False
963652,61,1,12.239322779859076,34.041492899514814,495043.2366360674,51,51,2.7121646035005167,5.056529609498173,34469.23351861011,37496.80877321951,3027.5752546094027,0.0,600.0586763265628,3063.6342751678985,False
963652,61,2,14.606800570332073,11.77187989127446,785424.8914981814,55,55,2.855221008144804,5.312234967398264,-6327.368200226068,0.0,6327.368200226068,621.7382842213414,621.7382842213414,0.0,False
963652,61,3,14.324220112684008,10.0,892763.8104821381,47,47,3.1701009494709274,5.010094199573251,-5508.196132386008,0.0,5508.196132386008,521.9413414634938,521.9413414634938,0.0,False
963652,61,4,13.735112102519489,62.40370597339069,451169.09021229326,57,57,2.9496233485032795,5.038635161435869,-10369.859835304314,0.0,10369.859835304314,1360.5506437488268,680.2753218744134,0.0,False
963652,61,5,11.25261894014644,10.0,687390.3958001342,52,52,3.0041703150685453,3.9281500168400107,12905.494452648974,16019.754866106794,3114.2604134578187,0.0,582.366352456551,1423.6467929214632,False
963652,61,6,13.025316280460878,21.45596475598684,977305.1159777265,59,59,3.234949323562504,4.844626386058357,22556.809768135197,26337.637443012285,3780.8276748770886,0.0,684.0233693877007,2022.0343887173829,False
963652,61,7,16.100857728495043,14.657049570427974,1043879.9184842916,64,64,3.1344229112599926,5.7320419871318755,-7662.229398589692,0.0,7662.229398589692,736.3250442507858,736.3250442507858,0.0,False
963652,61,8,12.531213597493183,13.328547329505184,927915.2531285064,63,63,3.0078219368540706,4.7717778551192485,5203.559464477918,9000.349960562398,3796.790496084481,0.0,718.234502232321,718.2345022323201,False
963652,61,9,13.822826590820224,43.04013289859151,672097.3069689197,60,60,3.0091062942051963,5.092840139649123,-10814.071899356928,1.2434497875801752e-14,10814.071899356928,1410.411190695887,711.1080773027765,8.995626035024946e-16,False
963652,62,0,11.316488125581506,24.730424666515965,536263.3745744544,52,52,2.772193067973893,5.24978836160847,20119.758772900263,23216.770146110175,3097.011373209914,0.0,607.0608066240463,2051.587903284895,False
963652,62,1,11.627356640866122,35.74356754449056,496839.23935857404,51,51,2.7621646035005165,5.156529609498173,3918.9246672761874,6976.0912473555245,3057.166580079337,0.0,599.9722432901888,599.9722432901891,False
963652,62,2,13.146120513298866,11.183285896710737,774423.0506188298,56,56,2.905221008144804,5.4122349673982635,-9575.57686913824,1.3805065841367705e-30,9575.57686913824,1254.4233543352175,632.685070113876,1.050124698568086e-31,False
963652,62,3,12.891798101415608,10.0,897165.2776487718,48,48,3.1701009494709274,5.1100941995732505,5481.467166633718,9877.811277407336,4396.344110773618,288.43920568015767,532.7068289942521,766.2089647775887,False
963652,62,4,12.36160089226754,59.28352067472115,468644.97663177253,58,58,2.9996233485032793,5.138635161435869,21714.330618614214,25374.924373803784,3660.593755189568,0.0,692.1708924784414,2052.7215362272673,False
963652,62,5,12.377880834161086,10.0,680227.7478359386,53,53,3.0041703150685453,3.8281500168400107,-6132.647964195595,0.0,6132.647964195595,593.0174894423462,593.0174894423462,0.0,False
963652,62,6,12.374050466437833,23.601561231585528,979919.5541791327,60,60,3.284949323562504,4.744626386058357,4730.531875298435,8606.260373734407,3875.7284984359717,0.0,695.5087501119535,695.5087501119531,False
963652,62,7,14.49077195564554,13.924197091906574,1031410.3085861848,64,64,3.1844229112599924,5.7320419871318755,-11378.46128422182,0.0,11378.46128422182,1472.4331309131453,736.1080866623595,0.0,False
963652,62,8,12.531213597493183,12.662119963029925,918768.7568566796,64,64,3.0578219368540704,4.871777855119248,-7536.120594196527,1.2434497875801753e-14,7536.120594196527,729.3945588075454,729.3945588075454,9.92282014751486e-16,False
963652,62,9,12.440543931738201,45.19213954352109,691680.3850028586,60,60,3.059106294205196,5.192840139649123,22594.606406547475,26391.714506927183,3797.1081003797085,0.0,711.0165098724867,2121.4277005683716,False
963652,63,0,10.75066371930243,23.493903433190166,537786.0977767791,53,53,2.8221930679738927,5.24978836160847,3467.9000842846435,6651.3545703913815,3183.454486106738,0.0,618.6924588152741,618.6924588152742,False
963652,63,1,11.045988808822814,33.95638916726603,498407.96882687986,50,50,2.8121646035005163,5.156529609498173,3466.5489266701975,6496.920201314264,3030.3712746440665,0.0,588.170087237907,588.1700872379074,False
963652,63,2,11.83150846196898,10.6241216018752,792049.0412701425,57,57,2.955221008144804,5.512234967398263,19031.565582622516,22394.995349755285,3363.4297671327695,0.0,638.4033652450818,1892.8267195802982,False
963652,63,3,11.602618291274048,11.0,903173.9432601446,48,48,3.1701009494709274,5.21009419957325,6636.6656113728495,9641.746740249593,3005.081128876743,0.0,542.5582897300673,830.9974954102246,False
963652,63,4,11.743520847654164,65.21187274219328,468845.62634814833,59,59,2.9996233485032793,5.138635161435869,4548.150208166771,8268.215963309138,3720.065755142367,0.0,704.0661885452146,704.0661885452148,False
963652,63,5,11.140092750744978,10.0,671360.9645554186,53,53,3.054170315068545,3.9281500168400107,-8036.783280520047,719.5691896961885,8756.352470216236,1116.6611233658448,588.2363806623503,64.59274673885173,False
963652,63,6,12.992752989759724,21.241405108426974,970957.8076098536,60,60,3.334949323562504,4.844626386058357,-7387.262262770427,0.0,7387.262262770427,695.432753248658,695.432753248658,0.0,False
963652,63,7,13.041694760080986,13.227987237311245,1055012.9093490401,64,64,3.2344229112599923,5.832041987131875,24749.191946041065,28801.738215792266,4052.5462697512,0.0,736.0021028228006,2208.4352337359423,False
963652,63,8,11.278092237743865,12.029013964878429,930325.0139841202,64,64,3.1078219368540703,4.7717778551192485,12526.114021196187,16451.212780743168,3925.0987595469824,0.0,729.2929952529408,1458.6875540604874,False
963652,63,9,12.440543931738201,49.7113534978732,684645.3198568178,60,60,3.109106294205196,5.2928401396491225,-3752.3839361650566,2592.4714161502184,6344.855352315275,502.53445773524425,710.9233698579956,208.38891212275124,False
963652,64,0,10.213130533337308,22.319208261530658,539047.3737781064,54,54,2.8721930679738925,5.24978836160847,3166.5132474514503,6437.56633763384,3271.0530901823895,0.0,630.3225359374953,630.3225359374957,False
963652,64,1,12.150587689705096,32.258569708902726,496731.8519902607,50,50,2.862164603500516,5.156529609498173,136.81164882630128,4348.161527084455,4211.349878258154,230.31401985043848,588.170087237907,357.8560673874687,False
963652,64,2,11.83150846196898,10.092915521781439,794994.0954745103,58,58,3.0052210081448036,5.512234967398263,4230.443304633218,7678.965734101338,3448.5224294681198,0.0,649.026771082021,649.0267710820212,False
963652,64,3,12.182749205837752,10.45,905516.1472950821,49,49,3.220100949470927,5.31009419957325,3654.2540349352125,6743.900963296061,3089.646928360848,0.0,553.5615031839035,553.5615031839042,False
963652,64,4,11.743520847654164,58.69068546797395,469695.82280427765,59,59,3.049623348503279,5.038635161435869,4512.946898739518,8268.215963309145,3755.2690645696275,0.0,704.0661885452146,704.0661885452155,False
963652,64,5,10.02608347567048,10.0,683964.8094407412,54,54,3.104170315068545,4.02815001684001,13943.844885322602,17201.119772550992,3257.2748872283896,0.0,598.975876295251,1715.6369996610954,False
963652,64,6,11.693477690783752,20.179334853005624,982000.5270208588,60,60,3.334949323562504,4.944626386058356,12353.479502182889,16263.177975869869,3909.6984736869795,0.0,695.3577716854046,1390.7905249340613,False
963652,64,7,13.693779498085036,12.566587875445682,1059718.116187711,65,65,3.2344229112599923,5.932041987131875,6122.035050569517,10233.940734511134,4111.905683941617,0.0,747.3423050182952,747.3423050182945,False
963652,64,8,11.841996849631059,11.427563266634507,933531.3225066077,65,65,3.15782193685407,4.871777855119248,4749.100134816231,8768.057235153006,4018.9571003367755,0.0,740.4205005700694,740.4205005700688,False
963652,64,9,11.196489538564382,47.22578582297954,691230.5113474453,60,60,3.1591062942051957,5.392840139649122,9718.738640004833,13586.467872136785,3867.7292321319533,0.0,710.9233698579956,1213.457827593241,False
963652,65,0,10.723787060004174,20.087287435377593,540738.6243366523,55,55,2.9221930679738923,5.24978836160847,3496.051367494229,6831.858258660178,3335.806891165949,0.0,637.075150824332,637.0751508243319,False
963652,65,1,11.54305830521984,33.871498194347865,500640.70649484824,51,51,2.912164603500516,5.256529609498172,6436.300912499324,9583.034097542302,3146.7331850429778,0.0,599.884861949266,830.1988817997044,False
963652,65,2,13.014659308165879,10.092915521781439,799118.4146498566,58,58,3.0552210081448035,5.612234967398263,5009.708275611737,8518.512958614121,3508.804683002384,0.0,654.5321515461635,654.5321515461638,False
963652,65,3,11.573611745545863,10.0,907510.1794698769,50,50,3.270100949470927,5.410094199573249,3294.032174794763,6415.245904345885,3121.213729551122,0.0,554.2993877269821,554.2993877269824,False
963652,65,4,12.91787293241958,55.75615119457525,471510.7750694413,59,59,3.099623348503279,4.93863516143587,5304.56518564316,9095.037559640048,3790.472373996888,0.0,704.0661885452146,704.0661885452146,False
963652,65,5,10.527387649454004,10.0,686266.1417515856,54,54,3.1541703150685447,4.02815001684001,3041.332310844443,6350.526995919971,3309.1946850755285,0.0,603.2386388136225,603.2386388136222,False
963652,65,6,11.108803806244564,22.197268338306188,984275.3484277674,60,60,3.3849493235625037,4.944626386058356,3806.657507206106,7776.083808740298,3969.426301534192,0.0,699.9929015191669,699.9929015191669,False
963652,65,7,15.06315744789354,11.938258481673397,1065848.1219136468,65,65,3.284422911259992,5.932041987131875,7105.992527244742,11254.146979728497,4148.154452483755,0.0,747.1306742068409,747.1306742068409,False
963652,65,8,13.026196534594165,10.856185103302781,938212.8590852842,65,65,3.20782193685407,4.871777855119248,5587.188610391019,9642.036881106771,4054.848270715752,0.0,740.2035471751134,740.2035471751134,False
963652,65,9,11.196489538564382,44.86449653183056,692395.2122282496,60,60,3.2091062942051956,5.392840139649122,4056.5706727111287,7959.846073335982,3903.275400624853,0.0,710.9233698579956,710.9233698579953,False
963652,66,0,10.187597707003965,19.082923063608714,542611.2851681267,55,55,2.972193067973892,5.24978836160847,3122.2215999755995,6489.517016720837,3367.2954167452376,0.0,637.0016959208448,637.001695920845,False
963652,66,1,10.965905389958849,32.17792328463047,502201.18562019506,51,51,2.962164603500516,5.256529609498172,3401.5532128637283,6578.280641004169,3176.727428140441,0.0,599.884861949266,599.8848619492654,False
963652,66,2,14.316125238982467,10.0,803960.8140818351,58,58,3.1052210081448033,5.712234967398262,5722.399431978412,9204.939043837063,3482.53961185865,0.0,642.976985055442,642.9769850554418,False
963652,66,3,12.152292332823157,11.0,909943.4819935148,51,51,3.320100949470927,5.410094199573249,3694.3025236378585,6926.723805631778,3232.42128199392,0.0,569.9931844893823,569.9931844893825,False
963652,66,4,14.20966022566154,52.96834363484649,474264.50842716463,59,59,3.1496233485032787,5.038635161435869,6178.8656321799,10004.541315604049,3825.6756834241487,0.0,704.0661885452146,704.0661885452141,False
963652,66,5,11.580126414399405,11.0,688618.2668808935,55,55,3.2041703150685446,4.12815001684001,3757.1251293078312,7187.0019995574285,3429.8768702495972,0.0,620.6324302833767,620.6324302833767,False
963652,66,6,11.664243996556793,24.416995172136808,986218.7792840158,61,61,3.4349493235625035,5.044626386058356,4232.867561749833,8300.466033310619,4067.5984715607856,0.0,711.6162895564314,711.6162895564308,False
963652,66,7,16.569473192682896,12.535171405757067,1072926.1639424895,65,65,3.334422911259992,6.0,8192.828170209623,12377.758701002433,4184.93053079281,0.0,747.0218610491775,747.0218610491775,False
963652,66,8,12.374886707864457,11.941803613633061,941772.6975599201,66,66,3.2578219368540697,4.971777855119248,5147.997513138636,9298.898558378014,4150.901045239378,0.0,751.4330254408223,751.4330254408229,False
963652,66,9,12.316138492420821,49.35094618501362,694051.1645686977,60,60,3.2591062942051954,5.392840139649122,4817.0091115518335,8755.830680669585,3938.8215691177525,0.0,710.9233698579956,710.9233698579957,False
963652,67,0,11.206357477704362,17.174630757247844,545204.6025656092,55,55,3.022193067973892,5.24978836160847,3737.9220891341947,7135.929727345252,3398.0076382110574,0.0,636.7751288982669,636.7751288982669,False
963652,67,1,12.062495928954734,30.569027120398943,503922.93208153755,52,52,3.0121646035005156,5.356529609498172,4111.335871604466,7376.315948702586,3264.9800770981196,0.0,611.5082643051119,611.5082643051118,False
963652,67,2,14.316125238982467,10.0,808768.9273244349,58,58,3.155221008144803,5.812234967398262,5688.1132425997475,9201.59893371806,3513.4856911183124,0.0,642.7436740118982,642.7436740118985,False
963652,67,3,13.367521566105474,10.45,913192.430973214,52,52,3.3701009494709266,5.410094199573249,4492.348979696739,7843.163338354584,3350.8143586578453,0.0,586.7327985646657,586.7327985646655,False
963652,67,4,14.920143236944618,50.319926453104166,477254.9476154218,60,60,3.1996233485032786,4.93863516143587,6709.63477544401,10605.68176885125,3896.0469934072394,0.0,710.8297554804914,710.8297554804914,False
963652,67,5,11.001120093679434,10.0,691100.2439451201,55,55,3.2541703150685444,4.22815001684001,3331.9770642266835,6761.100296420372,3429.123232193688,0.0,614.5829005452714,614.5829005452712,False
963652,67,6,12.830668396212474,25.63784493074365,988940.6007316295,62,62,3.4849493235625033,5.144626386058356,5111.367833320428,9277.294533816055,4165.926700495627,0.0,723.0562155713294,723.0562155713299,False
963652,67,7,15.74099953304875,11.908412835469214,1079207.4500616542,64,64,3.3844229112599917,6.0,7343.424540640512,11465.279165897016,4121.854625256505,0.0,728.3704660447565,728.3704660447568,False
963652,67,8,12.374886707864457,11.941803613633061,946080.0834793786,66,66,3.2578219368540697,5.071777855119247,5195.544957961239,9381.572281585484,4186.027323624246,0.0,758.1137915083558,758.1137915083563,False
963652,67,9,13.547752341662905,51.8184934942643,696676.4053402155,60,60,3.2591062942051954,5.2928401396491225,5734.350381175758,9699.667329561184,3965.316948385425,0.0,715.9613701921714,715.9613701921722,False
963652,68,0,12.3269932254748,18.89209383297263,548284.1210037087,55,55,3.072193067973892,5.34978836160847,4418.583598912022,7847.666027879879,3429.0824289678567,0.0,636.6245104817602,636.624510481761,False
963652,68,1,12.665620725402471,33.62592983243884,505979.37249219854,53,53,3.0621646035005154,5.356529609498172,4538.614691781306,7893.449437689265,3354.83474590796,0.0,623.2185227099044,623.2185227099036,False
963652,68,2,14.316125238982467,10.0,813231.9577617766,59,59,3.205221008144803,5.812234967398262,5753.030437341739,9354.10219811117,3601.0717607694305,0.0,653.3962257217603,653.3962257217597,False
963652,68,3,14.035897644410747,10.0,916859.203003645,53,53,3.4201009494709265,5.410094199573249,4896.772030431009,8303.094080439516,3406.322050008507,0.0,591.5613159052853,591.5613159052853,False
963652,68,4,16.41215756063908,55.35191909841459,481391.0806236597,59,59,3.2496233485032784,4.93863516143587,7601.896235044,11471.04661431529,3869.1503792712897,0.0,698.9359303877301,698.9359303877299,False
963652,68,5,10.451064088995462,10.0,693121.2099018099,56,56,3.2541703150685444,4.22815001684001,3080.9659566898154,6598.092433447492,3517.1264767576768,0.0,631.332118649527,631.3321186495268,False
963652,68,6,14.113735235833722,23.074060437669285,992888.7542738672,63,63,3.534949323562503,5.144626386058356,6101.8193498076325,10367.691969094894,4265.872619287262,0.0,734.5817245297401,734.5817245297401,False
963652,68,7,14.953949556396312,11.312992193695752,1085014.4077931447,64,64,3.4344229112599916,6.0,6730.989231889696,10887.690870906772,4156.701639017076,0.0,728.0812891501113,728.081289150112,False
963652,68,8,12.99363104325768,11.941803613633061,950292.700118201,67,67,3.3078219368540696,5.071777855119247,5712.717480938733,9996.041841102597,4283.324360163863,0.0,769.3031922966198,769.3031922966202,False
963652,68,9,12.87036472457976,57.00034284369074,697702.8856581897,61,61,3.309106294205195,5.392840139649122,5303.50123144013,9367.761829997318,4064.2605985571877,0.0,727.8551952849327,727.8551952849333,False
963652,69,0,13.55969254802228,17.002884449675367,551898.9858314267,56,56,3.1221930679738916,5.34978836160847,5267.026356899492,8785.920132710495,3518.893775811002,0.0,647.9439044502487,647.9439044502485,False
963652,69,1,13.932182797942719,30.26333684919496,509044.40707710775,54,54,3.1121646035005153,5.356529609498172,5399.25477476418,8844.634935495347,3445.380160731167,0.0,634.8348326869049,634.8348326869054,False
963652,69,2,15.747737762880716,10.5,819085.0071901496,59,59,3.2552210081448028,5.912234967398262,6772.549428372995,10464.780043089422,3692.2306147164268,0.0,664.5259275117058,664.5259275117057,False
963652,69,3,15.439487408851823,10.0,921776.1232297347,53,53,3.4701009494709263,5.410094199573249,5646.920226089736,9055.065883851752,3408.145657762015,0.0,586.487468402628,586.4874684026277,False
963652,69,4,18.05337331670299,58.11951505333532,486204.01466072496,60,60,3.2496233485032784,5.038635161435869,8900.10494026599,12831.20899079029,3931.1040505242995,0.0,710.7374763540084,710.737476354009,False
963652,69,5,11.49617049789501,10.0,695925.6415809228,56,56,3.304170315068544,4.328150016840009,3664.431679112805,7174.768111887922,3510.336432775117,0.0,624.1007049435851,624.1007049435851,False
963652,69,6,13.408048474042035,21.92035741578582,996559.2218010611,64,64,3.534949323562503,5.244626386058355,5673.370401805184,10002.469618156794,4329.09921635161,0.0,746.0048818828147,746.0048818828155,False
963652,69,7,16.449344512035946,11.87864180338054,1091908.6000463278,64,64,3.4844229112599914,6.0,7854.425328593148,12083.079286870696,4228.653958277548,0.0,734.5629655959563,734.5629655959565,False
963652,69,8,14.29299414758345,11.344713432951407,955940.8334800471,67,67,3.3578219368540694,5.071777855119247,6608.229161853556,10890.666376740872,4282.437214887315,0.0,761.9583597592241,761.9583597592239,False
963652,69,9,12.87036472457976,59.85035998587528,699355.5149304937,61,61,3.309106294205195,5.2928401396491225,5303.501231440125,9367.761829997313,4064.2605985571877,0.0,727.8551952849327,727.8551952849328,False
963652,70,0,13.55969254802228,15.30259600470783,555889.160945768,57,57,3.1221930679738916,5.34978836160847,5362.423086608082,8939.229810298506,3576.8067236904244,0.0,659.2501842235589,659.2501842235588,False
963652,70,1,14.628791937839855,27.237003164275464,513081.5866983276,54,54,3.162164603500515,5.456529609498172,5807.977792089356,9284.136153625328,3476.1583615359723,0.0,634.6481782689333,634.6481782689336,False
963652,70,2,15.747737762880716,10.5,824930.3313187521,59,59,3.3052210081448026,5.912234967398262,6664.82412860246,10352.432531793584,3687.608403191123,0.0,657.3917274769133,657.3917274769138,False
963652,70,3,15.439487408851823,11.0,926312.6458082715,54,54,3.520100949470926,5.410094199573249,5830.522578536721,9386.485525227292,3555.962946690571,0.0,607.9531837207113,607.9531837207107,False
963652,70,4,19.858710648373293,52.30756354800179,486079.2146175207,61,61,3.299623348503278,5.138635161435869,3865.961333222276,9192.41877692416,5326.457443701884,259.5540933341388,722.4451107666905,462.89101743255156,False
963652,70,5,12.645787547684511,10.0,699051.8090774949,57,57,3.354170315068544,4.328150016840009,4396.16749657213,7971.092809869293,3574.925313297162,0.0,630.3358157656882,630.3358157656878,False
963652,70,6,12.737646050339933,19.728321674207237,999694.4398914977,65,65,3.584949323562503,5.344626386058355,5217.558999257254,9647.682772713206,4430.123773455952,0.0,757.4148892648607,757.4148892648603,False
963652,70,7,18.094278963239542,13.066505983718596,1099760.1093035727,65,65,3.4844229112599914,6.0,9200.832146185658,13489.549653738502,4288.717507552845,0.0,745.51462819513,745.5146281951307,False
963652,70,8,15.722293562341797,12.479184776246548,962558.6819038148,67,67,3.407821936854069,5.071777855119247,7653.953803772794,11971.739494910667,4317.785691137873,0.0,761.4499403309388,761.449940330939,False
963652,70,9,14.157401197037737,56.85784198658151,701338.844759124,62,62,3.359106294205195,5.392840139649122,6308.516031798344,10472.901133361223,4164.38510156288,0.0,739.747428754972,739.7474287549716,False
963652,71,0,14.91566180282451,13.772336404237047,560564.7823178471,58,58,3.1721930679738914,5.449788361608469,6274.416883522052,9911.276490239848,3636.8596067177964,0.0,664.487880005632,664.4878800056325,False
963652,71,1,16.09167113162384,25.87515300606169,517689.3592316712,55,55,3.212164603500515,5.556529609498171,6830.905948676603,10399.279231187495,3568.373282510892,0.0,646.2522845592167,646.2522845592162,False
963652,71,2,14.96035087473668,10.0,829698.7895313037,60,60,3.3552210081448024,6.0,6168.458212551509,9919.11309000078,3750.6548774492703,0.0,663.0267680921195,663.0267680921199,False
963652,71,3,16.211461779294414,11.0,931782.3702482291,54,54,3.570100949470926,5.410094199573249,6263.72443995761,9847.088486708339,3583.364046750728,0.0,607.4152115810568,607.4152115810572,False
963652,71,4,18.865775115954627,49.6921853706017,475190.0165585366,61,61,3.349623348503278,5.238635161435869,-7557.974751377398,1119.2415958567872,8677.216347234185,922.5802618153347,722.3527314756979,59.32656299450183,False
963652,71,5,13.910366302452964,10.5,703268.1143310547,58,58,3.354170315068544,4.328150016840009,5325.305253559856,8982.849402141937,3657.5441485820816,0.0,645.766560479281,645.7665604792805,False
963652,71,6,14.011410655373927,17.755489506786514,1004383.1085305357,65,65,3.6349493235625028,5.444626386058355,6142.775456977356,10609.639094856086,4466.86363787873,0.0,757.2141988991574,757.2141988991574,False
963652,71,7,18.094278963239542,14.373156582090456,1107491.1184052338,66,66,3.534422911259991,6.0,9379.637436073497,13800.845441034111,4421.208004960614,0.0,762.7187283379461,762.718728337946,False
963652,71,8,14.936178884224706,13.727103253871205,968284.4361083288,68,68,3.407821936854069,5.071777855119247,7159.197225774174,11535.911890746838,4376.714664972665,0.0,772.3469289009938,772.3469289009947,False
963652,71,9,14.865271256889624,56.85784198658151,703964.4095507079,63,63,3.409106294205195,5.392840139649122,6907.608836738479,11173.296337671889,4265.68750093341,0.0,751.6375681670377,751.6375681670382,False
963652,72,0,14.169878712683284,13.083719584025193,565582.0397239055,58,58,3.1721930679738914,5.449788361608469,5776.113141932858,9411.397745847376,3635.284603914519,0.0,664.1833664689989,664.1833664689981,False
963652,72,1,17.700838244786226,24.581395355758605,508662.86270515085,56,56,3.2621646035005147,5.556529609498171,-6949.938386598238,5.506706202140775e-14,6949.938386598238,657.7499628388123,657.7499628388123,3.110986116017852e-15,False
963652,72,2,16.456385962210348,10.0,836143.1405701136,59,59,3.3552210081448024,6.0,7034.351038809911,10724.21438411052,3689.8633453006096,0.0,651.6749430122204,651.6749430122197,False
963652,72,3,17.022034868259134,11.0,937710.1648311783,54,54,3.6201009494709258,5.410094199573249,6721.794582949098,10333.600385785163,3611.805802836065,0.0,607.0719785126371,607.0719785126367,False
963652,72,4,16.979197604359165,47.20757610207161,471302.11605711794,62,62,3.399623348503278,5.338635161435868,-161.0307830913589,9490.893140511133,9651.923923602491,1097.6621099052604,734.0536771282136,558.9718290382864,False
963652,72,5,13.910366302452964,10.0,707363.023929591,59,59,3.404170315068544,4.328150016840009,5384.909598536338,9133.123478102982,3748.213879566643,0.0,656.5695884293459,656.5695884293457,False
963652,72,6,15.41255172091132,19.53103845746517,1010076.5466611453,65,65,3.6849493235625026,5.444626386058355,7162.955630341266,11665.971720054948,4503.016089713681,0.0,756.9137110649166,756.9137110649161,False
963652,72,7,18.094278963239542,15.09181441119498,1115771.285710358,66,66,3.534422911259991,6.0,9376.2270562571,13795.932298438109,4419.70524218101,0.0,762.4471981705377,762.4471981705387,False
963652,72,8,14.18936994001347,13.040748091177644,973877.349538565,68,68,3.407821936854069,5.171777855119247,6579.684300436639,10954.725588334373,4375.041287897734,0.0,772.0374924782584,772.0374924782582,False
963652,72,9,16.351798382578586,62.54362618523967,707378.4861186978,64,64,3.4591062942051947,5.2928401396491225,8116.868643847415,12485.045766027071,4368.177122179656,0.0,763.5273793082484,763.5273793082476,False
963652,73,0,14.169878712683284,12.429533604823932,570304.0307484318,58,58,3.2221930679738913,5.549788361608469,5742.903973609429,9411.397745847398,3668.4937722379686,0.0,664.1833664689989,664.1833664689997,False
963652,73,1,15.930754420307604,23.352325587970675,523918.7564376555,57,57,3.3121646035005146,5.656529609498171,17386.976291020586,21143.158965131395,3756.1826741108093,0.0,669.4413557455317,1327.1913185843428,False
963652,73,2,16.456385962210348,10.5,841834.4810972129,60,60,3.405221008144802,6.0,7121.340527099317,10902.271930200013,3780.931403100696,0.0,662.4949095892298,662.4949095892297,False
963652,73,3,18.72423835508505,12.100000000000001,930410.7480658347,54,54,3.6201009494709258,5.410094199573249,-6646.016765344761,0.0,6646.016765344761,606.9637940368061,606.9637940368061,0.0,False
963652,73,4,15.281277843923249,44.847197296968034,492248.9343233886,62,62,3.399623348503278,5.438635161435868,23827.34449868286,27990.95787275905,4163.613374076189,0.0,734.0536771282136,1831.7157870334731,False
963652,73,5,15.301402932698261,10.5,700765.2816277458,60,60,3.4541703150685437,4.328150016840009,-5267.742301845215,1440.3814758569054,6708.12377770212,573.4267770094355,667.5607255233256,94.13394851389012,False
963652,73,6,16.953806893002454,21.484142303211687,1016770.6953583441,65,65,3.7349493235625024,5.444626386058355,8290.617946909011,12830.922951216524,4540.305004307513,0.0,756.816627214999,756.8166272149992,False
963652,73,7,18.094278963239542,16.60099585231448,1113421.7916449476,65,65,3.584422911259991,6.0,-1070.4293350057178,5544.735897835069,6615.165232840787,444.41703117765655,750.8528891137361,306.4358579360798,False
963652,73,8,14.18936994001347,12.388710686618762,978862.201044528,69,69,3.457821936854069,5.271777855119247,6639.672543337603,11114.941354139444,4475.268810801841,0.0,783.328745471337,783.3287454713364,False
963652,73,9,17.986978220836445,65.67080749450166,694651.5640513604,64,64,3.5091062942051945,5.392840139649122,-8223.99038768631,0.0,8223.99038768631,763.5273793082484,763.5273793082484,0.0,False
963652,74,0,15.586866583951613,11.808056924582734,575671.5320362268,59,59,3.272193067973891,5.549788361608469,6764.176646346885,10523.81271065283,3759.636064305945,0.0,675.1717963306523,675.1717963306523,False
963652,74,1,15.930754420307604,22.184709308572142,526478.8033578013,58,58,3.3621646035005144,5.556529609498171,4546.760060041804,8934.509891409578,4387.749831367774,113.9207164279883,674.7547896731562,560.8340732451679,False
963652,74,2,18.102024558431385,10.5,833205.8577240822,61,61,3.455221008144802,6.0,-7288.123373130633,0.0,7288.123373130633,677.9506016763165,677.9506016763165,0.0,False
963652,74,3,16.851814519576546,11.495000000000001,919254.8911824394,55,55,3.6701009494709256,5.410094199573249,-9823.631883395563,2.3665827156630354e-30,9823.631883395563,1224.4661911006538,617.5023970638476,1.4043488984013e-31,False
963652,74,4,16.04534173611941,40.362477567271235,497023.2159308814,62,62,3.4496233485032777,5.5386351614358675,7576.755216664117,11776.520523173205,4199.765306509088,0.0,733.9526148366954,733.9526148366955,False
963652,74,5,13.771262639428436,10.0,712713.3587995649,61,61,3.5041703150685435,4.328150016840009,13258.077171819034,17160.728158216807,3902.6509863977726,0.0,672.6992034133056,1246.1259804227398,False
963652,74,6,18.6491875823027,23.632556533532856,1006096.8649549066,66,66,3.7349493235625024,5.544626386058354,-8514.0816722227,0.0,8514.0816722227,774.4872771754814,774.4872771754814,0.0,False
963652,74,7,16.28485106691559,15.770946059698755,1126834.55096109,66,66,3.634422911259991,6.0,15153.641756076526,19647.468967208195,4493.827211131668,0.0,762.070451359049,1206.487482536707,False
963652,74,8,13.479901443012796,11.769275152287824,983708.3249742432,70,70,3.457821936854069,5.271777855119247,6169.973190372004,10703.784565451722,4533.811375079718,0.0,794.0551057218552,794.0551057218557,False
963652,74,9,16.188280398752802,62.387267119776574,705519.3602697477,65,65,3.5091062942051945,5.492840139649122,15522.968581176508,21155.377869837466,5632.409288660957,232.11119988723254,775.4167483967741,1306.83292781779,False
963652,75,0,16.366209913149195,11.217654078353597,567876.2521683604,59,59,3.272193067973891,5.549788361608469,-7133.438277241737,0.0,7133.438277241737,674.9715694945853,674.9715694945853,0.0,False
963652,75,1,16.727292141322984,19.966238377714927,517228.1167200122,58,58,3.412164603500514,5.656529609498171,-7792.64481188062,0.0,7792.64481188062,788.4241935800466,674.5034771520583,0.0,False
963652,75,2,16.291822102588245,10.0,847233.0395099744,62,62,3.505221008144802,6.0,15447.181785892262,20058.566747506033,4611.38496161377,129.9924370961575,683.2464619618496,1231.2046265420106,False
963652,75,3,15.166633067618893,10.920250000000001,942555.4806294931,55,55,3.7201009494709254,5.510094199573249,24201.20319705188,27931.51274525227,3730.3095482003873,0.0,617.1760917133673,1841.6422828140205,False
963652,75,4,15.24307464931344,38.344353688907674,500872.5993507745,63,63,3.4996233485032775,5.638635161435867,7065.077702292612,11365.800303215012,4300.7226009224,0.0,745.6369902201413,745.6369902201415,False
963652,75,5,14.459825771399858,10.0,703924.4487065849,62,62,3.5541703150685433,4.22815001684001,-7468.910092980008,0.0,7468.910092980008,688.7239712819435,688.7239712819435,0.0,False
963652,75,6,16.78426882407243,22.450928706856214,991244.0753812379,67,67,3.7849493235625022,5.644626386058354,-12548.577350305863,3.197442310920451e-14,12548.577350305863,1560.4103918914811,785.9231147159998,1.9050232955841347e-15,False
963652,75,7,14.656365960224031,15.770946059698755,1132141.0695289404,65,65,3.6844229112599907,6.0,6531.63006172501,10996.640655769583,4465.010594044573,0.0,750.2979036968247,750.2979036968243,False
963652,75,8,14.153896515163437,11.180811394673432,989215.7145223714,71,71,3.457821936854069,5.271777855119247,6801.227157152247,11395.33059073076,4594.103433578513,0.0,805.1020140300342,805.1020140300338,False
963652,75,9,15.378866378815161,59.26790376378774,712247.8081099713,66,66,3.5091062942051945,5.492840139649122,11140.129488634557,15677.482502156945,4537.353013522389,0.0,787.3061040925413,1019.4173039797743,False
963652,76,0,14.729588921834276,10.656771374435916,573239.8609635847,58,58,3.272193067973891,5.6497883616084685,6081.701534939543,12249.347453099312,6167.645918159768,500.554394388484,657.1978494613254,831.615024567427,False
963652,76,1,15.890927534256834,18.96792645882918,503989.8702136995,59,59,3.462164603500514,5.756529609498171,-11319.138845243198,8.881784197001254e-15,11319.138845243198,1474.421608965924,685.9974153858775,5.589216977960768e-16,False
963652,76,2,15.477230997458832,10.0,854805.3738932095,61,61,3.5552210081448017,6.0,8482.334383235117,12417.022175081054,3934.6877918459386,0.0,672.2842865063903,802.2767236025471,False
963652,76,3,14.408301414237947,10.374237500000001,946817.1035247353,55,55,3.7701009494709252,5.610094199573249,5132.205957742997,8893.985611391872,3761.7796536488745,0.0,617.2820345500996,617.2820345500993,False
963652,76,4,16.005228381779112,40.26157137335306,489406.42947996163,64,64,3.5496233485032773,5.638635161435867,-8189.429302920092,0.0,8189.429302920092,757.3189145234828,757.3189145234828,0.0,False
963652,76,5,13.013843194259872,10.0,716443.3640458083,63,63,3.604170315068543,4.328150016840009,13948.915339223488,18071.228403344565,4122.313064121077,0.0,699.8918383288113,1388.6158096107533,False
963652,76,6,15.105841941665188,21.3283822715134,1020083.5805588146,66,66,3.834949323562502,5.7446263860583535,30547.178407492916,35263.55177343564,4716.3733659427235,0.0,774.0210095235706,2334.4314014150455,False
963652,76,7,15.389184258235233,14.982398756713817,1137913.4515809736,64,64,3.7344229112599905,6.0,6931.2555724670265,11366.848133604442,4435.592561137416,0.0,738.6257739764009,738.6257739764009,False
963652,76,8,15.569286166679781,12.298892534140776,979687.3681254695,70,70,3.457821936854069,5.371777855119246,-8567.423919514527,0.0,8567.423919514527,800.1115308750058,800.1115308750058,0.0,False
963652,76,9,16.916753016696678,62.23129895197713,698979.4872439593,67,67,3.5091062942051945,5.392840139649122,-8598.823836227115,0.0,8598.823836227115,799.194869772922,799.194869772922,0.0,False
963652,77,0,13.256630029650848,11.189609943157713,583749.2700282036,59,59,3.272193067973891,5.749788361608468,11769.596051267086,15491.637433373666,3722.0413821065786,0.0,668.0410479466949,1168.5954423351802,False
963652,77,1,14.30183478083115,18.01953013588772,529540.9634319159,59,59,3.512164603500514,5.85652960949817,26914.245496234773,30894.083765767275,3979.8382695325026,0.0,685.7266684547313,2160.148277420659,False
963652,77,2,17.024954097204716,10.0,846280.3486427602,62,62,3.5552210081448017,6.0,-7405.025250449323,0.0,7405.025250449323,682.6029739111722,682.6029739111722,0.0,False
963652,77,3,15.849131555661742,10.892949375000002,939144.6951084547,55,55,3.820100949470925,5.610094199573249,-6873.296200657038,0.0,6873.296200657038,616.7499020407333,616.7499020407333,0.0,False
963652,77,4,14.404705543601201,44.28772851068837,499420.3414820944,65,65,3.5496233485032773,5.738635161435867,13492.614355326992,18997.593425191662,5504.97906986467,207.4683800319298,768.9958221860219,1318.8463566775715,False
963652,77,5,12.363151034546878,10.0,719569.9069921682,64,64,3.654170315068543,4.428150016840009,4566.542946359807,8783.672635607523,4217.129689247717,0.0,710.4719994977759,710.4719994977764,False
963652,77,6,14.350549844581929,20.261963157937732,1024375.4054802937,67,67,3.884949323562502,5.844626386058353,6449.376453059377,11271.758924614036,4822.382471554659,0.0,785.4583306346065,785.4583306346067,False
963652,77,7,14.61972504532347,16.4806386323852,1142567.2077315066,65,65,3.7844229112599903,5.9,6424.997661633668,10962.346592040074,4537.348930406406,0.0,749.8326102614831,749.8326102614828,False
963652,77,8,14.012357550011803,11.683947907433737,966058.3863165965,70,70,3.507821936854069,5.471777855119246,-12511.105455354227,68.08215313816686,12579.187608492393,1594.9355226991736,799.6827140552538,4.8587222310859115,False
963652,77,9,15.22507771502701,59.11973400437827,681639.6100205856,68,68,3.5091062942051945,5.492840139649122,-12719.735311076372,0.0,12719.735311076372,1610.278202987644,811.0833332147218,0.0,False
963652,78,0,12.593798528168305,12.308570937473485,587525.6356467768,59,59,3.322193067973891,5.749788361608468,4702.571303884835,8490.834054334717,3788.262750449881,0.0,674.207550275116,674.2075502751162,False
963652,78,1,13.586743041789592,16.217577122298948,533565.2796829761,58,58,3.5621646035005137,5.85652960949817,5164.935724151807,9083.592824261717,3918.65710010991,0.0,668.5629364096122,668.5629364096122,False
963652,78,2,15.322458687484245,10.0,834873.6937781109,61,61,3.5552210081448017,6.0,-10696.654864649287,0.0,10696.654864649287,1353.7059275705437,671.1029536593716,0.0,False
963652,78,3,15.056674977878654,10.892949375000002,927629.6574574204,56,56,3.870100949470925,5.710094199573248,-10105.032486035721,0.0,10105.032486035721,1244.2770066684106,627.5271046276772,0.0,False
963652,78,4,13.68447026642114,48.71650136175721,504594.72375210817,66,66,3.5496233485032773,5.8386351614358665,8989.671359889213,13522.058665666322,4532.387305777109,0.0,780.6633051854852,988.1316852174144,False
963652,78,5,13.599466138001567,10.0,710536.0598285306,65,65,3.654170315068543,4.428150016840009,-7883.847163637462,0.0,7883.847163637462,721.2055877096262,721.2055877096262,0.0,False
963652,78,6,13.633022352352832,18.23576684214396,1028269.9470863689,68,68,3.9349493235625017,5.944626386058353,5934.573751341254,10864.118950471193,4929.545199129939,0.0,796.8973181208211,796.8973181208221,False
963652,78,7,13.888738793057296,18.128702495623724,1146782.1824311095,66,66,3.7844229112599903,6.0,6011.469064320068,10644.880161848454,4633.411097528386,0.0,766.4396544896955,766.4396544896947,False
963652,78,8,12.611121795010623,11.09975051206205,990487.6977222105,70,70,3.5578219368540687,5.571777855119246,25506.29394145724,30112.938365443104,4606.6444239858665,0.0,792.8725450459806,2387.808067745153,False
963652,78,9,13.70256994352431,56.16374730415936,676433.5219060828,69,69,3.5591062942051943,5.592840139649121,-530.7895505186152,12023.22355291043,12554.013103429044,1555.8061116785973,822.9708703006837,877.4429616097291,False
963652,79,0,13.853178380985137,11.69314239059981,579512.257532685,59,59,3.3721930679738907,5.749788361608468,-7123.482713047722,0.0,7123.482713047722,667.5042267025751,667.5042267025751,0.0,False
963652,79,1,12.907405889700112,15.406698266184,537048.3620714507,58,58,3.6121646035005135,5.95652960949817,4676.670887911971,8628.250673468106,3951.5797855561354,0.0,668.4728710943612,668.4728710943616,False
963652,79,2,13.79021281873582,10.0,819880.3419408697,61,61,3.6052210081448015,6.0,-14083.351837241255,8.881784197001252e-15,14083.351837241255,2024.585128854926,670.8792012843825,6.440643312577583e-16,False
963652,79,3,13.551007480090789,10.348301906250002,947622.293466945,55,55,3.9201009494709247,5.710094199573248,20761.79261436866,24771.398345981812,4009.6057316131523,32.40246952873209,616.1370245376431,1828.0115616773203,False
963652,79,4,13.000246753100082,53.588151497932934,506258.81760330993,67,67,3.5496233485032773,5.8386351614358665,5754.500001563828,10389.730510859672,4635.230509295844,0.0,799.194869772922,799.194869772922,False
963652,79,5,12.23951952420141,10.0,697593.1222568736,66,66,3.7041703150685428,4.528150016840009,-11482.937571657065,113.95484362794514,11596.89241528501,1444.0786485700885,732.1834625802862,9.310401719824073,False
963652,79,6,12.95137123473519,18.23576684214396,1032180.6204421631,68,68,3.9849493235625015,5.944626386058353,5350.705501060096,10319.393294801852,4968.687793741756,0.0,796.7799785651695,796.7799785651691,False
963652,79,7,15.277612672363027,16.31583224606135,1136902.408349452,66,66,3.83442291125999,6.0,-8502.929153415229,0.0,8502.929153415229,766.3471530898215,766.3471530898215,0.0,False
963652,79,8,11.980565705260092,12.209725563268256,994127.2347767785,71,71,3.5578219368540687,5.471777855119246,5006.4275695621045,9711.72910456875,4705.301535006646,0.0,810.623583517829,810.6235835178297,False
963652,79,9,12.332312949171879,53.35555993895139,697167.0728093797,69,69,3.5591062942051943,5.692840139649121,24515.084539083553,29252.513611496375,4737.429072412821,0.0,816.2155627681794,2372.021674446779,False
963652,80,0,12.467860542886623,11.108485271069819,591379.9441174641,59,59,3.4221930679738906,5.849788361608468,12823.087215774505,16640.673051245954,3817.585835471449,0.0,667.1813028640885,1334.6855295666646,False
963652,80,1,13.552776184185118,16.9473680928024,528715.9026242659,58,58,3.6121646035005135,5.95652960949817,-7349.51209780043,0.0,7349.51209780043,673.7091220241817,673.7091220241817,0.0,False
963652,80,2,13.100702177799029,11.0,845819.6726511983,62,62,3.6552210081448013,6.0,27421.3307103286,32667.540756132712,5246.210045804111,224.67737595740036,693.6639895005615,2493.571742398085,False
963652,80,3,12.87345710608625,10.0,951390.2133743161,55,55,3.9201009494709247,5.810094199573248,4417.919907371126,8194.479067192977,3776.559159821851,0.0,604.1382047955594,636.540674324291,False
963652,80,4,14.300271428410092,53.588151497932934,493117.64546512533,68,68,3.599623348503277,5.8386351614358665,-8797.17783632463,0.0,8797.17783632463,811.0833332147218,811.0833332147218,0.0,False
963652,80,5,11.01556757178127,10.5,715702.5934375509,67,67,3.7541703150685426,4.628150016840008,19612.971180677312,24084.39030558319,4471.41912490588,0.0,742.31711802486,2186.3957665949506,False
963652,80,6,14.24650835820871,17.323978500036763,1021951.2958539829,68,68,3.9849493235625015,6.0,-8951.294050173954,0.0,8951.294050173954,796.6622141262499,796.6622141262499,0.0,False
963652,80,7,13.749851405126725,15.500040633758283,1122625.0387207489,67,67,3.88442291125999,6.0,-12438.866906236042,3.7303493627405253e-14,12438.866906236042,1538.7474180675554,772.4002649777339,2.7130106739550943e-15,False
963652,80,8,13.178622275786102,11.599239285104842,983574.9053983801,72,72,3.6078219368540685,5.571777855119246,-8917.184149870844,0.0,8917.184149870844,821.7694642465005,821.7694642465005,0.0,False
963652,80,9,11.715697301713284,48.02000394505625,698337.3010980373,69,69,3.609106294205194,5.792840139649121,4783.608560869639,9561.218247233053,4777.609686363414,0.0,816.1032161384735,816.1032161384741,False
963652,81,0,11.844467515742291,12.219333798176802,594451.7979653847,59,59,3.4721930679738904,5.9497883616084675,4092.794542011928,7979.233462303646,3886.4389202917177,0.0,673.6675542145376,673.6675542145373,False
963652,81,1,12.197498565766606,16.099999688162278,539503.2294582836,59,59,3.6621646035005133,6.0,12537.22681562254,16653.027195032337,4115.800379409797,0.0,691.5730385140934,1365.2821605382744,False
963652,81,2,12.445667068909076,10.45,835734.050620795,63,63,3.6552210081448013,6.0,-8827.272030406275,0.0,8827.272030406275,928.922285085361,704.2449091279606,0.0,False
963652,81,3,14.160802816694876,10.0,943320.0297528708,56,56,3.9201009494709247,5.910094199573248,-6910.183621445305,0.0,6910.183621445305,614.4799990855772,614.4799990855772,0.0,False
963652,81,4,13.585257856989587,50.90874392303628,476462.702209298,68,68,3.649623348503277,5.938635161435866,-12893.148669058974,0.0,12893.148669058974,1622.1666664294437,811.0833332147218,0.0,False
963652,81,5,11.01556757178127,10.0,718046.2664534106,68,68,3.8041703150685424,4.528150016840009,3723.673015859694,8293.646234722237,4569.973218862543,0.0,752.9023067289053,752.9023067289046,False
963652,81,6,12.82185752238784,15.591580650033087,1008027.8430504955,68,68,3.9849493235625015,5.9,-12863.225319282577,1.9895196601282813e-13,12863.225319282577,1586.8264645914824,790.1642504652325,1.5516625860601274e-14,False
963652,81,7,12.374866264614052,15.500040633758283,1144659.9550018741,68,68,3.9344229112599898,6.0,23888.91904422612,28739.495990814463,4850.576946588341,0.0,783.6611943790397,2322.408612446592,False
963652,81,8,11.860760048207492,11.0192773208496,994048.1603727895,73,73,3.6078219368540685,5.671777855119245,11877.662218829604,17549.33093134236,5671.6687125127555,168.04591189361426,825.8891250821125,1479.6126774349993,False
963652,81,9,11.12991243662762,45.61900374780344,698773.133192445,70,70,3.659106294205194,5.792840139649121,4329.162356755303,9214.214346048051,4885.051989292748,0.0,827.8784220911599,827.8784220911599,False
963652,82,0,13.028914267316521,12.830300488085642,586440.9382799696,59,59,3.4721930679738904,5.849788361608468,-7253.871956620455,0.0,7253.871956620455,673.581160205367,673.581160205367,0.0,False
963652,82,1,11.587623637478275,17.709999656978507,542122.2749835794,59,59,3.712164603500513,5.9,3863.935505059004,8014.923574018601,4150.9880689595975,0.0,691.679659675487,691.679659675487,False
963652,82,2,11.201100362018169,10.0,849042.6472626936,63,63,3.6552210081448013,6.0,14038.596641898608,18147.825058596693,4109.228416698084,0.0,691.2600605825852,1620.1823456679476,False
963652,82,3,12.744722535025389,10.0,931987.467965743,57,57,3.9201009494709247,6.0,-10162.56178712777,0.0,10162.56178712777,1245.4413632324636,630.9613641468865,0.0,False
963652,82,4,12.226732071290629,53.4541811191881,455719.3546535407,67,67,3.699623348503277,6.0,-16861.91742077361,8.704148513061231e-14,16861.91742077361,2421.3615362023656,799.194869772922,7.118949251778639e-15,False
963652,82,5,10.464789193192207,10.0,720009.3039741478,69,69,3.8541703150685422,4.428150016840009,3353.037520737137,8064.381297364552,4711.343776627415,0.0,770.6205207278113,770.6205207278114,False
963652,82,6,11.539671770149056,14.812001617531433,1028731.1387031059,69,69,4.034949323562501,6.0,22525.32376421852,27564.34429096009,5039.02052674157,0.0,801.8328352565253,2388.65929984801,False
963652,82,7,12.374866264614052,14.725038602070368,1144472.1098084734,69,69,3.9844229112599896,6.0,1528.182470138323,7451.448573859167,5923.266103720844,192.98083958654433,795.1246053876018,602.1437658010572,False
963652,82,8,11.267722045797116,12.121205052934561,999081.999754466,74,74,3.6078219368540685,5.671777855119245,6430.808555594321,11324.533261676579,4893.724706082258,0.0,836.9960314245267,1005.0419433181398,False
963652,82,9,10.57341681479624,43.338053560413265,699367.0780811566,70,70,3.7091062942051938,5.792840139649121,3827.608637944175,8754.701147385444,4927.092509441269,0.0,827.9916795802734,827.9916795802734,False
963652,83,0,12.377468553950695,12.18878546368136,574942.9848922394,59,59,3.52219306797389,5.849788361608468,-10578.815045372623,0.0,10578.815045372623,1339.878499462969,666.2973392576022,0.0,False
963652,83,1,12.746386001226103,18.595499639827434,532772.1628368762,60,60,3.712164603500513,5.9,-7734.382168311266,0.0,7734.382168311266,703.3482444667799,703.3482444667799,0.0,False
963652,83,2,11.201100362018169,10.0,851710.557539657,63,63,3.705221008144801,6.0,3597.9102769633882,7740.485450836075,4142.575173872687,0.0,691.0468793836817,691.046879383681,False
963652,83,3,11.47025028152285,10.5,948294.618735798,58,58,3.9701009494709245,6.0,17616.15077005502,21648.44623706693,4032.295467011911,0.0,641.9146844328541,1887.356047665315,False
963652,83,4,11.004058864161566,50.78147206322869,482661.11880875955,67,67,3.7496233485032766,6.0,30644.122783454306,35439.19226670473,4795.069483250428,0.0,799.194869772922,3220.5564059752924,False
963652,83,5,10.464789193192207,11.0,713618.0658252592,68,68,3.904170315068542,4.428150016840009,-5443.23814888856,2054.221646913777,7497.459795802337,562.9479620022016,759.2463879896202,196.29842598741845,False
963652,83,6,10.962688181641603,13.330801455778289,1030690.437975887,70,70,4.084949323562501,6.0,3692.455374684977,8748.269592774157,5055.81421808918,0.0,798.004052274718,798.0040522747178,False
963652,83,7,11.756122951383349,13.98878667196685,1138873.8991839087,70,70,4.034422911259989,6.0,-3918.995557523921,4364.121792383311,8283.117349907232,635.0617366983943,813.3020735516377,371.2211764397873,False
963652,83,8,12.394494250376829,13.333325558228019,988748.2200462321,73,73,3.6578219368540683,5.671777855119245,-9160.446942483388,0.0,9160.446942483388,840.7390361344594,840.7390361344594,0.0,False
963652,83,9,10.044745974056427,47.671858916454596,699419.9215375829,70,70,3.7091062942051938,5.792840139649121,3389.8735805748966,8316.966090016165,4927.092509441269,0.0,827.9916795802734,827.9916795802728,False
963652,84,0,11.139721698555626,11.57934619049729,584359.6952921529,60,60,3.57219306797389,5.9497883616084675,10911.471171339876,17234.714644289015,6323.24347294914,469.9440821300169,677.2060867717115,1547.1405041046642,False
963652,84,1,11.471747401103492,17.665724657836062,543296.677790271,60,60,3.762164603500513,6.0,11884.458432864247,16137.26679106495,4252.808358200704,0.0,703.3482444667799,1406.696488933558,False
963652,84,2,12.321210398219986,10.0,842861.3592351576,64,64,3.705221008144801,6.0,-7709.198304499416,0.0,7709.198304499416,701.4519643065967,701.4519643065967,0.0,False
963652,84,3,10.896737767446707,11.55,949925.8695147241,59,59,4.020100949470924,6.0,3012.7007789287627,7178.709266233561,4166.008487304798,0.0,658.7943492298663,658.7943492298664,False
963652,84,4,11.004058864161566,53.320545666390124,482748.0004132898,67,67,3.7996233485032764,6.0,3959.3581641780956,8794.387390917169,4835.029226739073,0.0,799.194869772922,799.1948697729218,False
963652,84,5,10.0,11.0,721144.166517743,68,68,3.954170315068542,4.428150016840009,8474.100692483868,13154.811404999107,4680.71071251524,0.0,752.5331784977099,1315.4811404999107,False
963652,84,6,12.058956999805764,12.664261382989373,1020022.2496662248,71,71,4.084949323562501,6.0,-9169.025751468816,2.3092638912203253e-14,9169.025751468816,809.1174338888483,809.1174338888483,1.914978128919044e-15,False
963652,84,7,10.580510656245014,13.289347338368506,1147358.3198030347,71,71,4.084422911259989,6.0,10227.9642801423,15446.820731111316,5218.856450969018,0.0,824.8697574392788,1459.9314941376695,False
963652,84,8,11.155044825339147,12.666659280316617,973725.8669168599,74,74,3.6578219368540683,5.771777855119245,-13485.020342629352,1.5276668818842151e-13,13485.020342629352,1692.8198098387386,852.0807737042792,1.3694852022593907e-14,False
963652,84,9,11.04922057146207,45.28826597063186,700229.9135252348,70,70,3.7591062942051936,5.792840139649121,4180.170605597507,9148.66269901779,4968.492093420283,0.0,827.9916795802734,827.9916795802735,False
963652,85,0,10.582735613627843,11.000378880972425,591630.6350230087,60,60,3.62219306797389,5.9497883616084675,8130.962463715708,12136.485817584995,4005.5233538692873,0.0,676.8752527455823,1146.8193348755988,False
963652,85,1,10.324572660993143,16.782438424944257,544598.9102121334,61,61,3.812164603500513,6.0,3025.9611657873556,7381.129993864281,4355.168828076925,0.0,714.9090074934177,714.9090074934176,False
963652,85,2,11.089089358397988,10.5,830273.1567767792,65,65,3.705221008144801,6.0,-11405.70245837835,4.7961634663806756e-14,11405.70245837835,1420.581689044479,719.1297247378824,4.325119323480287e-15,False
963652,85,3,11.441574655819043,10.9725,947918.7354834913,60,60,4.070100949470924,6.0,-648.7840312308062,4845.5096461857775,5494.293677416584,246.03248544590238,669.5327283710669,423.50024292516514,False
963652,85,4,10.453855920953487,50.65451838307062,482773.78647625505,67,67,3.7996233485032764,6.0,3519.638794632242,8354.668021371315,4835.029226739073,0.0,799.194869772922,799.1948697729224,False
963652,85,5,10.0,10.45,713460.98137943,69,69,3.954170315068542,4.528150016840009,-6362.135138316218,1412.0276203207345,7774.162758636952,614.6898643046851,755.8926263367588,141.20276203207345,False
963652,85,6,11.456009149815475,12.031048313839904,1032340.8479327554,71,71,4.134949323562501,6.0,13372.802696812549,18534.603034570853,5161.800337758305,0.0,808.776091874389,1617.8935257632363,False
963652,85,7,10.051485123432762,14.618282072205357,1149391.9262813597,71,71,4.084422911259989,6.0,3071.5045054546063,8289.126086028742,5217.621580574136,0.0,824.6668013967926,824.6668013967927,False
963652,85,8,10.039540342805232,12.033326316300785,992558.0715250717,75,75,3.707821936854068,5.8717778551192445,20534.704081932592,25662.26518947374,5127.561107541149,0.0,863.2997248433841,2556.119534682126,False
963652,85,9,11.04922057146207,49.81709256769505,686715.7704248499,71,71,3.8091062942051934,5.792840139649121,-9277.12952807941,0.0,9277.12952807941,839.7668855329599,839.7668855329599,0.0,False
963652,86,0,11.641009174990629,12.10041676906967,582491.1387470016,61,61,3.6721930679738897,5.849788361608468,-7701.370853095566,0.0,7701.370853095566,702.8893504191167,702.8893504191167,0.0,False
963652,86,1,10.324572660993143,15.104194582449832,546565.4951194361,60,60,3.812164603500513,6.0,2972.836582249053,7259.57879196987,4286.742209720816,0.0,703.136006722776,703.1360067227765,False
963652,86,2,10.0,10.0,846313.8764026224,64,64,3.755221008144801,6.0,16980.719625843274,21214.197635606477,4233.478009763205,0.0,700.8380745161685,2121.419763560648,False
963652,86,3,10.86949592302809,10.423874999999999,947218.8497258363,60,60,4.070100949470924,6.0,-74.45325765633152,6004.2095435036135,6078.662801159945,363.05332049382264,669.4116345865716,552.3907995386528,False
963652,86,4,10.0,48.12179246391708,482676.83905074093,67,67,3.7996233485032764,6.0,3127.212669569547,7921.224560621154,4794.011891051607,0.0,792.1224560621157,792.1224560621154,False
963652,86,5,10.0,10.0,701138.6023523362,69,69,3.954170315068542,4.528150016840009,-11632.379027093903,8.881784197001255e-14,11632.379027093903,1377.7718198656594,763.0819555609742,8.881784197001255e-15,False
963652,86,6,10.8832086923247,10.827943482455913,1035077.9904790634,71,71,4.134949323562501,6.0,3605.926533560999,8723.342495757133,5117.415962196134,0.0,801.5414150708326,801.5414150708333,False
963652,86,7,10.0,14.618282072205357,1151383.0746876241,71,71,4.084422911259989,6.0,3029.0464333937816,8246.668013967917,5217.621580574136,0.0,824.6668013967926,824.6668013967917,False
963652,86,8,10.0,11.431660000485746,994930.9142564158,75,75,3.757821936854068,5.8717778551192445,3430.217231379076,8557.437187553993,5127.219956174917,0.0,855.7437187553994,855.7437187553993,False
963652,86,9,10.0,49.81709256769505,694082.0308841541,72,72,3.8591062942051932,5.89284013964912,11753.09112417729,16983.791855473704,5230.700731296414,0.0,858.6123000144078,1698.3791855473703,False
963652,87,0,10.476908257491566,11.495395930616185,591503.5262281469,62,62,3.7221930679738895,5.9497883616084675,10525.102028842475,14769.983860549344,4244.881831706869,0.0,706.876154589289,1409.7655050084068,False
963652,87,1,10.324572660993143,15.859404311572325,548024.032622221,61,61,3.812164603500513,6.0,3025.96116578737,7381.129993864295,4355.168828076925,0.0,714.9090074934177,714.9090074934189,False
963652,87,2,10.0,10.0,848211.5804271727,64,64,3.805221008144801,6.0,2737.704024550231,7003.239098541854,4265.535073991623,0.0,700.3239098541853,700.3239098541854,False
963652,87,3,11.412970719179494,10.945068749999999,936342.5994631253,61,61,4.120100949470924,6.0,-9508.601068964137,0.0,9508.601068964137,1036.9082162851728,673.8548957913503,0.0,False
963652,87,4,11.0,52.933971710308796,482696.51110837917,66,66,3.8496233485032763,6.0,3713.314190519899,8563.011104932271,4849.696914412372,8.850549098698355,787.3061040925413,778.4555549938428,False
963652,87,5,10.0,11.0,716263.1075766727,70,70,4.004170315068542,4.628150016840008,16694.50522433651,21577.817981271233,4883.312756934724,0.0,780.0099782614612,2157.7817981271232,False
963652,87,6,11.427369126940937,11.910737830701505,1024214.2675993359,72,72,4.134949323562501,6.0,-9406.149755918483,15.902479958640367,9422.052235877123,827.4411037253482,828.8327171213965,1.3916133960483519,False
963652,87,7,11.0,13.887367968595088,1153551.9386224998,72,72,4.134422911259989,6.0,3868.754428620631,9198.55916339351,5329.804734772878,0.0,836.2326512175916,836.2326512175918,False
963652,87,8,10.0,11.431660000485746,997222.4370570701,75,75,3.807821936854068,5.771777855119245,3348.897300689334,8465.521376318015,5116.624075628681,0.0,846.5521376318015,846.5521376318014,False
963652,87,9,10.0,52.3079471960798,693542.4742116512,72,72,3.8591062942051932,5.99284013964912,3326.6155256139064,8516.556512133413,5189.940986519507,0.0,851.6556512133405,851.6556512133413,False
963652,88,0,10.476908257491566,12.644935523677805,593638.1488788951,61,61,3.7721930679738893,5.9497883616084675,3105.9637176893566,7362.0351450813405,4256.071427391984,0.0,702.6915731381997,702.6915731381995,False
963652,88,1,11.357029927092459,17.44534474272956,545318.5496748246,60,60,3.812164603500513,6.0,-1558.762262832286,4335.104451677181,5893.866714509467,321.42490095772996,703.136006722776,381.7111057650459,False
963652,88,2,10.5,10.0,850422.9744062397,64,64,3.8552210081448006,6.0,3051.3939790669256,7350.110056919363,4298.716077852438,0.0,700.0104816113674,700.0104816113679,False
963652,88,3,10.271673647261546,10.397815312499999,948156.9378635229,62,62,4.170100949470924,6.0,13259.002949772033,17683.48050754379,4424.477557771757,0.0,684.669115200457,1721.577331485629,False
963652,88,4,12.100000000000001,58.22736888133968,469827.9120221308,66,66,3.899623348503276,6.0,-8825.592740079705,2.1316282072803002e-14,8825.592740079705,796.1566531912397,787.3061040925413,1.7616762043638844e-15,False
963652,88,5,10.0,10.45,718108.4065493369,70,70,4.054170315068542,4.728150016840008,2876.7989726608885,7797.597003263294,4920.798030602406,0.0,779.7597003263294,779.7597003263294,False
963652,88,6,10.284632214246843,11.315200939166429,1034515.709847943,73,73,4.134949323562501,6.0,11727.451917168259,16979.967998139484,5252.516080971225,0.0,823.562806226618,1651.003909951966,False
963652,88,7,10.45,13.192999570165332,1155547.586858767,73,73,4.134422911259989,6.0,3458.7372048893876,8859.48808349452,5400.750878605132,0.0,847.7979027267482,847.7979027267484,False
963652,88,8,10.0,12.57482600053432,998957.4868441536,76,76,3.8578219368540676,5.771777855119245,3390.7365631209013,8668.716091827742,5277.979528706841,0.0,866.8716091827743,866.8716091827743,False
963652,88,9,10.5,49.69254983627581,692978.8272374019,73,73,3.909106294205193,5.99284013964912,3763.909163796153,9066.000845831808,5302.091682035655,0.0,863.4286519839823,863.4286519839817,False
963652,89,0,11.524599083240723,12.012688747493915,586507.4613577472,62,62,3.822193067973889,5.9497883616084675,-5685.900818803464,1505.6418473756346,7191.542666179099,575.7517777141483,706.3976974984785,130.64591978433035,False
963652,89,1,10.789178430737834,19.189879217002517,550473.9896666169,61,61,3.812164603500513,6.0,6826.022624026435,11181.19145210336,4355.168828076925,0.0,714.9090074934177,1036.3339084511476,False
963652,89,2,11.025,11.0,853207.3576101075,64,64,3.8552210081448006,5.9,3488.383203867783,7865.7955952677285,4377.412391399946,0.0,713.4508476433308,713.4508476433314,False
963652,89,3,10.0,10.0,949131.000082811,63,63,4.220100949470924,6.0,2404.06221928803,6889.237475597505,4485.175256309475,0.0,688.9237475597512,688.9237475597505,False
963652,89,4,10.890000000000002,55.31600043727269,478233.3687459213,65,65,3.949623348503276,6.0,12300.99675221157,17114.434343293506,4813.437591081937,0.0,775.4167483967741,1571.5734015880168,False
963652,89,5,10.0,11.495000000000001,719980.6223228276,70,70,4.104170315068542,4.728150016840008,2876.8657734904464,7897.844675785874,5020.978902295427,0.0,789.7844675785876,789.7844675785874,False
963652,89,6,10.0,10.183680845249786,1036316.9236222642,72,72,4.184949323562501,6.0,2834.4387951749286,7953.862353431417,5119.423558256489,0.0,795.3862353431417,795.3862353431417,False
963652,89,7,11.495000000000001,14.512299527181867,1158832.8750065216,73,73,4.134422911259989,6.0,4344.686013238842,9745.436891843974,5400.750878605132,0.0,847.7979027267482,847.7979027267485,False
963652,89,8,11.0,13.832308600587755,1001859.410323469,76,76,3.9078219368540674,5.8717778551192445,4253.178932956383,9619.649520318906,5366.4705873625235,0.0,874.5135927562644,874.5135927562642,False
963652,89,9,10.5,54.661804819903395,692409.78157209,73,73,3.959106294205193,6.0,3721.2660865441057,9067.222572545636,5345.95648600153,0.0,863.5450069091077,863.5450069091082,False
963652,90,0,10.37213917491665,11.412054310119219,594421.6527847516,62,62,3.872193067973889,6.0,8921.738794229848,13232.272572547323,4310.5337783174755,0.0,699.9997668223386,1275.7515445364872,False
963652,90,1,10.789178430737834,21.10886713870277,552272.3387809475,60,60,3.8621646035005126,6.0,3264.8811426550374,7587.399223997211,4322.518081342174,0.0,703.2416112779343,703.2416112779345,False
963652,90,2,11.025,12.100000000000001,855766.7765661122,64,64,3.9052210081448004,5.9,3533.818956003156,8040.455272663668,4506.636316660512,0.0,729.2929952529408,729.2929952529404,False
963652,90,3,11.0,10.0,950937.3748358907,64,64,4.2701009494709234,5.9,3146.3747530796763,7782.432963291038,4636.058210211361,0.0,707.493905753731,707.4939057537307,False
963652,90,4,10.345500000000001,60.847600480999965,477257.31812565104,64,64,3.9996233485032757,6.0,3118.1958105141994,7899.072502633484,4780.876692119285,0.0,763.5273793082484,763.5273793082483,False
963652,90,5,11.0,10.920250000000001,722143.8539174857,71,71,4.154170315068542,4.628150016840008,3638.569344655729,8713.525966980049,5074.95662232432,0.0,792.1387242709135,792.1387242709136,False
963652,90,6,10.0,10.0,1038163.4556241941,72,72,4.234949323562501,6.0,2766.5320019299124,7879.129012778276,5112.597010848363,0.0,787.9129012778284,787.9129012778276,False
963652,90,7,12.644500000000003,15.23791450354096,1162698.0069177262,73,73,4.184422911259989,6.0,5277.499669963982,10721.272149767523,5443.772479803541,0.0,847.9000474330751,847.9000474330753,False
963652,90,8,11.0,15.215539460646532,1004913.7291839316,75,75,3.9078219368540674,5.8717778551192445,4195.484320011602,9495.019011620536,5299.534691608934,0.0,863.1835465109585,863.1835465109579,False
963652,90,9,11.55,57.39489506089857,692113.2481613837,74,74,4.009106294205193,5.9,4650.688823801687,10111.26704277266,5460.5782189709735,0.0,875.4343759976333,875.4343759976329,False
963652,91,0,10.0,10.841451594613257,595599.8399453452,63,63,3.922193067973889,6.0,2661.1986110537664,7016.513186493957,4355.31457544019,0.0,701.6513186493959,701.6513186493956,False
963652,91,1,11.868096273811618,23.21975385257305,554566.3570397474,60,60,3.9121646035005124,6.0,3987.2034899546497,8343.637383305642,4356.433893350993,0.0,703.0308139408069,703.0308139408072,False
963652,91,2,11.576250000000002,13.310000000000002,858612.5263916828,64,64,3.9552210081448003,5.800000000000001,3897.589825574192,8438.797289079208,4541.207463505016,0.0,728.9750384692121,728.9750384692112,False
963652,91,3,12.100000000000001,10.0,953492.8370480294,65,65,4.320100949470923,5.9,3905.4622121386537,8594.62982529608,4689.167613157427,0.0,710.2999855616595,710.2999855616595,False
963652,91,4,11.380050000000002,57.80522045694996,476972.05173503904,65,65,3.9996233485032757,5.9,3972.0729390909382,8824.281367592714,4852.208428501775,0.0,775.4167483967741,775.4167483967743,False
963652,91,5,11.55,10.0,725463.3929068364,71,71,4.154170315068542,4.528150016840009,4029.5389893506144,9053.505796045185,5023.966806694571,0.0,783.8533156749082,783.8533156749078,False
963652,91,6,11.0,11.0,1040482.2327346369,73,73,4.234949323562501,6.0,3721.7771104427575,9053.324118500841,5331.5470080580835,0.0,823.0294653182586,823.0294653182583,False
963652,91,7,13.908950000000004,13.714123053186864,1167558.7777428264,74,74,4.184422911259989,6.0,6375.615931040095,11840.195801418131,5464.579870378036,0.0,851.2645312132206,851.2645312132207,False
963652,91,8,11.0,14.454762487614206,1007820.4802545251,75,75,3.9578219368540672,5.771777855119245,4190.858257168902,9579.08273448058,5388.224477311678,0.0,870.8257031345984,870.8257031345983,False
963652,91,9,10.9725,54.525150307853636,691626.8384320539,75,75,4.009106294205193,6.0,4202.976543755518,9733.594187773788,5530.61764401827,0.0,887.0899236977693,887.0899236977706,False
963652,92,0,10.5,11.925596754074585,597665.6965262905,63,63,3.9721930679738886,6.0,3017.1691764515435,7460.626493105596,4443.457316654052,0.0,710.5358564862468,710.5358564862472,False
963652,92,1,13.05490590119278,25.541729237830356,557620.2689730625,60,60,3.9621646035005122,6.0,4786.415687588162,9178.001121636195,4391.585434048033,0.0,703.0308139408069,703.0308139408062,False
963652,92,2,12.733875000000003,12.6445,862007.5097054008,65,65,3.9552210081448003,5.9,4816.875813721423,9424.329605731624,4607.453792010201,0.0,740.0991140349354,740.0991140349361,False
963652,92,3,11.495000000000001,11.0,955737.9046706017,66,66,4.320100949470923,6.0,3571.0676225722555,8376.6701336978,4805.602511125545,0.0,728.7229346409562,728.7229346409569,False
963652,92,4,12.518055000000004,63.58574250264496,477454.7087107973,65,65,4.0496233485032755,5.9,4815.7302384303675,9706.709504351982,4890.979265921615,0.0,775.4167483967741,775.416748396774,False
963652,92,5,12.127500000000001,11.0,728663.8884287814,72,72,4.154170315068542,4.628150016840008,4592.4955219450985,9730.082300497716,5137.586778552617,0.0,802.3155885794858,802.3155885794858,False
963652,92,6,12.100000000000001,11.0,1043469.6973114838,74,74,4.2849493235625005,6.0,4501.464576846961,9782.841895145715,5281.377318298754,0.0,808.4993301773314,808.4993301773317,False
963652,92,7,15.299845000000007,13.02841690052752,1170732.903241163,75,75,4.234422911259989,6.0,4851.25676586878,11110.881263089235,6259.624497220455,136.3783489510581,862.5870957121699,726.2087467611098,False
963652,92,8,12.100000000000001,15.177500611994917,1011042.665290918,76,76,4.007821936854067,5.8717778551192445,5175.675082903838,10676.915190090074,5501.240107186236,0.0,882.3896851314097,882.389685131411,False
963652,92,9,12.06975,51.798892792460954,692673.9029389697,75,75,4.0591062942051925,6.0,5131.981466347993,10706.953606551151,5574.972140203158,0.0,887.0899236977693,887.0899236977692,False
963652,93,0,11.55,11.329316916370855,600304.1823312907,62,62,4.022193067973888,6.0,3540.9034538176047,7816.379157756958,4275.4757039393535,0.0,676.7427842213817,676.7427842213816,False
963652,93,1,12.40216060613314,28.095902161613395,559809.0608726041,61,61,3.9621646035005122,6.0,4402.641931396534,8863.779484081597,4461.1375526850625,0.0,714.6963956988471,714.696395698848,False
963652,93,2,14.007262500000005,13.908950000000003,865684.1569962978,65,65,3.9552210081448003,5.9,4580.729040893947,9562.83983158819,4982.1107906942425,65.397737137559,748.1035714565913,682.7058343190317,False
963652,93,3,10.920250000000001,12.100000000000001,958017.9919894661,66,66,4.320100949470923,6.0,3178.687318862834,8020.633633505499,4841.946314642665,0.0,734.4734446102887,734.4734446102881,False
963652,93,4,13.143957750000006,69.94431675290946,477970.62299808726,65,65,4.099623348503275,5.9,5262.294876228122,10192.044979569575,4929.750103341453,0.0,775.4167483967741,775.4167483967734,False
963652,93,5,12.127500000000001,12.100000000000001,731752.3982006573,73,73,4.204170315068541,4.628150016840008,4671.809771874243,9974.604850833739,5302.795078959496,0.0,822.4782396069863,822.4782396069872,False
963652,93,6,12.705000000000002,12.100000000000001,1047512.4942791712,74,74,4.2849493235625005,6.0,5038.196967685741,10366.163108135579,5327.966140449838,0.0,815.9120903687973,815.9120903687979,False
963652,93,7,14.534852750000006,12.376996055501143,1177918.6745007122,76,76,4.2844229112599885,6.0,8926.422959765732,14568.208763916993,5641.78580415126,0.0,865.9165496964009,1002.2948986474588,False
963652,93,8,13.310000000000002,16.695250673194412,1015605.1677319632,75,75,4.057821936854067,5.971777855119244,6114.646241536757,11589.337815899542,5474.691574362785,0.0,870.7241033733693,870.7241033733688,False
963652,93,9,11.466262500000001,49.208948152837905,693579.8656135272,75,75,4.0591062942051925,6.0,4596.633786020441,10171.6059262236,5574.972140203158,0.0,887.0899236977693,887.0899236977697,False
963652,94,0,11.55,12.462248608007942,602514.4173307706,63,63,4.072193067973888,6.0,3695.356661784256,8213.390870088022,4518.034208303766,0.0,711.1160926483134,711.1160926483136,False
963652,94,1,13.642376666746456,26.691107053532726,562794.8328931589,62,62,4.012164603500512,6.0,5340.620657874424,9906.308416561113,4565.6877586866885,0.0,726.1424206757112,726.1424206757113,False
963652,94,2,14.707625625000006,15.299845000000005,871580.3055261608,66,66,3.9552210081448003,5.9,7405.938299865011,12126.643539593391,4720.705239728381,0.0,759.1162836014869,824.5140207390468,False
963652,94,3,12.012275000000002,13.310000000000002,961168.6626887992,65,65,4.320100949470923,6.0,4015.8206993366666,8896.705747502097,4880.885048165431,0.0,740.6345382121283,740.6345382121285,False
963652,94,4,13.143957750000006,76.93874842820041,477499.3477701895,66,66,4.149623348503275,5.9,5306.682168362826,10348.318168509468,5041.636000146642,0.0,787.3061040925413,787.3061040925412,False
963652,94,5,12.127500000000001,10.890000000000002,734689.678696811,74,74,4.254170315068541,4.728150016840008,4543.140496154687,9793.837474285641,5250.696978130954,0.0,807.5726633094741,807.5726633094736,False
963652,94,6,13.340250000000003,11.495000000000001,1052042.3196633165,74,74,4.3349493235625,6.0,5580.455384144953,11007.767332201764,5427.31194805681,0.0,825.1545010177283,825.1545010177291,False
963652,94,7,15.988338025000008,11.13929644995103,1184335.3078521458,77,77,4.2844229112599885,6.0,7874.359178079991,13455.880415653546,5581.5212375735555,8.198338772806645,849.8042889730949,841.6059502002892,False
963652,94,8,14.641000000000004,15.86048813953469,1021025.8652897804,76,76,4.107821936854067,5.8717778551192445,7326.0946564236265,12913.073071871964,5586.978415448338,0.0,881.9802658200919,881.9802658200916,False
963652,94,9,11.466262500000001,46.748500745196004,693841.6802306984,76,76,4.109106294205192,6.0,4614.700673803444,10305.21038849688,5690.509714693436,0.0,898.7418863380184,898.7418863380182,False
963652,95,0,12.705000000000002,11.216023747207148,605542.8206477889,64,64,4.122193067973888,6.0,4446.228836840848,8967.350551460597,4521.121714619749,0.0,705.8127155813144,705.8127155813141,False
963652,95,1,15.006614333421103,24.021996348179453,567635.770846554,62,62,4.012164603500512,6.0,6330.301726981324,10895.354628720324,4565.052901739001,0.0,726.0368252721324,726.0368252721316,False
963652,95,2,15.443006906250007,13.769860500000005,875543.5240430116,66,66,4.0052210081448,6.0,5172.029309851115,10368.15558530668,5196.1262754555655,87.62472653621442,759.0066438175274,671.3819172813126,False
963652,95,3,13.213502500000004,11.979000000000003,964936.8970896802,65,65,4.370100949470923,6.0,4746.869400884275,9551.605398736872,4804.735997852597,0.0,722.8670368614879,722.8670368614884,False
963652,95,4,12.486759862500005,73.0918110067904,476626.843680284,67,67,4.199623348503275,6.0,4824.647247548206,9979.354422196448,5154.707174648242,0.0,799.194869772922,799.1948697729225,False
963652,95,5,13.340250000000003,11.979000000000003,739164.8279434923,74,74,4.304170315068541,4.8281500168400076,5661.595246685092,11113.453725809028,5451.8584791239355,0.0,833.0768708089441,833.0768708089447,False
963652,95,6,13.340250000000003,12.644500000000003,1056808.8506821187,74,74,4.3349493235625,6.0,5702.224018797479,11239.652315224299,5537.4282964268195,0.0,842.5368576469183,842.5368576469178,False
963652,95,7,15.988338025000008,10.582331627453478,1190857.3309798837,78,78,4.334422911259988,6.0,8147.444994673213,13738.619861962992,5591.174867289779,0.0,851.091716296128,859.2900550689343,False
963652,95,8,13.176900000000003,17.44653695348816,1025734.0101462477,76,76,4.107821936854067,5.771777855119245,6034.081664929042,11620.450355310733,5586.3686903816915,0.0,881.8804388976716,881.8804388976718,False
963652,95,9,12.612888750000002,51.42335081971561,695332.9846391381,76,76,4.159106294205192,5.9,5599.479070739635,11334.157113014111,5734.678042274476,0.0,898.6170684343911,898.617068434391,False
963652,96,0,13.340250000000003,11.776824934567506,609302.845536764,65,65,4.122193067973888,5.9,5025.518509719182,9657.685434702405,4632.166924983224,0.0,723.9508580950436,723.9508580950435,False
963652,96,1,16.507275766763215,22.82089653077048,566084.4654729097,62,62,4.012164603500512,6.0,-136.40978873729637,6185.315380687949,6321.725169425245,351.334453537249,726.0368252721324,374.7023717348838,False
963652,96,2,14.670856560937507,13.081367475000004,881950.9067370519,65,65,4.0552210081448,5.9,7457.6715799140775,12136.125499103,4678.453919188923,0.0,739.6020579868202,827.2267845230347,False
963652,96,3,12.552827375000003,11.979000000000003,968092.861901001,64,64,4.420100949470923,6.0,4222.620811323986,9052.482001892484,4829.8611905684975,0.0,721.150839684233,721.1508396842333,False
963652,96,4,11.862421869375003,69.43722045645087,476060.26969265303,67,67,4.249623348503275,6.0,4285.719782949722,9480.386701086609,5194.666918136887,0.0,799.194869772922,799.1948697729213,False
963652,96,5,14.674275000000005,11.380050000000002,744297.2257046287,75,75,4.354170315068541,4.8281500168400076,6685.9015111390745,12144.752527017365,5458.85101587829,0.0,827.6219797582753,827.621979758275,False
963652,96,6,12.673237500000003,13.908950000000004,1060528.912692089,75,75,4.3349493235625,5.9,5263.2332599757065,10923.588624284776,5660.355364309069,0.0,861.9414434776255,861.9414434776255,False
963652,96,7,16.78775492625001,10.053215046080803,1198128.878999312,79,79,4.384422911259988,6.0,8765.752008076524,14467.946156505222,5702.194148428699,0.0,861.8154255922908,861.8154255922905,False
963652,96,8,13.176900000000003,19.191190648836976,1030309.5613218661,76,76,4.107821936854067,5.671777855119245,6034.08166492904,11620.450355310732,5586.3686903816915,0.0,881.8804388976716,881.8804388976715,False
963652,96,9,13.243533187500002,48.852183278729825,697441.4747829204,76,76,4.209106294205192,6.0,6121.256072968629,11900.864968664824,5779.608895696195,0.0,898.6170684343911,898.6170684343915,False
963652,97,0,12.673237500000003,12.954507428024257,612380.1075905893,66,66,4.172193067973888,5.9,4632.259544072532,9420.082188945567,4787.822644873036,0.0,743.305109601676,743.3051096016756,False
963652,97,1,15.681911978425052,21.679851704231954,576643.7309336804,61,61,4.062164603500512,6.0,12181.736414731542,16712.416306642353,4530.679891910812,0.0,714.3784728989579,1065.7129264362059,False
963652,97,2,16.13794221703126,14.389504222500005,883868.674601489,66,66,4.1052210081448,5.9,3567.475143125326,9311.45448097688,5743.979337851553,182.01520613906138,759.0066438175274,576.9914376784661,False
963652,97,3,12.552827375000003,12.577950000000003,970776.1199136532,65,65,4.470100949470923,6.0,4200.824762648959,9081.913222548494,4881.088459899534,0.0,723.4954286582375,723.4954286582382,False
963652,97,4,13.048664056312505,62.493498410805785,477006.963752188,67,67,4.249623348503275,6.0,5233.758453058399,10428.425371195286,5194.666918136887,0.0,799.194869772922,799.1948697729224,False
963652,97,5,16.141702500000008,12.518055000000004,733130.1220032681,76,76,4.354170315068541,4.8281500168400076,-9715.731521361215,8.881784197001252e-15,9715.731521361215,838.0825068946283,838.0825068946283,5.502383777052791e-16,False
963652,97,6,13.940561250000004,13.908950000000004,1065252.1484211578,76,76,4.3349493235625,6.0,6380.315929073987,12061.264516368083,5680.948587294096,0.0,865.1921755566386,865.1921755566391,False
963652,97,7,15.948367179937508,11.058536550688885,1204884.2676765993,80,80,4.384422911259988,6.0,8140.071601345619,13907.496788834991,5767.425187489373,0.0,872.0326433373164,872.0326433373153,False
963652,97,8,13.835745000000005,19.191190648836976,1034792.3617352206,77,77,4.1578219368540665,5.671777855119245,6660.5220933139735,12362.774863631657,5702.252770317684,0.0,893.5387912708462,893.5387912708461,False
963652,97,9,12.581356528125001,53.73740160660281,698783.6450853518,76,76,4.209106294205192,6.0,5526.212824535377,11305.821720231572,5779.608895696195,0.0,898.6170684343911,898.6170684343906,False
963652,98,0,12.039575625000001,14.249958170826684,615302.0686521579,65,65,4.222193067973888,6.0,4148.2083426713025,8998.992701901492,4850.78435923019,0.0,747.4509884895953,747.4509884895957,False
963652,98,1,14.8978163795038,20.595859119020353,581399.3829502314,61,61,4.062164603500512,6.0,6111.999422808193,10642.679314719006,4530.679891910812,0.0,714.3784728989579,714.3784728989579,False
963652,98,2,15.331045106179696,13.670029011375004,890353.6201562997,67,67,4.1052210081448,6.0,8000.837498569324,13261.437117223582,5260.599618654258,80.21392942519472,763.2041436849115,865.0054203987771,False
963652,98,3,11.925186006250003,13.206847500000004,973210.5157510571,66,66,4.470100949470923,6.0,3806.0477724075345,8757.49220014739,4951.444427739855,0.0,734.3694425862695,734.369442586269,False
963652,98,4,14.353530461943757,59.36882349026549,479305.8535685172,67,67,4.249623348503275,6.0,6276.600990177927,11471.267908314814,5194.666918136887,0.0,799.194869772922,799.1948697729223,False
963652,98,5,14.527532250000007,11.892152250000002,750283.7001759381,77,77,4.404170315068541,4.928150016840007,18869.273895923507,24504.261443188305,5634.987547264796,0.0,848.663804970438,1686.7463118650653,False
963652,98,6,12.546505125000003,13.213502500000004,1068580.9191892254,77,77,4.3849493235625,6.0,5146.210460565518,10886.253262068145,5740.042801502627,0.0,867.6721647669311,867.6721647669309,False
963652,98,7,16.745785538934385,10.505609723154441,1193043.9834981998,81,81,4.434422911259988,6.0,-10289.329790833228,0.0,10289.329790833228,882.3645818537824,882.3645818537824,0.0,False
963652,98,8,15.219319500000006,18.231631116395125,1022326.15711463,78,78,4.207821936854066,5.671777855119245,-10344.13739351458,0.0,10344.13739351458,905.0944465987784,905.0944465987784,0.0,False
963652,98,9,13.839492180937503,59.11114176726309,700703.0624541786,76,76,4.259106294205192,6.0,6611.864143136828,12436.403892254742,5824.539749117915,0.0,898.6170684343911,898.6170684343915,False
963652,99,0,13.243533187500002,15.674953987909353,619264.3679418594,64,64,4.222193067973888,6.0,4965.496344929611,9743.071993299523,4777.575648369912,0.0,735.6852476871942,735.6852476871948,False
963652,99,1,16.38759801745418,21.625652074971374,571091.9216848485,62,62,4.112164603500512,6.0,-8266.670836737248,0.0,8266.670836737248,725.9315466039907,725.9315466039907,0.0,False
963652,99,2,14.56449285087071,12.986527560806254,880618.3500294671,67,67,4.1052210081448,6.0,-8865.172780254836,0.0,8865.172780254836,824.3776995174601,744.1637700922654,0.0,False
963652,99,3,13.117704606875005,11.886162750000004,976720.1340937739,66,66,4.520100949470923,6.0,4594.105084214022,9531.893338039823,4937.788253825801,0.0,726.6433895030799,726.6433895030801,False
963652,99,4,13.63585393884657,56.40038231575221,480365.0261079451,68,68,4.299623348503275,6.0,5694.398536898183,10955.920280408394,5261.521743510211,0.0,803.4641856346501,803.4641856346501,False
963652,99,5,13.801155637500006,13.081367475000004,744671.5739254374,77,77,4.4541703150685406,4.8281500168400076,-4404.860954927166,4193.497057697581,8598.358012624747,562.0006287277571,865.8517820545948,303.85115332683887,False
963652,99,6,13.801155637500004,13.874177625000005,1073467.392350015,77,77,4.4349493235625,6.0,6254.784837909857,12093.537210058232,5838.752372148375,0.0,876.2698956309206,876.2698956309214,False
963652,99,7,15.071206985040947,10.0,1199394.8987924047,81,81,4.484422911259988,6.0,7460.915294204875,16672.148425939013,9211.233131734138,658.250440552202,882.1110231784187,1106.2251644799978,False
963652,99,8,13.697387550000006,17.320049560575367,1039273.1977373369,79,79,4.257821936854066,5.671777855119245,19015.324537996592,24950.22573366572,5934.901195669128,0.0,916.437261005253,1821.5317076040321,False
963652,99,9,14.531466789984378,65.0222559439894,702811.7297911346,76,76,4.309106294205192,5.9,7250.358788697847,13167.099808747964,5916.741020050117,0.0,906.1094794520815,906.1094794520822,False
963652,100,0,12.581356528125001,14.891206288513885,622008.813167952,65,65,4.2721930679738875,6.0,4512.373634843648,9397.1337354262,4884.760100582552,0.0,746.9094222407083,746.9094222407076,False
963652,100,1,14.748838215708764,20.544369471222804,557923.01040659,62,62,4.112164603500512,5.9,-11895.160371040485,0.0,11895.160371040485,1451.7579652911086,725.8264186871178,0.0,False
963652,100,2,13.108043565783639,12.33720118276594,895396.1590004308,66,66,4.1052210081448,6.0,15692.064249023893,20326.22996969076,4634.165720666867,0.0,726.29077878612,1550.668478303581,False
963652,100,3,14.429475067562507,13.074779025000005,966123.9165456473,67,67,4.570100949470922,6.0,-8920.207353448517,0.0,8920.207353448517,753.6846386675023,753.6846386675023,0.0,False
963652,100,4,13.63585393884657,59.22040143153983,481218.73775102274,69,69,4.3496233485032745,6.0,5739.919341854614,11116.292786753964,5376.37344489935,0.0,815.2252757038759,815.2252757038749,False
963652,100,5,12.421040073750007,12.427299101250004,755357.6243293318,77,77,4.50417031506854,4.8281500168400076,11842.952434691073,17607.751642268904,5764.79920757783,0.0,855.5740298936481,1417.5746586214007,False
963652,100,6,15.181271201250006,13.180468743750005,1062136.6717001337,77,77,4.4349493235625,6.0,-10215.82455661886,0.0,10215.82455661886,875.8958411805608,875.8958411805608,0.0,False
963652,100,7,13.564086286536853,10.0,1213455.9217084239,81,81,4.484422911259988,6.0,14971.022916019218,20888.62980915422,5917.606893135001,0.0,881.7449095133145,1539.9953500655186,False
963652,100,8,13.012518172500005,15.58804460451783,1043247.305423665,80,80,4.307821936854066,5.771777855119245,6021.151254689628,12074.050920477059,6052.89966578743,0.0,927.8796586808027,927.8796586808036,False
963652,100,9,13.804893450485158,65.0222559439894,701151.006107369,76,76,4.3591062942051915,5.800000000000001,3480.96776797627,10258.15596019151,6777.188192215241,163.02833963850395,906.1094794520815,743.081139813578,False
963652,101,0,13.839492180937503,16.380326917365274,611900.3853828384,65,65,4.322193067973887,6.0,-8743.706535482908,1.1832913578315177e-30,8743.706535482908,754.598202326169,754.598202326169,8.550106769534373e-32,False
963652,101,1,13.273954394137888,18.489932524100524,543711.8065274245,62,62,4.1621646035005115,6.0,-12764.828062667726,2031.651691239521,14796.479753907246,2024.6340145719507,725.9315466039907,153.05549732314503,False
963652,101,2,12.452641387494456,11.720341123627643,898794.8582712532,66,66,4.1552210081447996,6.0,4372.241784982644,9041.23972285719,4668.997937874546,0.0,726.0499553080246,726.0499553080232,False
963652,101,3,12.986527560806257,11.767301122500005,978916.9642076131,68,68,4.620100949470922,6.0,14393.224138298658,19590.179279522563,5196.955141223905,0.0,754.8155503011267,1508.5001889686303,False
963652,101,4,14.999439332731228,65.14244157469382,466942.35133414954,69,69,4.399623348503274,6.0,-9581.557948217735,0.0,9581.557948217735,822.9708703006837,822.9708703006837,0.0,False
963652,101,5,12.421040073750007,11.805934146187504,759368.1603430117,77,77,4.50417031506854,4.728150016840008,4919.59294293445,10747.349814853322,5827.756871918872,0.0,865.2536141128967,865.2536141128973,False
963652,101,6,13.663144081125006,12.521445306562503,1078740.410448937,78,78,4.4349493235625,6.0,18180.411482708972,24089.557293489794,5909.145810780821,0.0,887.2091330814302,1763.104974261992,False
963652,101,7,12.88588197221001,11.0,1217763.7268512442,81,81,4.534422911259988,6.0,5398.805142820371,11358.892746290394,5960.087603470023,0.0,881.4990522796367,881.4990522796378,False
963652,101,8,12.361892263875005,16.36744683474372,1046863.0085379542,81,81,4.307821936854066,5.671777855119245,5441.46630789885,11519.390251755316,6077.923943856466,0.0,931.8468407476947,931.8468407476968,False
963652,101,9,13.1146487779609,61.77114314678993,704445.7126329665,75,75,4.3591062942051915,5.800000000000001,7927.542261606784,13765.543674390656,5838.001412783871,0.0,886.602794786048,1049.6311344245514,False
963652,102,0,12.455542962843753,15.561310571497009,624033.664361668,66,66,4.372193067973887,6.0,13860.325476548764,18943.04804900623,5082.7225724574655,0.0,766.2546505374459,1520.8528528636139,False
963652,102,1,11.9465589547241,17.565435897895497,570659.3733988381,61,61,4.1621646035005115,6.0,28119.058461186025,32720.53918966345,4601.480728477426,0.0,714.2750983927139,2738.909112964664,False
963652,102,2,12.452641387494456,11.13432406744626,901986.2224988658,67,67,4.1552210081447996,5.9,4437.3639401276705,9170.013537459252,4732.649597331581,0.0,736.3910396286053,736.3910396286062,False
963652,102,3,13.635853938846571,12.355666178625006,982937.2500878888,67,67,4.670100949470922,6.0,5048.115514243777,10273.481806715203,5225.366292471425,0.0,753.4168269027534,753.416826902754,False
963652,102,4,13.499495399458105,61.88531949595912,462167.2657501349,69,69,4.399623348503274,6.0,-404.9985387919569,9635.508423480444,10040.5069622724,924.5361533711925,815.3333268647394,713.7680437942317,False
963652,102,5,13.663144081125008,10.625340731568754,748373.2099581714,77,77,4.55417031506854,4.8281500168400076,-9876.799148508606,0.0,9876.799148508606,837.5157094480828,837.5157094480828,0.0,False
963652,102,6,12.979986877068756,13.773589837218754,1083027.7253760903,78,78,4.4849493235625,6.0,5561.654934449582,11514.360744378118,5952.705809928537,0.0,887.0856999647754,887.085699964774,False
963652,102,7,14.174470169431013,11.55,1205367.6340158242,82,82,4.5844229112599875,5.9,-10748.992835416138,1.7763568394002503e-15,10748.992835416138,910.6187607466043,910.6187607466043,1.253208633668144e-16,False
963652,102,8,11.743797650681254,15.549074493006534,1049768.4743108419,82,82,4.357821936854066,5.671777855119245,4880.489881313569,11077.704078632727,6197.214197319158,0.0,943.2812458234177,943.2812458234167,False
963652,102,9,14.426113655756991,67.94825746146893,688991.8222689301,75,75,4.3591062942051915,5.800000000000001,-10357.77105442961,1.9721522630525295e-31,10357.77105442961,894.2403382219921,894.2403382219921,1.3670710699450977e-32,False
963652,103,0,11.832765814701565,14.783245042922157,626251.6381076697,67,67,4.422193067973887,6.0,4008.451163875736,9203.760746931554,5195.309583055818,0.0,777.8199020466025,777.8199020466021,False
963652,103,1,11.349231006987894,16.687164103000722,572910.7349993541,61,61,4.212164603500511,6.0,3469.2786108008577,8106.47309419792,4637.194483397062,0.0,714.2750983927139,714.2750983927141,False
963652,103,2,11.830009318119732,10.577607864073945,905018.3119991944,67,67,4.205221008144799,5.9,3940.789227219857,8708.874439862968,4768.085212643111,0.0,736.1680118479536,736.1680118479535,False
963652,103,3,13.635853938846571,13.591232796487507,986734.8442550071,66,66,4.720100949470922,6.0,4994.615531682856,10242.2713430206,5247.655811337744,0.0,751.1279740128233,751.1279740128232,False
963652,103,4,12.149545859512296,61.88531949595912,473277.20988284476,69,69,4.449623348503274,6.0,15680.03117793259,21138.624039692266,5458.5928617596755,0.0,815.3333268647394,1739.869480235931,False
963652,103,5,12.296829673012507,10.094073694990316,744562.6665530163,77,77,4.60417031506854,4.8281500168400076,-2833.299730639016,8012.354511350518,10845.654241989534,1023.219446646581,837.282617642371,651.5788804438756,False
963652,103,6,14.277985564775632,13.084910345357816,1070838.0734647233,79,79,4.5349493235625,6.0,-10455.943994091234,1.9721522630525293e-31,10455.943994091234,889.1191201977251,889.1191201977251,1.3812538569291657e-32,False
963652,103,7,12.757023152487912,10.9725,1220715.8584205126,83,83,4.634422911259987,6.0,17058.9419046816,23372.758930756012,6313.817026074413,0.0,921.529590116723,1832.1483508633273,False
963652,103,8,12.330987533215318,13.99416704370588,1054054.5287643746,82,82,4.357821936854066,5.671777855119245,5433.576151107473,11629.939965006808,6196.363813899335,0.0,943.1474919328135,943.1474919328127,False
963652,103,9,12.983502290181292,64.55084458839548,672111.157502534,75,75,4.3591062942051915,5.9,-11939.351422263666,2086.2123774963065,14025.563799759973,1627.7988872880646,894.2403382219921,160.68178915591935,False
963652,104,0,12.424404105436643,13.304920538629942,629498.5107025431,67,67,4.472193067973887,6.0,4338.3022709648585,9473.068245094288,5134.765974129429,0.0,762.4565463827012,762.4565463827021,False
963652,104,1,10.781769456638498,16.687164103000722,574256.5794294003,62,62,4.262164603500511,6.0,3080.448604434072,7825.693111822083,4745.244507388011,0.0,725.8264186871178,725.8264186871187,False
963652,104,2,13.013010249931707,10.0,895992.8853369545,67,67,4.205221008144799,5.9,-8355.426662239943,0.0,8355.426662239943,727.8238114457505,727.8238114457505,0.0,False
963652,104,3,13.635853938846571,14.95035607613626,976574.5083037155,65,65,4.770100949470922,6.0,-8988.562806343636,2.1316282072803012e-14,8988.562806343636,746.6854230114901,746.6854230114901,1.5632524496376435e-15,False
963652,104,4,11.542068566536681,68.07385144555504,472471.0482061437,69,69,4.449623348503274,6.0,3990.934073043508,9498.786213272857,5507.852140229349,0.0,822.9708703006837,822.9708703006836,False
963652,104,5,11.067146705711256,10.0,757985.2071667674,78,78,4.65417031506854,4.8281500168400076,14902.540613751175,20799.88722724121,5897.346613490036,0.0,856.2069114143725,1879.426358060956,False
963652,104,6,12.850187008298068,12.430664828089924,1075789.8790581918,79,79,4.584949323562499,6.0,6233.8281148841015,15245.884163180155,9012.056048296054,591.6521451132577,888.9658879808698,1186.4328630653433,False
963652,104,7,12.119171994863516,10.0,1224493.411667291,83,83,4.684422911259987,5.9,4807.553246778371,11166.550311262066,6358.997064483695,0.0,921.3954811430009,921.3954811430021,False
963652,104,8,12.947536909876083,15.39358374807647,1041791.3119603246,82,82,4.357821936854066,5.671777855119245,-11000.942936711948,0.0,11000.942936711948,950.9695606042962,950.9695606042962,0.0,False
963652,104,9,11.685152061163164,61.3233023589757,690211.4730180841,76,76,4.409106294205191,6.0,23560.886494831866,29518.596123744428,5957.709628912562,0.0,898.3638848552737,2526.1627721433424,False
963652,105,0,12.424404105436643,14.635412592492937,629450.6227259121,67,67,4.472193067973887,5.9,932.6846670625655,7169.6350633265665,6236.950396264001,200.66802042881363,777.7286989517604,577.0606785229477,False
963652,105,1,10.781769456638498,15.01844769270065,576406.3594135278,62,62,4.262164603500511,6.0,3080.9237410773612,7826.826576785254,4745.902835707892,0.0,725.9315466039907,725.9315466039907,False
963652,105,2,11.711709224938536,10.0,907317.125913387,67,67,4.255221008144799,6.0,12294.240576432589,17045.58397995736,4751.343403524771,0.0,727.607129723883,1455.4309411696322,False
963652,105,3,12.272268544961914,14.202838272329446,988132.386173844,66,66,4.770100949470922,6.0,13095.265196101735,18379.135199595166,5283.870003493432,0.0,750.9297189860563,1497.615141997547,False
963652,105,4,10.964965138209847,74.88123659011055,470479.08910029195,69,69,4.499623348503274,6.0,3474.8462188648264,9023.84690260921,5549.000683744383,0.0,822.9708703006837,822.9708703006834,False
963652,105,5,11.067146705711256,10.0,760439.7390572162,78,78,4.70417031506854,4.928150016840007,3534.5318904487394,9473.031391459108,5938.4995010103685,0.0,855.9596834991357,855.9596834991356,False
963652,105,6,11.565168307468262,12.430664828089924,1085776.8856720186,79,79,4.584949323562499,6.0,11069.029135242592,17121.803314971392,6052.7741797288,0.0,888.8108157167126,1480.4629608299695,False
963652,105,7,12.119171994863516,10.0,1228020.2457786025,84,84,4.684422911259987,5.9,4866.834111311438,11298.743165472759,6431.9090541613205,0.0,932.3032275027958,932.3032275027964,False
963652,105,8,12.300160064382279,14.623904560672646,1023934.6357534719,83,83,4.407821936854066,5.771777855119245,-15842.892128315276,1.7763568394002505e-15,15842.892128315276,1905.4062958165562,954.4367352122599,1.4441737587985285e-16,False
963652,105,9,11.100894458105005,67.45563259487328,688767.7229323864,75,75,4.459106294205191,6.0,3915.422358918375,9842.084051180851,5926.661692262476,0.0,886.602794786048,886.6027947860481,False
963652,106,0,11.803183900164811,13.90364196286829,634547.6060800274,66,66,4.522193067973887,5.9,6214.623723667413,11411.689691207104,5197.065967539691,0.0,766.1634538353255,966.8314742641398,False
963652,106,1,11.859946402302349,15.01844769270065,578889.6431882893,63,63,4.262164603500511,6.0,3929.4459794039803,8749.002684852208,4819.556705448228,0.0,737.6932734834093,737.6932734834097,False
963652,106,2,11.711709224938536,11.0,910157.1736806058,67,67,4.305221008144799,6.0,3777.0477672188017,8615.209199693818,4838.161432475016,0.0,735.6064801667776,735.6064801667778,False
963652,106,3,11.658655117713819,13.492696358712973,989871.2063904735,67,67,4.8201009494709215,6.0,3442.8308726627756,8777.52058151677,5334.6897088539945,0.0,752.8759100336081,752.8759100336079,False
963652,106,4,12.061461652030832,78.62529841961607,469103.12899112364,68,68,4.549623348503274,6.0,4270.560183365709,9782.850520170712,5512.290336805003,0.0,811.0833332147218,811.0833332147217,False
963652,106,5,12.173861376282382,10.0,763644.3549038197,79,79,4.70417031506854,4.928150016840007,4494.615846603539,10448.780724878228,5954.16487827469,0.0,858.2963450885812,858.2963450885825,False
963652,106,6,12.72168513821509,13.673731310898917,1089218.6335471962,80,80,4.634949323562499,6.0,5335.646380056941,11569.871344515395,6234.224964458454,0.0,909.4605957319508,909.4605957319503,False
963652,106,7,13.331089194349868,11.0,1216269.1877399478,85,85,4.734422911259987,5.9,-10116.058038654728,837.748973838314,10953.807012493042,880.3674599003585,943.2092098597975,62.841749959439035,False
963652,106,8,11.070144057944052,13.892709332639013,1047777.4744197843,83,83,4.4578219368540655,5.8717778551192445,25295.933540921116,31660.414472795244,6364.480931874128,0.0,954.5758604296793,2859.982156246232,False
963652,106,9,10.545849735199754,70.82841422461695,686635.0877456822,75,75,4.509106294205191,6.0,3379.4958801460907,9351.306624155153,5971.810744009063,0.0,886.728604992591,886.7286049925901,False
963652,107,0,11.21302470515657,13.208459864724876,636989.4538956684,65,65,4.522193067973887,5.9,3300.397706847808,8367.396018572837,5066.998311725029,0.0,746.2211346707279,746.2211346707277,False
963652,107,1,13.045941042532585,13.516602923430586,582251.7347050917,64,64,4.262164603500511,6.0,4827.154103899778,9667.764944883696,4840.610840983918,0.0,741.0553913561846,741.0553913561847,False
963652,107,2,12.88288014743239,12.100000000000001,913362.8854859631,68,68,4.355221008144799,6.0,4728.511805355694,9726.829409865984,4998.31760451029,0.0,755.019785836056,755.0197858360563,False
963652,107,3,11.075722361828127,12.818061540777324,991590.7844817546,68,68,4.8201009494709215,5.9,3091.206276057829,8565.7259932179,5474.519717160071,0.0,773.3785403234023,773.378540323402,False
963652,107,4,13.267607817233916,70.76276857765447,468756.4074361747,69,69,4.599623348503274,6.0,5235.909476910113,10816.089240735431,5580.179763825318,0.0,815.2252757038759,815.2252757038768,False
963652,107,5,11.565168307468262,10.0,766580.6736143543,79,79,4.7541703150685395,4.8281500168400076,3926.3187105346115,9919.2663254022,5992.947614867589,0.0,857.684562964534,857.6845629645345,False
963652,107,6,12.085600881304336,12.306358179809026,1092543.2217146894,79,79,4.684949323562499,6.0,4596.790463695561,10734.277972880562,6137.487509185001,0.0,888.1873626561517,888.1873626561518,False
963652,107,7,11.997980274914882,10.45,1230106.6519577461,86,86,4.734422911259987,6.0,15336.164217794209,21899.517159349125,6563.3529415549165,0.0,944.8995148367294,1825.2669747370867,False
963652,107,8,11.623651260841255,14.587344799270964,1050675.410145237,84,84,4.507821936854065,5.8717778551192445,4823.272688594685,11413.353773660654,6590.081085065969,0.0,981.9077945078176,981.9077945078179,False
963652,107,9,11.60043470871973,77.91125564707865,684381.827781927,76,76,4.559106294205191,6.0,4367.995465422767,10511.263855335903,6143.268389913136,0.0,906.1094794520815,906.1094794520823,False
963652,108,0,11.21302470515657,14.529305851197364,639383.0568904595,65,65,4.522193067973887,5.9,3338.007875119384,8457.299851968044,5119.29197684866,0.0,754.2389385870838,754.2389385870842,False
963652,108,1,13.045941042532585,14.868263215773645,585508.2839754362,65,65,4.312164603500511,6.0,4922.986379368805,9925.214903117545,5002.22852374874,0.0,760.7894954269077,760.7894954269073,False
963652,108,2,12.23873614006077,11.495000000000001,916082.4243105036,69,69,4.405221008144799,5.9,4212.693824540264,9257.84782659612,5045.154002055856,0.0,756.438223738856,756.4382237388568,False
963652,108,3,10.52193624373672,12.177158463738456,992954.6091860326,69,69,4.8201009494709215,5.9,2704.048638276383,8254.342020020882,5550.293381744499,0.0,784.4888838719543,784.4888838719542,False
963652,108,4,14.594368598957308,74.3009070065372,469947.1632537067,69,69,4.599623348503274,6.0,6317.51840098364,11897.698164808959,5580.179763825318,0.0,815.2252757038759,815.2252757038758,False
963652,108,5,12.72168513821509,11.0,770329.7221796701,78,78,4.804170315068539,4.8281500168400076,4807.048565315839,10764.332194072846,5957.283628757006,0.0,846.1404347870167,846.1404347870168,False
963652,108,6,11.48132083723912,11.691040270818574,1095119.2836077097,80,80,4.684949323562499,6.0,4111.3451146786365,10320.288234667018,6208.943119988381,0.0,898.8763907018124,898.876390701813,False
963652,108,7,11.398081261169137,11.495000000000001,1232655.7298503711,87,87,4.784422911259987,6.0,4249.142892634721,10991.64445798252,6742.501565347799,0.0,964.3416471708043,964.341647170804,False
963652,108,8,12.78601638692538,13.857977559307415,1054831.2405050385,85,85,4.507821936854065,5.971777855119244,5933.7584523440055,12491.861586769037,6558.103134425031,0.0,976.9940229032436,976.9940229032446,False
963652,108,9,12.760478179591704,85.70238121178652,683287.5686607866,76,76,4.559106294205191,6.0,5419.121850956354,11562.39024086949,6143.268389913136,0.0,906.1094794520815,906.109479452082,False
963652,109,0,12.334327175672229,13.802840558637495,641936.2995759918,66,66,4.5721930679738865,5.9,4164.230162406205,9341.997545863676,5177.767383457472,0.0,757.3982279543784,757.3982279543782,False
963652,109,1,13.045941042532585,14.124850054984963,589393.251439591,64,64,4.312164603500511,6.0,4788.957867672953,9665.549605727034,4876.59173805408,0.0,740.8855807500017,740.8855807500015,False
963652,109,2,13.462609754066847,12.644500000000003,920137.3056538821,69,69,4.4552210081447985,6.0,5227.351843382139,10427.039588461545,5199.687745079405,0.0,774.5184461958945,774.5184461958943,False
963652,109,3,11.574129868110393,10.95944261736461,995594.0035655807,69,69,4.8201009494709215,5.9,3395.5959201467886,8753.815941224158,5358.22002107737,0.0,756.3260513728211,756.3260513728205,False
963652,109,4,16.05380545885304,66.87081630588348,472599.6038822816,69,69,4.649623348503273,6.0,7466.5269536793385,13087.46798128985,5620.941027610512,0.0,815.2252757038759,815.2252757038754,False
963652,109,5,12.085600881304336,10.45,773329.2628155891,79,79,4.804170315068539,4.8281500168400076,4325.090635915341,10354.853423052431,6029.76278713709,0.0,856.7926017704873,856.7926017704868,False
963652,109,6,10.907254795377163,12.860144297900431,1097447.6823127132,79,79,4.734949323562499,6.0,3544.3501045317807,9788.492455578133,6244.142351046352,0.0,897.4295218377769,897.4295218377774,False
963652,109,7,10.82817719811068,12.06975,1234737.7276898965,88,88,4.784422911259987,6.0,3744.1358395274483,10561.423552043607,6817.2877125161585,0.0,975.3648613994218,975.3648613994222,False
963652,109,8,11.507414748232843,15.243775315238157,1057595.3885158782,86,86,4.557821936854065,5.971777855119244,4775.11268795978,11566.746457998168,6791.633770038388,0.0,1005.1559547529502,1005.1559547529506,False
963652,109,9,12.122454270612119,94.27261933296518,680863.8519303914,76,76,4.559106294205191,6.0,4841.00233891287,10984.270728826006,6143.268389913136,0.0,906.1094794520815,906.1094794520812,False
963652,110,0,13.567759893239453,14.49298258656937,645976.5292334836,66,66,4.5721930679738865,6.0,5096.766508208213,10272.971152869115,5176.204644660902,0.0,757.1604475391645,757.1604475391648,False
963652,110,1,12.393643990405955,14.83109255773421,592456.3828205497,63,63,4.362164603500511,6.0,4197.490212097095,9036.079648775654,4838.58943667856,0.0,729.0898186014196,729.0898186014198,False
963652,110,2,14.808870729473533,13.908950000000004,925447.7362696553,68,68,4.4552210081447985,5.9,6256.239215770062,11445.250295901642,5189.01108013158,0.0,772.864488115396,772.8644881153966,False
963652,110,3,12.731542854921434,10.411470486496379,998408.5727134834,70,70,4.870100949470921,5.800000000000001,4243.372081961181,9651.376400957804,5408.004318996624,0.0,758.0680920558673,758.0680920558675,False
963652,110,4,16.856495731795693,73.55789793647183,474849.05167395185,70,70,4.699623348503273,6.0,8198.500647224915,13938.275974236421,5739.775327011506,0.0,826.8786226988593,826.8786226988592,False
963652,110,5,12.085600881304336,11.495000000000001,776149.4976523266,80,80,4.854170315068539,4.8281500168400076,4439.834836737138,10718.902082709867,6279.067245972728,0.0,886.9151139428521,886.9151139428519,False
963652,110,6,10.361892055608305,12.21713708300541,1098784.3226091512,80,80,4.784949323562499,6.0,3014.0112630737594,9310.531442149202,6296.520179075443,0.0,898.5358457879255,898.5358457879263,False
963652,110,7,11.91099491792175,10.862775000000001,1238069.8315538866,89,89,4.784422911259987,5.9,4798.890838994096,11614.342547248389,6815.4517082542925,0.0,975.0942408490993,975.0942408490993,False
963652,110,8,10.932044010821201,16.768152846761975,1059882.9532791595,87,87,4.557821936854065,5.971777855119244,4246.3940609459905,11112.416046044758,6866.021985098768,0.0,1016.4993879502329,1016.4993879502327,False
963652,110,9,13.334699697673331,103.6998812662617,678298.8040094285,77,77,4.559106294205191,6.0,6019.8429365360635,12240.955557184076,6221.112620648012,0.0,917.9775949000121,917.9775949000116,False
963652,111,0,13.567759893239453,13.768333457240901,649730.6686318595,67,67,4.5721930679738865,6.0,5176.617740014556,10427.840996498524,5251.223256483968,0.0,768.5749953236216,768.5749953236209,False
963652,111,1,13.633008389446552,14.0895379298475,596669.8401079432,63,63,4.362164603500511,6.0,5101.098176974663,9939.687613653223,4838.58943667856,0.0,729.0898186014196,729.0898186014199,False
963652,111,2,16.289757802420887,13.213502500000004,931208.5410788239,69,69,4.505221008144798,5.9,7372.536481666779,12607.115475155679,5234.5789934889,0.0,773.9289698513554,773.9289698513555,False
963652,111,3,14.00469714041358,10.0,1002243.0294073633,71,71,4.920100949470921,5.800000000000001,5244.456693879855,10762.500082836677,5518.043388956822,0.0,768.4921690865528,768.492169086553,False
963652,111,4,18.542145304975264,69.88000303964824,479239.62940789864,69,69,4.749623348503273,6.0,9412.297943683781,15114.038018702333,5701.740075018552,0.0,815.1180874764754,815.1180874764748,False
963652,111,5,13.29416096943477,12.644500000000003,780106.7074799497,81,81,4.854170315068539,4.928150016840007,5581.414327627343,11934.652832200138,6353.238504572795,0.0,897.736446823508,897.7364468235083,False
963652,111,6,10.87998665838872,13.438850791305953,1100983.4266455693,80,80,4.8349493235624985,6.0,3474.2120997134407,9882.573463735422,6408.361364021981,0.0,908.3258807230002,908.3258807229997,False
963652,111,7,13.102094409713926,10.31963625,1243108.9730234747,89,89,4.784422911259987,5.9,5957.589095830438,12770.10266987431,6812.513574043872,0.0,974.6611702329463,974.6611702329457,False
963652,111,8,10.932044010821201,18.444968131438173,1061806.2203411576,88,88,4.607821936854065,5.8717778551192445,4246.4242575587905,11240.982734686682,6994.558477127892,0.0,1028.2599231726167,1028.2599231726176,False
963652,111,9,13.334699697673331,108.88487532957478,675934.5115455884,77,77,4.559106294205191,5.9,6019.842936536071,12240.955557184083,6221.112620648012,0.0,917.9775949000121,917.977594900012,False
963652,112,0,12.88937189857748,12.39150011151681,653444.2109457819,67,67,4.5721930679738865,6.0,4543.772821396437,9679.044038001475,5135.271216605038,0.0,750.9321721929438,750.9321721929439,False
963652,112,1,14.996309228391208,13.385061033355125,601691.356541402,63,63,4.362164603500511,6.0,5964.775278556974,10707.357870085742,4742.582591528768,0.0,713.9995386207714,713.9995386207715,False
963652,112,2,15.475269912299842,13.874177625000005,936478.3491403544,70,70,4.555221008144798,5.9,6941.000495284372,12388.823345678793,5447.822850394421,0.0,800.556204569465,800.5562045694646,False
963652,112,3,15.405166854454938,10.0,1007193.1547993416,72,72,4.970100949470921,5.700000000000001,6370.125391978316,11999.180451964578,5629.055059986262,0.0,778.9062309633213,778.9062309633211,False
963652,112,4,17.6150380397265,66.38600288766582,482636.80793430854,70,70,4.799623348503273,6.0,8744.198728547524,14567.393422842382,5823.194694294858,0.0,826.9862029244061,826.9862029244056,False
963652,112,5,12.62945292096303,12.012275000000002,783871.6619834711,81,81,4.904170315068539,4.928150016840007,4937.9487785203155,11333.847894571094,6395.8991160507785,0.0,897.4140024512519,897.4140024512524,False
963652,112,6,10.335987325469283,14.782735870436548,1102116.92192452,81,81,4.884949323562498,6.0,3030.8968844574765,9676.656481093332,6645.759596635856,0.0,936.2101729022762,936.2101729022761,False
963652,112,7,14.41230385068532,10.8356180625,1249027.1950099939,89,89,4.834422911259987,6.0,7182.591994073729,14040.885555572768,6858.293561499038,0.0,974.2290823895653,974.2290823895661,False
963652,112,8,10.38544181028014,16.600471318294357,1063557.0481420723,89,89,4.607821936854065,5.8717778551192445,3728.2697482374588,10799.608815167438,7071.339066929979,0.0,1039.8795749331848,1039.8795749331848,False
963652,112,9,14.001434682556999,119.77336286253227,673029.9947959445,76,76,4.609106294205191,6.0,6498.258827908307,12686.832691794047,6188.57386388574,0.0,906.1094794520815,906.1094794520818,False
963652,113,0,14.17830908843523,13.630650122668493,657441.6992173244,68,68,4.622193067973886,6.0,5624.372479882661,10928.862532329196,5304.490052446536,0.0,770.815649747931,770.8156497479309,False
963652,113,1,16.49594015123033,14.054314085022883,607571.6106540234,63,63,4.412164603500511,6.0,7065.6758999794065,11885.841194797315,4820.165294817908,0.0,720.5312995701453,720.5312995701445,False
963652,113,2,13.927742921069857,13.180468743750005,940605.931663723,71,71,4.555221008144798,6.0,5663.395804177213,11076.788969849216,5413.393165672003,0.0,795.3039507278875,795.3039507278869,False
963652,113,3,14.63490851173219,10.0,1011570.1419538388,73,73,5.020100949470921,5.600000000000001,5806.987154497174,11544.836388631029,5737.849234133855,0.0,788.8560683092772,788.856068309277,False
963652,113,4,16.734286137740174,63.066702743282534,486236.8990264198,70,70,4.799623348503273,6.0,8014.760284141823,13837.223473423215,5822.463189281392,0.0,826.8786226988593,826.8786226988597,False
963652,113,5,13.892398213059336,11.411661250000002,788234.8378437345,82,82,4.954170315068539,5.028150016840007,6098.932082767547,12612.337631077631,6513.405548310084,0.0,907.8589195076192,907.8589195076194,False
963652,113,6,11.369586058016212,16.261009457480206,1104133.6143829767,82,82,4.934949323562498,5.9,4050.095233973372,10896.455879238418,6846.360645265046,0.0,958.3863320649034,958.3863320649031,False
963652,113,7,14.41230385068532,10.293837159375,1254510.0138685778,90,90,4.884422911259986,6.0,7209.2642029306035,14185.209338711114,6975.945135780511,0.0,984.243011087821,984.243011087821,False
963652,113,8,11.423985991308156,15.770447752379638,1066448.5655243844,90,90,4.607821936854065,5.771777855119245,4810.857680031618,11885.801084408577,7074.943404376959,0.0,1040.4250402137907,1040.4250402137914,False
963652,113,9,15.4015781508127,107.79602657627905,671855.0940379782,77,77,4.65910629420519,6.0,7825.393288409599,14138.303668547613,6312.910380138013,0.0,917.9775949000121,917.9775949000117,False
963652,114,0,14.887224542856991,14.993715134935345,662331.7371539528,68,68,4.672193067973886,6.0,6209.610565802704,11615.452967784437,5405.842401981733,0.0,780.229581030779,780.2295810307787,False
963652,114,1,15.671143143668811,15.459745493525173,612742.0306353248,64,64,4.412164603500511,6.0,6659.843692884396,11610.523989013476,4950.6802961290805,0.0,740.8855807500017,740.8855807500018,False
963652,114,2,15.320517213176844,12.521445306562503,945984.982583774,72,72,4.555221008144798,6.0,6780.594982126311,12201.107992275887,5420.513010149576,0.0,796.3900841273147,796.3900841273152,False
963652,114,3,14.63490851173219,10.0,1015876.5494822016,74,74,5.070100949470921,5.700000000000001,5846.407528362828,11697.405422932896,5850.997894570068,0.0,799.2810760351238,799.2810760351236,False
963652,114,4,18.40771475151419,66.22003788044667,490327.0811747496,71,71,4.849623348503273,6.0,9491.804837843192,15435.41858787238,5943.613750029188,0.0,838.5298662128974,838.5298662128978,False
963652,114,5,15.28163803436527,12.552827375000003,794643.9791357137,82,82,4.954170315068539,5.028150016840007,7438.4731367299455,14017.272182303654,6578.799045573708,0.0,917.2624132819848,917.2624132819848,False
963652,114,6,11.938065360917024,17.887110403228228,1107012.5287358142,82,82,4.984949323562498,5.9,4545.657405905993,11438.0458412367,6892.388435330708,0.0,958.1155317412415,958.1155317412407,False
963652,114,7,15.853534235753852,11.3232208753125,1262114.6696422144,90,90,4.884422911259986,6.0,8623.745652417927,15596.590200209806,6972.844547791879,0.0,983.7926337608325,983.7926337608324,False
963652,114,8,10.852786691742747,14.981925364760656,1068951.8673667223,89,89,4.657821936854065,5.771777855119245,4036.6931998065993,10960.74228568298,6924.049085876381,0.0,1009.9472694899991,1009.9472694899985,False
963652,114,9,16.941735965893972,113.185827905093,671641.3621905711,78,78,4.70910629420519,6.0,9314.762729189075,15753.193764262001,6438.431035072926,0.0,929.8453119547685,929.8453119547685,False
963652,115,0,14.887224542856991,14.244029378188577,667571.7409749388,68,68,4.672193067973886,6.0,6208.597818701552,11613.617674329253,5405.019855627701,0.0,780.1063012716875,780.1063012716872,False
963652,115,1,15.671143143668811,17.00572004287769,618075.68298146,64,64,4.4621646035005105,6.0,6622.01842887805,11609.194967864556,4987.176538986506,0.0,740.800773844932,740.800773844932,False
963652,115,2,14.554491352518001,13.773589837218754,951139.4509011164,72,72,4.555221008144798,6.0,6246.166785624181,11728.654577132864,5482.487791508683,0.0,805.84434681077,805.8443468107696,False
963652,115,3,16.09839936290541,10.0,1022048.7318120364,74,74,5.070100949470921,5.800000000000001,7012.182329834731,12860.074634994406,5847.892305159675,0.0,798.8418193070249,798.8418193070247,False
963652,115,4,18.40771475151419,62.90903598642433,495109.1688093108,71,71,4.8996233485032725,6.0,9448.629189596071,15433.420507830626,5984.791318234555,0.0,838.4213204173591,838.421320417359,False
963652,115,5,14.517556132647007,13.180468743750003,799795.4015788286,83,83,4.954170315068539,5.028150016840007,6745.401348848901,13331.364600141285,6585.9632512923845,0.0,918.2926160803189,918.2926160803181,False
963652,115,6,13.131871897008727,19.67582144355105,1110839.8498327967,82,82,5.034949323562498,5.9,5640.73845535393,12580.089095060715,6939.350639706786,0.0,957.9814053719408,957.9814053719408,False
963652,115,7,17.43888765932924,10.757059831546876,1270929.0292611648,91,91,4.884422911259986,5.9,10293.252063629541,17337.747416526752,7044.49535289721,0.0,994.2003042408287,994.2003042408281,False
963652,115,8,11.938065360917022,14.232829096522622,1072111.3360868911,90,90,4.707821936854065,5.771777855119245,5140.423338853361,12189.551748372069,7049.1284095187075,0.0,1021.0659248255052,1021.0659248255052,False
963652,115,9,16.941735965893972,124.50441069560232,670641.6897633217,79,79,4.70910629420519,6.0,9436.176017705628,15954.212656061574,6518.036638355948,0.0,941.710618568226,941.710618568226,False
963652,116,0,14.887224542856991,15.668432316007436,671950.4458520774,69,69,4.722193067973886,6.0,6259.826706945695,11778.140842454233,5518.314135508538,0.0,791.1576001656723,791.1576001656722,False
963652,116,1,15.671143143668811,17.00572004287769,623196.8460980447,65,65,4.4621646035005105,5.9,6726.534919370354,11787.053226110522,5060.518306740168,0.0,752.1501857299113,752.1501857299113,False
963652,116,2,13.8267667848921,14.462269329079692,955412.208989399,72,72,4.605221008144798,6.0,5614.041479979043,11131.882024511358,5517.840544532315,0.0,805.0965346920211,805.0965346920204,False
963652,116,3,17.708239299195952,10.0,1029360.2223844155,74,74,5.12010094947092,5.700000000000001,8251.490572379122,14134.781067955604,5883.2904955764825,0.0,798.2036400760295,798.2036400760294,False
963652,116,4,20.248486226665612,56.6181323877819,502079.8162020476,71,71,4.8996233485032725,6.0,10990.534792267235,16974.583653932845,5984.048861665609,0.0,838.3137121420311,838.3137121420315,False
963652,116,5,13.791678326014656,12.521445306562503,804147.2953481639,84,84,5.004170315068539,5.028150016840007,6103.695175089732,12808.608988731023,6704.91381364129,0.0,928.7201083113064,928.720108311306,False
963652,116,6,13.131871897008727,21.643403587906157,1114254.2126419535,83,83,5.034949323562498,5.9,5710.765306949318,12730.916604090695,7020.151297141377,0.0,969.467011553063,969.4670115530624,False
963652,116,7,19.182776425262166,10.757059831546876,1281965.865733977,91,91,4.884422911259986,5.9,12015.72891749108,19053.89989229413,7038.170974803048,0.0,993.2816538069894,993.2816538069892,False
963652,116,8,13.131871897008725,15.656112006174885,1076614.539841729,91,91,4.707821936854065,5.671777855119245,6427.909947399063,13548.597055440536,7120.687108041473,0.0,1031.733873258902,1031.733873258902,False
963652,116,9,18.63590956248337,118.2791901608222,671604.7758238093,80,80,4.75910629420519,5.9,11125.421273351676,17770.73525928709,6645.313985935411,0.0,953.5748818540103,953.5748818540097,False
963652,117,0,14.887224542856991,14.885010700207063,676841.6737088807,69,69,4.772193067973886,6.0,6218.293595117537,11774.517231169704,5556.223636052167,0.0,790.9141960795648,790.9141960795648,False
963652,117,1,14.88758598648537,18.706292047165462,628016.576719418,65,65,4.4621646035005105,6.0,6135.639604439128,11194.974720309396,5059.335115870268,0.0,751.967090599642,751.9670905996414,False
963652,117,2,13.8267667848921,13.016042396171724,959584.4910174296,73,73,4.605221008144798,6.0,5622.453122952747,11147.987416524462,5525.534293571714,0.0,806.2613328160979,806.2613328160982,False
963652,117,3,19.47906322911555,10.0,1038057.3781904078,73,73,5.12010094947092,5.800000000000001,9527.155805992348,15331.051159242756,5803.895353250407,0.0,787.0527950403317,787.0527950403324,False
963652,117,4,22.273334849332176,59.449039007170995,509825.6993392856,72,72,4.949623348503272,6.0,12826.213945755573,18933.87414773242,6107.660201976845,0.0,850.0691196810209,850.0691196810213,False
963652,117,5,13.102094409713922,13.773589837218754,808163.2846808676,84,84,5.054170315068538,5.1281500168400065,5472.970879032517,12289.803720659957,6816.83284162744,0.0,938.0029891670047,938.0029891670043,False
963652,117,6,13.131871897008727,23.807743946696775,1117286.0749537672,84,84,5.084949323562498,5.9,5731.712803343982,12881.675218633825,7149.962415289843,0.0,980.9473713772762,980.9473713772753,False
963652,117,7,21.101054067788382,10.219206839969532,1294494.5115888815,92,92,4.884422911259986,6.0,14068.81288418749,21178.50486780997,7109.6919836224815,0.0,1003.6704706680883,1003.6704706680895,False
963652,117,8,12.475278302158289,14.090500805557397,1080829.4960671363,91,91,4.757821936854064,5.671777855119245,5697.191798710156,12867.454369492167,7170.262570782011,0.0,1031.4362580004354,1031.4362580004351,False
963652,117,9,20.499500518731708,130.10710917690443,673998.7018889356,80,80,4.75910629420519,6.0,12902.494799280415,19547.808785215828,6645.313985935411,0.0,953.5748818540103,953.5748818540112,False
963652,118,0,16.37594699714269,16.373511770227772,682458.3602864435,70,70,4.822193067973886,6.0,7462.832401481982,13134.74663310426,5671.914231622278,0.0,802.0755462506098,802.0755462506099,False
963652,118,1,14.1432066871611,20.57692125188201,632253.4872218494,65,65,4.4621646035005105,6.0,5574.41038380064,10632.49994793161,5058.08956413097,0.0,751.7743453175699,751.7743453175697,False
963652,118,2,13.8267667848921,14.317646635788897,963483.4140350906,74,74,4.655221008144798,6.0,5658.428868711068,11295.07252901991,5636.643660308841,0.0,816.8990411671324,816.8990411671323,False
963652,118,3,21.426969552027106,10.0,1047786.7485372038,74,74,5.17010094947092,5.700000000000001,11169.370346795953,17087.283262387537,5917.912915591584,0.0,797.4661662209244,797.4661662209245,False
963652,118,4,23.387001591798786,56.47658705681244,518825.920732744,73,73,4.999623348503272,6.0,13923.012248606407,20155.44555299953,6232.433304393123,0.0,861.8225587356835,861.8225587356834,False
963652,118,5,14.412303850685316,14.462269329079692,813232.2589921226,83,83,5.104170315068538,5.228150016840006,6569.342665571682,13349.75926344965,6780.416597877968,0.0,926.275174445122,926.2751744451224,False
963652,118,6,14.445059086709602,22.617356749361935,1121718.3204313328,85,85,5.1349493235624974,5.9,7054.720801251854,14335.608359805059,7280.887558553205,0.0,992.4229644027381,992.4229644027386,False
963652,118,7,20.04600136439896,10.0,1306194.5450493132,91,91,4.934422911259986,6.0,12810.03346043171,19890.751478229042,7080.718017797332,0.0,992.255318986177,992.2553189861775,False
963652,118,8,13.722806132374119,15.499550886113138,1085710.6563004213,92,92,4.807821936854064,5.671777855119245,7007.118914817156,14302.548327598057,7295.429412780901,0.0,1042.2466214002861,1042.2466214002864,False
963652,118,9,20.499500518731708,136.61246463574966,675624.5207732634,80,80,4.80910629420519,6.0,12854.8160551877,19547.808785215813,6692.9927300281115,0.0,953.5748818540103,953.5748818540104,False
963652,119,0,15.557149647285556,17.19218735873916,687978.6405834452,69,69,4.822193067973886,6.0,6706.5412247549,12300.701715351375,5594.160490596475,0.0,790.6783693822491,790.6783693822491,False
963652,119,1,14.1432066871611,19.548075189287907,635888.7597052491,66,66,4.51216460350051,6.0,5625.445445889004,10796.753324477417,5171.307878588413,0.0,763.3879333940922,763.3879333940921,False
963652,119,2,13.135428445647495,15.033528967578343,967526.226667418,74,74,4.655221008144798,6.0,5155.293775924443,10855.220126438675,5699.926350514232,0.0,826.4077697469862,826.4077697469867,False
963652,119,3,20.35562107442575,10.0,1056888.2265215868,73,73,5.22010094947092,5.800000000000001,10131.47798438311,16010.302522344737,5878.824537961628,0.0,786.5297975338925,786.5297975338933,False
963652,119,4,25.725701750978665,56.47658705681244,530475.9922984092,72,72,4.999623348503272,6.0,15716.38583375652,21865.77382152772,6149.387987771201,0.0,849.958303691206,849.9583036912062,False
963652,119,5,15.853534235753848,13.739155862625708,819495.2723927643,84,84,5.104170315068538,5.228150016840006,7917.102493099832,14707.899161131429,6790.796668031597,0.0,927.7362979392494,927.7362979392498,False
963652,119,6,13.72280613237412,20.35562107442574,1125920.83952025,84,84,5.184949323562497,6.0,6212.391259160627,13459.456924139426,7247.065664978799,0.0,980.8093763262158,980.8093763262154,False
963652,119,7,20.04600136439896,11.0,1317282.6420765405,92,92,4.984422911259986,6.0,12900.097027227348,20105.116990546314,7205.019963318966,0.0,1002.9489984098435,1002.9489984098444,False
963652,119,8,15.095086745611532,17.049505974724454,1092156.8774151378,93,93,4.807821936854064,5.571777855119246,8531.825170357306,15904.844533840838,7373.019363483532,0.0,1053.6437982686468,1053.6437982686466,False
963652,119,9,20.499500518731708,129.78184140396218,677381.1620466278,81,81,4.85910629420519,5.9,12968.970427082008,19791.02008765445,6822.049660572444,0.0,965.4391368984878,965.4391368984883,False
963652,120,0,17.112864612014114,18.911406094613078,694107.5081120027,70,70,4.822193067973886,6.0,8052.665955176575,13723.764729514203,5671.098774337628,0.0,801.9560161703959,801.9560161703969,False
963652,120,1,15.557527355877212,20.525478948752305,641000.145197569,66,66,4.56216460350051,6.0,6666.067102935679,11874.899292192227,5208.832189256548,0.0,763.2896295506889,763.2896295506889,False
963652,120,2,13.135428445647495,14.281852519199425,971115.8124546979,75,75,4.655221008144798,6.0,5160.724726224117,10866.228702898808,5705.503976674691,0.0,827.2458525324615,827.2458525324615,False
963652,120,3,22.391183181868325,11.0,1067461.3716034738,74,74,5.22010094947092,5.800000000000001,11887.145081886942,17839.56315894154,5952.418077054596,0.0,796.7226659727141,796.7226659727145,False
963652,120,4,23.1531315758808,62.12424576249369,539190.3571399301,72,72,5.049623348503272,6.0,13487.310536419183,19679.196439374944,6191.885902955761,0.0,849.958303691206,849.958303691206,False
963652,120,5,15.853534235753848,15.11307144888828,825805.0764221835,85,85,5.104170315068538,5.1281500168400065,8094.415102572968,15029.183262489627,6934.768159916659,0.0,948.0020693805234,948.0020693805237,False
963652,120,6,13.72280613237412,21.373402128147028,1129892.419574392,85,85,5.184949323562497,6.0,6288.3192350414565,13618.827941814798,7330.508706773341,0.0,992.4229644027381,992.4229644027381,False
963652,120,7,19.043701296179012,11.55,1327856.3744167348,92,92,5.034422911259986,6.0,11836.332340198538,19086.602078949625,7250.269738751087,0.0,1002.2527544463861,1002.252754446386,False
963652,120,8,15.095086745611532,18.7544565721969,1098516.3628709414,94,94,4.807821936854064,5.571777855119246,8622.404373593617,16069.832737036135,7447.428363442518,0.0,1064.5737257328442,1064.5737257328437,False
963652,120,9,22.54945057060488,142.7600255443584,680765.672413385,81,81,4.85910629420519,5.9,14948.072435847444,21770.122096419887,6822.049660572444,0.0,965.4391368984878,965.4391368984877,False
963652,121,0,16.25722138141341,20.802546704074388,699603.3684043775,71,71,4.822193067973886,6.0,7472.841108363794,13220.84813941657,5748.007031052776,0.0,813.2292615841304,813.2292615841309,False
963652,121,1,14.77965098808335,22.578026843627537,645649.2810628568,66,66,4.56216460350051,6.0,6139.2856369657675,11401.592268397777,5262.306631432009,0.0,771.4385324518652,771.4385324518651,False
963652,121,2,14.448971290212246,15.710037771119369,975829.0233755938,76,76,4.655221008144798,6.0,6407.173791503054,12249.156178705016,5841.9823872019615,0.0,847.7528214761293,847.752821476129,False
963652,121,3,22.391183181868325,12.100000000000001,1078603.6449882097,74,74,5.22010094947092,5.700000000000001,12037.673384742924,18061.72969601999,6024.056311277066,0.0,806.6447203489372,806.6447203489367,False
963652,121,4,23.1531315758808,68.33667033874306,547513.1518715231,72,72,5.099623348503272,6.0,13443.034995983544,19676.632663859466,6233.597667875921,0.0,849.847572427615,849.8475724276153,False
963652,121,5,15.853534235753848,14.357417876443865,831922.4554395059,86,86,5.154170315068538,5.1281500168400065,8052.116954699897,15038.480956947205,6986.364002247308,0.0,948.5885439368791,948.5885439368791,False
963652,121,6,15.095086745611534,22.44207223455438,1135468.7089494132,85,85,5.184949323562497,6.0,7583.865514960572,14854.119327558707,7270.253812598135,0.0,984.036698687877,984.0366986878772,False
963652,121,7,19.995886360987964,11.55,1338963.6044326683,91,91,5.084422911259986,6.0,12458.28001593785,19603.78308080876,7145.50306487091,0.0,980.3908027330954,980.3908027330962,False
963652,121,8,15.095086745611532,19.692179400806747,1104858.5103408524,95,95,4.807821936854064,5.571777855119246,8712.904512978082,16234.676927009989,7521.772414031906,0.0,1075.494112793341,1075.4941127933405,False
963652,121,9,24.804395627665368,149.89802682157634,685311.9944185466,82,82,4.85910629420519,5.800000000000001,17337.960204528874,24241.375846989802,6903.415642460927,0.0,977.3016126203212,977.301612620321,False
963652,122,0,16.25722138141341,22.88280137448183,704949.4828701036,72,72,4.872193067973885,6.0,7693.6761646927,13673.825654721344,5980.149490028644,0.0,841.0924188037683,841.0924188037684,False
963652,122,1,14.040668438679182,20.320224159264782,649085.1642817684,67,67,4.61216460350051,6.0,5497.338237583385,10768.579912161145,5271.24167457776,0.0,766.9563567569115,766.956356756912,False
963652,122,2,15.893868419233472,14.9245358825634,981667.6192993735,77,77,4.705221008144798,6.0,7687.785186735418,13643.729514080691,5955.9443273452725,0.0,858.4272345913067,858.4272345913066,False
963652,122,3,24.630301500055158,13.310000000000002,1091127.729088762,75,75,5.22010094947092,5.700000000000001,14022.334100556618,20120.41021086746,6098.076110310842,0.0,816.8966267352598,816.8966267352595,False
963652,122,4,23.1531315758808,64.9198368218059,555562.5950894742,73,73,5.149623348503272,6.0,13588.591305946084,19948.69276265749,6360.101456711406,0.0,861.5980390073254,861.5980390073258,False
963652,122,5,15.060857523966154,14.357417876443865,837307.8052660546,87,87,5.204170315068538,5.1281500168400065,7334.445181802741,14443.136450278287,7108.691268475546,0.0,958.9849998444713,958.9849998444713,False
963652,122,6,15.84984108289211,21.31996862282666,1141548.8420663988,84,84,5.234949323562497,6.0,8171.010481307379,15401.14368683269,7230.13320552531,0.0,971.6907321838247,971.690732183824,False
963652,122,7,21.995474997086763,12.705000000000002,1351861.5939477175,92,92,5.084422911259986,6.0,14566.849515055965,21782.760024216415,7215.910509160451,0.0,990.3291484771976,990.3291484771971,False
963652,122,8,16.604595420172686,19.692179400806747,1112811.2604694793,96,96,4.807821936854064,5.671777855119245,10443.199351094649,18039.206428737987,7596.007077643339,0.0,1086.3984320161403,1086.39843201614,False
963652,122,9,27.284835190431906,164.887829503734,691304.4251078365,82,82,4.9091062942051895,5.800000000000001,19713.23270859682,26665.513431688763,6952.2807230919425,0.0,977.3016126203212,977.3016126203202,False
963652,123,0,16.25722138141341,22.88280137448183,710497.7055021066,73,73,4.872193067973885,6.0,7718.667132344221,13717.116274640377,5998.449142296156,0.0,843.7552735993928,843.7552735993933,False
963652,123,1,14.040668438679182,19.304212951301544,652514.6731406025,68,68,4.66216460350051,6.0,5542.195339524842,10926.911833806043,5384.716494281201,0.0,778.2330222758214,778.2330222758218,False
963652,123,2,15.099174998271797,14.17830908843523,986968.6233980993,78,78,4.705221008144798,6.0,7006.912207625467,12963.905776480415,5956.993568854948,0.0,858.583715862901,858.5837158629012,False
963652,123,3,23.3987864250524,13.310000000000002,1102557.2309262862,76,76,5.27010094947092,5.700000000000001,13141.06183752844,19354.62484480564,6213.563007277199,0.0,827.1636183696781,827.1636183696778,False
963652,123,4,21.99547499708676,61.6738449807156,563020.6150442469,74,74,5.1996233485032715,6.0,12721.884483341335,19209.64023019171,6487.7557468503755,0.0,873.3450963316764,873.3450963316762,False
963652,123,5,15.060857523966154,15.07528877026606,842979.6337870256,88,88,5.204170315068538,5.1281500168400065,7498.453932753457,14757.53262834618,7259.078695592723,0.0,979.8600514520964,979.8600514520971,False
963652,123,6,15.057349028747504,23.45196548510933,1146732.1184434409,83,83,5.284949323562497,6.0,7329.789512297146,14587.344076505111,7257.554564207965,0.0,968.7856772566633,968.7856772566632,False
963652,123,7,20.895701247232424,12.06975,1363853.6052488484,93,93,5.084422911259986,5.9,13614.498051133207,20900.572498427573,7286.074447294365,0.0,1000.2331221688861,1000.233122168886,False
963652,123,8,18.265054962189957,18.70757043076641,1122868.5490187374,97,97,4.807821936854064,5.671777855119245,12371.922881047845,20042.087116057453,7670.164235009609,0.0,1097.2913663575662,1097.2913663575657,False
963652,123,9,30.013318709475097,181.3766124541074,698811.3269383684,82,82,4.9091062942051895,5.800000000000001,22379.7840517657,29332.06477485764,6952.2807230919425,0.0,977.3016126203212,977.3016126203203,False
963652,124,0,15.444360312342738,21.738661305757738,715598.6570275935,73,73,4.922193067973885,6.0,6987.873800806409,13026.27719875546,6038.403397949051,0.0,843.4326145800412,843.4326145800414,False
963652,124,1,13.338635016745222,18.339002303736464,656261.2294861111,68,68,4.66216460350051,5.9,4993.608502165493,10376.088553140598,5382.480050975106,0.0,777.8973290831134,777.8973290831135,False
963652,124,2,14.344216248358206,13.469393634013468,991843.7371720751,79,79,4.705221008144798,6.0,6439.195871062139,12466.83081937118,6027.634948309041,0.0,869.1189956647577,869.1189956647574,False
963652,124,3,22.22884710379978,12.6445,1113169.913538715,77,77,5.32010094947092,5.600000000000001,12286.3091124241,18617.008652351822,6330.699539927722,0.0,837.5157094480828,837.5157094480822,False
963652,124,4,21.99547499708676,67.84122947878717,569982.2592938707,75,75,5.249623348503271,6.0,12849.736460535882,19465.48486155844,6615.748401022561,0.0,884.9767901869179,884.9767901869176,False
963652,124,5,14.307814647767845,16.582817647292668,848277.7514761775,88,88,5.204170315068538,5.028150016840007,6757.405642110498,14013.26779529587,7255.862153185371,0.0,979.4135680589118,979.4135680589119,False
963652,124,6,14.304481577310128,23.45196548510933,1150942.1108169004,84,84,5.284949323562497,6.0,6679.957474199568,14020.054525687645,7340.097051488076,0.0,980.1162279048518,980.1162279048516,False
963652,124,7,19.8509161848708,11.466262500000001,1374873.3377107861,94,94,5.084422911259986,6.0,12697.561136941034,20054.716642344607,7357.1555054035725,0.0,1010.2665517085359,1010.2665517085368,False
963652,124,8,18.265054962189957,17.772191909228088,1133255.858581029,97,97,4.857821936854064,5.671777855119245,12311.212177478432,20032.72639015235,7721.514212673919,0.0,1096.7788726407666,1096.778872640767,False
963652,124,9,33.01465058042261,163.23895120869668,710135.6636310631,83,83,4.959106294205189,5.700000000000001,25573.16964301282,32656.857241862315,7083.687598849494,0.0,989.1625889636869,989.1625889636869,False
963652,125,0,15.444360312342738,23.912527436333512,720246.8436843348,74,74,4.972193067973885,6.0,7117.713687034172,13339.846061258584,6222.132374224412,0.0,863.7357450536635,863.7357450536634,False
963652,125,1,12.67170326590796,17.42205218854964,658933.3881293314,69,69,4.66216460350051,6.0,4474.280244229821,9856.179577825998,5381.899333596178,0.0,777.8101626119303,777.8101626119303,False
963652,125,2,13.627005435940296,14.816332997414815,996484.3969619353,79,79,4.705221008144798,6.0,5811.150096655216,11834.22799393107,6023.077897275854,0.0,868.4393683970434,868.4393683970436,False
963652,125,3,21.11740474860979,13.908950000000003,1122839.1147344667,78,78,5.3701009494709195,5.600000000000001,11454.099295757085,17902.007215728125,6447.9079199710395,0.0,847.7370883799849,847.7370883799846,False
963652,125,4,23.0952487469411,64.4491680048478,578591.2957621288,76,76,5.249623348503271,6.0,14007.173236622453,20707.178898917296,6700.005662294842,0.0,896.5990851975514,896.599085197552,False
963652,125,5,15.73859611254463,14.9245358825634,854867.9405173061,88,88,5.254170315068538,5.028150016840007,8103.548198792372,15403.06845994416,7299.520261151787,0.0,978.6812209805017,978.6812209805018,False
963652,125,6,15.734929735041142,22.279367210853863,1156648.8816295178,85,85,5.284949323562497,6.0,8100.517025536222,15456.610051297179,7356.093025760957,0.0,982.3119843284611,982.3119843284616,False
963652,125,7,19.8509161848708,12.039575625000001,1385955.021095363,93,93,5.1344229112599855,6.0,12501.363917699882,19827.298700894913,7325.934783195031,0.0,998.8102572316594,998.8102572316593,False
963652,125,8,18.265054962189957,19.5494111001509,1143786.754289085,97,97,4.857821936854064,5.671777855119245,12427.188584765843,20218.425713442855,7791.237128677012,0.0,1106.9457910362999,1106.9457910362999,False
963652,125,9,36.31611563846487,155.07700364826184,725796.1715788265,84,84,4.959106294205189,5.700000000000001,29186.976254218218,36353.18623222392,7166.209978005701,0.0,1001.0207752978894,1001.0207752978896,False
963652,126,0,15.444360312342738,22.716901064516836,725438.3261123699,74,74,5.022193067973885,6.0,7072.533106808181,13336.189893413115,6263.656786604934,0.0,863.4990134719383,863.4990134719385,False
963652,126,1,13.938873592498757,19.164257407404605,662612.4943737283,70,70,4.66216460350051,6.0,5620.604262916411,11149.637449486685,5529.033186570274,0.0,799.8951547624976,799.8951547624977,False
963652,126,2,13.627005435940296,16.297966297156297,1000392.9269455555,80,80,4.755221008144797,6.0,5912.367287390882,12121.052854165284,6208.685566774402,0.0,889.4876362342113,889.4876362342114,False
963652,126,3,23.22914522347077,14.604397500000003,1134862.8227002881,78,78,5.420100949470919,5.600000000000001,13362.85097081626,19928.683188238712,6565.832217422452,0.0,857.9171982661987,857.9171982661994,False
963652,126,4,24.250011184288155,67.6716264050902,587875.1860056915,77,77,5.299623348503271,6.0,15194.605476754838,22024.236767071117,6829.63129031628,0.0,908.2155302815223,908.2155302815224,False
963652,126,5,14.9516663069174,14.17830908843523,860350.0247984177,89,89,5.254170315068538,5.028150016840007,7243.953789984178,14459.184284060077,7215.230494075899,0.0,967.0617299270865,967.0617299270867,False
963652,126,6,14.948183248289084,21.16539885031117,1161742.3964575157,86,86,5.284949323562497,5.9,7413.739129126912,14851.636897006074,7437.897767879162,0.0,993.5412652039801,993.5412652039798,False
963652,126,7,21.836007803357884,11.43759684375,1398657.6002640587,94,94,5.184422911259985,6.0,14577.713272013993,22023.98339155231,7446.270119538317,0.0,1008.6085144265936,1008.608514426594,False
963652,126,8,18.265054962189957,18.571940545143352,1153787.6409436776,98,98,4.857821936854064,5.771777855119245,12420.936828024787,20208.41551375358,7787.4786857287945,0.0,1106.3977390479536,1106.397739047954,False
963652,126,9,39.94772720231136,170.58470401308804,743759.237639983,85,85,5.009106294205189,5.700000000000001,33162.76590226787,40462.12726077974,7299.3613585118665,0.0,1012.8768291588467,1012.8768291588466,False
963652,127,0,16.988796343577015,21.581056011290993,731645.295127616,75,75,5.022193067973885,6.0,8425.548216090518,14702.870972457575,6277.322756367057,0.0,865.4451248405434,865.4451248405433,False
963652,127,1,13.241929912873818,21.080683148145066,666197.1758208747,70,70,4.66216460350051,6.0,5060.329267514675,10586.53435249998,5526.205084985306,0.0,799.4706528545919,799.4706528545919,False
963652,127,2,12.94565516414328,15.483067982298481,1003706.4131720857,81,81,4.805221008144797,6.0,5267.614733092203,11527.17431809857,6259.559585006367,0.0,890.4280372017325,890.4280372017322,False
963652,127,3,25.55205974581785,16.064837250000004,1149127.8998112506,78,78,5.420100949470919,5.600000000000001,15518.134416456858,22150.43141301526,6632.296996558401,0.0,866.8745938041513,866.8745938041516,False
963652,127,4,26.675012302716972,74.43878904559922,599090.7346611855,78,78,5.299623348503271,6.0,17621.774201047218,24536.07755656388,6914.303355516662,0.0,919.8150418121746,919.8150418121744,False
963652,127,5,16.44683293760914,12.760478179591706,867649.6768679701,89,89,5.3041703150685375,4.928150016840007,8635.334627532604,15893.977341856838,7258.642714324235,0.0,966.3852853707727,966.385285370773,False
963652,127,6,14.20077408587463,22.22366879282673,1166122.0238877758,87,87,5.284949323562497,5.9,6813.086615229471,14400.489036429697,7587.402421200226,0.0,1014.0636664837673,1014.0636664837674,False
963652,127,7,20.74420741318999,10.8657170015625,1410737.8453971136,95,95,5.184422911259985,6.0,13612.488248196692,21130.801973442783,7518.31372524609,0.0,1018.6362656597317,1018.6362656597321,False
963652,127,8,20.091560458408953,17.643343517886183,1166490.3522316308,98,98,4.857821936854064,5.671777855119245,14431.758952696538,22214.045496829764,7782.286544133224,0.0,1105.6406267106286,1105.6406267106288,False
963652,127,9,43.9424999225425,187.64317441439687,764417.5449818206,86,86,5.059106294205189,5.800000000000001,37595.620341476606,45029.31754771534,7433.697206238732,0.0,1024.732721786165,1024.7327217861655,False
963652,128,0,16.988796343577015,20.502003210726443,738188.8259278348,75,75,5.072193067973885,6.0,8381.181041022286,14700.995193782745,6319.814152760459,0.0,865.3347121522698,865.3347121522695,False
963652,128,1,13.241929912873818,20.02664899073781,669854.9397670378,70,70,4.66216460350051,6.0,5059.6293755115585,10585.125803651192,5525.496428139633,0.0,799.3642824948292,799.3642824948289,False
963652,128,2,12.298372405936115,14.708914583183557,1007205.4996002103,81,81,4.805221008144797,5.9,4690.508509363861,10949.1420401665,6258.633530802639,0.0,890.2919572415638,890.2919572415634,False
963652,128,3,25.55205974581785,17.671320975000004,1163530.4287570477,78,78,5.420100949470919,5.600000000000001,15780.891981851866,22520.716669288373,6739.824687436508,0.0,881.3659991920758,881.365999192076,False
963652,128,4,26.675012302716972,81.88266795015915,609724.3947412908,79,79,5.349623348503271,6.0,17802.390848164883,24848.865836069603,7046.474987904719,0.0,931.5409325430238,931.5409325430239,False
963652,128,5,15.624491290728683,12.12245427061212,873987.8530731407,90,90,5.3041703150685375,4.928150016840007,7929.19708952497,15265.585245744975,7336.388156220005,0.0,977.0292652537966,977.0292652537956,False
963652,128,6,13.490735381580897,21.11248535318539,1170377.4437468378,87,87,5.284949323562497,5.9,6092.206084784835,13678.603558452503,7586.397473667668,0.0,1013.9257180248387,1013.9257180248384,False
963652,128,7,19.70699704253049,10.322431151484373,1422209.8929302457,95,95,5.184422911259985,6.0,12552.678492526755,20069.116357554285,7516.43786502753,0.0,1018.3751646302226,1018.3751646302221,False
963652,128,8,19.086982435488505,17.643343517886183,1177801.3668762527,98,98,4.857821936854064,5.771777855119245,13140.062309365156,20820.85152252332,7680.789213158165,0.0,1090.8403983130945,1090.8403983130945,False
963652,128,9,48.336749914796755,197.0253331351167,789320.6817923561,86,86,5.109106294205189,5.800000000000001,42047.31546015884,49532.24930248688,7484.933842328041,0.0,1024.732721786165,1024.7327217861655,False
963652,129,0,16.139356526398164,21.527103371262765,744234.3589761871,75,75,5.072193067973885,6.0,7660.065801193681,13990.748580643742,6330.6827794500605,0.0,866.871523518297,866.8715235182967,False
963652,129,1,12.579833417230127,22.029313889811593,672491.269306694,71,71,4.66216460350051,6.0,4700.410825831979,10417.337266649898,5716.926440817919,0.0,828.0981886756675,828.0981886756673,False
963652,129,2,12.913291026232923,16.179806041501912,1010679.1862627016,82,82,4.805221008144797,5.9,5300.430757896882,11628.658960363047,6328.228202466165,0.0,900.5186157997842,900.5186157997842,False
963652,129,3,25.55205974581785,16.787754926250003,1177168.2360349833,79,79,5.470100949470919,5.600000000000001,15664.039917118342,22417.864145014046,6753.824227895703,0.0,877.3407845793419,877.3407845793416,False
963652,129,4,25.341261687581124,77.78853455265119,619522.7037881722,80,80,5.399623348503271,6.0,16721.39181109525,23900.23753121181,7178.845720116558,0.0,943.1352639763991,943.1352639763982,False
963652,129,5,17.18694041980155,11.516331557081514,881993.4984284285,91,91,5.3041703150685375,4.928150016840007,9553.631526981055,16962.35793754206,7408.726410561006,0.0,986.9329574215116,986.9329574215114,False
963652,129,6,13.490735381580897,20.056861085526123,1174353.2449312727,87,87,5.334949323562497,5.9,5920.748098880709,13413.947814472143,7493.199715591434,0.0,994.308125914797,994.3081259147968,False
963652,129,7,21.67769674678354,10.838552709058593,1435476.2906453009,95,95,5.234422911259985,6.0,14496.060222407414,22057.100107751856,7561.039885344441,0.0,1017.5020144160197,1017.5020144160201,False
963652,129,8,18.132633313714077,18.525510693780493,1187850.7433511596,99,99,4.857821936854064,5.771777855119245,12383.402033580105,20237.164710554698,7853.762676974593,0.0,1116.0631972438841,1116.0631972438841,False
963652,129,9,53.17042490627644,216.7278664486284,817511.9192921952,87,87,5.109106294205189,5.700000000000001,47546.5618808655,55115.76870823936,7569.206827373865,0.0,1036.5869523403653,1036.5869523403655,False
963652,130,0,15.332388700078255,20.450748202699625,749561.081233143,75,75,5.072193067973885,6.0,6960.528372161496,13291.211151611556,6330.6827794500605,0.0,866.871523518297,866.871523518297,False
963652,130,1,12.579833417230127,22.029313889811593,675174.9467332617,72,72,4.66216460350051,5.9,4769.788026633083,10564.81994209242,5795.031915459336,0.0,839.8219270234679,839.8219270234677,False
963652,130,2,12.267626474921276,17.797786645652106,1013621.1213484291,83,83,4.805221008144797,5.9,4919.151377321205,11496.736620435337,6577.585243114132,0.0,937.1606352653571,937.1606352653572,False
963652,130,3,25.55205974581785,15.948367179937502,1190729.6754469196,80,80,5.520100949470919,5.700000000000001,15637.308786323296,22442.1464629279,6804.837676604604,0.0,878.2910922318524,878.2910922318521,False
963652,130,4,25.341261687581124,81.67796128028375,629465.0366530047,80,80,5.449623348503271,5.9,16676.569767259443,23903.544368362414,7226.97460110297,0.0,943.2657561827987,943.2657561827995,False
963652,130,5,17.18694041980155,10.940514979227439,889921.0043873795,92,92,5.3041703150685375,5.028150016840007,9534.033337036002,16928.27509241342,7394.241755377417,0.0,984.9498909596429,984.949890959643,False
963652,130,6,12.816198612501852,19.054018031249814,1177902.3500140894,86,86,5.334949323562497,5.800000000000001,5187.750633512027,12597.581053841177,7409.83042032915,0.0,982.9420902975539,982.9420902975536,False
963652,130,7,21.67769674678354,11.922407979964454,1449018.1279109821,95,95,5.234422911259985,6.0,14674.46602378863,22324.866744613435,7650.400720824806,0.0,1029.854186327518,1029.8541863275175,False
963652,130,8,19.945896645085487,17.599235159091467,1200315.1858618013,99,99,4.857821936854064,5.671777855119245,14206.766791393678,21955.550210166723,7748.783418773044,0.0,1100.7552380743134,1100.7552380743134,False
963652,130,9,58.48746739690409,227.56425977105982,850290.4807655681,86,86,5.109106294205189,5.800000000000001,52449.08781368104,59934.021656009085,7484.933842328041,0.0,1024.732721786165,1024.7327217861646,False
963652,131,0,14.56576926507434,18.40567338242966,753853.7612594815,76,76,5.072193067973885,6.0,6291.511203405139,12617.987978427544,6326.476775022405,0.0,866.2767993093804,866.2767993093803,False
963652,131,1,13.208825088091634,23.130779584302175,678807.5596269306,72,72,4.66216460350051,5.9,5298.029023737705,11093.060939197041,5795.031915459336,0.0,839.8219270234679,839.8219270234677,False
963652,131,2,11.65424515117521,16.9078973133695,1016484.9932954602,83,83,4.805221008144797,5.9,4267.227424039834,10736.62700167064,6469.399577630807,0.0,921.2631845648076,921.2631845648074,False
963652,131,3,26.829662733108744,15.150948820940627,1205974.1352741057,79,79,5.520100949470919,5.800000000000001,16541.38478403473,23261.310250005572,6719.925465970841,0.0,866.9997264371237,866.9997264371236,False
963652,131,4,27.875387856339238,77.59406321626956,642324.4357998013,80,80,5.449623348503271,5.9,19066.92420409566,26293.89880519863,7226.97460110297,0.0,943.2657561827987,943.2657561827986,False
963652,131,5,16.327593398811473,10.393489230266066,897299.8798222872,92,92,5.354170315068537,5.1281500168400065,8635.07644409606,16075.86474864468,7440.7883045486205,0.0,984.582623781829,984.5826237818296,False
963652,131,6,12.816198612501852,18.101317129687324,1180896.2611912373,87,87,5.334949323562497,5.9,5168.725767440131,12553.097314952354,7384.3715475122235,0.0,979.4711906779555,979.4711906779559,False
963652,131,7,21.67769674678354,11.32628758096623,1462156.3080783938,96,96,5.234422911259985,6.0,14825.503775176812,22551.557078757494,7726.053303580682,0.0,1040.311493521728,1040.3114935217284,False
963652,131,8,19.945896645085487,19.359158675000614,1212423.1584342225,100,100,4.907821936854064,5.771777855119245,14843.888439916485,23014.42894581122,8170.540505894737,0.0,1153.8427855777436,1153.8427855777443,False
963652,131,9,61.41184076674929,216.18604678250682,887144.2696387519,86,86,5.109106294205189,5.700000000000001,55445.78889648154,62930.722738809585,7484.933842328041,0.0,1024.732721786165,1024.7327217861653,False
963652,132,0,13.837480801820623,20.246240720672628,757712.7876035357,76,76,5.1221930679738845,6.0,5697.740638821154,12152.848261805784,6455.10762298463,0.0,878.2558354268368,878.2558354268366,False
963652,132,1,12.548383833687053,21.974240605087065,681626.146944667,72,72,4.71216460350051,6.0,4700.732641306298,10537.005520854083,5836.272879547785,0.0,839.7101698918963,839.7101698918965,False
963652,132,2,12.819669666292732,16.062502447701025,1019695.6317889761,84,84,4.855221008144797,6.0,5359.888699126766,11950.129943157497,6590.241244030731,0.0,932.1714407804479,932.1714407804477,False
963652,132,3,25.488179596453307,15.90849626198766,1219771.336133379,80,80,5.520100949470919,5.700000000000001,15569.880560236528,22369.97933006211,6800.09876982558,0.0,877.6609269174683,877.6609269174681,False
963652,132,4,27.875387856339238,69.8346568946426,655226.4696393455,81,81,5.49962334850327,5.800000000000001,19258.6410480128,26620.70255876982,7362.061510757018,0.0,954.9894945305992,954.9894945305995,False
963652,132,5,16.327593398811473,10.0,904911.6360895995,92,92,5.354170315068537,5.228150016840006,8631.756267312174,16069.823520449656,7438.067253137482,0.0,984.2126226403592,984.2126226403592,False
963652,132,6,14.097818473752039,17.196251273202957,1185823.0944241679,87,87,5.334949323562497,5.9,6422.9070936950575,13806.054782654015,7383.147688958958,0.0,979.3043376433566,979.3043376433565,False
963652,132,7,23.845466421461897,10.75997320191792,1478196.312469011,96,96,5.234422911259985,6.0,17072.961817999694,24795.66264318927,7722.700825189576,0.0,1039.8480870507171,1039.8480870507174,False
963652,132,8,19.945896645085487,18.391200741250582,1225268.1541498539,100,100,4.907821936854064,5.771777855119245,14684.1157897602,22770.005682557752,8085.8898927975515,0.0,1141.5884724424318,1141.588472442431,False
963652,132,9,64.48243280508676,205.37674444338148,927822.9580139491,86,86,5.159106294205189,5.700000000000001,58541.08839733263,66077.25887574998,7536.170478417349,0.0,1024.732721786165,1024.732721786164,False
963652,133,0,13.145606761729592,19.233928684638997,760890.4356335725,77,77,5.1221930679738845,6.0,5158.6605387519185,11694.8374781325,6536.176939380582,0.0,889.6384693462251,889.6384693462251,False
963652,133,1,12.548383833687053,23.07295263534142,684210.3185361521,73,73,4.71216460350051,6.0,4768.49713386594,10682.705130377875,5914.207996511936,0.0,851.3211957781664,851.3211957781665,False
963652,133,2,12.819669666292732,15.259377325315972,1023770.5671834439,84,84,4.855221008144797,6.0,5356.723089793241,11943.325950320215,6586.602860526974,0.0,931.6406944340598,931.64069443406,False
963652,133,3,25.488179596453307,15.113071448888276,1233803.8624824043,81,81,5.520100949470919,5.700000000000001,15756.685136383727,22634.966404073984,6878.281267690257,0.0,888.0573961124965,888.0573961124965,False
963652,133,4,27.875387856339238,66.34292404991048,668836.1377531693,80,80,5.49962334850327,5.9,19017.102037818833,26290.26128433303,7273.159246514198,0.0,943.1352639763991,943.1352639763996,False
963652,133,5,17.143973068752047,10.0,912914.5891616809,93,93,5.354170315068537,5.328150016840006,9532.953072081415,17044.417497013208,7511.464424931793,0.0,994.1929696611403,994.1929696611402,False
963652,133,6,15.507600321127244,16.336438709542808,1191676.1518399839,88,88,5.334949323562497,6.0,7890.664022264015,15352.03008511928,7461.366062855265,0.0,989.968129640534,989.9681296405339,False
963652,133,7,23.845466421461897,10.221974541822023,1494275.2196822893,96,96,5.234422911259985,5.9,17060.216769300656,24777.366885273394,7717.150115972737,0.0,1039.0808234714482,1039.0808234714482,False
963652,133,8,19.945896645085487,17.47164070418805,1237573.5645103722,101,101,4.957821936854064,5.771777855119245,14770.046071642566,22989.626901969794,8219.580830327228,0.0,1152.5993196016213,1152.5993196016213,False
963652,133,9,70.93067608559544,205.37674444338148,975359.9584233884,87,87,5.159106294205189,5.700000000000001,65904.77717601815,73525.81335100903,7621.036174990883,0.0,1036.5869523403653,1036.5869523403655,False
963652,134,0,12.488326423643112,20.195625118870947,763450.1479154913,78,78,5.1221930679738845,6.0,4634.971041193842,11252.179662568225,6617.208621374383,0.0,901.0158191625583,901.0158191625586,False
963652,134,1,11.9209646420027,21.919305003574348,686383.1174620602,74,74,4.71216460350051,6.0,4294.827496174239,10286.952706520591,5992.125210346352,0.0,862.9295543982427,862.9295543982422,False
963652,134,2,12.178686182978096,15.259377325315972,1026789.7640125167,85,85,4.855221008144797,6.0,4816.243901723528,11475.844828510877,6659.600926787349,0.0,942.2892302250496,942.2892302250496,False
963652,134,3,25.488179596453307,14.357417876443861,1247724.826372504,82,82,5.570100949470919,5.800000000000001,15898.272155961677,22899.534039763614,7001.261883801938,0.0,898.4374091176795,898.4374091176796,False
963652,134,4,26.481618463522274,63.02577784741495,681158.655667605,81,81,5.49962334850327,5.9,17927.60592007429,25289.66743083131,7362.061510757018,0.0,954.9894945305992,954.9894945305988,False
963652,134,5,17.143973068752047,11.0,921010.764590353,94,94,5.354170315068537,5.328150016840006,9630.175428672126,17214.67398787505,7584.498559202922,0.0,1004.1239518307377,1004.123951830738,False
963652,134,6,15.507600321127244,15.519616774065666,1198196.8533183523,88,88,5.334949323562497,6.0,7886.42775448475,15343.991769572252,7457.564015087502,0.0,989.4497828053965,989.4497828053967,False
963652,134,7,26.230013063608087,11.244171996004226,1512467.487376075,96,96,5.284422911259985,5.9,19471.708205392402,27235.31750986273,7763.609304470325,0.0,1038.3264943031772,1038.3264943031772,False
963652,134,8,19.945896645085487,19.21880477460686,1250026.2365744102,102,102,4.957821936854064,5.771777855119245,14912.990151044538,23209.14733881881,8296.157187774272,0.0,1163.6051139639972,1163.6051139639974,False
963652,134,9,78.02374369415499,215.64558166555057,1029231.75116139,86,86,5.159106294205189,5.700000000000001,72417.3127612402,79953.48323965755,7536.170478417349,0.0,1024.732721786165,1024.7327217861648,False
963652,135,0,11.863910102460956,18.17606260698385,765640.5401517627,79,79,5.1221930679738845,6.0,4126.301182222272,10824.52789332415,6698.226711101878,0.0,912.3912605405526,912.3912605405527,False
963652,135,1,11.324916409902563,20.82333975339563,688622.1349965592,74,74,4.71216460350051,6.0,3779.944676253257,9771.291122155873,5991.346445902616,0.0,862.8135315517038,862.8135315517038,False
963652,135,2,11.56975187382919,14.496408459050173,1029401.0552305635,86,86,4.855221008144797,6.0,4357.982345523494,11185.572071834442,6827.589726310948,0.0,966.7944648956764,966.7944648956764,False
963652,135,3,26.762588576275974,13.639546982621667,1263334.8418398253,83,83,5.570100949470919,5.800000000000001,17242.09786688629,24321.791848737295,7079.693981851003,0.0,908.7981821869669,908.7981821869671,False
963652,135,4,25.15753754034616,59.8744889550442,692370.682922005,82,82,5.54962334850327,5.9,16821.73534871117,24320.026856753975,7498.291508042806,0.0,966.7093537175875,966.7093537175873,False
963652,135,5,18.00117172218965,12.100000000000001,930094.126928832,95,95,5.354170315068537,5.328150016840006,10732.862338476785,18484.48448953435,7751.622151057564,0.0,1026.8489615455944,1026.8489615455937,False
963652,135,6,14.73222030507088,13.967655096659099,1203550.2659118155,89,89,5.334949323562497,6.0,7096.533897066718,14531.594841356618,7435.0609442899,0.0,986.3818582970002,986.3818582970005,False
963652,135,7,24.91851241042768,10.681963396204015,1529312.7158225444,96,96,5.284422911259985,5.9,17870.69693251028,25535.47694079063,7664.780008280352,0.0,1024.759284190046,1024.7592841900453,False
963652,135,8,21.940486309594036,17.296924297146173,1265391.0013999345,102,102,4.957821936854064,5.8717778551192445,17229.051103842048,25522.954236952526,8293.903133110478,0.0,1163.2811541552737,1163.2811541552735,False
963652,135,9,85.82611806357049,204.86330258227304,1091774.9315884295,86,86,5.2091062942051884,5.600000000000001,80361.42444911678,87948.83156362343,7587.407114506656,0.0,1024.732721786165,1024.7327217861662,False
963652,136,0,11.270714597337907,19.99366886768224,766927.0887556256,80,80,5.172193067973884,6.0,3586.042113272986,10411.412946468849,6825.370833195862,0.0,923.7580152129818,923.7580152129821,False
963652,136,1,12.457408050892822,22.905673728735195,691127.9387553273,75,75,4.71216460350051,6.0,4823.7292884272365,10892.949316458458,6069.220028031222,0.0,874.4153897790769,874.4153897790769,False
963652,136,2,10.991264280137731,13.771588036097663,1031764.8120999986,86,86,4.905221008144797,6.0,3748.1134405390403,10620.239518844603,6872.126078305562,0.0,966.2436684409817,966.2436684409813,False
963652,136,3,26.762588576275974,12.957569633490582,1279252.8260728305,83,83,5.570100949470919,5.700000000000001,16993.462512575472,23975.08714727673,6981.624634701256,0.0,895.8433553221281,895.8433553221283,False
963652,136,4,23.89966066332885,65.86193785054863,702327.4025564436,82,82,5.59962334850327,5.9,15557.398538187588,23104.025513916273,7546.626975728685,0.0,966.7093537175875,966.7093537175872,False
963652,136,5,19.801288894408618,13.310000000000002,941472.3267148567,95,95,5.404170315068537,5.328150016840006,12842.649786029968,20832.363158336735,7989.713372306768,0.0,1052.071068172702,1052.0710681727019,False
963652,136,6,14.73222030507088,13.269272341826143,1208832.3088727011,90,90,5.334949323562497,6.0,7076.27747165296,14491.252649954584,7414.975178301624,0.0,983.6434936400348,983.6434936400351,False
963652,136,7,27.41036365147045,11.216061566014217,1548648.739880504,96,96,5.284422911259985,5.9,20412.765968298045,28073.39136822855,7660.625399930506,0.0,1024.1889427367203,1024.1889427367203,False
963652,136,8,21.940486309594036,19.02661672686079,1279966.420885676,103,103,5.0078219368540635,5.971777855119244,17335.161008598807,25764.32111793963,8429.160109340826,0.0,1174.2821355182782,1174.2821355182782,False
963652,136,9,94.40872986992754,225.34963284050036,1161551.1707696167,86,86,5.2091062942051884,5.600000000000001,89156.30760547912,96743.71471998577,7587.407114506656,0.0,1024.732721786165,1024.7327217861662,False
963652,137,0,11.270714597337907,18.993985424298124,768646.4655236148,80,80,5.222193067973884,6.0,3538.8956019318075,10408.744262065222,6869.848660133414,0.0,923.5212348047316,923.521234804732,False
963652,137,1,11.83453764834818,21.760390042298436,693673.7919850707,75,75,4.71216460350051,6.0,4277.882482918026,10345.530941420944,6067.648458502918,0.0,874.1812522658993,874.1812522658994,False
963652,137,2,10.991264280137731,15.14874683970743,1033738.9780316515,87,87,4.905221008144797,6.0,3792.10690670891,10738.579874314319,6946.4729676054085,0.0,977.010433069102,977.0104330691022,False
963652,137,3,29.43884743390357,12.957569633490582,1297034.0018835678,84,84,5.620100949470919,5.700000000000001,19569.611659941067,26674.061312356815,7104.449652415748,0.0,906.0837511470421,906.0837511470418,False
963652,137,4,25.094643696495293,62.56884095802119,713200.4335425814,83,83,5.64962334850327,6.0,16866.244785656876,24549.775442510465,7683.530656853589,0.0,978.2874680121108,978.287468012111,False
963652,137,5,18.811224449688186,14.641000000000004,951235.7923004107,96,96,5.454170315068537,5.228150016840006,11869.001585548749,19990.456593610623,8121.455008061874,0.0,1062.68768665625,1062.6876866562498,False
963652,137,6,13.995609289817336,14.59619957600876,1213766.3671461642,90,90,5.334949323562497,6.0,6347.716235307156,13758.288012633626,7410.57177732647,0.0,983.0431621611234,983.0431621611232,False
963652,137,7,26.039845468896928,12.33766772261564,1566144.7447569172,97,97,5.284422911259985,5.9,19192.758645517104,26924.71666756758,7731.958022050476,0.0,1033.9814304861213,1033.9814304861209,False
963652,137,8,24.13453494055344,18.07528589051775,1298010.644305218,103,103,5.0078219368540635,5.971777855119244,19905.97786627427,28332.84035429194,8426.862488017674,0.0,1173.9542702637305,1173.9542702637314,False
963652,137,9,103.8496028569203,214.08215119847534,1242050.4720723324,87,87,5.259106294205188,5.700000000000001,99924.4484569874,107649.14332721232,7724.694870224919,0.0,1036.5869523403653,1036.5869523403655,False
963652,138,0,10.707178867471011,18.044286153083217,769695.4802130199,81,81,5.222193067973884,6.0,3010.601867801889,9864.168880043002,6853.567012241113,0.0,921.266843688479,921.266843688479,False
963652,138,1,11.83453764834818,20.672370540183515,695839.3537446737,76,76,4.71216460350051,6.0,4336.661920659015,10481.332739299409,6144.670818640394,0.0,885.6562926868846,885.6562926868845,False
963652,138,2,12.090390708151505,16.663621523678174,1037151.4310729601,87,87,4.905221008144797,5.9,4862.188113866213,11803.63144811324,6941.4433342470265,0.0,976.2820518409776,976.2820518409775,False
963652,138,3,32.38273217729393,12.309691151816052,1317978.5108618664,85,85,5.620100949470919,5.700000000000001,22490.832726204753,29673.387787112944,7182.55506090819,0.0,916.3336689644519,916.3336689644514,False
963652,138,4,27.604108066144825,65.69728300592226,726487.3312049377,84,84,5.69962334850327,6.0,19505.46943485389,27328.107986222327,7822.638551368437,0.0,990.001485312941,990.0014853129416,False
963652,138,5,17.870663227203778,16.105100000000004,960300.4808731629,96,96,5.504170315068537,5.1281500168400065,10810.778172756382,18981.33826575354,8170.56009299716,0.0,1062.150745298531,1062.1507452985309,False
963652,138,6,13.295828825326469,13.86638959720832,1218174.6015338977,90,90,5.334949323562497,6.0,5656.209451490462,13062.360748818117,7406.151297327655,0.0,982.4405022375415,982.4405022375415,False
963652,138,7,26.039845468896928,11.720784336484858,1584085.7001758553,97,97,5.284422911259985,6.0,19177.871499584562,26904.047499578162,7726.1759999936,0.0,1033.1876789251105,1033.18767892511,False
963652,138,8,22.927808193525767,19.88281447956953,1314219.2661528324,104,104,5.0078219368540635,6.0,18876.43455348509,27473.694097905216,8597.259544420125,0.0,1198.2695365387387,1198.2695365387387,False
963652,138,9,98.65712271407428,235.49036631832288,1316104.8014932703,87,87,5.259106294205188,5.700000000000001,94541.99129062679,102266.6861608517,7724.694870224919,0.0,1036.5869523403653,1036.5869523403655,False
963652,139,0,11.777896754218114,17.142071845429054,771491.7403592609,82,82,5.272193067973884,6.0,4001.9100375700173,10983.781011632602,6981.8709740625845,0.0,932.5757595641078,932.5757595641082,False
963652,139,1,11.24281076593077,22.739607594201868,697924.28076751,76,76,4.71216460350051,6.0,3813.1371999961502,9958.610869110991,6145.473669114841,0.0,885.7759039482098,885.7759039482096,False
963652,139,2,12.090390708151505,15.830440447494265,1040177.2994293991,88,88,4.905221008144797,5.9,4918.947115823226,11935.977841687227,7017.0307258640005,0.0,987.2284634804918,987.2284634804919,False
963652,139,3,35.621005395023325,12.309691151816052,1342380.2935956537,85,85,5.620100949470919,5.700000000000001,25448.106481693438,32627.92247061328,7179.815988919843,0.0,915.974215460291,915.9742154602909,False
963652,139,4,26.22390266283758,72.26701130651449,738162.3252002683,83,83,5.7496233485032695,6.0,17873.155933768645,25654.515337423443,7781.359403654799,0.0,978.2874680121108,978.2874680121114,False
963652,139,5,17.870663227203778,14.494590000000004,969316.2468011744,97,97,5.504170315068537,5.1281500168400065,10921.74115801316,19172.625922728406,8250.884764715247,0.0,1072.8547496515232,1072.8547496515241,False
963652,139,6,12.631037384060145,12.479750637487488,1222052.1750545201,90,90,5.334949323562497,6.0,5000.751077991201,12403.661068491618,7402.909990500417,0.0,981.9986032298925,981.9986032298925,False
963652,139,7,26.039845468896928,11.134745119660614,1601761.5783072782,98,98,5.284422911259985,6.0,19367.083153144245,27166.74711108877,7799.663957944527,0.0,1043.2760495271705,1043.2760495271702,False
963652,139,8,21.781417783849477,18.88867375559105,1329409.9963260007,105,105,5.0078219368540635,6.0,17674.040917503437,26352.551994912,8678.51107740856,0.0,1209.8639425782437,1209.8639425782437,False
963652,139,9,108.52283498548171,211.9413296864906,1402434.5657172624,87,87,5.259106294205188,5.700000000000001,104768.65990671208,112493.354776937,7724.694870224919,0.0,1036.5869523403653,1036.5869523403667,False
963652,140,0,11.189001916507207,17.142071845429054,773291.195479472,82,82,5.322193067973884,6.0,3405.105011540086,10431.735434409102,7026.630422869016,0.0,932.3204618473691,932.3204618473695,False
963652,140,1,10.68067022763423,20.46564683478168,699162.3689849618,77,77,4.71216460350051,6.0,3313.943023732305,9457.279437111354,6143.336413379049,0.0,885.457488673549,885.4574886735495,False
963652,140,2,12.090390708151505,15.038918425119551,1042988.6619754442,89,89,4.955221008144797,5.800000000000001,4849.8262858786775,11889.455728111003,7039.629442232325,0.0,983.3806049042712,983.3806049042709,False
963652,140,3,33.839955125272155,11.69420659422525,1364771.5448236566,85,85,5.620100949470919,5.800000000000001,23485.25878851457,30568.747223373837,7083.488434859268,0.0,903.3329716369708,903.3329716369708,False
963652,140,4,24.9127075296957,68.65366074118876,749052.0978333339,83,83,5.7496233485032695,5.9,16588.026474582595,24368.30054241493,7780.274067832334,0.0,978.1474178737161,978.1474178737159,False
963652,140,5,17.870663227203778,15.219319500000005,978252.3184887792,98,98,5.554170315068537,5.1281500168400065,11127.564998607755,19622.084849809904,8494.519851202149,0.0,1098.0054069812027,1098.0054069812031,False
963652,140,6,13.262589253263153,11.855763105613113,1226422.5356951123,90,90,5.334949323562497,6.0,5537.379320103061,12836.897351242418,7299.518031139357,0.0,967.9028058630412,967.902805863041,False
963652,140,7,28.643830015786623,12.248219631626677,1622892.9836802569,99,99,5.284422911259985,5.9,22843.979116508246,30902.909311593798,8058.9301950855515,0.0,1078.8679200568538,1078.867920056854,False
963652,140,8,22.87048867304195,20.777541131150155,1346402.0438089415,105,105,5.0078219368540635,6.0,19173.6893017217,27932.613670766837,8758.924369045139,0.0,1221.3387335134535,1221.3387335134535,False
963652,140,9,108.52283498548171,233.1354626551397,1487035.2699283797,88,88,5.309106294205188,5.800000000000001,105916.62492477654,113779.79178155045,7863.16685677391,0.0,1048.4410197795903,1048.4410197795885,False
963652,141,0,11.189001916507207,16.2849682531576,774886.880173925,83,83,5.322193067973884,6.0,3447.337059460944,10553.938130129056,7106.601070668112,0.0,943.2421416032437,943.2421416032437,False
963652,141,1,10.14663671625252,18.419082151303513,699760.2634332804,78,78,4.762164603500509,6.0,2834.582856116971,9097.669828737342,6263.086972620371,0.0,896.6192525810075,896.6192525810075,False
963652,141,2,11.485871172743929,14.286972503863574,1045505.4029195078,90,90,4.955221008144797,5.800000000000001,4302.568469412544,11414.67990405017,7112.111434637626,0.0,993.8018398758734,993.8018398758733,False
963652,141,3,33.839955125272155,12.278916923936512,1387476.4975437091,85,85,5.6701009494709185,5.9,24048.66065859496,31355.68058661842,7307.01992802346,0.0,926.5875344852795,926.5875344852793,False
963652,141,4,23.667072153210917,65.22097770412931,758627.2937603879,84,84,5.7496233485032695,5.9,15553.758054203201,23423.68636629661,7869.92831209341,0.0,989.7162697042236,989.7162697042234,False
963652,141,5,16.97713006584359,14.458353525000003,986719.5134056163,98,98,5.6041703150685365,5.1281500168400065,10084.11356228971,18627.492083753074,8543.378521463363,0.0,1097.2108955700269,1097.2108955700269,False
963652,141,6,13.262589253263153,11.262974950332456,1230527.4934508486,90,90,5.384949323562497,6.0,5418.625501258952,12678.136647084886,7259.511145825934,0.0,955.932239548589,955.9322395485884,False
963652,141,7,31.50821301736529,11.635808650045343,1646841.3558076916,100,100,5.334422911259985,5.9,25811.95299242845,33904.081746624135,8092.128754195686,0.0,1076.0394989058373,1076.0394989058375,False
963652,141,8,21.72696423938985,20.777541131150155,1361632.0371033058,105,105,5.057821936854063,6.0,17711.635113145123,26529.53032605257,8817.895212907446,0.0,1221.0417448911676,1221.041744891167,False
963652,141,9,113.9489767347558,256.4490089206537,1576327.8419967361,89,89,5.359106294205188,5.700000000000001,112816.53386229825,120819.34553903414,8002.811676735884,0.0,1060.2933786783437,1060.293378678343,False
963652,142,0,10.629551820681847,15.47071984049972,776042.5238679181,84,84,5.322193067973884,6.0,2955.184160594642,10140.476448578578,7185.292287983936,0.0,953.9890881239531,953.9890881239529,False
963652,142,1,11.161300387877773,17.498128043738337,701425.3087736988,79,79,4.812164603500509,5.9,3747.3974558723103,10130.308856669533,6382.911400797223,0.0,907.6280096960755,907.628009696075,False
963652,142,2,10.911577614106731,13.572623878670393,1047912.9620588641,90,90,4.955221008144797,5.9,3729.095288440779,10836.391271817294,7107.295983376515,0.0,993.1094893013235,993.1094893013238,False
963652,142,3,33.839955125272155,11.664971077739686,1410288.295010195,86,86,5.6701009494709185,5.9,24314.984979178138,31700.06168239223,7385.076703214092,0.0,936.7642943095444,936.7642943095447,False
963652,142,4,22.48371854555037,68.48202658933577,766759.3523227818,85,85,5.7496233485032695,6.0,14553.030822487384,22512.613653610253,7959.582831122868,0.0,1001.285156990439,1001.2851569904392,False
963652,142,5,16.12827356255141,13.735435848750003,994263.3891629525,98,98,5.654170315068536,5.1281500168400065,9089.948470509526,17681.024875273855,8591.07640476433,0.0,1096.275110085422,1096.2751100854225,False
963652,142,6,12.599459790599994,10.13667745529921,1233591.8255157615,91,91,5.434949323562496,6.0,4786.769713353413,12165.839316116148,7379.069602762735,0.0,965.5842010934978,965.5842010934981,False
963652,142,7,31.50821301736529,11.054018217543074,1671527.2276411282,100,100,5.334422911259985,5.9,25791.27365519711,33877.128217215504,8085.854562018394,0.0,1075.1840543462306,1075.184054346231,False
963652,142,8,22.813312451359344,20.777541131150155,1378145.1354580491,106,106,5.057821936854063,6.0,19215.517714655507,28112.88367198428,8897.365957328771,0.0,1232.301698051271,1232.301698051269,False
963652,142,9,108.25152789801801,256.4490089206537,1660464.8618031722,90,90,5.409106294205188,5.700000000000001,107917.43060929865,116061.04722322534,8143.616613926687,0.0,1072.1423473354068,1072.142347335407,False
963652,143,0,10.098074229647754,14.697183848474733,777007.312798132,84,84,5.372193067973884,6.0,2399.352373485838,9629.346130538126,7229.993757052288,0.0,953.5824268618018,953.5824268618019,False
963652,143,1,12.277430426665552,16.62322164155142,704416.7510158375,80,80,4.812164603500509,5.800000000000001,4821.299973460665,11280.08464186266,6458.784668401996,0.0,918.7659184256715,918.7659184256717,False
963652,143,2,10.365998733401394,12.893992684736872,1049688.2408652916,90,90,5.0052210081447965,5.9,3135.738148057918,10288.766542895071,7153.028394837153,0.0,992.5494694247391,992.5494694247391,False
963652,143,3,32.147957369008545,11.0817225238527,1431705.6733128328,87,87,5.6701009494709185,6.0,22981.488162207057,30445.3739909177,7463.885828710641,0.0,947.0391428435765,947.0391428435768,False
963652,143,4,22.48371854555037,68.48202658933577,775093.3835615598,86,86,5.7496233485032695,6.0,14723.48552546087,22772.721621908797,8049.236096447927,0.0,1012.8538825004825,1012.8538825004825,False
963652,143,5,16.12827356255141,13.048664056312502,1001395.5271819583,99,99,5.704170315068536,5.1281500168400065,9123.955760584064,17851.076224256904,8727.12046367284,0.0,1106.8187896878007,1106.8187896878005,False
963652,143,6,11.969486801069994,10.0,1236608.080248625,91,91,5.484949323562496,6.0,4126.254732863618,11547.021110381864,7420.7663775182455,0.0,964.7047782658184,964.704778265818,False
963652,143,7,29.93280236649702,10.50131730666592,1694289.7964603514,101,101,5.334422911259985,5.9,24323.201867195334,32482.33601610568,8159.134148910347,0.0,1085.1752408074656,1085.1752408074656,False
963652,143,8,23.953978073927313,19.738664074592645,1396668.8885094586,106,106,5.057821936854063,5.9,20616.0514433138,29511.28267362555,8895.231230311747,0.0,1231.999235473421,1231.9992354734213,False
963652,143,9,119.07668068781982,282.09390981271906,1754786.2972399164,91,91,5.459106294205188,5.800000000000001,120791.98122969319,129077.55425564124,8285.573025948044,0.0,1083.986835290113,1083.986835290114,False
963652,144,0,11.10788165261253,13.962324656050995,779095.7369845414,84,84,5.372193067973884,6.0,3361.2594575201992,10589.225437860723,7227.965980340524,0.0,953.3073694001934,953.3073694001934,False
963652,144,1,11.049687383998997,15.79206055947385,706499.589544612,80,80,4.862164603500509,5.9,3646.203373534332,10149.042075844538,6502.838702310206,0.0,918.4913313060166,918.491331306017,False
963652,144,2,10.0,13.538692318973716,1051240.9147331587,90,90,5.0052210081447965,5.9,2771.156176582128,9921.120004723814,7149.9638281416865,0.0,992.1120004723814,992.1120004723814,False
963652,144,3,30.540559500558114,10.527636397660066,1452240.0411456707,87,87,5.6701009494709185,6.0,21450.272199431558,28911.15737067662,7460.885171245065,0.0,946.6479279840403,946.6479279840398,False
963652,144,4,21.35953261827285,65.05792525986898,783081.3291810019,86,86,5.7496233485032695,5.9,13582.92719178581,21631.068737698715,8048.141545912906,0.0,1012.7126433091311,1012.7126433091316,False
963652,144,5,17.741100918806552,13.701097259128128,1010286.2355461532,100,100,5.754170315068536,5.1281500168400065,10960.818090113022,19826.431956884277,8865.613866771255,0.0,1117.5423694178508,1117.5423694178503,False
963652,144,6,11.371012461016495,10.0,1238776.7067840481,92,92,5.484949323562496,6.0,3588.626535423118,11085.903141722689,7497.276606299571,0.0,974.9266549244181,974.9266549244182,False
963652,144,7,32.926082603146725,10.50131730666592,1720273.5738659925,100,100,5.384422911259985,5.800000000000001,27233.909136306454,35365.405742845156,8131.496606538702,0.0,1074.0848271900195,1074.0848271900195,False
963652,144,8,22.756279170230947,17.76479766713338,1413587.511149398,107,107,5.057821936854063,5.9,19319.455990312963,28295.149208814906,8975.693218501943,0.0,1243.3996347623356,1243.3996347623356,False
963652,144,9,119.07668068781982,310.303300793991,1847752.3018381402,92,92,5.459106294205188,5.9,122113.9082712702,130487.82217337396,8373.913902103766,0.0,1095.8301946245083,1095.8301946245078,False
963652,145,0,10.552487569981903,13.264208423248444,780712.4559713264,84,84,5.372193067973884,6.0,2830.9124943343386,10056.825366950023,7225.912872615684,0.0,953.0288759171946,953.0288759171948,False
963652,145,1,10.497203014799046,15.002457531500157,707717.6273116426,81,81,4.912164603500509,5.9,3133.236827083616,9759.91318810661,6626.676361022994,0.0,929.7632116238015,929.7632116238012,False
963652,145,2,10.0,12.86175770302503,1052417.1940085804,91,91,5.0052210081447965,5.9,2846.6992264062555,10173.369169118187,7326.669942711931,0.0,1017.3369169118189,1017.3369169118187,False
963652,145,3,30.540559500558114,10.001254577777063,1472409.7765056072,87,87,5.6701009494709185,6.0,21139.84450821279,28496.62106598863,7356.776557775841,0.0,933.0746237791711,933.0746237791705,False
963652,145,4,20.291555987359207,71.56371778585589,789426.4908739369,86,86,5.7496233485032695,5.9,12499.641422520199,20546.712565342033,8047.071142821835,0.0,1012.5745200684348,1012.5745200684354,False
963652,145,5,17.741100918806552,12.330987533215316,1019205.919917368,101,101,5.804170315068536,5.1281500168400065,10865.114112068532,19755.326264075207,8890.212152006676,0.0,1113.5344054738712,1113.5344054738714,False
963652,145,6,11.93956308406732,10.0,1241433.0332364624,93,93,5.484949323562496,6.0,4186.326452414239,11756.53473040456,7570.208277990322,0.0,984.6704312063982,984.6704312063981,False
963652,145,7,32.926082603146725,11.551449037332512,1746078.1153086575,101,101,5.4344229112599844,5.9,27771.237795441426,36128.80829638905,8357.57050094762,0.0,1097.2701712452188,1097.2701712452194,False
963652,145,8,23.894093128742494,18.653037550490048,1431961.164796617,107,107,5.107821936854063,6.0,20669.528665111186,29706.327020267163,9036.798355155977,0.0,1243.2498216278,1243.2498216278007,False
963652,145,9,130.9843487566018,294.78813575429143,1956461.971402948,93,93,5.459106294205188,5.9,136624.96618994634,145087.18001901472,8462.213829068394,0.0,1107.6680641335174,1107.668064133518,False
963652,146,0,10.024863191482806,12.60099800208602,781497.8524878467,85,85,5.372193067973884,6.0,2356.48134669921,9661.350472910059,7304.869126210849,0.0,963.7388848476666,963.7388848476664,False
963652,146,1,11.546923316278951,14.252334654925148,710109.059918366,82,82,4.912164603500509,6.0,4160.124048426265,10862.70530067366,6702.581252247395,0.0,940.7445605323563,940.7445605323563,False
963652,146,2,11.0,12.218669817873778,1054698.0230430078,92,92,5.0052210081447965,5.9,3904.946657663516,11303.35703836488,7398.410380701364,0.0,1027.5779125786255,1027.5779125786255,False
963652,146,3,30.540559500558114,10.001254577777063,1492312.3389351584,87,87,5.720100949470918,6.0,21072.67157782749,28469.160275814014,7396.488697986525,0.0,932.1754657210437,932.175465721044,False
963652,146,4,19.276978187991244,67.98553189656309,794617.2829281788,87,87,5.7496233485032695,5.9,11605.533329244816,19742.170832277814,8136.637503032997,0.0,1024.1320314703871,1024.1320314703871,False
963652,146,5,17.741100918806552,11.71443815655455,1028475.1631774137,102,102,5.804170315068536,5.1281500168400065,10964.115952016373,19932.081210215354,8967.965258198981,0.0,1123.4974256353069,1123.4974256353078,False
963652,146,6,11.342584929863953,10.0,1244096.7198681196,93,93,5.484949323562496,6.0,3593.6866316570995,11154.556108557843,7560.869476900743,0.0,983.4227539428822,983.4227539428823,False
963652,146,7,36.2186908634614,10.973876585465886,1776021.127158877,102,102,5.4344229112599844,6.0,31662.347261938987,40091.7788696504,8429.431607711413,0.0,1106.93616786951,1106.9361678695102,False
963652,146,8,25.08879778517962,18.653037550490048,1451803.6477536492,108,108,5.107821936854063,6.0,22357.011012474453,31473.724935943457,9116.713923469006,0.0,1254.493148911882,1254.493148911883,False
963652,146,9,144.082783632262,324.2669493297206,2078231.8437627035,94,94,5.459106294205188,5.800000000000001,152750.96559675274,161301.4765214774,8550.51092472467,0.0,1119.5055540651022,1119.5055540651001,False
963652,147,0,10.0,11.970948101981719,781941.4812589214,86,86,5.4221930679738835,6.0,2273.1303078426054,9593.931481512322,7320.801173669716,0.0,959.3931481512321,959.3931481512321,False
963652,147,1,10.969577150465003,13.53971792217889,712367.5918639157,82,82,4.962164603500509,6.0,3568.7888151717407,10316.387241725695,6747.598426553955,0.0,940.4544131665439,940.4544131665441,False
963652,147,2,11.0,12.218669817873778,1056817.4755586023,93,93,5.055221008144796,5.9,3955.7888086481453,11588.40000656938,7632.611197921235,0.0,1053.4909096881254,1053.4909096881254,False
963652,147,3,29.013531525530208,10.0,1510546.517604025,88,88,5.770100949470918,6.0,19814.17866886656,27334.66243541499,7520.483766548431,0.0,942.1349624867999,942.1349624868,False
963652,147,4,19.276978187991244,61.18697870690678,800646.7015590823,87,87,5.799623348503269,5.800000000000001,11552.685778400097,19739.41474921242,8186.728970812324,0.0,1023.9890586953741,1023.9890586953746,False
963652,147,5,17.741100918806552,11.128716248726823,1037895.0600482096,103,103,5.804170315068536,5.1281500168400065,11066.15464440883,20114.25806256016,9048.103418151328,0.0,1133.7660585222152,1133.7660585222154,False
963652,147,6,11.342584929863953,10.0,1246656.1858782046,93,93,5.484949323562496,6.0,3589.4660100850597,11142.146237973006,7552.680227887946,0.0,982.3286584909574,982.3286584909572,False
963652,147,7,34.40775632028833,10.42518275619259,1804118.0649560231,103,103,5.484422911259984,6.0,29870.731621041916,38430.10039918159,8559.368778139673,0.0,1116.902248477083,1116.9022484770828,False
963652,147,8,25.08879778517962,17.720385672965545,1471670.6766405683,109,109,5.157821936854063,6.0,22498.55092527496,31759.529375195983,9260.978449921024,0.0,1265.8848641187933,1265.8848641187933,False
963652,147,9,144.082783632262,356.6936442626927,2198114.0465390277,95,95,5.459106294205188,5.9,154368.09898127292,163006.8989203329,8638.799939059973,0.0,1131.3419605799004,1131.3419605799006,False
963652,148,0,10.0,11.372400696882632,782987.0766223356,86,86,5.472193067973883,6.0,2223.621823343652,9587.843884109623,7364.222060765971,0.0,958.7843884109623,958.7843884109623,False
963652,148,1,10.969577150465003,12.862732026069944,714165.1022216977,83,83,5.0121646035005085,6.0,3565.1171159423193,10436.552215296775,6871.435099354456,0.0,951.4087983650643,951.4087983650644,False
963652,148,2,10.45,11.607736326980088,1058759.567190057,93,93,5.105221008144796,6.0,3321.611109864384,11002.471669337714,7680.86055947333,0.0,1052.8681023289682,1052.868102328968,False
963652,148,3,29.013531525530208,10.0,1529126.09162457,88,88,5.820100949470918,6.0,19759.574020544904,27324.39790731184,7564.823886766936,0.0,941.7811783190875,941.7811783190878,False
963652,148,4,18.31312927859168,55.068280836216104,805736.0249661248,88,88,5.849623348503269,5.800000000000001,10635.332120629691,18963.89596635818,8328.56384572849,0.0,1035.5355263355925,1035.5355263355923,False
963652,148,5,17.741100918806552,10.572280436290482,1047609.0486588423,103,103,5.854170315068536,5.1281500168400065,11002.933495570454,20102.53552871608,9099.602033145624,0.0,1133.1053028059994,1133.1053028059987,False
963652,148,6,12.476843422850349,10.0,1250327.5263871837,93,93,5.484949323562496,6.0,4701.340508979155,12250.511905156549,7549.171396177394,0.0,981.8598735254392,981.859873525439,False
963652,148,7,36.128144136302744,10.0,1834563.7593397214,102,102,5.484422911259984,6.0,31465.694383698345,39939.73973850035,8474.045354802005,0.0,1105.5021145790772,1105.5021145790765,False
963652,148,8,23.834357895920636,19.4924242402621,1489860.6723745859,110,110,5.207821936854063,6.0,21034.162400454545,30439.450978756246,9405.288578301703,0.0,1277.1248594855629,1277.1248594855624,False
963652,148,9,136.8786444506489,392.363008688962,2307696.6761102797,96,96,5.459106294205188,5.9,147749.478405409,156476.5594112472,8727.081005838194,0.0,1143.1773016108768,1143.1773016108752,False
963652,149,0,10.5,10.8037806620385,784140.3055732363,87,87,5.472193067973883,6.0,2693.1578684958304,10033.056367592784,7339.898499096954,0.0,955.5291778659792,955.5291778659794,False
963652,149,1,11.518056007988253,11.57645882346295,716830.2968011666,84,84,5.0121646035005085,6.0,4137.617120644406,11087.909683538157,6950.292562893751,0.0,962.6546073268119,962.6546073268117,False
963652,149,2,10.0,11.027349510631083,1060428.481202495,93,93,5.105221008144796,6.0,2794.4575169328764,10344.338981864,7549.881464931124,0.0,1034.4338981864,1034.4338981864,False
963652,149,3,31.914884678083233,10.0,1550629.807863301,88,88,5.820100949470918,6.0,22483.716238730827,30045.847100498235,7562.130861767407,0.0,941.4368061662303,941.4368061662302,False
963652,149,4,17.397472814662095,52.3148667944053,810567.6772342136,88,88,5.899623348503269,5.800000000000001,9635.360545995007,18015.701168040276,8380.340622045269,0.0,1035.5355263355925,1035.5355263355925,False
963652,149,5,18.62815596474688,11.100894458105007,1058714.804523012,103,103,5.854170315068536,5.228150016840006,12349.147993356675,21697.40091049013,9348.252917133455,0.0,1164.7637560879182,1164.763756087918,False
963652,149,6,11.85300125170783,10.0,1253135.1976074583,93,93,5.534949323562496,6.0,4037.671220274644,11632.357163387742,7594.685943113098,0.0,981.3849603459466,981.3849603459464,False
963652,149,7,37.93455134311788,10.0,1866891.5266183778,102,102,5.484422911259984,6.0,33447.76727865645,41918.14685674858,8470.37957809213,0.0,1105.0123270893348,1105.0123270893357,False
963652,149,8,22.642640001124605,18.517803028248995,1506895.4823314922,111,111,5.207821936854063,6.0,19690.286093039394,29178.742868800437,9488.45677576104,0.0,1288.6634627124397,1288.66346271244,False
963652,149,9,130.03471222811643,392.363008688962,2409698.318845889,96,96,5.509106294205187,5.9,139868.49156976616,148652.7314406849,8784.239870918736,0.0,1143.1773016108768,1143.177301610876,False
963652,150,0,11.025,11.884158728242351,786097.5313666447,87,87,5.522193067973883,6.0,3291.14760276998,10988.302543490589,7697.1549407206085,0.0,996.6714325161533,996.6714325161531,False
963652,150,1,12.093958808387667,10.997635882289803,719984.4593402576,85,85,5.0121646035005085,6.0,4688.96158909048,11635.044177386691,6946.082588296212,0.0,962.0542257277493,962.0542257277493,False
963652,150,2,10.0,10.475982035099529,1061860.465110338,93,93,5.155221008144796,6.0,2706.250237102172,10216.084431946967,7509.834194844795,0.0,1021.608443194697,1021.6084431946967,False
963652,150,3,30.31914044417907,10.0,1570378.7904133375,88,88,5.870100949470918,6.0,20928.98255003663,28536.302835058013,7607.320285021381,0.0,941.197620282031,941.1976202820308,False
963652,150,4,16.52759917392899,49.69912345468503,814675.7475422715,88,88,5.949623348503269,5.800000000000001,8681.59317206531,17112.593339176827,8431.000167111517,0.0,1035.3949874444334,1035.394987444433,False
963652,150,5,17.696748166509536,10.545849735199756,1068621.3664339574,103,103,5.854170315068536,5.328150016840006,11092.784433665889,20304.18912988388,9211.40469621799,0.0,1147.3401180172084,1147.340118017209,False
963652,150,6,13.038301376878614,10.0,1256602.4790018082,94,94,5.584949323562496,6.0,5207.281394349797,12928.152035636465,7720.870641286669,0.0,991.5518641532952,991.5518641532952,False
963652,150,7,37.93455134311788,10.0,1899309.4226986554,102,102,5.484422911259984,6.0,33437.89608027761,41905.849388691655,8467.953308414042,0.0,1104.6881511699814,1104.6881511699821,False
963652,150,8,24.906904001237066,17.591912876836545,1527183.8253933946,111,111,5.257821936854063,6.0,22541.045391228865,32092.832498646618,9551.787107417755,0.0,1288.5115105856855,1288.511510585685,False
963652,150,9,143.0381834509281,431.59930955785825,2523570.3026896985,97,97,5.509106294205187,6.0,156337.11687094,165210.19186143106,8873.074990491064,0.0,1155.0076201723389,1155.00762017234,False
963652,151,0,12.127500000000001,11.289950791830233,788945.7602727897,88,88,5.522193067973883,6.0,4441.744575828972,12223.45397912484,7781.7094032958685,0.0,1007.912098876507,1007.912098876507,False
963652,151,1,12.69865674880705,10.447754088175312,724030.5141864115,85,85,5.062164603500508,6.0,5134.113943651607,12017.417976153927,6883.30403250232,0.0,946.3534776843918,946.353477684392,False
963652,151,2,11.0,10.0,1064251.1320751742,93,93,5.205221008144796,5.9,3520.666964836144,10785.17001939786,7264.5030545617155,0.0,980.4700017634417,980.4700017634418,False
963652,151,3,28.803183421970115,10.0,1588643.4690045472,88,88,5.920100949470918,6.0,19444.67859120958,27095.10348739924,7650.424896189658,0.0,940.6982238890989,940.6982238890994,False
963652,151,4,15.701219215232541,47.21416728195078,817994.0134772997,88,88,5.999623348503269,5.9,7773.112655842877,16254.759637277453,8481.646981434576,0.0,1035.2546139543026,1035.2546139543033,False
963652,151,5,19.46642298316049,10.018557248439768,1080275.8571864632,103,103,5.904170315068535,5.328150016840006,12886.402149091362,22032.50931066116,9146.107161569798,0.0,1131.8211532606922,1131.8211532606927,False
963652,151,6,12.386386308034682,11.0,1260471.4064459896,94,94,5.584949323562496,6.0,4902.927444181512,13164.148739203438,8261.221295021925,0.0,1062.791714373081,1062.791714373081,False
963652,151,7,41.72800647742967,10.0,1935503.7460779534,103,103,5.534422911259984,6.0,37924.32337929797,46524.86949314432,8600.546113846345,0.0,1114.9554800397473,1114.955480039748,False
963652,151,8,26.152249201298922,18.471508520678373,1548911.7688830497,111,111,5.3078219368540625,6.0,24078.280935447925,33693.33778591139,9615.056850463467,0.0,1288.3533468409255,1288.3533468409255,False
963652,151,9,143.0381834509281,410.0193440799653,2640728.811570315,98,98,5.509106294205187,6.0,157940.40460043447,166902.31114083013,8961.906540395665,0.0,1166.8374633552955,1166.837463355294,False
963652,152,0,12.733875000000001,10.72545325223872,792984.0866380231,88,88,5.522193067973883,6.0,4982.166251427437,12661.75836046106,7679.592109033624,0.0,994.3366304805928,994.3366304805929,False
963652,152,1,12.063723911366697,10.447754088175312,727674.9689006577,85,85,5.062164603500508,6.0,4532.51381174387,11414.788172523871,6882.274360780001,0.0,946.2076765341596,946.20767653416,False
963652,152,2,11.55,10.0,1067130.7315542449,93,93,5.255221008144796,5.9,4009.5994790706927,11320.925727603939,7311.326248533246,0.0,980.1667296626786,980.1667296626786,False
963652,152,3,27.363024250871607,10.0,1605447.4513377785,89,89,5.920100949470918,6.0,18293.982333231343,26027.53090338755,7733.548570156207,0.0,951.1935034943546,951.1935034943546,False
963652,152,4,15.701219215232541,44.85345891785324,821265.1905007693,89,89,5.999623348503269,6.0,7863.13486715521,16438.28763569673,8575.152768541522,0.0,1046.943387666935,1046.943387666935,False
963652,152,5,20.439744132318516,10.0,1093020.468859294,103,103,5.904170315068535,5.328150016840006,13774.611672830852,22786.151723514526,9011.540050683674,0.0,1114.7963289562886,1114.7963289562888,False
963652,152,6,13.625024938838152,11.0,1265383.0346218317,94,94,5.634949323562496,6.0,6245.628175842172,14661.224712817924,8415.596536975752,0.0,1076.0512203560147,1076.0512203560145,False
963652,152,7,45.90080712517265,10.0,1977434.8379270062,103,103,5.584422911259984,6.0,43161.09184905281,51944.074435332244,8782.982586279433,0.0,1131.6592820182757,1131.659282018276,False
963652,152,8,26.152249201298922,17.547933094644453,1571039.2588857275,111,111,5.3078219368540625,6.0,24075.310576186013,33689.215528729204,9613.904952543193,0.0,1288.19572150054,1288.1957215005407,False
963652,152,9,157.34200179602092,430.5203112839636,2773168.4567790125,98,98,5.509106294205187,6.0,174630.63571451767,183592.54225491334,8961.906540395665,0.0,1166.8374633552955,1166.837463355295,False
963652,153,0,12.733875000000001,10.189180589626783,796428.8212010374,89,89,5.522193067973883,6.0,4951.571635491333,12587.005522493473,7635.43388700214,0.0,988.4662384775626,988.4662384775626,False
963652,153,1,12.666910106935033,10.0,731642.0246360017,85,85,5.062164603500508,6.0,4817.055735343989,11338.711804513166,6521.6560691691775,0.0,895.1442545017596,895.1442545017599,False
963652,153,2,10.9725,11.0,1069512.7385691812,93,93,5.3052210081447955,6.0,3705.007014936309,11683.782326501656,7978.775311565347,0.0,1064.8240899067355,1064.8240899067355,False
963652,153,3,27.363024250871607,10.0,1622955.5673891746,89,89,5.920100949470918,6.0,18498.116051396108,26314.818766121676,7816.7027147255685,0.0,961.6926303489078,961.6926303489081,False
963652,153,4,16.486280175994168,49.33880480963857,825460.2833298376,89,89,5.999623348503269,6.0,8686.246457123527,17262.52772829362,8576.281271170092,0.0,1047.0844571372595,1047.0844571372597,False
963652,153,5,22.48371854555037,10.5,1108343.3760396936,104,104,5.904170315068535,5.328150016840006,16914.90718039973,26393.59943765618,9478.69225725645,0.0,1173.8983204306114,1173.8983204306119,False
963652,153,6,14.30627618578006,10.0,1270588.8631913473,94,94,5.6849493235624955,6.0,6445.828569515635,14359.215452927483,7913.386883411848,0.0,1003.7004225599982,1003.7004225599981,False
963652,153,7,48.19584748143128,10.0,2022042.236351103,103,103,5.584422911259984,6.0,45637.39842409684,54397.802755631135,8760.40433153429,0.0,1128.682357470513,1128.682357470513,False
963652,153,8,26.152249201298922,16.67053643991223,1593002.6926090082,111,111,5.357821936854062,5.9,24013.863268105877,33693.33778591139,9679.474517805513,0.0,1288.3533468409255,1288.3533468409255,False
963652,153,9,157.34200179602092,430.5203112839636,2904266.1226415588,97,97,5.509106294205187,6.0,172858.13605708277,181731.21104757383,8873.074990491064,0.0,1155.0076201723389,1155.0076201723377,False
963652,154,0,13.370568750000002,10.0,800486.7576250826,90,90,5.522193067973883,6.0,5557.936424045232,13163.806328726558,7605.869904681325,0.0,984.5360040294885,984.5360040294887,False
963652,154,1,12.666910106935033,10.0,734907.7699593799,86,86,5.112164603500508,6.0,4825.74532337825,11460.590623318345,6634.845299940095,0.0,904.766081591103,904.7660815911026,False
963652,154,2,10.423874999999999,10.45,1070832.4674419716,94,94,5.355221008144795,6.0,3102.028872786146,11216.62341458855,8114.594541802404,0.0,1076.0512203560147,1076.0512203560145,False
963652,154,3,25.994873038328027,10.0,1638887.5916608328,89,89,5.970100949470917,6.0,17122.024271658207,24981.38780833498,7859.363536676773,0.0,961.0121107920506,961.0121107920505,False
963652,154,4,15.661966167194459,46.871864569156635,829110.72653125,89,89,5.999623348503269,6.0,7822.039148065962,16397.191916607484,8575.152768541522,0.0,1046.943387666935,1046.9433876669348,False
963652,154,5,24.73209040010541,10.0,1125933.2832375702,105,105,5.954170315068535,5.328150016840006,19339.90719787662,28803.49583131853,9463.588633441912,0.0,1164.6203521557477,1164.620352155747,False
963652,154,6,13.590962376491056,10.0,1274925.2231047992,95,95,5.6849493235624955,6.0,5786.359913451928,13775.857186010777,7989.497272558849,0.0,1013.6042470281233,1013.6042470281238,False
963652,154,7,50.605639855502844,10.0,2070429.085845056,104,104,5.634422911259984,6.0,50226.84949395305,59385.86723875705,9159.017744804001,0.0,1173.502941733864,1173.5029417338637,False
963652,154,8,24.844636741233973,15.837009617916618,1613306.814769029,111,111,5.407821936854062,5.9,22262.03022759947,32004.754752292716,9742.724524693247,0.0,1288.19572150054,1288.1957215005398,False
963652,154,9,165.20910188582198,452.0463268481618,3043175.845437697,98,98,5.509106294205187,6.0,183810.2628272634,192772.16936765905,8961.906540395665,0.0,1166.8374633552955,1166.8374633552953,False
963652,155,0,13.370568750000002,10.5,805034.4729312818,90,90,5.572193067973883,6.0,5692.715306199175,13588.10802307005,7895.392716870875,0.0,1016.2700089381051,1016.2700089381051,False
963652,155,1,13.300255612281784,10.0,739097.3206060525,86,86,5.162164603500508,6.0,5349.550646672648,12024.983342289192,6675.432695616543,0.0,904.1167096957917,904.1167096957915,False
963652,155,2,10.423874999999999,10.0,1072517.4974150932,94,94,5.405221008144795,6.0,2825.0299731215155,10445.892240764162,7620.862267642647,0.0,1002.1121934754747,1002.1121934754746,False
963652,155,3,28.594360342160833,10.0,1657086.493440251,90,90,6.0,6.0,19798.901779418407,27767.592410115627,7968.6906306972205,0.0,971.0863288371526,971.0863288371525,False
963652,155,4,16.445064475554183,44.5282713406988,833143.3815320078,90,90,6.0,6.0,8740.19942141621,17409.240194090267,8669.040772674058,0.0,1058.6300965842572,1058.6300965842574,False
963652,155,5,25.968694920110682,10.0,1145072.0818018515,106,106,5.954170315068535,5.328150016840006,20698.79856428125,30126.497146683778,9427.69858240253,0.0,1160.1082472324485,1160.1082472324479,False
963652,155,6,14.27051049531561,11.0,1280485.1566142342,95,95,5.734949323562495,6.0,6904.933509435099,15513.74481094724,8608.811301512142,0.0,1087.1191199529778,1087.1191199529778,False
963652,155,7,53.13592184827799,10.0,2121496.7358931825,105,105,5.684422911259984,6.0,52817.65004812665,61981.271804485776,9163.621756359125,0.0,1166.4664815915755,1166.466481591576,False
963652,155,8,26.08686857829567,15.045159137020786,1635096.4268381952,112,112,5.407821936854062,6.0,24074.66989252247,33901.62974714171,9826.959854619241,0.0,1299.56685469516,1299.5668546951604,False
963652,155,9,165.20910188582198,474.64864319056994,3180370.541232291,98,98,5.509106294205187,6.0,183810.26282726353,192772.1693676592,8961.906540395665,0.0,1166.8374633552955,1166.8374633552962,False
963652,156,0,13.370568750000002,10.0,809190.9633265117,91,91,5.572193067973883,5.9,5566.490395229856,13297.04394881397,7730.553553584113,0.0,994.5009967368791,994.5009967368791,False
963652,156,1,13.965268392895874,10.0,744184.7021819594,86,86,5.162164603500508,6.0,5947.381575906904,12619.215622567059,6671.834046660155,0.0,903.6142569939046,903.6142569939042,False
963652,156,2,11.4662625,10.0,1074627.5110519074,95,95,5.455221008144795,6.0,3860.0136368141593,11606.257927728104,7746.2442909139445,0.0,1012.2093339244681,1012.209333924468,False
963652,156,3,27.16464232505279,10.0,1673987.594377576,91,91,6.0,6.0,18611.10093732484,26663.520249209087,8052.419311884245,0.0,981.5524139855306,981.5524139855307,False
963652,156,4,15.622811251776474,42.30185777366386,837104.8387940036,90,90,6.0,6.0,7868.624461627036,16536.497213687293,8667.872752060257,0.0,1058.4840940075321,1058.4840940075317,False
963652,156,5,24.670260174105145,10.5,1163341.6484034332,107,107,6.0,5.428150016840005,20193.066601581664,30179.628485365272,9986.561883783608,0.0,1223.320235472951,1223.320235472951,False
963652,156,6,14.984036020081392,10.45,1286947.9920659622,95,95,5.734949323562495,6.0,7555.585451723628,16030.981091901078,8475.39564017745,0.0,1069.870699083784,1069.8706990837838,False
963652,156,7,53.13592184827799,10.0,2172537.9046472777,104,104,5.684422911259984,6.0,52181.16875409505,61237.18148648729,9056.012732392237,0.0,1152.462954559089,1152.4629545590888,False
963652,156,8,27.391212007210456,14.292901180169746,1658997.233332833,112,112,5.457821936854062,6.0,25701.611426822397,35592.36674827145,9890.755321449056,0.0,1299.4082459331169,1299.4082459331164,False
963652,156,9,156.94864679153088,498.38107535009846,3306211.2053727116,99,99,5.559106294205187,5.9,175880.39060008054,184990.05311353478,9109.662513454245,0.0,1178.6661235713002,1178.6661235712995,False
963652,157,0,14.707625625000004,10.0,814745.6957823212,92,92,5.572193067973883,5.9,6974.732455809485,14788.630973139267,7813.8985173297815,0.0,1005.5077107756654,1005.5077107756653,False
963652,157,1,15.361795232185463,10.0,749857.5453372481,87,87,5.212164603500508,6.0,7242.843155288712,14029.523263837515,6786.680108548802,0.0,913.2736800477184,913.2736800477186,False
963652,157,2,12.039575625,10.0,1077713.004676456,96,96,5.455221008144795,6.0,4545.493624548721,12462.763932058671,7917.270307509951,0.0,1035.1497694137931,1035.149769413793,False
963652,157,3,29.88110655755807,10.5,1694802.1991879258,92,92,6.0,6.0,22480.60481034981,30972.911143464607,8492.306333114797,0.0,1036.5382916393496,1036.5382916393496,False
963652,157,4,17.185092376954124,46.53204355103025,842137.8541895642,90,90,6.0,6.0,9520.899315148725,18187.574589565313,8666.675274416588,0.0,1058.3344093020735,1058.3344093020737,False
963652,157,5,24.670260174105145,10.0,1181544.9505969165,107,107,6.0,5.528150016840005,19573.302193483436,29262.441288840055,9689.139095356619,0.0,1186.1423869195773,1186.142386919577,False
963652,157,6,14.984036020081392,10.0,1292445.471716503,96,96,5.784949323562495,6.0,7157.479650540784,15313.711967662177,8156.232317121393,0.0,1022.0018122713375,1022.0018122713371,False
963652,157,7,58.44951403310579,11.0,2231190.6085707457,104,104,5.734422911259983,6.0,60096.70392346799,69492.39297741595,9395.68905394796,0.0,1188.9302097200587,1188.930209720058,False
963652,157,8,28.76077260757098,13.578256121161258,1684686.0647065234,113,113,5.457821936854062,6.0,27723.17431537895,37698.63055027924,9975.45623490029,0.0,1310.7655717272162,1310.7655717272162,False
963652,157,9,172.643511470684,500.0,3451943.326225127,100,100,5.559106294205187,6.0,196332.12085241554,205531.19735610372,9199.07650368818,0.0,1190.4947692807118,1190.494769280711,False
963652,158,0,16.178388187500005,10.0,822041.641412329,92,92,5.622193067973883,6.0,8515.945630007838,16480.450697251144,7964.505067243305,0.0,1018.6707418718339,1018.6707418718339,False
963652,158,1,16.89797475540401,10.0,757532.1134816252,87,87,5.212164603500508,6.0,8644.568144377146,15430.334363591033,6785.766219213887,0.0,913.1469650619745,913.1469650619745,False
963652,158,2,12.64155440625,10.0,1081920.9161627379,96,96,5.455221008144795,6.0,5167.911486281771,13084.14633092371,7916.234844641938,0.0,1035.0108784450504,1035.0108784450504,False
963652,158,3,29.88110655755807,10.0,1715580.5160952625,92,92,6.0,6.0,21798.316907336783,30041.170443823303,8242.85353648652,0.0,1005.3566920608151,1005.3566920608148,False
963652,158,4,18.04434699580183,48.85864572858176,847969.3423546037,90,90,6.0,6.0,10428.766280609565,19094.237483507673,8665.471202898108,0.0,1058.1839003622636,1058.1839003622636,False
963652,158,5,25.903773182810404,10.0,1201625.0583578264,107,107,6.0,5.428150016840005,21350.107760909832,31179.411055078144,9829.303294168312,0.0,1203.662911771039,1203.6629117710397,False
963652,158,6,15.733237821085462,10.0,1299307.36819911,96,96,5.784949323562495,6.0,7921.8964826070205,16076.886106853917,8154.989624246897,0.0,1021.8421846587678,1021.8421846587677,False
963652,158,7,64.29446543641637,10.45,2296881.1763509046,104,104,5.784422911259983,6.0,66977.3677801784,76431.24580784692,9453.878027668521,0.0,1188.7686644417797,1188.7686644417806,False
963652,158,8,31.63684986832808,12.899343315103195,1714717.5422343966,113,113,5.457821936854062,6.0,31489.10332247337,41463.34613270406,9974.242810230688,0.0,1310.602866760555,1310.6028667605547,False
963652,158,9,189.90786261775241,500.0,3619985.478738083,101,101,5.559106294205187,6.0,219042.15251295574,228330.6418913819,9288.489378426153,0.0,1202.3232674203023,1202.323267420302,False
963652,159,0,16.987307596875006,10.0,829835.727459885,93,93,5.622193067973883,6.0,9324.086047555928,17275.664784413682,7951.578736857755,0.0,1016.9748611364242,1016.9748611364242,False
963652,159,1,16.05307601763381,10.5,764736.3341545553,87,87,5.262164603500508,6.0,8417.720672930125,15736.812549250415,7319.091876320291,0.0,980.2988867656273,980.2988867656273,False
963652,159,2,12.64155440625,10.0,1086067.0239430289,96,96,5.455221008144795,6.0,5106.107780290987,12933.501385483873,7827.393605192886,0.0,1023.094231124737,1023.0942311247368,False
963652,159,3,31.375161885435976,10.0,1737664.3861674543,92,92,6.0,5.9,23003.870072191912,31145.246542110337,8141.376469918425,0.0,992.6720587398031,992.6720587398032,False
963652,159,4,19.848781695382016,43.97278115572359,855846.1625906334,91,91,6.0,6.0,12478.343321200568,21238.442509215398,8760.09918801483,0.0,1070.0123985018538,1070.0123985018536,False
963652,159,5,24.608584523669883,10.0,1219690.6910312413,106,106,6.0,5.428150016840005,19325.63267341497,28930.712387745985,9605.079714331014,0.0,1175.6349642913767,1175.6349642913774,False
963652,159,6,17.30656160319401,10.0,1307646.0356144744,96,96,5.784949323562495,6.0,9398.66741536431,17446.61765822314,8047.9502428588285,0.0,1008.0926563138504,1008.0926563138504,False
963652,159,7,70.72391198005802,10.9725,2369990.9504313217,104,104,5.834422911259983,6.0,74550.91408043238,84062.96737551823,9512.053295085847,0.0,1188.6074316593438,1188.6074316593433,False
963652,159,8,30.055007374911675,12.254376149348035,1742130.5661240243,114,114,5.507821936854062,6.0,29610.02277064458,39736.24365131361,10126.220880669034,0.0,1322.1172484051124,1322.1172484051133,False
963652,159,9,208.89864887952768,475.0,3811719.626296817,100,100,5.609106294205187,5.9,239434.1475587338,248692.748800886,9258.601242152215,0.0,1190.4947692807118,1190.4947692807132,False
963652,160,0,17.836672976718756,10.0,838980.9845877457,93,93,5.622193067973883,6.0,10175.257127860794,18117.42448879739,7942.167360936597,0.0,1015.7401277942971,1015.7401277942969,False
963652,160,1,16.855729818515503,10.0,771910.708329276,88,88,5.262164603500508,6.0,8654.374174720626,15556.9838173971,6902.609642676475,0.0,922.9492869723284,922.9492869723285,False
963652,160,2,13.905709846875002,10.0,1091228.1222514042,96,96,5.505221008144795,6.0,6421.098308375358,14385.006249330265,7963.907940954907,0.0,1034.467596960753,1034.467596960753,False
963652,160,3,29.806403791164175,11.0,1759095.5383681087,92,92,6.0,6.0,22743.152200654342,31360.185076089136,8617.032875434794,0.0,1052.1291094293492,1052.129109429349,False
963652,160,4,21.833659864920218,41.77414209793741,866546.9032318452,91,91,6.0,6.0,14602.18757212211,23362.28676013694,8760.09918801483,0.0,1070.0123985018538,1070.0123985018536,False
963652,160,5,27.069442976036875,10.0,1240527.102825835,107,107,6.0,5.428150016840005,22406.411794593776,32090.238594569655,9683.826799975877,0.0,1185.4783499969847,1185.4783499969844,False
963652,160,6,17.30656160319401,10.0,1315448.4602222615,97,97,5.834949323562495,6.0,9572.424607787078,17856.206894251787,8283.78228646471,0.0,1031.759358309298,1031.759358309298,False
963652,160,7,74.26010757906093,10.423874999999999,2446810.1109194867,105,105,5.834422911259983,6.0,78413.66736315029,87885.57355136883,9471.90618821853,0.0,1183.4829818661606,1183.4829818661597,False
963652,160,8,28.55225700616609,12.867094956815437,1768016.3430704572,115,115,5.507821936854062,6.0,27865.492866465444,38078.15047962887,10212.657613163428,0.0,1333.6301389906093,1333.6301389906089,False
963652,160,9,208.89864887952768,427.5,4008403.77385555,100,100,5.609106294205187,5.9,239434.14755873353,248692.74880088575,9258.601242152215,0.0,1190.4947692807118,1190.4947692807118,False
963652,161,0,17.836672976718756,10.0,848085.2796815588,93,93,5.622193067973883,6.0,10034.29509381306,17871.274540302213,7836.979446489154,0.0,1001.9399113068126,1001.9399113068127,False
963652,161,1,18.541302800367056,10.0,781140.7808857363,88,88,5.262164603500508,6.0,10210.072556460338,17112.682199136812,6902.609642676475,0.0,922.9492869723284,922.9492869723285,False
963652,161,2,13.210424354531252,11.0,1095532.4762207246,97,97,5.555221008144795,5.9,6071.353969320349,14649.737973636838,8578.38400431649,0.0,1108.9528678624088,1108.9528678624085,False
963652,161,3,31.296723980722387,10.45,1781798.8843066704,92,92,6.0,6.0,23964.74593855737,32462.821138676754,8498.075200119383,0.0,1037.259400014923,1037.259400014923,False
963652,161,4,22.92534285816623,39.68543499304054,878705.8305576105,91,91,6.0,5.9,15770.301910128956,24530.401098143786,8760.09918801483,0.0,1070.0123985018538,1070.0123985018536,False
963652,161,5,29.776387273640566,10.0,1264191.981109236,106,106,6.0,5.528150016840005,25024.878283400787,34491.75178869869,9466.873505297903,0.0,1158.3591881622378,1158.3591881622383,False
963652,161,6,18.17188968335371,10.0,1324592.1072068457,97,97,5.884949323562495,6.0,10413.6469845842,18749.017238964374,8335.370254380174,0.0,1031.759358309298,1031.7593583092978,False
963652,161,7,77.97311295801399,10.0,2527256.7311641383,105,105,5.834422911259983,6.0,81496.62024465171,90822.05262712926,9325.432382477557,0.0,1164.7867987011623,1164.7867987011628,False
963652,161,8,27.124644155857784,12.223740208974665,1792472.1982889185,115,115,5.507821936854062,6.0,25961.585342484002,36174.24295564743,10212.657613163428,0.0,1333.6301389906093,1333.630138990609,False
963652,161,9,229.78851376748048,448.875,4227560.171555908,100,100,5.659106294205187,5.9,264243.89770035807,273562.0236809743,9318.12598061625,0.0,1190.4947692807118,1190.4947692807118,False
963652,162,0,18.728506625554694,10.0,857586.7788295562,94,94,5.672193067973883,6.0,11141.499147997389,19211.588096771426,8070.088948774037,0.0,1025.7939130372297,1025.7939130372295,False
963652,162,1,20.395433080403762,10.0,791805.6638906682,89,89,5.262164603500508,6.0,12054.883004931813,19031.336081709298,6976.453076777484,0.0,933.1175271779297,933.1175271779294,False
963652,162,2,13.870945572257815,10.45,1101322.6670887314,97,97,5.555221008144795,5.9,6803.840868002193,15382.224872318682,8578.38400431649,0.0,1108.9528678624088,1108.9528678624085,False
963652,162,3,32.861560179758506,10.0,1805212.8151920133,92,92,6.0,6.0,24433.930885342903,32560.68389914582,8126.753013802917,0.0,990.8441267253646,990.8441267253643,False
963652,162,4,21.779075715257918,37.70116324338851,889818.8065576841,91,91,6.0,5.9,14543.78185522177,23303.8810432366,8760.09918801483,0.0,1070.0123985018538,1070.0123985018538,False
963652,162,5,31.265206637322596,10.0,1290033.5015073211,106,106,6.0,5.528150016840005,27101.520398085253,36689.45176656492,9587.931368479665,0.0,1173.4914210599582,1173.491421059958,False
963652,162,6,19.080484167521398,10.0,1334718.0992194556,97,97,5.934949323562495,6.0,11295.992012610004,19680.445726249658,8384.453713639654,0.0,1031.4437282335587,1031.4437282335587,False
963652,162,7,85.77042425381539,10.0,2618263.979019974,106,106,5.884422911259983,5.9,92767.24785583542,102378.34980427813,9611.10194844271,0.0,1193.6323120113752,1193.6323120113743,False
963652,162,8,28.480876363650673,11.61255319852593,1818907.0521613471,115,115,5.507821936854062,6.0,27770.29749026637,37982.9551034298,10212.657613163428,0.0,1333.6301389906093,1333.630138990609,False
963652,162,9,218.29908807910644,448.875,4432978.943333753,100,100,5.709106294205187,5.800000000000001,250506.27177784502,259883.9224969253,9377.650719080288,0.0,1190.4947692807118,1190.4947692807104,False
963652,163,0,19.66493195683243,10.0,868113.3412527826,95,95,5.722193067973882,6.0,12176.562423226365,20379.266446098914,8202.70402287255,0.0,1036.3252967686117,1036.3252967686112,False
963652,163,1,22.43497638844414,10.0,804166.426954747,90,90,5.3121646035005075,6.0,14060.763064078776,21156.110859115353,7095.347795036578,0.0,942.9967962886955,942.9967962886955,False
963652,163,2,15.258040129483598,10.45,1107972.1356206362,98,98,5.605221008144794,5.9,8373.568531900097,17093.81218064437,8720.243648744274,0.0,1120.3150624576904,1120.3150624576908,False
963652,163,3,36.14771619773436,10.0,1831463.2543384011,93,93,6.0,6.0,27980.43914638776,36189.739495566646,8209.300349178888,0.0,1001.1625436473608,1001.162543647361,False
963652,163,4,23.95698328678371,35.81610508121908,903133.7109548373,91,91,6.0,6.0,16874.169959545427,25634.26914756026,8760.09918801483,0.0,1070.0123985018538,1070.0123985018536,False
963652,163,5,34.39172730105486,10.0,1319435.7891822355,106,106,6.0,5.628150016840005,30762.287674914398,40347.74011513475,9585.452440220351,0.0,1173.181555027544,1173.1815550275433,False
963652,163,6,18.126459959145325,10.0,1343702.061631848,97,97,5.984949323562494,6.0,10253.962412392428,18684.921595189106,8430.959182796678,0.0,1030.8091948070655,1030.8091948070655,False
963652,163,7,90.05894546650616,10.0,2715217.3877233053,107,107,5.934422911259983,5.9,98723.40870333122,108480.84826040913,9757.439557077907,0.0,1204.5538363621445,1204.5538363621442,False
963652,163,8,29.90492018183321,11.031925538599634,1847207.825969851,115,115,5.507821936854062,6.0,29669.445245437855,39882.10285860128,10212.657613163428,0.0,1333.6301389906093,1333.6301389906087,False
963652,163,9,229.21404248306177,493.76250000000005,4647103.161236426,100,100,5.709106294205187,5.700000000000001,263500.46790269157,272878.11862177186,9377.650719080288,0.0,1190.4947692807118,1190.4947692807116,False
963652,164,0,18.68168535899081,10.0,878073.059474939,95,95,5.722193067973882,6.0,11009.718222156369,19108.22355894367,8098.505336787302,0.0,1022.8318907933857,1022.8318907933854,False
963652,164,1,23.55672520786635,10.0,818135.7297304004,90,90,5.362164603500507,6.0,15069.302775653468,22210.8384654049,7141.535689751433,0.0,942.8661356540335,942.8661356540333,False
963652,164,2,16.78384414243196,10.0,1116350.3028521629,98,98,5.605221008144794,5.9,9358.167231526622,17477.87078238092,8119.703550854297,0.0,1041.350874928251,1041.350874928251,False
963652,164,3,39.762487817507804,11.0,1864336.096231354,93,93,6.0,6.0,34095.84189295284,42933.91636369342,8838.07447074058,0.0,1079.7593088425724,1079.759308842572,False
963652,164,4,25.154832451122896,34.02529982715812,917859.5665439625,92,92,6.0,6.0,18356.18317321862,27209.690329800145,8853.507156581527,0.0,1081.6883945726909,1081.6883945726906,False
963652,164,5,32.672140936002116,10.5,1347375.9855082838,106,106,6.0,5.728150016840004,29353.19632604829,39135.89007044844,9782.693744400149,0.0,1197.8367180500186,1197.8367180500188,False
963652,164,6,17.220136961188057,11.0,1352490.2181302593,97,97,6.0,6.0,10055.15649841127,19153.207832425156,9098.051334013886,0.0,1112.2564167517357,1112.256416751736,False
963652,164,7,99.06484001315678,10.0,2820090.0018541925,107,107,5.9844229112599825,6.0,106242.61413088707,115773.74011870779,9531.125987820722,0.0,1168.6663008119922,1168.6663008119924,False
963652,164,8,28.409674172741546,10.48032926166965,1872212.5083907188,115,115,5.557821936854062,6.0,26409.920285954853,36254.77279114372,9844.852505188865,0.0,1276.141801933419,1276.1418019334192,False
963652,164,9,217.75334035890867,469.07437500000003,4849952.285708044,100,100,5.709106294205187,5.800000000000001,249856.56197160296,259234.21269068326,9377.650719080288,0.0,1190.4947692807118,1190.4947692807116,False
963652,165,0,20.549853894889893,10.0,889558.9158473224,94,94,5.772193067973882,6.0,12725.856372383452,20788.191478621524,8062.335106238071,0.0,1011.5980184068803,1011.5980184068801,False
963652,165,1,22.378888947473033,10.0,831188.461955821,90,90,5.362164603500507,6.0,13952.732225420687,21091.312294291383,7138.580068870697,0.0,942.4646748011573,942.4646748011572,False
963652,165,2,18.462228556675157,10.0,1126218.9868061217,98,98,5.655221008144794,5.9,11048.68395395873,19216.769599465322,8168.0856455065905,0.0,1040.8694454450006,1040.8694454450006,False
963652,165,3,41.750612208383195,12.100000000000001,1899145.005190719,93,93,6.0,6.0,36234.20895937365,45070.30924328469,8836.100283911037,0.0,1079.5125354888796,1079.512535488879,False
963652,165,4,23.89709082856675,32.32403483580021,931332.2109542644,93,93,6.0,6.0,17178.779650030807,26124.41988694837,8945.640236917563,0.0,1093.2050296146954,1093.205029614695,False
963652,165,5,31.038533889202007,10.0,1373116.345287082,106,106,6.0,5.828150016840004,26900.35977879817,36510.80574176803,9610.445962969863,0.0,1176.305745371233,1176.3057453712327,False
963652,165,6,18.08114380924746,11.0,1362132.751935291,97,97,6.0,6.0,11009.533805031906,20104.979811664103,9095.446006632197,0.0,1111.9307508290246,1111.9307508290249,False
963652,165,7,104.01808201381462,10.0,2935454.4536939333,108,108,5.9844229112599825,6.0,116944.451839741,126884.06661582047,9939.614776079467,0.0,1219.8270162198241,1219.8270162198244,False
963652,165,8,26.989190464104468,10.0,1894610.1505546698,116,116,5.607821936854061,6.0,24357.642163950975,34197.32103954912,9839.678875598143,0.0,1267.074723305667,1267.0747233056672,False
963652,165,9,239.52867439479957,500.0,5077214.230115343,101,101,5.7591062942051865,5.800000000000001,278461.9444072987,287990.8984392089,9528.954031910213,0.0,1202.3232674203023,1202.3232674203014,False
963652,166,0,21.577346589634388,10.0,901774.4521803927,95,95,5.822193067973882,6.0,13865.536333070238,22064.235920728126,8198.699587657888,0.0,1022.5648380384104,1022.56483803841,False
963652,166,1,23.497833394846687,10.5,846439.8003281011,90,90,5.412164603500507,5.9,16396.338372280108,24243.81597650081,7847.477604220702,0.0,1031.7468665778233,1031.7468665778235,False
963652,166,2,19.385339984508917,10.0,1136764.01202612,99,99,5.655221008144794,6.0,12135.025219998228,20385.015538970685,8249.990318972457,0.0,1051.5686366739312,1051.568636673931,False
963652,166,3,43.83814281880236,12.100000000000001,1936300.123979482,94,94,6.0,6.0,38892.51878877193,47818.979640590886,8926.460851818954,0.0,1090.8076064773693,1090.8076064773695,False
963652,166,4,25.091945369995088,30.7078330940102,946427.4129713995,94,94,6.0,6.0,18681.738327976433,27719.46296106511,9037.724633088676,0.0,1104.7155791360844,1104.7155791360842,False
963652,166,5,32.59046058366211,10.0,1400259.8803292373,107,107,6.0,5.928150016840004,29013.535042155323,38717.557121860424,9704.022079705099,0.0,1188.0027599631374,1188.0027599631374,False
963652,166,6,18.985200999709836,10.0,1371911.3481568615,96,96,6.0,6.0,10838.59622157043,19077.481424935948,8238.885203365518,0.0,1004.8606504206898,1004.8606504206894,False
963652,166,7,114.41989021519609,10.0,3064091.173678516,108,108,5.9844229112599825,5.9,129716.71998458273,139662.625760883,9945.905776300273,0.0,1220.6149254138543,1220.6149254138545,False
963652,166,8,28.338649987309694,10.0,1919143.9895184329,117,117,5.607821936854061,6.0,26303.838963763155,36230.24675551236,9926.407791749205,0.0,1278.4746899282986,1278.474689928299,False
963652,166,9,239.52867439479957,475.0,5309367.397214615,102,102,5.7591062942051865,5.9,281203.1670992723,290823.89089378517,9620.723794512847,0.0,1214.1506298925979,1214.150629892599,False
963652,167,0,20.498479260152667,10.0,912857.305562414,96,96,5.872193067973882,6.0,12842.853382021342,21174.76631491126,8331.912932889918,0.0,1032.9920598584713,1032.9920598584715,False
963652,167,1,24.672725064589024,11.025,863053.4491718002,90,90,5.412164603500507,5.9,17605.898843701085,25452.24691219646,7846.348068495375,0.0,1031.5944771226843,1031.5944771226843,False
963652,167,2,20.354606983734364,10.0,1148669.6844932742,99,99,5.705221008144794,5.9,13095.672467154236,21394.57110215729,8298.898635003054,0.0,1051.092321225066,1051.092321225066,False
963652,167,3,48.2219571006826,11.495000000000001,1978888.9219748464,94,94,6.0,6.0,43669.327995374886,52594.77671196763,8925.44871659274,0.0,1090.6810895740925,1090.681089574092,False
963652,167,4,23.837348101495333,33.77861640341123,960445.5030821927,94,94,6.0,6.0,17293.280052718714,26329.749360893875,9036.469308175163,0.0,1104.5586635218954,1104.5586635218954,False
963652,167,5,34.21998361284521,10.0,1429813.8182451292,108,108,6.0,6.0,31233.937915891926,41024.7716494393,9790.833733547377,0.0,1198.8542166934221,1198.8542166934226,False
963652,167,6,19.93446104969533,10.0,1382052.575999592,97,97,6.0,6.0,11911.227842730397,20229.719523116477,8318.49168038608,0.0,1014.8114600482598,1014.8114600482595,False
963652,167,7,108.69889570443628,10.0,3185725.409628072,108,108,5.9844229112599825,5.800000000000001,122714.235949556,132658.607482444,9944.371532888,0.0,1220.4227708362068,1220.422770836207,False
963652,167,8,26.921717487944207,10.0,1942195.0149211413,117,117,5.657821936854061,6.0,24421.025402708445,34408.4242149924,9987.398812283956,0.0,1278.0917202032456,1278.0917202032454,False
963652,167,9,263.48154183427954,475.0,5573251.999168435,103,103,5.7591062942051865,5.800000000000001,313309.60195382,323022.08106296114,9712.47910914115,0.0,1225.9761302980799,1225.9761302980778,False
963652,168,0,22.548327186167935,10.0,926246.2077735527,97,97,5.922193067973882,6.0,15058.902211138791,23523.831846345845,8464.929635207054,0.0,1043.2628395057316,1043.2628395057318,False
963652,168,1,25.906361317818476,10.473749999999999,880406.930956119,90,90,5.462164603500507,5.800000000000001,18496.119284319284,26260.20687822183,7764.0875939025445,0.0,1013.658636041642,1013.6586360416419,False
963652,168,2,21.372337332921084,10.0,1161470.679094719,100,100,5.705221008144794,5.800000000000001,14300.994601444769,22676.33792822189,8375.34332677712,0.0,1061.0134762046907,1061.0134762046907,False
963652,168,3,50.63305495571674,11.495000000000001,2023988.0065274304,95,95,6.0,6.0,46791.10955259459,55808.88901529641,9017.779462701817,0.0,1102.2224328377272,1102.2224328377265,False
963652,168,4,22.645480696420567,33.77861640341123,972947.1057249412,94,94,6.0,6.0,15976.792584674024,25013.261892849187,9036.469308175163,0.0,1104.5586635218954,1104.5586635218956,False
963652,168,5,35.93098279348747,10.0,1461146.2899868018,109,109,6.0,6.0,33022.471741672605,42738.06150442708,9715.589762754475,0.0,1189.4487203443093,1189.4487203443095,False
963652,168,6,18.93773799721056,10.0,1391773.8631115027,97,97,6.0,6.0,10891.287111910771,19203.594877731724,8312.307765820953,0.0,1014.0384707276191,1014.0384707276191,False
963652,168,7,119.56878527487991,10.0,3317791.0442022197,108,108,6.0,5.800000000000001,133345.63457414793,143121.47672355358,9775.842149405655,0.0,1196.9802686757068,1196.9802686757062,False
963652,168,8,25.575631613546996,11.0,1964115.3905423868,118,118,5.707821936854061,6.0,23918.375621245577,34522.56886364473,10604.193242399155,0.0,1349.822729123088,1349.8227291230878,False
963652,168,9,263.48154183427954,498.75,5835190.351122255,103,103,5.7591062942051865,5.700000000000001,313309.6019538204,323022.08106296154,9712.47910914115,0.0,1225.9761302980799,1225.9761302980794,False
963652,169,0,21.420910826859537,10.0,938871.4423569263,98,98,5.922193067973882,6.0,14205.234583373573,22859.448650025828,8654.214066652255,0.0,1067.155772917112,1067.1557729171122,False
963652,169,1,24.61104325192755,10.0,895157.781889714,89,89,5.462164603500507,5.9,15740.85093359494,22877.354248186944,7136.503314592004,0.0,929.5564602445362,929.5564602445359,False
963652,169,2,22.44095419956714,10.0,1175745.4490182984,101,101,5.705221008144794,5.800000000000001,15784.769923579393,24343.104281670232,8558.334358090839,0.0,1084.762442148729,1084.7624421487292,False
963652,169,3,53.16470770350258,10.920250000000001,2071509.7389304505,95,95,6.0,6.0,48859.156153017,57748.97767916625,8889.821526149253,0.0,1086.2276907686567,1086.2276907686573,False
963652,169,4,23.777754731241597,32.089685583240666,986955.6698359221,94,94,6.0,6.0,17224.994555806763,26260.21596854858,9035.221412741814,0.0,1104.4026765927267,1104.4026765927263,False
963652,169,5,39.524081072836225,10.0,1497737.276336662,109,109,6.0,6.0,37780.98634986032,47619.582637468,9838.596287607674,0.0,1204.8245359509592,1204.8245359509592,False
963652,169,6,20.83151179693162,10.0,1403486.5108784027,97,97,6.0,6.0,12982.647766899989,21401.568795396313,8418.921028496325,0.0,1027.3651285620406,1027.3651285620404,False
963652,169,7,131.52566380236792,11.0,3470949.0152008245,108,108,6.0,5.9,154445.9709986047,164661.44252011957,10215.471521514872,0.0,1251.933940189359,1251.93394018936,False
963652,169,8,26.854413194224346,10.45,1988103.1846182528,118,118,5.707821936854061,6.0,25220.89407586054,35654.55511653985,10433.661040679312,0.0,1327.6981648665549,1327.6981648665544,False
963652,169,9,250.30746474256554,500.0,6068146.873796359,104,104,5.7591062942051865,5.800000000000001,285556.522674103,295644.1336548748,10087.610980771813,56.676771218085044,1237.8006899910897,1181.123918773005,False
963652,170,0,22.491956368202516,10.0,952935.3303745497,98,98,5.922193067973882,6.0,15143.888017623416,23687.00525186676,8543.117234243346,0.0,1053.1322782287502,1053.1322782287502,False
963652,170,1,25.84159541452393,11.0,912028.1474573035,90,90,5.512164603500507,6.0,18660.365567589473,26590.129360402774,7929.763792813301,0.0,1028.9662435260534,1028.9662435260534,False
963652,170,2,22.44095419956714,10.0,1189599.6406889425,102,102,5.755221008144794,5.9,15674.191670644097,24257.0121350252,8582.820464381104,0.0,1080.9260568560437,1080.9260568560444,False
963652,170,3,58.48117847385284,10.374237500000001,2123206.48217657,96,96,6.0,6.0,53492.67004610972,62201.61087028961,8708.940824179892,0.0,1063.6176030224865,1063.6176030224867,False
963652,170,4,26.155530204365757,30.485201304078632,1003519.5660205553,95,95,6.0,6.0,20059.990308520886,29187.29348522419,9127.3031767033,0.0,1115.9128970879126,1115.9128970879124,False
963652,170,5,41.50028512647804,11.0,1538353.501178323,109,109,6.0,6.0,42115.224841661126,52420.26715563615,10305.042313975031,0.0,1263.1302892468789,1263.1302892468789,False
963652,170,6,22.914662976624783,10.0,1416864.008985801,98,98,6.0,6.0,15057.498107398176,23441.38969452191,8383.891587123733,0.0,1022.9864483904668,1022.9864483904669,False
963652,170,7,144.67823018260472,10.45,3636742.1404944668,109,109,6.0,5.800000000000001,167632.17529366264,177655.66657355035,10023.49127988771,0.0,1227.9364099859638,1227.9364099859624,False
963652,170,8,25.511692534513127,10.0,2008964.9463511987,119,119,5.757821936854061,6.0,22851.76173294596,33124.57722809556,10272.815495149598,0.0,1298.4076686908736,1298.4076686908736,False
963652,170,9,237.79209150543724,500.0,6239920.176143025,105,105,5.7591062942051865,5.9,224873.30234666617,236331.4908768283,11458.188530162111,312.4437033332961,1249.6245889474376,993.8576568322267,False
963652,171,0,23.616554186612642,10.5,968287.3847036262,99,99,5.922193067973882,6.0,16991.55432907644,25869.4999621586,8877.945633082161,0.0,1095.3968880364039,1095.396888036404,False
963652,171,1,28.425754955976323,10.45,930483.4317190422,91,91,5.562164603500507,6.0,20206.234261734528,27802.626724286696,7596.392462552168,0.0,978.0787446928088,978.0787446928083,False
963652,171,2,23.5630019095455,10.0,1204947.4940129393,102,102,5.805221008144794,5.800000000000001,16567.85332399675,25073.388338404548,8505.535014407795,0.0,1064.0999153952105,1064.0999153952105,False
963652,171,3,61.40523739754549,11.411661250000002,2181161.1308244355,97,97,6.0,6.0,59861.57978912031,69058.68684692071,9197.107057800402,0.0,1124.6383822250502,1124.6383822250502,False
963652,171,4,24.847753694147467,28.9609412388747,1018833.8185702614,96,96,6.0,6.0,18794.50290864145,28013.866915720788,9219.364007079335,0.0,1127.420500884917,1127.4205008849171,False
963652,171,5,39.42527087015414,10.45,1574348.5096999637,109,109,6.0,6.0,37134.05852163551,46838.271529286794,9704.21300765128,0.0,1188.02662595641,1188.026625956411,False
963652,171,6,25.206129274287264,11.0,1433917.2307239631,99,99,6.0,6.0,18942.22173816216,28042.409076295513,9100.187338133353,0.0,1112.5234172666692,1112.5234172666699,False
963652,171,7,159.1460532008652,10.0,3809982.476336256,109,109,6.0,5.9,174430.33584178923,183873.3339694196,9442.998127630355,0.0,1155.3747659537944,1155.3747659537935,False
963652,171,8,28.062861787964444,11.0,2035066.2402350118,119,119,5.757821936854061,6.0,27410.29388381313,38159.189386873164,10748.895503060032,0.0,1359.775409763762,1359.775409763762,False
963652,171,9,249.68169608070912,500.0,6350281.00820393,106,106,5.7591062942051865,5.9,163860.83206090512,178150.43480547867,14289.602744573565,860.3804199186859,1261.4469081690484,713.5101915836549,False
963652,172,0,22.43572647728201,10.0,982407.9005467296,99,99,5.922193067973882,6.0,15210.51584310346,23822.32558943565,8611.809746332192,0.0,1061.8031742166984,1061.803174216698,False
963652,172,1,31.26833045157396,10.0,951334.5538605318,92,92,5.612164603500506,5.9,22471.12214148949,29966.315901772392,7495.193760282901,0.0,958.3599593902838,958.3599593902837,False
963652,172,2,23.5630019095455,10.0,1220018.2982905733,103,103,5.8552210081447935,5.9,16900.804277634124,25652.654972589087,8751.850694954965,0.0,1088.683652068842,1088.6836520688419,False
963652,172,3,64.47549926742276,10.8410781875,2243108.793360214,97,97,6.0,6.0,63299.24711995048,72494.1915391959,9194.944419245428,0.0,1124.3680524056786,1124.3680524056788,False
963652,172,4,26.09014137885484,26.06484711498723,1036108.7784218243,97,97,6.0,6.0,20403.250021714215,29714.621609245038,9311.371587530823,0.0,1138.9214484413528,1138.921448441353,False
963652,172,5,37.454007326646426,10.0,1607686.2335194827,109,109,6.0,6.0,34727.72381951896,44414.43941164026,9686.715592121303,0.0,1185.839449015163,1185.8394490151627,False
963652,172,6,27.726742201715993,10.45,1454521.1661448784,99,99,6.0,6.0,21738.48542091054,30835.437668404153,9096.952247493613,0.0,1112.1190309367016,1112.119030936702,False
963652,172,7,167.10335586090847,10.0,4001418.1456793873,110,110,6.0,5.9,193235.66934313113,203161.95919020323,9926.289847072092,0.0,1215.7862308840115,1215.7862308840092,False
963652,172,8,26.65971869856622,10.45,2059049.6885067455,119,119,5.807821936854061,6.0,25426.998271728084,36240.83951066912,10813.841238941033,0.0,1359.3856679597354,1359.3856679597366,False
963652,172,9,224.71352647263822,500.0,6416098.269614175,107,107,5.7591062942051865,6.0,119917.26141024452,137603.19060135304,17685.929191108517,1521.2999937358086,1273.2689626649178,612.349388847796,False
963652,173,0,23.55751280114611,10.0,997363.2434729653,100,100,5.922193067973882,6.0,16555.3429262358,25245.035740136398,8689.692813900598,0.0,1071.6341726410178,1071.6341726410178,False
963652,173,1,34.39516349673136,10.0,975503.7626564355,92,92,5.662164603500506,6.0,25389.20879590368,32923.54231570957,7534.333519805892,0.0,957.2142990056827,957.2142990056833,False
963652,173,2,22.384851814068224,10.0,1234131.3362000103,104,104,5.8552210081447935,6.0,15753.037909436984,24577.802034816657,8824.764125379674,0.0,1097.9658136208986,1097.9658136208982,False
963652,173,3,67.6992742307939,10.299024278125,2308090.481560737,98,98,6.0,6.0,66690.99257979596,75854.71864737921,9163.726067583246,0.0,1120.4657584479057,1120.465758447905,False
963652,173,4,24.785634309912098,24.76160475923787,1051992.595610754,98,98,6.0,6.0,19110.454455337283,28513.778725989003,9403.324270651721,0.0,1150.4155338314652,1150.4155338314652,False
963652,173,5,41.199408059311075,10.0,1645977.3128661367,110,110,6.0,6.0,40191.07934665396,50124.04308492181,9932.963738267847,0.0,1216.6204672834808,1216.62046728348,False
963652,173,6,26.340405091630192,11.495000000000001,1474221.79204373,99,99,6.0,6.0,20838.630898862713,30215.584534838363,9376.953635975648,0.0,1147.119204496956,1147.1192044969548,False
963652,173,7,183.81369144699931,10.0,4219155.475513583,111,111,6.0,6.0,219447.32983419579,229641.87931558973,10194.549481393955,0.0,1249.3186851742444,1249.318685174246,False
963652,173,8,27.992704633494533,10.0,2083133.6971265865,120,120,5.8578219368540605,6.0,26084.008619840853,36541.58313036469,10457.57451052384,0.0,1305.3966599083485,1305.3966599083478,False
963652,173,9,202.2421738253744,475.0,6418815.706597256,108,108,5.7591062942051865,6.0,54617.43698308054,76918.87993171973,22301.44294863919,2426.0591081086623,1285.0896778592569,380.3305634864031,False
963652,174,0,24.735388441203416,10.0,1014083.2981296658,101,101,5.922193067973882,5.9,18230.05465670049,27114.09406756513,8884.03941086464,0.0,1096.1660914287213,1096.1660914287218,False
963652,174,1,32.675405321894786,10.0,997708.2797109961,93,93,5.712164603500506,6.0,23934.517054560594,31590.655071673544,7656.138017112948,0.0,966.8022404149219,966.8022404149219,False
963652,174,2,23.504094404771635,10.0,1249360.8771779297,105,105,5.905221008144793,6.0,17079.54097791957,26036.493283160227,8956.952305240658,0.0,1107.7428823581683,1107.7428823581683,False
963652,174,3,74.4692016538733,10.0,2375967.9871347304,97,97,6.0,6.0,68847.50557399346,77357.82119156882,8510.31561757535,0.0,1038.7894521969188,1038.7894521969174,False
963652,174,4,26.024916025407705,23.523524521275974,1069607.0876541184,99,99,6.0,6.0,20743.320970981447,30238.596884149647,9495.275913168198,0.0,1161.9094891460247,1161.9094891460243,False
963652,174,5,41.199408059311075,11.0,1686412.6002262782,111,111,6.0,6.0,42456.28736014149,52935.09408680014,10478.806726658651,0.0,1284.8508408323314,1284.8508408323307,False
963652,174,6,27.657425346211703,10.920250000000001,1494945.982525278,99,99,6.0,6.0,22005.295231544776,31242.20412086647,9236.908889321694,0.0,1129.6136111652118,1129.6136111652122,False
963652,174,7,174.62300687464935,10.0,4422825.770622926,112,112,6.0,6.0,205490.29510934287,215566.0163061922,10075.721196849327,0.0,1234.4651496061658,1234.465149606164,False
963652,174,8,29.392339865169262,10.5,2110290.6372369216,120,120,5.90782193685406,6.0,28716.940110334992,39560.41901519932,10843.478904864325,0.0,1345.9431673923832,1345.9431673923827,False
963652,174,9,182.01795644283698,498.75,6409008.75992295,109,109,5.809106294205186,6.0,45356.80332569397,72312.89967305821,26956.09634736425,3325.681940216987,1296.907259899209,397.28442779088226,False
963652,175,0,27.20892728532376,10.0,1033615.6796148209,101,101,5.922193067973882,6.0,20642.381485155063,29403.57013746859,8761.188652313524,0.0,1080.6589259889201,1080.6589259889197,False
963652,175,1,31.041635055800047,10.0,1018757.2343922153,94,94,5.712164603500506,6.0,22588.954681219235,30322.43770658952,7733.483025370286,0.0,976.8312027405227,976.8312027405224,False
963652,175,2,24.679299125010218,11.0,1267991.473595243,105,105,5.905221008144793,6.0,19885.59641731331,29551.456636458068,9665.860219144757,0.0,1197.4187956784547,1197.4187956784544,False
963652,175,3,81.91612181926064,10.0,2450440.713272215,98,98,6.0,5.9,76152.7261374843,84616.44173925048,8463.71560176619,0.0,1032.9644502207736,1032.9644502207736,False
963652,175,4,26.024916025407705,22.347348295212175,1088138.0211438797,99,99,6.0,6.0,20743.320970981455,30238.596884149654,9495.275913168198,0.0,1161.9094891460247,1161.9094891460245,False
963652,175,5,43.25937846227663,11.0,1729988.7864169702,112,112,6.0,6.0,45508.18619069194,56078.91606378809,10570.72987309616,0.0,1296.34123413702,1296.3412341370197,False
963652,175,6,26.274554078901115,10.374237500000001,1513459.7745836687,99,99,6.0,6.0,19740.84157088051,28670.28754686882,8929.44597598831,0.0,1091.1807469985388,1091.1807469985388,False
963652,175,7,183.35415721838183,10.0,4405602.937902578,112,112,6.0,6.0,-16002.832720347795,2.1476154188349024e-12,16002.832720347797,1215.6025169498305,1215.6025169498305,1.1712935509157888e-14,False
963652,175,8,27.922722871910796,10.5,2135370.154888927,120,120,5.95782193685406,6.0,26639.517652005336,37537.49722327751,10897.979571272173,0.0,1344.3351278982464,1344.335127898247,False
963652,175,9,163.81616079855328,498.75,6595657.199712611,109,109,5.809106294205186,6.0,241112.18978966086,266421.1121447517,25308.92235509085,2996.2471417623074,1296.907259899209,1626.3420583538943,False
963652,176,0,25.848480921057572,10.0,1051449.1980550757,102,102,5.9721930679738815,6.0,19553.5184402548,28562.890054302083,9009.371614047282,0.0,1105.0123270893348,1105.0123270893341,False
963652,176,1,32.59371680859005,10.0,1041650.4925177511,94,94,5.762164603500506,5.9,24033.25812553584,31808.40030335633,7775.142177820494,0.0,975.9058928490552,975.9058928490551,False
963652,176,2,23.445334168759704,10.45,1284702.0037163175,106,106,5.955221008144793,6.0,18518.230121069617,28331.307569272743,9813.077448203127,0.0,1208.39853957055,1208.3985395705502,False
963652,176,3,86.01192791022368,10.0,2530692.6607005517,98,98,6.0,6.0,81531.94742833664,90113.42955475136,8581.482126414714,0.0,1047.6852658018393,1047.6852658018397,False
963652,176,4,26.024916025407705,21.229980880451564,1106776.652272587,99,99,6.0,6.0,20740.399235866185,30234.37839509171,9493.979159225526,0.0,1161.7473949031908,1161.747394903191,False
963652,176,5,41.0964095391628,10.45,1771386.806432732,113,113,6.0,6.0,43078.870015756394,53740.15463686787,10661.284621111472,0.0,1307.660577638934,1307.6605776389351,False
963652,176,6,28.90200948679123,10.0,1533862.5066334584,99,99,6.0,6.0,21592.732049789847,30133.645707325602,8540.913657535757,0.0,1042.6142071919696,1042.614207191969,False
963652,176,7,165.01874149654364,10.0,4381237.015397656,113,113,6.0,5.9,-22735.922504922215,1.3571366253017914e-12,22735.922504922215,2481.5955877323736,1265.993070782543,8.224136319269026e-15,False
963652,176,8,27.922722871910796,10.0,2159801.873344653,121,121,6.0,6.0,26341.718455726033,37199.58630897914,10857.867853253105,0.0,1332.233481656638,1332.2334816566372,False
963652,176,9,147.43454471869796,473.8125,6775911.724519722,110,110,5.809106294205186,6.0,232973.8998071114,256229.13920237965,23255.239395268254,2567.053874390296,1308.7246655741628,1737.9179329461729,False
963652,177,0,28.43332901316333,10.0,1072758.8026227136,102,102,5.9721930679738815,6.0,22429.6045676379,31446.6896575558,9017.0850899179,0.0,1105.9798746392812,1105.9798746392805,False
963652,177,1,30.964030968160547,11.0,1065080.9404279357,95,95,5.812164603500506,6.0,25275.4479101846,34071.66167919871,8796.213769014108,0.0,1100.3626018277037,1100.362601827703,False
963652,177,2,22.273067460321716,10.0,1298721.2124090618,107,107,6.0,6.0,15889.208692744445,25107.14894278333,9217.940250038884,0.0,1127.2425312548605,1127.242531254861,False
963652,177,3,86.01192791022368,10.0,2611108.776582855,98,98,6.0,5.9,81596.11588230332,90184.17838232865,8588.06250002534,0.0,1048.5078125031675,1048.5078125031662,False
963652,177,4,28.62740762794848,20.168481836428985,1128260.6104508834,100,100,6.0,5.9,24000.80636192934,33586.69015244084,9585.883790511498,0.0,1173.2354738139372,1173.2354738139366,False
963652,177,5,39.04158906220466,10.0,1809145.0076085841,114,114,6.0,6.0,39498.201175852104,49929.17255977201,10430.971383919901,0.0,1278.8714229899876,1278.8714229899876,False
963652,177,6,30.34710996113079,10.0,1555043.093128274,100,100,6.0,6.0,22980.58649481545,31478.961196558757,8498.374701743307,0.0,1037.2968377179134,1037.2968377179134,False
963652,177,7,148.51686734688928,10.0,4349965.548737913,114,114,6.0,6.0,-29531.466659742495,5.222489107836738e-13,29531.466659742495,3783.4024124308835,1301.8068246985097,3.516428269146443e-15,False
963652,177,8,29.318859015506337,10.0,2186343.527966628,122,122,6.0,6.0,28461.654621975144,39417.072480361654,10955.41785838651,0.0,1344.4272322983138,1344.427232298314,False
963652,177,9,132.69109024682817,473.8125,6960148.926877954,111,111,5.809106294205186,6.0,237430.38985823214,257671.14984835923,20240.75999012708,1945.7057537105875,1320.5392311315345,1941.8873518112387,False
963652,178,0,29.8549954638215,10.0,1095462.7323620163,103,103,5.9721930679738815,6.0,24233.92973930275,33335.53209202487,9101.602352722122,0.0,1116.5813819138286,1116.5813819138277,False
963652,178,1,32.512232516568574,11.55,1090862.7214220758,95,95,5.812164603500506,6.0,26979.030994144538,35775.24476315865,8796.213769014108,0.0,1100.3626018277037,1100.3626018277032,False
963652,178,2,24.50037420635389,10.0,1315604.770746166,108,108,6.0,6.0,18563.558337104114,27860.83484850771,9297.276511403596,0.0,1137.1595639254494,1137.1595639254492,False
963652,178,3,94.61312070124605,10.0,2701029.375214572,99,99,6.0,6.0,91510.59863171732,100181.42595110733,8670.827319390004,0.0,1058.8534149237505,1058.85341492375,False
963652,178,4,27.196037246551054,22.185330020071884,1148063.5493031875,100,100,6.0,6.0,22321.471854307303,31907.3556448188,9585.883790511498,0.0,1173.2354738139372,1173.2354738139368,False
963652,178,5,39.04158906220466,10.0,1847303.2087844363,114,114,6.0,5.9,39498.20117585211,49929.172559772014,10430.971383919901,0.0,1278.8714229899876,1278.8714229899879,False
963652,178,6,28.82975446307425,10.0,1575040.0828158266,101,101,6.0,6.0,21606.989687552777,30182.31248886987,8575.322801317092,0.0,1046.9153501646365,1046.9153501646365,False
963652,178,7,133.66518061220037,10.0,4312685.047954679,114,114,6.0,6.0,-36040.50078323503,3.694822225952533e-12,36040.50078323504,5085.209237129393,1301.8068246985097,2.7642368857991774e-14,False
963652,178,8,30.784801966281655,10.0,2214994.890600789,123,123,6.0,6.0,30681.36263416115,41724.15606457542,11042.793430414273,0.0,1355.349178801784,1355.3491788017852,False
963652,178,9,119.42198122214535,450.121875,7101748.465445086,111,111,5.809106294205186,6.0,191663.06669215322,209725.65788579534,18062.59119364212,1510.0719944135956,1320.5392311315345,1756.172990428535,False
963652,179,0,28.362245690630424,10.0,1116699.2102510717,104,104,5.9721930679738815,5.9,22776.477889055386,31959.92296119065,9183.44507213526,0.0,1126.8474051668177,1126.8474051668177,False
963652,179,1,32.512232516568574,10.9725,1116795.9593321881,95,95,5.812164603500506,6.0,26975.62541010447,35770.7620572586,8795.136647154131,0.0,1100.2247243104412,1100.2247243104407,False
963652,179,2,26.95041162698928,10.0,1335448.9735909188,109,109,6.0,6.0,21534.202844752966,30909.39260740657,9375.189762653603,0.0,1146.8987203317004,1146.8987203317,False
963652,179,3,94.61312070124605,10.0,2791501.928884822,99,99,6.0,6.0,91462.55367024965,100128.9433283635,8666.38965811385,0.0,1058.2987072642313,1058.2987072642327,False
963652,179,4,29.915640971206162,21.07606351906829,1171102.395424275,101,101,6.0,6.0,25767.528536517646,35446.613750821,9679.085214303353,0.0,1184.8856517879192,1184.8856517879194,False
963652,179,5,39.04158906220466,10.0,1885447.4280276934,114,114,6.0,5.9,39484.21924325707,49911.587220774796,10427.367977517728,0.0,1278.420997189716,1278.4209971897162,False
963652,179,6,30.271242186227962,10.0,1596646.4562245514,102,102,6.0,6.0,23326.373408724787,31977.226113572287,8650.852704847499,0.0,1056.3565881059374,1056.3565881059374,False
963652,179,7,120.29866255098034,10.0,4268240.64192009,115,115,6.0,6.0,-42694.40603458871,3.987921104453561e-12,42694.40603458872,6398.159994740297,1312.9507576109042,3.315016991783723e-14,False
963652,179,8,30.784801966281655,10.0,2243976.680999338,124,124,6.0,6.0,30921.79039854928,42049.00071869345,11127.21032014417,0.0,1365.9012900180212,1365.9012900180219,False
963652,179,9,107.47978309993081,472.62796875000004,7242057.648718092,111,111,5.809106294205186,6.0,192770.8878042513,207770.60818849155,14999.720384240247,897.4978325332205,1320.5392311315345,1933.1133930119115,False
963652,180,0,26.944133406098903,10.0,1136413.9275596794,104,104,5.9721930679738815,6.0,20854.71730860774,29902.113430686255,9047.396122078519,0.0,1109.7819692325977,1109.7819692325975,False
963652,180,1,34.13784414239701,10.423874999999999,1143563.1258841215,96,96,5.8621646035005055,6.0,28567.858551942598,37375.728764805266,8807.870212862666,0.0,1094.8473667201201,1094.8473667201208,False
963652,180,2,26.95041162698928,11.0,1357550.9448574802,110,110,6.0,6.0,23911.97126656141,34290.94647455995,10378.975207998537,0.0,1272.3719009998172,1272.371900999818,False
963652,180,3,89.88246466618374,10.0,2875721.23264574,100,100,6.0,6.0,85819.3037609179,94423.47714398343,8604.173383065523,0.0,1050.5216728831904,1050.5216728831886,False
963652,180,4,32.90720506832678,20.022260343114873,1197958.395259637,102,102,6.0,5.9,29598.27039036735,39369.242423117925,9770.972032750575,0.0,1196.3715040938218,1196.3715040938212,False
963652,180,5,40.993668515314894,10.0,1925569.520600866,114,114,6.0,5.9,41262.092573172755,51515.43782125925,10253.345248086493,0.0,1256.6681560108116,1256.668156010812,False
963652,180,6,33.29836640485076,10.0,1622125.293068851,102,102,6.0,6.0,26498.83684429968,35141.701942239095,8642.865097939415,0.0,1055.358137242427,1055.3581372424267,False
963652,180,7,108.26879629588231,10.0,4217175.837949123,116,116,6.0,6.0,-49104.80397096628,3.042899265892631e-12,49104.80397096628,7699.237225299127,1301.07723055883,2.8105043835315632e-14,False
963652,180,8,33.863282162909826,10.0,2277285.963936717,124,124,6.0,6.0,34549.28293737848,45497.89023895661,10948.607301578133,0.0,1343.5759126972666,1343.5759126972657,False
963652,180,9,96.73180478993774,448.9965703125,7355262.772344328,112,112,5.809106294205186,6.0,164092.73950122794,176712.34569848483,12619.606197256877,403.0234380493487,1332.3533596579257,1826.8277541417986,False
963652,181,0,25.596926735793957,10.0,1154648.8479379672,104,104,6.0,6.0,19574.92037828789,28765.09038931086,9190.170011022967,0.0,1123.7712513778708,1123.771251377871,False
963652,181,1,35.84473634951686,10.0,1170079.213313663,96,96,5.8621646035005055,6.0,27576.087429541334,35580.236862066755,8004.149432525421,0.0,992.6209671380761,992.6209671380755,False
963652,181,2,26.95041162698928,10.45,1380213.4161240468,110,110,6.0,6.0,23911.971266561395,34290.94647455993,10378.975207998537,0.0,1272.3719009998172,1272.3719009998174,False
963652,181,3,98.87071113280211,10.0,2860463.09816566,100,100,6.0,6.0,-14058.134480079725,4.7499781885562706e-12,14058.13448007973,1066.0103446215178,1066.0103446215178,4.804231843924081e-14,False
963652,181,4,31.26184481491044,19.021147325959127,1223303.8437786882,103,103,6.0,6.0,27904.62669361579,37770.1117545775,9865.485060961704,0.0,1208.185632620213,1208.185632620213,False
963652,181,5,38.943985089549145,10.0,1963568.3883303995,114,114,6.0,6.0,39238.86772953346,49635.06388601451,10396.196156481054,0.0,1274.5245195601317,1274.5245195601306,False
963652,181,6,34.9632847250933,10.0,1649673.8331910348,102,102,6.0,6.0,28668.540122183644,37433.828933696204,8765.288811512559,0.0,1070.6611014390699,1070.6611014390699,False
963652,181,7,97.44191666629408,10.0,4446525.35004658,116,116,6.0,6.0,230509.5120974564,272402.4114971359,41892.899399679474,6224.808238816695,1321.1072756994997,2795.5362621819404,False
963652,181,8,33.863282162909826,10.0,2310656.5101525155,125,125,6.0,6.0,35320.54621579853,46507.71976695377,11187.173551155243,0.0,1373.3966938944054,1373.396693894406,False
963652,181,9,106.40498526893153,493.89622734375007,7281310.246541672,111,111,5.809106294205186,5.9,-19130.04456747856,5.131540188462674e-28,19130.04456747856,1723.5626691808832,1320.5392311315345,4.8226501563747664e-30,False
963652,182,0,24.317080399004258,10.0,1172033.272792262,104,104,6.0,6.0,18424.424854294757,27755.678435876085,9331.253581581328,0.0,1141.406697697666,1141.4066976976658,False
963652,182,1,39.42920998446855,10.0,1200228.20289118,96,96,5.8621646035005055,5.9,31108.989577517234,39106.88217902537,7997.892601508136,0.0,991.8251518209433,991.8251518209433,False
963652,182,2,25.602891045639815,10.0,1399232.0092137984,111,111,6.0,5.9,20628.593089751652,30294.580482730875,9665.987392979221,0.0,1183.2484241224026,1183.2484241224022,False
963652,182,3,88.9836400195219,10.0,2839126.496063071,101,101,6.0,6.0,-19726.602102589342,3.74811293113452e-12,19726.602102589346,2158.0526815047297,1092.042336883212,4.2121371190392205e-14,False
963652,182,4,29.698752574164917,18.07008995966117,1246889.7495140876,104,104,6.0,6.0,26265.195091215748,36222.509941738856,9957.314850523107,0.0,1219.6643563153884,1219.6643563153889,False
963652,182,5,36.996785835071684,10.0,1999832.2338478614,114,114,6.0,6.0,37403.84551746183,47978.46999655977,10574.624479097942,0.0,1296.8280598872427,1296.828059887241,False
963652,182,6,38.459613197602636,10.0,1680743.1203500244,102,102,6.0,6.0,32389.28715898956,41148.63082433973,8759.343665350169,0.0,1069.917958168771,1069.917958168771,False
963652,182,7,87.69772499966467,10.0,4679057.813097974,117,117,6.0,6.0,234502.4630513948,268120.33824579814,33617.87519440336,4519.827002575178,1352.3425226909335,3057.3237589324394,False
963652,182,8,37.24961037920081,10.0,2350005.449983245,125,125,6.0,6.0,40598.93983072988,51957.772868654145,11358.833037924258,0.0,1394.8541297405322,1394.854129740535,False
963652,182,9,95.76448674203837,469.20141597656254,7202275.618801099,112,112,5.809106294205186,6.0,-25884.069151204178,0.0,25884.069151204178,3055.916028838809,1332.3533596579257,0.0,False
963652,183,0,23.101226379054044,10.0,1187683.0833015717,104,104,6.0,6.0,16789.810509309536,25990.303625749428,9200.49311643989,0.0,1125.0616395549862,1125.0616395549857,False
963652,183,1,41.400670483691975,11.0,1235978.9255540934,96,96,5.912164603500505,5.9,37006.72266291335,45997.3720612161,8990.649398302749,0.0,1111.0296409169223,1111.0296409169218,False
963652,183,2,24.322746493357823,10.0,1416846.579276237,111,111,6.0,6.0,18824.570062438554,28348.770530873302,9524.200468434748,0.0,1165.5250585543436,1165.5250585543424,False
963652,183,3,80.08527601756971,10.0,2813013.8045695038,101,101,6.0,6.0,-25002.69149356708,2.716049607442988e-12,25002.691493567083,3235.9317650465323,1077.8790835418026,3.391446895740386e-14,False
963652,183,4,31.183690202873166,17.16658546167811,1272976.9851275596,104,104,6.0,6.0,28072.56050148904,38028.57785820309,9956.017356714052,0.0,1219.5021695892565,1219.5021695892572,False
963652,183,5,38.846625126825266,10.0,2037866.1477430523,114,114,6.0,6.0,39173.913895190955,49585.446270821914,10411.53237563096,0.0,1276.44154695387,1276.4415469538699,False
963652,183,6,36.536632537722504,10.0,1709395.7898002563,102,102,6.0,5.9,29872.669450231748,38503.28421473945,8630.614764507702,0.0,1053.8268455634627,1053.8268455634618,False
963652,183,7,78.92795249969821,10.0,4913561.07338128,118,118,6.0,6.0,236283.26028330528,260100.43505860187,23817.17477529659,2570.1894649883493,1345.7784312943554,3295.4159688811947,False
963652,183,8,40.97457141712089,10.0,2393549.377041832,126,126,6.0,6.0,45503.92705858698,56792.211174354285,11288.284115767305,0.0,1386.035514470913,1386.0355144709122,False
963652,183,9,86.18803806783454,469.20141597656254,7116058.788823608,113,113,5.809106294205186,6.0,-32697.069972145713,3.01542081020732e-28,32697.069972145713,4400.076146843359,1344.16011800455,3.498653499728146e-30,False
963652,184,0,23.101226379054044,10.0,1202875.1799351282,105,105,6.0,6.0,16942.096633556495,26223.264588144986,9281.167954588493,0.0,1135.1459943235616,1135.1459943235614,False
963652,184,1,39.33063695950737,10.45,1268562.8676384715,97,97,5.962164603500505,6.0,34397.59208437361,43379.394396394644,8981.802312021031,0.0,1102.9415679450005,1102.9415679450003,False
963652,184,2,23.106609168689932,10.0,1432831.4594303896,111,111,6.0,6.0,17394.88015415266,26912.592664049283,9517.712509896624,0.0,1164.714063737078,1164.7140637370783,False
963652,184,3,72.07674841581274,10.0,2781622.2574958024,101,101,6.0,6.0,-30381.54707370121,1.310951347477385e-12,30381.54707370121,4313.000091851805,1077.068326805273,1.8188269813650176e-14,False
963652,184,4,34.302059223160484,18.883244007845924,1302571.5818120234,105,105,6.0,6.0,32177.33730528551,42225.18595639809,10047.84865111258,0.0,1230.9810813890724,1230.9810813890722,False
963652,184,5,36.904293870484004,10.0,2072431.9999640738,115,115,6.0,6.0,36315.85222102147,46622.54498705651,10306.692766035041,0.0,1263.3365957543801,1263.3365957543806,False
963652,184,6,38.36346416460863,10.0,1739847.8778274236,102,102,6.0,6.0,31772.088027167454,40395.91947244341,8623.831445275959,0.0,1052.9789306594948,1052.978930659494,False
963652,184,7,71.03515724972839,10.0,5126663.862965789,118,118,6.0,6.0,214282.78958450956,228397.08642033782,14114.296835828267,673.3589599216249,1318.4377545275179,3215.2682595942465,False
963652,184,8,45.07202855883298,10.5,2445662.076890932,126,126,6.0,6.0,53735.699849099954,65574.81471728245,11839.1148681825,0.0,1454.8893585228125,1454.8893585228136,False
963652,184,9,77.5692342610511,445.7413451777344,7025075.171237273,114,114,5.809106294205186,6.0,-39569.1042361106,0.0,39569.1042361106,5756.042995970951,1355.9668491275913,0.0,False
963652,185,0,23.101226379054044,10.0,1218555.1148868063,105,105,6.0,6.0,16929.934951678173,26204.66015436132,9274.72520268315,0.0,1134.3406503353938,1134.340650335394,False
963652,185,1,43.263700655458116,10.9725,1306905.3205550106,97,97,5.962164603500505,6.0,39406.78541653094,48539.98720236244,9133.201785831498,0.0,1121.956431534219,1121.956431534219,False
963652,185,2,24.26193962712443,10.0,1450005.2826818477,112,112,6.0,6.0,18893.82325145815,28486.957743046212,9593.134491588062,0.0,1174.1418114485077,1174.1418114485077,False
963652,185,3,64.86907357423148,10.0,2827473.418627182,102,102,6.0,6.0,47371.16113137965,77306.18397640163,29935.02284502198,4208.093293622531,1086.8195471136662,1191.7263453429473,False
963652,185,4,34.302059223160484,18.883244007845924,1332348.8841187146,106,106,6.0,6.0,32478.92617152079,42618.50569850935,10139.579526988555,0.0,1242.4474408735693,1242.447440873569,False
963652,185,5,35.059079176959806,10.0,2105576.551355396,116,116,6.0,6.0,34904.55139132198,45483.1902686457,10578.638877323723,0.0,1297.3298596654654,1297.3298596654654,False
963652,185,6,38.36346416460863,10.0,1770262.5551397302,102,102,6.0,6.0,31734.677312306616,40348.651986389916,8613.9746740833,0.0,1051.7468342604125,1051.7468342604127,False
963652,185,7,63.93164152475555,10.0,5243673.669013431,119,119,6.0,6.0,118699.80604764266,129748.88686653895,11049.08081889629,0.0,1356.1351023620362,2029.4940622836614,False
963652,185,8,47.325629986774636,10.0,2498466.027282914,127,127,6.0,6.0,54673.950391982195,66036.94010844681,11362.989716464619,0.0,1395.3737145580774,1395.3737145580765,False
963652,185,9,69.81231083494599,423.45427791884765,6929277.764407511,115,115,5.809106294205186,6.0,-46500.1648691148,5.684341886080802e-14,46500.1648691148,7123.816007362545,1367.7730113915939,8.142320198395993e-16,False
963652,186,0,25.41134901695945,10.0,1236447.424186568,105,105,6.0,6.0,19242.30929976161,28375.475491915437,9133.166192153827,0.0,1116.6457740192284,1116.6457740192282,False
963652,186,1,47.59007072100393,11.521125000000001,1349794.9957415406,97,97,6.0,6.0,44207.22431152698,53380.63072435611,9173.40641282913,0.0,1121.6758016036413,1121.6758016036422,False
963652,186,2,26.688133589836877,11.0,1471677.3850945302,113,113,6.0,6.0,23415.102412682558,33724.23494821842,10309.132535535864,0.0,1263.641566941983,1263.6415669419823,False
963652,186,3,58.38216621680833,10.0,2973611.2999762287,103,103,6.0,6.0,147767.88134904683,168588.58067371775,20820.699324670924,2398.7742320039692,1078.353520581385,2887.6725821999526,False
963652,186,4,32.58695626200246,17.939081807453626,1360359.078932636,107,107,6.0,6.0,30629.676567311795,40860.9065378005,10231.229970488708,0.0,1253.9037463110885,1253.9037463110897,False
963652,186,5,38.56498709465579,10.0,2143207.603238244,116,116,6.0,6.0,38791.051882848325,49196.46810294308,10405.416220094754,0.0,1275.6770275118442,1275.6770275118429,False
963652,186,6,36.445290956378194,10.0,1798734.2771646937,102,102,6.0,6.0,29691.722024963507,38298.518656660046,8606.796631696538,0.0,1050.8495789620672,1050.8495789620667,False
963652,186,7,67.12822360099332,11.0,5224439.856557847,119,119,6.0,6.0,-17824.81245558452,0.0,17824.81245558452,1355.7548042757323,1355.7548042757323,0.0,False
963652,186,8,49.69191148611337,10.0,2554148.633966648,128,128,6.0,6.0,57462.606683734,68727.12344554093,11264.516761806934,0.0,1383.0645952258667,1383.0645952258656,False
963652,186,9,62.83107975145139,402.28156402290523,6828622.856125455,116,116,5.809106294205186,5.9,-53490.24685534771,5.684341886080802e-14,53490.24685534771,8503.39444263007,1379.5784352675237,9.047022442662214e-16,False
963652,187,0,25.41134901695945,10.0,1253697.2944287811,106,106,6.0,6.0,19109.870242213183,28182.18460379631,9072.31436158313,0.0,1109.0392951978913,1109.0392951978904,False
963652,187,1,52.34907779310433,12.673237500000003,1397895.035768169,98,98,6.0,6.0,50042.01730162983,59305.02736664486,9263.010065015036,0.0,1132.8762581268795,1132.8762581268777,False
963652,187,2,29.356946948820568,10.45,1496664.5171094197,113,113,6.0,6.0,26367.98201488433,36519.95954371421,10151.977528829886,0.0,1243.9971911037358,1243.9971911037371,False
963652,187,3,52.5439495951275,10.5,3093923.81906318,103,103,6.0,6.0,121494.01908695122,136010.967253579,14516.948166627793,984.5382164963136,1174.2821355182782,2588.518151025928,False
963652,187,4,30.957608448902334,17.042127717080945,1386868.0726765688,108,108,6.0,6.0,28849.543537374535,39172.39012290847,10322.846585533936,0.0,1265.355823191742,1265.355823191743,False
963652,187,5,42.421485804121374,10.0,2184940.9243217274,117,117,6.0,6.0,43403.32108348327,53737.29875815123,10333.977674667953,0.0,1266.747209333494,1266.747209333495,False
963652,187,6,36.445290956378194,10.0,1827155.5200431014,103,103,6.0,6.0,29951.2428784077,38631.02757799699,8679.78469958929,0.0,1059.9730874486613,1059.9730874486618,False
963652,187,7,60.41540124089399,10.45,5198133.659397518,120,120,6.0,6.0,-24452.197160306278,0.0,24452.197160306278,2699.8642765009336,1344.1094722252012,0.0,False
963652,187,8,47.2073159118077,10.0,2605900.9568564263,128,128,6.0,5.9,53232.32288977836,64334.84383968847,11102.520949910102,0.0,1362.8151187387627,1362.8151187387623,False
963652,187,9,56.547971776306255,382.16748582175995,6722769.910215079,117,117,5.809106294205186,6.0,-60539.350069203494,1.3660184094987926e-12,60539.350069203494,9894.77784180726,1391.3833991771899,2.4156806452802924e-14,False
963652,188,0,24.140781566111475,10.0,1270102.2207451968,107,107,6.0,6.0,18174.926316415607,27482.255470783137,9307.329154367528,0.0,1138.416144295941,1138.4161442959403,False
963652,188,1,54.966531682759545,11.405913750000003,1381751.7518102347,98,98,6.0,6.0,-14925.504410439868,0.0,14925.504410439868,1132.7311084953744,1132.7311084953744,0.0,False
963652,188,2,27.889099601379538,10.0,1517967.657560322,114,114,6.0,6.0,23143.140450902174,32732.460598620906,9589.32014771873,0.0,1173.6650184648413,1173.665018464841,False
963652,188,3,47.28955463561475,10.0,3181532.3527634125,103,103,6.0,6.0,88738.53370023245,97567.83180522303,8829.298104990583,0.0,1078.6622631238229,2063.2004796201372,False
963652,188,4,29.409728026457216,16.190021331226898,1411643.203170142,109,109,6.0,6.0,27139.842818672834,37555.700875304836,10415.858056632,0.0,1276.982257079,1276.9822570789993,False
963652,188,5,46.663634384533516,10.0,2232968.7949678735,118,118,6.0,6.0,50007.87064614599,60596.52064149779,10588.6499953518,0.0,1298.581249418975,1298.5812494189752,False
963652,188,6,38.267555504197105,10.5,1861311.7193939849,103,103,6.0,6.0,35337.69935088344,44930.64800732993,9592.948656446486,0.0,1174.1185820558107,1174.1185820558105,False
963652,188,7,54.37386111680459,10.0,5165818.045376399,119,119,6.0,6.0,-31025.614021119567,0.0,31025.614021119567,4032.656017932849,1332.7917414319154,0.0,False
963652,188,8,51.92804750298847,10.0,2586231.031169652,128,128,6.0,5.9,-18189.92568677418,7.833733661755108e-13,18189.92568677418,1383.8404374441675,1383.8404374441675,1.5085746602169618e-14,False
963652,188,9,50.89317459867563,363.05911153067194,6757344.404086192,117,117,5.809106294205186,6.0,77152.40992022793,131708.93272996563,54556.5228097377,8698.212389914099,1391.3833991771899,2587.9488510703563,False
963652,189,0,22.9337424878059,10.0,1285763.9917449795,107,107,6.0,6.0,17031.770999782806,26462.82397333091,9431.052973548105,0.0,1153.8816216935131,1153.8816216935136,False
963652,189,1,49.46987851448359,10.835618062500004,1359440.6238144094,99,99,6.0,6.0,-20738.40180764679,0.0,20738.40180764679,2276.9423596622914,1144.211251166917,0.0,False
963652,189,2,29.283554581448517,10.0,1541701.2970703724,114,114,6.0,6.0,25173.63951005038,34911.00862307135,9737.369113020968,0.0,1192.171139127621,1192.1711391276212,False
963652,189,3,44.92507690383401,10.0,3220416.385578694,104,104,6.0,5.9,40624.032815281316,49668.76084043378,9044.728025152464,0.0,1105.591003144058,1105.5910031440576,False
963652,189,4,32.35070082910294,15.380520264665552,1440334.2179917,110,110,6.0,6.0,31182.872050665996,41693.16981857533,10510.29776790933,0.0,1288.7872209886661,1288.7872209886664,False
963652,189,5,51.32999782298687,10.0,2213503.431971358,119,119,6.0,6.0,-17475.362996515483,0.0,17475.362996515483,1328.874076655037,1328.874076655037,0.0,False
963652,189,6,38.267555504197105,10.0,1892127.5330893185,103,103,6.0,6.0,31845.81369533374,40515.8240840855,8670.010388751758,0.0,1058.7512985939698,1058.7512985939698,False
963652,189,7,48.93647500512413,10.0,5125996.092783651,120,120,6.0,6.0,-38121.95259274692,0.0,38121.95259274692,5398.707748939209,1366.05173100636,0.0,False
963652,189,8,46.73524275268962,10.0,2613623.7789873946,128,128,6.0,6.0,28772.747817742682,48911.75880410274,20139.01098636006,1741.3203796036887,1404.0511360427022,1046.5711938831828,False
963652,189,9,45.80385713880807,363.05911153067194,6850996.717912614,116,116,5.809106294205186,6.0,135867.17076400534,177818.5308855399,41951.36012153457,6195.617095867441,1379.5784352675237,3882.1737293141678,False
963652,190,0,25.227116736586492,10.0,1303833.2505207257,108,108,6.0,6.0,19849.258775746202,29359.81681389595,9510.558038149748,0.0,1163.8197547687184,1163.8197547687196,False
963652,190,1,44.522890663035234,10.293837159375004,1331304.4821171837,100,100,6.0,6.0,-26606.757981284936,0.0,26606.757981284936,3432.4843737371743,1155.542014074883,0.0,False
963652,190,2,29.283554581448517,10.0,1565608.2129731048,114,114,6.0,6.0,25146.915902732384,34874.240224704685,9727.324321972299,0.0,1190.9155402465374,1190.915540246536,False
963652,190,3,44.92507690383401,10.0,3204069.74982515,105,105,6.0,6.0,-14696.635753544033,0.0,14696.635753544033,1115.125827195695,1115.125827195695,0.0,False
963652,190,4,30.733165787647792,14.611494251432275,1467821.1081830547,110,110,6.0,6.0,29094.154559022863,39603.02392905666,10508.869370033799,0.0,1288.6086712542249,1288.608671254226,False
963652,190,5,46.196998040688186,10.0,2187448.0234253868,120,120,6.0,6.0,-24255.40854597135,0.0,24255.40854597135,2668.184704554742,1339.310627899705,0.0,False
963652,190,6,40.180933279406965,10.0,1924646.1540825984,104,104,6.0,6.0,34158.620993279896,42899.98197742922,8741.360984149323,0.0,1067.6701230186654,1067.6701230186654,False
963652,190,7,44.042827504611715,10.0,5079092.421411796,121,121,6.0,6.0,-45093.67137185577,0.0,45093.67137185577,6775.641027951496,1376.9332790122874,0.0,False
963652,190,8,42.06171847742066,10.0,2645394.5756909736,129,129,6.0,6.0,33660.79670357911,54474.82793881423,20814.031235235125,1860.2816792877954,1414.0778548495184,1295.1165551654078,False
963652,190,9,41.22347142492726,344.90615595413834,6995684.476641721,117,117,5.809106294205186,6.0,185641.7789757378,209260.95493938486,23619.175963647038,2510.743020695967,1391.3833991771899,5076.257474348647,False
963652,191,0,25.227116736586492,10.0,1322881.85930631,108,108,6.0,6.0,20128.60878558424,29768.892541210447,9640.283755626207,0.0,1180.035469453276,1180.0354694532764,False
963652,191,1,40.07060159673171,10.0,1298872.7842498876,101,101,6.0,6.0,-30821.697867296112,3.463895836830489e-13,30821.697867296112,4467.813296707192,1035.3289229700183,8.644481736737927e-15,False
963652,191,2,27.819376852376088,10.0,1587713.7887635566,115,115,6.0,6.0,23955.5757904518,33905.86248023976,9950.286689787961,0.0,1218.7858362234952,1218.785836223496,False
963652,191,3,40.43256921345061,10.0,3181804.2591811093,106,106,6.0,6.0,-20605.490644040532,0.0,20605.490644040532,2255.8844047389302,1140.758577543235,0.0,False
963652,191,4,32.26982407703018,16.072643676575503,1497123.094736012,110,110,6.0,6.0,31069.9773573767,41577.41996862224,10507.442611245539,0.0,1288.4303264056923,1288.4303264056916,False
963652,191,5,41.57729823661937,10.0,2154254.7706219554,121,121,6.0,6.0,-31383.25280343136,0.0,31383.25280343136,4040.671572297638,1372.486867742896,0.0,False
963652,191,6,40.180933279406965,10.0,1908667.4849850656,105,105,6.0,6.0,-14428.669097532671,0.0,14428.669097532671,1094.5130075025131,1094.5130075025131,0.0,False
963652,191,7,39.638544754150544,10.0,5049602.189605588,121,121,6.0,6.0,-28180.231806207143,21352.67948551099,49532.911291718134,7632.96627174115,1396.0099916265485,538.6847478368932,False
963652,191,8,37.8555466296786,10.0,2756858.4708352936,130,130,6.0,6.0,113363.89514432015,125124.06942612499,11760.174281804831,0.0,1445.021785225604,3305.3034645133935,False
963652,191,9,37.10112428243453,327.6608481564314,7090574.076041865,118,118,5.809106294205186,5.9,134053.57948261677,145211.21905826483,11157.639575648058,0.0,1403.187402350928,3913.930423046906,False
963652,192,0,25.227116736586492,10.0,1341304.0601283018,109,109,6.0,6.0,20312.20082199185,30037.7418097898,9725.540987797953,0.0,1190.692623474744,1190.6926234747443,False
963652,192,1,36.06354143705854,10.0,1261134.2118239424,102,102,6.0,6.0,-36118.57242594522,2.151618118990307e-28,36118.57242594522,5512.39067689252,1044.5773801853277,5.966186439968775e-30,False
963652,192,2,26.428408009757284,10.0,1608297.3452227903,116,116,6.0,6.0,22443.556459233747,32473.40457079918,10029.84811156543,0.0,1228.7310139456788,1228.7310139456793,False
963652,192,3,36.38931229210555,10.0,3153689.8699602485,107,107,6.0,6.0,-26444.389220860627,0.0,26444.389220860627,3407.0357275978513,1151.1513228589208,0.0,False
963652,192,4,32.26982407703018,15.269011492746726,1526213.4808291763,110,110,6.0,6.0,31069.977357376738,41577.41996862228,10507.442611245539,0.0,1288.4303264056923,1288.4303264056928,False
963652,192,5,37.41956841295743,10.0,2114316.3887186795,122,122,6.0,6.0,-38018.38190327589,0.0,38018.38190327589,5395.673421665922,1355.0018493682849,0.0,False
963652,192,6,36.16283995146627,10.0,1887080.5311459387,106,106,6.0,6.0,-20026.953839127007,0.0,20026.953839127007,2198.6967614728546,1104.1837539703417,0.0,False
963652,192,7,35.67469027873549,10.0,5320818.567998711,120,120,6.0,6.0,272516.3783931234,288163.30074963975,15646.922356516345,914.6485014708747,1359.2099811452465,8077.5277514155305,False
963652,192,8,35.962769298194665,11.0,2734783.2909778166,131,131,6.0,6.0,-19834.17985747718,1.9380053117856745e-12,19834.179857477182,1510.321527498245,1510.321527498245,5.3889212360599895e-14,False
963652,192,9,40.81123671067799,360.4269329720746,7029770.121363776,118,118,5.809106294205186,6.0,-18173.5765874027,0.0,18173.5765874027,1403.187402350928,1403.187402350928,0.0,False
963652,193,0,26.488472573415816,11.0,1362569.0324160808,110,110,6.0,6.0,23274.97228777887,33632.640940854304,10357.668653075434,0.0,1269.7085816344293,1269.7085816344304,False
963652,193,1,32.45718729335269,10.0,1431044.1478346838,103,103,6.0,6.0,171439.93601074137,184480.16114753424,13040.225136792877,882.2269653517478,1053.6362887542673,5683.800000295042,False
963652,193,2,29.071248810733014,10.0,1632708.310543419,116,116,6.0,6.0,25670.965320628893,35693.246117750336,10022.280797121442,0.0,1227.7850996401803,1227.7850996401812,False
963652,193,3,32.750381062894995,10.0,3119678.6844034595,108,108,6.0,6.0,-32331.185556788765,0.0,32331.185556788765,4568.267029043967,1161.231301446116,0.0,False
963652,193,4,30.65633287317867,14.505560918109389,1553153.8268708608,111,111,6.0,6.0,29250.463303583885,39849.48541133135,10599.022107747463,0.0,1299.877763468433,1299.877763468435,False
963652,193,5,33.67761157166169,10.0,2067932.670877071,123,123,6.0,5.9,-44653.717841608544,0.0,44653.717841608544,6739.931170379687,1344.2577487137644,0.0,False
963652,193,6,32.546555956319644,10.0,1859739.3074742977,107,107,6.0,6.0,-25671.223671641033,2.184918912462308e-13,25671.223671641033,3312.369058724913,1113.6722972520583,6.713210809139567e-15,False
963652,193,7,33.89095576479871,10.0,5296539.837983029,121,121,6.0,6.0,-22268.730015681733,0.0,22268.730015681733,2260.4552328806717,1345.8067314097968,0.0,False
963652,193,8,32.3664923683752,10.45,2817962.3032693923,130,130,6.0,6.0,84637.51229160016,96641.8217685601,12004.309476959943,0.0,1475.5386846199929,2985.860212118238,False
963652,193,9,36.73011303961019,342.40558632347086,6962912.418442803,119,119,5.859106294205186,6.0,-25411.438148451976,0.0,25411.438148451976,2818.1769607541382,1414.98955840321,0.0,False
963652,194,0,25.164048944745023,10.45,1382239.474467203,111,111,6.0,6.0,21430.392051116993,31712.112102487215,10281.720051370221,0.0,1260.2150064212776,1260.2150064212785,False
963652,194,1,29.21146856401742,10.0,1477613.066109244,104,104,6.0,6.0,48108.91827456023,56809.13991337373,8700.2216388135,0.0,1062.5277048516875,1944.7546702034358,False
963652,194,2,27.617686370196363,10.5,1657540.1268385048,116,116,6.0,5.9,26049.816295085744,36954.36760648403,10904.55131139829,0.0,1338.0689139247863,1338.0689139247868,False
963652,194,3,29.475342956605495,10.0,3202153.217989981,109,109,6.0,6.0,84164.53358652143,104461.06988813351,20296.536301612075,2176.1960915547606,1151.9444804797838,3544.015417968989,False
963652,194,4,29.123516229519733,13.780282872203918,1578310.1713576869,112,112,6.0,6.0,27499.73616851951,38190.313917998414,10690.577749478904,0.0,1311.322218684863,1311.3222186848623,False
963652,194,5,30.309850414495525,10.0,2014550.656293818,124,124,6.0,6.0,-51542.014583253,3.5527136788005005e-15,51542.014583253,8097.035688176192,1357.1045177965054,1.17213170973006e-16,False
963652,194,6,29.29190036068768,10.0,1978794.9700839159,108,108,6.0,6.0,120735.66260961826,129919.38985935484,9183.727249736583,0.0,1122.9659062170729,4435.334964941986,False
963652,194,7,30.50186018831884,10.0,5265548.577661849,122,122,6.0,6.0,-29171.260321180085,3.9443045261050586e-31,29171.260321180085,3619.6078603250353,1359.1526274443636,1.2931357306580243e-32,False
963652,194,8,32.3664923683752,10.0,2798294.6390234074,130,130,6.0,5.9,-18367.66424598488,4.3790577010150533e-47,18367.66424598488,1397.5126343065294,1397.5126343065294,1.3529602315800408e-48,False
963652,194,9,33.05710173564917,359.5258656396444,6886631.171017632,120,120,5.859106294205186,5.9,-32638.143548424134,0.0,32638.143548424134,4244.968086426801,1426.791125672663,0.0,False
963652,195,0,23.90584649750777,10.0,1400187.1807632365,111,111,6.0,6.0,19057.706296033524,28943.556740548214,9885.850444514692,0.0,1210.7313055643365,1210.731305564337,False
963652,195,1,27.750895135816545,10.0,1461629.127007562,105,105,6.0,6.0,-14133.939101681986,7.494178599599611e-30,14133.939101681986,1071.8414693601528,1071.8414693601528,2.7005177897585323e-31,False
963652,195,2,30.379455007216002,10.0,1639495.2971262292,117,117,6.0,6.0,-16274.829712275683,0.0,16274.829712275683,1236.5253624827449,1236.5253624827449,0.0,False
963652,195,3,26.527808660944945,10.0,3279974.3074112874,110,110,6.0,6.0,79421.08942130626,89073.42187851285,9652.332457206585,0.0,1181.541557150823,3357.7376487055817,False
963652,195,4,32.03586785247171,13.091268728593722,1559594.4342905222,112,112,6.0,6.0,-17249.51496957407,0.0,17249.51496957407,1311.5011515056976,1311.5011515056976,0.0,False
963652,195,5,27.278865373045974,10.0,2260114.6143104234,125,125,6.0,6.0,247413.95801660535,258708.39165292433,11294.43363631899,0.0,1386.8042045398738,9483.839892716065,False
963652,195,6,27.827305342653297,10.0,1962282.0453445103,109,109,6.0,6.0,-14922.924739405527,8.3202096319286e-46,14922.924739405527,1132.5326722619636,1132.5326722619636,2.9899444195106815e-47,False
963652,195,7,27.451674169486957,10.0,5250334.744654423,123,123,6.0,6.0,-13383.833007425608,19467.46384163991,32851.29684906552,4302.686764334232,1392.2328784242948,709.1539744150962,False
963652,195,8,29.12984313153768,10.5,2769505.476434371,131,131,6.0,6.0,-26813.662589036358,0.0,26813.662589036358,2907.2125894991227,1509.6999551925933,0.0,False
963652,195,9,29.751391562084255,341.54957235766216,6806266.4303382095,119,119,5.859106294205186,6.0,-39620.34156883134,0.0,39620.34156883134,5659.957644830011,1414.98955840321,0.0,False
963652,196,0,23.90584649750777,10.0,1417490.2055551691,112,112,6.0,6.0,18923.024791932574,28741.135865708562,9818.111073775988,0.0,1202.2638842219985,1202.263884221999,False
963652,196,1,24.97580562223489,10.0,1505222.305167344,105,105,6.0,6.0,44743.17815978199,53507.40155752834,8764.223397746344,0.0,1070.527924718293,2142.3693940784433,False
963652,196,2,27.341509506494404,10.0,1615136.9254187096,118,118,6.0,6.0,-22578.37170751959,0.0,22578.37170751959,2482.351892875504,1245.8265303927587,0.0,False
963652,196,3,25.201418227897697,11.0,3300396.3694054745,110,110,6.0,6.0,21632.06199418721,31985.672216292936,10353.610222105726,0.0,1269.2012777632158,1269.201277763215,False
963652,196,4,28.83228106722454,12.436705292164035,1533733.3123748435,113,113,6.0,6.0,-23955.774217659804,0.0,23955.774217659804,2634.4448792081066,1322.943727702409,0.0,False
963652,196,5,25.914922104393675,10.0,2282963.844600883,126,126,6.0,6.0,24909.23029045947,36321.88536945705,11412.655078997583,0.0,1401.5818848746978,1401.5818848746976,False
963652,196,6,25.044574808387967,10.0,2008302.5040029804,110,110,6.0,6.0,47620.45865847011,56952.5888025377,9332.130144067587,0.0,1141.5162680084484,2274.0489402704115,False
963652,196,7,24.70650675253826,10.0,5378112.922935825,124,124,6.0,6.0,129618.17828140181,141077.89596271713,11459.717681315327,0.0,1407.464710164416,5710.151474498647,False
963652,196,8,26.216858818383912,10.0,2792844.1581130987,132,132,6.0,6.0,25258.68167872765,49324.00910854951,24065.327429821857,2467.0728361645956,1441.2454061248598,1881.3851594593891,False
963652,196,9,26.77625240587583,358.6270509755453,6715784.137252365,120,120,5.859106294205186,6.0,-46847.046968803494,1.2789769243681803e-13,46847.046968803494,7086.748770502674,1426.791125672663,4.776534464126575e-15,False
963652,197,0,22.71055417263238,11.0,1434523.179444289,113,113,6.0,6.0,18975.97388912003,29604.39074634225,10628.416857222222,0.0,1303.5521071527778,1303.5521071527778,False
963652,197,1,23.727015341123145,10.0,1520803.147627717,105,105,6.0,6.0,16630.842460373016,25392.335964541515,8761.493504168498,0.0,1070.1866880210623,1070.1866880210623,False
963652,197,2,24.607358555844964,10.0,1584675.3517412934,119,119,6.0,6.0,-28671.573677416272,1.2612133559741773e-13,28671.573677416272,3717.722216955408,1235.370324079904,5.125350423581333e-15,False
963652,197,3,23.94134731650281,10.45,3318407.333880984,110,110,6.0,6.0,19360.464475530127,29376.68092809094,10016.216452560813,0.0,1227.0270565701016,1227.0270565701014,False
963652,197,4,25.949052960502087,11.814870027555832,1500862.5039610232,114,114,6.0,6.0,-30723.913230674734,0.0,30723.913230674734,3969.1901741799684,1334.7452949718618,0.0,False
963652,197,5,27.21066820961336,10.0,2263656.5018413607,126,126,6.0,6.0,-17847.34275952198,0.0,17847.34275952198,1357.4879045786138,1357.4879045786138,0.0,False
963652,197,6,23.792346067968566,11.0,2026322.3118022918,110,110,6.0,6.0,19529.80779931127,29724.425553707628,10194.617754396357,0.0,1249.3272192995446,1249.3272192995448,False
963652,197,7,23.471181414911346,10.0,5397616.4794462975,124,124,6.0,6.0,20843.556510472714,31924.97839862439,11081.421888151677,0.0,1360.1777360189596,1360.1777360189594,False
963652,197,8,23.59517293654552,10.0,2871217.244179539,132,132,6.0,6.0,79793.08606644026,91166.83883658829,11373.752770148032,0.0,1396.719096268504,3863.791932433095,False
963652,197,9,24.09862716528825,394.48975607309984,6840714.44306801,119,119,5.859106294205186,6.0,171974.586788316,187004.09210340082,15029.505315084825,741.7903940807084,1414.98955840321,7759.9479348251925,False
963652,198,0,21.57502646400076,11.0,1450420.352722002,114,114,6.0,5.9,17651.17327771297,28371.18122026955,10720.007942556582,0.0,1315.0009928195727,1315.0009928195725,False
963652,198,1,23.727015341123145,10.0,1536270.3933502804,105,105,6.0,6.0,16617.245722563523,25371.822853846483,8754.577131282958,0.0,1069.3221414103698,1069.322141410369,False
963652,198,2,22.14662270026047,10.0,1682720.9278789733,120,120,6.0,6.0,99745.57613767986,109904.46753813734,10158.891400457482,0.0,1244.8614250571852,4962.583642012592,False
963652,198,3,23.94134731650281,10.45,3336439.8962870166,111,111,6.0,6.0,19892.512406053203,30175.731600582913,10283.219194529707,0.0,1260.4023993162134,1260.4023993162127,False
963652,198,4,23.35414766445188,11.22412652617804,1612143.871246822,115,115,6.0,6.0,113172.14183630655,124144.5214444997,10972.379608193149,0.0,1346.5474510241436,5315.737625204117,False
963652,198,5,24.489601388652023,10.0,2244976.6941161533,127,127,6.0,6.0,-16909.807725207298,6524.632972937665,23434.440698144965,2458.6882230739875,1367.6249478468783,266.42462935150286,False
963652,198,6,26.171580674765426,10.45,2008726.4951055003,110,110,6.0,6.0,-16146.316696796615,2.842170943040404e-14,16146.316696796615,1226.639745907432,1226.639745907432,1.0859760357465983e-15,False
963652,198,7,22.297622344165777,10.0,5415163.407266469,125,125,6.0,6.0,19396.92782017153,30562.067252976973,11165.139432805441,0.0,1370.6424291006801,1370.6424291006797,False
963652,198,8,22.415414289718242,10.0,2889819.335075438,132,132,6.0,6.0,19922.090895899128,31289.07673008422,11366.985834185092,0.0,1395.8732292731365,1395.8732292731368,False
963652,198,9,21.688764448759425,374.76526826944485,6831416.10127101,118,118,5.909106294205186,6.0,35223.959858741604,46521.918174624756,11297.95831588315,0.0,1403.187402350928,2144.977796431634,False
963652,199,0,23.73252911040084,10.45,1469041.4182323725,114,114,6.0,6.0,20112.365510365285,30641.214924379306,10528.849414014023,0.0,1291.1061767517529,1291.1061767517529,False
963652,199,1,22.540664574066987,10.0,1550253.9372926678,105,105,6.0,6.0,15333.543942387343,24079.807485301953,8746.26354291461,0.0,1068.2829428643263,1068.2829428643265,False
963652,199,2,23.253953835273492,10.0,1700313.480628829,120,120,6.0,6.0,19092.552749855597,29410.612871549773,10318.060121694178,0.0,1264.7575152117722,1264.7575152117727,False
963652,199,3,22.74427995067767,10.0,3352023.439622834,112,112,6.0,6.0,17503.543335817405,27309.190214492526,9805.64687867512,0.0,1200.70585983439,1200.7058598343908,False
963652,199,4,22.186440281229284,11.22412652617804,1629306.855590088,116,116,6.0,6.0,19064.983020299973,30128.868611551672,11063.8855912517,0.0,1357.9856989064624,1357.9856989064638,False
963652,199,5,22.04064124978682,10.5,2317728.5186184654,128,128,6.0,6.0,74695.82450231224,86692.86941735237,11997.044915040125,0.0,1474.6306143800157,3933.318837454009,False
963652,199,6,23.554422607288885,10.0,2053591.245438627,111,111,6.0,6.0,46574.75033312661,55971.85642833889,9397.10609521228,0.0,1149.638261901535,2376.2780078089654,False
963652,199,7,24.527384578582357,10.0,5436232.909491951,126,126,6.0,6.0,22929.50222548146,34325.22511339912,11395.72288791766,0.0,1399.4653609897075,1399.4653609897068,False
963652,199,8,21.294643575232328,10.0,2907131.900063485,132,132,6.0,6.0,18932.564988047117,30645.511464440508,11712.946476393392,0.0,1439.118309549174,1439.118309549173,False
963652,199,9,21.688764448759425,356.02700485597256,6807576.210622323,119,119,5.959106294205186,6.0,19227.32292913968,30689.375229661284,11462.052300521604,0.0,1414.98955840321,1414.9895584032074,False
963652,200,0,23.73252911040084,10.45,1487696.965461255,115,115,6.0,6.0,20657.29722887721,31463.244731666622,10805.947502789411,0.0,1325.7434378486764,1325.7434378486773,False
963652,200,1,23.667697802770338,10.0,1565725.1031632228,105,105,6.0,6.0,16521.16587055492,25259.071608102826,8737.905737547906,0.0,1067.2382171934883,1067.2382171934871,False
963652,200,2,22.091256143509817,10.0,1716518.6355717247,120,120,6.0,6.0,17605.154942895853,27913.639104456764,10308.484161560911,0.0,1263.560520195114,1263.5605201951137,False
963652,200,3,23.881493948211553,10.0,3369757.682994666,112,112,6.0,6.0,18854.24337183241,28652.4554463221,9798.212074489691,0.0,1199.7765093112114,1199.7765093112123,False
963652,200,4,22.186440281229284,10.662920199869138,1646686.427850712,117,117,6.0,6.0,19227.133924000627,30382.4594539466,11155.325529945974,0.0,1369.4156912432468,1369.415691243246,False
963652,200,5,20.938609187297477,10.0,2334267.5078007313,129,129,6.0,6.0,18328.98918226573,29985.546167049946,11656.556984784216,0.0,1432.069623098027,1432.0696230980252,False
963652,200,6,22.37670147692444,10.0,2068693.8464081355,111,111,6.0,6.0,16312.60096950844,25701.1347905729,9388.533821064462,0.0,1148.5667276330578,1148.5667276330573,False
963652,200,7,25.753753807511476,10.0,5459514.093909683,127,127,6.0,6.0,25351.184417732118,37064.77627881632,11713.591861084207,0.0,1439.198982635526,1439.1989826355261,False
963652,200,8,21.294643575232328,10.0,2924363.8112042793,133,133,6.0,6.0,19061.911140794182,30852.6911609092,11790.780020115018,0.0,1448.8475025143773,1448.8475025143778,False
963652,200,9,23.85764089363537,391.62970534156983,6782564.534059006,120,120,5.959106294205186,5.9,22483.888077666772,34039.870306524164,11555.982228857394,0.0,1426.791125672663,1426.791125672663,False
963652,201,0,24.91915556592088,10.0,1506308.8852506552,116,116,6.0,6.0,20471.91978940012,30446.364954282075,9974.445164881956,0.0,1221.8056456102445,1221.8056456102443,False
963652,201,1,23.667697802770338,11.0,1582808.8457214555,106,106,6.0,6.0,18949.742558232654,28927.690945696006,9977.948387463352,0.0,1222.243548432919,1222.2435484329185,False
963652,201,2,23.195818950685307,11.0,1736137.3990772835,120,120,6.0,6.0,21138.7635055587,32572.781796936844,11434.018291378145,0.0,1404.252286422268,1404.2522864222692,False
963652,201,3,26.26964334303271,10.0,3389322.0725545185,112,112,6.0,6.0,20984.389559852243,30460.712764237553,9476.323204385311,0.0,1159.540400548164,1159.540400548164,False
963652,201,4,22.186440281229284,10.12977418987568,1664042.696299088,117,117,6.0,6.0,18641.45202858089,29466.500542554262,10825.04851397337,0.0,1328.1310642466713,1328.131064246671,False
963652,201,5,20.938609187297477,10.0,2350713.5641009794,129,129,6.0,6.0,18036.05630024783,29511.491572317795,11475.435272069966,0.0,1409.4294090087458,1409.4294090087467,False
963652,201,6,21.257866403078214,10.0,2081965.9063967473,112,112,6.0,6.0,14892.059988611827,24198.84053973143,9306.780551119604,0.0,1138.3475688899505,1138.34756888995,False
963652,201,7,24.466066117135902,10.0,5481218.417322048,127,127,6.0,6.0,23074.32341236573,34582.09941510853,11507.776002742801,0.0,1413.4720003428502,1413.472000342851,False
963652,201,8,20.229911396470712,10.0,2939904.595483786,134,134,6.0,6.0,17380.784279506697,29080.971785087582,11700.187505580885,0.0,1437.5234381976106,1437.5234381976095,False
963652,201,9,26.24340498299891,372.0482200744913,6763706.622758357,120,120,5.959106294205186,6.0,25887.87510831922,37443.85733717661,11555.982228857394,0.0,1426.791125672663,1426.7911256726638,False
963652,202,0,26.165113344216927,10.0,1526557.5398706126,116,116,6.0,6.0,21608.654619957382,31413.287063123706,9804.632443166323,0.0,1200.5790553957904,1200.5790553957888,False
963652,202,1,23.667697802770338,10.45,1600012.7341917572,107,107,6.0,6.0,18822.038470296568,28734.780551361277,9912.742081064707,0.0,1214.0927601330884,1214.0927601330886,False
963652,202,2,22.036028003151042,10.45,1753654.3493280816,121,121,6.0,6.0,19381.400250792547,30742.050683462865,11360.650432670316,0.0,1395.0813040837895,1395.0813040837897,False
963652,202,3,24.95616117588107,10.0,3407130.8790821736,111,111,6.0,6.0,18918.806527655273,28139.153210771452,9220.34668311618,0.0,1127.5433353895226,1127.5433353895226,False
963652,202,4,23.29576229529075,10.0,1681550.0668007936,118,118,6.0,5.9,19187.370501705598,29527.366208973915,10339.995707268317,0.0,1267.4994634085397,1267.4994634085397,False
963652,202,5,19.8916787279326,10.0,2365988.9604045423,129,129,6.0,6.0,16565.39630356269,28044.13780819626,11478.74150463357,0.0,1409.8426880791963,1409.842688079196,False
963652,202,6,20.194973082924303,10.5,2096579.250010906,112,112,6.0,6.0,15789.343614158748,26478.481068047793,10689.137453889045,0.0,1311.1421817361306,1311.1421817361302,False
963652,202,7,23.242762811279107,10.0,5501300.403166663,127,127,6.0,6.0,21351.98584461456,32863.31364598498,11511.32780137042,0.0,1413.9159751713025,1413.9159751713023,False
963652,202,8,20.229911396470712,10.0,2955451.348667482,134,134,6.0,6.0,17086.75318369572,28594.604973159592,11507.851789463872,0.0,1413.481473682984,1413.4814736829828,False
963652,202,9,28.867745481298805,409.25304208194046,6743207.190389422,121,121,6.0,6.0,29820.18572302306,41528.92709613459,11708.741373111528,0.0,1438.592671638941,1438.5926716389401,False
963652,203,0,24.85685767700608,10.0,1545210.2503886693,116,116,6.0,6.0,20012.71051805673,29805.34558936223,9792.635071305498,0.0,1199.0793839131873,1199.0793839131873,False
963652,203,1,22.484312912631818,10.0,1614170.4934529264,107,107,6.0,6.0,15527.759261169223,24414.541633816247,8886.782372647023,0.0,1085.847796580878,1085.8477965808781,False
963652,203,2,24.23963080346615,11.495000000000001,1774389.9963759931,122,122,6.0,6.0,22638.037047925143,34088.55737037025,11450.520322445105,0.0,1406.3150403056381,1406.3150403056366,False
963652,203,3,26.203969234675125,11.0,3427679.6790966443,111,111,6.0,6.0,21869.80001447059,31768.69577943674,9898.89576496615,0.0,1212.3619706207687,1212.3619706207692,False
963652,203,4,22.130974180526213,11.0,1698465.698700765,118,118,6.0,6.0,18313.631899971297,28994.795711301318,10681.163811330021,0.0,1310.1454764162527,1310.1454764162534,False
963652,203,5,20.88626266432923,10.0,2381881.351856238,130,130,6.0,6.0,17792.391451695763,29162.358676716536,11369.967225020773,0.0,1396.2459031275966,1396.245903127595,False
963652,203,6,21.204721737070518,11.55,2111740.8164772955,113,113,6.0,6.0,17266.7164663947,28048.819937676006,10782.103471281305,0.0,1322.7629339101632,1322.762933910163,False
963652,203,7,24.404900951843064,11.0,5523299.145794815,127,127,6.0,6.0,23395.742628152602,35102.42234413182,11706.679715979215,0.0,1438.3349644974019,1438.3349644974023,False
963652,203,8,20.229911396470712,10.0,2970496.9257662273,135,135,6.0,6.0,17195.577098745413,28774.614303391325,11579.037204645912,0.0,1422.379650580739,1422.3796505807393,False
963652,203,9,31.754520029428686,388.7903899778434,6729836.631634793,121,121,6.0,6.0,33973.078432636554,45681.819805748084,11708.741373111528,0.0,1438.592671638941,1438.5926716389413,False
963652,204,0,26.099700560856384,11.0,1567940.0456925973,116,116,6.0,6.0,24005.79530392799,34904.66635874622,10898.87105481823,0.0,1337.3588818522787,1337.3588818522799,False
963652,204,1,21.360097267000228,11.0,1628918.623631329,107,107,6.0,6.0,16025.130178402671,25940.706257914702,9915.576079512031,0.0,1214.447009939004,1214.4470099390032,False
963652,204,2,26.663593883812766,10.920250000000001,1797924.398540736,122,122,6.0,6.0,25166.672664738664,36239.89368429357,11073.221019554909,0.0,1359.1526274443636,1359.1526274443631,False
963652,204,3,28.824366158142638,10.45,3450779.4976799614,111,111,6.0,6.0,24259.76858333795,33856.364243474796,9596.595660136843,0.0,1174.5744575171054,1174.5744575171052,False
963652,204,4,21.0244254714999,10.45,1713460.0274841127,118,118,6.0,6.0,16327.428783342279,26679.080428634534,10351.651645292255,0.0,1268.956455661532,1268.9564556615314,False
963652,204,5,19.841949531112768,10.0,2395787.909901265,131,131,6.0,6.0,15916.55804502704,27004.331550687355,11087.773505660314,0.0,1360.9716882075393,1360.9716882075402,False
963652,204,6,22.264957823924046,12.705000000000002,2128324.721502388,114,114,6.0,6.0,18832.275025101044,29705.857245263865,10873.58222016282,0.0,1334.1977775203525,1334.1977775203534,False
963652,204,7,24.404900951843064,10.45,5544268.606255827,127,127,6.0,6.0,22596.610461034907,33913.58606629084,11316.975605255933,0.0,1389.6219506569917,1389.6219506569919,False
963652,204,8,22.252902536117784,10.0,2988310.4446247756,135,135,6.0,6.0,19363.518858548294,30544.310347985927,11180.791489437634,0.0,1372.5989361797042,1372.5989361797049,False
963652,204,9,31.754520029428686,408.2299094767356,6713685.986390914,122,122,6.0,6.0,34253.40371229328,46056.552475428914,11803.14876313564,0.0,1450.393595391955,1450.3935953919547,False
963652,205,0,26.099700560856384,10.45,1589959.7161507537,117,117,6.0,6.0,23842.320458150985,34668.936242125455,10826.615783974468,0.0,1328.3269729968085,1328.326972996808,False
963652,205,1,22.42810213035024,11.0,1645146.1452649364,107,107,6.0,6.0,17604.521633607328,27676.656705983685,10072.135072376355,0.0,1234.0168840470444,1234.0168840470446,False
963652,205,2,29.329953272194043,10.374237500000001,1825160.8079468673,123,123,6.0,6.0,29012.440618618944,40168.84178681112,11156.401168192178,0.0,1369.5501460240223,1369.550146024023,False
963652,205,3,28.824366158142638,10.0,3472300.9593163887,112,112,6.0,6.0,23441.4616364272,32723.69211850429,9282.230482077088,0.0,1135.278810259636,1135.278810259636,False
963652,205,4,19.973204197924904,10.0,1726495.355234058,119,119,6.0,6.0,14825.327749945536,25064.6305140625,10239.302764116965,0.0,1254.9128455146206,1254.9128455146204,False
963652,205,5,19.841949531112768,10.0,2410354.431144126,132,132,6.0,6.0,16586.521242861214,28126.89806088929,11540.376818028075,0.0,1417.5471022535094,1417.5471022535096,False
963652,205,6,21.151709932727844,13.975500000000004,2143514.846366435,115,115,6.0,6.0,17497.30736406728,28462.330287833436,10965.022923766155,0.0,1345.6278654707694,1345.6278654707692,False
963652,205,7,24.404900951843064,10.0,5565281.71054012,127,127,6.0,6.0,22583.104284293364,33893.49347892423,11310.389194630869,0.0,1388.7986493288586,1388.798649328859,False
963652,205,8,24.478192789729565,10.0,3009470.9173899856,135,135,6.0,6.0,22810.472765210165,34181.83023569783,11371.357470487668,0.0,1396.4196838109585,1396.4196838109578,False
963652,205,9,34.92997203237156,367.40691852906207,6707171.739607056,123,123,6.0,5.9,39176.80419526073,51074.344511434036,11897.540316173301,0.0,1462.1925395216626,1462.192539521663,False
963652,206,0,24.794715532813562,10.45,1611083.465679922,117,117,6.0,6.0,22446.399529162736,33433.7924968691,10987.392967706362,0.0,1348.4241209632953,1348.4241209632955,False
963652,206,1,21.306697023832726,10.45,1659520.5578153522,108,108,6.0,6.0,16103.012550410765,26104.400540961116,10001.38799055035,0.0,1225.1734988187939,1225.1734988187936,False
963652,206,2,27.86345560858434,10.0,1848498.8915620283,123,123,6.0,6.0,24568.08361516108,34743.420879018464,10175.337263857387,0.0,1246.9171579821734,1246.9171579821746,False
963652,206,3,31.706802773956905,10.0,3497959.917793524,113,113,6.0,6.0,27488.958477135202,37032.760335579944,9543.801858444744,0.0,1167.975232305593,1167.9752323055932,False
963652,206,4,18.974543988028657,10.0,1738426.6989590493,120,120,6.0,6.0,13931.34372499116,24432.52342988352,10501.17970489236,0.0,1287.647463111545,1287.6474631115452,False
963652,206,5,19.841949531112768,10.0,2425324.7607248807,133,133,6.0,5.9,17000.329580754467,28820.260596716613,11819.931015962145,0.0,1452.4913769952682,1452.4913769952689,False
963652,206,6,22.209295429364236,13.276725000000003,2160808.44686992,115,115,6.0,6.0,18920.423878458987,29885.446802225142,10965.022923766155,0.0,1345.6278654707694,1345.6278654707708,False
963652,206,7,24.404900951843064,10.0,5586370.545996253,128,128,6.0,6.0,23168.835456133907,34764.861814224634,11596.026358090729,0.0,1424.503294761341,1424.503294761341,False
963652,206,8,26.926012068702523,10.0,3034632.558624249,135,135,6.0,6.0,26711.6412342635,38287.15600687283,11575.514772609326,0.0,1421.9393465761657,1421.9393465761661,False
963652,206,9,38.42296923560872,330.6662266761559,6710784.032372344,123,123,6.0,5.800000000000001,44284.23864640409,56181.778962577395,11897.540316173301,0.0,1462.1925395216626,1462.1925395216617,False
963652,207,0,23.554979756172884,10.0,1628156.1673453082,118,118,6.0,6.0,19052.70166538621,29154.457613475264,10101.755948089054,0.0,1237.7194935111318,1237.7194935111318,False
963652,207,1,20.24136217264109,10.0,1671231.408265829,109,109,6.0,6.0,13300.850450476823,22323.953801279156,9023.103350802334,0.0,1102.8879188502917,1102.887918850292,False
963652,207,2,30.649801169442775,10.5,1878482.5472591384,123,123,6.0,6.0,31275.15569711021,42592.306072654814,11317.150375544605,0.0,1389.6437969430756,1389.6437969430767,False
963652,207,3,30.121462635259057,10.0,3522285.0335983294,113,113,6.0,6.0,25555.115804805355,35069.18919297442,9514.073388169067,0.0,1164.2591735211333,1164.2591735211338,False
963652,207,4,18.025816788627225,10.0,1749272.1717985217,121,121,6.0,6.0,12755.472839472246,23293.162516122455,10537.689676650209,0.0,1292.211209581276,1292.2112095812759,False
963652,207,5,19.841949531112768,10.0,2440906.667411699,133,133,6.0,5.9,16911.906686818373,28672.10233998149,11760.19565316312,0.0,1445.02445664539,1445.0244566453907,False
963652,207,6,21.098830657896023,12.612888750000002,2176784.116202,115,115,6.0,6.0,17426.15153834769,28391.174462113846,10965.022923766155,0.0,1345.6278654707694,1345.627865470769,False
963652,207,7,24.404900951843064,10.0,5607810.866791779,129,129,6.0,6.0,23230.32079552555,34856.331041759055,11626.010246233505,0.0,1428.2512807791882,1428.2512807791868,False
963652,207,8,25.579711465267394,11.0,3059753.1254482917,136,136,6.0,6.0,27316.566824042828,40038.531989811505,12721.965165768677,0.0,1565.2456457210847,1565.245645721085,False
963652,207,9,38.42296923560872,347.1995380099637,6712362.727843497,123,123,6.0,5.800000000000001,44284.238646404134,56181.77896257743,11897.540316173301,0.0,1462.1925395216626,1462.1925395216626,False
963652,208,0,22.37723076836424,10.0,1644698.4288191563,118,118,6.0,6.0,17922.261473847975,28206.12909248527,10283.867618637292,0.0,1260.4834523296615,1260.483452329661,False
963652,208,1,22.2654983899052,10.0,1685297.9100607429,110,110,6.0,6.0,15666.501794913811,24764.334235814178,9097.832440900367,0.0,1112.229055112546,1112.2290551125461,False
963652,208,2,33.71478128638705,10.0,1909203.6301731549,124,124,6.0,5.9,32661.08291401642,43084.333906677995,10423.250992661573,0.0,1277.9063740826966,1277.9063740826955,False
963652,208,3,33.13360889878496,10.0,3550519.927320656,114,114,6.0,6.0,29874.89372232646,39647.69923336642,9772.805511039956,0.0,1196.6006888799946,1196.600688879995,False
963652,208,4,17.124525949195863,10.0,1759847.5629190598,121,121,6.0,6.0,11785.391120538128,22493.67719459494,10708.286074056812,0.0,1313.5357592571015,1313.5357592571024,False
963652,208,5,18.84985205455713,11.0,2455650.742658879,133,133,6.0,5.9,16407.075247180343,28852.090322905788,12445.015075725447,0.0,1530.6268844656809,1530.6268844656806,False
963652,208,6,20.043889125001222,11.9822443125,2190838.3730848855,116,116,6.0,6.0,16144.197223112053,27200.622122729616,11056.424899617563,0.0,1357.0531124521954,1357.0531124521951,False
963652,208,7,23.18465590425091,10.0,5627670.045850467,129,129,6.0,6.0,21449.179058687652,33054.997772104536,11605.818713416882,0.0,1425.7273391771103,1425.7273391771105,False
963652,208,8,28.137682611794137,10.45,3088844.3192447647,136,136,6.0,6.0,30712.393796498363,43192.811317189145,12480.41752069078,0.0,1535.0521900863475,1535.052190086348,False
963652,208,9,36.50182077382828,347.1995380099637,6710621.392473014,124,124,6.0,5.800000000000001,41811.40734277871,53803.32973992059,11991.922397141885,0.0,1473.9902996427356,1473.990299642736,False
963652,209,0,23.49609230678245,10.0,1662493.4445749705,119,119,6.0,6.0,19485.01575581416,29847.585965697726,10362.570209883568,0.0,1270.321276235446,1270.321276235446,False
963652,209,1,21.15222347040994,10.0,1698388.7104383488,109,109,6.0,6.0,14280.800377605976,23288.92345135702,9008.123073751043,0.0,1101.0153842188804,1101.0153842188804,False
963652,209,2,35.40052035070641,10.0,1942213.048510464,125,125,6.0,6.0,35059.41833730905,45553.943517419364,10494.525180110319,0.0,1286.8156475137898,1286.8156475137898,False
963652,209,3,31.476928453845712,10.0,3576687.2591131297,115,115,6.0,6.0,28117.331792474015,37966.7480176482,9849.416225174184,0.0,1206.177028146773,1206.1770281467723,False
963652,209,4,16.26829965173607,11.0,1768750.6241844145,122,122,6.0,6.0,10745.061265354801,21534.96412457853,10789.90285922373,0.0,1323.7378574029663,1323.7378574029667,False
963652,209,5,17.907359451829272,12.100000000000001,2468841.288288699,134,134,6.0,5.800000000000001,15311.945629832357,28037.53992587317,12725.594296040814,0.0,1565.6992870051017,1565.6992870051022,False
963652,209,6,19.04169466875116,11.383132096875,2203259.3649407444,117,117,6.0,6.0,14352.818311189976,25096.72031012902,10743.901998939045,0.0,1317.9877498673807,1317.9877498673798,False
963652,209,7,23.18465590425091,11.0,5647391.2641997775,129,129,6.0,6.0,21440.218349310446,33041.31613421439,11601.097784903941,0.0,1425.1372231129926,1425.1372231129924,False
963652,209,8,26.730798481204427,11.495000000000001,3115823.0095725697,137,137,6.0,6.0,29253.50532782051,42033.21691133933,12779.711583518825,0.0,1572.4639479398531,1572.4639479398527,False
963652,209,9,34.67672973513686,312.47958420896737,6710895.164886919,124,124,6.0,5.9,39121.24085578266,51113.16325292454,11991.922397141885,0.0,1473.9902996427356,1473.9902996427356,False
963652,210,0,25.845701537460698,10.0,1683014.3726026095,120,120,6.0,6.0,22220.92802763892,32471.943609435657,10251.015581796735,0.0,1256.376947724592,1256.3769477245917,False
963652,210,1,20.09461229688944,10.0,1709914.684909591,110,110,6.0,6.0,13225.974471242167,22306.606039528244,9080.631568286077,0.0,1110.0789460357596,1110.0789460357596,False
963652,210,2,38.94057238577705,10.5,1982266.449167673,126,126,6.0,6.0,42076.40065720918,53207.39446820748,11130.993810998298,0.0,1366.3742263747872,1366.374226374786,False
963652,210,3,34.624621299230284,10.0,3606564.6413217653,116,116,6.0,6.0,31537.382208635332,41273.63268955477,9736.250480919436,0.0,1192.0313101149295,1192.0313101149295,False
963652,210,4,16.26829965173607,10.45,1777508.72577067,123,123,6.0,6.0,10643.451586249721,21335.041918463136,10691.590332213415,0.0,1311.4487915266768,1311.4487915266775,False
963652,210,5,18.802727424420738,11.495000000000001,2483627.8408124773,134,134,6.0,5.9,16426.88252379312,28939.98225911089,12513.09973531777,0.0,1539.1374669147212,1539.137466914721,False
963652,210,6,17.137525201876045,10.81397549203125,2213492.7319259257,117,117,6.0,6.0,11598.602117748518,22128.403114916662,10529.800997168144,0.0,1291.225124646018,1291.2251246460175,False
963652,210,7,22.025423109038364,11.55,5666499.702959148,130,130,6.0,6.0,21109.93875934667,33464.97385165071,12355.035092304042,0.0,1519.3793865380053,1519.379386538005,False
963652,210,8,25.394258557144205,10.920250000000001,3140636.6657415605,138,138,6.0,6.0,26820.650668985938,39448.038973105606,12627.38830411967,0.0,1553.4235380149587,1553.4235380149594,False
963652,210,9,38.144402708650546,343.7275426298641,6712505.50678194,124,124,6.0,5.800000000000001,44232.55718107512,56224.479578217004,11991.922397141885,0.0,1473.9902996427356,1473.9902996427359,False
963652,211,0,24.553416460587663,10.0,1702199.4591562683,120,120,6.0,6.0,20585.08655365878,30830.184665288532,10245.098111629753,0.0,1255.6372639537192,1255.6372639537203,False
963652,211,1,20.09461229688944,10.0,1721643.8677942315,111,111,6.0,5.9,13339.182884640557,22494.696332970037,9155.51344832948,0.0,1119.439181041185,1119.4391810411848,False
963652,211,2,40.8876010050659,11.55,2027997.1017557941,127,127,6.0,6.0,47797.502588127,59673.02798281508,11875.525394688088,0.0,1459.440674336011,1459.4406743360096,False
963652,211,3,36.3558523641918,10.0,3638783.07916965,116,116,6.0,6.0,33578.43784788471,43308.30488599658,9729.86703811187,0.0,1191.2333797639837,1191.2333797639828,False
963652,211,4,17.895129616909678,10.0,1788644.340140178,124,124,6.0,6.0,12875.614369508137,23646.968056205355,10771.353686697217,0.0,1321.4192108371521,1321.4192108371533,False
963652,211,5,20.68300016686281,10.345500000000001,2500102.557818131,135,135,6.0,5.9,18371.359505629473,30285.53391944132,11914.17441381185,0.0,1464.2718017264813,1464.2718017264813,False
963652,211,6,16.280648941782243,11.354674266632813,2222484.7988557704,118,118,6.0,6.0,10831.918493309591,21689.941622530856,10858.023129221265,0.0,1332.252891152658,1332.252891152658,False
963652,211,7,23.126694264490283,12.705000000000002,5687431.240411067,130,130,6.0,6.0,22783.187451929192,35138.222544233235,12355.035092304042,0.0,1519.3793865380053,1519.3793865380046,False
963652,211,8,25.394258557144205,10.920250000000001,3165380.973134285,138,138,6.0,6.0,26351.301892719777,38762.82642789557,12411.524535175793,0.0,1526.4405668969741,1526.4405668969755,False
963652,211,9,41.9588429795156,343.7275426298641,6719738.296634784,124,124,6.0,5.700000000000001,49855.005138896915,61846.9275360388,11991.922397141885,0.0,1473.9902996427356,1473.9902996427381,False
963652,212,0,24.553416460587663,10.0,1720846.018409108,121,121,6.0,5.9,20356.559252839863,30491.21379465405,10134.654541814187,0.0,1241.8318177267734,1241.8318177267731,False
963652,212,1,21.099342911733913,10.0,1734605.9830778285,112,112,6.0,5.800000000000001,14582.115283596964,23809.814082354686,9227.698798757721,0.0,1128.4623498447152,1128.4623498447152,False
963652,212,2,38.84322095481261,10.9725,2069522.7976131956,128,128,6.0,5.9,43430.175857390714,54946.8086880051,11516.632830614382,0.0,1414.5791038267978,1414.5791038267973,False
963652,212,3,34.5380597459822,11.0,3671685.6063185073,117,117,6.0,6.0,34789.52714885736,45537.25444581012,10747.727296952757,0.0,1318.4659121190946,1318.4659121190919,False
963652,212,4,19.68464257860065,10.5,1802131.6834563308,125,125,6.0,6.0,15399.843316152625,26280.42217765571,10880.578861503085,0.0,1335.0723576878856,1335.0723576878856,False
963652,212,5,19.64885015851967,10.0,2514435.5304593537,136,136,6.0,5.9,16392.972641222736,27988.413334800247,11595.440693577511,0.0,1424.430086697189,1424.4300866971887,False
963652,212,6,15.46661649469313,10.786940553301172,2230378.507496344,118,118,6.0,6.0,9366.567625854088,19816.530384920123,10449.962759066035,0.0,1281.2453448832543,1281.245344883254,False
963652,212,7,21.97035955126577,12.06975,5706888.449235812,130,130,6.0,6.0,21026.276324717535,33381.31141702158,12355.035092304042,0.0,1519.3793865380053,1519.3793865380048,False
963652,212,8,27.93368441285863,12.012275000000002,3194726.127376893,139,139,6.0,6.0,31614.8604676225,44583.141457201986,12968.280989579487,0.0,1596.035123697436,1596.0351236974368,False
963652,212,9,46.15472727746717,360.9139197613573,6731024.668476825,124,124,6.0,5.700000000000001,56039.697892500655,68031.62028964254,11991.922397141885,0.0,1473.9902996427356,1473.990299642735,False
963652,213,0,27.008758106646432,10.0,1742611.8929909253,121,121,6.0,5.9,22975.87458181728,32929.6415356779,9953.766953860624,0.0,1219.220869232578,1219.220869232578,False
963652,213,1,20.044375766147216,10.5,1747862.8848799854,112,112,6.0,5.700000000000001,14432.901802156739,24352.22779215783,9919.325990001093,0.0,1214.9157487501366,1214.9157487501363,False
963652,213,2,42.727543050293875,10.423874999999999,2115126.149130427,128,128,6.0,6.0,47237.60751724353,58365.557691787675,11127.950174544143,0.0,1365.9937718180179,1365.993771818018,False
963652,213,3,32.81115675868309,12.100000000000001,3704023.1737068235,117,117,6.0,6.0,33753.2673883271,44901.00923480738,11147.741846480281,0.0,1368.4677308100352,1368.4677308100347,False
963652,213,4,18.700410449670617,10.0,1813726.227086434,126,126,6.0,6.0,13654.543630103115,24212.68358764434,10558.139957541225,0.0,1294.7674946926531,1294.7674946926534,False
963652,213,5,19.64885015851967,10.5,2530000.4815599313,136,136,6.0,6.0,17292.951100577695,29506.46375635431,12213.512655776618,0.0,1501.6890819720772,1501.6890819720772,False
963652,213,6,15.46661649469313,10.247593525636113,2237767.853243328,119,119,6.0,5.9,9108.809376554189,19282.600727075962,10173.791350521773,0.0,1246.7239188152216,1246.7239188152214,False
963652,213,7,20.87184157370248,12.06975,5723910.515055021,131,131,6.0,6.0,19203.203069182287,31462.520585223527,12259.317516041241,0.0,1507.4146895051551,1507.4146895051558,False
963652,213,8,26.537000192215697,11.411661250000002,3222014.6534672203,139,139,6.0,6.0,28874.747004084318,41622.514907239994,12747.767903155676,0.0,1568.4709878944595,1568.4709878944586,False
963652,213,9,50.77020000521389,378.9596157494252,6746402.1611405,125,125,6.0,5.800000000000001,63347.4446323387,75433.74764230207,12086.30300996337,0.0,1485.7878762454213,1485.7878762454225,False
963652,214,0,25.65832020131411,11.0,1764707.4578094638,122,122,6.0,5.9,24137.56481853855,35363.55802336328,11225.993204824726,0.0,1378.2491506030908,1378.2491506030901,False
963652,214,1,21.04659455445458,10.0,1760866.6261311576,113,113,6.0,5.700000000000001,14633.741251172247,23929.596074748402,9295.854823576155,0.0,1136.9818529470194,1136.9818529470188,False
963652,214,2,47.00029735532327,10.0,2165526.075891891,128,128,6.0,6.0,51979.92676146404,62883.41987302964,10903.493111565602,0.0,1337.9366389457002,1337.936638945699,False
963652,214,3,36.092272434551404,11.495000000000001,3740055.9351024404,117,117,6.0,6.0,37577.676395630144,48535.84527887546,10958.168883245311,0.0,1344.7711104056639,1344.7711104056648,False
963652,214,4,20.57045149463768,10.0,1828939.8431015573,126,126,6.0,6.0,16673.616015123516,27612.206286011715,10938.590270888199,0.0,1342.3237838610248,1342.3237838610244,False
963652,214,5,18.666407650593687,10.0,2543680.3855018704,137,137,6.0,6.0,15649.903941939197,27737.620564925754,12087.716622986556,0.0,1485.9645778733195,1485.9645778733197,False
963652,214,6,15.46661649469313,10.0,2245048.6507457113,120,120,6.0,5.9,8980.797502382902,19017.432351817715,10036.634849434813,0.0,1229.5793561793516,1229.5793561793514,False
963652,214,7,21.915433652387605,12.6732375,5742896.756641988,132,132,6.0,6.0,21259.10893693736,33795.97717862836,12536.868241691001,0.0,1542.1085302113752,1542.1085302113752,False
963652,214,8,29.190700211437267,10.8410781875,3252695.7922020927,139,139,6.0,6.0,32388.048602912706,44890.82228297221,12502.773680059501,0.0,1537.8467100074377,1537.8467100074374,False
963652,214,9,50.77020000521389,360.0116349619539,6764192.536443132,126,126,6.0,5.800000000000001,63851.841307807015,76032.48975929871,12180.648451491696,0.0,1497.581056436462,1497.5810564364626,False
963652,215,0,24.375404191248403,10.45,1784390.297902151,123,123,6.0,5.9,21668.19009268142,32551.622312018546,10883.432219337124,0.0,1335.4290274171406,1335.4290274171406,False
963652,215,1,21.04659455445458,10.0,1773975.182627623,114,114,6.0,5.700000000000001,14748.55649646542,24114.814516715738,9366.258020250318,0.0,1145.7822525312897,1145.7822525312895,False
963652,215,2,44.65028248755711,10.0,2211760.6617490784,129,129,6.0,6.0,48224.585857187216,58994.673195232164,10770.087338044948,0.0,1321.2609172556186,1321.260917255618,False
963652,215,3,34.287658812823835,10.920250000000001,3772794.2658782345,118,118,6.0,6.0,34726.92027579008,45556.06622582858,10829.145950038499,0.0,1328.6432437548124,1328.6432437548135,False
963652,215,4,19.541928919905796,10.0,1842094.961981859,127,127,6.0,6.0,15125.118880301656,25947.342591190165,10822.22371088851,0.0,1327.7779638610637,1327.7779638610643,False
963652,215,5,17.733087268064,11.0,2557074.38132598,137,137,6.0,5.9,15100.99582410985,27877.474717350775,12776.478893240925,0.0,1572.0598616551156,1572.0598616551151,False
963652,215,6,14.693285669958472,10.5,2251927.1737303715,121,121,6.0,6.0,8749.022984660218,19645.14255992494,10896.119575264724,0.0,1337.0149469080905,1337.0149469080911,False
963652,215,7,23.011205335006988,12.039575625,5763814.937357683,133,133,6.0,6.0,23119.444273848487,35747.19741074882,12627.753136900335,0.0,1553.469142112542,1553.4691421125406,False
963652,215,8,27.7311652008654,10.299024278125,3280211.9331043796,139,139,6.0,6.0,29047.705276970482,41106.18600194568,12058.4807249752,0.0,1482.3100906219,1482.3100906219001,False
963652,215,9,48.231690004953194,396.01279845814935,6773823.391363505,127,127,6.0,5.9,60524.480324582626,72799.43523045038,12274.954905867757,0.0,1509.3693632334696,1509.3693632334712,False
963652,216,0,25.594174400810825,10.9725,1806424.4703471342,124,124,6.0,5.800000000000001,23894.762444972825,35050.553559041764,11155.79111406894,0.0,1369.4738892586174,1369.473889258618,False
963652,216,1,23.15125400990004,10.0,1789323.2195905559,115,115,6.0,5.800000000000001,17298.036962932867,26737.159718844374,9439.122755911507,0.0,1154.8903444889384,1154.8903444889384,False
963652,216,2,49.11531073631282,10.0,2265324.8392379824,129,129,6.0,6.0,55154.1774889039,66124.70097469926,10970.523485795356,0.0,1346.3154357244196,1346.3154357244196,False
963652,216,3,37.71642469410622,12.012275000000002,3810445.2990292246,118,118,6.0,5.9,39268.48160100222,50093.84639701153,10825.364796009311,0.0,1328.170599501164,1328.170599501163,False
963652,216,4,20.519025365901086,10.5,1857130.5181573064,128,128,6.0,6.0,17179.556175447327,28485.568451952622,11306.012276505295,0.0,1388.2515345631618,1388.2515345631616,False
963652,216,5,18.6197416314672,12.100000000000001,2571707.186102831,137,137,6.0,5.9,16490.50477686344,29263.695617897112,12773.190841033673,0.0,1571.648855129209,1571.64885512921,False
963652,216,6,14.693285669958472,10.0,2258699.6271225233,121,121,6.0,6.0,8082.453392151794,18181.870569967472,10099.417177815678,0.0,1237.4271472269597,1237.4271472269593,False
963652,216,7,24.161765601757338,13.2435331875,5786630.6972986655,134,134,6.0,6.0,25090.39338811356,37809.022360365765,12718.628972252203,0.0,1564.8286215315254,1564.8286215315254,False
963652,216,8,26.344606940822132,10.0,3305458.8515130514,140,140,6.0,6.0,27146.91840867207,39272.78566628757,12125.8672576155,0.0,1490.7334072019376,1490.7334072019369,False
963652,216,9,53.05485900544852,376.2121585352419,6793403.728602621,128,128,6.0,6.0,68335.49353167338,80704.74586885376,12369.252337180384,0.0,1521.156542147548,1521.1565421475477,False
963652,217,0,25.594174400810825,10.423874999999999,1827972.5604466253,125,125,6.0,5.9,23651.07447450303,34696.06165317,11044.98717866697,0.0,1355.6233973333713,1355.6233973333724,False
963652,217,1,25.466379410890045,10.0,1807917.2849414707,115,115,6.0,5.800000000000001,19944.06535091489,29370.506562127935,9426.441211213047,0.0,1153.3051514016308,1153.3051514016315,False
963652,217,2,46.65954519949718,10.0,2314486.1184856766,130,130,6.0,6.0,51161.27924769415,61989.708316406985,10828.42906871284,0.0,1328.553633589105,1328.5536335891034,False
963652,217,3,35.83060345940091,11.411661250000002,3845641.1031824118,119,119,6.0,5.9,37053.79184194305,47962.51884350839,10908.727001565345,0.0,1338.590875195668,1338.5908751956679,False
963652,217,4,20.519025365901086,10.0,1872153.7589757626,129,129,6.0,6.0,17013.240818456277,28212.97302786047,11199.732209404192,0.0,1374.966526175524,1374.9665261755235,False
963652,217,5,17.68875454989384,13.310000000000002,2584477.9604759435,138,138,6.0,6.0,15407.554373120352,28494.704557591795,13087.150184471442,0.0,1610.8937730589303,1610.8937730589296,False
963652,217,6,14.693285669958472,11.0,2265672.394095286,122,122,6.0,6.0,8814.766972762605,19789.46557942588,10974.698606663274,0.0,1346.8373258329093,1346.8373258329095,False
963652,217,7,22.95367732166947,12.581356528125,5807378.87293252,135,135,6.0,6.0,22946.65876516315,35529.78474401314,12583.125978849986,0.0,1547.8907473562483,1547.8907473562488,False
963652,217,8,25.027376593781025,10.0,3328127.336146259,141,141,6.0,6.0,24878.484633207852,36861.14979954585,11982.665166337994,0.0,1472.8331457922493,1472.8331457922507,False
963652,217,9,50.402116055176094,395.022766462004,6806645.822720102,129,129,6.0,6.0,64800.03099102712,77263.57574552858,12463.544754501461,0.0,1532.9430943126827,1532.9430943126827,False
963652,218,0,25.594174400810825,10.0,1849357.7370300987,125,125,6.0,6.0,22735.17658347325,33363.708692335946,10628.532108862695,0.0,1303.566513607837,1303.566513607838,False
963652,218,1,24.19306044034554,10.0,1824885.3710990106,116,116,6.0,5.700000000000001,18628.086157539765,28129.89107670327,9501.804919163504,0.0,1162.725614895438,1162.7256148954382,False
963652,218,2,51.3254997194469,10.0,2370218.2731884723,130,130,6.0,6.0,57332.15470279572,68155.3959949389,10823.241292143177,0.0,1327.905161517897,1327.9051615178967,False
963652,218,3,39.41366380534101,10.8410781875,3885924.818683406,120,120,6.0,6.0,42184.64488347491,53178.58350741055,10993.93862393564,0.0,1349.242327991955,1349.2423279919547,False
963652,218,4,21.544976634196143,10.0,1889300.2643362926,129,129,6.0,6.0,18736.505360530005,30120.876288256644,11384.370927726637,0.0,1398.0463659658296,1398.0463659658303,False
963652,218,5,16.804316822399148,13.975500000000004,2596330.2407345185,138,138,6.0,6.0,13980.899258599218,27066.304947337216,13085.405688737997,0.0,1610.6757110922497,1610.6757110922506,False
963652,218,6,13.958621386460548,10.45,2271919.395377647,122,122,6.0,6.0,7821.90128238416,18792.04526315379,10970.143980769628,0.0,1346.2679975962035,1346.2679975962037,False
963652,218,7,22.95367732166947,11.952288701718748,5828166.85966803,136,136,6.0,6.0,23113.497999000363,35785.88054277325,12672.38254377289,0.0,1559.0478179716113,1559.0478179716115,False
963652,218,8,23.776007764091972,10.0,3350081.250241305,141,141,6.0,6.0,23463.914095046224,35663.86462697131,12199.950531925087,0.0,1499.993816490636,1499.9938164906362,False
963652,218,9,52.9222218579349,434.5250431082044,6818850.2187843295,130,130,6.0,6.0,69192.65166833259,81750.48238966863,12557.830721336035,0.0,1544.7288401670044,1544.7288401670037,False
963652,219,0,24.314465680770283,10.0,1868509.0842813496,125,125,6.0,6.0,20601.347251250812,31001.54511652037,10400.197865269558,0.0,1275.0247331586947,1275.0247331586947,False
963652,219,1,25.40271346236282,10.0,1843104.4908502758,117,117,6.0,5.800000000000001,20189.11975126525,29761.966023939312,9572.84627267406,0.0,1171.6057840842575,1171.6057840842575,False
963652,219,2,56.4580496913916,11.0,2438033.7171130986,131,131,6.0,5.9,69756.44392462651,81505.64070330809,11749.196778681575,0.0,1443.6495973351969,1443.649597335198,False
963652,219,3,41.38434699560806,10.299024278125,3926628.789804379,121,121,6.0,6.0,42750.15305864728,53242.43837770359,10492.285319056307,0.0,1286.5356648820384,1286.535664882038,False
963652,219,4,20.467727802486333,10.5,1905142.5224390759,129,129,6.0,6.0,17196.75810278334,28559.50299319652,11362.744890413178,0.0,1395.3431113016472,1395.3431113016477,False
963652,219,5,15.96410098127919,13.276725000000003,2606402.7371367076,139,139,6.0,6.0,12717.961177157287,25894.151416354787,13176.1902391975,0.0,1622.0237798996875,1622.023779899688,False
963652,219,6,13.26069031713752,11.495000000000001,2277127.6460357597,123,123,6.0,6.0,7222.135658126223,18709.0736235829,11486.937965456676,0.0,1410.8672456820846,1410.8672456820843,False
963652,219,7,25.24904505383642,11.354674266632811,5852511.390249361,136,136,6.0,6.0,26188.76628159537,38627.71224027667,12438.945958681299,0.0,1529.8682448351624,1529.8682448351626,False
963652,219,8,24.96480815229657,10.0,3373073.848639824,142,142,6.0,5.9,24912.598398518967,36954.80642024396,12042.208021724988,0.0,1480.2760027156235,1480.2760027156226,False
963652,219,9,58.21444404372839,434.5250431082044,6839386.91246196,131,131,6.0,6.0,77959.47432484363,90611.58459921487,12652.110274371238,0.0,1556.5137842964048,1556.513784296403,False
963652,220,0,24.314465680770283,10.0,1888066.4218291882,125,125,6.0,6.0,21007.33754783867,31606.617775733885,10599.280227895215,0.0,1299.9100284869019,1299.9100284869014,False
963652,220,1,26.67284913548096,10.0,1863501.4648866807,117,117,6.0,5.9,21666.974036404914,31235.431470082636,9568.457433677724,0.0,1171.0571792097155,1171.0571792097157,False
963652,220,2,53.63514720682202,12.100000000000001,2504766.2087007887,131,131,6.0,5.9,68317.5915877025,80528.96366057878,12211.372072876287,0.0,1501.421509109536,1501.421509109535,False
963652,220,3,39.31512964582766,10.0,3963638.720550604,121,121,6.0,6.0,38419.93074622528,48486.07051521604,10066.139768990764,0.0,1233.2674711238456,1233.2674711238462,False
963652,220,4,22.514500582734968,10.0,1923796.690106133,129,129,6.0,6.0,20044.16766705703,31402.205135400956,11358.037468343924,0.0,1394.7546835429905,1394.7546835429891,False
963652,220,5,16.76230603034315,12.612888750000002,2617949.037602746,140,140,6.0,6.0,14112.104891060048,27379.080494512746,13266.975603452698,0.0,1633.3719504315873,1633.371950431587,False
963652,220,6,13.923724832994397,10.345500000000001,2283377.3508676593,123,123,6.0,6.0,7822.201331877421,18856.197249033845,11033.995917156424,0.0,1354.249489644553,1354.2494896445526,False
963652,220,7,23.986592801144596,10.78694055330117,5874626.305474466,137,137,6.0,6.0,24392.726080896224,36899.40149913067,12506.675418234447,0.0,1538.3344272793058,1538.334427279305,False
963652,220,8,24.96480815229657,10.0,3396816.293477684,142,142,6.0,5.9,25362.444837859817,37616.78443704915,12254.339599189334,0.0,1506.7924498986667,1506.7924498986665,False
963652,220,9,64.03588844810123,412.79879095279415,6872078.371836704,132,132,6.0,6.0,87680.89978055672,100427.2735013124,12746.373720755684,0.0,1568.2967150944605,1568.2967150944594,False
963652,221,0,24.314465680770283,10.0,1908002.9464560328,125,125,6.0,6.0,21386.524626844526,32171.74392816108,10785.219301316552,0.0,1323.152412664569,1323.1524126645697,False
963652,221,1,26.67284913548096,10.0,1883770.4454307328,117,117,6.0,5.9,21638.980544052094,31195.444738926377,9556.464194874285,0.0,1169.5580243592856,1169.5580243592851,False
963652,221,2,53.63514720682202,10.890000000000002,2571346.0487883114,132,132,6.0,6.0,68817.32008753999,81116.29630422633,12298.976216686338,0.0,1512.3720270857923,1512.372027085793,False
963652,221,3,37.34937316353628,10.0,3998616.2602810673,122,122,6.0,6.0,36997.539730463046,47336.77903160832,10339.23930114527,0.0,1267.4049126431587,1267.4049126431557,False
963652,221,4,24.765950641008466,10.0,1945769.2788989025,130,130,6.0,6.0,23772.58879276955,35411.2906265369,11638.70183376735,0.0,1429.8377292209188,1429.8377292209186,False
963652,221,5,15.924190728825993,11.9822443125,2628492.6117789275,141,141,6.0,6.0,12833.07062421533,26190.82623128791,13357.755607072579,0.0,1644.7194508840723,1644.7194508840714,False
963652,221,6,15.316097316293838,10.0,2290574.437629904,124,124,6.0,6.0,9037.086762244713,19337.64870165206,10300.561939407346,0.0,1262.5702424259182,1262.5702424259177,False
963652,221,7,22.787263161087367,10.24759352563611,5895112.353367578,138,138,6.0,6.0,22700.215799672646,35289.372900729446,12589.157101056802,0.0,1548.6446376321003,1548.6446376320998,False
963652,221,8,27.46128896752623,10.0,3424402.257466293,143,143,6.0,6.0,29815.963988609037,42354.70025163651,12538.736263027471,0.0,1542.3420328784339,1542.3420328784337,False
963652,221,9,67.23768287050629,371.51891185751475,6915466.584477629,133,133,6.0,6.0,93400.22791792659,106240.86116113253,12840.63324320595,0.0,1580.0791554007437,1580.0791554007421,False
963652,222,0,24.314465680770283,10.5,1928780.1059600129,126,126,6.0,6.0,22900.159503979958,34427.608385720734,11527.448881740775,0.0,1415.9311102175968,1415.9311102175973,False
963652,222,1,26.67284913548096,10.0,1903928.9026368207,117,117,6.0,6.0,21628.457206087893,31180.41289221223,9551.955686124338,0.0,1168.9944607655423,1168.9944607655425,False
963652,222,2,50.95338984648092,10.345500000000001,2632009.296188727,133,133,6.0,6.0,62739.19890039165,74661.5237972795,11922.324896887845,0.0,1465.2906121109806,1465.2906121109816,False
963652,222,3,37.34937316353628,10.0,4034176.177502459,122,122,6.0,6.0,36979.91722139157,47314.35301031915,10334.435788927576,0.0,1266.804473615947,1266.804473615947,False
963652,222,4,23.52765310895804,11.0,1967270.1057823827,130,130,6.0,6.0,22930.826883480273,35048.056987048665,12117.230103568394,0.0,1489.6537629460493,1489.6537629460495,False
963652,222,5,16.720400265267294,11.383132096875,2640830.202089052,141,141,6.0,5.9,14142.611935779723,27500.367542852302,13357.755607072579,0.0,1644.7194508840723,1644.7194508840712,False
963652,222,6,15.316097316293838,10.0,2298267.1936088214,124,124,6.0,6.0,9032.755978917094,19328.58229697837,10295.826318061276,0.0,1261.9782897576595,1261.978289757659,False
963652,222,7,21.647900003032998,10.0,5913683.799631776,138,138,6.0,5.9,20151.44626419778,32280.869111478332,12129.422847280552,0.0,1491.177855910069,1491.1778559100694,False
963652,222,8,27.46128896752623,10.0,3451955.122087428,144,144,6.0,6.0,29492.86462113501,41898.78363119916,12405.919010064154,0.0,1525.7398762580192,1525.7398762580187,False
963652,222,9,67.23768287050629,352.942966264639,6961825.3978823535,133,133,6.0,6.0,93400.22791792656,106240.86116113252,12840.63324320595,0.0,1580.0791554007437,1580.079155400742,False
963652,223,0,23.09874239673177,10.0,1947141.2919349915,127,127,6.0,6.0,20131.185974978718,31103.572411284604,10972.386436305886,0.0,1346.5483045382357,1346.5483045382348,False
963652,223,1,25.33920667870691,11.0,1925085.000100494,118,118,6.0,6.0,23254.097463673104,34275.39875998927,11021.301296316165,0.0,1352.6626620395207,1352.66266203952,False
963652,223,2,56.04872883112901,10.0,2695467.002278643,134,134,6.0,6.0,65397.70608991628,76519.56940421365,11121.863314297363,0.0,1365.2329142871704,1365.232914287171,False
963652,223,3,35.48190450535946,10.0,4067216.186496528,123,123,6.0,6.0,34970.00899406918,45408.021133936825,10438.012139867642,0.0,1279.7515174834552,1279.7515174834555,False
963652,223,4,23.52765310895804,10.45,1987496.728778624,131,131,6.0,6.0,22195.572996235147,33933.9930467526,11738.42005051745,0.0,1442.3025063146813,1442.3025063146818,False
963652,223,5,15.884380252003929,10.81397549203125,2651501.132145403,141,141,6.0,6.0,12295.700600726565,25174.643220269158,12878.942619542593,0.0,1584.8678274428241,1584.8678274428237,False
963652,223,6,16.847707047923222,10.0,2307163.687264763,125,125,6.0,6.0,10846.49365594146,21034.612472361227,10188.118816419767,0.0,1248.5148520524708,1248.5148520524706,False
963652,223,7,21.647900003032998,10.0,5932443.971048894,138,138,6.0,5.9,20140.171417118214,32262.98527864886,12122.813861530645,0.0,1490.3517326913307,1490.3517326913293,False
963652,223,8,27.46128896752623,11.0,3482854.6388102835,144,144,6.0,6.0,32483.516722855482,46118.81046003489,13635.293737179407,0.0,1679.4117171474259,1679.4117171474259,False
963652,223,9,73.96145115755692,317.6486696381751,7023602.438854574,133,133,6.0,6.0,104024.31403403997,116864.94727724591,12840.63324320595,0.0,1580.0791554007437,1580.079155400744,False
963652,224,0,23.09874239673177,10.0,1965893.2769526567,127,127,6.0,6.0,20121.985017665145,31089.49636857818,10967.511350913037,0.0,1345.9389188641296,1345.9389188641292,False
963652,224,1,27.8731273465776,10.45,1949510.4298314299,119,119,6.0,6.0,26368.979730930347,37264.419564865035,10895.43983393469,0.0,1336.9299792418362,1336.9299792418358,False
963652,224,2,53.24629238957256,10.0,2755607.334733236,135,135,6.0,6.0,61990.33245459303,73186.20931789603,11195.876863303005,0.0,1374.4846079128756,1374.4846079128768,False
963652,224,3,35.48190450535946,10.0,4100611.7732089213,124,124,6.0,6.0,35235.5867123935,45750.90869613242,10515.32198373892,0.0,1289.415247967365,1289.4152479673646,False
963652,224,4,22.35127045351014,10.9725,2007600.1610122127,131,131,6.0,6.0,21740.829733577804,34171.56835962683,12430.738626049022,0.0,1528.8423282561278,1528.8423282561273,False
963652,224,5,15.090161239403733,10.273276717429688,2660330.50158277,142,142,6.0,6.0,10888.174731238354,23599.229819368735,12711.05508813038,0.0,1563.8818860162976,1563.8818860162974,False
963652,224,6,16.005321695527062,10.0,2315169.8357840925,126,126,6.0,6.0,9866.148519329832,20125.605367845226,10259.456848515394,0.0,1257.4321060644243,1257.432106064425,False
963652,224,7,20.56550500288135,10.0,5949583.223207213,138,138,6.0,5.9,18519.252158318784,30637.119146729594,12117.86698841081,0.0,1489.7333735513512,1489.7333735513498,False
963652,224,8,30.207417864278856,10.45,3517603.9104776536,144,144,6.0,6.0,36454.071667396885,49858.3340958914,13404.262428494512,0.0,1650.532803561814,1650.5328035618138,False
963652,224,9,73.96145115755692,285.8838026743576,7089595.188320344,134,134,6.0,5.9,104801.1790241811,117736.03275241374,12934.85372823264,0.0,1591.85671602908,1591.8567160290797,False
963652,225,0,23.09874239673177,10.0,1983454.9486881804,128,128,6.0,6.0,19441.671735523625,30048.722187500447,10607.050451976822,0.0,1300.8813064971027,1300.881306497103,False
963652,225,1,26.47947097924872,11.495000000000001,1973038.606088993,119,119,6.0,6.0,24996.081257576414,36103.78799263178,11107.70673505536,0.0,1363.46334188192,1363.4633418819199,False
963652,225,2,55.90860700905119,11.0,2826308.388686243,135,135,6.0,6.0,72486.05395300689,84823.50623823401,12337.452285227118,0.0,1517.1815356533898,1517.1815356533873,False
963652,225,3,39.03009495589541,10.0,4137529.1378962933,124,124,6.0,6.0,38157.3646873719,48246.4390822498,10089.074394877904,0.0,1236.134299359738,1236.1342993597377,False
963652,225,4,21.233706930834632,10.423874999999999,2024212.7465608933,132,132,6.0,6.0,18688.537048693055,30306.977639776498,11618.440591083443,0.0,1427.3050738854304,1427.3050738854304,False
963652,225,5,14.335653177433546,10.0,2667412.763108619,143,143,6.0,6.0,9212.261525848653,21297.080675196572,12084.819149347919,0.0,1485.6023936684899,1485.60239366849,False
963652,225,6,15.205055610750708,10.5,2323216.3918075073,127,127,6.0,6.0,9880.056023414561,21272.259462759626,11392.203439345065,0.0,1399.025429918133,1399.0254299181327,False
963652,225,7,20.56550500288135,10.0,5966206.355499779,138,138,6.0,5.9,18203.132292566166,30119.737260434144,11916.604967867976,0.0,1464.575620983497,1464.575620983496,False
963652,225,8,28.69704697106491,11.495000000000001,3550026.248854245,145,145,6.0,6.0,34789.11337660745,48513.405388129,13724.292011521551,0.0,1690.536501440194,1690.5365014401943,False
963652,225,9,70.26337859967907,314.4721829417934,7114981.8452552315,135,135,6.0,5.9,68540.4016320065,83636.03653967383,15095.634907667341,413.31230075559824,1603.6341754861687,1190.3218747305705,False
963652,226,0,21.94380527689518,10.0,1999817.3922767374,129,129,6.0,6.0,18452.443588556856,29353.937602942642,10901.494014385786,0.0,1337.6867517982232,1337.6867517982241,False
963652,226,1,27.80344452821116,10.920250000000001,1997646.2891651313,119,119,6.0,6.0,26207.192826134273,37074.90986435587,10867.717038221595,0.0,1333.4646297776994,1333.4646297776983,False
963652,226,2,58.70403735950375,10.45,2899968.568278922,135,135,6.0,6.0,75070.92959270389,87147.0536274059,12076.12403470201,0.0,1484.5155043377513,1484.5155043377513,False
963652,226,3,37.078590208100636,10.0,4172499.471973188,125,125,6.0,6.0,36720.33407689502,47077.72721395568,10357.393137060659,0.0,1269.6741421325823,1269.6741421325808,False
963652,226,4,21.233706930834632,10.423874999999999,2040811.816478871,133,133,6.0,6.0,18785.445292990385,30462.46855924041,11677.023266250026,0.0,1434.6279082812532,1434.6279082812518,False
963652,226,5,13.618870518561868,11.0,2674907.547713853,143,143,6.0,6.0,9167.784605234041,22705.389840005246,13537.605234771205,0.0,1667.2006543464006,1667.2006543464001,False
963652,226,6,14.444802830213172,10.0,2329901.4407488317,127,127,6.0,6.0,7955.048941324578,18277.99501886015,10322.946077535573,0.0,1265.3682596919466,1265.3682596919468,False
963652,226,7,21.593780253025418,10.0,5984114.355490161,139,139,6.0,5.9,19797.99999038178,31766.91172392612,11968.911733544339,0.0,1471.1139666930424,1471.1139666930428,False
963652,226,8,31.566751668171403,10.920250000000001,3587131.6339332997,145,145,6.0,5.9,38888.82132904959,52357.96317072032,13469.14184167073,0.0,1658.6427302088412,1658.6427302088416,False
963652,226,9,63.23704073971117,298.7485737947037,7096085.093083187,136,136,6.0,5.800000000000001,22233.05386406989,42165.98819753358,19932.93433346369,1361.930174626976,1615.4104325411015,666.7925586697239,False
963652,227,0,21.94380527689518,10.0,2017000.7841506803,130,130,6.0,6.0,18983.39187394295,30189.5076324467,11206.11575850375,0.0,1375.7644698129689,1375.7644698129677,False
963652,227,1,29.19361675462172,10.374237500000001,2024167.9005476106,119,119,6.0,6.0,28056.145644967233,38922.05358210324,10865.907937136004,0.0,1333.2384921420005,1333.2384921419984,False
963652,227,2,64.57444109545413,10.0,2880486.022632684,135,135,6.0,6.0,-18032.545646237682,1.7230661342182432e-13,18032.545646237682,1371.7342804798216,1371.7342804798216,2.6683407629826817e-15,False
963652,227,3,35.224660697695604,10.0,4205841.396965675,126,126,6.0,6.0,35401.92499248712,46063.59439959217,10661.669407105052,0.0,1307.7086758881314,1307.7086758881298,False
963652,227,4,21.233706930834632,10.0,2058120.0818423245,132,132,6.0,6.0,18628.265363453524,30210.27069989242,11582.005336438895,0.0,1422.7506670548619,1422.7506670548619,False
963652,227,5,12.937926992633775,10.45,2680634.760814498,144,144,6.0,6.0,7932.013100671831,21306.793712540562,13374.780611868731,0.0,1646.8475764835914,1646.8475764835907,False
963652,227,6,14.444802830213172,10.0,2336036.331100373,128,128,6.0,6.0,8014.890351541413,18412.118186695763,10397.22783515435,0.0,1274.6534793942938,1274.6534793942938,False
963652,227,7,20.514091240374146,10.0,6001170.299995324,140,140,6.0,6.0,19055.944505162814,31565.872016662805,12509.927511499991,0.0,1538.7409389374989,1538.7409389374975,False
963652,227,8,33.145089251579975,12.012275000000002,3627493.0703894324,145,145,6.0,5.9,42303.21633114756,56025.76648983569,13722.550158688126,0.0,1690.3187698360157,1690.3187698360182,False
963652,227,9,56.913336665740054,283.8111451049685,7123761.639640188,136,136,6.0,5.9,66374.86229133476,86762.51296533107,20387.65067399631,1452.8734427335,1615.4104325411015,1524.4671644345751,False
963652,228,0,21.94380527689518,10.0,2034538.6794497583,131,131,6.0,6.0,19447.895299077856,30920.511293871943,11472.615994794085,0.0,1409.0769993492606,1409.076999349261,False
963652,228,1,32.11297843008389,10.0,2051035.3571001564,120,120,6.0,6.0,28567.456552545726,38311.67992949855,9744.223376952821,0.0,1193.0279221191026,1193.0279221191026,False
963652,228,2,58.11699698590872,10.0,2853166.5043589454,136,136,6.0,6.0,-25359.518273738555,1.7763568394002505e-15,25359.518273738555,2779.4917321213175,1407.757451641496,3.0565186288461413e-17,False
963652,228,3,38.74712676746517,10.0,4244909.519035491,127,127,6.0,6.0,41038.12206981584,51967.7417527715,10929.61968295566,0.0,1341.2024603694574,1341.2024603694563,False
963652,228,4,23.357077623918098,10.0,2078476.3067798926,133,133,6.0,6.0,22186.224937568135,34047.93583636693,11861.710898798798,0.0,1457.7138623498497,1457.713862349851,False
963652,228,5,12.291030643002086,10.45,2685080.03188855,145,145,6.0,6.0,6760.521074079026,19937.39614800638,13176.875073927355,0.0,1622.1093842409193,1622.109384240919,False
963652,228,6,15.16704297172383,10.0,2343649.5611832947,128,128,6.0,6.0,9093.230082921478,19666.523637416536,10573.293554495058,0.0,1296.6616943118822,1296.6616943118815,False
963652,228,7,19.488386678355436,11.0,6017826.831735346,140,140,6.0,6.0,18196.531740022314,31207.055797108314,13010.524057085999,0.0,1601.3155071357498,1601.3155071357492,False
963652,228,8,31.487834789000974,11.411661250000002,3665000.313176802,146,146,6.0,6.0,39773.345329876815,53588.34073118839,13814.99540131158,0.0,1701.8744251639475,1701.8744251639478,False
963652,228,9,51.22200299916605,269.62058784972004,7121798.295698304,136,136,6.0,6.0,34805.05600571453,57642.979693036476,22837.92368732195,1942.9280453986269,1615.4104325411015,1125.3558298759806,False
963652,229,0,20.84661501305042,10.0,2050679.907714704,130,130,6.0,6.0,17441.22826494582,28626.98801381335,11185.759748867527,0.0,1373.219968608441,1373.2199686084407,False
963652,229,1,32.11297843008389,10.0,2078394.088130531,120,120,6.0,6.0,28558.731030374587,38300.059527394966,9741.328497020379,0.0,1192.6660621275473,1192.6660621275455,False
963652,229,2,52.30529728731785,10.0,2818665.0749323503,137,137,6.0,6.0,-32531.429426595132,1.4210854715202002e-14,32531.429426595132,4197.489483351205,1417.997751229888,2.7169054478632365e-16,False
963652,229,3,36.809770429091905,11.0,4284922.313814706,128,128,6.0,6.0,42020.79477921485,53944.815942974084,11924.021163759238,0.0,1465.5026454699048,1465.5026454699055,False
963652,229,4,22.18922374272219,10.0,2096955.9463679218,133,133,6.0,6.0,20109.639588029153,31760.379928040315,11650.740340011163,0.0,1431.3425425013954,1431.3425425013957,False
963652,229,5,12.291030643002086,11.495000000000001,2690466.466526342,145,145,6.0,5.9,7053.209637807933,20775.75979649606,13722.550158688126,0.0,1690.3187698360157,1690.3187698360157,False
963652,229,6,14.408690823137638,10.0,2350032.371902525,129,129,6.0,5.9,8172.810719230298,18824.63116156026,10651.820442329963,0.0,1306.4775552912454,1306.4775552912452,False
963652,229,7,18.513967344437663,10.45,6032671.303985345,140,140,6.0,6.0,16307.472250025281,29067.885809809395,12760.413559784114,0.0,1570.0516949730143,1570.0516949730145,False
963652,229,8,29.913443049550924,10.270495125000002,3698424.936851971,146,146,6.0,6.0,34924.11596343259,47946.972101195905,13022.856137763314,0.0,1602.8570172204143,1602.8570172204136,False
963652,229,9,46.099802699249445,256.13955845723405,7104268.749376062,136,136,6.0,6.0,17405.43362788813,43592.36681185012,26186.93318396199,2612.7299447266355,1615.4104325411015,945.6085332130901,False
963652,230,0,19.8042842623979,10.0,2064492.7343190885,131,131,6.0,6.0,15822.826604384423,26881.81728824963,11058.990683865206,0.0,1357.3738354831507,1357.3738354831503,False
963652,230,1,30.507329508579694,10.5,2107314.365033428,121,121,6.0,6.0,30990.776902897283,42277.21943834156,11286.442535444277,0.0,1385.8053169305347,1385.8053169305356,False
963652,230,2,47.07476755858607,10.0,2777411.6265878426,138,138,6.0,5.9,-39373.448344507575,7.105427357601004e-14,39373.448344507575,5596.412631639786,1398.923148288581,1.5093919154795765e-15,False
963652,230,3,34.96928190763731,10.45,4321966.589085742,129,129,6.0,6.0,38892.325271060174,50688.42943280718,11796.104161747004,0.0,1449.5130202183755,1449.5130202183761,False
963652,230,4,22.18922374272219,10.0,2115438.193385126,134,134,6.0,5.9,20322.24701720419,32092.8571587098,11770.610141505611,0.0,1446.3262676882014,1446.326267688201,False
963652,230,5,11.676479110851982,10.920250000000001,2694696.641402289,145,145,6.0,5.9,6013.611125941874,19734.397592756704,13720.78646681483,0.0,1690.0983083518538,1690.0983083518547,False
963652,230,6,13.688256281980756,10.0,2355377.1885883426,130,130,6.0,5.800000000000001,7144.816685817783,17674.613828164805,10529.797142347023,0.0,1291.2246427933778,1291.2246427933774,False
963652,230,7,18.513967344437663,10.0,6046880.541922422,141,141,6.0,5.9,16119.237937077329,28736.425400160653,12617.187463083324,0.0,1552.1484328854156,1552.1484328854142,False
963652,230,8,32.90478735450602,10.0,3734701.2033786946,147,147,6.0,6.0,38546.26652672356,51192.473266075845,12646.206739352285,0.0,1555.7758424190356,1555.775842419036,False
963652,230,9,41.4898224293245,268.9465363800958,7079079.383592284,137,137,6.0,5.9,12156.309700263279,41564.397422518094,29408.087722254815,3238.119065485851,1627.1865493531952,1001.7974285939794,False
963652,231,0,21.78471268863769,10.0,2081720.840786194,132,132,6.0,6.0,19348.10646710539,30892.90960295502,11544.803135849628,0.0,1418.1003919812035,1418.1003919812042,False
963652,231,1,33.558062459437664,10.0,2136459.2251910884,121,121,6.0,6.0,30454.86015766029,40250.2229380155,9795.36278035521,0.0,1199.4203475444012,1199.4203475444026,False
963652,231,2,42.36729080272746,10.0,2728578.8231795784,139,139,6.0,6.0,-46842.80340826437,1.4210854715202e-14,46842.80340826437,7031.8541893371275,1435.441557697342,3.354204256621279e-16,False
963652,231,3,34.96928190763731,10.0,4356925.869326692,130,130,6.0,6.0,36759.280240950175,47922.65119536444,11163.370954414258,0.0,1370.4213693017823,1370.4213693017844,False
963652,231,4,21.079762555586083,10.0,2132943.756735664,135,135,6.0,5.800000000000001,19555.563350537625,31838.696062820964,12283.13271228334,0.0,1510.3915890354176,1510.3915890354178,False
963652,231,5,11.092655155309382,10.374237500000001,2697743.9413992395,146,146,6.0,5.9,5061.938671969861,18873.3849088678,13811.446236897938,0.0,1701.4307796122423,1701.4307796122423,False
963652,231,6,13.688256281980756,10.0,2361148.808190226,130,130,6.0,5.800000000000001,7271.619601883369,17979.75317603607,10708.1335741527,0.0,1313.5166967690875,1313.516696769087,False
963652,231,7,17.58826897721578,10.0,6060127.145325847,142,142,6.0,5.9,15366.603403424615,28554.64405219234,13188.040648767725,0.0,1623.5050810959656,1623.5050810959644,False
963652,231,8,32.90478735450602,10.0,3772809.7606514134,148,148,6.0,6.0,40188.5572727188,53362.30619827592,13173.748925557116,0.0,1621.7186156946395,1621.7186156946375,False
963652,231,9,37.34084018639205,268.9465363800958,7039456.830581471,138,138,6.0,6.0,-1907.9309903915164,31562.849610299,33470.780600690516,4031.8173116486923,1638.961755305882,845.2635091430349,False
963652,232,0,22.873948323069577,10.0,2100691.6954060704,132,132,6.0,6.0,20490.85461987648,31819.49601109866,11328.641391222178,0.0,1391.0801739027722,1391.0801739027727,False
963652,232,1,33.558062459437664,10.0,2165229.8524090974,122,122,6.0,6.0,30690.627218008784,40559.78809967868,9869.160881669895,0.0,1208.645110208737,1208.6451102087358,False
963652,232,2,38.130561722454715,10.0,2673467.313827298,139,139,6.0,6.0,-53621.509352280205,3.552713678800501e-14,53621.509352280205,8436.641758998248,1404.787569661121,9.31723404617022e-16,False
963652,232,3,33.22081781225544,10.0,4389294.349493342,130,130,6.0,5.9,33668.480166650595,44611.5037811166,10943.023614466,0.0,1342.87795180825,1342.8779518082495,False
963652,232,4,23.187738811144694,10.0,2153550.5277753468,136,136,6.0,5.800000000000001,22466.771039683113,34606.28162597282,12139.510586289707,0.0,1492.4388232862134,1492.4388232862123,False
963652,232,5,11.092655155309382,10.0,2700568.786578541,147,147,6.0,6.0,4894.845179301552,18274.05831091728,13379.213131615728,0.0,1647.401641451966,1647.4016414519651,False
963652,232,6,13.003843467881717,11.0,2367106.8505691737,130,130,6.0,5.800000000000001,7388.042378947572,19719.58474657455,12331.542367626978,0.0,1516.4427959533723,1516.4427959533725,False
963652,232,7,16.70885552835499,10.0,6072677.980843117,142,142,6.0,5.9,13970.835517270654,27188.238753442944,13217.40323617229,0.0,1627.1754045215362,1627.1754045215364,False
963652,232,8,31.259547986780717,10.0,3807889.4308135603,149,149,6.0,5.9,37069.67016214676,50088.3784821291,13018.70831998234,0.0,1602.3385399977924,1602.3385399977908,False
963652,232,9,33.60675616775285,282.39386319910056,7004675.9226302225,138,138,6.0,6.0,4289.445170251347,40003.35158972821,35713.906419476865,4480.442475405962,1638.961755305882,1190.3365915486118,False
963652,233,0,25.161343155376535,10.0,2123482.7971992306,132,132,6.0,6.0,24111.1017931604,35644.061724350344,11532.959931189944,0.0,1416.619991398743,1416.6199913987437,False
963652,233,1,33.558062459437664,10.0,2147917.4836493274,122,122,6.0,6.0,-15892.368759769892,0.0,15892.368759769892,1207.1052892130685,1207.1052892130685,0.0,False
963652,233,2,34.31750555020925,10.0,2610318.3544368665,140,140,6.0,6.0,-61148.959390431715,0.0,61148.959390431715,9880.161035570593,1443.519276572344,0.0,False
963652,233,3,31.559776921642666,10.0,4369055.5026499955,131,131,6.0,6.0,-18128.846843346822,0.0,18128.846843346822,1379.1420648728326,1379.1420648728326,0.0,False
963652,233,4,25.506512692259165,11.0,2179204.797062104,137,137,6.0,5.9,27761.26928675734,40738.80860747923,12977.539320721891,0.0,1597.1924150902364,1597.1924150902382,False
963652,233,5,10.538022397543912,10.0,2702591.9921644684,148,148,6.0,6.0,4003.2055859272114,17451.963642577088,13448.758056649876,0.0,1656.0947570812345,1656.094757081234,False
963652,233,6,14.30422781466989,10.0,2373428.110860531,131,131,6.0,5.700000000000001,8131.2602913574865,18903.543573342573,10772.283281985086,0.0,1321.5354102481358,1321.535410248136,False
963652,233,7,17.54429830477274,10.0,6086169.017636943,143,143,6.0,5.9,15421.036793825515,28714.539360495306,13293.502566669791,0.0,1636.687820833724,1636.6878208337246,False
963652,233,8,29.69657058744168,10.0,3841214.2848119596,150,150,6.0,6.0,35424.85399839934,48760.51665248518,13335.662654085843,0.0,1641.9578317607304,1641.957831760729,False
963652,233,9,30.246080550977563,296.5135563590556,7043627.169768792,139,139,6.0,6.0,80766.63147251669,107120.27129603052,26353.639823513826,2589.552354980327,1650.7347560765236,3541.6248765021674,False
963652,234,0,25.161343155376535,11.0,2147735.906230604,133,133,6.0,6.0,26416.10903137294,39023.58030696913,12607.471275596192,0.0,1550.933909449524,1550.9339094495233,False
963652,234,1,31.88015933646578,10.0,2124147.0739644705,123,123,6.0,5.9,-22040.409684856946,0.0,22040.409684856946,2422.865538350884,1215.7602491378154,0.0,False
963652,234,2,30.885754995188325,10.0,2539922.1689146035,141,141,6.0,6.0,-68486.18552226276,0.0,68486.18552226276,11332.882600525192,1452.7215649546001,0.0,False
963652,234,3,28.4037992294784,10.0,4342731.876130509,131,131,6.0,6.0,-25013.6265194862,0.0,25013.6265194862,2757.4433106514507,1378.3012457786183,0.0,False
963652,234,4,28.057163961485085,10.45,2207632.229280203,137,137,6.0,5.9,29859.08221812451,42830.655109466374,12971.572891341864,43.013486554814556,1569.563182320974,1526.5496957661617,False
963652,234,5,11.591824637298304,10.0,2706072.7548154253,149,149,6.0,5.9,5670.762650956731,18946.596231457155,13275.833580500424,0.0,1634.479197562553,1634.4791975625524,False
963652,234,6,13.589016423936394,10.0,2378844.5203107796,132,132,6.0,5.700000000000001,7236.409450248377,18080.7287882987,10844.319338050323,0.0,1330.5399172562904,1330.5399172562904,False
963652,234,7,17.54429830477274,10.0,6099337.42824387,144,144,6.0,6.0,15208.410606927377,28323.690590766277,13115.2799838389,0.0,1614.4099979798625,1614.409997979863,False
963652,234,8,28.211742058069596,10.0,3871582.1081083203,151,151,6.0,6.0,32577.82329636071,45751.597927835035,13173.774631474324,0.0,1621.7218289342904,1621.7218289342893,False
963652,234,9,27.22147249587981,281.6878785411028,7106493.535571287,139,139,6.0,5.9,102020.98091965551,115426.8589682677,13405.878048612189,0.0,1650.7347560765236,4240.28711105685,False
963652,235,0,23.903275997607707,10.0,2168727.1158045465,132,132,6.0,6.0,22311.20957394292,33835.27114582494,11524.06157188202,0.0,1415.5076964852526,1415.5076964852537,False
963652,235,1,28.6921434028192,10.0,2094173.0994536236,124,124,6.0,5.800000000000001,-28233.974510846936,3.9443045261050586e-31,28233.974510846936,3647.4537552041547,1224.5882168532705,1.374698456901447e-32,False
963652,235,2,27.797179495669493,10.0,2478476.4089240073,142,142,6.0,6.0,-59425.75999059627,13939.228327379187,73364.98831797545,12293.565644638282,1462.1450118480066,501.4619677349197,False
963652,235,3,25.56341930653056,10.0,4435585.022942862,132,132,6.0,6.0,94673.14681235218,105979.6252594573,11306.478447105126,0.0,1388.3098058881408,4145.753116539587,False
963652,235,4,30.862880357633596,10.0,2185849.600171816,137,137,6.0,6.0,-20312.629108387213,4.3790577010150533e-47,20312.629108387213,1573.5951539096714,1530.5816673548568,1.4188752476344748e-48,False
963652,235,5,11.591824637298304,10.0,2710497.6773380353,149,149,6.0,5.9,5914.922522609944,19734.56855791184,13819.646035301896,0.0,1702.455754412737,1702.4557544127374,False
963652,235,6,14.947918066330034,10.0,2386022.888080701,133,133,6.0,5.800000000000001,9108.367769921613,20026.246341380815,10917.878571459201,0.0,1339.7348214324002,1339.7348214324,False
963652,235,7,16.667083389534103,11.0,6111684.909208947,145,145,6.0,6.0,14442.480965076926,28157.967369888378,13715.486404811452,0.0,1689.4358006014315,1689.4358006014322,False
963652,235,8,26.801154955166115,10.0,3900621.2055086624,152,152,6.0,5.9,31059.09740034234,44560.02384869464,13500.9264483523,0.0,1662.6158060440375,1662.6158060440368,False
963652,235,9,27.22147249587981,295.77227246815795,7096241.243697573,140,140,6.0,6.0,31755.826271881866,45255.87964863821,13500.053376756348,0.0,1662.5066720945435,1662.5066720945408,False
963652,236,0,23.903275997607707,11.0,2190734.2256097915,133,133,6.0,6.0,23970.109805244956,36328.666222869004,12358.556417624048,0.0,1519.819552203006,1519.8195522030057,False
963652,236,1,25.82292906253728,10.0,2057854.5753582164,125,125,6.0,5.9,-34468.52409540716,0.0,34468.52409540716,4880.6272413108,1233.1734861066457,0.0,False
963652,236,2,25.017461546102545,10.0,2585217.297273671,143,143,6.0,6.0,108770.88834966329,157987.30543635038,49216.417086687085,7449.560865478346,1471.076594911919,6315.081374071828,False
963652,236,3,24.28524834120403,10.0,4456119.879474754,133,133,6.0,6.0,22564.856531893296,33947.91302814331,11383.056496250016,0.0,1397.882062031252,1397.882062031251,False
963652,236,4,27.776592321870236,10.0,2156566.2982081445,138,138,6.0,6.0,-27303.301963671747,0.0,27303.301963671747,3053.2356303807014,1479.64047647103,0.0,False
963652,236,5,11.012233405433388,10.0,2713240.6895788964,150,150,6.0,5.9,4743.0122408611205,18070.845514192613,13327.833273331493,0.0,1640.9791591664366,1640.9791591664355,False
963652,236,6,14.947918066330034,10.0,2393493.0837154686,133,133,6.0,5.9,9100.195634767488,20008.664613222172,10908.468978454684,0.0,1338.5586223068356,1338.5586223068344,False
963652,236,7,15.833729220057396,10.45,6122247.01319453,146,146,6.0,6.0,12587.80398561085,25847.028910433735,13259.224924822885,0.0,1632.4031156028607,1632.40311560286,False
963652,236,8,25.461097207407807,11.0,3875735.9482993414,152,152,6.0,5.9,-23213.257209321066,0.0,23213.257209321066,1770.2505545631589,1770.2505545631589,0.0,False
963652,236,9,28.5825461206738,280.98365884475004,7034890.944722099,140,140,6.0,5.9,-21812.586737229067,0.0,21812.586737229067,1662.5066720945435,1662.5066720945435,0.0,False
963652,237,0,22.70811219772732,10.45,2210578.894306831,134,134,6.0,6.0,21844.968697064585,34035.613533440504,12190.644836375921,0.0,1498.8306045469901,1498.8306045469894,False
963652,237,1,23.240636156283554,10.0,2015887.996745852,125,125,6.0,6.0,-40616.578612364254,3.552713678800501e-15,40616.578612364254,6112.430503296204,1231.8032619854043,1.5286645575921364e-16,False
963652,237,2,22.515715391492293,10.0,2772184.987088366,144,144,6.0,6.0,189007.68981469522,201043.41240736734,12035.722592672124,0.0,1479.4653240840155,8929.026189562375,False
963652,237,3,24.28524834120403,10.5,4433505.771108151,134,134,6.0,6.0,-20507.108366603406,0.0,20507.108366603406,1562.0852589694928,1562.0852589694928,0.0,False
963652,237,4,24.998933089683213,10.0,2120128.86744228,139,139,6.0,6.0,-34447.430765864454,0.0,34447.430765864454,4513.331985300774,1460.0963549200724,0.0,False
963652,237,5,10.46162173516172,10.0,2714819.0420842273,151,151,6.0,5.9,3788.3525053309713,16950.059654277447,13161.707148946476,0.0,1620.2133936183095,1620.2133936183106,False
963652,237,6,15.695313969646536,10.0,2402185.2859124835,132,132,6.0,5.800000000000001,10012.202197014833,20828.743367182477,10816.541170167644,0.0,1327.0676462709555,1327.0676462709555,False
963652,237,7,15.042042759054526,10.0,6131219.251467422,147,147,6.0,6.0,11142.238272891434,24227.406580973988,13085.168308082553,0.0,1610.6460385103192,1610.646038510318,False
963652,237,8,22.914987486667027,10.45,3843049.032643401,153,153,6.0,6.0,-30488.065655911658,1079.7679661443015,31567.833622055958,3473.2979427841697,1750.167988516889,47.12060029587881,False
963652,237,9,25.72429150860642,266.93447590251253,6966375.037166772,141,141,6.0,6.0,-30278.14645307864,0.0,30278.14645307864,3336.7846022949993,1674.2779302004558,0.0,False
963652,238,0,23.843517807613686,11.495000000000001,2188331.4559402126,134,134,6.0,5.9,-20507.108366603406,0.0,20507.108366603406,1562.0852589694928,1562.0852589694928,0.0,False
963652,238,1,20.9165725406552,10.0,2130980.5678309477,126,126,6.0,6.0,116952.57108509586,132234.91459991015,15282.343514814287,1031.2043349346454,1240.7902300176324,6322.016398379195,False
963652,238,2,22.515715391492293,11.0,2748773.713651569,144,144,6.0,5.9,-21627.273436796957,0.0,21627.273436796957,1648.251802830535,1648.251802830535,0.0,False
963652,238,3,21.85672350708363,10.0,4406007.884372742,135,135,6.0,5.9,-25647.886735409367,5.861977570020823e-14,25647.886735409367,2918.8129851665626,1356.7277261970696,2.68200197898875e-15,False
963652,238,4,22.49903978071489,10.0,2076316.7265789644,140,140,6.0,6.0,-41912.14086331564,0.0,41912.14086331564,5986.061288132449,1472.7293028316744,0.0,False
963652,238,5,10.0,10.0,2715765.472470163,152,152,6.0,6.0,3066.4303859355005,16332.151929677479,13265.721543741978,0.0,1633.2151929677473,1633.215192967748,False
963652,238,6,14.910548271164208,11.0,2410552.949075999,132,132,6.0,5.800000000000001,10019.663163515848,22050.461835348764,12030.798671832916,0.0,1478.8498339791145,1478.8498339791147,False
963652,238,7,14.289940621101799,10.0,6139596.488886594,147,147,6.0,6.0,9947.23741917215,23053.225606252585,13105.988187080435,0.0,1613.2485233850543,1613.2485233850543,False
963652,238,8,20.623488738000326,10.0,3932326.9519639895,154,154,6.0,6.0,91417.91932058867,104284.08394666055,12866.164626071888,0.0,1583.270578258986,5056.568521043159,False
963652,238,9,23.151862357745777,280.28119969763816,6888105.851905357,141,141,6.0,6.0,-38649.53610408092,0.0,38649.53610408092,5011.062532495455,1674.2779302004558,0.0,False
963652,239,0,22.651341917233,10.920250000000001,2157889.3557628077,135,135,6.0,5.9,-28467.86642740941,0.0,28467.86642740941,3135.7344999357965,1573.649240966304,0.0,False
963652,239,1,19.870743913622437,10.0,2164633.592963871,126,126,6.0,6.0,35013.025132923205,45134.71359858022,10121.68846565702,0.0,1240.2110582071275,2271.415393141774,False
963652,239,2,20.264143852343064,10.45,2717203.4341534255,144,144,6.0,5.9,-29865.4794981167,3.730349362740526e-14,29865.4794981167,3296.26876313546,1648.0169603049249,1.8408620615418698e-15,False
963652,239,3,19.671051156375267,10.0,4477209.891260148,136,136,6.0,6.0,73162.0068874061,84292.22191373081,11130.215026324722,0.0,1366.2768782905903,4285.089863457156,False
963652,239,4,20.2491358026434,10.0,2110091.538379183,140,140,6.0,6.0,35274.811800218755,67800.24832764138,32525.43652742263,4109.807722612392,1472.0497392950833,3348.3033048151356,False
963652,239,5,10.0,10.0,2716822.310991947,153,153,6.0,6.0,3086.838521784308,16434.192608921585,13347.354087137277,0.0,1643.4192608921596,1643.4192608921585,False
963652,239,6,15.656075684722419,10.45,2420293.9008509177,132,132,6.0,5.800000000000001,11120.351774943227,23149.233558369502,12028.881783426275,0.0,1478.6102229282844,1478.610222928284,False
963652,239,7,13.575443590046708,10.0,6146370.280326785,148,148,6.0,6.0,8853.791440190727,22044.74549644352,13190.954056252793,0.0,1623.869257031599,1623.8692570315982,False
963652,239,8,19.59231430110031,10.0,3948723.8322024373,153,153,6.0,6.0,18026.880238447622,30805.47654977613,12778.596311328505,0.0,1572.3245389160631,1572.324538916063,False
963652,239,9,20.836676121971202,266.26713971275626,6803441.259450832,141,141,6.0,6.0,-47020.9257550832,0.0,47020.9257550832,6685.340462695911,1674.2779302004558,0.0,False
963652,240,0,20.386207725509703,10.374237500000001,2119760.235207235,136,136,6.0,6.0,-36118.224255554655,0.0,36118.224255554655,4692.623096541617,1556.8885966058208,0.0,False
963652,240,1,18.877206717941316,10.0,2146427.0446012304,127,127,6.0,6.0,-16436.54836264085,0.0,16436.54836264085,1248.9652586646807,1248.9652586646807,0.0,False
963652,240,2,18.237729467108757,10.0,2790292.0056727203,145,145,6.0,6.0,75138.57151929472,87233.48522277075,12094.913703476019,0.0,1486.8642129345023,4783.132976069962,False
963652,240,3,18.687498598556502,10.5,4481457.469693577,136,136,6.0,6.0,5975.578433428567,21127.720453010537,15152.14201958197,454.4229593673137,1585.0034028431753,1130.5804434758609,False
963652,240,4,18.224222222379062,10.0,2198745.25697891,140,140,6.0,6.0,90053.71859972674,102268.84819108326,12215.129591356528,0.0,1501.891198919566,5611.6989215319545,False
963652,240,5,10.0,10.0,2718343.123786821,153,153,6.0,6.0,3150.812794874184,16754.063974370943,13603.25117949676,0.0,1675.406397437095,1675.4063974370945,False
963652,240,6,14.873271900486298,10.0,2427879.1306913337,132,132,6.0,5.800000000000001,8905.229840416056,19703.07025440793,10797.840413991873,0.0,1324.7300517489841,1324.7300517489844,False
963652,240,7,12.896671410544373,10.0,6152350.341748516,149,149,6.0,6.0,7970.061421731791,21518.004523061536,13547.943101329745,0.0,1668.4928876662182,1668.492887666218,False
963652,240,8,17.63308287099028,10.0,3961959.3271992756,154,154,6.0,6.0,15375.494996838474,28510.498426524395,13135.003429685921,0.0,1616.8754287107402,1616.875428710739,False
963652,240,9,18.753008509774084,239.64042574148064,6713266.992806438,142,142,6.0,6.0,-55545.326189076826,2.486899575160351e-14,55545.326189076826,8371.38845312647,1686.0479904305596,1.326133656828544e-15,False
963652,241,0,18.347586952958732,10.0,2075182.3662440642,137,137,6.0,6.0,-42707.86896317085,0.0,42707.86896317085,6157.604133500291,1464.9810369586742,0.0,False
963652,241,1,16.989486046147185,10.0,2161269.405497149,128,128,6.0,6.0,16722.360895918628,30530.02742531156,13807.666529392933,709.4942921543336,1257.5243835776582,1796.9953500880065,False
963652,241,2,18.237729467108757,10.0,2768686.545053769,146,146,6.0,6.0,-19645.460618951438,0.0,19645.460618951438,1495.8046629962646,1495.8046629962646,0.0,False
963652,241,3,17.753123668628675,10.0,4458354.930233807,137,137,6.0,6.0,-21132.539459769505,0.0,21132.539459769505,1889.8402411313857,1435.417281764072,0.0,False
963652,241,4,17.313011111260106,10.0,2176197.6471359706,141,141,6.0,5.9,-20637.60984293947,2.3092638912203256e-14,20637.60984293947,1572.1238340722668,1572.1238340722668,1.3338314614252267e-15,False
963652,241,5,11.0,10.0,2721850.7380221365,153,153,6.0,6.0,5037.614235315301,19204.585529489417,14166.971294174116,0.0,1745.8714117717645,1745.8714117717652,False
963652,241,6,14.129608305461982,10.0,2434271.7682839176,132,132,6.0,5.800000000000001,7912.63759258412,18700.76941217214,10788.13181958802,0.0,1323.5164774485024,1323.516477448502,False
963652,241,7,12.251837840017155,11.0,6157788.047776309,149,149,6.0,6.0,7176.706027792832,21256.268335395947,14079.562307603115,0.0,1734.9452884503894,1734.9452884503885,False
963652,241,8,16.751428727440764,10.0,3974510.7401678115,155,155,6.0,6.0,14601.4129685357,28331.92409262196,13730.51112408626,0.0,1691.3138905107826,1691.3138905107846,False
963652,241,9,16.877707658796677,251.6224470285547,6832847.507938441,143,143,6.0,6.0,156162.52505711454,169945.02056277305,13782.495505658504,0.0,1697.811938207313,10069.200391333805,False
963652,242,0,16.51282825766286,10.0,2044153.1520982874,137,137,6.0,5.9,-29659.214145776732,15638.348118801016,45297.56226457775,6675.542793781671,1464.9810369586742,947.042376677294,False
963652,242,1,15.290537441532466,10.0,2179364.144623983,129,129,6.0,5.9,19884.73912683424,30219.728665990522,10334.98953915628,0.0,1266.873692394535,1976.3679845488678,False
963652,242,2,16.413956520397882,10.0,2803437.4548685565,147,147,6.0,6.0,37020.909814787345,49266.45541050828,12245.545595720938,0.0,1505.6931994651172,3001.4978624613805,False
963652,242,3,15.977811301765808,10.0,4497904.6384776775,138,138,6.0,6.0,41529.70824386992,53295.985804770295,11766.277560900371,0.0,1445.7846951125464,3335.624936243941,False
963652,242,4,15.581710000134096,10.5,2211045.7853793926,142,142,6.0,5.800000000000001,36839.13824342174,50273.89459932226,13434.756355900518,0.0,1654.3445444875647,3226.468378559837,False
963652,242,5,10.45,10.0,2724304.5110149803,153,153,6.0,6.0,3983.7729928438075,17845.072561313376,13861.299568469569,0.0,1707.662446058696,1707.6624460586963,False
963652,242,6,13.423127890188882,10.0,2439827.1175894258,132,132,6.0,5.9,6975.349305508327,17760.162278094765,10784.812972586438,0.0,1323.1016215733048,1323.101621573305,False
963652,242,7,13.477021624018871,10.45,6165356.708756526,149,149,6.0,6.0,9125.710980244652,22947.29091244396,13821.579932199309,0.0,1702.6974915249136,1702.6974915249145,False
963652,242,8,18.426571600184843,10.0,3950573.6595911714,155,155,6.0,6.0,-22187.080576640175,0.0,22187.080576640175,1691.3138905107826,1691.3138905107826,0.0,False
963652,242,9,16.033822275856842,251.6224470285547,6810162.530364042,142,142,6.0,6.0,13345.409903684695,27033.79382712917,13688.383923444477,0.0,1686.0479904305596,1686.0479904305596,False
963652,243,0,14.861545431896575,10.0,2151465.85650379,136,136,6.0,6.0,108772.70440550245,120356.52105737009,11583.816651867648,0.0,1422.977081483456,8098.519875265129,False
963652,243,1,15.290537441532466,10.0,2187110.334712078,129,129,6.0,5.9,9036.190088094832,19371.179627251113,10334.98953915628,0.0,1266.873692394535,1266.8736923945344,False
963652,243,2,15.593258694377987,11.0,2814257.40648928,147,147,6.0,6.0,12536.951620723596,26156.172151328134,13619.220530604538,0.0,1677.4025663255672,1677.4025663255695,False
963652,243,3,15.977811301765808,10.0,4501038.95641864,139,139,6.0,6.0,5024.317940962512,18067.036602245826,13042.718661283314,292.050410544511,1422.8083260700948,1130.7579155255842,False
963652,243,4,14.802624500127392,10.5,2220029.4317686926,142,142,6.0,5.9,10574.646389300211,23445.81045440295,12871.164065102737,0.0,1583.8955081378422,1583.8955081378422,False
963652,243,5,10.0,11.0,2725884.167615437,153,153,6.0,6.0,3362.6566004566957,17813.283002283493,14450.626401826798,0.0,1781.3283002283497,1781.3283002283495,False
963652,243,6,13.423127890188882,10.0,2445382.466894934,132,132,6.0,6.0,6975.34930550832,17760.16227809476,10784.812972586438,0.0,1323.1016215733048,1323.1016215733046,False
963652,243,7,14.150872705219815,10.0,6173674.293679781,149,149,6.0,5.9,9807.584923255554,23023.73453696854,13216.149613712985,0.0,1627.0187017141232,1627.0187017141213,False
963652,243,8,16.58391444016636,10.0,3918825.4814765523,155,155,6.0,6.0,-30198.178114619106,0.0,30198.178114619106,3348.3607106696436,1657.0468201588608,0.0,False
963652,243,9,16.033822275856842,239.04132467712694,6753800.038384318,142,142,6.0,6.0,-22118.623875597274,0.0,22118.623875597274,1686.0479904305596,1686.0479904305596,0.0,False
963652,244,0,14.118468160301745,10.0,2158159.358723928,137,137,6.0,6.0,8563.502220138595,20221.928728915445,11658.42650877685,0.0,1432.3033135971064,1432.3033135971073,False
963652,244,1,14.526010569455842,10.0,2193879.518136892,129,129,6.0,5.800000000000001,8059.1834248141895,18383.817256662696,10324.633831848507,0.0,1265.5792289810634,1265.5792289810631,False
963652,244,2,15.593258694377987,10.45,2791015.3711692765,148,148,6.0,6.0,-21195.43531997598,1.98951966012828e-13,21195.43531997598,1615.0334861519984,1615.0334861519984,1.2758844697712761e-14,False
963652,244,3,15.178920736677517,10.0,4493448.525374021,140,140,6.0,5.9,-5690.431044618455,10967.054347377585,16657.48539199604,1001.0568411086945,1431.525148306571,722.5187177423882,False
963652,244,4,14.062493275121021,11.025,2228087.9542613104,142,142,6.0,5.9,9624.072492604588,22787.811399064285,13163.738906459697,0.0,1620.4673633074622,1620.4673633074626,False
963652,244,5,11.0,11.55,2728783.3680732953,154,154,6.0,6.0,5177.900457829641,19718.968345375328,14541.067887545687,0.0,1792.6334859432109,1792.6334859432116,False
963652,244,6,14.76544067920777,10.0,2452803.8236740045,132,132,6.0,6.0,8741.356779070731,19514.334597411787,10772.977818341056,0.0,1321.622227292632,1321.6222272926307,False
963652,244,7,14.858416340480806,11.0,6182698.052647229,150,150,6.0,6.0,11273.758967448292,24857.325549402296,13583.566581954005,0.0,1672.9458227442506,1672.9458227442517,False
963652,244,8,14.925522996149725,10.0,3978083.8850165973,156,156,6.0,6.0,61318.403540044834,74851.54099113161,13533.137451086774,0.0,1666.6421813858467,5015.0028920554905,False
963652,244,9,14.430440048271159,227.08925844327058,6755774.366753186,143,143,6.0,6.0,35048.09232629749,48830.58783195599,13782.495505658504,0.0,1697.811938207313,3383.8599286378762,False
963652,245,0,14.118468160301745,10.0,2164729.2582422583,138,138,6.0,6.0,8649.899518330016,20421.291947239646,11771.39242890963,0.0,1446.4240536137038,1446.4240536137027,False
963652,245,1,13.799710040983049,11.0,2200275.6253549387,130,130,6.0,5.9,8426.10721804662,20524.780989102255,12098.673771055635,0.0,1487.3342213819544,1487.334221381954,False
963652,245,2,14.03393282494019,10.0,2820954.3064429993,148,148,6.0,6.0,31418.93527372256,43490.01714195694,12071.081868234378,0.0,1483.8852335292972,3098.918719681294,False
963652,245,3,13.661028663009766,10.0,4513550.234891629,140,140,6.0,6.0,21601.70951760785,33285.478707498565,11683.769189890716,0.0,1435.4711487363395,2436.527989845033,False
963652,245,4,13.35936861136497,11.576250000000002,2234360.6931094206,143,143,6.0,6.0,8728.142598099368,22255.298456222692,13527.155858123324,0.0,1665.8944822654155,1665.8944822654157,False
963652,245,5,12.100000000000001,10.9725,2733960.2359948796,154,154,6.0,5.9,6866.632921607279,20855.18496376784,13988.55204216056,0.0,1723.56900527007,1723.569005270069,False
963652,245,6,14.76544067920777,10.0,2459944.508584688,132,132,6.0,6.0,8560.684910683323,19120.021812544,10559.336901860677,0.0,1294.9171127325847,1294.917112732586,False
963652,245,7,14.858416340480806,10.0,6191620.177983634,151,151,6.0,5.9,11132.125336405214,24550.48336406707,13418.358027661856,0.0,1652.294753457732,1652.294753457732,False
963652,245,8,14.179246846342238,10.0,3986392.441972885,155,155,6.0,6.0,10058.556956287428,23539.86092278605,13481.303966498623,0.0,1660.1629958123278,1660.1629958123292,False
963652,245,9,13.7089180458576,249.79818428759765,6729628.534383079,142,142,6.0,6.0,9425.509798750956,23113.893722195433,13688.383923444477,0.0,1686.0479904305596,1686.0479904305591,False
963652,246,0,13.412544752286657,10.0,2170926.618045788,138,138,6.0,6.0,7777.359803529547,19768.27911209963,11990.919308570083,0.0,1473.8649135712603,1473.86491357126,False
963652,246,1,13.799710040983049,10.0,2205865.5816815314,130,130,6.0,6.0,7189.956326592663,17583.50914129864,10393.552814705978,0.0,1274.1941018382472,1274.1941018382474,False
963652,246,2,14.03393282494019,10.0,2828204.347375422,148,148,6.0,6.0,8930.040932422427,21234.969770456613,12304.928838034186,0.0,1513.1161047542732,1513.1161047542719,False
963652,246,3,12.977977229859277,10.0,4519141.009217287,140,140,6.0,6.0,7090.774325658847,19007.620729739272,11916.846404080425,0.0,1464.605800510053,1464.6058005100517,False
963652,246,4,14.695305472501467,10.997437500000002,2243740.299097242,143,143,6.0,6.0,10952.239550311335,24477.68329129085,13525.443740979515,0.0,1665.6804676224394,1665.6804676224403,False
963652,246,5,12.100000000000001,10.0,2738796.5528611084,155,155,6.0,5.800000000000001,6886.316866228992,20913.276605212395,14026.959738983403,0.0,1728.3699673729254,1728.369967372925,False
963652,246,6,14.027168645247382,10.0,2465733.4839983624,133,133,6.0,6.0,7818.975413674561,18662.746491821217,10843.771078146656,0.0,1330.471384768332,1330.4713847683324,False
963652,246,7,15.601337157504847,10.0,6202397.014132601,152,152,6.0,5.9,12996.83614896717,27085.798972764955,14088.962823797785,0.0,1736.1203529747231,1736.1203529747215,False
963652,246,8,13.470284504025125,10.0,3993333.7205290054,156,156,6.0,6.0,9101.278556120542,22903.90350080342,13802.624944682877,0.0,1700.3281180853596,1700.3281180853594,False
963652,246,9,13.02347214356472,237.30827507321774,6703322.36202426,143,143,6.0,5.9,8328.910976596066,22111.40648225457,13782.495505658504,0.0,1697.811938207313,1697.8119382073132,False
963652,247,0,13.412544752286657,10.0,2176391.8362402357,139,139,6.0,6.0,7655.218194448018,19465.606363346804,11810.388168898786,0.0,1451.2985211123482,1451.2985211123478,False
963652,247,1,13.109724538933897,10.0,2210410.2339480305,131,131,6.0,5.9,6354.652266498935,16816.891988511845,10462.23972201291,0.0,1282.7799652516137,1282.7799652516132,False
963652,247,2,13.33223618369318,11.0,2834939.3466990087,149,149,6.0,6.0,8873.999323586784,22687.798879332677,13813.799555745893,0.0,1701.7249444682366,1701.7249444682357,False
963652,247,3,12.329078368366313,10.0,4523061.653866332,141,141,6.0,6.0,6030.644649044716,17744.67903488284,11714.034385838124,0.0,1439.2542982297655,1439.2542982297655,False
963652,247,4,13.960540198876393,11.547309375000003,2251373.392192572,144,144,6.0,6.0,9795.90564531617,23412.012658167772,13616.107012851602,0.0,1677.0133766064503,1677.0133766064494,False
963652,247,5,12.705000000000002,10.0,2744999.489528529,155,155,6.0,5.800000000000001,7752.9366674202465,21475.46447599879,13722.527808578543,0.0,1690.3159760723179,1690.315976072317,False
963652,247,6,14.728527077509751,10.0,2473147.234752824,133,133,6.0,6.0,8743.750754461727,19577.579705652424,10833.828951190697,0.0,1329.228618898837,1329.228618898838,False
963652,247,7,14.821270299629605,10.0,6211808.044223731,153,153,6.0,5.800000000000001,11441.030091130402,25293.654402778022,13852.62431164762,0.0,1706.5780389559525,1706.5780389559545,False
963652,247,8,13.470284504025125,10.0,4000580.298705348,156,156,6.0,6.0,8906.578176342318,22424.46417608007,13517.885999737751,0.0,1664.735749967219,1664.7357499672187,False
963652,247,9,13.02347214356472,261.0391025805395,6673620.726936618,144,144,6.0,5.800000000000001,8387.995683935012,22264.585004628865,13876.589320693853,0.0,1709.5736650867316,1709.5736650867298,False
963652,248,0,14.08317198990099,10.0,2183151.2020095037,139,139,6.0,6.0,8249.365769267899,19561.155188728877,11311.789419460978,0.0,1388.9736774326223,1388.9736774326223,False
963652,248,1,13.765210765880592,10.5,2216469.423957732,132,132,6.0,5.9,7945.190009701597,19447.729105626535,11502.539095924938,0.0,1412.8173869906173,1412.8173869906175,False
963652,248,2,12.66562437450852,11.0,2840824.704764751,149,149,6.0,6.0,7724.358065741915,21512.006671211457,13787.648605469542,0.0,1698.4560756836927,1698.456075683692,False
963652,248,3,12.329078368366313,10.5,4527575.763039848,142,142,6.0,6.0,6505.109173515804,19095.93900466275,12590.829831146944,0.0,1548.853728893368,1548.8537288933699,False
963652,248,4,13.262513188932573,10.969943906250002,2257581.834522862,145,145,6.0,6.0,8299.084196686119,21419.274822807918,13120.1906261218,0.0,1615.023828265225,1615.0238282652247,False
963652,248,5,12.06975,10.0,2749230.5099505675,156,156,6.0,5.800000000000001,6291.020422038548,19250.56667827258,12959.54625623403,0.0,1594.9432820292539,1594.943282029253,False
963652,248,6,14.728527077509751,10.0,2480273.828878054,133,133,6.0,6.0,8556.59412522972,19167.899927355524,10611.305802125804,0.0,1301.4132252657255,1301.4132252657246,False
963652,248,7,14.080206784648125,10.0,6219379.362426092,154,154,6.0,5.800000000000001,9611.318202360164,22720.50836626406,13109.190163903897,0.0,1613.6487704879871,1613.6487704879871,False
963652,248,8,12.796770278823868,11.0,4007171.5098390062,156,156,6.0,5.9,8507.211133658471,23229.00080050641,14721.789666847937,0.0,1815.2237083559921,1815.2237083559924,False
963652,248,9,11.721124929208248,287.1430128385935,6637690.291743968,145,145,6.0,5.700000000000001,6205.3016689233955,20175.979710171054,13970.678041247658,0.0,1721.3347551559573,1721.3347551559561,False
963652,249,0,14.08317198990099,10.0,2190276.5041430485,139,139,6.0,6.0,8615.30213354462,20408.335699821404,11793.033566276785,0.0,1449.129195784598,1449.1291957845986,False
963652,249,1,13.076950227586563,10.0,2220838.7212634487,133,133,6.0,5.9,6399.297305716875,16998.13441837296,10598.837112656085,0.0,1299.8546390820106,1299.8546390820115,False
963652,249,2,12.66562437450852,10.45,2846531.810208836,150,150,6.0,6.0,7774.605444113093,21648.411655661184,13873.806211548092,0.0,1709.2257764435114,1709.225776443511,False
963652,249,3,11.712624449947997,10.0,4530555.31124719,143,143,6.0,6.0,5209.548207342192,17066.09635600928,11856.548148667087,0.0,1457.0685185833859,1457.0685185833863,False
963652,249,4,12.599387529485943,10.421446710937502,2262835.6912229573,146,146,6.0,6.0,7275.387919875564,20477.793778398292,13202.405858522729,0.0,1625.300732315341,1625.300732315342,False
963652,249,5,12.6732375,10.0,2754479.6481079906,157,157,6.0,5.9,7619.138157423002,21204.527891923757,13585.389734500755,0.0,1673.1737168125944,1673.1737168125946,False
963652,249,6,13.992100723634262,10.0,2486594.167241374,133,133,6.0,6.0,7750.338363320048,18564.763894535867,10814.425531215818,0.0,1326.8031914019773,1326.8031914019782,False
963652,249,7,14.080206784648125,10.0,6227193.01777414,155,155,6.0,5.800000000000001,10063.655348048358,23768.005725029587,13704.350376981229,0.0,1688.0437971226536,1688.0437971226547,False
963652,249,8,12.156931764882673,10.45,4012323.4918329986,157,157,6.0,6.0,7392.631994021425,22204.624537489537,14811.992543468112,0.0,1826.499067933514,1826.4990679335144,False
963652,249,9,11.721124929208248,301.5001634805232,6599120.333424188,146,146,6.0,5.800000000000001,6249.065548394328,20313.83100740623,14064.7654590119,0.0,1733.0956823764875,1733.0956823764875,False
963652,250,0,14.08317198990099,10.0,2197051.6562376,140,140,6.0,6.0,8675.152094551162,20546.894546397387,11871.742451846225,0.0,1458.967806480778,1458.9678064807783,False
963652,250,1,14.384645250345221,10.0,2227053.4656288633,134,134,6.0,6.0,8154.744365414719,18823.290745451068,10668.546380036349,0.0,1308.5682975045436,1308.5682975045438,False
963652,250,2,13.932186811959372,10.9725,2855042.456309896,150,150,6.0,6.0,10156.521101082366,24323.06858769013,14166.547486607764,0.0,1745.8184358259705,1745.8184358259707,False
963652,250,3,12.883886894942798,10.0,4535477.37842771,144,144,6.0,6.0,6962.067180519654,18893.81664086999,11931.749460350336,0.0,1466.468682543792,1466.4686825437918,False
963652,250,4,11.969418153011645,10.0,2266914.6638732315,147,147,6.0,6.0,6148.9726502740905,19144.747558406765,12995.774908132675,0.0,1599.4718635165843,1599.4718635165839,False
963652,250,5,12.039575625,10.0,2759565.454335524,157,157,6.0,5.9,6855.806227532961,21029.167555621378,14173.361328088416,0.0,1746.670166011052,1746.6701660110532,False
963652,250,6,15.39131079599769,10.0,2494427.9092502175,134,134,6.0,6.0,9673.742008843303,20560.60638931537,10886.864380472067,0.0,1335.8580475590084,1335.858047559009,False
963652,250,7,13.376196445415717,10.0,6234195.3305671485,156,156,6.0,5.9,9362.31279300785,23791.424976825685,14429.112183817835,0.0,1778.6390229772294,1778.6390229772283,False
963652,250,8,13.372624941370942,10.0,4019540.3636259404,157,157,6.0,5.9,8786.871792941945,22368.593973085455,13581.72218014351,0.0,1672.7152725179387,1672.715272517937,False
963652,250,9,12.893237422129074,316.57517165454937,6561180.807011822,146,146,6.0,5.800000000000001,8280.448649134933,22345.214108146833,14064.7654590119,0.0,1733.0956823764875,1733.095682376486,False
963652,251,0,13.37901339040594,10.0,2202846.131535006,141,141,6.0,6.0,7704.475297406434,19660.497785106414,11956.02248769998,0.0,1469.5028109624975,1469.502810962497,False
963652,251,1,13.66541298782796,10.0,2232269.6233561765,135,135,6.0,6.0,7266.15772731311,18008.948155271704,10742.790427958595,0.0,1317.8488034948243,1317.848803494824,False
963652,251,2,15.32540549315531,11.521125000000001,2865903.115519752,150,150,6.0,6.0,12588.827959851362,26755.375446459126,14166.547486607764,0.0,1745.8184358259705,1745.8184358259696,False
963652,251,3,12.239692550195658,10.0,4539487.473730998,145,145,6.0,6.0,6060.095303288128,18072.452410171703,12012.357106883575,0.0,1476.544638360447,1476.544638360447,False
963652,251,4,11.370947245361062,10.0,2270537.2066431176,147,147,6.0,6.0,5192.542769886293,18190.234047451668,12997.691277565375,0.0,1599.7114096956718,1599.7114096956723,False
963652,251,5,12.039575625,10.0,2764816.8072684305,156,156,6.0,5.9,6811.352932906906,20896.678687454518,14085.325754547612,0.0,1735.6657193184515,1735.6657193184512,False
963652,251,6,16.93044187559746,10.0,2504293.9766048566,135,135,6.0,6.0,11816.06735463884,22780.208723699565,10964.141369060724,0.0,1345.5176711325905,1345.5176711325896,False
963652,251,7,13.376196445415717,11.0,6241641.643360157,156,156,6.0,5.800000000000001,9362.312793007857,23791.424976825692,14429.112183817835,0.0,1778.6390229772294,1778.639022977229,False
963652,251,8,12.703993694302394,10.0,4025639.887149712,157,157,6.0,5.800000000000001,7669.523523771586,21253.084872169442,13583.561348397856,0.0,1672.945168549732,1672.9451685497313,False
963652,251,9,12.24857555102262,348.23268882000434,6517402.0223878315,146,146,6.0,5.9,7163.187943727613,21227.953402739513,14064.7654590119,0.0,1733.0956823764875,1733.0956823764877,False
963652,252,0,13.37901339040594,10.0,2208934.2219183715,141,141,6.0,6.0,7698.090383365054,19644.616833664906,11946.526450299853,0.0,1468.3158062874816,1468.3158062874813,False
963652,252,1,15.031954286610757,10.0,2239878.5496823266,135,135,6.0,6.0,9058.92632614992,19792.47185135841,10733.545525208488,0.0,1316.693190651061,1316.6931906510608,False
963652,252,2,14.559135218497545,12.673237500000003,2875251.6855365066,150,150,6.0,5.9,11249.55564172215,25414.26929413537,14164.71365241322,0.0,1745.5892065516525,1745.589206551654,False
963652,252,3,13.463661805215224,10.0,4545443.69718817,146,146,6.0,6.0,7916.223457171689,20000.15587688994,12083.932419718252,0.0,1485.4915524647815,1485.491552464781,False
963652,252,4,11.370947245361062,10.0,2273466.446259733,148,148,6.0,6.0,5109.239616615394,17909.234170482636,12799.994553867242,0.0,1574.9993192334052,1574.9993192334052,False
963652,252,5,11.437596843749999,10.0,2768412.3793616947,157,157,6.0,5.9,5665.572093264076,19515.97348673395,13850.401393469874,0.0,1706.3001741837343,1706.300174183734,False
963652,252,6,16.93044187559746,10.0,2514448.823457786,135,135,6.0,6.0,11804.846852929324,22758.936758140142,10954.089905210818,0.0,1344.2612381513522,1344.2612381513522,False
963652,252,7,13.376196445415717,11.55,6248649.754513662,157,157,6.0,5.9,9421.461153476257,23938.58851466927,14517.127361193014,0.0,1789.6409201491267,1789.6409201491274,False
963652,252,8,12.703993694302394,11.0,4031267.479204936,158,158,6.0,5.700000000000001,8065.592055223726,22322.740244406454,14257.148189182728,0.0,1757.143523647841,1757.1435236478403,False
963652,252,9,12.861004328573753,330.8210543790041,6476453.081020539,147,147,6.0,6.0,8281.75362648693,22440.6033672779,14158.84974079097,0.0,1744.8562175988714,1744.8562175988707,False
963652,253,0,14.047964059926237,10.0,2215441.4162458135,142,142,6.0,6.0,8527.194327441772,20271.170767735923,11743.976440294151,0.0,1442.9970550367689,1442.9970550367682,False
963652,253,1,14.280356572280219,10.0,2246590.8059152523,135,135,6.0,6.0,8062.256232925656,18786.825833821244,10724.569600895587,0.0,1315.5712001119484,1315.5712001119489,False
963652,253,2,13.831178457572667,12.039575625000001,2883223.2563695884,150,150,6.0,5.9,9977.507176863519,24140.389295343703,14162.882118480184,0.0,1745.360264810023,1745.360264810022,False
963652,253,3,12.790478714954462,10.5,4550936.531605225,147,147,6.0,6.0,7636.334417055576,20922.850205288352,13286.515788232777,0.0,1635.814473529097,1635.8144735290969,False
963652,253,4,11.370947245361062,10.0,2276201.7406240487,149,149,6.0,6.0,5025.294364315725,17626.06835211758,12600.773987801856,0.0,1550.096748475232,1550.0967484752323,False
963652,253,5,12.0094766859375,10.0,2772576.6050303215,158,158,6.0,6.0,6544.225668626721,20200.796082977005,13656.570414350284,0.0,1682.0713017937856,1682.0713017937853,False
963652,253,6,16.083919781817585,10.0,2523655.656343293,135,135,6.0,6.0,10656.83288550705,21600.96016883445,10944.127283327398,0.0,1343.0159104159247,1343.015910415925,False
963652,253,7,12.70738662314493,10.9725,6254950.35031827,157,157,6.0,5.9,8223.278304630869,22738.275527448135,14514.997222817266,0.0,1789.3746528521583,1789.3746528521594,False
963652,253,8,13.339193379017514,10.45,4037944.5527871912,159,159,6.0,5.700000000000001,9038.623582285089,23081.34914242971,14042.725560144621,0.0,1730.3406950180777,1730.3406950180781,False
963652,253,9,12.861004328573753,330.8210543790041,6435330.4844478145,148,148,6.0,6.0,8338.919475434901,22591.84993713688,14252.93046170198,0.0,1756.6163077127476,1756.616307712747,False
963652,254,0,13.345565856929925,10.5,2221775.1754472884,143,143,6.0,6.0,8335.259201474742,21308.850517963332,12973.59131648859,0.0,1596.6989145610737,1596.6989145610735,False
963652,254,1,14.280356572280219,11.0,2254143.1711814734,136,136,6.0,6.0,9548.36526622101,22165.95990949031,12617.5946432693,0.0,1552.1993304086625,1552.1993304086632,False
963652,254,2,13.831178457572667,12.641554406250002,2891103.191245457,150,150,6.0,5.9,9976.168036825497,24137.21294171629,14161.044904890794,0.0,1745.1306131113492,1745.1306131113504,False
963652,254,3,12.150954779206739,10.0,4554868.588809473,148,148,6.0,6.0,5912.057204248367,17891.626058845995,11979.568854597628,0.0,1472.4461068247035,1472.4461068247042,False
963652,254,4,11.370947245361062,10.0,2279757.381337436,149,149,6.0,6.0,5045.640713387182,17694.701067223286,12649.060353836105,0.0,1556.132544229513,1556.1325442295133,False
963652,254,5,13.21042435453125,10.0,2778938.041202296,159,159,6.0,6.0,8651.436171974523,22441.78593191585,13790.349759941326,0.0,1698.7937199926657,1698.7937199926655,False
963652,254,6,16.888115770908463,10.0,2533364.4609702313,136,136,6.0,6.0,11568.804626938434,22361.650112105228,10792.845485166794,0.0,1324.1056856458492,1324.105685645849,False
963652,254,7,12.072017291987684,10.423874999999999,6259796.870529187,157,157,6.0,6.0,6783.068585968809,20702.202047821378,13919.133461852569,0.0,1714.891682731571,1714.8916827315707,False
963652,254,8,14.00615304796839,10.0,4045434.890954639,160,160,6.0,5.700000000000001,9590.338167447657,22830.749344794247,13240.41117734659,0.0,1630.0513971683238,1630.0513971683235,False
963652,254,9,12.861004328573753,363.9031598169046,6389004.993030734,149,149,6.0,5.9,8396.07939561542,22743.080820956748,14347.001425341328,0.0,1768.375178167666,1768.3751781676672,False
963652,255,0,12.678287564083428,10.0,2226795.2641885094,143,143,6.0,6.0,6450.088741221118,18021.922815339665,11571.834074118548,0.0,1421.4792592648184,1421.479259264818,False
963652,255,1,13.566338743666208,10.45,2260316.427007731,137,137,6.0,6.0,8104.905826283148,20240.80295181555,12135.897125532401,0.0,1491.9871406915502,1491.9871406915506,False
963652,255,2,13.139619534694033,12.009476685937502,2898069.904592555,150,150,6.0,5.9,8768.134849982242,22927.354655175262,14159.21980519302,0.0,1744.9024756491276,1744.902475649128,False
963652,255,3,11.543407040246402,11.0,4558100.382116444,149,149,6.0,6.0,5670.7933069706905,19125.366073327084,13454.572766356394,0.0,1656.8215957945492,1656.8215957945497,False
963652,255,4,11.370947245361062,10.0,2283106.806498538,149,149,6.0,5.9,5039.425161102023,17673.734640877523,12634.3094797755,0.0,1554.2886849719375,1554.2886849719378,False
963652,255,5,14.531466789984377,11.0,2788619.897502132,159,159,6.0,6.0,11630.856299836314,26321.75910038733,14690.902800551017,0.0,1811.3628500688772,1811.3628500688767,False
963652,255,6,16.888115770908463,10.0,2543368.3373330366,136,136,6.0,6.0,11563.876362805486,22352.28602444344,10788.409661637956,0.0,1323.5512077047445,1323.5512077047447,False
963652,255,7,12.675618156587069,10.423874999999999,6265593.286103765,157,157,6.0,6.0,7632.963949629102,21235.194306860325,13602.230357231223,0.0,1675.2787946539029,1675.278794653904,False
963652,255,8,14.70646070036681,10.0,4054352.653283792,160,160,6.0,5.700000000000001,10717.762329153447,23941.33803257188,13223.575703418432,0.0,1627.946962927304,1627.9469629273026,False
963652,255,9,14.147104761431128,400.29347579859507,6338903.629179099,150,150,6.0,6.0,10742.657518113918,25183.7130299986,14441.05551188468,0.0,1780.131938985585,1780.131938985585,False
963652,256,0,12.044373185879255,10.0,2230912.436011352,143,143,6.0,6.0,5547.171822842583,17115.40429537222,11568.232472529637,0.0,1421.0290590662046,1421.0290590662044,False
963652,256,1,12.888021806482897,11.495000000000001,2265616.6316165975,138,138,6.0,6.0,7486.514608882044,20266.678795036132,12780.164186154088,0.0,1572.520523269261,1572.520523269261,False
963652,256,2,12.48263855795933,11.409002851640626,2903648.590670524,150,150,6.0,5.800000000000001,7290.036505723385,20857.228901682513,13567.192395959128,0.0,1670.899049494891,1670.8990494948903,False
963652,256,3,12.697747744271043,10.45,4563146.467145861,150,150,6.0,6.0,7313.585029445107,20308.797439235314,12995.212409790207,0.0,1599.4015512237759,1599.4015512237766,False
963652,256,4,10.802399883093008,10.0,2285190.073573605,150,150,6.0,6.0,4183.267075067244,16896.16247307712,12712.895398009874,0.0,1564.1119247512343,1564.1119247512347,False
963652,256,5,13.804893450485157,12.100000000000001,2796926.551071223,159,159,6.0,6.0,10530.553569105494,25518.840259478646,14988.286690373152,0.0,1848.535836296644,1848.5358362966442,False
963652,256,6,17.732521559453886,10.0,2554170.0435789744,137,137,6.0,6.0,12771.706245937632,23634.271885640566,10862.565639702934,0.0,1332.8207049628668,1332.820704962867,False
963652,256,7,12.675618156587069,10.945068749999999,6271570.580691456,157,157,6.0,6.0,7795.670381378164,21676.29204653918,13880.621665161016,0.0,1710.077708145127,1710.0777081451274,False
963652,256,8,16.17710677040349,10.0,4065486.1327461684,159,159,6.0,5.800000000000001,13023.479462376561,26160.553499602614,13137.074037226053,0.0,1617.1342546532567,1617.1342546532576,False
963652,256,9,15.561815237574242,420.3081495885248,6289118.435561968,150,150,6.0,5.9,13261.028821113769,27702.08433299845,14441.05551188468,0.0,1780.131938985585,1780.1319389855844,False
963652,257,0,12.64659184517322,11.0,2236051.796694201,144,144,6.0,6.0,7423.360682848774,20748.439771975605,13325.079089126832,0.0,1640.634886140854,1640.634886140853,False
963652,257,1,12.888021806482897,10.920250000000001,2271125.332928758,138,138,6.0,6.0,7315.695812155991,19816.288746807895,12500.592934651904,0.0,1537.574116831488,1537.5741168314878,False
963652,257,2,12.48263855795933,10.838552709058593,2908797.4235226745,150,150,6.0,5.800000000000001,6974.615758530681,19978.88835961559,13004.27260108491,0.0,1600.5340751356136,1600.534075135614,False
963652,257,3,12.697747744271043,10.0,4567985.319544284,151,151,6.0,6.0,6848.852398422658,19052.651294638505,12203.798896215847,0.0,1500.4748620269809,1500.474862026981,False
963652,257,4,10.262279888938357,10.0,2286444.5739107886,151,151,6.0,6.0,3364.500337183461,16169.484732306073,12804.984395122612,0.0,1575.6230493903265,1575.6230493903263,False
963652,257,5,13.804893450485157,10.890000000000002,2804510.510419384,160,160,6.0,6.0,9926.359348182139,24081.977220666333,14155.617872484194,0.0,1744.4522340605242,1744.4522340605245,False
963652,257,6,16.84589548148119,10.0,2563958.730008886,138,138,6.0,6.0,11668.686429911753,22602.4206954895,10933.734265577748,0.0,1341.7167831972185,1341.7167831972185,False
963652,257,7,12.041837248757714,12.039575625,6276394.291966246,158,158,6.0,6.0,7225.964223573779,22124.159656071606,14898.195432497827,0.0,1837.2744290622284,1837.2744290622286,False
963652,257,8,15.368251431883316,10.0,4075519.100854775,159,159,6.0,5.9,11722.96810860642,24868.202911006665,13145.234802400246,0.0,1618.1543503000307,1618.1543503000307,False
963652,257,9,17.117996761331668,399.2927421090986,6245547.85613509,149,149,6.0,5.9,15924.039147352112,30271.04057269344,14347.001425341328,0.0,1768.375178167666,1768.3751781676674,False
963652,258,0,13.278921437431881,11.55,2242306.240691032,145,145,6.0,6.0,8529.19399680366,21957.947787161695,13428.753790358034,0.0,1653.5942237947543,1653.5942237947543,False
963652,258,1,13.532422896807041,11.466262500000001,2277857.417608123,138,138,6.0,6.0,8314.428904337254,20826.472380624986,12512.043476287732,0.0,1539.0054345359665,1539.0054345359667,False
963652,258,2,11.858506630061363,11.922407979964454,2913341.7800967656,150,150,6.0,5.700000000000001,6532.717771102642,20691.937576295662,14159.21980519302,0.0,1744.9024756491276,1744.9024756491272,False
963652,258,3,12.697747744271043,11.0,4573501.375464965,151,151,6.0,6.0,7377.055920681001,20480.355685844093,13103.299765163092,0.0,1612.9124706453865,1612.9124706453867,False
963652,258,4,10.262279888938357,10.5,2287561.3292292934,152,152,6.0,6.0,3312.75531850498,15934.756099861695,12622.000781356715,0.0,1552.7500976695894,1552.7500976695892,False
963652,258,5,14.495138123009415,10.345500000000001,2812322.9077538387,161,161,6.0,6.0,9978.022834425567,22714.196990130506,12736.174155704939,0.0,1567.0217694631174,1567.0217694631176,False
963652,258,6,16.00360070740713,11.0,2573788.7953825365,138,138,6.0,6.0,11348.065373650496,23090.935435084775,11742.87006143428,0.0,1442.858757679285,1442.8587576792847,False
963652,258,7,11.439745386319828,11.437596843749999,6280018.759678671,158,158,6.0,6.0,5731.608013710391,19727.066334087056,13995.458320376665,0.0,1724.4322900470831,1724.4322900470834,False
963652,258,8,16.90507657507165,10.5,4087770.501009287,159,159,6.0,5.9,13920.900154511915,26806.608164292436,12885.708009780521,0.0,1585.7135012225651,1585.7135012225651,False
963652,258,9,18.829796437464836,379.32810500364366,6207127.106915598,150,150,6.0,6.0,19078.46653104345,33519.52204292813,14441.05551188468,0.0,1780.131938985585,1780.1319389855848,False
963652,259,0,14.606813581175071,12.127500000000001,2251293.6163361557,145,145,6.0,5.9,10945.863145115945,24642.06733876728,13696.204193651334,0.0,1687.0255242064168,1687.0255242064165,False
963652,259,1,14.885665186487747,10.892949375,2285670.3633524957,139,139,6.0,6.0,10027.065707478345,22109.21847615804,12082.152768679694,0.0,1485.2690960849618,1485.2690960849616,False
963652,259,2,11.858506630061363,11.32628758096623,2917283.3622324253,151,151,6.0,5.700000000000001,6151.851560408901,19521.405834950347,13369.554274541446,0.0,1646.1942843176807,1646.1942843176814,False
963652,259,3,12.697747744271043,10.45,4578576.82872233,151,151,6.0,6.0,6853.403257393122,19064.952010294674,12211.548752901552,0.0,1501.443594112694,1501.4435941126944,False
963652,259,4,10.0,10.0,2288004.9783744966,153,153,6.0,6.0,2773.649145203359,14868.24572601682,12094.59658081346,0.0,1486.8245726016826,1486.824572601682,False
963652,259,5,15.944651935310358,10.862775000000001,2822773.214289573,162,162,6.0,6.0,12910.076085704102,26311.486234270367,13401.410148566265,0.0,1650.1762685707831,1650.1762685707836,False
963652,259,6,15.203420672036774,11.55,2582331.794960307,139,139,6.0,6.0,10948.44957774466,23529.7335097213,12581.28393197664,0.0,1547.66049149708,1547.6604914970799,False
963652,259,7,10.867758117003836,10.865717001562498,6282356.598795996,159,159,6.0,6.0,4565.488120525455,18059.463207948258,13493.975087422803,0.0,1661.7468859278504,1661.7468859278517,False
963652,259,8,16.90507657507165,11.55,4101673.942236189,159,159,6.0,5.800000000000001,15939.8912268722,30639.38808425197,14699.496857379769,0.0,1812.437107172471,1812.437107172471,False
963652,259,9,19.77128625933808,417.26091550400804,6164513.542259289,151,151,6.0,6.0,20892.833584770226,35427.94233673855,14535.10875196833,0.0,1791.8885939960412,1791.8885939960408,False
963652,260,0,16.06749493929258,10.914750000000002,2262390.5482757674,145,145,6.0,6.0,12779.570689611335,25850.550628025267,13070.979938413931,0.0,1608.8724923017414,1608.8724923017412,False
963652,260,1,14.141381927163359,10.34830190625,2292930.1856374256,139,139,6.0,6.0,8698.236249883274,20489.420586459168,11791.184336575894,0.0,1448.8980420719868,1448.8980420719865,False
963652,260,2,12.451431961564431,10.75997320191792,2922195.5524470005,152,152,6.0,5.800000000000001,7147.706141264402,20552.81623564777,13405.110094383368,0.0,1650.638761797921,1650.6387617979208,False
963652,260,3,13.967522518698148,10.0,4585414.790796564,151,151,6.0,6.0,8547.962074234292,20475.391065845663,11927.42899161137,0.0,1465.9286239514213,1465.928623951421,False
963652,260,4,10.0,10.0,2289314.2183697573,153,153,6.0,6.0,2839.239995260832,15196.199976304199,12356.959981043366,0.0,1519.6199976304208,1519.61999763042,False
963652,260,5,17.539117128841394,11.949052500000002,2838193.0283948043,163,163,6.0,6.0,17867.509662743407,33219.86342354714,15352.353760803733,0.0,1894.0442201004666,1894.0442201004669,False
963652,260,6,14.443249638434935,10.395000000000001,2589677.5800767685,140,140,6.0,6.0,9401.085116464292,21521.88366406971,12120.79854760542,0.0,1490.0998184506775,1490.0998184506775,False
963652,260,7,11.95453392870422,10.0,6286494.370295023,160,160,6.0,6.0,6237.771499027014,19461.347202445446,13223.575703418432,0.0,1627.946962927304,1627.9469629273037,False
963652,260,8,18.595584232578815,10.9725,4118187.2189591844,160,160,6.0,5.9,19068.8767230196,33817.48587948124,14748.60915646164,0.0,1818.576144557705,1818.5761445577054,False
963652,260,9,20.759850572304984,396.3978697288076,6126575.294005778,152,152,6.0,5.9,22814.227945221224,37443.37995750147,14629.152012280249,0.0,1803.644001535031,1803.6440015350313,False
963652,261,0,16.06749493929258,10.3690125,2272358.8760226094,146,146,6.0,6.0,12082.203571865472,24461.65076263617,12379.4471907707,0.0,1522.4308988463374,1522.430898846337,False
963652,261,1,15.555520119879695,11.383132096875002,2303140.447258688,139,139,6.0,5.9,11792.516982723744,24690.535694811788,12898.018712088044,0.0,1587.2523390110055,1587.2523390110046,False
963652,261,2,13.696575157720876,10.0,2928221.838739987,153,153,6.0,5.800000000000001,8256.286292986584,20331.893736206683,12075.607443220099,0.0,1484.4509304025123,1484.4509304025116,False
963652,261,3,13.967522518698148,10.5,4593135.308838213,151,151,6.0,6.0,9406.018041648796,22483.74813691037,13077.730095261573,0.0,1609.7162619076967,1609.7162619076973,False
963652,261,4,11.0,10.0,2291576.359690921,154,154,6.0,6.0,4502.141321163801,17241.184844267274,12739.043523103473,0.0,1567.3804403879342,1567.380440387934,False
963652,261,5,16.662161272399324,11.351599875000002,2851690.3025223208,163,163,6.0,6.0,15547.584907126082,30291.37776612389,14743.792858997807,0.0,1817.974107374726,1817.974107374726,False
963652,261,6,13.721087156513187,11.434500000000002,2596550.4172040094,141,141,6.0,6.0,9185.101627237018,22508.623601975727,13323.52197473871,0.0,1640.4402468423386,1640.4402468423382,False
963652,261,7,11.95453392870422,11.0,6291394.093691296,159,159,6.0,6.0,6648.723396272968,20703.652487281346,14054.929091008378,0.0,1731.8661363760473,1731.866136376047,False
963652,261,8,20.4551426558367,10.0,4135696.8387672575,161,161,6.0,6.0,19719.619808073054,32714.090563484828,12994.470755411774,0.0,1599.3088444264718,1599.308844426472,False
963652,261,9,20.759850572304984,376.57797624236724,6091423.063711924,153,153,6.0,5.800000000000001,22964.200071269403,37687.37959598695,14723.17952471755,0.0,1815.3974405896938,1815.3974405896936,False
963652,262,0,16.87086968625721,10.0,2283447.9043803187,146,146,6.0,6.0,12649.028357709083,24436.643833666192,11787.615475957109,0.0,1448.4519344946386,1448.4519344946375,False
963652,262,1,16.33329612587368,10.813975492031252,2313857.7046540063,139,139,6.0,5.9,12420.399988709793,24736.038072925017,12315.638084215225,0.0,1514.454760526903,1514.454760526903,False
963652,262,2,14.38140391560692,10.0,2935514.4842034476,154,154,6.0,5.800000000000001,9332.645463460502,21483.17621127494,12150.530747814437,0.0,1493.8163434768046,1493.816343476805,False
963652,262,3,13.967522518698148,11.025,4601198.16476431,151,151,6.0,6.0,9827.630926153386,23470.570966659143,13642.940040505757,0.0,1680.3675050632196,1680.3675050632196,False
963652,262,4,11.0,10.5,2293994.026499733,155,155,6.0,6.0,4645.166808811784,17765.61163230987,13120.444823498085,0.0,1615.0556029372606,1615.0556029372608,False
963652,262,5,15.829053208779357,10.784019881250002,2863147.2600904843,163,163,6.0,6.0,13414.752808830674,27526.782726893645,14112.029918062972,0.0,1739.0037397578715,1739.003739757872,False
963652,262,6,15.093195872164507,12.006225000000002,2606023.656009809,140,140,6.0,6.0,11354.110305818653,24585.31430926078,13231.204003442126,0.0,1628.9005004302658,1628.900500430265,False
963652,262,7,11.35680723226901,11.55,6294970.664302554,160,160,6.0,5.9,5924.570611228555,20720.751297096984,14796.180685868429,0.0,1824.5225857335536,1824.5225857335545,False
963652,262,8,19.432385523044864,10.0,4152583.591637553,161,161,6.0,6.0,18496.752870295575,31780.113526814745,13283.360656519171,0.0,1635.4200820648964,1635.4200820648969,False
963652,262,9,20.759850572304984,414.235773866604,6050809.190381543,153,153,6.0,5.700000000000001,22964.200071269424,37687.379595986975,14723.17952471755,0.0,1815.3974405896938,1815.3974405896947,False
963652,263,0,17.71441317057007,10.0,2295437.4822698734,147,147,6.0,6.0,13959.57788955488,25820.253745880607,11860.675856325728,0.0,1457.584482040716,1457.5844820407158,False
963652,263,1,15.516631319579995,10.27327671742969,2323511.6201750017,139,139,6.0,6.0,11181.900984714446,23495.732833900238,12313.831849185792,0.0,1514.228981148224,1514.228981148224,False
963652,263,2,15.819544307167615,10.0,2944913.4969065487,155,155,6.0,5.9,11549.012703101147,23769.1634858844,12220.150782783254,0.0,1502.5188478479067,1502.518847847907,False
963652,263,3,13.967522518698148,10.473749999999999,4609142.726721054,151,151,6.0,6.0,9826.09820672704,23466.983499157304,13640.885292430265,0.0,1680.110661553783,1680.1106615537828,False
963652,263,4,10.45,10.0,2296199.6616519676,155,155,6.0,6.0,3755.635152234494,16871.994833000204,13116.35968076571,0.0,1614.5449600957138,1614.5449600957136,False
963652,263,5,16.620505869218324,10.2448188871875,2875846.9511910523,164,164,6.0,6.0,14879.84139806998,29074.23256429268,14194.3911662227,0.0,1749.2988957778375,1749.2988957778375,False
963652,263,6,14.338536078556281,13.206847500000004,2614099.541950157,140,140,6.0,6.0,10124.844590355595,23356.04859379772,13231.204003442126,0.0,1628.9005004302658,1628.900500430264,False
963652,263,7,10.788966870655559,12.705000000000002,6297045.112340823,161,161,6.0,6.0,4919.953038280726,19806.260264518256,14886.30722623753,0.0,1835.7884032796912,1835.7884032796912,False
963652,263,8,18.46076624689262,10.0,4167270.8754340345,162,162,6.0,6.0,17007.283796481453,30366.766297368333,13359.48250088688,0.0,1644.93531261086,1644.9353126108604,False
963652,263,9,22.835835629535485,414.235773866604,6014164.05501076,153,153,6.0,5.600000000000001,26732.93803086809,41456.11755558564,14723.17952471755,0.0,1815.3974405896938,1815.3974405896931,False
963652,264,0,19.485854487627076,10.0,2311086.4812694374,147,147,6.0,6.0,17318.998999563802,29721.13791291034,12402.138913346538,0.0,1525.2673641683173,1525.267364168318,False
963652,264,1,14.740799753600994,10.0,2330444.478551739,140,140,6.0,6.0,8932.85837673717,19971.760240698717,11038.901863961548,0.0,1354.8627329951935,1354.8627329951935,False
963652,264,2,15.819544307167615,10.0,2955153.2991624055,155,155,6.0,5.800000000000001,11789.802255856735,24256.299417198014,12466.497161341278,0.0,1533.3121451676598,1533.3121451676598,False
963652,264,3,14.665898644633057,10.0,4616884.659066336,152,152,6.0,6.0,10061.932345282261,22577.669973299733,12515.737628017472,0.0,1539.467203502184,1539.4672035021847,False
963652,264,4,10.45,10.0,2297897.5231785723,156,156,6.0,6.0,3857.8615266049637,17308.021613478337,13450.160086873373,0.0,1656.2700108591716,1656.2700108591712,False
963652,264,5,18.282556456140156,10.757059831546876,2892525.8910558512,164,164,6.0,6.0,18543.097677187572,33325.539510313814,14782.44183312624,0.0,1822.80522914078,1822.8052291407807,False
963652,264,6,15.77238968641191,14.527532250000005,2624324.489153443,140,140,6.0,5.9,12458.801718307808,25688.30973738058,13229.508019072771,0.0,1628.6885023840964,1628.6885023840962,False
963652,264,7,10.24951852712278,13.975500000000004,6298724.078551257,161,161,6.0,6.0,3929.0217103872237,18813.130013930393,14884.10830354317,0.0,1835.5135379428962,1835.5135379428962,False
963652,264,8,20.306842871581885,10.5,4187008.705467384,162,162,6.0,6.0,21438.830033349142,35705.04035821876,14266.210324869613,0.0,1758.2762906087016,1758.2762906087019,False
963652,264,9,22.835835629535485,455.65935125326445,5970399.799897817,154,154,6.0,5.600000000000001,26907.284980010896,41724.478460394384,14817.193480383488,0.0,1827.149185047936,1827.149185047936,False
963652,265,0,21.434439936389786,10.0,2329329.043644262,148,148,6.0,6.0,20422.56237482475,32902.97747063505,12480.415095810302,0.0,1535.0518869762877,1535.051886976288,False
963652,265,1,14.003759765920943,10.0,2336775.0506052463,140,140,6.0,6.0,7930.572053507589,18964.545923893336,11033.973870385747,0.0,1354.2467337982184,1354.246733798218,False
963652,265,2,16.610521522525996,10.0,2966499.640684972,155,155,6.0,5.9,12996.34152256663,25457.007953089946,12460.666430523315,0.0,1532.5833038154144,1532.5833038154149,False
963652,265,3,16.132488509096362,10.0,4627578.434924224,152,152,6.0,6.0,12313.775857888044,24823.686502228822,12509.910644340778,0.0,1538.7388305425973,1538.738830542597,False
963652,265,4,11.495000000000001,11.0,2301902.375386689,156,156,6.0,6.0,5720.852208116576,19473.5897374249,13752.737529308324,0.0,1694.0921911635405,1694.0921911635405,False
963652,265,5,17.36842863333315,10.219206839969532,2906357.1516114236,165,165,6.0,6.0,16217.429684139546,30436.796497247,14219.366813107454,0.0,1752.4208516384317,1752.4208516384317,False
963652,265,6,14.983770202091314,14.527532250000005,2633363.5412648898,140,140,6.0,6.0,11172.906626468353,24400.719738718457,13227.813112250104,0.0,1628.476639031263,1628.4766390312634,False
963652,265,7,11.274470379835059,13.276725000000003,6302195.957934327,161,161,6.0,6.0,5809.432108033216,20691.335221381094,14881.903113347878,0.0,1835.2378891684848,1835.2378891684846,False
963652,265,8,21.32218501516098,11.55,4208724.986392097,162,162,6.0,6.0,23787.3809246826,38391.853402663866,14604.472477981266,0.0,1800.5590597476582,1800.5590597476585,False
963652,265,9,25.119419192489033,455.65935125326445,5930453.494442745,155,155,6.0,5.700000000000001,31280.893989135715,46192.09120215689,14911.19721302117,0.0,1838.8996516276463,1838.8996516276459,False
963652,266,0,20.362717939570295,10.0,2345937.2661739206,149,149,6.0,6.0,18898.222529658677,31456.81398051078,12558.591450852102,0.0,1544.8239313565127,1544.823931356513,False
963652,266,1,14.70394775421699,10.0,2343948.2216952047,140,140,6.0,6.0,8873.171089958596,19900.42860759219,11027.257517633592,0.0,1353.407189704199,1353.4071897041993,False
963652,266,2,15.779995446399695,10.0,2976665.6550271907,155,155,6.0,5.9,11716.014342218608,24168.992559816837,12452.97821759823,0.0,1531.6222771997786,1531.6222771997786,False
963652,266,3,15.325864083641543,10.0,4636688.998645963,153,153,6.0,6.0,11140.563721738405,23724.70144775664,12584.137726018236,0.0,1548.0172157522795,1548.0172157522795,False
963652,266,4,11.495000000000001,12.100000000000001,2305876.3332323427,156,156,6.0,5.9,5861.557845668178,19936.368365080314,14074.810519412136,0.0,1734.351314926517,1734.351314926517,False
963652,266,5,19.105271496666465,10.0,2923962.6102329474,165,165,6.0,6.0,19255.458621523798,33470.75478235254,14215.29616082874,0.0,1751.9120201035926,1751.912020103593,False
963652,266,6,14.234581691986747,13.801155637500004,2641084.2501151743,140,140,6.0,6.0,9952.870639532419,23180.683751782522,13227.813112250104,0.0,1628.476639031263,1628.4766390312627,False
963652,266,7,10.710746860843305,12.612888750000002,6304158.064747238,162,162,6.0,6.0,4805.394790360222,19777.396891074415,14972.002100714193,0.0,1846.5002625892741,1846.500262589275,False
963652,266,8,23.45440351667708,10.9725,4233298.855359116,163,163,6.0,6.0,27162.386467043143,41526.5754310577,14364.188964014558,0.0,1770.5236205018198,1770.5236205018193,False
963652,266,9,25.119419192489033,432.8763836906012,5894538.548959905,155,155,6.0,5.800000000000001,31280.893989135722,46192.091202156895,14911.19721302117,0.0,1838.8996516276463,1838.8996516276463,False
963652,267,0,19.344582042591778,10.0,2361567.205042848,149,149,6.0,6.0,17319.938868927296,29874.69203878472,12554.753169857424,0.0,1544.344146232178,1544.344146232178,False
963652,267,1,13.968750366506141,10.0,2349870.8769746725,141,141,6.0,6.0,7932.655279467688,19032.967445450544,11100.312165982856,0.0,1362.539020747857,1362.539020747857,False
963652,267,2,14.99099567407971,10.0,2985619.874523654,155,155,6.0,5.9,10504.219496463196,22953.369683926063,12449.150187462867,0.0,1531.1437734328583,1531.1437734328583,False
963652,267,3,14.559570879459464,10.0,4645010.166066989,153,153,6.0,6.0,9951.167421026412,22531.449738351308,12580.282317324896,0.0,1547.535289665612,1547.5352896656118,False
963652,267,4,10.920250000000001,13.310000000000002,2308414.7575290347,157,157,6.0,5.800000000000001,5128.094296700921,19924.363237239348,14796.268940538426,0.0,1824.5336175673033,1824.5336175673035,False
963652,267,5,18.15000792183314,10.0,2939789.3382375985,165,165,6.0,6.0,17576.728004651144,31787.93126009893,14211.203255447786,0.0,1751.4004069309733,1751.4004069309722,False
963652,267,6,15.658039861185424,13.111097855625003,2650833.4043821716,141,141,6.0,6.0,12097.819064621879,25144.781773137463,13046.962708515584,0.0,1605.870338564448,1605.8703385644483,False
963652,267,7,10.710746860843305,11.9822443125,6306418.6234068945,163,163,6.0,6.0,4713.6644826374995,19414.950614855337,14701.286132217838,0.0,1812.6607665272297,1812.6607665272293,False
963652,267,8,22.281683340843223,10.423874999999999,4256478.57571966,163,163,6.0,6.0,25078.811985597666,39438.94220683259,14360.130221234922,0.0,1770.0162776543652,1770.0162776543646,False
963652,267,9,27.631361111737938,411.2325645060711,5866878.159482656,154,154,6.0,5.700000000000001,35669.42545669373,50486.61893707722,14817.193480383488,0.0,1827.149185047936,1827.1491850479365,False
963652,268,0,20.311811144721368,10.0,2378882.079623517,149,149,6.0,5.9,18804.874580669428,31353.910385246516,12549.03580457709,0.0,1543.6294755721362,1543.6294755721362,False
963652,268,1,13.270312848180833,10.0,2354978.8542025164,142,142,6.0,6.0,7027.97722784373,18199.58735582864,11171.61012798491,0.0,1371.4512659981137,1371.451265998114,False
963652,268,2,14.99099567407971,10.0,2994569.1160719893,155,155,6.0,5.9,10499.241548335136,22942.69532474568,12443.453776410544,0.0,1530.431722051318,1530.4317220513187,False
963652,268,3,15.287549423432438,10.0,4654552.559861076,153,153,6.0,6.0,11072.393794086787,23646.80734697901,12574.413552892223,0.0,1546.801694111528,1546.8016941115281,False
963652,268,4,10.920250000000001,12.6445,2311456.9480849337,157,157,6.0,5.9,5127.377055888832,19921.681121332087,14794.304065443255,0.0,1824.288008180407,1824.2880081804065,False
963652,268,5,17.242507525741484,10.0,2954081.6448693397,166,166,6.0,6.0,16452.306631741252,31065.976589044603,14613.66995730335,0.0,1801.7087446629187,1801.708744662918,False
963652,268,6,17.223843847303968,12.455542962843753,2663487.2796651926,141,141,6.0,6.0,14610.106840803903,27655.16977636758,13045.062935563677,0.0,1605.6328669454597,1605.6328669454592,False
963652,268,7,11.781821546927636,11.9822443125,6310449.184832602,164,164,6.0,6.0,6695.649493000219,21482.587363936545,14786.937870936326,0.0,1823.3672338670408,1823.3672338670408,False
963652,268,8,21.16759917380106,10.0,4277417.656934276,163,163,6.0,6.0,22569.08121461646,36602.479946812986,14033.398732196525,0.0,1729.1748415245656,1729.174841524566,False
963652,268,9,30.394497222911735,370.109308055464,5849992.449875627,155,155,6.0,5.700000000000001,40981.233141588666,55892.43035460984,14911.19721302117,0.0,1838.8996516276463,1838.8996516276459,False
963652,269,0,20.311811144721368,11.0,2396876.9942717575,149,149,6.0,6.0,19733.914648240232,32886.62447390178,13152.709825661546,0.0,1619.0887282076933,1619.0887282076935,False
963652,269,1,13.270312848180833,10.0,2360283.396565561,142,142,6.0,6.0,7024.542363044895,18190.938584534633,11166.396221489738,0.0,1370.7995276862173,1370.7995276862177,False
963652,269,2,14.241445890375724,10.0,3001919.124773622,156,156,6.0,5.9,9410.008701632933,21927.678511381997,12517.669809749064,0.0,1539.708726218633,1539.7087262186333,False
963652,269,3,16.816304365775682,10.0,4666355.463707906,153,153,6.0,6.0,13432.9038468303,26003.53288250864,12570.62903567834,0.0,1546.3286294597924,1546.3286294597926,False
963652,269,4,10.374237500000001,12.012275,2313420.68382659,157,157,6.0,5.9,4049.6629166722305,18568.914185080674,14519.251268408443,0.0,1789.9064085510554,1789.9064085510547,False
963652,269,5,16.38038214945441,10.0,2966590.590654299,167,167,6.0,6.0,14678.945784959362,29082.54225071531,14403.596465755947,0.0,1775.4495582194934,1775.4495582194936,False
963652,269,6,16.36265165493877,13.07832011098594,2675158.106222546,141,141,6.0,6.0,13514.869693025374,26834.985425623865,13320.115732598491,0.0,1640.0144665748114,1640.0144665748116,False
963652,269,7,12.370912624274018,11.383132096875,6316152.130029839,164,164,6.0,5.9,7769.778861197054,22556.71673213338,14786.937870936326,0.0,1823.3672338670408,1823.3672338670415,False
963652,269,8,20.109219215111008,10.0,4295668.622614233,164,164,6.0,6.0,20390.96567995628,34194.462529207114,13803.496849250832,0.0,1700.437106156354,1700.4371061563543,False
963652,269,9,33.43394694520291,407.1202388610104,5833359.289029211,155,155,6.0,5.800000000000001,46570.476177049706,61481.67339007088,14911.19721302117,0.0,1838.8996516276463,1838.8996516276472,False
963652,270,0,20.311811144721368,10.45,2414142.485122896,149,149,6.0,6.0,18822.54085116599,31383.055889976884,12560.515038810892,0.0,1545.0643798513615,1545.064379851361,False
963652,270,1,12.606797205771791,10.0,2364974.4086578055,142,142,6.0,6.0,6111.012092244453,17270.49098458635,11159.478892341898,0.0,1369.9348615427373,1369.9348615427377,False
963652,270,2,14.241445890375724,10.0,3009463.1296536685,156,156,6.0,6.0,9404.0048800466,21913.979265765025,12509.974385718426,0.0,1538.7467982148032,1538.7467982148041,False
963652,270,3,18.497934802353253,11.0,4681843.08314758,154,154,6.0,6.0,17781.61943967347,31684.59609419996,13902.976654526487,0.0,1712.8720818158108,1712.872081815811,False
963652,270,4,11.411661250000002,11.41166125,2316861.721886019,158,158,6.0,5.800000000000001,5944.0805369374975,20551.326946732734,14607.246409795236,0.0,1800.9058012244045,1800.9058012244036,False
963652,270,5,18.01842036439985,10.5,2982106.307347675,167,167,6.0,6.0,17569.216693375856,31958.45295782187,14389.236264446017,0.0,1773.6545330557522,1773.654533055752,False
963652,270,6,17.998916820432648,12.424404105436643,2689402.476199174,141,141,6.0,6.0,16196.210955522385,29514.600677110597,13318.389721588212,0.0,1639.7987151985265,1639.7987151985262,False
963652,270,7,12.989458255487719,10.81397549203125,6322771.338662453,164,164,6.0,6.0,8692.700613381823,23151.0832401547,14458.382626772878,0.0,1782.2978283466098,1782.2978283466095,False
963652,270,8,21.11468017586656,10.0,4314996.691050472,165,165,6.0,6.0,21678.068436239235,35223.76540656958,13545.696970330348,0.0,1668.2121212912934,1668.2121212912937,False
963652,270,9,36.777341639723204,447.8322627471115,5815754.148638622,156,156,6.0,5.9,53056.69259794109,68061.86626955707,15005.17367161598,0.0,1850.6467089519974,1850.646708951999,False
963652,271,0,19.296220587485298,10.9725,2430803.423022459,149,149,6.0,6.0,18495.840399585046,31936.26201125049,13440.421611665442,0.0,1655.0527014581803,1655.0527014581799,False
963652,271,1,13.23713706606038,10.0,2370526.64247884,142,142,6.0,6.0,6972.233821034302,18128.195035056284,11155.961214021982,0.0,1369.4951517527477,1369.495151752748,False
963652,271,2,14.241445890375724,10.0,3016656.4556348906,157,157,6.0,6.0,9463.325981222197,22049.335442424748,12586.009461202551,0.0,1548.251182650319,1548.2511826503196,False
963652,271,3,17.57303806223559,10.45,4695616.415501103,153,153,6.0,6.0,15372.182353551143,28585.549480947324,13213.36712739618,0.0,1626.6708909245226,1626.6708909245233,False
963652,271,4,10.8410781875,10.841078187499999,2319624.9945604573,158,158,6.0,5.700000000000001,4676.163028037632,18606.620850681087,13930.457822643455,0.0,1716.3072278304319,1716.3072278304317,False
963652,271,5,17.11749934617986,11.55,2996909.366994824,168,168,6.0,6.0,17243.459647117837,32748.936716925567,15505.47706980773,0.0,1913.1846337259663,1913.1846337259656,False
963652,271,6,17.098970979411014,11.803183900164811,2701851.8265914116,142,142,6.0,5.9,14825.402506065222,28236.041414631407,13410.638908566185,0.0,1651.329863570773,1651.3298635707736,False
963652,271,7,13.638931168262106,10.273276717429688,6330185.647946559,164,164,6.0,6.0,9399.126665760205,23217.489975158238,13818.363309398033,0.0,1702.2954136747542,1702.295413674754,False
963652,271,8,23.22614819345322,10.0,4338343.143703717,165,165,6.0,5.9,25196.45265324477,38740.052009076324,13543.599355831551,0.0,1667.949919478944,1667.9499194789444,False
963652,271,9,34.938474557737045,425.4406496097559,5799039.0065839235,156,156,6.0,5.800000000000001,49653.59928446319,64658.77295607917,15005.17367161598,0.0,1850.6467089519974,1850.6467089519979,False
963652,272,0,20.26103161685956,10.423874999999999,2448431.256296915,149,149,6.0,6.0,19180.990649435655,32026.576277180564,12845.585627744911,0.0,1580.698203468114,1580.698203468114,False
963652,272,1,12.575280212757361,10.0,2374970.5100165675,142,142,6.0,6.0,6063.867537727536,17216.407703922105,11152.540166194569,0.0,1369.067520774321,1369.0675207743216,False
963652,272,2,13.529373595856937,11.0,3024166.485786587,158,158,6.0,6.0,9948.030151696466,24830.387891893603,14882.357740197136,0.0,1835.294717524642,1835.2947175246416,False
963652,272,3,19.33034186845915,10.0,4710970.834791947,153,153,6.0,6.0,16884.419290844577,29147.19338129164,12262.774090447063,0.0,1507.8467613058829,1507.8467613058829,False
963652,272,4,11.925186006250001,10.299024278124998,2324025.1500234148,158,158,6.0,5.700000000000001,6227.401298928451,19527.21626554501,13299.814966616557,0.0,1637.4768708270697,1637.4768708270692,False
963652,272,5,18.829249280797846,10.9725,3015431.6317040925,168,168,6.0,6.0,20465.644709293752,35932.183819026926,15466.539109733172,0.0,1908.3173887166465,1908.3173887166458,False
963652,272,6,16.244022430440463,10.62286551014833,2713019.3949106196,142,142,6.0,6.0,12776.015221652622,25567.941389868385,12791.926168215763,0.0,1573.9907710269704,1573.9907710269704,False
963652,272,7,15.002824285088318,10.0,6339943.413982034,164,164,6.0,6.0,11397.766035474498,24847.01012708542,13449.244091610923,0.0,1656.1555114513653,1656.1555114513662,False
963652,272,8,25.548763012798545,10.5,4367805.235035531,165,165,6.0,5.9,31194.591331814583,45706.524912052955,14511.933580238372,0.0,1788.9916975297965,1788.9916975297967,False
963652,272,9,38.432322013510756,446.71268209024373,5784882.074328656,157,157,6.0,5.800000000000001,56476.958832972276,71576.10686585912,15099.148032886847,0.0,1862.393504110856,1862.393504110857,False
963652,273,0,22.28713477854552,10.423874999999999,2469745.8321740855,149,149,6.0,6.0,22867.733252149825,35984.37951311453,13116.646260964706,0.0,1614.5807826205883,1614.5807826205871,False
963652,273,1,11.946516202119493,10.0,2378551.0308729825,142,142,6.0,6.0,5200.520856414903,16347.939956865117,11147.419100450214,0.0,1368.4273875562767,1368.4273875562772,False
963652,273,2,12.85290491606409,10.45,3030482.3935638806,159,159,6.0,6.0,8577.457777323112,23247.072046117806,14669.614268794694,0.0,1808.7017835993367,1808.701783599337,False
963652,273,3,21.263376055305066,11.0,4732667.226099496,153,153,6.0,6.0,23379.391307549005,37801.647366174606,14422.2560586256,0.0,1777.7820073282,1777.7820073281991,False
963652,273,4,11.328926705937501,10.0,2327262.332562264,158,158,6.0,5.800000000000001,5117.182538849247,18095.313170239773,12978.130631390526,0.0,1597.2663289238158,1597.266328923816,False
963652,273,5,17.887786816757952,10.423874999999999,3031797.6746879993,168,168,6.0,6.0,18217.253983883766,33318.266172107695,15101.01218822393,0.0,1862.6265235279911,1862.626523527991,False
963652,273,6,17.868424673484512,10.091722234640914,2726269.2129938835,142,142,6.0,6.0,14682.842640579638,26947.862647729013,12265.020007149375,0.0,1508.1275008936718,1508.1275008936714,False
963652,273,7,14.252683070833902,10.0,6347998.044245926,165,165,6.0,6.0,10504.630263891564,24400.67740733192,13896.047143440357,0.0,1712.0058929300446,1712.0058929300444,False
963652,273,8,24.271324862158618,10.0,4392079.620940514,166,166,6.0,5.800000000000001,26434.38590498311,39729.51423933299,13295.128334349876,0.0,1636.8910417937345,1636.8910417937345,False
963652,273,9,38.432322013510756,491.3839502992681,5764211.752964594,157,157,6.0,5.800000000000001,56476.95883297223,71576.10686585908,15099.148032886847,0.0,1862.393504110856,1862.393504110856,False
963652,274,0,24.515848256400076,10.0,2492819.1717822314,149,149,6.0,6.0,24563.339608146103,36758.28614614182,12194.94653799572,0.0,1499.368317249465,1499.3683172494652,False
963652,274,1,11.349190392013519,10.0,2380734.6038826397,143,143,6.0,6.0,4413.573009657039,15633.724078186473,11220.151068529434,0.0,1377.5188835661793,1377.5188835661795,False
963652,274,2,12.210259670260884,10.9725,3035483.4713625866,160,160,6.0,6.0,7456.6777987298265,22205.286955191466,14748.60915646164,0.0,1818.576144557705,1818.5761445577045,False
963652,274,3,21.263376055305066,10.45,4752806.268460292,154,154,6.0,6.0,22448.34236082493,36309.02257761849,13860.680216793562,0.0,1707.5850270991953,1707.5850270991957,False
963652,274,4,11.895373041234377,11.0,2332273.4901276296,158,158,6.0,5.800000000000001,6949.157565365358,21831.515305562494,14882.357740197136,0.0,1835.294717524642,1835.2947175246425,False
963652,274,5,17.887786816757952,10.0,3047404.66872206,168,168,6.0,6.0,17386.994034060812,31816.260388593564,14429.266354532752,0.0,1778.658294316594,1778.6582943165945,False
963652,274,6,19.655267140832965,10.0,2740932.6526212366,142,142,6.0,6.0,16083.439627353047,27460.14758649079,11376.707959137744,0.0,1397.088494892218,1397.0884948922178,False
963652,274,7,14.965317224375598,10.0,6358602.127045474,165,165,6.0,6.0,12254.082799547954,26758.192603436335,14504.109803888381,0.0,1788.0137254860476,1788.0137254860479,False
963652,274,8,24.271324862158618,10.0,4417890.214839041,166,166,6.0,5.700000000000001,27670.593898526913,41573.51932574599,13902.925427219077,0.0,1712.8656784023847,1712.8656784023847,False
963652,274,9,38.432322013510756,500.0,5741988.711797567,157,157,6.0,5.700000000000001,56476.95883297223,71576.10686585908,15099.148032886847,0.0,1862.393504110856,1862.393504110856,False
963652,275,0,23.29005584358007,11.0,2515903.759121621,150,150,6.0,6.0,25234.58733938961,38742.36729760027,13507.779958210662,0.0,1663.4724947763327,1663.4724947763336,False
963652,275,1,12.484109431214872,10.0,2384610.250459187,144,144,6.0,6.0,6015.646576547439,17304.843523042924,11289.196946495485,0.0,1386.1496183119357,1386.1496183119352,False
963652,275,2,13.431285637286974,10.423874999999999,3042280.316178819,161,161,6.0,6.0,9075.088691210603,22936.80977991207,13861.721088701466,0.0,1707.7151360876833,1707.715136087683,False
963652,275,3,21.263376055305066,11.495000000000001,4774368.055298071,154,154,6.0,5.9,23532.01683779664,38046.33122583171,14514.314388035069,0.0,1789.2892985043836,1789.2892985043836,False
963652,275,4,12.490141693296096,10.45,2337654.718382281,159,159,6.0,5.800000000000001,7542.778254680714,21537.93891295731,13995.160658276596,0.0,1724.3950822845745,1724.395082284574,False
963652,275,5,18.78217615759585,10.0,3064060.929917742,168,168,6.0,5.9,18536.261195682113,32637.91586859914,14101.654672917024,0.0,1737.706834114628,1737.7068341146285,False
963652,275,6,20.638030497874613,10.0,2756758.161595849,142,142,6.0,6.0,17445.508974612276,28815.293049800126,11369.784075187848,0.0,1396.223009398481,1396.223009398481,False
963652,275,7,15.713583085594378,11.0,6370856.311175676,165,165,6.0,6.0,14269.184130201906,29475.63077855557,15206.446648353663,0.0,1875.805831044208,1875.805831044208,False
963652,275,8,25.48489110526655,10.0,4444725.811790592,167,167,6.0,5.700000000000001,29205.59695155063,42859.77142688083,13654.1744753302,0.0,1681.771809416275,1681.771809416274,False
963652,275,9,42.275554214861835,500.0,5727123.281317125,157,157,6.0,5.600000000000001,63634.56951955818,78733.71755244503,15099.148032886847,0.0,1862.393504110856,1862.3935041108568,False
963652,276,0,24.454558635759074,12.100000000000001,2541649.3814116893,151,151,6.0,6.0,28072.722290082456,42018.565209814195,13945.84291973174,0.0,1718.2303649664675,1718.2303649664675,False
963652,276,1,12.484109431214872,10.5,2389379.8440919197,144,144,6.0,6.0,6481.593632732596,18602.076368895196,12120.4827361626,0.0,1490.060342020325,1490.060342020325,False
963652,276,2,12.759721355422625,10.0,3047909.734994425,161,161,6.0,6.0,7339.418815605912,20211.452748040123,12872.033932434211,0.0,1584.0042415542764,1584.0042415542766,False
963652,276,3,20.200207252539812,12.644500000000003,4794047.56210683,154,154,6.0,5.9,21626.759808820876,36139.14605408047,14512.386245259591,0.0,1789.048280657449,1789.0482806574485,False
963652,276,4,13.739155862625706,11.495000000000001,2345560.4865561053,159,159,6.0,5.800000000000001,9933.473173842223,24258.85804423127,14325.384870389047,0.0,1765.673108798631,1765.6731087986311,False
963652,276,5,19.721284965475643,11.0,3082879.6620767065,168,168,6.0,5.9,20666.732158964398,35108.67387127744,14441.941712313039,0.0,1780.2427140391299,1780.2427140391296,False
963652,276,6,21.669932022768347,10.0,2773608.850132141,142,142,6.0,6.0,18470.688536291775,29597.261400118325,11126.57286382655,0.0,1365.8216079783188,1365.8216079783188,False
963652,276,7,14.927903931314658,11.0,6380803.646442408,166,166,6.0,6.0,12273.335266732112,26876.924450873852,14603.58918414174,0.0,1800.4486480177175,1800.448648017718,False
963652,276,8,25.48489110526655,10.0,4471787.492579372,168,168,6.0,5.700000000000001,29441.680788779777,43203.87256238552,13762.191773605744,0.0,1695.273971700718,1695.273971700718,False
963652,276,9,46.50310963634802,475.0,5723333.475306358,158,158,6.0,5.500000000000002,71960.19398923303,87153.30902243787,15193.115033204836,0.0,1874.1393791506046,1874.1393791506064,False
963652,277,0,25.67728656754703,11.495000000000001,2568972.41088165,151,151,6.0,6.0,29358.774469977718,42935.83858308359,13577.064113105875,0.0,1672.1330141382343,1672.1330141382336,False
963652,277,1,13.73252037433636,10.0,2395673.3530783826,144,144,6.0,6.0,7733.508986462688,19005.091422669735,11271.582436207047,0.0,1383.9478045258809,1383.9478045258809,False
963652,277,2,12.121735287651493,10.5,3052671.7209871877,161,161,6.0,6.0,6652.485992762775,20152.682176234284,13500.19618347151,0.0,1662.5245229339387,1662.5245229339382,False
963652,277,3,22.220227977793794,11.380050000000002,4815261.596990551,155,155,6.0,5.9,23677.942633690385,37311.16897632175,13633.226342631364,0.0,1679.1532928289205,1679.1532928289205,False
963652,277,4,15.113071448888277,12.644500000000003,2355753.7200813964,160,160,6.0,5.9,13016.353525280843,28080.653562471063,15064.30003719022,0.0,1858.0375046487775,1858.0375046487777,False
963652,277,5,21.69341346202321,11.0,3104730.5867127357,169,169,6.0,6.0,24309.924636029347,38829.17364081797,14519.249004788624,0.0,1789.906125598578,1789.9061255985769,False
963652,277,6,22.753428623906764,10.0,2792092.5878414777,143,143,6.0,6.0,20513.737709336725,31945.696455941168,11431.958746604441,0.0,1403.9948433255552,1403.9948433255547,False
963652,277,7,14.181508734748924,11.55,6389596.461732776,167,167,6.0,6.0,11521.665290337287,26891.63856814859,15369.973277811305,0.0,1896.246659726413,1896.2466597264126,False
963652,277,8,24.21064655000322,10.0,4496753.4138931045,169,169,6.0,5.700000000000001,27355.921313732608,41154.846552764306,13798.925239031696,0.0,1699.865654878962,1699.865654878962,False
963652,277,9,51.15342059998283,427.5,5736364.000197835,158,158,6.0,5.600000000000001,80675.52489147669,95868.63992468153,15193.115033204836,0.0,1874.1393791506046,1874.1393791506039,False
963652,278,0,25.67728656754703,10.920250000000001,2595548.0823979513,152,152,6.0,6.0,28835.549516296036,42175.8239154682,13340.274399172167,0.0,1642.534299896521,1642.5342998965211,False
963652,278,1,13.73252037433636,10.0,2401304.923280849,145,145,6.0,6.0,7781.570202466648,19120.22431097912,11338.654108512472,0.0,1392.331763564059,1392.3317635640592,False
963652,278,2,12.727822052034067,10.0,3058407.698131854,161,161,6.0,6.0,7445.977144666545,20583.819661606438,13137.842516939892,0.0,1617.2303146174866,1617.2303146174866,False
963652,278,3,24.442250775573175,10.811047500000003,4839698.928147302,156,156,6.0,6.0,26923.854566750844,40321.00375853735,13397.149191786506,0.0,1649.6436489733132,1649.6436489733142,False
963652,278,4,15.868725021332692,12.644500000000003,2368049.0217718417,160,160,6.0,6.0,14418.421690434972,29480.724440426482,15062.30274999151,0.0,1857.7878437489387,1857.787843748938,False
963652,278,5,21.69341346202321,11.0,3128640.5931503302,169,169,6.0,6.0,26069.006437594726,41615.95057855604,15546.944140961312,0.0,1918.368017620164,1918.3680176201638,False
963652,278,6,21.615757192711424,10.0,2809464.6269547977,143,143,6.0,6.0,18902.039113320043,30325.528981982185,11423.489868662142,0.0,1402.9362335827677,1402.9362335827677,False
963652,278,7,13.472433298011477,10.9725,6396916.524141852,168,168,6.0,6.0,9963.442409100744,25021.099843198797,15057.657434098053,0.0,1857.2071792622567,1857.2071792622567,False
963652,278,8,26.631711205003544,10.0,4526714.3539754255,170,170,6.0,5.800000000000001,32460.94008232125,46684.74700932007,14223.806926998817,0.0,1752.9758658748522,1752.9758658748513,False
963652,278,9,51.15342059998283,406.125,5752472.287083513,159,159,6.0,5.500000000000002,81182.16188567743,96469.19985470644,15287.037969029014,0.0,1885.8797461286267,1885.8797461286258,False
963652,279,0,25.67728656754703,12.012275000000002,2623156.2147329077,152,152,6.0,6.0,29533.998134971866,43190.36114469271,13656.363009720842,0.0,1682.0453762151053,1682.0453762151053,False
963652,279,1,15.105772411769998,11.0,2410036.944736574,146,146,6.0,6.0,11038.021455724755,23890.29434542227,12852.272889697515,0.0,1581.5341112121894,1581.5341112121891,False
963652,279,2,14.000604257237475,10.0,3065782.2911204365,161,161,6.0,6.0,9284.592988582157,22129.443516283663,12844.850527701507,0.0,1580.6063159626883,1580.6063159626888,False
963652,279,3,24.442250775573175,10.270495125000002,4864111.423177193,156,156,6.0,6.0,26314.69226940514,39415.452697555615,13100.760428150474,0.0,1612.5950535188092,1612.5950535188106,False
963652,279,4,17.45559752346596,12.012275000000002,2382786.577938554,160,160,6.0,6.0,16959.520166728536,31677.49864383166,14717.978477103123,0.0,1814.7473096378903,1814.7473096378894,False
963652,279,5,23.86275480822553,10.45,3155084.2591756843,169,169,6.0,5.9,28209.716025385394,42737.47504018336,14527.759014797966,0.0,1790.9698768497458,1790.9698768497458,False
963652,279,6,23.77733291198257,10.0,2829285.024227053,143,143,6.0,5.9,21450.39727225537,32628.3730267315,11177.97575447613,0.0,1372.2469693095163,1372.2469693095165,False
963652,279,7,13.472433298011477,12.06975,6404707.444571002,169,169,6.0,6.0,10530.708179115574,26417.635868872596,15886.927689757022,0.0,1960.8659612196277,1960.865961219628,False
963652,279,8,26.631711205003544,10.0,4556614.013774089,170,170,6.0,5.9,31699.659798662768,45596.59163607602,13896.93183741325,0.0,1712.1164796766564,1712.1164796766557,False
963652,279,9,56.26876265998112,446.7375,5771690.049748664,160,160,6.0,5.500000000000002,91395.76266512104,106776.72154908457,15380.958883963525,0.0,1897.6198604954407,1897.619860495443,False
963652,280,0,26.96115089592438,13.213502500000004,2654120.5132303596,152,152,6.0,6.0,33272.75087748344,47595.41719081501,14322.666313331563,0.0,1765.3332891664454,1765.3332891664443,False
963652,280,1,16.616349652946997,10.45,2420567.8812115365,147,147,6.0,6.0,12867.08647499016,25199.450644330373,12332.364169340213,0.0,1516.5455211675267,1516.5455211675278,False
963652,280,2,13.300574044375601,10.5,3072707.276916279,161,161,6.0,6.0,8815.485795842611,22622.29248563332,13806.806689790708,0.0,1700.8508362238385,1700.8508362238383,False
963652,280,3,23.220138236794515,10.0,4885541.251995856,156,156,6.0,6.0,23089.828818662667,35531.41477869541,12441.585960032748,0.0,1530.1982450040935,1530.1982450040935,False
963652,280,4,16.58281764729266,11.411661250000002,2395600.476147149,160,160,6.0,6.0,14639.764008603624,28671.831395736925,14032.0673871333,0.0,1729.0084233916625,1729.0084233916627,False
963652,280,5,23.86275480822553,11.495000000000001,3182966.064568487,170,170,6.0,6.0,30435.95539282169,46086.46484755301,15650.509454731324,0.0,1931.3136818414155,1931.3136818414164,False
963652,280,6,24.9661995575817,10.0,2850925.526801494,143,143,6.0,5.9,23070.50257444106,34243.14379345449,11172.641219013429,0.0,1371.5801523766786,1371.5801523766793,False
963652,280,7,14.819676627812626,11.466262500000001,6415319.294375573,169,169,6.0,5.9,12549.648167037743,27705.956347447314,15156.308180409571,0.0,1869.5385225511964,1869.5385225511964,False
963652,280,8,29.294882325503902,10.0,4590829.481474408,170,170,6.0,6.0,36215.4677003196,50095.92562206409,13880.45792174449,0.0,1710.0572402180612,1710.0572402180621,False
963652,280,9,61.89563892597924,491.41125000000005,5794678.94230498,161,161,6.0,5.600000000000001,102706.10380629856,118180.97292105283,15474.869114754267,0.0,1909.3586393442833,1909.358639344284,False
963652,281,0,26.96115089592438,12.552827375000003,2683281.7794634514,153,153,6.0,6.0,31881.848821468142,45617.67225225535,13735.823430787206,0.0,1691.9779288484008,1691.9779288484012,False
963652,281,1,17.44716713559435,10.0,2431688.648902665,148,148,6.0,6.0,13200.767691128447,24748.734757901726,11547.967066773279,0.0,1418.4958833466599,1418.4958833466603,False
963652,281,2,13.300574044375601,10.0,3079269.008744841,161,161,6.0,6.0,8171.731828562175,21006.939650923014,12835.207822360839,0.0,1579.4009777951048,1579.4009777951046,False
963652,281,3,23.220138236794515,10.0,4907351.026131224,156,156,6.0,6.0,23669.77413536784,36416.1906075457,12746.416472177862,0.0,1568.3020590222327,1568.3020590222322,False
963652,281,4,18.241099412021928,12.552827375000003,2411570.3975021415,161,161,6.0,6.0,18490.926562368717,33291.64534100111,14800.718778632394,0.0,1825.0898473290492,1825.089847329049,False
963652,281,5,26.249030289048086,12.644500000000003,3216201.4687088197,171,171,6.0,6.0,35997.61364032202,52065.90387470034,16068.290234378323,0.0,1983.5362792972903,1983.5362792972912,False
963652,281,6,23.717889579702614,10.5,2872015.0608480438,144,144,6.0,5.9,23101.534046549787,35161.413289697215,12059.87924314743,0.0,1482.4849053934288,1482.4849053934286,False
963652,281,7,15.560660459203259,10.892949375,6426226.918824833,170,170,6.0,6.0,13359.425843064304,27906.77120129581,14547.345358231507,0.0,1793.4181697789384,1793.4181697789388,False
963652,281,8,30.759626441779098,11.0,4630309.007146058,171,171,6.0,6.0,41860.52567164948,56844.78437791378,14984.258706264303,0.0,1848.032338283038,1848.0323382830375,False
963652,281,9,68.08520281857717,442.27012500000006,5837897.653278415,161,161,6.0,5.700000000000001,114524.20109840379,129999.07021315806,15474.869114754267,0.0,1909.3586393442833,1909.3586393442831,False
963652,282,0,25.61309335112816,13.808110112500005,2711649.1806821586,154,154,6.0,6.0,31293.85017600526,45798.5947421779,14504.744566172636,0.0,1788.0930707715795,1788.0930707715804,False
963652,282,1,16.57480877881463,10.5,2442721.836182898,148,148,6.0,6.0,12887.187280232987,25297.080345199636,12409.893064966649,0.0,1526.2366331208311,1526.2366331208311,False
963652,282,2,12.63554534215682,10.0,3084108.7249717177,162,162,6.0,5.9,7159.716226876826,20061.076146618238,12901.359919741411,0.0,1587.6699899676764,1587.6699899676762,False
963652,282,3,24.381145148634243,10.5,4932191.314396253,156,156,6.0,6.0,26778.288265028776,40153.576327122806,13375.28806209403,0.0,1646.9110077617538,1646.9110077617534,False
963652,282,4,19.153154382623025,11.925186006250003,2428837.717164874,161,161,6.0,6.0,19187.27460975534,33293.49266764313,14106.21805788779,0.0,1738.2772572359738,1738.277257235974,False
963652,282,5,27.56148180350049,12.012275000000002,3250723.4731207564,171,171,6.0,6.0,36776.10343695409,52098.10853181854,15322.005094864458,0.0,1890.2506368580573,1890.2506368580566,False
963652,282,6,23.717889579702614,10.0,2891850.0613776124,144,144,6.0,5.9,21475.000529568682,32707.01620554534,11232.015675976658,0.0,1379.0019594970822,1379.0019594970825,False
963652,282,7,17.116726505123587,10.34830190625,6439550.706371835,170,170,6.0,6.0,15382.998871046577,29257.20428878195,13874.205417735375,0.0,1709.2756772169218,1709.2756772169216,False
963652,282,8,32.29760776386805,12.100000000000001,4675217.337331319,171,171,6.0,6.0,46977.430185197954,62710.62362339429,15733.193438196338,0.0,1941.6491797745423,1941.6491797745423,False
963652,282,9,74.8937231004349,486.4971375000001,5886894.137346185,162,162,6.0,5.700000000000001,128309.02034276514,143877.7592182881,15568.738875522951,0.0,1921.092359440369,1921.0923594403685,False
963652,283,0,24.332438683571752,13.117704606875003,2738107.6219917373,155,155,6.0,6.0,29191.685523676068,43788.40169968236,14596.716176006295,0.0,1799.589522000787,1799.5895220007876,False
963652,283,1,17.403549217755362,10.0,2454071.591798811,148,148,6.0,6.0,13129.755615913513,24669.94669248691,11540.191076573396,0.0,1417.5238845716744,1417.5238845716744,False
963652,283,2,12.00376807504898,10.5,3089051.1380935595,162,162,6.0,5.9,6643.413121841841,20517.358252658392,13873.945130816552,0.0,1709.243141352069,1709.2431413520687,False
963652,283,3,25.600202406065957,10.0,4957745.852612584,156,156,6.0,5.9,27314.53821633102,40021.00266782986,12706.46445149884,0.0,1563.308056437355,1563.3080564373545,False
963652,283,4,20.110812101754178,11.328926705937503,2448179.788826055,161,161,6.0,5.9,21366.02886080739,35811.830829898245,14445.801969090855,0.0,1780.7252461363569,1780.7252461363573,False
963652,283,5,26.183407713325465,10.811047500000003,3282064.7114921366,171,171,6.0,6.0,33389.9274938802,48368.203611734294,14978.276117854093,0.0,1847.2845147317616,1847.2845147317616,False
963652,283,6,24.903784058687744,10.0,2914044.601088329,144,144,6.0,5.9,23634.539710717007,35114.636346105435,11480.096635388429,0.0,1410.0120794235536,1410.012079423553,False
963652,283,7,16.260890179867406,10.0,6452088.862902648,170,170,6.0,6.0,14238.156530812248,28420.336384503506,14182.179853691257,0.0,1747.7724817114072,1747.7724817114072,False
963652,283,8,30.682727375674645,11.495000000000001,4716886.889639191,171,171,6.0,6.0,43835.19730789142,59566.02711634401,15730.829808452587,0.0,1941.3537260565734,1941.3537260565738,False
963652,283,9,82.38309541047839,500.0,5948590.933610778,162,162,6.0,5.700000000000001,142696.79626459378,158265.53514011673,15568.738875522951,0.0,1921.092359440369,1921.0923594403662,False
963652,284,0,26.76568255192893,12.461819376531253,2769009.5900573637,155,155,6.0,6.0,32833.550068957964,47116.086092914076,14282.536023956112,0.0,1760.317002994514,1760.3170029945136,False
963652,284,1,19.1439041395309,10.0,2467899.1739451457,148,148,6.0,6.0,15607.582146334378,27155.549213107657,11547.967066773279,0.0,1418.4958833466599,1418.4958833466596,False
963652,284,2,11.40357967129653,10.0,3092662.458304638,162,162,6.0,6.0,5331.320211078308,18532.503072112962,13201.182861034655,0.0,1625.1478576293318,1625.1478576293323,False
963652,284,3,28.160222646672555,10.0,4988035.720909066,155,155,6.0,6.0,31939.86829648201,44893.6434346893,12953.77513820729,0.0,1594.2218922759112,1594.2218922759116,False
963652,284,4,19.105271496666468,12.461819376531254,2466406.1048452854,160,160,6.0,5.9,20420.207119443374,35474.5631795419,15054.356060098527,0.0,1856.794507512316,1856.794507512316,False
963652,284,5,28.801748484658013,10.270495125000002,3318328.39576466,170,170,6.0,6.0,38009.66844378929,52904.45949828943,14894.791054500138,0.0,1836.8488818125172,1836.848881812517,False
963652,284,6,27.394162464556523,10.0,2939466.2383178547,144,144,6.0,6.0,27161.637229525273,38648.18276796946,11486.545538444187,0.0,1410.8181923055233,1410.8181923055236,False
963652,284,7,16.260890179867406,10.0,6464725.832321861,169,169,6.0,6.0,14526.969419212797,28988.84105634347,14461.871637130673,0.0,1782.733954641334,1782.733954641335,False
963652,284,8,32.21686374445838,10.920250000000001,4760404.111751184,170,170,6.0,5.9,45373.66461206577,60628.847675560355,15255.183063494584,0.0,1881.897882936823,1881.8978829368243,False
963652,284,9,90.62140495152623,500.0,6026083.317918451,163,163,6.0,5.600000000000001,159492.38430767224,175154.9520915402,15662.567783867962,0.0,1932.8209729834953,1932.8209729834948,False
963652,285,0,28.103966679525378,11.83872840770469,2801219.5162867736,155,155,6.0,6.0,34244.929132628895,48151.64867975545,13906.719547126555,0.0,1713.3399433908194,1713.3399433908182,False
963652,285,1,20.101099346507446,10.0,2483169.8032702715,148,148,6.0,6.0,16950.629325125607,28488.85824732714,11538.228922201533,0.0,1417.2786152751917,1417.2786152751921,False
963652,285,2,12.543937638426184,10.0,3097558.597983198,163,163,6.0,6.0,7226.139678559666,20500.50868531698,13274.369006757315,0.0,1634.2961258446644,1634.2961258446644,False
963652,285,3,28.160222646672555,10.0,5018209.323627086,155,155,6.0,6.0,31923.60271802094,44870.923332884464,12947.320614863525,0.0,1593.4150768579407,1593.4150768579404,False
963652,285,4,19.105271496666468,11.838728407704691,2483761.925321203,161,161,6.0,6.0,20061.855749583832,34858.06314940541,14796.207399821578,0.0,1824.5259249776973,1824.5259249776968,False
963652,285,5,27.36166106042511,10.0,3350833.1889505633,171,171,6.0,6.0,34714.79318590343,49341.15591457184,14626.362728668413,0.0,1803.2953410835516,1803.295341083552,False
963652,285,6,26.024454341328696,10.0,2962705.6378270886,145,145,6.0,6.0,25389.39950923368,36947.035762580505,11557.636253346824,0.0,1419.704531668353,1419.7045316683534,False
963652,285,7,16.260890179867406,10.0,6477717.5163638815,169,169,6.0,5.9,14881.684042020406,29687.067930333975,14805.383888313569,0.0,1825.672986039196,1825.6729860391965,False
963652,285,8,33.8277069316813,12.012275000000002,4808566.424704437,171,171,6.0,6.0,51016.4119782712,67080.43339178571,16064.021413514514,0.0,1983.0026766893143,1983.0026766893152,False
963652,285,9,99.68354544667886,500.0,6121391.197435277,163,163,6.0,5.600000000000001,177007.87951682633,192670.4473006943,15662.567783867962,0.0,1932.8209729834953,1932.8209729834953,False
963652,286,0,28.103966679525378,11.246791987319455,2833224.5246510594,156,156,6.0,6.0,34459.507914291375,48451.6151006169,13992.107186325531,0.0,1724.0133982906914,1724.0133982906912,False
963652,286,1,21.10615431383282,10.5,2501723.3521350604,149,149,6.0,6.0,20918.048864788943,34008.51138131831,13090.462516529367,0.0,1611.307814566171,1611.3078145661702,False
963652,286,2,13.171134520347493,10.0,3103322.804795598,164,164,6.0,6.0,8104.20681240048,21151.224084490234,13047.017272089754,0.0,1605.8771590112192,1605.8771590112194,False
963652,286,3,30.976244911339812,10.0,5052100.791396002,155,155,6.0,6.0,35541.46776891624,48186.13587089185,12644.668101975609,0.0,1555.583512746951,1555.5835127469509,False
963652,286,4,19.105271496666468,11.246791987319456,2501709.927402427,161,161,6.0,6.0,20058.735591165154,34852.69529561459,14793.959704449435,0.0,1824.2449630561794,1824.2449630561791,False
963652,286,5,28.729744113446365,10.0,3385030.8168547237,172,172,6.0,6.0,36517.62790416056,50887.654394875855,14370.026490715292,0.0,1771.2533113394115,1771.253311339412,False
963652,286,6,24.723231624262258,10.0,2984246.690160182,145,145,6.0,5.9,22991.05233309344,34285.105374586965,11294.053041493524,0.0,1386.7566301866905,1386.7566301866912,False
963652,286,7,17.88697919785415,10.0,6492791.1177412,170,170,6.0,6.0,17573.60137731885,32155.02245377982,14581.42107646097,0.0,1797.6776345576213,1797.677634557621,False
963652,286,8,32.136321585097235,11.411661250000002,4854042.662738021,172,172,6.0,6.0,47939.04376851347,64094.76215709726,16155.718388583795,0.0,1994.4647985729744,1994.4647985729737,False
963652,286,9,109.65189999134675,500.0,6236166.121682173,163,163,6.0,5.600000000000001,196274.92424689583,211937.4920307638,15662.567783867962,0.0,1932.8209729834953,1932.8209729834957,False
963652,287,0,30.91436334747792,11.246791987319455,2871303.236708203,157,157,6.0,6.0,40644.458399136216,55104.32075001642,14459.862350880207,0.0,1782.4827938600258,1782.4827938600258,False
963652,287,1,22.161462029524465,10.5,2520800.4855430154,150,150,6.0,6.0,21152.133407955032,33414.240195200095,12262.106787245062,0.0,1507.7633484056328,1507.7633484056325,False
963652,287,2,13.829691246364868,11.0,3111702.3100229083,164,164,6.0,6.0,10383.505227310154,25107.094597720876,14723.589370410722,0.0,1815.4486713013403,1815.4486713013403,False
963652,287,3,34.0738694024738,10.0,5089014.403040632,155,155,6.0,6.0,38463.61164462967,50526.40379038198,12062.792145752306,0.0,1482.8490182190383,1482.8490182190376,False
963652,287,4,20.060535071499793,12.371471186051403,2521750.5262513068,161,161,6.0,6.0,22332.405709852843,37478.6120439974,15146.206334144552,0.0,1868.275791768069,1868.2757917680692,False
963652,287,5,27.293256907774047,10.5,3417243.051416689,172,172,6.0,6.0,34018.23456196535,48406.91601706064,14388.681455095288,0.0,1773.585181886911,1773.5851818869116,False
963652,287,6,25.959393205475372,11.0,3010328.7729168464,146,146,6.0,5.9,28188.082756664604,41033.53572130476,12845.452964640157,0.0,1580.6816205800196,1580.6816205800196,False
963652,287,7,18.781328157746856,10.0,6508565.039461308,170,170,6.0,6.0,17773.921720107643,31310.995933690578,13537.074213582935,0.0,1667.1342766978669,1667.1342766978664,False
963652,287,8,30.529505505842373,10.8410781875,4892810.155560398,172,172,6.0,6.0,40832.15827059824,55602.263507913,14770.105237314763,0.0,1821.2631546643454,1821.2631546643458,False
963652,287,9,115.13449499091409,500.0,6361437.920530606,163,163,6.0,5.700000000000001,206871.7988484338,222534.36663230177,15662.567783867962,0.0,1932.8209729834953,1932.820972983494,False
963652,288,0,32.460081514851815,10.684452387953481,2910875.9485896756,157,157,6.0,6.0,41250.1709063842,55007.00909802023,13756.83819163603,0.0,1694.6047739545038,1694.6047739545038,False
963652,288,1,21.05338892804824,10.0,2537811.502365899,150,150,6.0,5.9,18511.016822883306,30178.39402340683,11667.37720052352,0.0,1433.42215006544,1433.4221500654396,False
963652,288,2,13.138206684046624,12.100000000000001,3118740.0193459596,165,165,6.0,6.0,9634.20932306659,25145.71378800042,15511.504464933829,0.0,1913.9380581167286,1913.9380581167286,False
963652,288,3,37.48125634272118,10.0,5131649.580958466,156,156,6.0,6.0,44795.177917834364,57205.01793137055,12409.84001353619,0.0,1526.2300016920237,1526.2300016920244,False
963652,288,4,19.057508317924803,11.752897626748833,2539011.3339890935,161,161,6.0,6.0,19453.024255688702,33871.796652236764,14418.772396548062,0.0,1777.3465495685077,1777.3465495685068,False
963652,288,5,30.022582598551455,10.0,3453226.360202487,172,172,6.0,6.0,37803.30878579817,51808.5229983394,14005.214212541227,0.0,1725.6517765676533,1725.6517765676524,False
963652,288,6,28.555332526022912,10.45,3040209.778453457,146,146,6.0,6.0,31506.705536637746,44046.74644679953,12540.040910161784,0.0,1542.505113770223,1542.5051137702233,False
963652,288,7,17.842261749859514,10.0,6523305.467176195,171,171,6.0,6.0,17150.427714887122,31453.224942473364,14302.797227586241,0.0,1762.8496534482802,1762.849653448281,False
963652,288,8,33.582456056426615,11.925186006250001,4940317.320917147,172,172,6.0,6.0,49658.29734984227,65449.70022058181,15791.402870739543,0.0,1948.9253588424428,1948.925358842443,False
963652,288,9,120.8912197404598,500.0,6498260.289406805,164,164,6.0,5.600000000000001,219322.36887619967,235078.7509849864,15756.382108786718,0.0,1944.5477635983398,1944.5477635983384,False
963652,289,0,35.706089666337,11.75289762674883,2957971.8665339984,157,157,6.0,6.0,49141.12287171789,63588.134547758935,14447.011676041042,0.0,1780.8764595051302,1780.8764595051298,False
963652,289,1,21.05338892804824,10.0,2554802.792173039,150,150,6.0,5.9,18491.28980714057,30146.576957577337,11655.287150436769,0.0,1431.910893804596,1431.9108938045958,False
963652,289,2,12.481296349844293,13.310000000000002,3124919.656693311,165,165,6.0,6.0,8375.787347360338,23885.26331657771,15509.475969217374,0.0,1913.6844961521717,1913.6844961521715,False
963652,289,3,37.48125634272118,10.0,5175559.249820911,157,157,6.0,6.0,46079.66886244515,58838.0668694884,12758.39800704325,0.0,1569.7997508804062,1569.7997508804074,False
963652,289,4,20.963259149717285,11.165252745411392,2559441.3490986624,161,161,6.0,6.0,22327.62080161331,36430.063415115874,14102.442613502566,0.0,1737.8053266878208,1737.8053266878198,False
963652,289,5,31.52371172847903,11.0,3493420.532268733,173,173,6.0,6.0,42697.17206624567,57485.74467294435,14788.572606698677,0.0,1823.5715758373346,1823.571575837334,False
963652,289,6,31.410865778625205,10.0,3071456.199191989,147,147,6.0,6.0,33416.420738531684,45103.87995731016,11687.459218778471,0.0,1435.9324023473089,1435.9324023473087,False
963652,289,7,19.626487924845467,10.0,6541201.525079849,172,172,6.0,6.0,20316.057903654095,34632.82853036202,14316.770626707925,0.0,1764.5963283384906,1764.59632833849,False
963652,289,8,35.26157885924795,11.328926705937501,4989683.955541551,173,173,6.0,6.0,51926.538944499436,67423.2432809958,15496.704336496357,0.0,1912.0880420620447,1912.088042062045,False
963652,289,9,132.98034171450578,500.0,6659556.039211952,165,165,6.0,5.500000000000002,244295.74980514677,260145.9390397803,15850.189234633512,0.0,1956.273654329189,1956.2736543291874,False
963652,290,0,35.706089666337,11.165252745411388,3005152.6259585987,157,157,6.0,5.9,49133.7041056622,63578.57364872236,14444.869543060164,0.0,1780.6086928825205,1780.6086928825196,False
963652,290,1,20.000719481645827,10.0,2570080.675718344,150,150,6.0,5.9,16977.883545304787,28629.119329343914,11651.235784039129,0.0,1431.404473004891,1431.4044730048915,False
963652,290,2,13.729425984828723,13.975500000000004,3132729.746807542,166,166,6.0,5.9,10830.023114260453,26431.249196548615,15601.226082288162,0.0,1925.1532602860202,1925.15326028602,False
963652,290,3,41.2293819769933,10.0,5225737.013986335,157,157,6.0,6.0,51947.764165424196,64702.379644346845,12754.615478922648,0.0,1569.326934865331,1569.3269348653316,False
963652,290,4,19.91509619223142,10.606990108140822,2578451.1362908813,161,161,6.0,6.0,21017.512599649664,35463.31456874052,14445.801969090855,0.0,1780.7252461363569,1780.7252461363569,False
963652,290,5,34.676082901326936,10.45,3540735.411817026,174,174,6.0,6.0,49933.17954832539,65167.82454737258,15234.644999047188,0.0,1879.3306248808985,1879.330624880898,False
963652,290,6,29.840322489693943,10.0,3101038.007433282,147,147,6.0,6.0,31151.808241293176,42835.8175112433,11684.009269950124,0.0,1435.5011587437655,1435.5011587437655,False
963652,290,7,18.64516352860319,10.0,6557859.820411306,172,172,6.0,6.0,18578.295331456247,32890.465825408435,14312.170493952188,0.0,1764.0213117440235,1764.0213117440237,False
963652,290,8,33.498499916285546,10.196034035343752,5033904.310045064,173,173,6.0,6.0,46284.26839168011,61068.42621878155,14784.157827101439,0.0,1823.0197283876798,1823.0197283876785,False
963652,290,9,146.27837588595636,500.0,6847266.382921077,165,165,6.0,5.600000000000001,270310.34370912536,286160.5329437589,15850.189234633512,0.0,1956.273654329189,1956.273654329191,False
963652,291,0,39.27669863297071,10.606990108140819,3058709.8846049537,158,158,6.0,6.0,55833.16308346122,70365.40798974254,14532.244906281318,0.0,1791.5306132851647,1791.530613285163,False
963652,291,1,19.000683507563537,10.0,2583406.608405017,151,151,6.0,6.0,15635.932686672879,27352.259050055563,11716.326363382685,0.0,1439.5407954228356,1439.5407954228353,False
963652,291,2,13.729425984828723,13.276725000000003,3141054.3621428744,166,166,6.0,6.0,10828.551685293962,26427.72321067484,15599.17152538088,0.0,1924.89644067261,1924.8964406726093,False
963652,291,3,41.2293819769933,10.0,5275901.38516419,158,158,6.0,6.0,52244.371177855006,65070.39502967757,12826.02385182257,0.0,1578.2529814778213,1578.25298147782,False
963652,291,4,21.906605811454565,10.07664060273378,2601385.2265278976,161,161,6.0,5.9,24556.429374045685,38997.96592707252,14441.53655302683,0.0,1780.1920691283538,1780.1920691283538,False
963652,291,5,32.942278756260585,10.0,3584518.2340591126,174,174,6.0,6.0,45522.822242086884,60387.98501695494,14865.162774868051,0.0,1833.1453468585064,1833.145346858507,False
963652,291,6,28.348306365209243,10.0,3128556.540305893,147,147,6.0,6.0,28988.532872610936,40664.09544720096,11675.562574590027,0.0,1434.4453218237534,1434.4453218237545,False
963652,291,7,20.509679881463512,10.0,6578499.820667445,173,173,6.0,6.0,23170.00025613913,38315.22697821897,15145.226722079837,0.0,1868.1533402599796,1868.15334025998,False
963652,291,8,35.173424912099826,10.0,5079932.643109396,174,174,6.0,6.0,48268.33306433167,62737.66664185937,14469.333577527692,0.0,1783.6666971909615,1783.666697190961,False
963652,291,9,160.906213474552,500.0,7064385.5783109935,166,166,6.0,5.700000000000001,300719.1953899162,316663.1832136679,15943.987823751711,0.0,1967.998477968964,1967.9984779689662,False
963652,292,0,43.20436849626778,10.076640602733777,3117973.8815268837,159,159,6.0,6.0,61566.182777754,75802.2096496582,14236.026871904196,0.0,1754.5033589880245,1754.5033589880243,False
963652,292,1,18.05064933218536,10.0,2596159.7054222273,151,151,6.0,6.0,14263.097017210666,25975.26626255108,11712.169245340412,0.0,1439.0211556675515,1439.0211556675508,False
963652,292,2,14.415897284070159,12.612888750000002,3151110.5604561763,166,166,6.0,6.0,12149.93784582771,27749.10937120859,15599.17152538088,0.0,1924.89644067261,1924.8964406726097,False
963652,292,3,43.29085107584297,10.0,5329649.225144463,159,159,6.0,6.0,55837.83998027262,68740.92608263784,12903.086102365221,0.0,1587.8857627956527,1587.8857627956509,False
963652,292,4,24.097266392600023,10.0,2626746.744066327,161,161,6.0,6.0,27071.517538429398,40824.88337001741,13753.365831588011,0.0,1694.1707289485014,1694.1707289485014,False
963652,292,5,31.295164818447553,10.0,3626169.678505585,174,174,6.0,6.0,43491.44444647253,58695.912467878625,15204.468021406095,0.0,1875.558502675762,1875.5585026757603,False
963652,292,6,31.18313700173017,10.0,3160131.7805227684,147,147,6.0,6.0,33045.24021687564,44717.4547715822,11672.214554706563,0.0,1434.0268193383204,1434.0268193383201,False
963652,292,7,20.509679881463512,11.0,6600605.661145349,173,173,6.0,6.0,24308.84047790392,40182.36095813326,15873.52048022934,0.0,1959.1900600286674,1959.1900600286676,False
963652,292,8,36.93209615770482,10.0,5129289.293784385,174,174,6.0,6.0,51396.65067498888,65863.61574900016,14466.965074011288,0.0,1783.370634251411,1783.3706342514117,False
963652,292,9,176.99683482200723,500.0,7313571.092022276,166,166,6.0,5.600000000000001,332385.51371128234,348329.50153503404,15943.987823751711,0.0,1967.998477968964,1967.998477968962,False
963652,293,0,47.52480534589456,10.580472632870466,3185363.629729855,159,159,6.0,6.0,69372.0433515827,83653.74070446982,14281.697352887111,0.0,1760.212169110889,1760.2121691108885,False
963652,293,1,18.953181798794628,11.0,2612762.718269992,151,151,6.0,6.0,18564.012847764705,32468.898381449268,13904.885533684563,0.0,1713.1106917105703,1713.110691710571,False
963652,293,2,15.857487012477176,11.9822443125,3164046.3566832836,166,166,6.0,6.0,14924.848782948582,30524.020308329462,15599.17152538088,0.0,1924.89644067261,1924.8964406726104,False
963652,293,3,41.12630852205082,10.0,5378961.826242905,160,160,6.0,6.0,51512.601098442625,64201.188787353305,12688.587688910678,0.0,1561.0734611138348,1561.0734611138355,False
963652,293,4,25.302129712230027,10.0,2653563.8034201446,161,161,6.0,6.0,28427.05935381788,41863.376422268855,13436.317068450977,0.0,1654.539633556372,1654.5396335563717,False
963652,293,5,34.42468130029231,10.5,3673749.8584053237,174,174,6.0,6.0,49507.17989973854,64755.89267999483,15248.712780256292,0.0,1881.0890975320365,1881.0890975320362,False
963652,293,6,32.74229385181668,10.0,3192998.0012202226,147,147,6.0,6.0,34436.22069745398,45835.25370705049,11399.03300959651,0.0,1399.8791261995636,1399.8791261995639,False
963652,293,7,19.484195887390335,10.45,6619555.755944362,173,173,6.0,6.0,20757.944799045166,35557.44832862674,14799.503529581574,0.0,1824.9379411976968,1824.9379411976965,False
963652,293,8,40.625305773475304,10.0,5183688.226332651,175,175,6.0,6.0,56948.93254826687,71162.33256236992,14213.400014103048,0.0,1751.675001762881,1751.6750017628808,False
963652,293,9,176.99683482200723,500.0,7503076.456445689,166,166,6.0,5.500000000000002,272705.36442341417,290288.9453023483,17583.58087893412,327.91861103648216,1967.998477968964,1640.079866932483,False
963652,294,0,49.9010456131893,11.638519896157513,3260272.2406896288,160,160,6.0,6.0,77570.77414316483,92619.23875879432,15048.464615629493,0.0,1856.0580769536866,1856.0580769536866,False
963652,294,1,20.84849997867409,11.0,2632163.302926507,151,151,6.0,6.0,21261.58465651456,34824.44238598426,13562.857729469699,0.0,1670.3572161837124,1670.3572161837133,False
963652,294,2,17.443235713724896,11.383132096875,3179435.933670978,166,166,6.0,6.0,17579.17691577102,32841.11327297163,15261.936357200608,0.0,1882.742044650076,1882.7420446500755,False
963652,294,3,43.18262394815336,10.0,5430582.880601263,160,160,6.0,6.0,53421.054358357615,65813.6763611681,12392.622002810478,0.0,1524.0777503513098,1524.077750351308,False
963652,294,4,24.037023226618523,10.0,2677218.418419826,162,162,6.0,6.0,25874.614999681104,39081.824445584774,13207.20944590367,0.0,1625.9011807379588,1625.901180737958,False
963652,294,5,36.145915365306934,10.5,3722955.2669036,175,175,6.0,6.0,51742.90849827627,66706.80097051807,14963.892472241805,0.0,1845.4865590302256,1845.4865590302263,False
963652,294,6,34.37940854440752,10.5,3230932.28244087,147,147,6.0,6.0,39677.781220647696,51971.39011366492,12293.608893017228,0.0,1511.7011116271535,1511.701111627154,False
963652,294,7,19.484195887390335,10.9725,6638246.466949019,174,174,6.0,6.0,21399.92600468305,36646.63974344803,15246.713738764982,0.0,1880.8392173456227,1880.8392173456223,False
963652,294,8,38.59404048480154,10.0,5233586.609398125,176,176,6.0,6.0,52458.38306547296,66427.96229882268,13969.579233349717,0.0,1721.1974041687147,1721.1974041687145,False
963652,294,9,159.2971513398065,500.0,7582292.953056488,166,166,6.0,5.600000000000001,162316.49661079855,183965.7740889235,21649.277478124946,1141.057930874647,1967.998477968964,1154.8591581307994,False
963652,295,0,52.39609789384876,12.22044589096539,3340507.774719792,160,160,6.0,5.9,82190.80537270902,97237.30031822529,15046.494945516266,0.0,1855.8118681895332,1855.811868189536,False
963652,295,1,19.806074979740387,10.45,2649083.826144854,151,151,6.0,6.0,18598.4732183753,31536.64284757661,12938.169629201311,0.0,1592.271203650164,1592.2712036501634,False
963652,295,2,16.57107392803865,10.81397549203125,3192687.18740076,166,166,6.0,6.0,15146.373661458396,29670.248396693736,14523.87473523534,0.0,1790.4843419044175,1790.4843419044175,False
963652,295,3,45.34175514556103,11.0,5494365.608111095,160,160,6.0,6.0,65742.72750983175,80070.12505775782,14327.397547926066,0.0,1765.9246934907583,1765.924693490757,False
963652,295,4,25.23887438794945,10.0,2702621.910527563,162,162,6.0,6.0,27023.492107737173,39857.0279152803,12833.535807543125,0.0,1579.1919759428906,1579.1919759428902,False
963652,295,5,34.338619597041586,10.0,3766864.443842241,176,176,6.0,5.9,46169.17693864082,60453.18821882169,14284.01128018087,0.0,1760.5014100226088,1760.5014100226085,False
963652,295,6,37.81734939884827,10.0,3270419.8187969825,148,148,6.0,6.0,41767.536356112294,53227.43361786777,11459.897261755474,0.0,1407.4871577194342,1407.4871577194358,False
963652,295,7,18.509986093020817,10.423874999999999,6654834.078526805,174,174,6.0,5.9,18601.36582784373,33112.605185489556,14511.239357645829,0.0,1788.9049197057286,1788.9049197057286,False
963652,295,8,42.4534445332817,11.0,5299958.196091368,176,176,6.0,6.0,68507.58669324267,84661.30920174177,16153.722508499095,0.0,1994.2153135623869,1994.215313562387,False
963652,295,9,143.36743620582587,475.0,7559990.640893666,167,167,6.0,5.700000000000001,57622.687837177786,86256.1466907131,28633.45885353531,2519.136224600239,1979.7222163167642,601.6439225911748,False
963652,296,0,55.015902788541204,11.60942359641712,3424963.526996352,159,159,6.0,5.9,86501.65062838941,101454.38670040977,14952.73607202036,0.0,1844.092009002545,1844.0920090025468,False
963652,296,1,21.78668247771443,10.0,2666966.4138445524,151,151,6.0,6.0,19592.587699698357,31277.63508898419,11685.047389285832,0.0,1435.630923660729,1435.6309236607292,False
963652,296,2,18.228181320842516,10.273276717429688,3208240.4524283293,167,167,6.0,6.0,17768.9022393755,32023.32828108777,14254.426041712271,0.0,1756.803255214034,1756.8032552140335,False
963652,296,3,45.34175514556103,10.45,5558136.335620897,160,160,6.0,6.0,65742.72750983182,80070.12505775789,14327.397547926066,0.0,1765.9246934907583,1765.9246934907585,False
963652,296,4,23.976930668551976,10.0,2726312.697276822,162,162,6.0,6.0,25610.78674925851,38734.81441625609,13124.027666997583,0.0,1615.5034583746979,1615.5034583746985,False
963652,296,5,32.621688617189506,10.0,3809013.8506886167,177,177,6.0,5.9,44419.40684637573,59117.001236461554,14697.59439008583,0.0,1812.1992987607287,1812.1992987607252,False
963652,296,6,41.5990843387331,10.0,3316883.095252521,149,149,6.0,6.0,48553.27645553816,60361.51576683042,11808.23931129226,0.0,1451.0299139115325,1451.0299139115311,False
963652,296,7,20.360984702322902,10.423874999999999,6676007.280951581,174,174,6.0,5.9,22986.95667483322,38193.500074551754,15206.543399718532,0.0,1875.8179249648165,1875.817924964818,False
963652,296,8,42.4534445332817,10.45,5366426.582784578,176,176,6.0,5.9,68507.58669324269,84661.30920174178,16153.722508499095,0.0,1994.2153135623869,1994.2153135623873,False
963652,296,9,129.0306925852433,451.25,7461011.356950883,168,168,6.0,5.600000000000001,-22669.28394278295,15417.700999575605,38086.984942358555,4391.089667665707,1991.442075503753,119.48863243828596,False
963652,297,0,55.015902788541204,11.028952416596264,3437629.6278891615,160,160,6.0,6.0,15230.733279449523,36255.015754666056,21024.282475216532,1196.3346133249838,1855.3261760739515,658.9915627489677,False
963652,297,1,23.965350725485873,10.0,2687856.251201102,151,151,6.0,6.0,22699.83735654952,34374.605559414726,11674.768202865205,0.0,1434.3460253581507,1434.3460253581504,False
963652,297,2,18.228181320842516,10.786940553301173,3225601.4399735555,167,167,6.0,6.0,19162.406617614964,34506.76592079561,15344.359303180645,0.0,1893.0449128975806,1893.0449128975795,False
963652,297,3,43.074667388282975,10.0,5611957.044051758,160,160,6.0,6.0,55720.7084308613,68675.37442653478,12954.66599567348,0.0,1594.333249459185,1594.333249459185,False
963652,297,4,22.778084135124377,10.0,2749344.417779012,162,162,6.0,6.0,24951.720502190114,38767.40722975978,13815.686727569668,0.0,1701.9608409462085,1701.9608409462087,False
963652,297,5,35.88385747890846,10.0,3859976.089535798,178,178,6.0,5.9,53242.23884718135,68775.04963567584,15532.81078849449,0.0,1916.6013485618112,1916.6013485618125,False
963652,297,6,45.75899277260641,10.0,3369604.234508915,150,150,6.0,6.0,54921.13925639412,66799.65824408992,11878.518987695805,0.0,1459.8148734619756,1459.8148734619763,False
963652,297,7,19.342935467206757,10.0,6695851.535730555,174,174,6.0,5.9,21584.25477897356,37148.358606913614,15564.103827940053,0.0,1920.5129784925066,1920.5129784925075,False
963652,297,8,46.69878898660987,10.0,5433918.045207882,177,177,6.0,6.0,69861.46242330373,84544.90529228772,14683.44286898398,0.0,1810.4303586229976,1810.430358622996,False
963652,297,9,116.12762332671896,428.6875,7339766.64571922,169,169,6.0,5.700000000000001,-48196.52373166305,2.557953848736361e-13,48196.52373166305,6394.249313306824,2003.159645641117,2.202709205147248e-15,False
963652,298,0,52.26510764911414,10.47750479576645,3429227.4352429477,161,161,6.0,6.0,-6115.31437407669,22212.90498502332,28328.21935910001,2638.373877881897,1867.0437462113157,425.0044816544028,False
963652,298,1,25.163618261760167,10.0,2710751.5912221223,151,151,6.0,6.0,24405.340021020336,36073.9428043111,11668.60278329076,0.0,1433.575347911345,1433.5753479113446,False
963652,298,2,17.31677225480039,10.247593525636114,3240621.0658330377,168,168,6.0,6.0,17541.221571816277,32975.01377934847,15433.79220753219,0.0,1904.2240259415237,1904.2240259415232,False
963652,298,3,40.92093401886883,10.0,5662627.799989123,160,160,6.0,5.9,52270.75593736518,65221.48917167533,12950.73323431015,0.0,1593.8416542887687,1593.841654288766,False
963652,298,4,23.916988341880597,10.0,2774610.2739930917,162,162,6.0,5.9,26885.85621407944,40699.41457439383,13813.55836031439,0.0,1701.6947950392987,1701.6947950393,False
963652,298,5,34.08966460496303,10.0,3907792.7613447076,178,178,6.0,5.9,49796.671808909705,65327.39301700029,15530.72120809059,0.0,1916.3401510113238,1916.3401510113254,False
963652,298,6,43.47104313397609,10.0,3419501.882949698,151,151,6.0,6.0,51907.64844078279,63859.80317589318,11952.154735110393,0.0,1469.019341888799,1469.0193418887998,False
963652,298,7,21.277229013927435,10.0,6719106.969756035,174,174,6.0,6.0,25295.434025480718,40857.334614066924,15561.900588586204,0.0,1920.2375735732755,1920.237573573276,False
963652,298,8,49.03372843594037,10.0,5505828.703355571,178,178,6.0,6.0,74490.65814768919,89252.46590820837,14761.807760519185,0.0,1820.225970064898,1820.2259700648988,False
963652,298,9,104.51486099404707,450.12187500000005,7206086.1771711055,168,168,6.0,5.600000000000001,-58059.99354808291,2.0605739337042918e-13,58059.99354808291,8385.691388810577,1991.442075503753,1.971560708310809e-15,False
963652,299,0,47.03859688420273,10.0,3393124.989983628,162,162,6.0,6.0,-33882.44525931984,8.313350008393169e-13,33882.44525931984,4214.572021721155,1576.1981438392581,1.7673465109638706e-14,False
963652,299,1,27.679980087936187,10.0,2737028.7686102535,151,151,6.0,6.0,27987.17738813124,39645.39117175593,11658.21378362469,0.0,1432.2767229530862,1432.2767229530866,False
963652,299,2,16.45093364206037,11.272352878199726,3254981.6704501705,168,168,6.0,6.0,16254.359900637328,32030.731078130724,15776.371177493396,0.0,1947.0463971866745,1947.046397186676,False
963652,299,3,38.874887317925385,11.0,5716628.650726523,160,160,6.0,5.9,55760.85073740019,70460.8811760306,14700.030438630405,0.0,1812.5038048288006,1812.5038048287995,False
963652,299,4,25.112837758974628,10.5,2802352.133060132,163,163,6.0,5.9,29953.359067040506,44249.61101156769,14296.251944527186,0.0,1762.0314930658983,1762.0314930658967,False
963652,299,5,34.08966460496303,10.0,3953057.6962246774,179,179,6.0,5.9,47754.93487996964,62659.58842184682,14904.65354187718,0.0,1838.0816927346475,1838.0816927346466,False
963652,299,6,43.47104313397609,11.0,3476846.328866813,151,151,6.0,6.0,59005.44591711495,72558.4100672794,13552.964150164451,0.0,1669.1205187705564,1669.1205187705564,False
963652,299,7,23.40495191532018,10.0,6745461.338783575,174,174,6.0,5.9,28094.369027540517,42988.01776234862,14893.648734808106,0.0,1836.7060918510133,1836.7060918510135,False
963652,299,8,46.58204201414335,10.0,5542123.5544971,179,179,6.0,6.0,38584.851141529376,56008.561134560965,17423.709993031585,584.9845829342978,1787.3483847950122,1202.3638018607153,False
963652,299,9,94.06337489464237,427.61578125,7064849.577802399,169,169,6.0,5.700000000000001,-68169.53233738741,0.0,68169.53233738741,10388.851034451694,2003.159645641117,0.0,False
963652,300,0,42.33473719578246,10.0,3481450.17449831,162,162,6.0,6.0,90045.18451468176,117866.99382107086,27821.8093063891,3005.00357988303,1574.5989258717434,2784.167367709872,False
963652,300,1,30.44797809672981,10.0,2766829.7903169612,152,152,6.0,6.0,32121.021706707943,43839.5723993127,11718.55069260476,0.0,1439.818836575595,1439.8188365755946,False
963652,300,2,15.628386959957352,10.145117590379753,3266381.0454536583,169,169,6.0,6.0,13713.899876232039,28505.608397856202,14791.708521624163,0.0,1823.9635652030204,1823.9635652030202,False
963652,300,3,36.93114295202911,10.45,5766950.011852687,161,161,6.0,5.9,52503.811126194036,67277.39675012392,14773.585623929888,0.0,1821.698202991236,1821.698202991237,False
963652,300,4,23.857195871025894,10.0,2826556.786304303,164,164,6.0,6.0,26444.653244170982,40086.955886269665,13642.302642098683,0.0,1680.2878302623353,1680.2878302623362,False
963652,300,5,34.08966460496303,10.0,3999896.2177477595,180,180,6.0,6.0,49238.52152308234,64598.094410401915,15359.572887319573,0.0,1894.9466109149466,1894.9466109149466,False
963652,300,6,47.818147447373704,10.45,3452742.892057073,152,152,6.0,6.0,-22015.036809711797,0.0,22015.036809711797,1678.079754593215,1678.079754593215,0.0,False
963652,300,7,25.7454471068522,11.0,6778913.506678229,174,174,6.0,5.800000000000001,35566.167894654005,51890.26673726623,16324.098842612231,0.0,2015.512355326529,2015.5123553265284,False
963652,300,8,44.25293991343618,10.0,5513356.831216716,180,180,6.0,6.0,-26466.72328038419,1.8367529719398578e-12,26466.723280384194,2380.507687989121,1795.5231050548236,4.150578414751104e-14,False
963652,300,9,84.65703740517813,448.9965703125,6909582.538212447,170,170,6.0,5.800000000000001,-78337.62263684066,0.0,78337.62263684066,12403.725454804171,2014.8744203524764,0.0,False
963652,301,0,38.10126347620422,10.0,3645075.4836700927,162,162,6.0,6.0,165345.30917178298,179113.0787952952,13767.769623512228,0.0,1695.9712029390284,4700.97478282206,False
963652,301,1,28.925579191893316,10.0,2795128.54673024,152,152,6.0,6.0,29918.756413278606,41633.37443635223,11714.61802307362,0.0,1439.3272528842026,1439.3272528842015,False
963652,301,2,17.191225655953087,10.0,3279862.9998726877,168,168,6.0,6.0,15161.95441902926,28732.927992356275,13570.973573327015,0.0,1671.371696665877,1671.3716966658776,False
963652,301,3,40.62425724723203,10.0,5743625.511236555,160,160,6.0,6.0,-21424.500616131863,2.842170943040401e-14,21424.500616131863,1632.6538935486049,1632.6538935486049,6.996241003850118e-16,False
963652,301,4,23.857195871025894,10.0,2853321.396110421,164,164,6.0,6.0,28404.60980611805,43035.71605656633,14631.10625044828,0.0,1803.888281306035,1803.8882813060347,False
963652,301,5,37.49863106545934,10.0,4057684.17487879,181,181,6.0,6.0,60097.9571310303,76650.70434759786,16552.747216567557,0.0,2044.0934020709444,2044.0934020709408,False
963652,301,6,43.03633270263634,10.0,3422707.49455511,153,153,6.0,6.0,-27905.397501962896,0.0,27905.397501962896,3163.8488875929706,1485.7691329997554,0.0,False
963652,301,7,24.45817475150959,10.45,6809962.52444209,174,174,6.0,5.9,32967.31776389259,49289.30857498195,16321.990811089361,0.0,2015.2488513861701,2015.2488513861713,False
963652,301,8,39.827645922092564,10.0,5477367.522366698,181,181,6.0,6.0,-33679.30885001798,3272.587347029303,36951.89619704728,4241.431369860661,1943.0924184679973,82.1687365964551,False
963652,301,9,76.19133366466032,493.89622734375007,6735962.00637312,171,171,6.0,5.9,-88564.27696351384,0.0,88564.27696351384,14430.313892457478,2026.5884376533063,0.0,False
963652,302,0,36.196200302394004,10.0,3669385.605648095,163,163,6.0,6.0,26440.121978002164,42890.71043419743,16450.588456195263,520.8448767701722,1705.7955090430503,1184.9506322728755,False
963652,302,1,27.479300232298648,10.0,2821098.4656126117,153,153,6.0,5.9,27999.918882371647,39781.4104333313,11781.491550959654,0.0,1447.6864438699567,1447.6864438699565,False
963652,302,2,18.910348221548396,10.0,3296109.4952022517,168,168,6.0,6.0,18026.49532956418,31591.051590795934,13564.556261231755,0.0,1670.5695326539694,1670.5695326539699,False
963652,302,3,36.561831522508825,10.0,5712347.9926462695,160,160,6.0,6.0,-29577.518590285894,1.3145040611561869e-13,29577.518590285894,3264.519210667287,1631.8653171186822,3.595290515867427e-15,False
963652,302,4,22.664336077474598,10.0,2877283.5938541857,165,165,6.0,6.0,26412.197743764842,41130.24894126456,14718.051197499717,0.0,1814.7563996874646,1814.7563996874665,False
963652,302,5,39.37356261873231,10.0,4028900.9606518676,181,181,6.0,6.0,-26773.214226922275,0.0,26773.214226922275,2044.0934020709444,2044.0934020709444,0.0,False
963652,302,6,38.732699432372705,10.0,3385117.1366763986,154,154,6.0,6.0,-35450.35787871166,0.0,35450.35787871166,4658.549921496571,1494.7010339036003,0.0,False
963652,302,7,26.90399222666055,10.9725,6845949.558063455,174,174,6.0,5.800000000000001,37896.24862139072,54218.23943248008,16321.990811089361,0.0,2015.2488513861701,2015.2488513861686,False
963652,302,8,35.84488132988331,10.0,5681173.957880811,182,182,6.0,6.0,206226.43551411285,222053.8194481902,15827.383934077334,0.0,1953.4229917596667,6194.854361620314,False
963652,302,9,68.57220029819429,500.0,6551664.7872213395,171,171,6.0,6.0,-98697.21915178037,0.0,98697.21915178037,16456.902330110785,2026.5884376533063,0.0,False
963652,303,0,38.006010317513706,10.0,3641841.80360099,164,164,6.0,6.0,-25103.80204710466,0.0,25103.80204710466,2236.197004712772,1715.3521279425997,0.0,False
963652,303,1,28.853265243913583,10.0,2849320.276610146,153,153,6.0,5.9,29951.810997534263,41719.03968612907,11767.228688594809,0.0,1445.903586074351,1445.9035860743506,False
963652,303,2,17.964830810470975,10.0,3310450.936550558,169,169,6.0,6.0,16531.441348306187,30163.83506700326,13632.393718697074,0.0,1679.0492148371343,1679.049214837135,False
963652,303,3,32.90564837025794,10.0,5858326.704148045,161,161,6.0,6.0,148088.71150177575,161415.88318590174,13327.171684125984,0.0,1640.896460515748,4905.415671183033,False
963652,303,4,21.53111927360087,10.0,2898696.0562848053,166,166,6.0,6.0,23872.46243061978,38304.817903287905,14432.355472668123,0.0,1779.0444340835154,1779.0444340835145,False
963652,303,5,35.43620635685908,10.0,3990177.629160507,182,182,6.0,6.0,-36403.3314913604,2.3270274596143276e-13,36403.3314913604,4042.775285225227,1998.6818831542828,6.566807508061328e-15,False
963652,303,6,34.85942948913544,10.0,3378286.075271339,155,155,6.0,6.0,-4681.06140505951,33539.481282823035,38220.542687882546,5199.373932379325,1502.9591282482397,962.1351173654812,False
963652,303,7,26.90399222666055,10.423874999999999,6880556.5521574505,175,175,6.0,5.800000000000001,37131.17221905333,53129.38955704173,15998.217337988395,0.0,1974.7771672485494,1974.77716724855,False
963652,303,8,34.05263726338914,10.5,5733650.555645327,182,182,6.0,6.0,54687.59776451654,71741.96754201256,17054.36977749602,0.0,2106.7962221870025,2106.7962221870016,False
963652,303,9,61.71498026837486,475.0,6361309.625881293,171,171,6.0,6.0,-108830.1613400469,0.0,108830.1613400469,18483.49076776409,2026.5884376533063,0.0,False
963652,304,0,34.205409285762336,10.0,3605890.0959423943,165,165,6.0,6.0,-33801.7076585958,2.8398992587956425e-29,33801.7076585958,3960.867976638306,1724.670971925534,8.302485829274151e-31,False
963652,304,1,28.853265243913583,10.0,2877288.5105254636,154,154,6.0,6.0,30108.23391531796,41935.4715918402,11827.23767652224,0.0,1453.40470956528,1453.4047095652797,False
963652,304,2,17.964830810470975,10.0,3325276.6430194923,169,169,6.0,6.0,16515.70646893401,30135.467857251224,13619.761388317213,0.0,1677.4701735396516,1677.4701735396516,False
963652,304,3,31.260365951745044,10.0,5894378.08628011,162,162,6.0,6.0,38171.38213206581,51568.55442476989,13397.172292704083,0.0,1649.6465365880103,1649.6465365880078,False
963652,304,4,20.454563309920825,11.0,2919837.6392772873,166,166,6.0,6.0,23167.582992482014,38377.395804702144,15209.812812220129,0.0,1876.226601527516,1876.226601527515,False
963652,304,5,31.892585721173173,10.0,3947360.4561145743,183,183,6.0,6.0,-40487.17304593293,5274.584607742263,45761.75765367519,5890.83635240227,2013.4469864579798,165.38591928093552,False
963652,304,6,31.373486540221894,10.0,3574170.4818408736,156,156,6.0,6.0,198244.40656953465,210533.97426793288,12289.567698398218,0.0,1511.1959622997772,6710.569894679096,False
963652,304,7,25.55879261532752,11.4662625,6913621.252616374,176,176,6.0,5.800000000000001,35582.76265888821,52085.825605324506,16503.062946436297,0.0,2037.8828683045372,2037.8828683045388,False
963652,304,8,35.755269126558595,10.0,5705310.123316197,183,183,6.0,6.0,-25710.4323291303,0.0,25710.4323291303,1962.3409483946384,1962.3409483946384,0.0,False
963652,304,9,55.543482241537376,475.0,6159894.279972761,172,172,6.0,6.0,-119115.34590853154,0.0,119115.34590853154,20521.790157741867,2038.2993899777748,0.0,False
963652,305,0,30.784868357186102,10.0,3561083.84872952,166,166,6.0,6.0,-42546.24721287418,5.684341886080801e-13,42546.24721287418,5694.860848152356,1733.9928715140497,1.8464726956527354e-14,False
963652,305,1,27.410601981717903,10.0,2903530.5409344747,154,154,6.0,6.0,27982.030409010837,39797.13866193547,11815.10825292463,0.0,1451.8885316155788,1451.8885316155784,False
963652,305,2,18.863072350994525,10.0,3341395.2347235405,169,169,6.0,5.9,18008.5917040481,31618.125298754265,13609.533594706165,0.0,1676.1916993382706,1676.1916993382708,False
963652,305,3,29.69734765415779,10.0,5908672.915154459,162,162,6.0,6.0,15914.828874348677,32132.70018645426,16217.871312105584,566.2942700098649,1648.2999952570324,1082.0057252471672,False
963652,305,4,19.431835144424785,11.55,2938781.1837747497,167,167,6.0,6.0,21372.39449743112,36668.7594991268,15296.365001695678,0.0,1887.0456252119598,1887.0456252119598,False
963652,305,5,28.703327149055855,10.0,4155805.422940728,184,184,6.0,6.0,210784.96682615334,227174.96895284485,16390.002126691514,0.0,2023.7502658364392,7914.5866182386935,False
963652,305,6,32.94216086723299,10.0,3552046.013868558,157,157,6.0,6.0,-19954.467972315433,0.0,19954.467972315433,1519.5744594088794,1519.5744594088794,0.0,False
963652,305,7,24.280852984561143,12.039575625,6943855.060995138,177,177,6.0,5.9,33164.81326442639,49759.43990766955,16594.62664324316,0.0,2049.328330405395,2049.3283304053953,False
963652,305,8,32.179742213902735,10.0,5667021.749258263,184,184,6.0,6.0,-35648.374057933266,6.310887241768097e-29,35648.374057933266,3934.3924342377213,1972.051485843083,1.9611366678511116e-30,False
963652,305,9,49.98913401738364,451.25,5952672.43711434,172,172,6.0,6.0,-129306.84285842042,0.0,129306.84285842042,22560.089547719643,2038.2993899777748,0.0,False
963652,306,0,27.706381521467492,10.0,3749837.222124734,167,167,6.0,6.0,191023.37339521403,204798.4220618438,13775.048666629778,0.0,1696.8810833287223,7391.7419314810795,False
963652,306,1,28.7811320808038,10.0,2882105.0156170507,155,155,6.0,6.0,-19175.525317424093,6.25277607468888e-13,19175.525317424093,1459.6557936480071,1459.6557936480071,2.1725261039538135e-14,False
963652,306,2,19.80622596854425,10.5,3361007.2759156344,170,170,6.0,5.9,21897.041192093893,37070.18587082043,15173.144678726538,0.0,1871.6430848408172,1871.6430848408156,False
963652,306,3,28.212480271449902,10.0,5900404.518191755,163,163,6.0,6.0,-6138.396962703735,15192.123885770465,21330.5208484742,1642.5353194607064,1614.7305313963334,538.4894819454918,False
963652,306,4,19.431835144424785,12.127500000000001,2958674.4414877584,167,167,6.0,6.0,21918.550212999515,37597.1150688173,15678.564855817785,0.0,1934.8206069772232,1934.8206069772234,False
963652,306,5,27.268160791603062,10.0,4191333.4540664377,185,185,6.0,6.0,38078.031125710084,54170.790809298145,16092.759683588058,0.0,1986.5949604485072,1986.5949604485045,False
963652,306,6,29.647944780509693,10.0,3522204.6405343716,158,158,6.0,6.0,-27661.373334186406,0.0,27661.373334186406,3047.536077650572,1527.9616182416928,0.0,False
963652,306,7,25.494895633789202,11.437596843749999,6976447.5732937455,177,177,6.0,5.9,34816.96693992031,51029.39372904136,16212.426789121046,0.0,2001.5533486401307,2001.5533486401282,False
963652,306,8,28.961767992512463,10.0,5619666.129870807,185,185,6.0,6.0,-45005.619387455794,6.941975965944906e-29,45005.619387455794,5867.7506816428895,1933.3582474051682,2.3969448162624695e-30,False
963652,306,9,44.99022061564528,428.6875,5739439.847306031,172,172,6.0,5.9,-139498.3398083093,0.0,139498.3398083093,24598.38893769742,2038.2993899777748,0.0,False
963652,307,0,26.321062445394116,10.0,3725711.1656068377,167,167,6.0,6.0,-22256.056517896475,1.3677947663381916e-12,22256.056517896475,1696.6197321458828,1696.6197321458828,5.1965788583794045e-14,False
963652,307,1,25.903018872723422,10.0,2943843.5787350987,156,156,6.0,6.0,63898.56311804799,75845.88762656736,11947.32450851937,0.0,1468.4155635649213,2928.071357212928,False
963652,307,2,18.81591467011704,11.025,3379541.8424375025,170,170,6.0,5.9,20608.81652185208,36200.07442764465,15591.257905792567,0.0,1923.9072382240709,1923.9072382240709,False
963652,307,3,25.391232244304913,10.0,5968258.278704743,163,163,6.0,6.0,69583.76051298797,82699.58584504621,13115.825332058244,0.0,1614.4781665072805,3257.013485967984,False
963652,307,4,18.460243387203544,12.733875000000001,2976289.2372507155,167,167,6.0,6.0,20041.352887943183,35721.95091127814,15680.598023334953,0.0,1935.074752916869,1935.0747529168677,False
963652,307,5,25.904752752022908,10.0,4224237.741955849,186,186,6.0,6.0,35564.28788941168,51744.08426403448,16179.796374622798,0.0,1997.4745468278497,1997.4745468278506,False
963652,307,6,26.683150302458724,10.0,3484592.4694218985,159,159,6.0,6.0,-35422.17111247318,0.0,35422.17111247318,4584.804594898289,1537.2685172477165,0.0,False
963652,307,7,24.220150852099742,10.865717001562498,7005751.468781521,177,177,6.0,5.9,31427.12739699838,47226.05871909724,15798.931322098857,0.0,1949.8664152623571,1949.8664152623567,False
963652,307,8,26.065591193261216,10.0,5630940.744882638,186,186,6.0,6.0,13734.615011830887,57509.158979203676,43774.54396737279,5605.073186048823,1943.6472546410841,2206.3247502351537,False
963652,307,9,40.49119855408075,407.25312499999995,5520161.968553083,171,171,6.0,6.0,-149537.59437798007,0.0,149537.59437798007,26624.977375350725,2026.5884376533063,0.0,False
963652,308,0,23.688956200854705,10.0,3786429.91168824,168,168,6.0,6.0,63198.746081401834,77659.70344922926,14460.957367827426,123.64986499486251,1705.3385053566392,3278.3083725076613,False
963652,308,1,24.60786792908725,10.0,2922917.8430177597,156,156,6.0,6.0,-19265.735717338765,0.0,19265.735717338765,1466.595055179905,1466.595055179905,0.0,False
963652,308,2,20.697506137128745,11.576250000000002,3401424.744320112,171,171,6.0,5.9,24362.440632596692,40037.88304929219,15675.4424166955,0.0,1934.4303020869374,1934.4303020869372,False
963652,308,3,24.121670632089668,10.0,5945159.732049889,163,163,6.0,6.0,-21168.54665485393,0.0,21168.54665485393,1612.965127296456,1612.965127296456,0.0,False
963652,308,4,20.3062677259239,13.370568750000002,2996994.381544879,168,168,6.0,6.0,23751.399844156975,39521.611952383355,15770.21210822638,0.0,1946.2765135282975,1946.2765135282975,False
963652,308,5,28.495228027225203,10.0,4195925.099200589,186,186,6.0,6.0,-26152.642755260356,0.0,26152.642755260356,1996.3571350200273,1996.3571350200273,0.0,False
963652,308,6,24.014835272212853,10.0,3439178.655595664,160,160,6.0,6.0,-43213.81382623458,1.607602939657227e-12,43213.81382623458,6130.173121955453,1545.3685270571643,6.694207648875095e-14,False
963652,308,7,23.009143309494753,10.322431151484372,7032631.097995582,178,178,6.0,5.800000000000001,29217.02195907401,45096.542823114185,15879.520864040178,0.0,1959.9401080050222,1959.9401080050225,False
963652,308,8,23.459032073935095,10.0,5789946.928969255,187,187,6.0,6.0,161476.18408661676,177297.64980010904,15821.465713492264,0.0,1952.683214186533,7557.756400235337,False
963652,308,9,36.44207869867268,427.61578125,5286289.275231548,172,172,6.0,5.9,-159822.7789464647,0.0,159822.7789464647,28663.2767653285,2038.2993899777748,0.0,False
963652,309,0,23.688956200854705,10.0,3761772.503276099,168,168,6.0,6.0,-22977.408412140743,1.0590457652592081e-28,22977.408412140743,1828.2005640076648,1704.5506990128022,4.47063077106368e-30,False
963652,309,1,22.147081136178524,10.0,2963410.845482811,157,157,6.0,6.0,42663.002465051104,56589.414354327026,13926.411889275925,385.9895360141759,1474.5580261506307,2555.1635453163613,False
963652,309,2,20.697506137128745,10.997437500000002,3423341.087146459,172,172,6.0,5.800000000000001,24507.90207633537,40274.99174543946,15767.089669104093,0.0,1945.8862086380116,1945.886208638013,False
963652,309,3,21.709503568880702,10.0,6000072.875795851,164,164,6.0,6.0,57053.1437459629,70228.94345845735,13175.799712494445,0.0,1621.9749640618056,3234.940091358257,False
963652,309,4,19.290954339627703,12.702040312500001,3016638.6377291246,168,168,6.0,6.0,21778.19895671974,37550.451431133275,15772.252474413533,0.0,1946.5315593016917,1946.531559301693,False
963652,309,5,25.645705224502684,10.0,4157286.862680562,187,187,6.0,6.0,-36268.23652002703,0.0,36268.23652002703,4003.0072000144037,2006.6500649943762,0.0,False
963652,309,6,21.61335174499157,10.0,3590416.295589841,161,161,6.0,6.0,153447.63999417683,166078.99559148925,12631.355597312428,0.0,1553.9194496640534,7684.092571619509,False
963652,309,7,24.15960047496949,10.0,7004420.532026878,179,179,6.0,5.9,-25820.565968704796,0.0,25820.565968704796,1970.8127668234458,1970.8127668234458,0.0,False
963652,309,8,22.28608047023834,10.0,5761656.173861564,188,188,6.0,6.0,-25710.755107690245,9.61009050115535e-13,25710.755107690245,1962.3657775146341,1962.3657775146341,4.31214924220929e-14,False
963652,309,9,32.797870828805415,406.2349921875,5046661.058051355,171,171,6.0,6.0,-169862.0335161355,0.0,169862.0335161355,30689.865202981808,2026.5884376533063,0.0,False
963652,310,0,21.320060580769233,10.0,3821183.9688533028,169,169,6.0,6.0,61601.46557720375,75509.58268995388,13908.117112750126,0.0,1713.5146390937657,3541.7152031014293,False
963652,310,1,21.039727079369598,10.0,2988383.4443706153,158,158,6.0,6.0,27252.5988878044,39312.65348981114,12060.05460200674,0.0,1482.5068252508424,1868.4963612650172,False
963652,310,2,22.76725675084162,10.447565625000001,3395196.56652829,173,173,6.0,5.800000000000001,-25637.09176505157,6.235012506294877e-13,25637.09176505157,1956.6993665424284,1956.6993665424284,2.738587513870942e-14,False
963652,310,3,20.624028390436667,10.0,6018692.76916353,164,164,6.0,5.9,20259.893367678596,33425.57610215531,13165.682734476713,0.0,1620.7103418095892,1620.7103418095908,False
963652,310,4,21.220049773590475,12.066938296875001,3040041.264477261,168,168,6.0,6.0,25529.872382014244,41300.084490240624,15770.21210822638,0.0,1946.2765135282975,1946.2765135282984,False
963652,310,5,23.081134702052417,10.0,4108379.3142780988,188,188,6.0,6.0,-46427.54840246313,3.4283687000424834e-13,46427.54840246313,6019.354307890643,2016.3471078762395,1.4853553537546083e-14,False
963652,310,6,20.53268415774199,10.0,3607865.8335512048,161,161,6.0,6.0,19259.53796136397,31881.163028388703,12621.625067024732,0.0,1552.7031333780915,1552.7031333780922,False
963652,310,7,21.743640427472542,10.0,7058394.691745547,180,180,6.0,6.0,56374.15971866902,74948.52519526517,18574.36547659616,505.0408545664818,1981.1451504704687,3446.917062727435,False
963652,310,8,20.057472423214506,10.0,5822583.191758235,188,188,6.0,5.9,62807.017896670885,78696.48885702455,15889.47096035367,0.0,1961.1838700442088,3923.5496475588466,False
963652,310,9,29.518083745924873,446.85849140625004,4789154.17944493,172,172,6.0,5.9,-180147.2180846201,0.0,180147.2180846201,32728.164592959583,2038.2993899777748,0.0,False
963652,311,0,20.25405755173077,11.0,3841982.1342480397,170,170,6.0,6.0,23368.165394736734,38954.523942666325,15586.35854792959,0.0,1923.2948184911988,1923.2948184911988,False
963652,311,1,22.09171343333808,10.0,2967251.0267788256,158,158,6.0,6.0,-19452.417591789912,0.0,19452.417591789912,1480.955199368455,1480.955199368455,0.0,False
963652,311,2,20.49053107575746,10.0,3454228.7065921226,174,174,6.0,5.9,61372.14006383257,75328.69261232544,13956.55254849287,0.0,1719.5690685616087,3676.268435104033,False
963652,311,3,22.686431229480334,10.0,5995128.125662046,164,164,6.0,6.0,-21824.643501485054,0.0,21824.643501485054,1663.4341154988504,1663.4341154988504,0.0,False
963652,311,4,22.28105226227,13.273632126562502,3012109.6996041588,168,168,6.0,6.0,-25501.59467586787,0.0,25501.59467586787,1946.2765135282975,1946.2765135282975,0.0,False
963652,311,5,20.773021231847174,10.0,4256726.91361316,189,189,6.0,6.0,150737.5993350614,167157.67696597788,16420.07763091649,0.0,2027.5097038645613,8046.864011755209,False
963652,311,6,21.55931836562909,10.0,3585153.098867977,162,162,6.0,6.0,-20492.73468322793,5.453415496958769e-13,20492.73468322793,1560.979591017533,1560.979591017533,2.529493467498893e-14,False
963652,311,7,20.656458406098913,10.0,7091439.044633998,181,181,6.0,6.0,35454.35288845123,51596.88383885614,16142.530950404913,0.0,1992.816368800614,2497.857223367096,False
963652,311,8,21.060346044375233,10.0,5829853.365346279,189,189,6.0,6.0,9760.1735880444,28764.028945033184,19003.855356988784,605.963705354603,1971.7546037769712,1365.7908984223666,False
963652,311,9,26.566275371332384,402.17264226562503,4529641.769940764,172,172,6.0,5.800000000000001,-190338.715034509,0.0,190338.715034509,34766.463982937355,2038.2993899777748,0.0,False
963652,312,0,19.24135467414423,10.45,3861077.196431072,170,170,6.0,6.0,20871.562183063972,36067.30801183304,15195.74582876907,0.0,1874.4682285961337,1874.4682285961321,False
963652,312,1,20.987127761671175,10.0,2938100.568377793,159,159,6.0,6.0,-26960.45840103262,0.0,26960.45840103262,2969.8538458446355,1488.8986464761808,0.0,False
963652,312,2,19.466004521969587,10.0,3471016.7933205585,175,175,6.0,6.0,19138.086728435905,32830.554268550964,13692.467540115058,0.0,1686.5584425143823,1686.558442514383,False
963652,312,3,20.417788106532303,10.0,6021965.851717568,164,164,6.0,6.0,28577.726055522056,46730.44734209226,18152.721286570202,996.1918478741674,1621.4702558999209,2288.712523524607,False
963652,312,4,20.052947036042998,12.609950520234376,3071800.5484637124,169,169,6.0,6.0,62421.930497450165,78281.7359100979,15859.805412647727,0.0,1957.475676580966,3903.7521901092623,False
963652,312,5,19.734370170254813,10.0,4277560.843223289,189,189,6.0,6.0,23023.92961012813,39057.027951612494,16033.098341484367,0.0,1979.1372926855458,1979.1372926855454,False
963652,312,6,19.403386529066182,10.5,3633964.572079073,163,163,6.0,6.0,51122.973211096,66079.77044074966,14956.797229653665,0.0,1844.599653706708,3405.5792447242384,False
963652,312,7,20.656458406098913,10.0,7063915.740167729,181,181,6.0,6.0,-25513.304466268783,6.057376822354854e-13,25513.304466268783,1947.17726663606,1947.17726663606,2.9324372567982834e-14,False
963652,312,8,20.00732874215647,10.0,5862557.864176227,190,190,6.0,6.0,35104.498829948025,50748.92232755275,15644.423497604721,0.0,1930.5529372005901,2536.5166425551934,False
963652,312,9,23.909647834199145,382.06401015234377,4262262.250840705,173,173,6.0,5.9,-200682.44534366016,0.0,200682.44534366016,36816.473631319925,2050.009648382567,0.0,False
963652,313,0,20.20342240785144,10.0,3836561.0210372703,170,170,6.0,6.0,-22616.17539380177,2.4158453015843406e-13,22616.17539380177,1724.3211841385976,1724.3211841385976,1.1957604275231588e-14,False
963652,313,1,18.88841498550406,10.0,3008205.8717423794,160,160,6.0,6.0,72205.30336458643,84388.29372613374,12182.990361547307,0.0,1497.8737951934133,4467.727641038046,False
963652,313,2,20.439304748068068,10.0,3447281.8526457488,174,174,6.0,5.9,-21994.940674809786,0.0,21994.940674809786,1676.5338980622912,1676.5338980622912,0.0,False
963652,313,3,18.376009295879072,10.0,6054744.93065661,165,165,6.0,6.0,35029.07893904168,48276.907096827286,13247.828157785603,0.0,1630.9785197232004,2627.1703675973686,False
963652,313,4,19.050299684240848,13.240448046246096,3082707.605915362,169,169,6.0,6.0,13444.69317150418,30962.107620561914,17517.414449057735,331.9353154091571,1957.2172340014936,1625.2819185923347,False
963652,313,5,17.76093315322933,10.0,4294866.062102216,190,190,6.0,6.0,19705.218878928055,36219.41225896784,16514.193380039782,0.0,2039.2741725049727,2039.2741725049705,False
963652,313,6,18.433217202612873,11.55,3650719.1121701235,162,162,6.0,6.0,18925.640091020337,33790.83087127597,14865.190780255629,0.0,1833.1488475319536,1833.1488475319536,False
963652,313,7,18.590812565489024,10.0,7118731.090741871,182,182,6.0,6.0,57235.350574142765,73476.2296640277,16240.879089884944,0.0,2005.109886235618,3952.287152871682,False
963652,313,8,19.006962305048646,10.0,5882080.716470256,189,189,6.0,6.0,21512.85229402936,37494.02911086659,15981.176816837233,0.0,1972.647102104654,1972.6471021046534,False
963652,313,9,21.51868305077923,382.06401015234377,3984098.3992547756,174,174,6.0,6.0,-211084.71381937794,0.0,211084.71381937794,38878.19252845672,2061.7188971367937,0.0,False
963652,314,0,18.183080167066297,10.0,3883054.4928892385,171,171,6.0,6.0,48803.47185196822,62869.6115562109,14066.139704242674,0.0,1733.2674630303343,3457.5886471689264,False
963652,314,1,18.88841498550406,10.0,3021985.574937162,161,161,6.0,6.0,16189.703194782436,28431.641872984786,12241.93867820235,0.0,1505.2423347752938,1505.2423347752942,False
963652,314,2,18.39537427326126,10.0,3493082.8514033514,175,175,6.0,6.0,48150.998757602734,61826.631099943676,13675.632342340938,0.0,1684.4540427926172,3360.987940854906,False
963652,314,3,17.45720883108512,10.0,6067889.639709495,166,166,6.0,5.9,15304.709052884737,28620.383522858963,13315.674469974227,0.0,1639.4593087467783,1639.4593087467783,False
963652,314,4,18.097784700028804,14.564492850870707,3105315.514210766,170,170,6.0,6.0,25683.87208007942,41631.150357788465,15947.278277709043,0.0,1968.4097847136304,2300.3451001227904,False
963652,314,5,16.872886495567865,10.0,4310052.398338415,190,190,6.0,6.0,17386.336236198273,33442.58436468081,16056.248128482543,0.0,1982.0310160603178,1982.031016060319,False
963652,314,6,17.51155634248223,12.705000000000002,3665691.5493154093,162,162,6.0,6.0,17230.647145297742,32091.252848653236,14860.605703355493,0.0,1832.5757129194367,1832.5757129194355,False
963652,314,7,19.520353193763476,10.0,7090690.658412741,183,183,6.0,6.0,-25710.4323291303,4.3520742565306157e-13,25710.4323291303,1962.3409483946384,1962.3409483946384,2.2295058974245673e-14,False
963652,314,8,18.056614189796214,10.5,5900418.550255481,190,190,6.0,6.0,20832.833785224575,37764.37653969574,16931.542754471164,0.0,2091.4428443088955,2091.4428443088946,False
963652,314,9,19.36681474570131,401.167210659961,3726621.6572903683,175,175,6.0,6.0,-186772.48009891703,27637.71271633478,214410.19281525182,39524.55455612901,2073.427504325846,1427.0654766535263,False
963652,315,0,17.27392615871298,10.0,3896194.95583176,171,171,6.0,6.0,15050.462942521748,28406.024185108323,13355.561242586575,0.0,1644.4451553233218,1644.4451553233196,False
963652,315,1,20.77725648405447,10.0,2999991.6092065354,162,162,6.0,6.0,-19873.965730626434,0.0,19873.965730626434,1513.3819792789566,1513.3819792789566,0.0,False
963652,315,2,18.39537427326126,11.0,3465824.656382595,176,176,6.0,6.0,-24822.19502075612,0.0,24822.19502075612,1894.0150015966246,1894.0150015966246,0.0,False
963652,315,3,19.202929714193633,11.0,6041419.863589358,167,167,6.0,5.9,-24132.776120137667,0.0,24132.776120137667,1840.9827784721283,1840.9827784721283,0.0,False
963652,315,4,17.192895465027362,13.836268208327171,3120656.366013665,170,170,6.0,6.0,17893.017398336317,33838.23496741912,15945.217569082804,0.0,1968.1521961353506,1968.152196135351,False
963652,315,5,16.872886495567865,10.0,4325112.109311567,190,190,6.0,6.0,16959.710973152287,32631.30388193014,15671.592908777853,0.0,1933.9491135972316,1933.9491135972296,False
963652,315,6,17.51155634248223,13.340250000000003,3639310.7437279634,162,162,6.0,6.0,-24019.68508746316,1.1244338793403602e-12,24019.68508746316,1832.283468266397,1832.283468266397,6.421096202697503e-14,False
963652,315,7,17.56831787438713,10.0,7053906.359953022,183,183,6.0,6.0,-34954.29845971865,1.2483723825122514e-28,34954.29845971865,3881.0020036058277,1918.661055211189,7.10581622804227e-30,False
963652,315,8,19.862275608775835,10.0,5873268.141101143,191,191,6.0,6.0,-24740.40915433806,0.0,24740.40915433806,1887.7237811029277,1887.7237811029277,0.0,False
963652,315,9,17.43013327113118,441.28393172595713,3762566.6302001304,176,176,6.0,6.0,114110.94489355996,263463.4622183836,149352.51732482365,26494.28784193673,2085.1347643924987,15115.401478584643,False
963652,316,0,17.27392615871298,10.0,3872833.89315843,171,171,6.0,6.0,-21551.062673330493,0.0,21551.062673330493,1642.389436410038,1642.389436410038,0.0,False
963652,316,1,18.69953083564902,10.0,2970329.4392583296,163,163,6.0,6.0,-27532.16994820578,0.0,27532.16994820578,3033.7865986490333,1520.404619370077,0.0,False
963652,316,2,16.555836845935136,10.45,3428958.06351462,177,177,6.0,6.0,-34416.94286794196,0.0,34416.94286794196,3797.620221593458,1903.6052199968333,0.0,False
963652,316,3,17.28263674277427,10.45,6005594.802068902,168,168,6.0,6.0,-33469.46152042434,0.0,33469.46152042434,3692.1018267847203,1851.1190483125918,0.0,False
963652,316,4,18.9121850115301,13.144454797910813,3091777.224216861,171,171,6.0,6.0,-25931.44002639231,0.0,25931.44002639231,1979.3415404917162,1979.3415404917162,0.0,False
963652,316,5,17.71653082034626,10.0,4297054.73873695,191,191,6.0,6.0,-25447.37057461663,0.0,25447.37057461663,1942.1054288166638,1942.1054288166638,0.0,False
963652,316,6,15.760400708234007,12.673237500000003,3603326.877359128,163,163,6.0,6.0,-33318.12865637105,1.7763568394002505e-15,33318.12865637105,3675.107415577095,1842.8239473106976,1.1271013169558528e-16,False
963652,316,7,15.811486086948417,10.0,7006903.722556224,184,184,6.0,5.9,-44662.637396797814,0.0,44662.637396797814,5808.511801972649,1927.5097983668215,0.0,False
963652,316,8,17.87604804789825,10.0,5836468.967313159,192,192,6.0,6.0,-34279.17378798417,0.0,34279.17378798417,3783.1510797544297,1895.4272986515023,0.0,False
963652,316,9,15.687119944018061,419.21973513965924,4018625.0437351293,177,177,6.0,6.0,330860.30665469327,372168.3931854482,41308.08653075492,4866.672157686031,2096.8407177905956,23724.456402041244,False
963652,317,0,15.546533542841685,10.0,3840097.075652911,172,172,6.0,6.0,-30416.817505519015,0.0,30416.817505519015,3335.071768984563,1692.682332574525,0.0,False
963652,317,1,16.82957775208412,10.0,2932863.3952936875,164,164,6.0,6.0,-35226.04396464223,0.0,35226.04396464223,4561.256673371885,1527.4700747228512,0.0,False
963652,317,2,14.900253161341624,10.9725,3477787.745499185,177,177,6.0,6.0,50871.81448459103,71421.12075580306,20549.306271212026,952.6160846615132,1948.2782309880574,4793.282367920001,False
963652,317,3,15.554373068496842,10.0,5963573.949300506,169,169,6.0,6.0,-39730.85276839607,0.0,39730.85276839607,5312.89749097491,1620.79566419019,0.0,False
963652,317,4,17.02096651037709,12.487232058015271,3053155.8185838545,172,172,6.0,6.0,-35973.60171905788,0.0,35973.60171905788,3969.871849460893,1990.5303089691768,0.0,False
963652,317,5,15.944877738311636,10.0,4259460.437132058,192,192,6.0,6.0,-35174.30160489186,0.0,35174.30160489186,3885.4726950327054,1943.3672662160416,0.0,False
963652,317,6,14.184360637410606,12.039575625000001,3664143.1323511703,164,164,6.0,6.0,63390.74539457698,78417.43109783308,15026.685703256097,0.0,1853.335712907012,5528.443128484105,False
963652,317,7,14.230337478253576,10.0,7098932.094257263,185,185,6.0,6.0,94478.37170103854,110114.18211035668,15635.810409318135,0.0,1929.476301164767,7737.988103137416,False
963652,317,8,16.088443243108426,10.5,5787819.4678301895,193,193,6.0,6.0,-46022.9994829701,0.0,46022.9994829701,5852.939086231196,2069.7880064767655,0.0,False
963652,317,9,14.118407949616255,398.25874838267623,4028545.574663962,178,178,6.0,6.0,81410.58814097013,98478.93084443924,17068.342703469116,0.0,2108.5428379336395,6975.214995619668,False
963652,318,0,13.991880188557516,10.0,3894223.740693134,173,173,6.0,6.0,56656.66504022307,70465.40234150004,13808.737301276964,0.0,1701.0921626596205,5036.163931644173,False
963652,318,1,15.146619976875709,10.0,2887754.421391599,165,165,6.0,5.9,-42958.97390208839,0.0,42958.97390208839,6096.079022235652,1534.8223488637668,0.0,False
963652,318,2,13.410227845207462,10.423874999999999,3498503.617984587,178,178,6.0,6.0,23171.322235377665,39040.1979932725,15868.875757894833,0.0,1958.6094697368542,2911.225554398366,False
963652,318,3,13.998935761647157,10.0,6045318.714856896,170,170,6.0,6.0,83944.76555638967,97173.54967436868,13228.784117979014,0.0,1628.5980147473767,6941.495505722282,False
963652,318,4,15.318869859339381,11.862870455114507,3005690.320209337,172,172,6.0,6.0,-45325.08465621407,0.0,45325.08465621407,5914.158419377017,1944.2865699161237,0.0,False
963652,318,5,14.350389964480472,10.0,4294011.141516107,193,193,6.0,6.0,37080.70438404937,61463.73684768018,24383.03246363081,1615.557482848484,2013.155631173549,4283.070843357765,False
963652,318,6,13.475142605540075,13.243533187500002,3671616.261220706,165,165,6.0,6.0,10258.311845480926,25739.465377297347,15481.15353181642,0.0,1910.1441914770526,1910.1441914770537,False
963652,318,7,13.518820604340897,10.0,7107533.319433994,185,185,6.0,6.0,10751.225176731177,26825.957786256273,16074.732609525096,0.0,1984.341576190637,1984.3415761906367,False
963652,318,8,14.479598918797583,10.0,5730303.569362168,194,194,6.0,6.0,-54975.89846802165,0.0,54975.89846802165,7815.339319836247,1962.4002336050519,0.0,False
963652,318,9,13.412487552135442,358.4328735444086,3974961.876894036,179,179,6.0,5.9,11275.786594500569,28437.72726811619,17161.94067361562,0.0,2120.2425842019525,2120.242584201954,False
963652,319,0,13.29228617912964,10.0,3900530.8343574046,174,174,6.0,6.0,8847.093664270913,22722.98851659167,13875.894852320758,0.0,1709.4868565400948,1709.4868565400945,False
963652,319,1,13.631957979188138,10.0,2977081.1686125263,166,166,6.0,6.0,91586.74722092744,104123.84800768096,12537.10078675353,0.0,1542.1375983441912,7638.216620579851,False
963652,319,2,12.73971645294709,10.945068749999999,3505534.7779422235,178,178,6.0,6.0,9079.382195147942,24941.723666023314,15862.341470875372,0.0,1957.7926838594215,1957.7926838594217,False
963652,319,3,13.998935761647157,10.0,6021435.941845208,171,171,6.0,6.0,-21472.773011687015,0.0,21472.773011687015,1636.3671547451552,1636.3671547451552,0.0,False
963652,319,4,13.786982873405444,11.26972693235878,2958337.154216259,173,173,6.0,6.0,-44903.50323375303,7543.60771495172,52447.11094870475,7321.780266732092,1954.7762018805365,547.1543545254594,False
963652,319,5,12.915350968032426,10.0,4322178.056192305,194,194,6.0,6.0,30606.914676197724,46987.11884201834,16380.204165820613,0.0,2022.5255207275766,3638.0830035760564,False
963652,319,6,14.822656866094084,12.581356528125001,3643850.2639089217,166,166,6.0,6.0,-25177.49212810064,0.0,25177.49212810064,1921.3455483154337,1921.3455483154337,0.0,False
963652,319,7,13.518820604340897,10.0,7116229.799632236,185,185,6.0,5.9,10746.48019824261,26814.334557751958,16067.854359509347,0.0,1983.4817949386684,1983.48179493867,False
963652,319,8,13.031639026917825,10.0,5839318.381299163,195,195,6.0,6.0,111564.81193699494,127534.03702639753,15969.225089402596,0.0,1971.1531361753246,9786.492456011592,False
963652,319,9,14.083111929742214,358.4328735444086,3881728.7212973037,180,180,6.0,6.0,-27915.2383587614,0.0,27915.2383587614,2131.9414122124153,2131.9414122124153,0.0,False
963652,320,0,12.627671870173158,10.0,3905733.031471175,175,175,6.0,6.0,7752.197113770466,21699.407092118254,13947.209978347788,0.0,1718.4012472934735,1718.4012472934728,False
963652,320,1,12.95036008022873,10.0,2982184.1913517932,167,167,6.0,6.0,7473.022739267206,20072.965555407023,12599.942816139817,0.0,1549.9928520174772,1549.9928520174778,False
963652,320,2,12.102730630299734,10.397815312499999,3511515.1535829175,178,178,6.0,6.0,7831.186766359171,23691.365296329943,15860.178529970772,0.0,1957.5223162463465,1957.522316246347,False
963652,320,3,12.599042185482443,10.0,6046896.435661163,172,172,6.0,6.0,27980.493815955117,41337.72907900083,13357.23526304571,0.0,1644.6544078807137,3281.0215626258673,False
963652,320,4,12.4082845860649,10.706240585740842,3055751.5024958765,173,173,6.0,6.0,99266.52790091594,115102.16939630524,15835.64149538929,0.0,1954.4551869236614,9276.235453655738,False
963652,320,5,14.20688606483567,10.0,4301652.553543197,195,195,6.0,6.0,-18075.50264910827,6319.009656927835,24394.512306036107,1587.402492071764,2032.187480709661,444.7849886378973,False
963652,320,6,13.340391179484676,11.95228870171875,3677007.6112482287,167,167,6.0,6.0,35753.37955248514,51415.73502434297,15662.355471857829,0.0,1932.7944339822286,3854.1399822976628,False
963652,320,7,14.194761634557942,10.0,7087550.896909406,186,186,6.0,5.9,-26118.902722829982,0.0,26118.902722829982,1993.7617479099988,1993.7617479099988,0.0,False
963652,320,8,12.380057075571933,10.0,5845498.117790081,195,195,6.0,6.0,8429.736490917468,24391.606881230822,15961.870390313354,0.0,1970.2337987891692,1970.233798789169,False
963652,320,9,12.674800736767994,376.35451722162907,3850773.2420642553,180,180,6.0,5.9,36788.33386681297,54043.865164512295,17255.531297699323,0.0,2131.9414122124153,4263.882824424835,False
963652,321,0,11.9962882766645,10.0,3910838.6589294537,175,175,6.0,6.0,6855.62745827871,21179.988805238758,14324.361346960048,0.0,1765.545168370006,1765.5451683700064,False
963652,321,1,12.95036008022873,10.0,2987882.004363988,167,167,6.0,6.0,7467.813012194907,20059.33667984795,12591.523667653044,0.0,1548.9404584566305,1548.9404584566316,False
963652,321,2,13.313003693329708,10.0,3518017.8140095104,179,179,6.0,6.0,8892.660426592925,22783.83920444085,13891.178777847925,0.0,1711.3973472309906,1711.397347230991,False
963652,321,3,11.96909007620832,10.0,6051010.977628143,173,173,6.0,6.0,6544.541966979366,20338.674299541468,13794.132332562102,0.0,1699.2665415702627,1699.2665415702631,False
963652,321,4,11.787870356761655,10.170928556453799,3060860.76356246,172,172,6.0,6.0,7158.660778296418,22900.1869346193,15741.526156322883,0.0,1942.6907695403604,1942.6907695403604,False
963652,321,5,12.786197458352103,10.0,4329682.707396428,195,195,6.0,6.0,30080.153853231335,46966.99091851,16886.83706527866,0.0,2085.8546331598327,3673.257125231597,False
963652,321,6,12.673371620510443,13.147517571890626,3683083.816622934,168,168,6.0,6.0,8884.988326749415,24636.909405530856,15751.92107878144,0.0,1943.99013484768,1943.99013484768,False
963652,321,7,12.775285471102148,10.0,7120164.2837615805,187,187,6.0,6.0,35083.38685217398,51722.213675225306,16638.826823051324,0.0,2054.8533528814155,4048.6151007914136,False
963652,321,8,13.618062783129128,10.0,5854532.370396346,195,195,6.0,6.0,11184.252606265152,27595.182310292963,16410.92970402781,0.0,2026.3662130034766,2026.366213003477,False
963652,321,9,13.942280810444794,376.35451722162907,3794491.1709362483,181,181,6.0,5.9,12538.096489075768,29887.197173359684,17349.100684283916,0.0,2143.6375855354895,2143.637585535491,False
963652,322,0,11.396473862831273,10.0,3914430.5380520658,175,175,6.0,6.0,5641.879122612272,19601.747406109156,13959.868283496884,0.0,1719.9835354371105,1719.9835354371105,False
963652,322,1,14.245396088251605,11.0,2997186.899656362,168,168,6.0,6.0,11652.895292373658,27035.78537637708,15382.890084003422,0.0,1897.8612605004278,1897.8612605004296,False
963652,322,2,14.64430406266268,10.0,3526764.717384438,179,179,6.0,6.0,10836.903374927775,24325.763452176892,13488.860077249117,0.0,1661.1075096561397,1661.1075096561397,False
963652,322,3,11.370635572397903,10.0,6054561.974770553,173,173,6.0,6.0,5380.997142410592,18827.15685926239,13446.1597168518,0.0,1655.769964606475,1655.769964606474,False
963652,322,4,12.96665739243782,10.0,3067278.9926328873,173,173,6.0,6.0,8748.229070427247,23361.51086280813,14613.281792380882,0.0,1801.6602240476102,1801.6602240476104,False
963652,322,5,12.146887585434497,10.0,4336151.222170195,194,194,6.0,5.9,8408.51477376695,25215.697093352264,16807.182319585314,0.0,2075.8977899481642,2075.8977899481642,False
963652,322,6,12.03970303948492,12.490141693296094,3688172.3616575045,169,169,6.0,6.0,7699.378980772479,23542.863471711094,15843.484490938616,0.0,1955.435561367327,1955.435561367326,False
963652,322,7,13.414049744657255,10.0,7128772.7486503115,188,188,6.0,6.0,10988.4648887314,27720.9541216167,16732.489232885302,0.0,2066.5611541106628,2066.56115411066,False
963652,322,8,12.93715964397267,10.0,5861918.761409829,195,195,6.0,6.0,9536.391013483806,25512.896884214693,15976.505870730887,0.0,1972.063233841361,1972.063233841361,False
963652,322,9,14.639394850967035,376.35451722162907,3740103.459666909,181,181,6.0,6.0,14032.456347743704,31381.55703202762,17349.100684283916,0.0,2143.6375855354895,2143.6375855354872,False
963652,323,0,12.536121249114402,11.0,3921005.600717055,175,175,6.0,6.0,8500.062664989555,24043.678388115273,15543.615723125718,0.0,1917.9519653907148,1917.951965390715,False
963652,323,1,15.669935697076767,10.45,3008034.581190389,169,169,6.0,6.0,13313.731534058925,27609.006454509057,14295.274920450132,0.0,1761.9093650562666,1761.909365056267,False
963652,323,2,14.64430406266268,10.0,3535353.029696376,180,180,6.0,6.0,10888.31231193817,24439.070744862205,13550.758432924034,0.0,1668.8448041155043,1668.8448041155057,False
963652,323,3,11.370635572397903,10.5,6058206.662246775,174,174,6.0,6.0,6071.687476221559,21157.158994009696,15085.471517788137,0.0,1860.6839397235171,1860.6839397235167,False
963652,323,4,14.263323131681604,10.0,3075377.302708624,174,174,6.0,6.0,10538.31007573677,24454.108989472425,13915.798913735654,0.0,1714.4748642169568,1714.4748642169586,False
963652,323,5,11.539543206162772,11.0,4341454.864783405,194,194,6.0,6.0,7537.642613211083,25226.097281008722,17688.45466779764,0.0,2186.056833474705,2186.056833474704,False
963652,323,6,12.641688191459167,11.86563460863129,3694583.6370565183,170,170,6.0,6.0,8928.433282467191,24861.387166381683,15932.953883914492,0.0,1966.6192354893114,1966.6192354893114,False
963652,323,7,13.414049744657255,10.0,7137006.098033083,188,188,6.0,6.0,10113.34938277077,25552.73560074677,15439.386217976002,0.0,1904.9232772470002,1904.923277246999,False
963652,323,8,12.290301661774036,10.0,5867783.051487083,195,195,6.0,6.0,7814.290077253203,22958.302333844586,15144.012256591383,0.0,1868.0015320739228,1868.0015320739235,False
963652,323,9,13.907425108418682,413.989968943792,3676789.741899344,182,182,6.0,5.9,12532.45658022039,29975.104734422584,17442.648154202194,0.0,2155.3310192752742,2155.3310192752747,False
963652,324,0,11.90931518665868,10.45,3926000.406335498,175,175,6.0,6.0,6923.555618475464,21701.15865807894,14777.603039603477,0.0,1822.2003799504346,1822.2003799504355,False
963652,324,1,15.669935697076767,10.0,3018048.985027732,169,169,6.0,6.0,11804.403837342723,24525.399383021646,12720.995545678923,0.0,1565.1244432098654,1565.124443209864,False
963652,324,2,14.64430406266268,10.5,3545748.3510485087,180,180,6.0,6.0,12585.321352132725,28179.34454138344,15594.023189250716,0.0,1924.2528986563395,1924.2528986563375,False
963652,324,3,10.802103793778008,11.55,6061140.947882899,174,174,6.0,6.0,5143.985636092248,20601.052552623772,15457.066916531525,0.0,1907.1333645664406,1907.1333645664413,False
963652,324,4,13.550156975097524,10.0,3082935.4201122397,174,174,6.0,6.0,9298.117403615826,23188.71022285614,13890.592819240315,0.0,1711.3241024050394,1711.3241024050385,False
963652,324,5,12.693497526779051,11.55,4349174.417124754,194,194,6.0,6.0,10060.252341311956,27748.707009109596,17688.45466779764,0.0,2186.056833474705,2186.0568334747036,False
963652,324,6,12.009603781886208,13.05219806949442,3699750.1273088283,170,170,6.0,6.0,7685.363924148118,23618.31780806261,15932.953883914492,0.0,1966.6192354893114,1966.6192354893124,False
963652,324,7,12.743347257424391,10.0,7143483.695599365,189,189,6.0,6.0,8867.597566282615,24360.760093381665,15493.16252709905,0.0,1911.6453158873812,1911.6453158873828,False
963652,324,8,11.675786578685333,10.0,5872485.599892792,195,195,6.0,6.0,6652.548405709589,21766.468480275904,15113.920074566315,0.0,1864.2400093207893,1864.2400093207905,False
963652,324,9,15.298167619260552,434.68946739098163,3613206.225887845,182,182,6.0,5.800000000000001,15529.967053662629,32972.61520786482,17442.648154202194,0.0,2155.3310192752742,2155.3310192752733,False
963652,325,0,11.90931518665868,10.0,3930586.9225920546,175,175,6.0,6.0,6336.516256556257,19912.805339336628,13576.289082780371,0.0,1672.0361353475464,1672.0361353475469,False
963652,325,1,14.886438912222928,10.5,3027726.874090176,170,170,6.0,6.0,11962.88906244414,26292.55952635359,14329.670463909451,0.0,1766.2088079886814,1766.208807988682,False
963652,325,2,16.10873446892895,10.0,3556630.8464190396,181,181,6.0,6.0,13392.495370530967,27002.72151382342,13610.226143292453,0.0,1676.2782679115567,1676.2782679115571,False
963652,325,3,11.342208983466909,10.9725,6064730.037505219,175,175,6.0,5.9,6209.277122346028,21750.692704797406,15541.415582451378,0.0,1917.6769478064223,1917.6769478064223,False
963652,325,4,13.550156975097524,10.0,3090018.51247462,175,175,6.0,5.9,9333.092362380257,23274.098110727005,13941.005748346748,0.0,1717.6257185433435,1717.625718543345,False
963652,325,5,12.058822650440097,12.705000000000002,4355503.531239869,194,194,6.0,6.0,8893.884115129997,27018.06538310227,18124.18126797227,0.0,2240.522658496534,2240.522658496534,False
963652,325,6,13.21056416007483,12.399588166019699,3706650.999279154,171,171,6.0,6.0,9821.2015466783,25407.17702083406,15585.97547415576,0.0,1923.24693426947,1923.2469342694706,False
963652,325,7,14.017681983166831,10.0,7152425.713384267,190,190,6.0,6.0,11342.017784902106,26886.15570005072,15544.137915148614,0.0,1918.0172393935768,1918.0172393935766,False
963652,325,8,11.675786578685333,10.5,5877890.175224963,195,195,6.0,6.0,7452.075332169941,24306.089744305384,16854.014412135442,0.0,2081.7518015169303,2081.75180151693,False
963652,325,9,16.827984381186607,478.15841413007985,3545008.623090616,182,182,6.0,5.800000000000001,18827.22857444914,36269.87672865133,17442.648154202194,0.0,2155.3310192752742,2155.3310192752747,False
963652,326,0,11.313849427325746,11.0,3934039.840665826,176,176,6.0,6.0,6188.918073771429,21812.47478962923,15623.5567158578,0.0,1927.944589482225,1927.9445894822238,False
963652,326,1,16.375082803445224,10.0,3038257.9908479867,171,171,6.0,6.0,13041.11675781056,25889.222639093183,12848.105881282623,0.0,1581.013235160328,1581.0132351603277,False
963652,326,2,17.719607915821847,10.0,3571394.1427442334,181,181,6.0,5.9,16573.296325193947,30579.03538007076,14005.739054876813,0.0,1725.7173818596016,1725.7173818596023,False
963652,326,3,11.342208983466909,10.0,6068212.927946948,175,175,6.0,6.0,5532.890441729398,19455.288939462145,13922.398497732747,0.0,1715.2998122165934,1715.2998122165932,False
963652,326,4,12.872649126342647,10.0,3096366.9594116583,176,176,6.0,6.0,8708.446937038505,23534.489906358674,14826.04296932017,0.0,1828.2553711650212,1828.255371165022,False
963652,326,5,12.058822650440097,11.434500000000002,4361288.875314441,195,195,6.0,5.9,8715.071574656879,26486.810657546273,17771.739082889395,0.0,2196.4673853611744,2196.467385361175,False
963652,326,6,12.550035952071088,12.399588166019699,3713129.7023495925,171,171,6.0,5.9,8799.032646791082,24821.38260900602,16022.34996221494,0.0,1977.7937452768674,1977.793745276868,False
963652,326,7,15.419450181483516,10.0,7165274.195313795,190,190,6.0,6.0,14848.481929527938,31274.462627756973,16425.980698229036,0.0,2028.2475872786295,2028.24758727863,False
963652,326,8,11.675786578685333,10.0,5882768.72386728,195,195,6.0,6.0,7028.548642317766,22960.79748229935,15932.248839981583,0.0,1966.5311049976979,1966.531104997697,False
963652,326,9,18.51078281930527,500.0,3475385.725029628,183,183,6.0,5.800000000000001,22577.101939011947,40113.2812364679,17536.17929745595,0.0,2167.022412181994,2167.022412181993,False
963652,327,0,10.748156955959457,10.45,3936971.347763645,176,176,6.0,6.0,4970.7070978516695,20222.85202469463,15252.144926842959,0.0,1881.5181158553698,1881.51811585537,False
963652,327,1,15.556328663272962,11.0,3050232.3575541885,171,171,6.0,6.0,13955.36670620178,29141.8685771466,15186.501870944821,0.0,1873.3127338681027,1873.3127338681027,False
963652,327,2,17.719607915821847,10.0,3584925.5966852033,182,182,6.0,6.0,16151.45394096986,29809.98361219457,13658.529671224711,0.0,1682.3162089030889,1682.3162089030886,False
963652,327,3,11.909319432640254,10.0,6072314.729409956,176,176,6.0,6.0,6361.801463007925,19989.819461682942,13628.017998675017,0.0,1678.5022498343772,1678.5022498343778,False
963652,327,4,14.159914038976913,10.0,3104710.5173988864,177,177,6.0,6.0,10813.55798722815,25317.07965008222,14503.521662854071,0.0,1787.940207856759,1787.940207856759,False
963652,327,5,11.455881517918092,12.006225000000002,4365755.305467975,196,196,6.0,6.0,7619.650253561555,25921.313086660797,18301.662833099243,0.0,2262.7078541374053,2262.7078541374044,False
963652,327,6,13.805039547278199,11.779608757718714,3721972.9315189547,171,171,6.0,6.0,10957.542266929142,26533.895418094926,15576.353151165784,0.0,1922.044143895723,1922.044143895723,False
963652,327,7,14.648477672409339,10.0,7175874.350612285,191,191,6.0,5.9,13010.155298490528,29105.710280421667,16095.554981931138,0.0,1986.9443727413923,1986.9443727413925,False
963652,327,8,11.091997249751065,10.0,5885957.92232651,196,196,6.0,6.0,5749.198459229159,21341.704929817104,15592.506470587945,0.0,1924.0633088234931,1924.0633088234918,False
963652,327,9,20.3618611012358,500.0,3409518.6703881826,184,184,6.0,5.9,26732.945358554873,44362.647982126626,17629.702623571753,0.0,2178.712827946469,2178.7128279464678,False
963652,328,0,10.210749108161483,10.0,3938114.3290082314,177,177,6.0,6.0,3412.98124458645,16687.214702370722,13274.233457784272,0.0,1634.279182223034,1634.2791822230338,False
963652,328,1,15.556328663272962,11.55,3062900.1870064186,171,171,6.0,6.0,14742.879452198214,30763.133036272273,16020.253584074058,0.0,1977.5316980092573,1977.531698009258,False
963652,328,2,19.49156870740403,10.5,3603991.000169003,183,183,6.0,6.0,21686.903483799877,37123.746453514264,15436.842969714387,0.0,1904.6053712142984,1904.6053712142987,False
963652,328,3,11.909319432640254,11.0,6077064.425106512,177,177,6.0,6.0,7196.695696555787,22533.234572961177,15336.53887640539,0.0,1892.0673595506737,1892.0673595506742,False
963652,328,4,15.575905442874605,10.0,3115605.8657383625,177,177,6.0,6.0,12965.348339476108,27067.684833771786,14102.336494295678,0.0,1737.7920617869597,1737.7920617869595,False
963652,328,5,12.601469669709902,11.405913750000002,4373376.20363796,196,196,6.0,6.0,9956.457264927838,27814.219665118806,17857.762400190968,0.0,2207.220300023871,2207.2203000238715,False
963652,328,6,13.114787569914288,11.190628319832777,3729440.930761989,171,171,6.0,6.0,9381.596685750721,24568.098556695542,15186.501870944821,0.0,1873.3127338681027,1873.3127338681024,False
963652,328,7,15.380901556029807,10.0,7187369.211247465,192,192,6.0,5.9,14114.860635180241,29830.42932446671,15715.568689286469,0.0,1939.4460861608086,1939.4460861608093,False
963652,328,8,12.201196974726173,10.0,5891651.932233752,196,196,6.0,6.0,7654.009907241785,22809.76647755338,15155.756570311596,0.0,1869.4695712889495,1869.4695712889506,False
963652,328,9,18.32567499111222,475.0,3344415.3509485247,184,184,6.0,5.9,22296.68056034222,39926.383183913975,17629.702623571753,0.0,2178.712827946469,2178.712827946468,False
963652,329,0,10.210749108161483,10.0,3939083.3011926794,178,178,6.0,6.0,3548.972184447837,17315.313731239046,13766.34154679121,0.0,1695.7926933489011,1695.7926933489007,False
963652,329,1,17.11196152960026,12.127500000000001,3078345.5772622535,171,171,6.0,6.0,17819.192755825432,33839.44633989949,16020.253584074058,0.0,1977.5316980092573,1977.5316980092573,False
963652,329,2,21.440725578144438,10.0,3624467.414154524,183,183,6.0,6.0,22506.413985520874,36221.406969199146,13714.992983678272,0.0,1689.374122959784,1689.3741229597829,False
963652,329,3,11.313853461008241,12.100000000000001,6080863.073267526,178,178,6.0,6.0,6452.448160947368,22712.176182652598,16259.72802170523,0.0,2007.4660027131538,2007.466002713154,False
963652,329,4,14.797110170730875,10.0,3125138.9017591067,178,178,6.0,6.0,12013.036020744079,26587.422445533593,14574.386424789514,0.0,1796.7983030986893,1796.7983030986893,False
963652,329,5,11.971396186224405,10.835618062500002,4378918.097692105,197,197,6.0,6.0,8376.510812530996,25853.076353446555,17476.56554091556,0.0,2159.570692614445,2159.5706926144444,False
963652,329,6,12.459048191418573,10.631096903841138,3735568.180523525,171,171,6.0,6.0,7945.1673320684895,22758.451571057154,14813.284238988665,0.0,1826.660529873583,1826.6605298735828,False
963652,329,7,16.91899171163279,10.0,7203053.982520526,192,192,6.0,5.9,17604.77127306129,33774.98122389153,16170.209950830242,0.0,1996.2762438537802,1996.2762438537798,False
963652,329,8,13.421316672198792,10.0,5899614.966388462,196,196,6.0,6.0,10223.034154710605,25803.849974839697,15580.815820129092,0.0,1922.6019775161365,1922.6019775161371,False
963652,329,9,20.158242490223444,498.75,3278834.669827258,184,184,6.0,6.0,26289.318878733615,43919.02150230537,17629.702623571753,0.0,2178.712827946469,2178.7128279464678,False
963652,330,0,11.231824018977633,10.0,3941830.9587684763,179,179,6.0,6.0,5137.6575757969495,18550.400706496224,13412.743130699275,0.0,1651.5928913374094,1651.5928913374087,False
963652,330,1,17.11196152960026,10.914750000000002,3092823.6154881013,171,171,6.0,6.0,16444.460475847314,31257.74471483598,14813.284238988665,0.0,1826.660529873583,1826.6605298735828,False
963652,330,2,23.584798135958884,10.5,3650924.575603641,183,183,6.0,6.0,28578.661449117142,43551.34503375261,14972.683584635464,0.0,1846.585448079433,1846.5854480794328,False
963652,330,3,11.879546134058653,11.495000000000001,6086177.139050259,178,178,6.0,6.0,7360.175782753568,23149.99071782042,15789.814935066852,0.0,1948.7268668833565,1948.7268668833572,False
963652,330,4,15.53696567926742,10.0,3136025.6950875884,178,178,6.0,6.0,12966.793328481735,27142.490062461307,14175.696733979572,0.0,1746.9620917474465,1746.9620917474472,False
963652,330,5,11.971396186224405,11.919179868750003,4385101.361525887,197,197,6.0,6.0,8831.342267951972,27224.122528514228,18392.780260562256,0.0,2274.097532570282,2274.097532570284,False
963652,330,6,12.459048191418573,11.694206594225253,3741837.6202762416,171,171,6.0,6.0,8369.149080294466,23943.101031360206,15573.95195106574,0.0,1921.7439938832174,1921.7439938832174,False
963652,330,7,16.07304212605115,10.5,7216654.004732393,192,192,6.0,6.0,15916.02221186674,32086.232162696982,16170.209950830242,0.0,1996.2762438537802,1996.2762438537814,False
963652,330,8,14.092382505808732,10.0,5908838.638319174,196,196,6.0,6.0,11183.671930712133,26331.74443910565,15148.072508393516,0.0,1868.5090635491895,1868.509063549189,False
963652,330,9,22.17406673924579,448.875,3226922.8908562222,184,184,6.0,6.0,30681.221028964206,48310.92365253596,17629.702623571753,0.0,2178.712827946469,2178.71282794647,False
963652,331,0,11.793415219926516,10.0,3945427.2752708313,180,180,6.0,6.0,6096.316502355083,19574.72898782417,13478.412485469089,0.0,1659.8015606836361,1659.8015606836357,False
963652,331,1,18.82315768256029,11.460487500000003,3110888.06131115,172,172,6.0,6.0,20735.64967301977,36410.35699009346,15674.70731707369,0.0,1934.3384146342112,1934.338414634212,False
963652,331,2,24.76403804275683,11.025,3680552.255760446,183,183,6.0,6.0,31645.25515678787,47042.192828041654,15396.937671253783,0.0,1899.617208906723,1899.6172089067236,False
963652,331,3,11.879546134058653,10.920250000000001,6090118.0765026985,179,179,6.0,6.0,6595.662202516987,20808.976064894177,14213.31386237719,0.0,1751.6642327971488,1751.664232797148,False
963652,331,4,15.53696567926742,10.0,3146271.8121622326,179,179,6.0,6.0,12636.117074644295,26460.82242253114,13824.705347886844,0.0,1703.0881684858555,1703.088168485855,False
963652,331,5,11.372826376913185,11.323220875312503,4389839.17476765,197,197,6.0,6.0,7068.4877541603455,24508.599024429706,17440.11127026936,0.0,2155.01390878367,2155.01390878367,False
963652,331,6,11.836095781847643,11.10949626451399,3746430.3198224925,171,171,6.0,6.0,6792.423407517788,21574.798416204194,14782.375008686406,0.0,1822.7968760858007,1822.7968760857998,False
963652,331,7,15.269390019748592,11.55,7230353.666298525,192,192,6.0,6.0,15917.261566097226,33854.38836469994,17937.126798602712,0.0,2217.140849825339,2217.1408498253386,False
963652,331,8,13.387763380518296,11.0,5916918.120030417,196,196,6.0,6.0,10435.481711243452,26427.536350763017,15992.054639519565,0.0,1974.0068299399456,1974.006829939946,False
963652,331,9,24.391473413170374,426.43125,3183971.854250457,184,184,6.0,6.0,35512.313394217854,53142.01601778961,17629.702623571753,0.0,2178.712827946469,2178.712827946472,False
963652,332,0,11.20374445893019,10.0,3948538.3171016155,180,180,6.0,6.0,5111.041830784319,18573.127865093844,13462.086034309525,0.0,1657.7607542886906,1657.7607542886901,False
963652,332,1,18.82315768256029,10.887463125000002,3127485.464131591,173,173,6.0,5.9,19180.933941054645,33706.46407522891,14525.530134174269,0.0,1790.6912667717836,1790.6912667717836,False
963652,332,2,23.52583614061899,12.127500000000001,3710758.5897487053,183,183,6.0,6.0,32625.666488248862,49739.752758872186,17114.086270623324,0.0,2114.2607838279155,2114.2607838279146,False
963652,332,3,13.06750074746452,12.012275000000002,6097320.235208812,180,180,6.0,6.0,10064.368206132374,26468.59781382303,16404.229607690657,0.0,2025.5287009613319,2025.528700961331,False
963652,332,4,14.760117395304048,10.0,3155480.6196684344,179,179,6.0,6.0,11298.807506201789,25106.62741085552,13807.81990465373,0.0,1700.9774880817163,1700.9774880817158,False
963652,332,5,10.804185058067524,11.323220875312503,4392970.458057891,198,198,6.0,6.0,5873.281023513271,23399.61547791225,17526.33445439898,0.0,2165.7918067998726,2165.7918067998726,False
963652,332,6,11.836095781847643,10.554021451288289,3750459.1544214203,172,172,6.0,6.0,6444.126288526599,20500.14379458893,14056.017506062331,0.0,1732.0021882577914,1732.0021882577912,False
963652,332,7,15.269390019748592,10.9725,7242465.137406255,193,193,6.0,6.0,14729.163607758128,31358.78267312719,16629.61906536906,0.0,2053.7023831711326,2053.7023831711326,False
963652,332,8,14.05715154954421,10.45,5925840.9084066935,197,197,6.0,6.0,11481.438376313212,27109.731072331,15628.292696017788,0.0,1928.5365870022235,1928.5365870022229,False
963652,332,9,26.830620754487413,447.7528125,3141684.2247416084,185,185,6.0,5.9,41046.64080367176,58769.861664605945,17723.22086093418,0.0,2190.4026076167725,2190.4026076167734,False
963652,333,0,11.20374445893019,10.0,3951527.549648705,179,179,6.0,6.0,5079.232547089536,18461.888316963013,13382.655769873478,0.0,1647.8319712341847,1647.831971234185,False
963652,333,1,20.70547345081632,10.343089968750002,3147020.7158344924,174,174,6.0,5.9,22034.94935748963,36235.18284335697,14200.233485867338,0.0,1750.0291857334173,1750.029185733417,False
963652,333,2,22.34954433358804,11.521125000000001,3737724.9869990186,183,183,6.0,5.9,29274.763125307698,45907.20861073877,16632.445485431075,0.0,2054.0556856788844,2054.055685678883,False
963652,333,3,14.374250822210973,11.411661250000002,6107057.376159112,181,181,6.0,6.0,12402.651636474418,28419.602663956026,16016.951027481608,0.0,1977.118878435201,1977.1188784352012,False
963652,333,4,14.022111525538845,11.0,3164792.3652561116,179,179,6.0,6.0,11280.74558767711,26732.200880710505,15451.455293033396,0.0,1906.4319116291745,1906.431911629175,False
963652,333,5,10.263975805164147,11.889381919078128,4395389.959331474,198,198,6.0,6.0,4973.598893556358,23455.06243837107,18481.463544814713,0.0,2285.182943101839,2285.1829431018386,False
963652,333,6,11.24429099275526,10.026320378723874,3753999.5947943716,172,172,6.0,6.0,5264.967478098386,18940.867119165225,13675.899641066839,0.0,1684.4874551333548,1684.487455133356,False
963652,333,7,14.505920518761162,10.423874999999999,7253255.832035362,193,193,6.0,6.0,12802.502504169612,28991.019384047537,16188.516879877925,0.0,1998.5646099847406,1998.56460998474,False
963652,333,8,14.05715154954421,10.0,5934470.637677727,198,198,6.0,6.0,11209.729271033348,26479.161399594694,15269.432128561346,0.0,1883.6790160701682,1883.6790160701694,False
963652,333,9,29.513682829936155,402.97753125,3114057.008430472,185,185,6.0,5.9,46923.62697013236,64646.847831066545,17723.22086093418,0.0,2190.4026076167725,2190.4026076167734,False
963652,334,0,10.64355723598368,10.5,3954056.1586470427,179,179,6.0,6.0,4708.108998337799,19761.153015026834,15053.044016689035,0.0,1856.6305020861294,1856.6305020861294,False
963652,334,1,21.74074712335714,11.377398965625003,3171591.700808563,174,174,6.0,6.0,26650.652394052435,42483.369976583585,15832.71758253115,0.0,1954.0896978163937,1954.0896978163937,False
963652,334,2,24.584498766946844,10.94506875,3768707.70573024,183,183,6.0,5.9,32985.66631248323,49193.70696722899,16208.040654745764,0.0,2001.0050818432205,2001.0050818432192,False
963652,334,3,13.655538281100423,10.8410781875,6115153.712260842,182,182,6.0,6.0,10769.412331825999,26486.11371246507,15716.701380639071,0.0,1939.587672579884,1939.5876725798835,False
963652,334,4,13.321005949261902,10.0,3172122.9810599345,179,179,6.0,6.0,9120.615803822913,23333.929666200103,14213.31386237719,0.0,1751.6642327971488,1751.6642327971488,False
963652,334,5,11.290373385680564,13.078320110985942,4399918.558665639,198,198,6.0,6.0,7318.106716171849,25797.14276451828,18479.036048346432,0.0,2284.879506043304,2284.879506043305,False
963652,334,6,10.682076443117497,10.0,3756321.4960502037,172,172,6.0,6.0,4041.9012558320173,16894.48993716422,12852.588681332203,0.0,1581.5735851665254,1581.573585166525,False
963652,334,7,13.780624492823103,10.0,7262059.564586134,193,193,6.0,6.0,11033.732550772347,26780.47157832138,15746.739027549032,0.0,1943.342378443629,1943.342378443629,False
963652,334,8,13.354293972067,10.0,5941700.849960953,199,199,6.0,6.0,9920.212283225788,25241.10379351234,15320.89151028655,0.0,1890.1114387858188,1890.1114387858183,False
963652,334,9,29.513682829936155,402.97753125,3085678.2981315074,186,186,6.0,6.0,47175.11051355397,64991.84713203075,17816.736618476785,0.0,2202.092077309598,2202.092077309599,False
963652,335,0,10.64355723598368,10.0,3955864.844325133,180,180,6.0,6.0,4308.685678090495,18152.984705836825,13844.29902774633,0.0,1705.5373784682913,1705.537378468292,False
963652,335,1,22.827784479524997,10.808529017343753,3198185.8376524006,174,174,6.0,6.0,28774.82089288163,44607.53847541278,15832.71758253115,0.0,1954.0896978163937,1954.0896978163946,False
963652,335,2,24.584498766946844,10.3978153125,3799522.003402261,182,182,6.0,6.0,32806.700058936985,48928.41130159201,16121.711242655027,0.0,1990.2139053318783,1990.2139053318776,False
963652,335,3,12.9727613670454,10.299024278125,6122067.759409777,183,183,6.0,6.0,9498.76859186332,25301.799384593127,15803.030792729807,0.0,1950.378849091226,1950.378849091226,False
963652,335,4,13.321005949261902,10.0,3179054.470978219,180,180,6.0,6.0,9431.489918284795,24112.19527381378,14680.705355528986,0.0,1810.0881694411232,1810.0881694411225,False
963652,335,5,10.725854716396535,11.770488099887348,4403616.25159976,198,198,6.0,6.0,6028.249577945924,24507.285626292356,18479.036048346432,0.0,2284.879506043304,2284.879506043304,False
963652,335,6,11.750284087429247,10.0,3759752.7939380603,173,173,6.0,6.0,5761.297887856528,18677.770024649537,12916.472136793009,0.0,1589.559017099126,1589.559017099126,False
963652,335,7,13.091593268181947,10.0,7269552.209325856,194,194,6.0,6.0,10032.644739722231,26310.354330026545,16277.709590304314,0.0,2009.7136987880392,2009.71369878804,False
963652,335,8,14.02200867067035,10.0,5950766.219809671,200,200,6.0,6.0,11565.369848717628,27395.19769140379,15829.827842686163,0.0,1953.7284803357704,1953.728480335771,False
963652,335,9,32.46505111292977,382.82865468750003,3068146.4635864105,186,186,6.0,6.0,53674.29522675701,71491.0318452338,17816.736618476785,0.0,2202.092077309598,2202.092077309598,False
963652,336,0,10.111379374184496,10.5,3957135.6235452546,181,181,6.0,6.0,3871.279220121527,19497.324467699178,15626.045247577651,0.0,1928.2556559472064,1928.2556559472062,False
963652,336,1,22.827784479524997,10.268102566476564,3222862.4260409474,174,174,6.0,6.0,26563.238235073506,41202.7457809403,14639.507545866792,0.0,1804.938443233349,1804.9384432333509,False
963652,336,2,25.813723705294187,10.0,3827173.9234557147,182,182,6.0,6.0,29571.920053453774,43142.24982660757,13570.329773153795,0.0,1671.2912216442244,1671.2912216442235,False
963652,336,3,12.9727613670454,11.328926705937501,6129750.824448152,184,184,6.0,6.0,10367.587552234698,27568.343103894673,17200.755551659975,0.0,2125.094443957497,2125.094443957499,False
963652,336,4,12.654955651798806,10.0,3184789.5497986665,181,181,6.0,6.0,8045.078820447276,22415.059266574455,14369.98044612718,0.0,1771.2475557658975,1771.2475557658968,False
963652,336,5,10.725854716396535,11.18196369489298,4406683.429352349,199,199,6.0,6.0,5892.388527935909,23972.691513385686,18080.302985449776,0.0,2235.037873181222,2235.0378731812216,False
963652,336,6,12.925312496172172,11.0,3766499.413473832,174,174,6.0,6.0,9160.619535771546,24564.722086497208,15404.102550725662,0.0,1900.5128188407077,1900.5128188407084,False
963652,336,7,12.437013604772849,10.0,7275516.893890557,195,195,6.0,6.0,8514.684564701296,24427.38746076997,15912.702896068673,0.0,1964.0878620085841,1964.0878620085832,False
963652,336,8,13.320908237136832,10.0,5957910.849668023,201,201,6.0,6.0,9954.629858351818,25422.14345684378,15467.513598491962,0.0,1908.4391998114952,1908.4391998114959,False
963652,336,9,35.711556224222754,344.54578921875003,3064263.713523673,187,187,6.0,6.0,61147.31252121023,79057.55932938808,17910.246808177846,0.0,2213.7808510222308,2213.7808510222303,False
963652,337,0,11.122517311602946,10.0,3960053.4096801705,182,182,6.0,6.0,5337.786134916079,19725.790446279196,14388.004311363116,0.0,1773.5005389203895,1773.5005389203902,False
963652,337,1,23.969173703501248,10.0,3246203.845668857,174,174,6.0,6.0,25281.41962790963,38246.72363224785,12965.304004338219,0.0,1595.6630005422774,1595.6630005422774,False
963652,337,2,27.104409890558898,10.0,3857713.8502436695,183,183,6.0,6.0,32869.9267879549,46918.007718964465,14048.080931009563,0.0,1731.0101163761954,1731.0101163761956,False
963652,337,3,12.9727613670454,10.762480370640626,6137535.160516088,184,184,6.0,6.0,10064.632456144613,26778.004723180904,16713.37226703629,0.0,2064.1715333795364,2064.1715333795355,False
963652,337,4,12.022207869208865,10.0,3189541.171962295,182,182,6.0,6.0,7371.6221636287755,22631.255896816318,15259.633733187542,0.0,1882.4542166484428,1882.4542166484428,False
963652,337,5,10.189561980576707,12.300160064382279,4409062.8459405545,199,199,6.0,5.9,4827.1484410142075,23394.834711087675,18567.686270073467,0.0,2295.9607837591834,2295.9607837591834,False
963652,337,6,13.571578120980782,10.45,3774869.969113896,174,174,6.0,6.0,10388.855640096388,25792.95819082205,15404.102550725662,0.0,1900.5128188407077,1900.512818840707,False
963652,337,7,11.815162924534206,10.0,7281284.350028231,195,195,6.0,6.0,7717.456137674006,24519.538500676943,16802.082363002937,0.0,2075.260295375367,2075.260295375367,False
963652,337,8,14.652999060850517,10.0,5968673.51907639,202,202,6.0,6.0,13282.669408367463,29695.110486504425,16412.441078136962,0.0,2026.5551347671203,2026.5551347671217,False
963652,337,9,37.497134035433895,310.09121029687503,3071376.847685843,187,187,6.0,5.9,65100.190487679734,83010.43729585758,17910.246808177846,0.0,2213.7808510222308,2213.780851022233,False
963652,338,0,12.234769042763242,10.0,3965274.663701569,183,183,6.0,6.0,7551.254021398901,22394.32700719955,14843.072985800649,0.0,1830.384123225081,1830.3841232250802,False
963652,338,1,22.770715018326186,10.0,3267717.0505689704,174,174,6.0,6.0,23353.204900113575,36309.90888953635,12956.703989422778,0.0,1594.5879986778473,1594.5879986778473,False
963652,338,2,25.749189396030953,10.0,3887279.9809003333,183,183,6.0,6.0,31396.130656663823,45837.29061126064,14441.15995459682,0.0,1780.1449943246025,1780.1449943246027,False
963652,338,3,14.270037503749942,10.224356352108593,6148394.328904388,184,184,6.0,6.0,12740.449957132558,29451.292132342132,16710.842175209575,0.0,2063.855271901197,2063.855271901198,False
963652,338,4,11.421097475748422,10.0,3194033.296344751,182,182,6.0,6.0,6412.124382455762,22074.12025793837,15661.99587548261,0.0,1932.7494844353262,1932.7494844353266,False
963652,338,5,10.0,11.685152061163164,4410540.503071378,200,200,6.0,6.0,4414.687543080276,23073.43771540141,18658.750172321135,0.0,2307.343771540142,2307.343771540141,False
963652,338,6,12.892999214931741,10.0,3780307.95260137,175,175,6.0,6.0,7887.983487473746,21311.747697845178,13423.764210371432,0.0,1652.970526296429,1652.9705262964299,False
963652,338,7,11.224404778307496,10.0,7285790.390927199,195,195,6.0,6.0,6656.040898968429,23866.413653885855,17210.372754917425,0.0,2126.296594364678,2126.2965943646786,False
963652,338,8,13.92034910780799,10.0,5978334.200183896,203,203,6.0,6.0,12190.681107505778,29133.857405895982,16943.176298390204,0.0,2092.8970372987756,2092.8970372987746,False
963652,338,9,37.497134035433895,325.5957708117188,3075590.6290317415,187,187,6.0,5.9,65100.19048767965,83010.4372958575,17910.246808177846,0.0,2213.7808510222308,2213.7808510222308,False
963652,339,0,13.458245947039567,10.0,3973424.792201629,183,183,6.0,6.0,10080.128500059793,25347.42828802261,15267.299787962816,0.0,1883.412473495352,1883.4124734953537,False
963652,339,1,22.770715018326186,10.0,3289214.2192623853,174,174,6.0,6.0,23337.168693415042,36285.18727705825,12948.018583643208,0.0,1593.502322955401,1593.5023229554024,False
963652,339,2,25.749189396030953,10.0,3916391.824898433,184,184,6.0,6.0,31551.84399809954,46063.18781876995,14511.343820670409,0.0,1788.917977583801,1788.917977583801,False
963652,339,3,14.98353937893744,10.0,6158762.658923511,185,185,6.0,6.0,12718.330019124243,27716.934930652405,14998.604911528162,0.0,1849.8256139410203,1849.8256139410205,False
963652,339,4,11.421097475748422,11.0,3198715.145309869,182,182,6.0,6.0,6783.848965118181,23315.097085642083,16531.248120523902,0.0,2041.406015065488,2041.4060150654873,False
963652,339,5,10.0,11.100894458105005,4412734.403366158,200,200,6.0,6.0,4414.079186311814,23070.395931559087,18656.316745247274,0.0,2307.039593155909,2307.0395931559087,False
963652,339,6,14.182299136424916,10.0,3788369.9795394186,175,175,6.0,6.0,10012.026938048752,23426.56310034018,13414.536162291428,0.0,1651.8170202864285,1651.8170202864276,False
963652,339,7,10.663184539392121,10.0,7289143.550417479,195,195,6.0,6.0,5303.159490280101,22034.224187843134,16731.064697563033,0.0,2066.383087195379,2066.3830871953796,False
963652,339,8,15.31238401858879,11.0,5991648.205736462,204,204,6.0,6.0,16058.005552565992,34044.82365318714,17986.818100621145,0.0,2223.352262577643,2223.3522625776436,False
963652,339,9,41.24684743897729,358.15534789289075,3081547.204073558,188,188,6.0,5.9,73789.78044570336,91793.52092521978,18003.740479516422,0.0,2225.4675599395528,2225.4675599395528,False
963652,340,0,13.458245947039567,10.5,3982054.334101756,184,184,6.0,6.0,11061.541900127038,27767.272142986545,16705.730242859507,0.0,2063.2162803574383,2063.2162803574383,False
963652,340,1,22.770715018326186,10.5,3315246.487075095,174,174,6.0,6.0,27859.267812709826,43256.51061532102,15397.242802611197,0.0,1899.6553503263997,1899.6553503263988,False
963652,340,2,24.461729926229406,10.0,3942492.427983124,185,185,6.0,6.0,28550.60308469081,42722.69627952854,14172.093194837731,0.0,1746.5116493547164,1746.5116493547164,False
963652,340,3,14.98353937893744,10.0,6168986.054365905,185,185,6.0,6.0,12373.395442393603,26976.860230252118,14603.464787858515,0.0,1800.4330984823143,1800.433098482315,False
963652,340,4,10.850042601961,10.45,3201655.9873156147,183,183,6.0,6.0,5353.192005779809,21140.866384987672,15787.674379207863,0.0,1948.459297400983,1948.4592974009836,False
963652,340,5,10.0,11.655939181010256,4414228.401439128,201,201,6.0,6.0,4436.841848418608,23184.209242093053,18747.367393674445,0.0,2318.4209242093057,2318.420924209305,False
963652,340,6,13.47318417960367,10.0,3795185.0393105526,175,175,6.0,6.0,8565.059771134022,21576.702110959264,13011.642339825243,0.0,1601.4552924781553,1601.4552924781563,False
963652,340,7,11.196343766361728,10.0,7293036.89767291,195,195,6.0,6.0,6043.347255430715,21869.569493815954,15826.222238385239,0.0,1953.2777797981548,1953.2777797981555,False
963652,340,8,14.546764817659351,10.45,6002480.768264054,205,205,6.0,5.9,13674.812527630831,30829.522726115047,17154.710198484216,0.0,2119.338774810527,2119.338774810527,False
963652,340,9,39.184505067028425,376.0631152875353,3079947.4427989367,188,188,6.0,6.0,69200.10439944237,87203.84487895879,18003.740479516422,0.0,2225.4675599395528,2225.4675599395528,False
963652,341,0,14.131158244391546,11.55,3991633.3551573977,185,185,6.0,6.0,12515.771055607343,29307.443361229583,16791.67230562224,0.0,2073.95903820278,2073.9590382027804,False
963652,341,1,23.909250769242497,11.55,3342909.6007968206,175,175,6.0,6.0,30184.363721692913,45663.204523139226,15478.840801446311,0.0,1909.855100180789,1909.8551001807884,False
963652,341,2,23.238643429917936,10.0,3966132.7663260587,185,185,6.0,6.0,25590.33834293479,39329.77889040545,13739.440547470658,0.0,1692.4300684338323,1692.4300684338327,False
963652,341,3,14.98353937893744,10.5,6180491.575926288,185,185,6.0,6.0,13548.021560383113,29497.080385021578,15949.058824638465,0.0,1968.6323530798081,1968.6323530798081,False
963652,341,4,11.935046862157101,10.0,3205886.9324717484,184,184,6.0,6.0,6870.945156133501,21446.266017765887,14575.320861632386,0.0,1796.9151077040483,1796.9151077040478,False
963652,341,5,10.0,12.23873614006077,4416204.654068024,201,201,6.0,5.9,4436.238592956848,23181.192964784263,18744.954371827414,0.0,2318.119296478427,2318.1192964784263,False
963652,341,6,12.799524970623485,10.5,3801383.978978409,176,176,6.0,6.0,8546.939667856379,23326.61531724898,14779.6756493926,0.0,1822.459456174075,1822.4594561740757,False
963652,341,7,10.636526578043641,10.0,7295271.64334411,196,196,6.0,6.0,4994.745671199758,20957.1376439122,15962.391972712441,0.0,1970.2989965890552,1970.2989965890547,False
963652,341,8,15.27410305854232,10.0,6013801.828459852,206,206,6.0,6.0,13981.060195797902,29777.276066448136,15796.215870650234,0.0,1949.5269838312793,1949.52698383128,False
963652,341,9,43.10295557373127,394.86627105191207,3083148.3022695337,189,189,6.0,5.9,78330.58469943317,96427.78644006382,18097.20174063066,0.0,2237.1502175788323,2237.150217578836,False
963652,342,0,14.837716156611124,10.395000000000001,4002685.137428946,186,186,6.0,6.0,13685.25227155181,30130.73769799987,16445.48542644806,0.0,2030.6856783060077,2030.6856783060077,False
963652,342,1,22.71378823078037,12.127500000000001,3369992.4649005826,176,176,6.0,6.0,29717.304103751958,46183.57279513723,16466.268691385274,0.0,2033.2835864231592,2033.2835864231583,False
963652,342,2,22.076711258422037,10.0,3988323.753263055,185,185,6.0,6.0,24340.986936996116,38487.98719094442,14147.000253948301,0.0,1743.3750317435376,1743.375031743537,False
963652,342,3,14.98353937893744,10.0,6190995.8516428135,185,185,6.0,6.0,12354.27571652516,26935.837884716522,14581.562168191362,0.0,1797.6952710239202,1797.6952710239202,False
963652,342,4,13.128551548372812,10.0,3212931.9247179898,185,185,6.0,6.0,9594.992246241438,25074.148013876,15479.155767634564,0.0,1909.8944709543205,1909.8944709543193,False
963652,342,5,10.5,11.62679933305773,4418631.7304654755,202,202,6.0,5.9,5475.689862699317,23837.89742333713,18362.207560637813,0.0,2270.2759450797266,2270.2759450797266,False
963652,342,6,13.43950121915466,10.0,3808169.9846357214,176,176,6.0,6.0,8546.005657312238,21608.958056718355,13062.952399406116,0.0,1607.8690499257646,1607.8690499257643,False
963652,342,7,10.104700249141459,10.0,7297395.958541244,196,196,6.0,6.0,4184.315197134612,21049.168822435615,16864.853625301002,0.0,2083.1067031626253,2083.1067031626244,False
963652,342,8,15.27410305854232,10.0,6026541.415973158,206,206,6.0,6.0,14799.587513305454,31496.013140039744,16696.42562673429,0.0,2062.0532033417862,2062.053203341785,False
963652,342,9,43.10295557373127,375.12295749931644,3090380.6480016117,189,189,6.0,5.800000000000001,78330.58469943292,96427.78644006357,18097.20174063066,0.0,2237.1502175788323,2237.1502175788305,False
963652,343,0,14.837716156611124,10.0,4012880.940406075,186,186,6.0,6.0,12155.80297712952,26811.861338292314,14656.058361162794,0.0,1807.0072951453492,1807.0072951453492,False
963652,343,1,22.71378823078037,11.521125000000001,3397678.109948347,176,176,6.0,6.0,29713.363047759074,46177.48895664344,16464.12590888437,0.0,2033.0157386105461,2033.0157386105443,False
963652,343,2,20.972875695500935,11.0,4012185.1322689047,185,185,6.0,6.0,25996.379005849732,42350.9338605978,16354.554854748067,0.0,2019.3193568435083,2019.3193568435083,False
963652,343,3,14.234362409990567,10.0,6199358.484298898,186,186,6.0,6.0,10722.63265608406,24938.670785122617,14216.038129038556,0.0,1752.0047661298195,1752.0047661298195,False
963652,343,4,13.784979125791454,10.5,3221971.4939410244,185,185,6.0,6.0,11182.069223034809,27122.239032518944,15940.169809484136,0.0,1967.521226185517,1967.521226185516,False
963652,343,5,10.0,11.045459366404843,4420151.503778405,203,203,6.0,6.0,4362.001564309343,22810.007821546686,18448.006257237343,0.0,2281.000782154668,2281.0007821546687,False
963652,343,6,12.767526158196928,10.0,3813204.788318666,177,177,6.0,6.0,7504.803682944948,20633.61150030387,13128.80781735892,0.0,1616.100977169865,1616.100977169865,False
963652,343,7,11.115170274055606,10.0,7301543.779307433,196,196,6.0,6.0,6107.82076618955,22506.796003527008,16398.975237337458,0.0,2024.871904667182,2024.871904667181,False
963652,343,8,14.510397905615203,10.0,6037704.183303011,206,206,6.0,6.0,13222.767329853315,29916.711355334402,16693.944025481087,0.0,2061.743003185136,2061.7430031851363,False
963652,343,9,43.10295557373127,356.3668096243506,3100911.504921707,190,190,6.0,5.700000000000001,78740.55074870214,96931.18417736441,18190.63342866228,0.0,2248.829178582785,2248.829178582786,False
963652,344,0,14.095830348780568,10.5,4022487.274206635,187,187,6.0,6.0,12269.833800559707,28834.90052595403,16565.066725394325,0.0,2045.6333406742904,2045.6333406742897,False
963652,344,1,23.84947764231939,10.94506875,3426708.310874796,176,176,6.0,6.0,31156.533026460536,47183.695906698835,16027.162880238297,0.0,1978.395360029787,1978.3953600297875,False
963652,344,2,23.07016326505103,10.45,4038205.1953226035,186,186,6.0,6.0,28763.763053733208,44339.18403322721,15575.420979494005,0.0,1921.9276224367507,1921.9276224367516,False
963652,344,3,13.522644289491037,11.0,6208968.161934556,186,186,6.0,6.0,11655.677635658838,29029.592179775085,17373.914544116247,0.0,2146.739318014531,2146.7393180145314,False
963652,344,4,13.784979125791454,10.0,3229688.9304908453,186,186,6.0,6.0,10277.436549821019,24966.597284191117,14689.160734370098,0.0,1811.1450917962622,1811.145091796262,False
963652,344,5,10.0,10.493186398084601,4421842.09775111,203,203,6.0,6.0,4120.710811582168,21603.554057910824,17482.843246328655,0.0,2160.355405791082,2160.3554057910824,False
963652,344,6,14.044278774016622,10.0,3820339.260576899,178,178,6.0,6.0,9614.472258233216,22804.570994809088,13190.098736575872,0.0,1623.762342071984,1623.7623420719844,False
963652,344,7,10.559411760352825,10.0,7303928.058210637,197,197,6.0,6.0,4854.278903203689,20852.530615564145,15998.251712360456,0.0,1974.781464045057,1974.7814640450572,False
963652,344,8,15.235917800895963,10.0,6049497.284300723,206,206,6.0,6.0,13853.100997712909,29590.149797214563,15737.048799501654,0.0,1942.1310999377067,1942.1310999377067,False
963652,344,9,47.4132511311044,356.3668096243506,3121139.3809709516,191,191,6.0,5.800000000000001,88893.93668747596,107177.99402973648,18284.057342260527,0.0,2260.507167782566,2260.5071677825686,False
963652,345,0,14.095830348780568,11.55,4032745.9143850547,187,187,6.0,6.0,12618.490178384603,29641.123939442405,17022.6337610578,0.0,2102.829220132225,2102.829220132226,False
963652,345,1,26.23442540655133,12.039575625000001,3460846.4036004627,177,177,6.0,6.0,37069.09761132886,53620.190351740064,16551.092740411197,0.0,2043.8865925513996,2043.8865925513994,False
963652,345,2,21.916655101798476,10.0,4059273.225939033,187,187,6.0,6.0,23538.030616429434,37383.85596327544,13845.825346846006,0.0,1705.7281683557508,1705.728168355751,False
963652,345,3,14.874908718440143,11.0,6219728.8212134885,186,186,6.0,6.0,13006.659278932333,28574.612303249793,15567.95302431746,0.0,1920.9941280396824,1920.9941280396824,False
963652,345,4,15.1634770383706,11.0,3241400.2909079846,186,186,6.0,6.0,13957.360417139365,29967.96227018539,16010.601853046026,0.0,1976.3252316307533,1976.3252316307537,False
963652,345,5,11.0,11.542505037893063,4425170.968139284,204,204,6.0,6.0,6483.541415920758,24506.31852504282,18022.777109122064,0.0,2227.847138640258,2227.8471386402566,False
963652,345,6,13.34206483531579,10.5,3827811.669070074,178,178,6.0,6.0,9341.408493174928,23830.128360590606,14488.719867415679,0.0,1786.0899834269599,1786.08998342696,False
963652,345,7,11.615352936388108,10.0,7308504.157629864,197,197,6.0,6.0,6746.099419226599,22316.326429297827,15570.227010071229,0.0,1921.2783762589036,1921.278376258903,False
963652,345,8,15.235917800895963,10.0,6060860.06595731,207,207,6.0,6.0,13932.781656586887,29757.925054248964,15825.143397662077,0.0,1953.1429247077597,1953.14292470776,False
963652,345,9,45.04258857454918,392.0034905867857,3129342.2568829316,192,192,6.0,5.800000000000001,83967.54610463901,102345.01141546624,18377.465310827225,0.0,2272.183163853403,2272.1831638534018,False
963652,346,0,13.39103883134154,10.395000000000001,4039846.9227726823,188,188,6.0,6.0,9655.268387631226,24479.935277932644,14824.666890301418,0.0,1828.0833612876772,1828.0833612876768,False
963652,346,1,26.23442540655133,11.43759684375,3495686.112820567,177,177,6.0,6.0,37064.16386141785,53613.092014878355,16548.928153460507,0.0,2043.6160191825634,2043.6160191825643,False
963652,346,2,20.82082234670855,11.0,4083403.170170306,188,188,6.0,6.0,26897.944231273374,44006.65320389563,17108.708972622255,0.0,2113.588621577782,2113.588621577783,False
963652,346,3,16.36239959028416,10.45,6232620.271110871,187,187,6.0,6.0,15445.599897417,30613.169651529035,15167.569754112035,0.0,1870.9462192640044,1870.946219264004,False
963652,346,4,15.1634770383706,10.45,3252348.3340332033,187,187,6.0,6.0,13602.193125253676,29216.152632708858,15613.959507455182,0.0,1926.7449384318977,1926.744938431898,False
963652,346,5,10.45,10.96537978599841,4428190.671165979,204,204,6.0,6.0,5256.64050298652,23274.242145391505,18017.601642404985,0.0,2227.200205300623,2227.2002053006227,False
963652,346,6,13.34206483531579,10.0,3834290.039726744,178,178,6.0,6.0,8458.370656670018,21624.698731807573,13166.328075137555,0.0,1620.7910093921944,1620.7910093921937,False
963652,346,7,11.615352936388108,10.5,7313322.29575431,198,198,6.0,6.0,7397.138124445824,24407.9740414187,17010.835916972876,0.0,2101.3544896216094,2101.35448962161,False
963652,346,8,16.75950958098556,10.0,6075553.511507981,207,207,6.0,6.0,16863.445550671382,32647.37329723046,15783.927746559079,0.0,1947.9909683198848,1947.9909683198855,False
963652,346,9,45.04258857454918,411.603665116125,3133702.7114094174,193,193,6.0,5.9,84399.9618939208,102870.8150171924,18470.853123271605,0.0,2283.8566404089506,2283.8566404089493,False
963652,347,0,13.39103883134154,11.434500000000002,4048203.2451909385,189,189,6.0,6.0,11217.442918251283,28360.289409171597,17142.846490920314,0.0,2117.8558113650392,2117.85581136504,False
963652,347,1,26.23442540655133,10.8657170015625,3528554.4651438487,177,177,6.0,6.0,34991.58423258684,50631.20832732495,15639.624094738107,0.0,1929.9530118422633,1929.953011842264,False
963652,347,2,22.902904581379406,10.45,4110216.972446462,188,188,6.0,5.9,28778.402276190718,44534.24355153412,15755.841275343404,0.0,1944.4801594179255,1944.4801594179235,False
963652,347,3,16.36239959028416,10.0,6244160.440214663,188,188,6.0,6.0,14120.169103791768,28019.747985843398,13899.57888205163,0.0,1712.4473602564537,1712.4473602564542,False
963652,347,4,14.405303186452068,10.0,3261937.1244464596,187,187,6.0,6.0,11458.790413256194,26220.212502272476,14761.422089016281,0.0,1820.1777611270352,1820.1777611270354,False
963652,347,5,10.9725,10.41711079669849,4431645.536606236,204,204,6.0,6.0,5879.95604284904,22443.168269187936,16563.212226338896,0.0,2045.401528292362,2045.4015282923613,False
963652,347,6,13.34206483531579,10.5,3841780.4991677315,179,179,6.0,6.0,9969.959440987466,25399.96469851265,15430.005257525183,0.0,1903.7506571906479,1903.7506571906463,False
963652,347,7,11.615352936388108,11.55,7318519.153659866,199,199,6.0,6.0,8095.307905518941,26651.043683406937,18555.735777887996,0.0,2294.4669722359995,2294.4669722359986,False
963652,347,8,15.921534101936283,10.0,6088633.430304569,207,207,6.0,6.0,15249.918796588045,31052.87509043177,15802.956293843727,0.0,1950.3695367304658,1950.3695367304651,False
963652,347,9,49.5468474320041,391.0234818603187,3152828.250138427,192,192,6.0,5.9,94202.04724618577,112579.51255701299,18377.465310827225,0.0,2272.183163853403,2272.183163853404,False
963652,348,0,13.39103883134154,10.862775000000001,4056914.49477467,190,190,6.0,6.0,11275.176833695914,28503.697224954693,17228.52039125878,0.0,2128.5650489073473,2128.5650489073473,False
963652,348,1,26.23442540655133,10.322431151484373,3561608.7628876255,177,177,6.0,6.0,34981.36805755484,50616.510003915144,15635.141946360302,0.0,1929.3927432950377,1929.392743295039,False
963652,348,2,25.19319503951735,10.0,4138182.317705268,188,188,6.0,6.0,30145.34525880603,44465.045611909394,14319.700353103364,0.0,1764.9625441379205,1764.9625441379212,False
963652,348,3,16.36239959028416,10.0,6257214.460227915,188,188,6.0,6.0,15034.020013252171,29807.846435947187,14773.826422695016,0.0,1821.728302836877,1821.728302836878,False
963652,348,4,13.685038027129464,10.0,3270767.789737982,186,186,6.0,6.0,10690.66529152249,26216.037244429546,15525.371952907057,0.0,1915.671494113382,1915.6714941133819,False
963652,348,5,12.06975,10.0,4438016.494159091,204,204,6.0,6.0,8610.957552854783,26130.856913463784,17519.899360609,0.0,2164.987420076125,2164.987420076123,False
963652,348,6,12.67496159355,10.0,3847304.477450021,179,179,6.0,6.0,7413.978282289734,20643.352971133663,13229.37468884393,0.0,1628.6718361054911,1628.6718361054914,False
963652,348,7,11.034585289568701,10.9725,7323097.484190875,199,199,6.0,6.0,6761.858031037838,25315.22725079651,18553.36921975867,0.0,2294.171152469834,2294.1711524698344,False
963652,348,8,16.717610807033097,10.0,6103960.018685649,208,208,6.0,6.0,17906.588381080022,34722.69000054866,16816.101619468638,0.0,2077.0127024335798,2077.0127024335816,False
963652,348,9,54.50153217520452,371.47230776730277,3186636.927786879,193,193,6.0,5.9,106002.83304753136,124473.68617080296,18470.853123271605,0.0,2283.8566404089506,2283.8566404089515,False
963652,349,0,14.730142714475695,10.862775000000001,4069401.215882532,190,190,6.0,6.0,14550.648357826318,32284.4796403036,17733.831282477284,0.0,2191.7289103096605,2191.7289103096605,False
963652,349,1,24.922704136223764,10.0,3586520.0802024896,178,178,6.0,6.0,27191.317314863918,40340.22528813829,13148.907973274372,0.0,1618.6134966592965,1618.6134966592977,False
963652,349,2,27.712514543469087,10.0,4171424.806970424,189,189,6.0,6.0,35832.48926515615,50655.68274387711,14823.193478720958,0.0,1827.8991848401197,1827.8991848401197,False
963652,349,3,15.54427961076995,10.0,6269148.9486318575,188,188,6.0,6.0,13914.48840394283,29081.577782542718,15167.089378599887,0.0,1870.8861723249859,1870.886172324986,False
963652,349,4,13.00078612577299,10.0,3278552.291166619,186,186,6.0,5.9,9644.501428636651,25593.22761854536,15948.726189908708,0.0,1968.5907737385885,1968.5907737385887,False
963652,349,5,12.6732375,10.0,4445588.840854182,205,205,6.0,6.0,10222.346695090531,28264.104911043498,18041.758215952967,0.0,2230.219776994121,2230.219776994118,False
963652,349,6,12.67496159355,10.0,3853159.1430332633,179,179,6.0,6.0,7644.665583242329,21268.802532843027,13624.136949600697,0.0,1678.0171187000872,1678.0171187000865,False
963652,349,7,11.034585289568701,10.423874999999999,7327393.314972203,199,199,6.0,6.0,6570.181906394009,24618.240234934183,18048.058328540174,0.0,2231.0072910675217,2231.007291067521,False
963652,349,8,16.717610807033097,10.0,6120092.91261281,208,208,6.0,6.0,18412.893927161043,35693.62335100248,17280.72942384144,0.0,2135.09117798018,2135.09117798018,False
963652,349,9,59.951685392724976,408.61953854403305,3199543.664151029,193,193,6.0,5.9,91770.30730318316,112294.9866051067,20524.679301923534,410.76523573038554,2283.8566404089506,1873.091404678566,False
963652,350,0,15.466649850199481,10.31963625,4081622.881974241,191,191,6.0,6.0,14892.716615443236,31263.520837676868,16370.804222233632,0.0,2021.350527779204,2021.350527779204,False
963652,350,1,24.922704136223764,10.0,3611354.5607726453,179,179,6.0,6.0,27324.48057015569,40536.3398326424,13211.859262486709,0.0,1626.4824078108386,1626.4824078108395,False
963652,350,2,29.098140270642542,10.0,4207782.29877123,189,189,6.0,6.0,38347.4918008055,53163.94284580808,14816.45104500258,0.0,1827.0563806253224,1827.0563806253217,False
963652,350,3,16.32149359130845,10.0,6282630.289948358,188,188,6.0,6.0,15361.34131650027,30521.48388778447,15160.142571284201,0.0,1870.0178214105251,1870.017821410525,False
963652,350,4,14.30086473835029,11.0,3289289.810357541,187,187,6.0,6.0,13394.519190922107,30855.0315243215,17460.512333399394,0.0,2157.5640416749243,2157.564041674927,False
963652,350,5,12.6732375,10.5,4453661.633961361,205,205,6.0,6.0,10225.293107179146,28272.095213306453,18046.802106127307,0.0,2230.8502632659133,2230.850263265914,False
963652,350,6,12.67496159355,10.0,3858542.8340035793,180,180,6.0,6.0,7683.69097031608,21374.609879584794,13690.918909268714,0.0,1686.3648636585892,1686.3648636585888,False
963652,350,7,10.482856025090266,10.945068749999999,7329873.5589882,200,200,6.0,6.0,5369.257765916507,23513.93988888104,18144.682122964532,0.0,2243.0852653705665,2243.0852653705665,False
963652,350,8,16.717610807033097,10.0,6136416.861396353,208,208,6.0,6.0,18403.948783543285,35676.46940447689,17272.520620933607,0.0,2134.065077616701,2134.0650776167013,False
963652,350,9,53.95651685345248,408.61953854403305,3172290.4621150466,193,193,6.0,6.0,51710.36890305027,76559.75256555162,24849.383662501346,1275.7061078459483,2283.8566404089506,1418.9157682933874,False
963652,351,0,15.466649850199481,10.0,4094121.8347636666,191,191,6.0,6.0,14408.952789425226,30261.437459277466,15852.48466985224,0.0,1956.56058373153,1956.5605837315293,False
963652,351,1,24.922704136223764,10.0,3636684.513226992,179,179,6.0,6.0,27319.952454346574,40529.67110584221,13209.718651495634,0.0,1626.2148314369542,1626.214831436954,False
963652,351,2,32.007954297706796,10.0,4249249.385646284,189,189,6.0,6.0,43657.08687505424,58471.27226751596,14814.185392461713,0.0,1826.7731740577142,1826.7731740577099,False
963652,351,3,17.953642950439296,10.0,6299160.909554851,188,188,6.0,5.9,18410.61960649318,33568.45540523199,15157.83579873881,0.0,1869.7294748423512,1869.7294748423537,False
963652,351,4,15.015907975267805,10.45,3301290.0908637354,188,188,6.0,6.0,14564.88050622951,31600.76895662319,17035.88845039368,0.0,2104.48605629921,2104.4860562992094,False
963652,351,5,13.940561250000002,11.025,4465035.548931985,205,205,6.0,6.0,13834.039970700469,32933.318177049056,19099.278206348587,0.0,2362.4097757935733,2362.4097757935715,False
963652,351,6,13.3087096732275,10.0,3865293.6844479484,180,180,6.0,6.0,8750.850444369173,22439.40189333531,13688.551448966138,0.0,1686.0689311207673,1686.0689311207675,False
963652,351,7,10.482856025090266,10.397815312499999,7332895.032408026,200,200,6.0,6.0,5201.036482278552,22803.69351176046,17602.657029481907,0.0,2175.3321286852383,2175.332128685236,False
963652,351,8,17.553491347384753,10.0,6154937.488933224,208,208,6.0,6.0,20800.6275368718,38586.347163965555,17785.719627093753,0.0,2198.214953386719,2198.214953386719,False
963652,351,9,48.56086516810723,388.18856161683135,3099759.3964836826,193,193,6.0,6.0,2489.3267607038797,35139.867452007325,32650.540691303446,2835.9375136063686,2283.8566404089506,723.6252346485321,False
963652,352,0,14.693317357689507,10.0,4104183.5484665926,191,191,6.0,6.0,12171.713702925746,27158.657804672468,14986.944101746722,0.0,1848.3680127183402,1848.3680127183416,False
963652,352,1,26.168839343034954,10.5,3669845.6493210746,179,179,6.0,6.0,35240.6360940828,51045.65540211869,15805.019308035888,0.0,1950.627413504486,1950.6274135044855,False
963652,352,2,30.407556582821453,10.0,4286646.776799518,189,189,6.0,6.0,39487.391153234275,53856.679449008654,14369.288295774377,0.0,1771.161036971797,1771.1610369717976,False
963652,352,3,17.05596080291733,10.5,6315854.058781706,188,188,6.0,5.9,18867.149226854126,35910.99353387607,17043.844307021944,0.0,2105.480538377743,2105.4805383777434,False
963652,352,4,13.514317177741024,10.0,3309576.9890517746,188,188,6.0,6.0,10466.898188039071,26142.102597530575,15675.204409491504,0.0,1934.400551186438,1934.4005511864373,False
963652,352,5,14.637589312500003,10.473749999999999,4476480.711388664,206,206,6.0,6.0,14302.754956655786,31982.29974180119,17679.544785145405,0.0,2184.9430981431756,2184.9430981431756,False
963652,352,6,14.639580640550252,10.0,3874146.9043212277,180,180,6.0,6.0,10653.219873279219,23930.21429307107,13276.99441979185,0.0,1634.6243024739813,1634.6243024739822,False
963652,352,7,10.482856025090266,10.917706078124999,7335552.420415298,201,201,6.0,6.0,5551.846928933883,24284.848829355426,18733.001900421543,0.0,2316.625237552693,2316.6252375526938,False
963652,352,8,19.30884048212323,10.0,6176120.339546586,208,208,6.0,6.0,23262.85061336241,40060.73305795219,16797.882444589777,0.0,2074.735305573722,2074.7353055737217,False
963652,352,9,43.70477865129651,407.5979896976729,2998671.4059491893,194,194,6.0,6.0,-21413.980533183312,20466.164512366122,41880.145045549434,4663.18373385389,2295.5282970349976,468.28207678747714,False
963652,353,0,15.427983225573984,10.0,4116290.385990266,191,191,6.0,6.0,14316.837523673468,30151.592835121206,15834.755311447738,0.0,1954.3444139309672,1954.3444139309688,False
963652,353,1,28.78572327733845,10.0,3701607.2840087977,179,179,6.0,6.0,33551.63468772333,46741.9489480968,13190.31426037347,0.0,1623.7892825466838,1623.7892825466845,False
963652,353,2,28.887178753680377,10.0,4316592.308021335,190,190,6.0,6.0,32345.53122181727,48067.45111379095,15721.919891973683,170.01118559532256,1833.9829954996337,1663.9718099043127,False
963652,353,3,17.05596080291733,10.0,6330066.654160298,189,189,6.0,5.9,16802.59537859224,32022.62097156076,15220.025592968519,0.0,1877.5031991210649,1877.503199121064,False
963652,353,4,14.865748895515127,10.5,3321858.271348364,189,189,6.0,5.9,14765.782296589463,32403.975885481686,17638.193588892223,0.0,2179.774198611528,2179.7741986115275,False
963652,353,5,16.101348243750003,10.0,4491644.532273284,207,207,6.0,6.0,18033.82088461958,36239.53582095659,18205.714936337008,0.0,2250.714367042126,2250.7143670421233,False
963652,353,6,16.103538704605278,10.0,3885788.505588578,180,180,6.0,6.0,13441.60126735047,27108.904147854184,13667.302880503714,0.0,1683.4128600629642,1683.4128600629624,False
963652,353,7,10.482856025090266,10.37182077421875,7338860.920535042,201,201,6.0,6.0,5393.23609530363,23615.17869296287,18221.94259765924,0.0,2252.742824707405,2252.7428247074035,False
963652,353,8,21.239724530335554,10.0,6202346.218236324,209,209,6.0,5.9,29015.87868973778,46869.34489157409,17853.46620183631,0.0,2206.6832752295386,2206.6832752295413,False
963652,353,9,39.33430078616686,387.21809021278926,2869054.393686766,195,195,6.0,6.0,-53509.48467090732,5.861977570020827e-14,53509.48467090732,6970.3811185952645,2307.1973847413747,1.4902966247927751e-15,False
963652,354,0,14.656584064295284,10.5,4127922.1868274002,191,191,6.0,6.0,13637.300837133957,30467.212760103288,16829.91192296933,0.0,2078.7389903711664,2078.738990371165,False
963652,354,1,31.6642956050723,10.0,3717225.9033160247,179,179,6.0,5.9,17408.619307226858,33422.90587158929,16014.286564362434,566.920985208235,1622.4602047901574,1055.5392195819218,False
963652,354,2,27.44281981599636,10.0,4354473.753222723,191,191,6.0,5.9,40291.44520138724,55232.45878169749,14941.013580310244,0.0,1842.6266975387805,2012.6378831341017,False
963652,354,3,16.203162762771463,11.0,6344844.349769998,189,189,6.0,6.0,17156.695609699724,34283.52845370458,17126.832844004857,0.0,2115.854105500607,2115.8541055006085,False
963652,354,4,16.35232378506664,10.0,3335542.3728164923,190,190,6.0,5.9,16084.101468128234,31881.2951470831,15797.193678954865,0.0,1949.6492098693582,1949.6492098693589,False
963652,354,5,16.101348243750003,10.0,4507021.772314394,207,207,6.0,6.0,17547.24004110936,35272.461282944925,17725.221241835567,0.0,2190.652655229446,2190.6526552294463,False
963652,354,6,17.713892575065806,10.0,3899508.768775181,181,181,6.0,5.9,16230.263186602835,29961.615780537843,13731.352593935007,0.0,1691.419074241876,1691.4190742418757,False
963652,354,7,11.00699882634478,11.409002851640626,7343332.016942651,201,201,6.0,6.0,6764.305980799891,25492.563244579447,18728.257263779557,0.0,2316.0321579724446,2316.0321579724427,False
963652,354,8,21.239724530335554,10.0,6226997.776348646,210,210,6.0,5.9,27451.55811232112,44359.795839753846,16908.237727432726,0.0,2088.529715929091,2088.5297159290903,False
963652,354,9,35.40087070755017,406.57899472342876,2723567.7444106103,196,196,6.0,6.0,-65197.166310349196,0.0,65197.166310349196,9289.247327623947,2318.8662090286825,0.0,False
963652,355,0,13.92375486108052,10.0,4136941.1644564457,191,191,6.0,6.0,11028.977629045638,26393.653267898688,15364.67563885305,0.0,1895.5844548566313,1895.5844548566313,False
963652,355,1,30.081080824818685,10.0,3720513.8668708964,180,180,6.0,5.9,5587.963554871883,25566.979272787277,19979.015717915394,1347.2999528038026,1630.3144942370475,849.9355266414827,False
963652,355,2,28.81496080679618,10.0,4390594.652520959,191,191,6.0,6.0,38130.8992982363,53062.95655417736,14932.057255941068,0.0,1841.5071569926336,1841.5071569926324,False
963652,355,3,17.01332090091004,11.55,6361694.338858758,190,190,6.0,6.0,19544.489088724775,37269.20771866395,17724.718629939176,0.0,2190.589828742397,2190.589828742396,False
963652,355,4,15.534707595813309,10.0,3348369.7691745367,190,190,6.0,5.9,14927.396358044172,31188.958047790176,16261.561689746004,0.0,2007.6952112182505,2007.6952112182514,False
963652,355,5,17.711483068125006,10.0,4526597.145216195,207,207,6.0,6.0,21645.372901801285,39840.87183728483,18195.498935483545,0.0,2249.437366935443,2249.437366935445,False
963652,355,6,16.828197946312514,10.0,3912220.333829403,181,181,6.0,5.9,14721.565054222003,28443.29634748522,13721.731293263216,0.0,1690.216411657902,1690.2164116579024,False
963652,355,7,10.45664888502754,10.838552709058593,7346001.372223335,202,202,6.0,6.0,5358.742927849387,23660.6148289683,18301.871901118913,0.0,2262.733987639864,2262.7339876398637,False
963652,355,8,21.239724530335554,10.0,6252696.911147594,211,211,6.0,6.0,28409.13479894858,45895.9807500998,17486.84595115122,0.0,2160.8557438939024,2160.8557438939024,False
963652,355,9,31.86078363679515,386.2500449872573,2569933.296590378,197,197,6.0,6.0,-76943.18895777942,0.0,76943.18895777942,11619.782121443923,2330.534793819975,0.0,False
963652,356,0,15.316130347188572,10.0,4148697.290977794,191,191,6.0,6.0,13666.126521348451,29028.378546206804,15362.252024858353,0.0,1895.2815031072942,1895.2815031072944,False
963652,356,1,27.072972742336816,10.0,3754107.0278076683,181,181,6.0,6.0,36203.16093677197,54399.463103191796,18196.302166419824,976.9067635919429,1638.971043557514,2009.3642327693742,False
963652,356,2,27.37421276645637,10.0,4364548.724654184,191,191,6.0,6.0,-24135.92786677546,6.3948846218409e-14,24135.92786677546,1841.2252205211892,1841.2252205211892,2.336098092171265e-15,False
963652,356,3,18.714652991001042,12.127500000000001,6382664.583792132,190,190,6.0,6.0,23274.46993345222,41001.47333947407,17727.00340602185,0.0,2190.875425752731,2190.875425752733,False
963652,356,4,17.088178355394643,11.0,3365032.0595387234,191,191,6.0,5.9,19263.290364186545,36596.13226325282,17332.841899066272,0.0,2141.605237383284,2141.6052373832827,False
963652,356,5,17.711483068125006,10.0,4544804.351820623,207,207,6.0,6.0,20377.206604427454,37528.03189863274,17150.825294205286,0.0,2118.8531617756607,2118.8531617756603,False
963652,356,6,18.511017740943768,10.0,3927973.078302725,181,181,6.0,5.9,17562.744473322316,31282.07811815541,13719.333644833092,0.0,1689.9167056041365,1689.916705604136,False
963652,356,7,10.979481329278919,10.296625073605663,7349503.723744956,203,203,6.0,6.0,6192.566411642372,23556.80596924203,17364.239557599656,0.0,2145.529944699957,2145.529944699959,False
963652,356,8,21.239724530335554,10.5,6280682.372736907,211,211,6.0,6.0,30200.96158931226,48770.50486472164,18569.543275409378,0.0,2296.1929094261723,2296.1929094261723,False
963652,356,9,28.674705273115638,366.93754273789443,2409469.3668891517,196,196,6.0,6.0,-88444.17132459249,0.0,88444.17132459249,13938.648330472606,2318.8662090286825,0.0,False
963652,357,0,14.550323829829143,10.0,4158013.0544496756,192,192,6.0,6.0,11935.763471881226,26957.33722872892,15021.573756847694,0.0,1852.6967196059618,1852.6967196059627,False
963652,357,1,24.365675468103134,10.0,3786468.5888630976,181,181,6.0,6.0,34171.56105542921,50236.606265207454,16065.04520977825,552.7752106410286,1637.6461445716386,2061.777697522554,False
963652,357,2,24.636791489810733,10.0,4329415.973210356,192,192,6.0,6.0,-32712.751443827925,1.0054179711005422e-12,32712.751443827925,3634.0425544613413,1792.8173339401521,4.080961482002891e-14,False
963652,357,3,17.778920341450988,12.733875000000001,6400870.91843681,191,191,6.0,6.0,21338.5047696625,39158.85876998281,17820.354000320312,0.0,2202.544250040039,2202.544250040042,False
963652,357,4,16.23376943762491,10.45,3378776.8772622915,192,192,6.0,6.0,16551.217723603928,33026.84249109652,16475.62476749259,0.0,2034.4530959365738,2034.453095936573,False
963652,357,5,19.482631374937508,10.5,4567751.172826392,208,208,6.0,6.0,25830.821005769125,44166.60898383497,18335.787978065848,0.0,2266.973497258231,2266.9734972582287,False
963652,357,6,17.585466853896577,11.0,3944644.95011372,182,182,6.0,5.9,19373.87181099451,35910.16266408952,16536.290853095008,0.0,2042.0363566368758,2042.0363566368765,False
963652,357,7,10.430507262814972,10.0,7352044.418053858,203,203,6.0,6.0,4870.69430890181,21760.854051206843,16890.159742305033,0.0,2086.269967788129,2086.2699677881296,False
963652,357,8,23.36369698336911,10.0,6310425.045813047,211,211,6.0,6.0,32052.67307614033,49046.89811770584,16994.225041565507,0.0,2099.2781301956884,2099.278130195692,False
963652,357,9,25.807234745804074,385.2844198747892,2234452.097359592,195,195,6.0,6.0,-99886.8076540009,0.0,99886.8076540009,16245.845715213982,2307.1973847413747,0.0,False
963652,358,0,15.2778400213206,10.0,4169168.448574847,192,192,6.0,6.0,13275.39412517135,28287.914417670072,15012.520292498722,0.0,1851.5650365623403,1851.565036562341,False
963652,358,1,23.147391694697976,10.0,3759796.9849891854,182,182,6.0,6.0,-24351.603873912474,0.0,24351.603873912474,2197.985043003131,1645.2098323621024,0.0,False
963652,358,2,22.17311234082966,10.0,4410202.923834269,193,193,6.0,6.0,83316.95062391243,102078.08887414022,18761.138250227785,831.0750405610819,1800.7203809277967,4603.687894828062,False
963652,358,3,17.778920341450988,12.09718125,6419896.066415232,191,191,6.0,6.0,21335.709597236193,39153.776905505714,17818.06730826952,0.0,2202.25841353369,2202.2584135336906,False
963652,358,4,15.422080965743664,10.0,3391279.712063528,192,192,6.0,5.9,14422.834801236495,30384.274072759014,15961.439271522519,0.0,1970.1799089403148,1970.1799089403148,False
963652,358,5,18.50849980619063,10.0,4588210.727638251,209,209,6.0,6.0,23049.55481185919,40949.173399214706,17899.618587355515,0.0,2212.4523234194394,2212.4523234194394,False
963652,358,6,18.464740196591407,10.45,3963314.4989219136,183,183,6.0,5.9,21281.89880822787,37904.20717301649,16622.30836478862,0.0,2052.7885455985775,2052.788545598579,False
963652,358,7,10.0,10.0,7353451.122579013,204,204,6.0,6.0,4246.704525155299,22233.522625776444,17986.818100621145,0.0,2223.352262577643,2223.3522625776445,False
963652,358,8,22.195512134200655,10.0,6280741.259144135,211,211,6.0,6.0,-27473.78666891228,2.048139435828487e-12,27473.786668912282,2097.9835899163295,2097.9835899163295,9.227718754335688e-14,False
963652,358,9,23.226511271223668,366.02019888104974,2050537.6490854418,196,196,6.0,6.0,-111574.48929344278,0.0,111574.48929344278,18564.711924242663,2318.8662090286825,0.0,False
963652,359,0,15.2778400213206,10.0,4179898.608101671,192,192,6.0,6.0,12850.159526824216,27395.25036541749,14545.090838593274,0.0,1793.1363548241593,1793.1363548241602,False
963652,359,1,20.83265252522818,10.5,3720160.6976282937,183,183,6.0,6.0,-37114.78736089186,6.110667527536861e-13,37114.78736089186,4192.205208070532,1994.2201650674003,2.933216267173318e-14,False
963652,359,2,21.064456723788176,10.0,4380509.245689029,194,194,6.0,6.0,-27153.678145240418,0.0,27153.678145240418,2584.790651517621,1753.715610956539,0.0,False
963652,359,3,16.88997432437844,13.306899375000002,6436117.79921297,192,192,6.0,6.0,19476.657477792047,37383.48700042311,17906.829522631066,0.0,2213.353690328883,2213.3536903288837,False
963652,359,4,16.96428906231803,11.0,3407955.826889066,192,192,6.0,6.0,19088.114825538112,36501.40608953087,17413.29126399276,0.0,2151.661407999095,2151.6614079990954,False
963652,359,5,20.359349786809695,10.0,4611400.442693536,209,209,6.0,6.0,25579.715055285207,42466.49259615432,16886.777540869112,0.0,2085.847192608639,2085.8471926086404,False
963652,359,6,20.311214216250548,10.45,3981015.4319144106,183,183,6.0,5.9,19613.282992530956,36176.79790319454,16563.514910663587,162.65540268496284,1943.7797371548468,1781.124334469886,False
963652,359,7,11.0,10.0,7357041.65617019,205,205,6.0,6.0,6140.533591177373,23248.623167650363,17108.08957647299,0.0,2113.511197059124,2113.511197059124,False
963652,359,8,19.97596092078059,10.0,6344269.725897394,212,212,6.0,6.0,66248.46675325907,82840.79048308775,16592.32372982869,0.0,2049.0404662285864,4147.024056144911,False
963652,359,9,20.9038601441013,347.7191889369972,1858216.4569239826,197,197,6.0,5.9,-123320.511940873,0.0,123320.511940873,20895.246718062637,2330.534793819975,0.0,False
963652,360,0,14.513948020254569,10.5,4190470.5373038677,192,192,6.0,6.0,12587.929202196798,28493.217807428264,15905.288605231466,0.0,1963.1610756539333,1963.1610756539353,False
963652,360,1,18.749387272705363,10.0,3814072.2509890436,184,184,6.0,6.0,96251.55336075005,109736.23568552456,13484.682324774503,0.0,1660.585290596813,5852.790498667354,False
963652,360,2,18.958011051409358,10.0,4340455.392631321,195,195,6.0,6.0,-37503.8530577073,3.3750779948604764e-13,37503.8530577073,4460.167559219098,1875.3769077014767,1.7802911844012084e-14,False
963652,360,3,16.88997432437844,12.641554406250002,6452553.25387948,193,193,6.0,6.0,19575.274666851175,37570.84882289587,17995.57415604469,0.0,2224.4467695055864,2224.4467695055832,False
963652,360,4,18.660717968549836,11.55,3428469.259995018,192,192,6.0,6.0,22731.03310591632,40138.904600924565,17407.871495008243,0.0,2150.9839368760304,2150.983936876028,False
963652,360,5,20.359349786809695,11.0,4579355.111565755,209,209,6.0,6.0,-29746.331127781,0.0,29746.331127781,2272.794702137,2272.794702137,0.0,False
963652,360,6,20.311214216250548,10.0,3956031.3709560563,183,183,6.0,5.9,-23154.060958354385,0.0,23154.060958354385,1865.7926292180068,1703.137226533044,0.0,False
963652,360,7,10.45,10.0,7359570.863315568,205,205,6.0,6.0,4779.207145377692,21237.842722121215,16458.635576743523,0.0,2032.3294470929407,2032.3294470929395,False
963652,360,8,19.97596092078059,11.0,6311799.383837979,213,213,6.0,6.0,-29427.34205941506,0.0,29427.34205941506,2248.257081493466,2248.257081493466,0.0,False
963652,360,9,18.813474129691173,330.33322949014735,1702806.6582270595,198,198,6.0,6.0,-89403.81925788529,36121.22863823043,125525.04789611572,21317.484192689037,2342.203366583816,1919.965891957424,False
963652,361,0,13.78825061924184,11.55,4200201.418657462,192,192,6.0,6.0,12248.481353559,29653.65393150727,17405.17257794827,0.0,2150.6465722435337,2150.6465722435355,False
963652,361,1,17.811917909070093,10.5,3785932.616449119,185,185,6.0,6.0,-25697.13453992434,0.0,25697.13453992434,1961.3180415326415,1961.3180415326415,0.0,False
963652,361,2,17.06220994626842,10.0,4291769.346642379,196,196,6.0,5.9,-46226.04598894243,7.851497230149109e-13,46226.04598894243,6285.183574053478,1825.0160148343803,4.601688324592598e-14,False
963652,361,3,16.045475608159517,12.009476685937502,6467311.6862883,194,194,6.0,6.0,17788.27088588342,35874.86629624317,18086.59541035975,0.0,2235.824426294969,2235.824426294969,False
963652,361,4,17.727682070122345,10.9725,3398791.537388785,192,192,6.0,6.0,-27371.002606204624,0.0,27371.002606204624,2090.077123554202,2090.077123554202,0.0,False
963652,361,5,18.323414808128724,10.45,4537666.276332381,209,209,6.0,6.0,-39504.78523333476,0.0,39504.78523333476,4422.087911571597,2149.293209434597,0.0,False
963652,361,6,18.280092794625492,10.0,3922588.9045236087,184,184,6.0,5.800000000000001,-31102.466432447414,0.0,31102.466432447414,3525.292882014728,1659.5002527967215,0.0,False
963652,361,7,10.0,10.0,7360781.970399253,206,206,6.0,6.0,3771.107083684543,19855.535418422678,16084.428334738135,0.0,1985.553541842267,1985.5535418422678,False
963652,361,8,17.97836482870253,10.45,6270620.629172081,212,212,6.0,6.0,-38863.35466585832,0.0,38863.35466585832,4357.647024446619,2109.389942953153,0.0,False
963652,361,9,16.932126716722056,313.81656801564,1733050.0827585896,198,198,6.0,6.0,92479.10499862063,177345.60869632356,84866.50369770292,13185.77535300648,2342.203366583816,10473.912206266341,False
963652,362,0,13.098838088279747,10.9725,4207869.422488312,193,193,6.0,6.0,10485.69633087899,27451.39258695938,16965.69625608039,0.0,2095.712032010049,2095.7120320100494,False
963652,362,1,16.030726118163084,10.0,3752394.151767187,185,185,6.0,5.9,-31688.464681932383,0.0,31688.464681932383,3629.1545395533476,1667.836498020706,0.0,False
963652,362,2,15.35598895164158,10.0,4233596.678789122,196,196,6.0,6.0,-56112.667853256906,0.0,56112.667853256906,8168.779726591133,1883.596152537655,0.0,False
963652,362,3,16.045475608159517,11.409002851640626,6435728.8402855685,194,194,6.0,6.0,-29269.499449502557,0.0,29269.499449502557,2236.1153422694274,2236.1153422694274,0.0,False
963652,362,4,15.95491386311011,10.423874999999999,3358815.192802707,193,193,6.0,6.0,-37164.536711104214,0.0,37164.536711104214,4129.627207656757,2039.5500841025541,0.0,False
963652,362,5,16.491073327315853,10.9725,4481908.099415665,210,210,6.0,6.0,-52853.951916684906,0.0,52853.951916684906,6771.588862250591,2349.500950678994,0.0,False
963652,362,6,16.452083515162943,10.0,3880681.5478974166,184,184,6.0,5.800000000000001,-40067.35662619227,0.0,40067.35662619227,5236.130744793084,1710.8378627783559,0.0,False
963652,362,7,11.0,10.0,7364752.340252726,206,206,6.0,6.0,6130.369853473265,23211.356129401956,17080.98627592869,0.0,2110.1232844910865,2110.123284491087,False
963652,362,8,16.18052834583228,10.0,6218450.761770212,213,213,6.0,6.0,-49439.86740186873,0.0,49439.86740186873,6469.311045957053,2111.6640215104335,0.0,False
963652,362,9,15.238914045049851,298.12573961485793,1851845.2222243075,197,197,6.0,6.0,177525.91016986207,206272.28307307014,28746.372903208085,1980.4189105296564,2330.534793819975,13535.891236296777,False
963652,363,0,12.443896183865759,10.423874999999999,4214503.977009923,194,194,6.0,6.0,9156.786271674733,26201.079449622393,17044.29317794766,0.0,2105.5366472434575,2105.53664724346,False
963652,363,1,14.427653506346775,10.0,3709819.6218917887,186,186,6.0,6.0,-40114.52987539793,0.0,40114.52987539793,5303.674322448054,1674.519782894707,0.0,False
963652,363,2,13.820390056477422,10.0,4354729.817171997,197,197,6.0,6.0,123703.1383828755,139032.59351441415,15329.455131538645,0.0,1891.1818914423307,10059.961618033461,False
963652,363,3,14.440928047343565,10.838552709058593,6392421.127033191,195,195,6.0,6.0,-40594.19547417382,0.0,40594.19547417382,4483.316785563788,2247.2014432943606,0.0,False
963652,363,4,14.3594224767991,10.0,3310840.5986115183,193,193,6.0,6.0,-45944.59419118885,412.12123365005436,46356.715424838905,6074.163834614841,1973.237031470588,28.700404512502477,False
963652,363,5,14.841965994584267,10.423874999999999,4414373.535594141,211,211,6.0,6.0,-64735.12619645419,0.0,64735.12619645419,9131.372084189148,2359.7832219385564,0.0,False
963652,363,6,14.80687516364665,10.0,3829417.365022142,185,185,6.0,5.800000000000001,-48714.18287527449,0.0,48714.18287527449,6954.094525663013,1717.9637808699285,0.0,False
963652,363,7,11.0,10.0,7368334.223785333,207,207,6.0,6.0,6351.883532607124,24023.5729528928,17671.689420285675,0.0,2183.9611775357093,2183.961177535709,False
963652,363,8,14.562475511249051,10.0,6155407.253035835,214,214,6.0,6.0,-60103.50873437747,0.0,60103.50873437747,8589.076700156453,2119.765654199401,0.0,False
963652,363,9,13.715022640544866,283.21945263411504,1835515.0060671961,198,198,6.0,6.0,40347.23546446438,59284.86239713491,18937.62693267053,0.0,2342.203366583816,4322.622277113474,False
963652,364,0,11.82170137467247,10.0,4218998.877428025,195,195,6.0,6.0,6944.900418102092,22101.38124719761,15156.480829095517,0.0,1869.5601036369396,1869.5601036369392,False
963652,364,1,12.984888155712099,10.0,3784497.763980455,187,187,6.0,6.0,77048.14208866665,90697.63011820796,13649.488029541315,0.0,1681.1860036926644,6984.860326140719,False
963652,364,2,13.12937055365355,11.0,4321894.607236483,198,198,6.0,6.0,-29857.20993551454,0.0,29857.20993551454,2281.3238411934262,2281.3238411934262,0.0,False
963652,364,3,12.996835242609208,10.296625073605663,6341446.060677616,196,196,6.0,6.0,-48356.92784107076,2003.439802001202,50360.367643071964,6522.5935142442895,2193.425008981314,154.14828030081244,False
963652,364,4,12.92348022911919,10.0,3396453.851808346,194,194,6.0,6.0,88053.2531968276,104102.06991645388,16048.816719626273,0.0,1981.1020899532841,8055.265924568141,False
963652,364,5,13.35776939512584,10.0,4336738.919036853,212,212,6.0,6.0,-74914.61655728756,0.0,74914.61655728756,11366.58409467698,2235.2120104878327,0.0,False
963652,364,6,13.326187647281985,10.0,3769561.1475868947,186,186,6.0,5.9,-57396.217435247454,0.0,57396.217435247454,8679.151818503966,1725.0572928409533,0.0,False
963652,364,7,11.0,10.0,7372031.798447742,208,208,6.0,6.0,6577.574662408348,24851.107095497195,18273.532433088847,0.0,2259.191554136106,2259.1915541361086,False
963652,364,8,13.106227960124146,10.0,6081862.789187568,215,215,6.0,6.0,-70794.46384826707,0.0,70794.46384826707,10715.929034578361,2126.852334421909,0.0,False
963652,364,9,13.029271508517622,269.0584800024093,1751392.783261121,198,198,6.0,6.0,-30648.64376558961,0.0,30648.64376558961,2342.203366583816,2342.203366583816,0.0,False
963652,365,0,13.003871512139717,10.5,4189205.0311792004,195,195,6.0,6.0,-27746.346248824568,0.0,27746.346248824568,2118.9497114480437,2118.9497114480437,0.0,False
963652,365,1,12.335643747926493,11.0,3754214.442644688,187,187,6.0,6.0,-28226.321335767487,0.0,28226.321335767487,2155.8708719821143,2155.8708719821143,0.0,False
963652,365,2,11.816433498288195,10.45,4281046.956010695,199,199,6.0,6.0,-38168.10122575138,0.0,38168.10122575138,4324.514765792215,2043.1909245987886,0.0,False
963652,365,3,11.697151718348287,10.0,6421517.809558441,197,197,6.0,6.0,82641.74888082499,97006.12934724387,14364.380466418876,0.0,1770.5475583023594,8293.141072546656,False
963652,365,4,12.92348022911919,10.0,3369170.825968233,195,195,6.0,6.0,-24633.02584011278,0.0,24633.02584011278,1879.4635261625215,1879.4635261625215,0.0,False
963652,365,5,12.021992455613256,10.0,4249448.060151363,213,213,6.0,6.0,-84560.85888549042,0.0,84560.85888549042,13484.117818685098,2117.5337240081167,0.0,False
963652,365,6,11.993568882553786,10.5,3698432.0459196963,186,186,6.0,5.9,-69176.10166719825,0.0,69176.10166719825,10646.870478094614,1967.718659590648,0.0,False
963652,365,7,11.55,10.5,7377245.351848754,209,209,6.0,6.0,8108.053401012046,27030.427262447673,18922.373861435626,0.0,2340.2967326794533,2340.296732679452,False
963652,365,8,11.795605164111732,10.0,6119492.619298871,216,216,6.0,6.0,40389.83011130251,84483.3460872095,44093.515975906994,5563.2894691119745,2009.6335787933906,7162.273144259786,False
963652,365,9,11.72634435766586,282.5114040025298,1689237.2168206745,199,199,6.0,5.9,-5435.797043938983,25992.562184231145,31428.359228170128,2479.478625155147,2353.8707627992994,2216.595504227968,False
