seed,firm_id,step,price,wage,employees,inventory,production,capital,profit,revenue,costs,sales,quality,marketing,bankrupt
44263,firm_0,1,39.82,27.66,11,0,127,85681.42,4571.39,5057.14,485.75,127,0.25,0.28,False
44263,firm_0,2,37.83,26.28,12,0,138,89576.1,4710.04,5220.54,510.5,138,0.25,0.28,False
44263,firm_0,3,34.05,26.28,11,0,127,92919.27,3832.25,4324.35,492.1,127,0.3,0.18,False
44263,firm_0,4,37.46,26.28,12,0,139,96791.15,4687.24,5206.94,519.7,139,0.3,0.1,False
44263,firm_0,5,37.46,23.65,12,0,138,101159.43,4652.08,5169.48,517.4,138,0.3,0.1,False
44263,firm_0,6,35.59,22.47,13,0,149,104920.08,4752.76,5302.91,550.15,149,0.35,0.1,False
44263,firm_0,7,37.37,24.72,12,0,138,109156.2,4632.76,5157.06,524.3,138,0.35,0.2,False
44263,firm_0,8,39.24,22.25,12,0,138,113780.02,4890.82,5415.12,524.3,138,0.35,0.1,False
44263,firm_0,9,43.16,20.03,13,0,149,118692.87,5873.24,6430.84,557.6,149,0.4,0.1,False
44263,firm_0,10,41.0,19.03,13,0,149,123789.43,5543.95,6109.0,565.05,149,0.45,0.1,False
44263,firm_0,11,43.05,19.98,14,0,161,129346.31,6336.6,6931.05,594.45,161,0.45,0.1,False
44263,firm_0,12,45.2,19.98,15,0,172,135491.01,7144.4,7774.4,630.0,172,0.5,0.1,False
44263,firm_0,13,40.68,19.98,16,0,184,141396.45,6825.12,7485.12,660.0,184,0.5,0.2,False
44263,firm_0,14,36.61,20.98,16,0,184,147137.01,6076.24,6736.24,660.0,184,0.5,0.1,False
44263,firm_0,15,36.61,18.88,17,0,195,152767.5,6451.45,7138.95,687.5,195,0.5,0.1,False
44263,firm_0,16,38.44,17.94,16,0,184,158893.42,6412.96,7072.96,660.0,184,0.5,0.1,False
44263,firm_0,17,42.28,19.73,17,0,195,165405.36,7547.35,8244.6,697.25,195,0.55,0.1,False
44263,firm_0,18,44.39,20.72,18,0,207,172993.28,8460.88,9188.73,727.85,207,0.55,0.1,False
44263,firm_0,19,39.95,19.68,19,0,219,179899.01,7979.65,8749.05,769.4,219,0.6,0.1,False
44263,firm_0,20,37.95,18.7,18,0,207,186679.86,7117.45,7855.65,738.2,207,0.6,0.1,False
44263,firm_0,21,37.95,16.83,18,0,207,193184.02,7107.1,7855.65,748.55,207,0.65,0.2,False
44263,firm_0,22,36.05,15.99,18,0,207,199399.65,6703.45,7462.35,758.9,207,0.7,0.1,False
44263,firm_0,23,37.85,17.59,19,0,218,205717.24,7451.8,8251.3,799.5,218,0.75,0.2,False
44263,firm_0,24,39.74,15.83,20,0,230,213208.34,8307.7,9140.2,832.5,230,0.75,0.1,False
44263,firm_0,25,43.71,15.04,20,0,230,221816.84,9209.3,10053.3,844.0,230,0.8,0.2,False
44263,firm_0,26,45.9,15.79,21,0,241,231072.35,10187.1,11061.9,874.8,241,0.8,0.3,False
44263,firm_0,27,45.9,15.79,21,0,241,240715.81,10175.05,11061.9,886.85,241,0.85,0.3,False
44263,firm_0,28,48.2,17.37,21,0,241,250868.34,10717.3,11616.2,898.9,241,0.9,0.2,False
44263,firm_0,29,43.38,19.11,22,0,253,259889.36,10041.44,10975.14,933.7,253,0.9,0.3,False
44263,firm_0,30,41.21,17.2,22,0,253,268690.74,9479.78,10426.13,946.35,253,0.95,0.4,False
44263,firm_0,31,41.21,17.2,22,0,253,277579.47,9467.13,10426.13,959.0,253,1.0,0.4,False
44263,firm_0,32,41.21,17.2,23,0,264,286258.11,9874.24,10879.44,1005.2,264,1.05,0.5,False
44263,firm_0,33,45.33,17.2,24,0,276,296500.79,11455.48,12511.08,1055.6,276,1.1,0.6,False
44263,firm_0,34,47.6,15.48,23,0,264,307379.55,11534.8,12566.4,1031.6,264,1.15,0.7,False
44263,firm_0,35,42.84,13.93,24,0,276,317085.87,10740.64,11823.84,1083.2,276,1.2,0.6,False
44263,firm_0,36,42.84,13.23,25,0,288,327157.04,11201.92,12337.92,1136.0,288,1.25,0.7,False
44263,firm_0,37,42.84,13.23,25,0,287,337888.62,11162.33,12295.08,1132.75,287,1.25,0.8,False
44263,firm_0,38,38.56,12.57,24,0,276,347132.5,9545.56,10642.56,1097.0,276,1.25,0.8,False
44263,firm_0,39,36.63,11.94,23,0,264,355370.2,8612.32,9670.32,1058.0,264,1.25,0.9,False
44263,firm_0,40,40.29,11.34,24,0,276,364521.08,10023.04,11120.04,1097.0,276,1.25,1.0,False
44263,firm_0,41,38.28,10.21,24,0,276,373430.52,9454.48,10565.28,1110.8,276,1.3,1.1,False
44263,firm_0,42,38.28,11.23,23,0,264,382106.95,9034.72,10105.92,1071.2,264,1.3,1.2,False
44263,firm_0,43,40.19,10.67,22,0,253,391005.38,9133.17,10168.07,1034.9,253,1.3,1.2,False
44263,firm_0,44,40.19,10.14,23,0,264,399597.92,9525.76,10610.16,1084.4,264,1.35,1.1,False
44263,firm_0,45,42.2,10.0,24,0,275,409341.67,10483.75,11605.0,1121.25,275,1.35,1.0,False
44263,firm_0,46,46.42,10.0,24,0,275,420532.17,11630.5,12765.5,1135.0,275,1.4,1.0,False
44263,firm_0,47,41.78,10.0,24,0,275,430432.92,10340.75,11489.5,1148.75,275,1.45,0.9,False
44263,firm_0,48,43.87,10.0,25,0,286,440828.74,11345.82,12546.82,1201.0,286,1.5,0.9,False
44263,firm_0,49,41.68,10.0,25,0,286,451298.22,10719.48,11920.48,1201.0,286,1.5,0.9,False
44263,firm_0,50,41.68,10.0,25,0,286,461553.4,10705.18,11920.48,1215.3,286,1.55,0.8,False
44263,firm_0,51,37.51,10.0,24,0,275,470452.4,9139.0,10315.25,1176.25,275,1.55,0.8,False
44263,firm_0,52,35.63,10.0,25,0,286,478577.28,8974.88,10190.18,1215.3,286,1.55,0.9,False
44263,firm_0,53,33.85,10.5,25,0,286,486466.28,8451.5,9681.1,1229.6,286,1.6,1.0,False
44263,firm_0,54,33.85,11.02,26,0,298,494279.36,8799.6,10087.3,1287.7,298,1.65,0.9,False
44263,firm_0,55,32.16,10.0,27,0,309,502018.95,8609.59,9937.44,1327.85,309,1.65,1.0,False
44263,firm_0,56,30.55,10.0,27,0,309,509761.05,8112.1,9439.95,1327.85,309,1.65,1.1,False
44263,firm_0,57,27.5,10.0,28,0,321,516220.85,7439.8,8827.5,1387.7,321,1.7,1.1,False
44263,firm_0,58,27.5,11.0,28,0,320,523328.85,7416.0,8800.0,1384.0,320,1.7,1.0,False
44263,firm_0,59,30.25,11.0,28,0,322,531053.85,8333.0,9740.5,1407.5,322,1.75,1.1,False
44263,firm_0,60,30.25,11.55,29,0,333,538743.4,8624.5,10073.25,1448.75,333,1.75,1.2,False
44263,firm_0,61,27.22,10.4,29,0,332,546033.84,7592.04,9037.04,1445.0,332,1.75,1.1,False
44263,firm_0,62,25.86,10.92,29,0,332,552757.68,7140.52,8585.52,1445.0,332,1.75,1.2,False
44263,firm_0,63,28.45,11.47,30,0,343,559968.53,8254.95,9758.35,1503.4,343,1.8,1.1,False
44263,firm_0,64,25.6,10.9,30,0,343,566818.93,7277.4,8780.8,1503.4,343,1.8,1.2,False
44263,firm_0,65,26.88,11.99,30,0,345,573904.58,7745.35,9273.6,1528.25,345,1.85,1.3,False
44263,firm_0,66,25.54,12.59,31,0,356,580318.13,7503.84,9092.24,1588.4,356,1.9,1.2,False
44263,firm_0,67,24.26,11.33,30,0,344,586682.07,6803.84,8345.44,1541.6,344,1.9,1.3,False
44263,firm_0,68,26.69,10.76,31,0,355,593521.21,7872.7,9474.95,1602.25,355,1.95,1.3,False
44263,firm_0,69,24.02,11.84,32,0,368,599828.09,7185.76,8839.36,1653.6,368,1.95,1.3,False
44263,firm_0,70,24.02,12.43,33,0,379,606005.48,7387.58,9103.58,1716.0,379,2.0,1.4,False
44263,firm_0,71,22.82,11.81,34,0,391,612043.01,7139.07,8922.62,1783.55,391,2.05,1.3,False
44263,firm_0,72,21.68,12.99,34,0,390,618277.05,6675.7,8455.2,1779.5,390,2.05,1.2,False
44263,firm_0,73,22.76,12.34,35,0,402,624666.57,7321.42,9149.52,1828.1,402,2.05,1.2,False
44263,firm_0,74,22.76,11.11,36,0,413,631073.19,7506.58,9399.88,1893.3,413,2.1,1.2,False
44263,firm_0,75,20.48,11.67,37,0,424,636786.52,6745.12,8683.52,1938.4,424,2.1,1.3,False
44263,firm_0,76,19.46,12.84,38,0,436,642195.56,6496.96,8484.56,1987.6,436,2.1,1.4,False
44263,firm_0,77,18.49,11.56,39,0,446,647362.66,6217.94,8246.54,2028.6,446,2.1,1.5,False
44263,firm_0,78,20.34,12.72,40,0,458,653268.88,7215.02,9315.72,2100.7,458,2.15,1.6,False
44263,firm_0,79,21.36,12.08,39,0,446,659951.12,7453.36,9526.56,2073.2,446,2.2,1.7,False
44263,firm_0,80,23.5,11.48,40,0,458,667408.42,8616.5,10763.0,2146.5,458,2.25,1.6,False
44263,firm_0,81,22.32,10.91,41,0,469,674635.94,8274.83,10468.08,2193.25,469,2.25,1.7,False
44263,firm_0,82,23.44,11.46,41,0,469,682966.19,8800.11,10993.36,2193.25,469,2.25,1.6,False
44263,firm_0,83,22.27,10.89,40,0,458,690360.85,8030.26,10199.66,2169.4,458,2.3,1.6,False
44263,firm_0,84,23.38,11.43,41,0,469,698140.74,8748.52,10965.22,2216.7,469,2.3,1.5,False
44263,firm_0,85,25.72,10.86,42,0,481,707063.59,10078.97,12371.32,2292.35,481,2.35,1.5,False
44263,firm_0,86,24.43,11.4,42,0,481,715819.22,9434.43,11750.83,2316.4,481,2.4,1.4,False
44263,firm_0,87,21.99,11.4,41,0,469,723178.08,8026.26,10313.31,2287.05,469,2.45,1.4,False
44263,firm_0,88,24.19,11.4,42,0,480,731374.48,9275.2,11611.2,2336.0,480,2.45,1.5,False
44263,firm_0,89,22.98,10.83,43,0,492,739325.55,8916.76,11306.16,2389.4,492,2.45,1.4,False
44263,firm_0,90,22.98,10.29,44,0,503,747393.38,9120.59,11558.94,2438.35,503,2.45,1.5,False
44263,firm_0,91,21.83,10.0,45,0,514,754851.0,8707.62,11220.62,2513.0,514,2.5,1.6,False
44263,firm_0,92,22.92,10.0,46,0,526,763153.62,9462.62,12055.92,2593.3,526,2.55,1.6,False
44263,firm_0,93,20.63,11.0,45,0,514,770723.74,8065.12,10603.82,2538.7,514,2.55,1.5,False
44263,firm_0,94,20.63,11.55,44,0,503,777878.63,7863.09,10376.89,2513.8,503,2.6,1.4,False
44263,firm_0,95,21.66,10.4,44,0,503,785702.21,8381.18,10894.98,2513.8,503,2.6,1.5,False
44263,firm_0,96,20.58,10.0,45,0,514,792540.23,7988.02,10578.12,2590.1,514,2.65,1.4,False
44263,firm_0,97,21.61,10.5,46,0,526,800178.19,8720.96,11366.86,2645.9,526,2.65,1.5,False
44263,firm_0,98,23.77,10.5,45,0,514,809007.67,9601.98,12217.78,2615.8,514,2.7,1.6,False
44263,firm_0,99,24.96,10.0,45,0,514,818545.61,10187.94,12829.44,2641.5,514,2.75,1.5,False
44263,firm_0,100,22.46,10.0,45,0,514,826772.85,8877.24,11544.44,2667.2,514,2.8,1.4,False
44263,firm_0,101,20.21,11.0,46,0,526,833346.21,7879.36,10630.46,2751.1,526,2.85,1.5,False
44263,firm_0,102,20.21,12.1,46,0,526,840342.67,7853.06,10630.46,2777.4,526,2.9,1.6,False
44263,firm_0,103,19.2,10.89,45,0,514,847002.82,7150.2,9868.8,2718.6,514,2.9,1.6,False
44263,firm_0,104,18.24,10.89,44,0,503,852708.53,6484.87,9174.72,2689.85,503,2.95,1.7,False
44263,firm_0,105,17.33,10.35,43,0,492,857929.84,5866.36,8526.36,2660.0,492,3.0,1.6,False
44263,firm_0,106,15.6,10.87,43,0,492,862377.63,5015.2,7675.2,2660.0,492,3.0,1.7,False
44263,firm_0,107,14.04,11.96,44,0,503,865698.51,4347.12,7062.12,2715.0,503,3.0,1.7,False
44263,firm_0,108,13.34,10.76,43,0,492,868914.51,3878.68,6563.28,2684.6,492,3.05,1.7,False
44263,firm_0,109,14.67,10.0,42,0,480,872912.11,4417.6,7041.6,2624.0,480,3.05,1.7,False
44263,firm_0,110,13.2,10.5,43,0,492,875445.81,3785.2,6494.4,2709.2,492,3.1,1.8,False
44263,firm_0,111,11.88,10.0,44,0,503,877391.0,3185.19,5975.64,2790.45,503,3.15,1.9,False
44263,firm_0,112,10.69,10.0,44,0,503,879537.62,2586.62,5377.07,2790.45,503,3.15,1.8,False
44263,firm_0,113,10.16,10.0,44,0,503,881092.5,2294.88,5110.48,2815.6,503,3.2,1.9,False
44263,firm_0,114,10.0,10.0,43,0,492,882824.1,2161.6,4920.0,2758.4,492,3.2,1.9,False
44263,firm_0,115,10.5,10.0,44,0,503,884350.0,2465.9,5281.5,2815.6,503,3.2,1.8,False
44263,firm_0,116,10.0,10.0,44,0,503,886024.4,2214.4,5030.0,2815.6,503,3.2,1.9,False
44263,firm_0,117,11.0,10.0,45,0,514,887755.6,2781.2,5654.0,2872.8,514,3.2,2.0,False
44263,firm_0,118,11.0,10.0,46,0,526,889420.1,2824.5,5786.0,2961.5,526,3.25,1.9,False
44263,firm_0,119,12.1,10.0,47,0,537,891928.55,3478.45,6497.7,3019.25,537,3.25,1.9,False
44263,firm_0,120,12.1,10.0,48,0,549,894509.2,3560.65,6642.9,3082.25,549,3.25,1.9,False
44263,firm_0,121,11.5,10.0,48,0,548,897254.2,3225.0,6302.0,3077.0,548,3.25,1.9,False
44263,firm_0,122,10.35,10.0,49,0,560,898820.2,2656.0,5796.0,3140.0,560,3.25,2.0,False
44263,firm_0,123,10.0,10.0,49,0,559,900457.5,2427.3,5590.0,3162.7,559,3.3,2.1,False
44263,firm_0,124,10.0,10.0,50,0,571,901941.2,2483.7,5710.0,3226.3,571,3.3,2.1,False
44263,firm_0,125,10.0,10.0,51,0,582,903366.6,2535.4,5820.0,3284.6,582,3.3,2.2,False
44263,firm_0,126,10.5,10.0,50,0,570,905530.6,2764.0,5985.0,3221.0,570,3.3,2.3,False
44263,firm_0,127,10.0,10.0,49,0,559,907139.95,2399.35,5590.0,3190.65,559,3.35,2.4,False
44263,firm_0,128,10.5,10.0,48,0,548,908954.75,2594.8,5754.0,3159.2,548,3.4,2.5,False
44263,firm_0,129,10.0,10.0,48,0,547,910463.6,2288.85,5470.0,3181.15,547,3.45,2.6,False
44263,firm_0,130,10.0,10.0,48,0,547,911945.1,2261.5,5470.0,3208.5,547,3.5,2.7,False
44263,firm_0,131,10.0,10.0,49,0,559,913170.6,2315.5,5590.0,3274.5,559,3.5,2.8,False
44263,firm_0,132,10.0,10.0,50,0,570,914535.6,2365.0,5700.0,3335.0,570,3.5,2.7,False
44263,firm_0,133,10.5,11.0,51,0,582,916184.6,2710.0,6111.0,3401.0,582,3.5,2.7,False
44263,firm_0,134,10.5,11.55,50,0,570,918257.1,2650.0,5985.0,3335.0,570,3.5,2.7,False
44263,firm_0,135,10.0,10.4,50,0,570,919873.6,2336.5,5700.0,3363.5,570,3.55,2.7,False
44263,firm_0,136,10.0,10.0,51,0,581,921249.05,2385.45,5810.0,3424.55,581,3.55,2.6,False
44263,firm_0,137,10.0,11.0,52,0,593,922386.25,2409.2,5930.0,3520.8,593,3.6,2.6,False
44263,firm_0,138,11.0,10.0,51,0,580,924808.25,2932.0,6380.0,3448.0,580,3.6,2.5,False
44263,firm_0,139,11.55,10.0,50,0,569,927265.35,3157.1,6571.95,3414.85,569,3.65,2.4,False
44263,firm_0,140,10.97,10.0,50,0,569,929363.98,2798.63,6241.93,3443.3,569,3.7,2.3,False
44263,firm_0,141,10.0,11.0,50,0,569,930732.23,2218.25,5690.0,3471.75,569,3.75,2.4,False
44263,firm_0,142,10.0,12.1,50,0,570,932021.23,2194.0,5700.0,3506.0,570,3.8,2.5,False
44263,firm_0,143,10.0,12.7,51,0,581,932884.68,2211.15,5810.0,3598.85,581,3.85,2.5,False
44263,firm_0,144,10.0,12.06,51,0,581,934480.77,2211.15,5810.0,3598.85,581,3.85,2.5,False
44263,firm_0,145,10.0,13.27,50,0,569,935750.17,2132.9,5690.0,3557.1,569,3.9,2.5,False
44263,firm_0,146,10.0,12.61,51,0,581,936789.16,2182.1,5810.0,3627.9,581,3.9,2.4,False
44263,firm_0,147,10.0,11.98,50,0,570,937998.66,2108.5,5700.0,3591.5,570,3.95,2.5,False
44263,firm_0,148,10.5,11.98,50,0,569,939560.16,2360.5,5974.5,3614.0,569,4.0,2.5,False
44263,firm_0,149,10.0,10.78,51,0,581,940305.33,2094.95,5810.0,3715.05,581,4.05,2.6,False
44263,firm_0,150,10.0,11.86,50,0,570,941435.33,2023.0,5700.0,3677.0,570,4.1,2.7,False
44263,firm_0,151,10.0,11.27,51,0,581,942426.46,2065.9,5810.0,3744.1,581,4.1,2.6,False
44263,firm_0,152,10.5,11.27,51,0,581,943979.04,2327.35,6100.5,3773.15,581,4.15,2.5,False
44263,firm_0,153,10.0,10.71,52,0,592,945001.32,2079.2,5920.0,3840.8,592,4.15,2.5,False
44263,firm_0,154,10.0,10.17,52,0,592,946551.68,2079.2,5920.0,3840.8,592,4.15,2.4,False
44263,firm_0,155,10.0,10.17,53,0,603,947534.22,2121.55,6030.0,3908.45,603,4.15,2.5,False
44263,firm_0,156,10.0,10.0,53,0,603,948895.62,2091.4,6030.0,3938.6,603,4.2,2.4,False
44263,firm_0,157,10.0,10.0,53,0,603,950126.87,2061.25,6030.0,3968.75,603,4.25,2.5,False
44263,firm_0,158,10.5,10.0,53,0,603,951959.62,2362.75,6331.5,3968.75,603,4.25,2.4,False
44263,firm_0,159,11.02,10.5,52,0,592,953807.86,2594.24,6523.84,3929.6,592,4.3,2.4,False
44263,firm_0,160,11.02,11.02,53,0,603,955039.81,2616.01,6645.06,4029.05,603,4.35,2.5,False
44263,firm_0,161,11.57,11.57,53,0,603,957274.26,2947.66,6976.71,4029.05,603,4.35,2.6,False
44263,firm_0,162,10.99,10.99,53,0,603,959059.56,2567.77,6626.97,4059.2,603,4.4,2.5,False
44263,firm_0,163,10.99,10.99,53,0,603,961044.86,2567.77,6626.97,4059.2,603,4.4,2.4,False
44263,firm_0,164,10.44,10.99,52,0,592,962435.46,2162.08,6180.48,4018.4,592,4.45,2.3,False
44263,firm_0,165,10.0,10.44,52,0,592,963694.18,1901.6,5920.0,4018.4,592,4.45,2.4,False
44263,firm_0,166,10.0,10.0,52,0,592,965075.78,1901.6,5920.0,4018.4,592,4.45,2.3,False
44263,firm_0,167,10.0,10.0,52,0,592,966227.78,1872.0,5920.0,4048.0,592,4.5,2.2,False
44263,firm_0,168,10.0,11.0,51,0,580,967267.78,1801.0,5800.0,3999.0,580,4.55,2.1,False
44263,firm_0,169,10.0,10.0,52,0,591,967986.73,1838.95,5910.0,4071.05,591,4.55,2.2,False
44263,firm_0,170,10.5,10.0,51,0,580,969567.73,2091.0,6090.0,3999.0,580,4.55,2.2,False
44263,firm_0,171,10.5,10.5,52,0,592,970660.13,2138.4,6216.0,4077.6,592,4.55,2.2,False
44263,firm_0,172,10.0,10.0,52,0,592,971752.93,1812.8,5920.0,4107.2,592,4.6,2.2,False
44263,firm_0,173,10.0,10.0,52,0,591,972942.33,1809.4,5910.0,4100.6,591,4.6,2.3,False
44263,firm_0,174,10.0,10.0,51,0,580,974204.33,1772.0,5800.0,4028.0,580,4.6,2.3,False
44263,firm_0,175,10.5,10.0,52,0,591,975289.23,2104.9,6205.5,4100.6,591,4.6,2.3,False
44263,firm_0,176,10.0,10.0,52,0,592,976582.03,1812.8,5920.0,4107.2,592,4.6,2.2,False
44263,firm_0,177,10.0,10.5,51,0,580,977589.53,1743.0,5800.0,4057.0,580,4.65,2.1,False
44263,firm_0,178,10.0,11.02,51,0,580,978541.51,1714.0,5800.0,4086.0,580,4.7,2.1,False
44263,firm_0,179,10.5,10.0,51,0,580,979935.51,2004.0,6090.0,4086.0,580,4.7,2.2,False
44263,firm_0,180,11.02,10.5,50,0,569,981568.59,2258.08,6270.38,4012.3,569,4.7,2.3,False
44263,firm_0,181,11.57,11.55,51,0,580,982875.14,2595.6,6710.6,4115.0,580,4.75,2.2,False
44263,firm_0,182,12.15,12.71,50,0,572,985128.44,2888.8,6949.8,4061.0,572,4.75,2.1,False
44263,firm_0,183,13.37,12.71,50,0,572,987979.58,3586.64,7647.64,4061.0,572,4.75,2.2,False
44263,firm_0,184,12.7,11.44,50,0,572,990510.98,3203.4,7264.4,4061.0,572,4.75,2.3,False
44263,firm_0,185,13.97,12.58,50,0,572,993583.22,3901.24,7990.84,4089.6,572,4.8,2.2,False
44263,firm_0,186,14.67,13.21,50,0,572,996995.76,4273.04,8391.24,4118.2,572,4.85,2.1,False
44263,firm_0,187,14.67,14.53,50,0,572,1000542.3,4273.04,8391.24,4118.2,572,4.85,2.0,False
44263,firm_0,188,16.14,14.53,50,0,574,1004948.26,5132.46,9264.36,4131.9,574,4.85,2.0,False
44263,firm_0,189,16.95,13.8,51,0,583,1009432.76,5688.3,9881.85,4193.55,583,4.85,1.9,False
44263,firm_0,190,15.26,13.11,50,0,572,1013387.78,4610.52,8728.72,4118.2,572,4.85,1.9,False
44263,firm_0,191,14.5,12.45,50,0,572,1016841.08,4175.8,8294.0,4118.2,572,4.85,2.0,False
44263,firm_0,192,15.95,12.45,50,0,573,1021232.88,5014.3,9139.35,4125.05,573,4.85,1.9,False
44263,firm_0,193,15.15,13.07,50,0,572,1024798.38,4519.0,8665.8,4146.8,572,4.9,2.0,False
44263,firm_0,194,16.67,11.76,49,0,561,1029275.06,5252.92,9351.87,4098.95,561,4.95,1.9,False
44263,firm_0,195,17.5,12.94,49,0,563,1034380.65,5739.65,9852.5,4112.85,563,4.95,1.8,False
44263,firm_0,196,19.25,12.94,50,0,574,1040093.85,6860.2,11049.5,4189.3,574,4.95,1.8,False
44263,firm_0,197,19.25,12.29,50,0,574,1046110.85,6831.5,11049.5,4218.0,574,5.0,1.8,False
44263,firm_0,198,18.29,12.29,51,0,586,1051170.7,6386.64,10717.94,4331.3,586,5.05,1.7,False
44263,firm_0,199,18.29,11.68,51,0,584,1056839.18,6364.16,10681.36,4317.2,584,5.05,1.8,False
44263,firm_0,200,19.2,12.85,50,0,572,1062946.48,6749.8,10982.4,4232.6,572,5.05,1.8,False
44263,firm_0,201,20.16,11.56,50,0,572,1069667.4,7298.92,11531.52,4232.6,572,5.05,1.8,False
44263,firm_0,202,20.16,10.4,50,0,572,1076217.72,7270.32,11531.52,4261.2,572,5.1,1.8,False
44263,firm_0,203,20.16,10.92,50,0,572,1082713.44,7241.72,11531.52,4289.8,572,5.15,1.7,False
44263,firm_0,204,22.18,10.0,49,0,561,1090455.27,8231.83,12442.98,4211.15,561,5.15,1.6,False
44263,firm_0,205,24.4,10.0,49,0,561,1099214.47,9449.2,13688.4,4239.2,561,5.2,1.6,False
44263,firm_0,206,24.4,10.0,49,0,561,1107945.62,9421.15,13688.4,4267.25,561,5.25,1.6,False
44263,firm_0,207,25.62,10.5,49,0,561,1117308.64,10077.52,14372.82,4295.3,561,5.3,1.6,False
44263,firm_0,208,26.9,10.5,49,0,561,1127589.74,10795.6,15090.9,4295.3,561,5.3,1.6,False
44263,firm_0,209,24.21,10.0,49,0,561,1136286.25,9286.51,13581.81,4295.3,561,5.3,1.7,False
44263,firm_0,210,24.21,10.0,48,0,549,1144889.84,9083.59,13291.29,4207.7,549,5.3,1.6,False
44263,firm_0,211,23.0,10.0,47,0,538,1152339.54,8219.7,12374.0,4154.3,538,5.35,1.7,False
44263,firm_0,212,25.3,10.0,48,0,549,1160686.64,9627.1,13889.7,4262.6,549,5.4,1.8,False
44263,firm_0,213,27.83,10.0,49,0,560,1170937.44,11240.8,15584.8,4344.0,560,5.4,1.8,False
44263,firm_0,214,27.83,10.0,49,0,560,1181360.24,11212.8,15584.8,4372.0,560,5.45,1.9,False
44263,firm_0,215,27.83,10.0,50,0,571,1191797.22,11436.98,15890.93,4453.95,571,5.45,1.8,False
44263,firm_0,216,29.22,10.0,51,0,583,1203179.13,12491.91,17035.26,4543.35,583,5.45,1.9,False
44263,firm_0,217,29.22,10.0,50,0,572,1214831.57,12252.44,16713.84,4461.4,572,5.45,2.0,False
44263,firm_0,218,29.22,10.0,49,0,560,1226104.77,11963.2,16363.2,4400.0,560,5.5,2.0,False
44263,firm_0,219,27.76,11.0,50,0,572,1236343.49,11388.72,15878.72,4490.0,572,5.5,2.1,False
44263,firm_0,220,26.37,11.55,49,0,560,1245916.74,10339.2,14767.2,4428.0,560,5.55,2.0,False
44263,firm_0,221,26.37,10.97,49,0,560,1255490.41,10311.2,14767.2,4456.0,560,5.6,1.9,False
44263,firm_0,222,26.37,10.42,48,0,549,1265094.98,10104.73,14477.13,4372.4,549,5.6,1.8,False
44263,firm_0,223,25.05,10.0,47,0,537,1273468.78,9143.8,13451.85,4308.05,537,5.65,1.9,False
44263,firm_0,224,23.8,10.5,47,0,537,1281120.98,8445.7,12780.6,4334.9,537,5.7,2.0,False
44263,firm_0,225,22.61,10.5,47,0,539,1288237.02,7809.54,12186.79,4377.25,539,5.75,1.9,False
44263,firm_0,226,22.61,11.02,48,0,551,1294968.37,7960.31,12458.11,4497.8,551,5.8,1.8,False
44263,firm_0,227,23.74,10.0,49,0,560,1302476.77,8698.4,13294.4,4596.0,560,5.85,1.7,False
44263,firm_0,228,24.93,10.5,50,0,571,1310904.45,9552.68,14235.03,4682.35,571,5.85,1.8,False
44263,firm_0,229,22.44,10.0,51,0,582,1317956.73,8262.28,13060.08,4797.8,582,5.9,1.7,False
44263,firm_0,230,22.44,10.0,51,0,582,1325609.01,8262.28,13060.08,4797.8,582,5.9,1.8,False
44263,firm_0,231,22.44,10.0,52,0,594,1333025.77,8436.76,13329.36,4892.6,594,5.9,1.7,False
44263,firm_0,232,22.44,11.0,53,0,605,1340209.22,8566.45,13576.2,5009.75,605,5.95,1.8,False
44263,firm_0,233,24.68,10.0,52,0,594,1349197.14,9707.92,14659.92,4952.0,594,6.0,1.8,False
44263,firm_0,234,23.45,10.0,52,0,594,1357454.44,8977.3,13929.3,4952.0,594,6.0,1.7,False
44263,firm_0,235,23.45,10.0,52,0,594,1365911.74,8977.3,13929.3,4952.0,594,6.0,1.6,False
44263,firm_0,236,22.28,10.0,51,0,583,1373326.98,8125.24,12989.24,4864.0,583,6.0,1.5,False
44263,firm_0,237,24.51,10.0,52,0,594,1381913.92,9606.94,14558.94,4952.0,594,6.0,1.5,False
44263,firm_0,238,23.28,10.0,51,0,582,1389796.88,8692.96,13548.96,4856.0,582,6.0,1.6,False
44263,firm_0,239,24.44,11.0,51,0,583,1398620.4,9384.52,14248.52,4864.0,583,6.0,1.5,False
44263,firm_0,240,25.66,10.45,52,0,594,1407867.04,10290.04,15242.04,4952.0,594,6.0,1.4,False
44263,firm_0,241,26.94,10.0,52,0,594,1418197.4,11050.36,16002.36,4952.0,594,6.0,1.3,False
44263,firm_0,242,25.59,10.0,52,0,596,1427861.04,10283.64,15251.64,4968.0,596,6.0,1.4,False
44263,firm_0,243,23.03,10.0,51,0,583,1435813.53,8562.49,13426.49,4864.0,583,6.0,1.5,False
44263,firm_0,244,24.18,11.0,51,0,585,1444217.83,9265.3,14145.3,4880.0,585,6.0,1.6,False
44263,firm_0,245,22.97,11.55,51,0,585,1451886.23,8557.45,13437.45,4880.0,585,6.0,1.7,False
44263,firm_0,246,21.82,12.13,52,0,596,1458692.19,8036.72,13004.72,4968.0,596,6.0,1.8,False
44263,firm_0,247,24.0,12.13,51,0,585,1467233.56,9160.0,14040.0,4880.0,585,6.0,1.7,False
44263,firm_0,248,24.0,10.92,52,0,594,1475369.72,9304.0,14256.0,4952.0,594,6.0,1.8,False
44263,firm_0,249,22.8,10.37,51,0,583,1483269.25,8428.4,13292.4,4864.0,583,6.0,1.7,False
44263,firm_0,250,21.66,10.0,52,0,594,1489963.29,7914.04,12866.04,4952.0,594,6.0,1.6,False
44263,firm_0,251,23.83,10.0,51,0,583,1498182.18,9028.89,13892.89,4864.0,583,6.0,1.7,False
44263,firm_0,252,25.02,10.0,51,0,585,1507328.88,9756.7,14636.7,4880.0,585,6.0,1.8,False
44263,firm_0,253,26.27,10.0,50,0,574,1517015.86,10286.98,15078.98,4792.0,574,6.0,1.9,False
44263,firm_0,254,26.27,10.0,49,0,560,1526557.06,10031.2,14711.2,4680.0,560,6.0,1.9,False
44263,firm_0,255,28.9,10.0,50,0,574,1537253.66,11796.6,16588.6,4792.0,574,6.0,2.0,False
44263,firm_0,256,27.46,10.0,50,0,572,1547384.78,10931.12,15707.12,4776.0,572,6.0,2.1,False
44263,firm_0,257,28.83,11.0,50,0,574,1558591.2,11756.42,16548.42,4792.0,574,6.0,2.0,False
44263,firm_0,258,28.83,10.0,49,0,560,1569366.0,11464.8,16144.8,4680.0,560,6.0,2.0,False
44263,firm_0,259,27.39,10.5,48,0,551,1579145.89,10483.89,15091.89,4608.0,551,6.0,2.0,False
44263,firm_0,260,28.76,10.0,49,0,562,1589323.01,11467.12,16163.12,4696.0,562,6.0,2.1,False
44263,firm_0,261,30.2,10.0,50,0,573,1600843.61,12520.6,17304.6,4784.0,573,6.0,2.0,False
44263,firm_0,262,31.71,10.0,51,0,585,1613303.96,13670.35,18550.35,4880.0,585,6.0,1.9,False
44263,firm_0,263,33.3,10.0,50,0,571,1626850.26,14246.3,19014.3,4768.0,571,6.0,1.8,False
44263,firm_0,264,29.97,10.0,50,0,574,1638761.04,12410.78,17202.78,4792.0,574,6.0,1.8,False
44263,firm_0,265,32.97,11.0,51,0,585,1651907.49,14407.45,19287.45,4880.0,585,6.0,1.7,False
44263,firm_0,266,31.32,11.55,51,0,585,1664560.64,13442.2,18322.2,4880.0,585,6.0,1.6,False
44263,firm_0,267,34.45,11.55,50,0,574,1678965.44,14982.3,19774.3,4792.0,574,6.0,1.6,False
44263,firm_0,268,36.17,10.97,49,0,562,1693859.45,15631.54,20327.54,4696.0,562,6.0,1.5,False
44263,firm_0,269,37.98,10.97,48,0,551,1709651.87,16318.98,20926.98,4608.0,551,6.0,1.4,False
44263,firm_0,270,34.18,10.0,47,0,539,1723092.89,13911.02,18423.02,4512.0,539,6.0,1.3,False
44263,firm_0,271,35.89,10.0,46,0,528,1737158.81,14525.92,18949.92,4424.0,528,6.0,1.2,False
44263,firm_0,272,34.1,10.0,46,0,527,1750053.51,13554.7,17970.7,4416.0,527,6.0,1.1,False
44263,firm_0,273,32.4,10.0,47,0,539,1761735.11,12951.6,17463.6,4512.0,539,6.0,1.2,False
44263,firm_0,274,34.02,10.0,47,0,539,1775089.89,13824.78,18336.78,4512.0,539,6.0,1.1,False
44263,firm_0,275,32.32,10.0,47,0,537,1787279.73,12859.84,17355.84,4496.0,537,6.0,1.1,False
44263,firm_0,276,35.55,10.0,48,0,551,1801079.78,14980.05,19588.05,4608.0,551,6.0,1.1,False
44263,firm_0,277,33.77,10.0,47,0,539,1814199.81,13690.03,18202.03,4512.0,539,6.0,1.2,False
44263,firm_0,278,33.77,10.0,48,0,551,1826919.08,13999.27,18607.27,4608.0,551,6.0,1.3,False
44263,firm_0,279,32.08,10.0,47,0,539,1839228.2,12779.12,17291.12,4512.0,539,6.0,1.2,False
44263,firm_0,280,30.48,10.0,46,0,526,1850092.68,11624.48,16032.48,4408.0,526,6.0,1.3,False
44263,firm_0,281,33.53,10.0,47,0,537,1862432.29,13509.61,18005.61,4496.0,537,6.0,1.2,False
44263,firm_0,282,31.85,10.5,48,0,551,1874269.64,12941.35,17549.35,4608.0,551,6.0,1.3,False
44263,firm_0,283,30.26,10.0,49,0,560,1885545.24,12265.6,16945.6,4680.0,560,6.0,1.2,False
44263,firm_0,284,27.23,10.0,48,0,549,1895322.51,10357.27,14949.27,4592.0,549,6.0,1.3,False
44263,firm_0,285,27.23,10.0,48,0,549,1904899.78,10357.27,14949.27,4592.0,549,6.0,1.4,False
44263,firm_0,286,27.23,10.0,47,0,537,1914356.29,10126.51,14622.51,4496.0,537,6.0,1.3,False
44263,firm_0,287,27.23,10.0,48,0,549,1923533.56,10357.27,14949.27,4592.0,549,6.0,1.2,False
44263,firm_0,288,29.95,10.0,48,0,549,1934904.11,11850.55,16442.55,4592.0,549,6.0,1.2,False
44263,firm_0,289,28.45,10.0,48,0,549,1945451.16,11027.05,15619.05,4592.0,549,6.0,1.1,False
44263,firm_0,290,25.6,10.0,48,0,549,1954133.56,9462.4,14054.4,4592.0,549,6.0,1.2,False
44263,firm_0,291,25.6,11.0,47,0,537,1962767.76,9251.2,13747.2,4496.0,537,6.0,1.3,False
44263,firm_0,292,24.32,10.45,48,0,549,1970525.84,8759.68,13351.68,4592.0,549,6.0,1.2,False
44263,firm_0,293,23.1,10.0,49,0,560,1977491.84,8256.0,12936.0,4680.0,560,6.0,1.3,False
44263,firm_0,294,21.94,10.5,50,0,571,1983926.58,7759.74,12527.74,4768.0,571,6.0,1.4,False
44263,firm_0,295,24.13,10.0,51,0,583,1992120.37,9203.79,14067.79,4864.0,583,6.0,1.3,False
44263,firm_0,296,22.92,10.0,51,0,583,2000008.73,8498.36,13362.36,4864.0,583,6.0,1.4,False
44263,firm_0,297,22.92,10.0,51,0,583,2007697.09,8498.36,13362.36,4864.0,583,6.0,1.5,False
44263,firm_0,298,25.21,10.0,50,0,571,2016624.0,9626.91,14394.91,4768.0,571,6.0,1.4,False
44263,firm_0,299,23.95,10.0,50,0,571,2024831.45,8907.45,13675.45,4768.0,571,6.0,1.3,False
44263,firm_0,300,22.75,10.0,49,0,560,2032101.45,8060.0,12740.0,4680.0,560,6.0,1.4,False
44263,firm_0,301,22.75,10.0,48,0,548,2039304.45,7883.0,12467.0,4584.0,548,6.0,1.4,False
44263,firm_0,302,21.61,10.0,49,0,559,2045422.44,7407.99,12079.99,4672.0,559,6.0,1.5,False
44263,firm_0,303,22.69,10.0,48,0,548,2052592.56,7850.12,12434.12,4584.0,548,6.0,1.4,False
44263,firm_0,304,22.69,10.0,48,0,548,2059762.68,7850.12,12434.12,4584.0,548,6.0,1.3,False
44263,firm_0,305,23.82,10.0,47,0,537,2067588.02,8295.34,12791.34,4496.0,537,6.0,1.2,False
44263,firm_0,306,22.63,10.0,48,0,548,2074125.26,7817.24,12401.24,4584.0,548,6.0,1.3,False
44263,firm_0,307,23.76,10.0,48,0,548,2082081.74,8436.48,13020.48,4584.0,548,6.0,1.2,False
44263,firm_0,308,26.14,10.0,49,0,559,2090732.0,9940.26,14612.26,4672.0,559,6.0,1.3,False
44263,firm_0,309,26.14,10.0,48,0,548,2099892.72,9740.72,14324.72,4584.0,548,6.0,1.4,False
44263,firm_0,310,24.83,11.0,48,0,548,2108387.56,9022.84,13606.84,4584.0,548,6.0,1.3,False
44263,firm_0,311,23.59,10.45,48,0,548,2115929.28,8343.32,12927.32,4584.0,548,6.0,1.4,False
44263,firm_0,312,22.41,10.0,48,0,548,2122945.96,7696.68,12280.68,4584.0,548,6.0,1.3,False
44263,firm_0,313,21.29,10.0,49,0,559,2128985.07,7229.11,11901.11,4672.0,559,6.0,1.2,False
44263,firm_0,314,23.42,10.0,50,0,570,2136274.47,8589.4,13349.4,4760.0,570,6.0,1.3,False
44263,firm_0,315,22.25,10.0,51,0,582,2143157.97,8093.5,12949.5,4856.0,582,6.0,1.3,False
44263,firm_0,316,20.03,10.0,50,0,570,2149315.07,6657.1,11417.1,4760.0,570,6.0,1.2,False
44263,firm_0,317,20.03,10.0,49,0,559,2155349.84,6524.77,11196.77,4672.0,559,6.0,1.1,False
44263,firm_0,318,19.03,10.0,50,0,570,2160236.94,6087.1,10847.1,4760.0,570,6.0,1.1,False
44263,firm_0,319,18.08,10.5,49,0,559,2164957.16,5434.72,10106.72,4672.0,559,6.0,1.0,False
44263,firm_0,320,18.98,10.0,49,0,558,2170394.0,5926.84,10590.84,4664.0,558,6.0,1.0,False
44263,firm_0,321,18.03,10.0,50,0,570,2174911.1,5517.1,10277.1,4760.0,570,6.0,0.9,False
44263,firm_0,322,19.83,10.0,50,0,570,2180754.2,6543.1,11303.1,4760.0,570,6.0,0.8,False
44263,firm_0,323,21.81,10.0,51,0,581,2187467.81,7823.61,12671.61,4848.0,581,6.0,0.9,False
44263,firm_0,324,22.9,10.0,50,0,569,2195245.91,8278.1,13030.1,4752.0,569,6.0,0.9,False
44263,firm_0,325,22.9,10.0,51,0,580,2202377.91,8442.0,13282.0,4840.0,580,6.0,1.0,False
44263,firm_0,326,20.61,11.0,51,0,581,2208943.32,7126.41,11974.41,4848.0,581,6.0,0.9,False
44263,firm_0,327,19.58,11.0,52,0,592,2214526.68,6655.36,11591.36,4936.0,592,6.0,0.8,False
44263,firm_0,328,18.6,10.0,53,0,603,2219388.48,6191.8,11215.8,5024.0,603,6.0,0.9,False
44263,firm_0,329,19.53,10.0,54,0,614,2225227.9,6879.42,11991.42,5112.0,614,6.0,0.8,False
44263,firm_0,330,18.55,10.0,53,0,603,2230759.55,6161.65,11185.65,5024.0,603,6.0,0.9,False
44263,firm_0,331,17.62,10.0,53,0,603,2235830.41,5600.86,10624.86,5024.0,603,6.0,0.9,False
44263,firm_0,332,16.74,10.0,54,0,614,2239656.77,5166.36,10278.36,5112.0,614,6.0,1.0,False
44263,firm_0,333,16.74,10.0,53,0,603,2244096.99,5070.22,10094.22,5024.0,603,6.0,1.1,False
44263,firm_0,334,15.9,10.0,54,0,614,2247507.59,4650.6,9762.6,5112.0,614,6.0,1.0,False
44263,firm_0,335,15.9,10.0,55,0,626,2251202.99,4745.4,9953.4,5208.0,626,6.0,0.9,False
44263,firm_0,336,17.49,10.0,54,0,614,2255989.85,5626.86,10738.86,5112.0,614,6.0,1.0,False
44263,firm_0,337,16.62,10.0,55,0,625,2259827.35,5187.5,10387.5,5200.0,625,6.0,1.1,False
44263,firm_0,338,16.62,10.0,55,0,625,2264164.85,5187.5,10387.5,5200.0,625,6.0,1.2,False
44263,firm_0,339,15.79,10.5,55,0,625,2267956.1,4668.75,9868.75,5200.0,625,6.0,1.3,False
44263,firm_0,340,14.21,10.0,56,0,636,2270645.66,3749.56,9037.56,5288.0,636,6.0,1.2,False
44263,firm_0,341,13.5,10.0,55,0,625,2273133.16,3237.5,8437.5,5200.0,625,6.0,1.1,False
44263,firm_0,342,13.5,10.0,54,0,613,2275764.66,3171.5,8275.5,5104.0,613,6.0,1.1,False
44263,firm_0,343,13.5,10.0,53,0,602,2278145.66,3111.0,8127.0,5016.0,602,6.0,1.0,False
44263,firm_0,344,14.18,10.0,52,0,591,2280878.04,3452.38,8380.38,4928.0,591,6.0,1.0,False
44263,firm_0,345,13.47,10.0,52,0,591,2283390.81,3032.77,7960.77,4928.0,591,6.0,0.9,False
44263,firm_0,346,14.82,10.0,51,0,579,2286629.59,3748.78,8580.78,4832.0,579,6.0,0.8,False
44263,firm_0,347,14.82,10.0,51,0,579,2289668.37,3748.78,8580.78,4832.0,579,6.0,0.7,False
44263,firm_0,348,15.56,10.0,51,0,579,2293135.61,4177.24,9009.24,4832.0,579,6.0,0.7,False
44263,firm_0,349,14.78,10.0,50,0,568,2296186.65,3651.04,8395.04,4744.0,568,6.0,0.8,False
44263,firm_0,350,15.52,10.0,51,0,579,2299130.73,4154.08,8986.08,4832.0,579,6.0,0.8,False
44263,firm_0,351,14.74,10.0,51,0,579,2302023.19,3702.46,8534.46,4832.0,579,6.0,0.9,False
44263,firm_0,352,14.0,10.0,50,0,567,2304525.19,3202.0,7938.0,4736.0,567,6.0,0.8,False
44263,firm_0,353,14.0,10.0,49,0,556,2306971.19,3136.0,7784.0,4648.0,556,6.0,0.7,False
44263,firm_0,354,13.3,10.0,49,0,556,2309227.99,2746.8,7394.8,4648.0,556,6.0,0.7,False
44263,firm_0,355,13.97,10.0,50,0,567,2311112.98,3184.99,7920.99,4736.0,567,6.0,0.8,False
44263,firm_0,356,15.37,10.0,50,0,567,2314291.77,3978.79,8714.79,4736.0,567,6.0,0.9,False
44263,firm_0,357,15.37,10.0,49,0,555,2317392.12,3890.35,8530.35,4640.0,555,6.0,1.0,False
44263,firm_0,358,15.37,10.0,50,0,566,2320263.54,3971.42,8699.42,4728.0,566,6.0,1.1,False
44263,firm_0,359,16.14,10.0,50,0,566,2323970.78,4407.24,9135.24,4728.0,566,6.0,1.0,False
44263,firm_0,360,15.33,10.0,50,0,566,2327219.56,3948.78,8676.78,4728.0,566,6.0,0.9,False
44263,firm_0,361,14.56,10.0,49,0,555,2329970.36,3440.8,8080.8,4640.0,555,6.0,0.8,False
44263,firm_0,362,14.56,10.0,49,0,555,2332721.16,3440.8,8080.8,4640.0,555,6.0,0.8,False
44263,firm_0,363,13.83,10.0,50,0,566,2334720.94,3099.78,7827.78,4728.0,566,6.0,0.9,False
44263,firm_0,364,13.83,10.0,51,0,577,2336674.85,3163.91,7979.91,4816.0,577,6.0,0.8,False
44263,firm_0,365,14.52,10.5,50,0,566,2339440.17,3490.32,8218.32,4728.0,566,6.0,0.8,False
44263,firm_1,1,35.97,40.38,14,0,162,99581.52,5261.02,5827.14,566.12,162,0.26,0.23,False
44263,firm_1,2,39.57,40.38,15,0,174,104667.76,6291.94,6885.18,593.24,174,0.26,0.33,False
44263,firm_1,3,43.53,42.4,14,0,162,110559.9,6485.74,7051.86,566.12,162,0.26,0.33,False
44263,firm_1,4,47.88,44.52,13,0,151,116669.76,6688.62,7229.88,541.26,151,0.26,0.33,False
44263,firm_1,5,47.88,40.07,12,0,139,122330.1,6141.18,6655.32,514.14,139,0.26,0.33,False
44263,firm_1,6,50.27,40.07,12,0,139,128115.7,6466.44,6987.53,521.09,139,0.31,0.33,False
44263,firm_1,7,47.76,36.06,11,0,128,133236.64,5617.6,6113.28,495.68,128,0.31,0.43,False
44263,firm_1,8,42.98,32.45,10,0,116,137224.06,4511.92,4985.68,473.76,116,0.36,0.33,False
44263,firm_1,9,42.98,35.7,9,0,104,140927.24,4024.48,4469.92,445.44,104,0.36,0.33,False
44263,firm_1,10,38.68,35.7,9,0,104,144183.22,3577.28,4022.72,445.44,104,0.36,0.23,False
44263,firm_1,11,38.68,35.7,8,0,93,146870.73,3173.11,3597.24,424.13,93,0.41,0.23,False
44263,firm_1,12,36.75,37.49,9,0,104,149099.48,3366.16,3822.0,455.84,104,0.46,0.33,False
44263,firm_1,13,33.08,33.74,10,0,116,151408.2,3346.12,3837.28,491.16,116,0.51,0.33,False
44263,firm_1,14,31.43,37.11,11,0,128,154001.75,3501.76,4023.04,521.28,128,0.51,0.33,False
44263,firm_1,15,34.57,35.25,11,0,128,157517.68,3903.68,4424.96,521.28,128,0.51,0.23,False
44263,firm_1,16,38.03,38.78,10,0,116,161050.2,3920.32,4411.48,491.16,116,0.51,0.23,False
44263,firm_1,17,38.03,40.72,9,0,104,163972.6,3488.88,3955.12,466.24,104,0.56,0.13,False
44263,firm_1,18,39.93,38.68,10,0,116,167220.72,4134.92,4631.88,496.96,116,0.56,0.13,False
44263,firm_1,19,39.93,40.61,9,0,104,170541.71,3686.48,4152.72,466.24,104,0.56,0.13,False
44263,firm_1,20,39.93,40.61,10,0,116,173770.53,4134.92,4631.88,496.96,116,0.56,0.13,False
44263,firm_1,21,43.92,38.58,9,0,104,177219.55,4096.24,4567.68,471.44,104,0.61,0.23,False
44263,firm_1,22,43.92,34.72,9,0,104,180698.11,4091.04,4567.68,476.64,104,0.66,0.33,False
44263,firm_1,23,48.31,31.25,8,0,92,184447.91,3999.8,4444.52,444.72,92,0.66,0.23,False
44263,firm_1,24,48.31,28.12,7,0,80,187603.07,3452.0,3864.8,412.8,80,0.66,0.33,False
44263,firm_1,25,48.31,26.71,7,0,80,190664.1,3448.0,3864.8,416.8,80,0.71,0.33,False
44263,firm_1,26,53.14,28.05,6,0,69,193472.02,3276.22,3666.66,390.44,69,0.76,0.43,False
44263,firm_1,27,53.14,26.65,7,0,80,196411.87,3826.4,4251.2,424.8,80,0.81,0.33,False
44263,firm_1,28,50.48,29.32,6,0,69,199121.73,3085.78,3483.12,397.34,69,0.86,0.33,False
44263,firm_1,29,55.53,30.79,5,0,57,201669.97,2802.19,3165.21,363.02,57,0.86,0.43,False
44263,firm_1,30,55.53,27.71,6,0,69,204437.94,3434.23,3831.57,397.34,69,0.86,0.43,False
44263,firm_1,31,55.53,29.1,5,0,57,206791.78,2799.34,3165.21,365.87,57,0.91,0.53,False
44263,firm_1,32,52.75,27.64,4,0,46,208571.56,2090.34,2426.5,336.16,46,0.96,0.53,False
44263,firm_1,33,52.75,30.4,3,0,34,209873.22,1492.86,1793.5,300.64,34,0.96,0.63,False
44263,firm_1,34,50.11,30.4,3,0,34,210983.42,1401.4,1703.74,302.34,34,1.01,0.63,False
44263,firm_1,35,52.62,28.88,4,0,46,212449.96,2082.06,2420.52,338.46,46,1.01,0.63,False
44263,firm_1,36,57.88,31.77,3,0,34,214020.23,1665.58,1967.92,302.34,34,1.01,0.53,False
44263,firm_1,37,63.67,33.36,4,0,46,215977.15,2590.36,2928.82,338.46,46,1.01,0.53,False
44263,firm_1,38,63.67,36.7,3,0,34,217427.79,1860.74,2164.78,304.04,34,1.06,0.63,False
44263,firm_1,39,57.3,38.54,4,0,46,219068.67,2295.04,2635.8,340.76,46,1.06,0.63,False
44263,firm_1,40,63.03,34.69,3,0,34,220501.88,1837.28,2143.02,305.74,34,1.11,0.73,False
44263,firm_1,41,56.73,38.16,4,0,46,222115.76,2266.52,2609.58,343.06,46,1.11,0.73,False
44263,firm_1,42,56.73,36.25,5,0,57,224088.0,2853.49,3233.61,380.12,57,1.16,0.63,False
44263,firm_1,43,56.73,38.06,6,0,69,226552.52,3492.88,3914.37,421.49,69,1.21,0.73,False
44263,firm_1,44,56.73,41.87,7,0,81,229894.55,4135.12,4595.13,460.01,81,1.21,0.73,False
44263,firm_1,45,56.73,41.87,7,0,81,233432.53,4131.07,4595.13,464.06,81,1.26,0.83,False
44263,firm_1,46,59.57,43.96,6,0,69,236754.16,3685.39,4110.33,424.94,69,1.26,0.93,False
44263,firm_1,47,65.53,46.16,7,0,81,240570.86,4839.82,5307.93,468.11,81,1.31,0.93,False
44263,firm_1,48,65.53,46.16,6,0,69,244387.08,4093.18,4521.57,428.39,69,1.31,0.83,False
44263,firm_1,49,58.98,50.78,5,0,57,246903.52,2970.34,3361.86,391.52,57,1.36,0.73,False
44263,firm_1,50,64.88,53.32,6,0,69,250028.48,4044.88,4476.72,431.84,69,1.36,0.83,False
44263,firm_1,51,71.37,58.65,7,0,81,254326.74,5308.81,5780.97,472.16,81,1.36,0.93,False
44263,firm_1,52,78.51,52.78,7,0,81,259640.38,5883.1,6359.31,476.21,81,1.41,0.83,False
44263,firm_1,53,78.51,52.78,6,0,69,264205.6,4981.9,5417.19,435.29,69,1.41,0.93,False
44263,firm_1,54,82.44,50.14,6,0,69,269157.83,5253.07,5688.36,435.29,69,1.41,0.93,False
44263,firm_1,55,90.68,55.15,7,0,81,275040.65,6868.87,7345.08,476.21,81,1.41,1.03,False
44263,firm_1,56,99.75,60.67,6,0,69,281124.09,6447.46,6882.75,435.29,69,1.41,0.93,False
44263,firm_1,57,89.78,60.67,5,0,58,285630.2,4809.46,5207.24,397.78,58,1.41,0.83,False
44263,firm_1,58,85.29,57.64,5,0,57,289809.16,4467.16,4861.53,394.37,57,1.41,0.73,False
44263,firm_1,59,85.29,51.88,6,0,69,294347.6,5449.72,5885.01,435.29,69,1.41,0.83,False
44263,firm_1,60,85.29,57.07,5,0,57,298429.41,4467.16,4861.53,394.37,57,1.41,0.93,False
44263,firm_1,61,85.29,54.22,5,0,57,302525.47,4467.16,4861.53,394.37,57,1.41,1.03,False
44263,firm_1,62,76.76,51.51,4,0,46,305393.53,3174.1,3530.96,356.86,46,1.41,1.13,False
44263,firm_1,63,80.6,51.51,4,0,46,308335.93,3348.44,3707.6,359.16,46,1.46,1.03,False
44263,firm_1,64,88.66,51.51,4,0,46,311849.09,3719.2,4078.36,359.16,46,1.46,1.03,False
44263,firm_1,65,79.79,56.66,5,0,57,315013.75,4147.96,4548.03,400.07,57,1.51,0.93,False
44263,firm_1,66,87.77,62.33,4,0,46,318440.39,3675.96,4037.42,361.46,46,1.51,0.83,False
44263,firm_1,67,92.16,59.21,5,0,57,322194.54,4850.2,5253.12,402.92,57,1.56,0.93,False
44263,firm_1,68,92.16,62.17,5,0,57,326633.89,4850.2,5253.12,402.92,57,1.56,1.03,False
44263,firm_1,69,101.38,62.17,5,0,57,331698.78,5375.74,5778.66,402.92,57,1.56,0.93,False
44263,firm_1,70,101.38,59.06,4,0,46,335762.26,4299.72,4663.48,363.76,46,1.56,0.83,False
44263,firm_1,71,111.52,59.06,4,0,46,340089.88,4763.86,5129.92,366.06,46,1.61,0.73,False
44263,firm_1,72,100.37,59.06,5,0,57,344307.05,5312.47,5721.09,408.62,57,1.66,0.83,False
44263,firm_1,73,105.39,53.15,4,0,46,348371.73,4477.28,4847.94,370.66,46,1.71,0.73,False
44263,firm_1,74,115.93,58.46,4,0,46,353100.01,4962.12,5332.78,370.66,46,1.71,0.73,False
44263,firm_1,75,127.52,55.54,3,0,34,356842.93,4009.54,4335.68,326.14,34,1.71,0.83,False
44263,firm_1,76,133.9,58.32,3,0,34,360894.43,4226.46,4552.6,326.14,34,1.71,0.73,False
44263,firm_1,77,133.9,61.24,2,0,23,363466.32,2794.37,3079.7,285.33,23,1.71,0.83,False
44263,firm_1,78,140.6,58.18,2,0,23,365997.28,2947.32,3233.8,286.48,23,1.76,0.93,False
44263,firm_1,79,147.63,52.36,2,0,23,369001.57,3109.01,3395.49,286.48,23,1.76,0.93,False
44263,firm_1,80,162.39,49.74,2,0,23,372350.58,3448.49,3734.97,286.48,23,1.76,0.83,False
44263,firm_1,81,162.39,44.77,2,0,23,375408.38,3447.34,3734.97,287.63,23,1.81,0.93,False
44263,firm_1,82,146.15,44.77,1,0,11,376729.35,1365.74,1607.65,241.91,11,1.81,0.93,False
44263,firm_1,83,138.84,40.29,1,0,11,377673.84,1284.78,1527.24,242.46,11,1.86,1.03,False
44263,firm_1,84,145.78,38.28,1,0,11,378896.68,1361.12,1603.58,242.46,11,1.86,1.13,False
44263,firm_1,85,145.78,42.11,2,0,23,381276.62,3064.16,3352.94,288.78,23,1.86,1.23,False
44263,firm_1,86,145.78,37.9,1,0,11,382599.84,1361.12,1603.58,242.46,11,1.86,1.13,False
44263,firm_1,87,160.36,34.11,1,0,11,383987.23,1521.5,1763.96,242.46,11,1.86,1.23,False
44263,firm_1,88,160.36,37.52,1,0,11,385471.21,1521.5,1763.96,242.46,11,1.86,1.13,False
44263,firm_1,89,176.4,41.27,1,0,11,387127.88,1697.94,1940.4,242.46,11,1.86,1.13,False
44263,firm_1,90,176.4,41.27,1,0,11,388584.0,1697.39,1940.4,243.01,11,1.91,1.13,False
44263,firm_1,91,158.76,37.14,2,0,23,391271.27,3361.55,3651.48,289.93,23,1.91,1.23,False
44263,firm_1,92,166.7,35.28,2,0,23,394644.88,3544.17,3834.1,289.93,23,1.91,1.33,False
44263,firm_1,93,158.36,38.81,1,0,11,396105.02,1498.95,1741.96,243.01,11,1.91,1.33,False
44263,firm_1,94,150.44,36.87,1,0,11,397479.98,1411.83,1654.84,243.01,11,1.91,1.23,False
44263,firm_1,95,150.44,36.87,1,0,11,398854.94,1411.83,1654.84,243.01,11,1.91,1.13,False
44263,firm_1,96,150.44,38.71,1,0,11,400128.06,1411.83,1654.84,243.01,11,1.91,1.23,False
44263,firm_1,97,165.48,38.71,1,0,11,401666.62,1577.27,1820.28,243.01,11,1.91,1.23,False
44263,firm_1,98,182.03,36.77,1,0,11,403188.62,1758.77,2002.33,243.56,11,1.96,1.23,False
44263,firm_1,99,182.03,34.93,1,0,11,404912.46,1758.77,2002.33,243.56,11,1.96,1.13,False
44263,firm_1,100,191.13,31.44,1,0,11,406639.89,1858.87,2102.43,243.56,11,1.96,1.23,False
44263,firm_1,101,172.02,34.58,2,0,23,409736.11,3665.38,3956.46,291.08,23,1.96,1.13,False
44263,firm_1,102,189.22,34.58,1,0,11,411539.39,1837.86,2081.42,243.56,11,1.96,1.13,False
44263,firm_1,103,189.22,32.85,1,0,11,413143.85,1837.31,2081.42,244.11,11,2.01,1.03,False
44263,firm_1,104,189.22,36.14,2,0,23,416430.25,4058.68,4352.06,293.38,23,2.06,0.93,False
44263,firm_1,105,189.22,39.75,1,0,11,418026.71,1836.21,2081.42,245.21,11,2.11,0.83,False
44263,firm_1,106,189.22,43.72,1,0,11,419618.65,1835.66,2081.42,245.76,11,2.16,0.83,False
44263,firm_1,107,179.76,43.72,1,0,11,421306.53,1731.6,1977.36,245.76,11,2.16,0.73,False
44263,firm_1,108,179.76,43.72,2,0,23,424557.89,3838.8,4134.48,295.68,23,2.16,0.63,False
44263,firm_1,109,197.74,39.35,3,0,34,430221.56,6381.72,6723.16,341.44,34,2.16,0.73,False
44263,firm_1,110,197.74,35.42,4,0,46,438082.26,8702.38,9096.04,393.66,46,2.21,0.73,False
44263,firm_1,111,207.63,33.65,3,0,34,444495.89,6714.58,7059.42,344.84,34,2.26,0.73,False
44263,firm_1,112,228.39,31.97,4,0,46,453977.99,10109.98,10505.94,395.96,46,2.26,0.63,False
44263,firm_1,113,205.55,33.57,4,0,46,462700.75,9057.04,9455.3,398.26,46,2.31,0.53,False
44263,firm_1,114,215.83,30.21,3,0,34,469601.8,6991.68,7338.22,346.54,34,2.31,0.43,False
44263,firm_1,115,237.41,30.21,3,0,34,477236.57,7725.4,8071.94,346.54,34,2.31,0.43,False
44263,firm_1,116,261.15,31.72,2,0,23,482880.45,5707.32,6006.45,299.13,23,2.31,0.43,False
44263,firm_1,117,235.04,31.72,1,0,11,485086.76,2338.03,2585.44,247.41,11,2.31,0.53,False
44263,firm_1,118,258.54,28.55,2,0,23,489975.8,5646.14,5946.42,300.28,23,2.36,0.43,False
44263,firm_1,119,232.69,27.12,3,0,34,496957.66,7563.22,7911.46,348.24,34,2.36,0.43,False
44263,firm_1,120,209.42,27.12,2,0,23,501419.8,4516.38,4816.66,300.28,23,2.36,0.33,False
44263,firm_1,121,209.42,28.48,1,0,11,503446.98,2055.66,2303.62,247.96,11,2.36,0.33,False
44263,firm_1,122,230.36,31.33,2,0,23,507782.32,4998.0,5298.28,300.28,23,2.36,0.43,False
44263,firm_1,123,230.36,31.33,3,0,34,514672.33,7484.0,7832.24,348.24,34,2.36,0.43,False
44263,firm_1,124,230.36,31.33,2,0,23,519507.67,4998.0,5298.28,300.28,23,2.36,0.53,False
44263,firm_1,125,253.4,32.9,1,0,11,522014.21,2539.44,2787.4,247.96,11,2.36,0.53,False
44263,firm_1,126,278.74,36.19,2,0,23,527351.42,6109.59,6411.02,301.43,23,2.41,0.53,False
44263,firm_1,127,306.61,32.57,1,0,11,530443.05,3124.2,3372.71,248.51,11,2.41,0.53,False
44263,firm_1,128,306.61,30.94,1,0,11,533536.31,3124.2,3372.71,248.51,11,2.41,0.53,False
44263,firm_1,129,291.28,29.39,1,0,11,536261.94,2955.02,3204.08,249.06,11,2.46,0.53,False
44263,firm_1,130,320.41,27.92,1,0,11,539509.47,3275.45,3524.51,249.06,11,2.46,0.43,False
44263,firm_1,131,352.45,27.92,1,0,11,543109.44,3627.89,3876.95,249.06,11,2.46,0.43,False
44263,firm_1,132,352.45,26.52,1,0,11,546710.81,3627.89,3876.95,249.06,11,2.46,0.43,False
44263,firm_1,133,387.7,26.52,1,0,11,550599.93,4015.64,4264.7,249.06,11,2.46,0.53,False
44263,firm_1,134,426.47,26.52,1,0,11,555015.52,4442.11,4691.17,249.06,11,2.46,0.53,False
44263,firm_1,135,469.12,23.87,1,0,11,559902.91,4911.26,5160.32,249.06,11,2.46,0.53,False
44263,firm_1,136,445.66,26.26,1,0,11,564529.85,4653.2,4902.26,249.06,11,2.46,0.53,False
44263,firm_1,137,467.94,27.57,2,0,22,573770.17,9995.46,10294.68,299.22,22,2.51,0.53,False
44263,firm_1,138,467.94,24.81,2,0,22,583716.01,9995.46,10294.68,299.22,22,2.51,0.43,False
44263,firm_1,139,514.73,27.29,1,0,11,588800.59,5411.87,5662.03,250.16,11,2.56,0.53,False
44263,firm_1,140,488.99,28.65,2,0,22,598499.65,10456.36,10757.78,301.42,22,2.61,0.53,False
44263,firm_1,141,537.89,30.08,1,0,11,603935.1,5665.53,5916.79,251.26,11,2.66,0.43,False
44263,firm_1,142,537.89,33.09,1,0,11,609567.54,5665.53,5916.79,251.26,11,2.66,0.43,False
44263,firm_1,143,511.0,36.4,1,0,11,614900.88,5369.74,5621.0,251.26,11,2.66,0.43,False
44263,firm_1,144,511.0,40.04,2,0,22,625059.18,10938.38,11242.0,303.62,22,2.71,0.43,False
44263,firm_1,145,562.1,44.04,2,0,22,636832.58,12061.48,12366.2,304.72,22,2.76,0.43,False
44263,firm_1,146,618.31,41.84,1,0,11,643239.79,6549.05,6801.41,252.36,11,2.76,0.53,False
44263,firm_1,147,618.31,41.84,1,0,11,649446.45,6548.5,6801.41,252.91,11,2.81,0.63,False
44263,firm_1,148,649.23,46.02,1,0,11,656088.5,6888.07,7141.53,253.46,11,2.86,0.53,False
44263,firm_1,149,681.69,50.62,1,0,11,663283.01,7245.13,7498.59,253.46,11,2.86,0.43,False
44263,firm_1,150,681.69,55.68,1,0,11,670372.46,7245.13,7498.59,253.46,11,2.86,0.53,False
44263,firm_1,151,749.86,52.9,2,0,22,685856.66,16190.0,16496.92,306.92,22,2.86,0.63,False
44263,firm_1,152,787.35,47.61,3,20,34,695469.79,10555.96,11022.9,466.94,14,2.91,0.73,False
44263,firm_1,153,708.62,49.99,4,0,45,740206.93,45637.1,46060.3,423.2,65,2.96,0.73,False
44263,firm_1,154,637.76,47.49,4,0,45,768090.72,28273.75,28699.2,425.45,45,3.01,0.73,False
44263,firm_1,155,637.76,42.74,3,0,34,788974.3,21311.8,21683.84,372.04,34,3.06,0.83,False
44263,firm_1,156,669.65,47.01,3,34,34,788089.53,-543.74,0.0,543.74,0,3.11,0.83,False
44263,firm_1,157,602.68,51.71,2,0,22,821423.77,33437.66,33750.08,312.42,56,3.11,0.83,False
44263,firm_1,158,602.68,51.71,1,11,11,820860.3,-311.76,0.0,311.76,0,3.16,0.73,False
44263,firm_1,159,662.95,49.12,2,33,22,819683.54,-478.52,0.0,478.52,0,3.16,0.83,False
44263,firm_1,160,729.25,51.58,1,44,11,819155.2,-476.76,0.0,476.76,0,3.16,0.83,False
44263,firm_1,161,802.18,49.0,1,55,11,818574.44,-531.76,0.0,531.76,0,3.16,0.73,False
44263,firm_1,162,762.07,44.1,1,66,11,817743.03,-587.31,0.0,587.31,0,3.21,0.73,False
44263,firm_1,163,685.86,48.51,1,77,11,816851.66,-642.86,0.0,642.86,0,3.26,0.73,False
44263,firm_1,164,685.86,48.51,1,88,11,816105.29,-697.86,0.0,697.86,0,3.26,0.63,False
44263,firm_1,165,651.57,43.66,1,99,11,815008.22,-753.41,0.0,753.41,0,3.31,0.73,False
44263,firm_1,166,684.15,45.84,2,121,22,813193.62,-922.92,0.0,922.92,0,3.36,0.83,False
44263,firm_1,167,752.56,48.13,3,155,34,811391.99,-1157.24,0.0,1157.24,0,3.36,0.73,False
44263,firm_1,168,827.82,50.54,3,189,34,809913.13,-1327.24,0.0,1327.24,0,3.36,0.63,False
44263,firm_1,169,786.43,55.59,4,234,45,807377.32,-1613.45,0.0,1613.45,0,3.41,0.63,False
44263,firm_1,170,786.43,55.59,4,279,45,805216.51,-1838.45,0.0,1838.45,0,3.41,0.73,False
44263,firm_1,171,865.07,61.15,4,324,45,802606.21,-2065.7,0.0,2065.7,0,3.46,0.83,False
44263,firm_1,172,951.58,58.09,4,369,45,800083.15,-2290.7,0.0,2290.7,0,3.46,0.83,False
44263,firm_1,173,856.42,58.09,5,426,57,796651.48,-2641.22,0.0,2641.22,0,3.46,0.83,False
44263,firm_1,174,856.42,55.19,5,483,57,793449.31,-2926.22,0.0,2926.22,0,3.46,0.73,False
44263,firm_1,175,770.78,55.19,6,551,68,788988.49,-3329.68,0.0,3329.68,0,3.51,0.83,False
44263,firm_1,176,693.7,55.19,5,608,57,784855.62,-3556.92,0.0,3556.92,0,3.56,0.93,False
44263,firm_1,177,659.02,49.67,4,653,45,780941.74,-3715.2,0.0,3715.2,0,3.56,0.83,False
44263,firm_1,178,724.92,54.64,4,698,45,776480.73,-3942.45,0.0,3942.45,0,3.61,0.93,False
44263,firm_1,179,688.67,51.91,4,743,45,772005.64,-4167.45,0.0,4167.45,0,3.61,1.03,False
44263,firm_1,180,688.67,46.72,4,788,45,767426.31,-4392.45,0.0,4392.45,0,3.61,0.93,False
44263,firm_1,181,619.8,42.05,5,845,57,761871.29,-4744.77,0.0,4744.77,0,3.61,1.03,False
44263,firm_1,182,681.78,37.84,6,914,69,755783.71,-5160.54,0.0,5160.54,0,3.66,1.03,False
44263,firm_1,183,647.69,37.84,5,971,57,749914.04,-5380.47,0.0,5380.47,0,3.71,1.13,False
44263,firm_1,184,712.46,37.84,4,1017,46,743912.72,-5549.96,0.0,5549.96,0,3.76,1.23,False
44263,firm_1,185,641.21,41.62,4,1063,46,737663.98,-5782.26,0.0,5782.26,0,3.81,1.33,False
44263,firm_1,186,705.33,39.54,3,1097,34,731361.12,-5884.24,0.0,5884.24,0,3.86,1.43,False
44263,firm_1,187,634.8,39.54,3,1131,34,725088.26,-6054.24,0.0,6054.24,0,3.86,1.53,False
44263,firm_1,188,698.28,43.49,3,1165,34,718633.55,-6224.24,0.0,6224.24,0,3.86,1.63,False
44263,firm_1,189,768.11,43.49,3,1199,34,711907.14,-6395.94,0.0,6395.94,0,3.91,1.53,False
44263,firm_1,190,768.11,43.49,2,1222,23,705274.23,-6445.93,0.0,6445.93,0,3.91,1.63,False
44263,firm_1,191,729.7,41.32,2,1245,23,698429.51,-6562.08,0.0,6562.08,0,3.96,1.53,False
44263,firm_1,192,802.67,45.45,1,1256,11,691537.95,-6546.11,0.0,6546.11,0,4.01,1.63,False
44263,firm_1,193,882.94,43.18,2,1279,23,683917.21,-6734.38,0.0,6734.38,0,4.06,1.73,False
44263,firm_1,194,882.94,47.5,1,1290,11,677053.05,-6716.66,0.0,6716.66,0,4.06,1.83,False
44263,firm_1,195,794.65,42.75,2,1313,23,669362.02,-6905.53,0.0,6905.53,0,4.11,1.83,False
44263,firm_1,196,874.12,42.75,1,1324,11,662231.51,-6887.76,0.0,6887.76,0,4.16,1.73,False
44263,firm_1,197,874.12,42.75,1,1335,11,654945.45,-6943.31,0.0,6943.31,0,4.21,1.83,False
44263,firm_1,198,786.71,47.03,1,1346,11,647900.11,-6998.31,0.0,6998.31,0,4.21,1.73,False
44263,firm_1,199,708.04,42.33,1,1356,11,641316.96,-6340.82,708.04,7048.86,1,4.26,1.63,False
44263,firm_1,200,637.24,46.56,2,1375,23,636053.82,-4670.02,2548.96,7218.98,4,4.26,1.53,False
44263,firm_1,201,605.38,46.56,2,1368,23,646938.12,10977.42,18161.4,7183.98,30,4.26,1.43,False
44263,firm_1,202,665.92,48.89,3,1391,34,646047.03,-44.42,7325.12,7369.54,11,4.31,1.43,False
44263,firm_1,203,632.62,48.89,3,1370,34,673228.22,27527.86,34794.1,7266.24,55,4.36,1.33,False
44263,firm_1,204,695.88,53.78,3,1388,34,676744.72,3777.84,11134.08,7356.24,16,4.36,1.43,False
44263,firm_1,205,730.67,48.4,3,1415,34,673921.27,-2378.25,5114.69,7492.94,7,4.41,1.53,False
44263,firm_1,206,657.6,53.24,2,1370,23,711033.01,37518.22,44716.8,7198.58,68,4.46,1.63,False
44263,firm_1,207,591.84,47.92,1,1163,11,833820.15,122935.06,129021.12,6086.06,218,4.46,1.73,False
44263,firm_1,208,532.66,45.52,1,794,11,1031844.37,198169.74,202410.8,4241.06,380,4.46,1.83,False
44263,firm_1,209,506.03,43.24,1,389,11,1239893.0,208291.87,210508.48,2216.61,416,4.51,1.73,False
44263,firm_1,210,506.03,41.08,1,51,11,1415929.78,176077.86,176604.47,526.61,349,4.51,1.73,False
44263,firm_1,211,480.73,36.97,1,0,11,1445125.91,29533.1,29805.26,272.16,62,4.56,1.83,False
44263,firm_1,212,480.73,33.27,1,0,11,1449907.96,5015.32,5288.03,272.71,11,4.61,1.83,False
44263,firm_1,213,480.73,31.61,1,0,11,1454891.67,5015.32,5288.03,272.71,11,4.61,1.83,False
44263,firm_1,214,432.66,28.45,1,0,11,1459349.77,4486.55,4759.26,272.71,11,4.61,1.83,False
44263,firm_1,215,389.39,29.87,1,0,11,1463129.93,4010.03,4283.29,273.26,11,4.66,1.73,False
44263,firm_1,216,408.86,28.38,1,0,11,1467225.75,4224.2,4497.46,273.26,11,4.66,1.83,False
44263,firm_1,217,449.75,25.54,1,0,11,1471774.2,4673.99,4947.25,273.26,11,4.66,1.93,False
44263,firm_1,218,494.72,22.99,2,0,23,1481952.45,11024.23,11378.56,354.33,23,4.71,2.03,False
44263,firm_1,219,519.46,21.84,3,0,34,1498520.43,17233.5,17661.64,428.14,34,4.71,2.13,False
44263,firm_1,220,571.41,22.93,4,0,46,1523402.61,25773.9,26284.86,510.96,46,4.76,2.23,False
44263,firm_1,221,542.84,21.78,4,0,46,1547775.17,24459.68,24970.64,510.96,46,4.76,2.23,False
44263,firm_1,222,569.98,23.96,3,34,34,1547103.45,-599.84,0.0,599.84,0,4.76,2.23,False
44263,firm_1,223,598.48,26.36,2,56,23,1547013.73,-37.0,598.48,635.48,1,4.76,2.13,False
44263,firm_1,224,538.63,27.68,2,79,23,1546107.89,-750.48,0.0,750.48,0,4.76,2.23,False
44263,firm_1,225,511.7,26.3,3,113,34,1544434.15,-994.84,0.0,994.84,0,4.76,2.33,False
44263,firm_1,226,562.87,23.67,2,136,23,1543050.18,-1036.63,0.0,1036.63,0,4.81,2.43,False
44263,firm_1,227,534.73,24.85,2,159,23,1541647.7,-1152.78,0.0,1152.78,0,4.86,2.33,False
44263,firm_1,228,481.26,26.09,2,182,23,1540327.74,-1267.78,0.0,1267.78,0,4.86,2.33,False
44263,firm_1,229,505.32,27.39,2,205,23,1538689.03,-1383.93,0.0,1383.93,0,4.91,2.33,False
44263,firm_1,230,480.05,26.02,1,216,11,1537106.45,-1356.56,0.0,1356.56,0,4.96,2.33,False
44263,firm_1,231,432.04,27.32,2,239,23,1534795.58,-1556.23,0.0,1556.23,0,5.01,2.33,False
44263,firm_1,232,410.44,24.59,3,273,34,1532418.47,-1803.34,0.0,1803.34,0,5.01,2.33,False
44263,firm_1,233,430.96,22.13,2,296,23,1530231.83,-1842.38,0.0,1842.38,0,5.06,2.43,False
44263,firm_1,234,430.96,24.34,2,319,23,1528125.77,-1957.38,0.0,1957.38,0,5.06,2.53,False
44263,firm_1,235,474.06,25.56,2,330,23,1531449.84,3675.19,5688.72,2013.53,12,5.11,2.63,False
44263,firm_1,236,474.06,24.28,2,353,23,1529272.75,-2128.53,0.0,2128.53,0,5.11,2.63,False
44263,firm_1,237,474.06,24.28,2,376,23,1526779.51,-2244.68,0.0,2244.68,0,5.16,2.53,False
44263,firm_1,238,474.06,21.85,1,387,11,1524343.35,-2214.31,0.0,2214.31,0,5.21,2.43,False
44263,firm_1,239,497.76,20.76,2,410,23,1521184.85,-2416.98,0.0,2416.98,0,5.26,2.33,False
44263,firm_1,240,547.54,21.8,2,433,23,1518408.12,-2533.13,0.0,2533.13,0,5.31,2.23,False
44263,firm_1,241,574.92,22.89,2,456,23,1515513.06,-2649.28,0.0,2649.28,0,5.36,2.23,False
44263,firm_1,242,603.67,20.6,2,479,23,1512406.43,-2765.43,0.0,2765.43,0,5.41,2.33,False
44263,firm_1,243,543.3,22.66,2,502,23,1509380.68,-2880.43,0.0,2880.43,0,5.41,2.43,False
44263,firm_1,244,488.97,20.39,2,525,23,1506244.47,-2995.43,0.0,2995.43,0,5.41,2.53,False
44263,firm_1,245,537.87,21.41,3,559,34,1502131.6,-3248.64,0.0,3248.64,0,5.46,2.63,False
44263,firm_1,246,591.66,22.48,3,593,34,1498545.52,-3418.64,0.0,3418.64,0,5.46,2.73,False
44263,firm_1,247,650.83,23.6,2,616,23,1494745.59,-3452.73,0.0,3452.73,0,5.51,2.83,False
44263,firm_1,248,585.75,24.78,3,650,34,1490264.21,-3707.04,0.0,3707.04,0,5.56,2.73,False
44263,firm_1,249,527.18,23.54,4,696,46,1485642.29,-4027.76,0.0,4027.76,0,5.56,2.73,False
44263,firm_1,250,527.18,25.89,5,753,57,1480314.07,-4398.77,0.0,4398.77,0,5.61,2.83,False
44263,firm_1,251,500.82,28.48,5,810,57,1475285.05,-4686.62,0.0,4686.62,0,5.66,2.83,False
44263,firm_1,252,475.78,31.33,4,856,46,1470125.07,-4834.66,0.0,4834.66,0,5.71,2.83,False
44263,firm_1,253,451.99,31.33,5,913,57,1464263.95,-5204.47,0.0,5204.47,0,5.71,2.83,False
44263,firm_1,254,451.99,31.33,4,959,46,1458788.97,-5349.66,0.0,5349.66,0,5.71,2.73,False
44263,firm_1,255,406.79,28.2,5,1016,57,1452328.5,-5719.47,0.0,5719.47,0,5.71,2.83,False
44263,firm_1,256,366.11,29.61,4,1062,46,1446245.4,-5864.66,0.0,5864.66,0,5.71,2.93,False
44263,firm_1,257,329.5,32.57,4,902,46,1508625.16,62810.04,67877.0,5066.96,206,5.76,3.03,False
44263,firm_1,258,296.55,30.94,3,0,34,1785639.3,277106.96,277570.8,463.84,936,5.76,2.93,False
44263,firm_1,259,281.72,29.39,4,0,46,1797423.9,12402.16,12959.12,556.96,46,5.76,2.83,False
44263,firm_1,260,281.72,26.45,5,0,57,1812207.37,15415.72,16058.04,642.32,57,5.76,2.83,False
44263,firm_1,261,309.89,23.8,5,0,57,1828906.93,17018.56,17663.73,645.17,57,5.81,2.73,False
44263,firm_1,262,309.89,22.61,5,0,57,1845812.44,17018.56,17663.73,645.17,57,5.81,2.73,False
44263,firm_1,263,294.4,21.48,4,0,46,1858609.66,12983.14,13542.4,559.26,46,5.81,2.83,False
44263,firm_1,264,323.84,20.41,3,0,34,1868891.75,10543.32,11010.56,467.24,34,5.86,2.83,False
44263,firm_1,265,307.65,19.39,4,0,46,1881804.53,13590.34,14151.9,561.56,46,5.86,2.93,False
44263,firm_1,266,292.27,20.36,5,0,57,1897011.25,16008.52,16659.39,650.87,57,5.91,2.93,False
44263,firm_1,267,263.04,18.32,6,0,69,1913601.85,17400.52,18149.76,749.24,69,5.96,2.93,False
44263,firm_1,268,276.19,20.15,7,0,80,1933916.0,21255.2,22095.2,840.0,80,6.0,3.03,False
44263,firm_1,269,262.38,21.16,8,0,92,1956449.68,23202.96,24138.96,936.0,92,6.0,3.03,False
44263,firm_1,270,288.62,19.04,8,92,92,1954801.36,-1396.0,0.0,1396.0,0,6.0,3.13,False
44263,firm_1,271,317.48,19.04,7,86,80,1980501.36,26033.28,27303.28,1270.0,86,6.0,3.13,False
44263,firm_1,272,317.48,20.94,8,0,92,2035309.28,55575.44,56511.44,936.0,178,6.0,3.23,False
44263,firm_1,273,301.61,23.03,7,0,80,2058336.87,23288.8,24128.8,840.0,80,6.0,3.33,False
44263,firm_1,274,316.69,25.33,6,0,69,2078984.5,21099.61,21851.61,752.0,69,6.0,3.43,False
44263,firm_1,275,316.69,24.06,6,0,69,2099939.75,21099.61,21851.61,752.0,69,6.0,3.33,False
44263,firm_1,276,316.69,21.65,6,0,69,2120609.46,21099.61,21851.61,752.0,69,6.0,3.43,False
44263,firm_1,277,300.86,23.82,5,0,57,2136883.38,16493.02,17149.02,656.0,57,6.0,3.53,False
44263,firm_1,278,330.95,26.2,4,0,46,2151334.28,14655.7,15223.7,568.0,46,6.0,3.63,False
44263,firm_1,279,330.95,27.51,3,0,34,2161732.05,10780.3,11252.3,472.0,34,6.0,3.73,False
44263,firm_1,280,347.5,26.13,4,0,46,2176344.53,15417.0,15985.0,568.0,46,6.0,3.73,False
44263,firm_1,281,312.75,28.74,4,0,46,2190048.07,13818.5,14386.5,568.0,46,6.0,3.73,False
44263,firm_1,282,297.11,25.87,3,0,34,2199600.2,9629.74,10101.74,472.0,34,6.0,3.73,False
44263,firm_1,283,297.11,25.87,3,0,34,2209152.33,9629.74,10101.74,472.0,34,6.0,3.73,False
44263,firm_1,284,297.11,28.46,2,0,23,2215444.94,6449.53,6833.53,384.0,23,6.0,3.83,False
44263,firm_1,285,326.82,31.31,3,0,34,2225490.89,10639.88,11111.88,472.0,34,6.0,3.73,False
44263,firm_1,286,310.48,29.74,4,0,46,2238286.01,13714.08,14282.08,568.0,46,6.0,3.83,False
44263,firm_1,287,310.48,28.25,4,0,46,2251787.09,13714.08,14282.08,568.0,46,6.0,3.93,False
44263,firm_1,288,326.0,28.25,3,0,34,2262114.34,10612.0,11084.0,472.0,34,6.0,3.83,False
44263,firm_1,289,326.0,26.84,2,0,23,2268974.66,7114.0,7498.0,384.0,23,6.0,3.83,False
44263,firm_1,290,293.4,28.18,2,0,23,2275082.5,6364.2,6748.2,384.0,23,6.0,3.73,False
44263,firm_1,291,264.06,26.77,1,0,11,2277672.39,2616.66,2904.66,288.0,11,6.0,3.63,False
44263,firm_1,292,277.26,29.45,1,0,11,2280104.8,2761.86,3049.86,288.0,11,6.0,3.73,False
44263,firm_1,293,263.4,27.98,1,0,11,2282486.22,2609.4,2897.4,288.0,11,6.0,3.63,False
44263,firm_1,294,250.23,26.58,1,0,11,2284924.17,2464.53,2752.53,288.0,11,6.0,3.53,False
44263,firm_1,295,225.21,29.24,2,0,23,2289061.52,4795.83,5179.83,384.0,23,6.0,3.63,False
44263,firm_1,296,247.73,30.7,2,0,23,2294113.91,5313.79,5697.79,384.0,23,6.0,3.53,False
44263,firm_1,297,260.12,32.24,2,0,23,2299548.19,5598.76,5982.76,384.0,23,6.0,3.63,False
44263,firm_1,298,260.12,33.85,3,0,34,2307118.72,8372.08,8844.08,472.0,34,6.0,3.53,False
44263,firm_1,299,260.12,30.47,4,0,46,2317794.36,11397.52,11965.52,568.0,46,6.0,3.63,False
44263,firm_1,300,247.11,31.99,3,0,34,2325628.13,7929.74,8401.74,472.0,34,6.0,3.53,False
44263,firm_1,301,271.82,35.19,2,0,23,2331225.61,5867.86,6251.86,384.0,23,6.0,3.53,False
44263,firm_1,302,299.0,33.43,1,0,11,2334093.18,3001.0,3289.0,288.0,11,6.0,3.63,False
44263,firm_1,303,284.05,35.1,1,0,11,2336694.63,2836.55,3124.55,288.0,11,6.0,3.53,False
44263,firm_1,304,284.05,36.86,1,0,11,2339294.32,2836.55,3124.55,288.0,11,6.0,3.43,False
44263,firm_1,305,255.64,40.55,1,0,11,2341477.81,2524.04,2812.04,288.0,11,6.0,3.53,False
44263,firm_1,306,281.2,44.6,1,0,11,2344038.41,2805.2,3093.2,288.0,11,6.0,3.43,False
44263,firm_1,307,281.2,49.06,1,0,11,2346594.55,2805.2,3093.2,288.0,11,6.0,3.33,False
44263,firm_1,308,267.14,53.97,1,0,11,2349191.12,2650.54,2938.54,288.0,11,6.0,3.23,False
44263,firm_1,309,240.43,53.97,2,0,23,2353629.07,5145.89,5529.89,384.0,23,6.0,3.33,False
44263,firm_1,310,216.39,56.67,1,0,11,2355464.69,2092.29,2380.29,288.0,11,6.0,3.23,False
44263,firm_1,311,227.21,59.5,1,0,11,2357516.5,2211.31,2499.31,288.0,11,6.0,3.33,False
44263,firm_1,312,249.93,53.55,2,0,23,2361973.79,5364.39,5748.39,384.0,23,6.0,3.43,False
44263,firm_1,313,274.92,53.55,2,0,23,2367605.85,5939.16,6323.16,384.0,23,6.0,3.33,False
44263,firm_1,314,247.43,48.2,1,0,11,2369991.38,2433.73,2721.73,288.0,11,6.0,3.23,False
44263,firm_1,315,222.69,43.38,1,0,11,2372109.59,2161.59,2449.59,288.0,11,6.0,3.13,False
44263,firm_1,316,211.56,47.72,2,0,23,2375796.03,4481.88,4865.88,384.0,23,6.0,3.03,False
44263,firm_1,317,232.72,42.95,3,0,34,2382407.66,7440.48,7912.48,472.0,34,6.0,3.03,False
44263,firm_1,318,232.72,45.1,4,0,46,2391564.38,10137.12,10705.12,568.0,46,6.0,3.13,False
44263,firm_1,319,244.36,49.61,5,0,57,2403988.85,13272.52,13928.52,656.0,57,6.0,3.23,False
44263,firm_1,320,268.8,44.65,6,0,69,2420816.15,17795.2,18547.2,752.0,69,6.0,3.13,False
44263,firm_1,321,255.36,42.42,7,0,80,2439508.01,19588.8,20428.8,840.0,80,6.0,3.23,False
44263,firm_1,322,268.13,40.3,6,0,69,2456815.18,17748.97,18500.97,752.0,69,6.0,3.23,False
44263,firm_1,323,241.32,36.27,7,0,80,2474526.89,18465.6,19305.6,840.0,80,6.0,3.13,False
44263,firm_1,324,229.25,38.08,6,0,69,2489164.66,15066.25,15818.25,752.0,69,6.0,3.03,False
44263,firm_1,325,252.18,39.98,7,0,80,2507519.2,19334.4,20174.4,840.0,80,6.0,2.93,False
44263,firm_1,326,252.18,41.98,7,0,80,2526559.74,19334.4,20174.4,840.0,80,6.0,2.93,False
44263,firm_1,327,277.4,39.88,8,0,92,2550125.5,24584.8,25520.8,936.0,92,6.0,2.83,False
44263,firm_1,328,305.14,43.87,7,0,80,2573389.61,23571.2,24411.2,840.0,80,6.0,2.73,False
44263,firm_1,329,305.14,48.26,6,0,69,2593202.71,20302.66,21054.66,752.0,69,6.0,2.63,False
44263,firm_1,330,335.65,43.43,5,0,57,2611161.61,18476.05,19132.05,656.0,57,6.0,2.73,False
44263,firm_1,331,369.22,41.26,4,0,46,2627412.69,16416.12,16984.12,568.0,46,6.0,2.63,False
44263,firm_1,332,332.3,43.32,4,0,46,2641757.21,14717.8,15285.8,568.0,46,6.0,2.53,False
44263,firm_1,333,299.07,38.99,3,0,34,2651136.62,9696.38,10168.38,472.0,34,6.0,2.53,False
44263,firm_1,334,284.12,35.09,2,0,23,2657017.2,6150.76,6534.76,384.0,23,6.0,2.53,False
44263,firm_1,335,255.71,36.84,1,0,11,2659405.17,2524.81,2812.81,288.0,11,6.0,2.63,False
44263,firm_1,336,230.14,33.16,1,0,11,2661415.55,2243.54,2531.54,288.0,11,6.0,2.63,False
44263,firm_1,337,253.15,36.48,1,0,11,2663675.72,2496.65,2784.65,288.0,11,6.0,2.63,False
44263,firm_1,338,240.49,32.83,2,0,23,2668057.33,5147.27,5531.27,384.0,23,6.0,2.63,False
44263,firm_1,339,252.51,29.55,3,0,34,2675482.02,8113.34,8585.34,472.0,34,6.0,2.73,False
44263,firm_1,340,252.51,26.6,3,0,34,2683215.56,8113.34,8585.34,472.0,34,6.0,2.83,False
44263,firm_1,341,277.76,23.94,2,0,23,2688972.16,6004.48,6388.48,384.0,23,6.0,2.83,False
44263,firm_1,342,291.65,25.14,2,0,23,2694945.83,6323.95,6707.95,384.0,23,6.0,2.93,False
44263,firm_1,343,262.48,22.63,1,0,11,2697522.48,2599.28,2887.28,288.0,11,6.0,2.93,False
44263,firm_1,344,249.36,21.5,1,0,11,2699755.94,2454.96,2742.96,288.0,11,6.0,2.93,False
44263,firm_1,345,224.42,19.35,1,0,11,2701917.21,2180.62,2468.62,288.0,11,6.0,2.83,False
44263,firm_1,346,201.98,21.29,1,0,11,2703529.7,1933.78,2221.78,288.0,11,6.0,2.93,False
44263,firm_1,347,191.88,20.23,1,0,11,2705032.15,1822.68,2110.68,288.0,11,6.0,3.03,False
44263,firm_1,348,182.29,20.23,2,0,22,2708026.07,3634.38,4010.38,376.0,22,6.0,3.13,False
44263,firm_1,349,200.52,18.21,2,0,22,2711725.09,4035.44,4411.44,376.0,22,6.0,3.23,False
44263,firm_1,350,180.47,17.3,1,0,11,2713104.96,1697.17,1985.17,288.0,11,6.0,3.33,False
44263,firm_1,351,189.49,19.03,1,0,11,2714782.32,1796.39,2084.39,288.0,11,6.0,3.43,False
44263,firm_1,352,180.02,17.13,2,0,22,2717632.5,3584.44,3960.44,376.0,22,6.0,3.43,False
44263,firm_1,353,180.02,17.13,1,0,11,2719307.59,1692.22,1980.22,288.0,11,6.0,3.43,False
44263,firm_1,354,162.02,15.42,1,0,11,2720786.39,1494.22,1782.22,288.0,11,6.0,3.43,False
44263,firm_1,355,162.02,16.19,2,0,22,2723442.45,3188.44,3564.44,376.0,22,6.0,3.43,False
44263,firm_1,356,153.92,17.81,1,0,11,2724529.76,1405.12,1693.12,288.0,11,6.0,3.53,False
44263,firm_1,357,138.53,19.59,2,0,22,2726662.24,2671.66,3047.66,376.0,22,6.0,3.43,False
44263,firm_1,358,131.6,21.55,1,0,11,2727500.29,1159.6,1447.6,288.0,11,6.0,3.53,False
44263,firm_1,359,118.44,22.63,1,0,11,2728292.5,1014.84,1302.84,288.0,11,6.0,3.53,False
44263,firm_1,360,106.6,23.76,1,0,11,2729053.34,884.6,1172.6,288.0,11,6.0,3.63,False
44263,firm_1,361,106.6,21.38,1,0,11,2729816.56,884.6,1172.6,288.0,11,6.0,3.73,False
44263,firm_1,362,106.6,23.52,1,0,11,2730677.64,884.6,1172.6,288.0,11,6.0,3.73,False
44263,firm_1,363,95.94,24.7,1,0,11,2731220.28,767.34,1055.34,288.0,11,6.0,3.63,False
44263,firm_1,364,91.14,23.46,2,0,22,2732002.44,1629.08,2005.08,376.0,22,6.0,3.73,False
44263,firm_1,365,100.25,21.11,3,0,34,2734375.61,2936.5,3408.5,472.0,34,6.0,3.63,False
44263,firm_2,1,37.76,31.0,22,0,256,99475.7,8859.84,9666.56,806.72,256,0.37,0.44,False
44263,firm_2,2,37.76,34.1,23,0,267,107440.53,9249.13,10081.92,832.79,267,0.37,0.34,False
44263,firm_2,3,37.76,34.1,22,0,256,115337.37,8847.04,9666.56,819.52,256,0.42,0.24,False
44263,firm_2,4,37.76,34.1,23,0,267,123075.5,9222.43,10081.92,859.49,267,0.47,0.24,False
44263,firm_2,5,33.98,32.4,22,0,256,130016.46,7853.76,8698.88,845.12,256,0.52,0.14,False
44263,firm_2,6,30.58,29.16,23,0,267,135824.45,7278.67,8164.86,886.19,267,0.57,0.24,False
44263,firm_2,7,30.58,29.16,22,0,256,141940.69,6957.76,7828.48,870.72,256,0.62,0.14,False
44263,firm_2,8,32.11,32.08,21,0,244,148162.57,6995.56,7834.84,839.28,244,0.62,0.24,False
44263,firm_2,9,33.72,28.87,21,0,244,154844.7,7388.4,8227.68,839.28,244,0.62,0.34,False
44263,firm_2,10,32.03,25.98,20,0,232,160736.62,6611.52,7430.96,819.44,232,0.67,0.24,False
44263,firm_2,11,35.23,28.58,21,0,244,167168.88,7732.44,8596.12,863.68,244,0.72,0.24,False
44263,firm_2,12,36.99,27.15,21,0,244,174548.41,8149.68,9025.56,875.88,244,0.77,0.14,False
44263,firm_2,13,40.69,29.86,21,0,244,182761.63,9040.28,9928.36,888.08,244,0.82,0.14,False
44263,firm_2,14,40.69,32.85,20,0,232,190478.87,8574.24,9440.08,865.84,232,0.87,0.14,False
44263,firm_2,15,40.69,36.14,19,0,221,197639.38,8147.17,8992.49,845.32,221,0.92,0.24,False
44263,firm_2,16,44.76,36.14,18,0,209,205322.97,8534.11,9354.84,820.73,209,0.97,0.24,False
44263,firm_2,17,44.76,34.33,19,0,221,213106.29,9035.59,9891.96,856.37,221,0.97,0.34,False
44263,firm_2,18,42.52,32.61,19,0,221,220716.2,8529.5,9396.92,867.42,221,1.02,0.44,False
44263,firm_2,19,46.77,34.24,20,0,232,229269.8,9938.4,10850.64,912.24,232,1.07,0.34,False
44263,firm_2,20,42.09,37.66,21,0,244,237087.62,9308.68,10269.96,961.28,244,1.12,0.34,False
44263,firm_2,21,44.19,37.66,22,0,256,245760.22,10301.12,11312.64,1011.52,256,1.17,0.44,False
44263,firm_2,22,46.4,33.89,23,0,267,255509.81,11329.06,12388.8,1059.74,267,1.22,0.54,False
44263,firm_2,23,44.08,33.89,24,0,279,265182.44,11185.99,12298.32,1112.33,279,1.27,0.54,False
44263,firm_2,24,39.67,37.28,24,0,279,274243.32,9955.6,11067.93,1112.33,279,1.27,0.44,False
44263,firm_2,25,41.65,35.42,23,0,267,283476.12,10047.46,11120.55,1073.09,267,1.27,0.44,False
44263,firm_2,26,39.57,37.19,22,0,256,291750.74,9092.8,10129.92,1037.12,256,1.27,0.44,False
44263,firm_2,27,41.55,40.91,23,0,267,300230.57,10020.76,11093.85,1073.09,267,1.27,0.54,False
44263,firm_2,28,41.55,40.91,23,0,267,309310.4,10020.76,11093.85,1073.09,267,1.27,0.44,False
44263,firm_2,29,39.47,45.0,22,0,256,317174.8,9054.4,10104.32,1049.92,256,1.32,0.34,False
44263,firm_2,30,37.5,42.75,22,0,256,324571.58,8537.28,9600.0,1062.72,256,1.37,0.34,False
44263,firm_2,31,39.38,42.75,21,0,244,332048.07,8574.24,9608.72,1034.48,244,1.42,0.34,False
44263,firm_2,32,43.32,47.03,20,0,232,340164.27,9056.8,10050.24,993.44,232,1.42,0.24,False
44263,firm_2,33,47.65,42.33,21,0,244,349367.46,10592.12,11626.6,1034.48,244,1.42,0.14,False
44263,firm_2,34,45.27,40.21,20,0,232,357760.86,9497.6,10502.64,1005.04,232,1.47,0.24,False
44263,firm_2,35,40.74,40.21,19,0,220,364685.27,7988.4,8962.8,974.4,220,1.52,0.34,False
44263,firm_2,36,40.74,42.22,18,0,208,371367.07,7541.76,8473.92,932.16,208,1.52,0.44,False
44263,firm_2,37,42.78,44.33,18,0,209,378574.47,8005.34,8941.02,935.68,209,1.52,0.44,False
44263,firm_2,38,38.5,42.11,17,0,197,384449.66,6691.06,7584.5,893.44,197,1.52,0.54,False
44263,firm_2,39,34.65,42.11,16,0,185,389025.7,5549.8,6410.25,860.45,185,1.57,0.64,False
44263,firm_2,40,31.18,37.9,15,0,173,393033.73,4576.53,5394.14,817.61,173,1.57,0.54,False
44263,firm_2,41,32.74,36.0,14,0,162,397055.27,4525.54,5303.88,778.34,162,1.57,0.54,False
44263,firm_2,42,29.47,39.6,15,0,173,400033.32,4272.05,5098.31,826.26,173,1.62,0.54,False
44263,firm_2,43,26.52,37.62,15,0,173,403022.07,3753.05,4587.96,834.91,173,1.67,0.44,False
44263,firm_2,44,25.19,33.86,14,0,162,405734.27,3286.24,4080.78,794.54,162,1.67,0.54,False
44263,firm_2,45,22.67,32.17,15,0,173,407630.07,3078.35,3921.91,843.56,173,1.72,0.44,False
44263,firm_2,46,22.67,30.56,14,0,162,409764.03,2861.8,3672.54,810.74,162,1.77,0.54,False
44263,firm_2,47,20.4,27.5,14,0,161,411648.41,2469.38,3284.4,815.02,161,1.82,0.54,False
44263,firm_2,48,18.36,28.88,13,0,149,413031.98,1959.01,2735.64,776.63,149,1.87,0.54,False
44263,firm_2,49,17.44,27.44,12,0,138,414068.46,1665.76,2406.72,740.96,138,1.92,0.64,False
44263,firm_2,50,18.31,27.44,12,0,138,415525.0,1785.82,2526.78,740.96,138,1.92,0.54,False
44263,firm_2,51,17.39,28.81,11,0,126,416499.01,1490.92,2191.14,700.22,126,1.97,0.54,False
44263,firm_2,52,17.39,28.81,10,0,115,417348.46,1337.55,1999.85,662.3,115,2.02,0.54,False
44263,firm_2,53,15.65,27.37,10,0,115,417906.46,1131.7,1799.75,668.05,115,2.07,0.64,False
44263,firm_2,54,17.22,26.0,11,0,126,418371.06,1450.6,2169.72,719.12,126,2.12,0.54,False
44263,firm_2,55,16.36,28.6,11,0,126,419398.7,1342.24,2061.36,719.12,126,2.12,0.44,False
44263,firm_2,56,15.54,25.74,10,0,115,420048.85,1107.55,1787.1,679.55,115,2.17,0.44,False
44263,firm_2,57,15.54,28.31,9,0,103,420765.17,971.11,1600.62,629.51,103,2.17,0.44,False
44263,firm_2,58,14.76,29.73,10,0,115,420679.97,1012.1,1697.4,685.3,115,2.22,0.54,False
44263,firm_2,59,14.02,28.24,11,0,126,420904.13,1034.8,1766.52,731.72,126,2.22,0.44,False
44263,firm_2,60,12.62,26.83,10,0,115,421301.83,766.0,1451.3,685.3,115,2.22,0.54,False
44263,firm_2,61,11.36,24.15,9,0,103,421414.75,530.27,1170.08,639.81,103,2.27,0.54,False
44263,firm_2,62,10.79,25.36,9,0,103,421452.92,466.41,1111.37,644.96,103,2.32,0.54,False
44263,firm_2,63,11.87,24.09,9,0,103,421508.61,572.5,1222.61,650.11,103,2.37,0.64,False
44263,firm_2,64,11.28,22.89,10,0,115,421068.61,588.9,1297.2,708.3,115,2.42,0.74,False
44263,firm_2,65,10.15,21.75,11,0,126,420751.34,521.98,1278.9,756.92,126,2.42,0.84,False
44263,firm_2,66,10.0,21.75,11,0,126,420708.87,496.78,1260.0,763.22,126,2.47,0.94,False
44263,firm_2,67,10.0,20.66,11,0,126,420978.39,496.78,1260.0,763.22,126,2.47,0.94,False
44263,firm_2,68,10.0,22.73,11,0,126,421225.14,496.78,1260.0,763.22,126,2.47,0.84,False
44263,firm_2,69,10.5,20.46,11,0,126,421459.86,559.78,1323.0,763.22,126,2.47,0.94,False
44263,firm_2,70,11.02,19.44,10,0,115,421512.96,547.5,1267.3,719.8,115,2.52,1.04,False
44263,firm_2,71,12.12,20.41,9,0,103,421606.92,577.65,1248.36,670.71,103,2.57,1.14,False
44263,firm_2,72,13.33,19.39,10,0,115,421514.67,801.65,1532.95,731.3,115,2.62,1.14,False
44263,firm_2,73,13.33,18.42,10,0,115,421926.37,795.9,1532.95,737.05,115,2.67,1.04,False
44263,firm_2,74,12.0,19.34,11,0,126,421837.21,723.58,1512.0,788.42,126,2.67,1.14,False
44263,firm_2,75,13.2,21.27,11,0,126,422171.72,868.48,1663.2,794.72,126,2.72,1.24,False
44263,firm_2,76,13.86,20.21,11,0,126,422594.75,945.34,1746.36,801.02,126,2.77,1.34,False
44263,firm_2,77,13.17,20.21,11,0,126,422924.54,852.1,1659.42,807.32,126,2.82,1.44,False
44263,firm_2,78,12.51,22.23,12,0,138,422919.0,861.22,1726.38,865.16,138,2.82,1.54,False
44263,firm_2,79,11.88,23.34,12,0,138,423206.3,767.38,1639.44,872.06,138,2.87,1.54,False
44263,firm_2,80,11.29,22.17,12,0,138,423319.32,679.06,1558.02,878.96,138,2.92,1.64,False
44263,firm_2,81,10.73,21.06,13,0,149,423111.23,665.69,1598.77,933.08,149,2.92,1.74,False
44263,firm_2,82,10.19,20.01,13,0,149,423336.33,585.23,1518.31,933.08,149,2.92,1.84,False
44263,firm_2,83,10.7,20.01,13,0,149,423737.42,661.22,1594.3,933.08,149,2.92,1.84,False
44263,firm_2,84,10.0,20.01,13,0,149,423726.76,549.47,1490.0,940.53,149,2.97,1.94,False
44263,firm_2,85,10.0,21.01,12,0,138,423868.78,494.14,1380.0,885.86,138,2.97,2.04,False
44263,firm_2,86,11.0,23.11,11,0,126,423968.05,553.48,1386.0,832.52,126,3.02,1.94,False
44263,firm_2,87,10.45,21.95,10,0,115,424173.0,424.45,1201.75,777.3,115,3.02,1.94,False
44263,firm_2,88,10.0,24.14,10,0,115,424204.3,372.7,1150.0,777.3,115,3.02,2.04,False
44263,firm_2,89,10.0,21.73,9,0,103,424116.52,307.79,1030.0,722.21,103,3.07,1.94,False
44263,firm_2,90,10.0,20.64,8,0,92,424000.36,248.96,920.0,671.04,92,3.12,1.84,False
44263,firm_2,91,10.0,22.7,8,0,92,423863.12,244.36,920.0,675.64,92,3.17,1.84,False
44263,firm_2,92,10.0,23.84,8,0,92,423712.16,239.76,920.0,680.24,92,3.22,1.74,False
44263,firm_2,93,10.0,23.84,8,0,92,423456.6,235.16,920.0,684.84,92,3.27,1.84,False
44263,firm_2,94,11.0,21.46,8,0,92,423407.48,322.56,1012.0,689.44,92,3.32,1.84,False
44263,firm_2,95,12.1,23.61,8,0,92,423542.36,423.76,1113.2,689.44,92,3.32,1.94,False
44263,firm_2,96,10.89,25.97,7,0,80,423302.17,241.6,871.2,629.6,80,3.37,2.04,False
44263,firm_2,97,10.89,27.27,6,0,69,423015.98,177.43,751.41,573.98,69,3.42,2.14,False
44263,firm_2,98,10.89,25.91,6,0,69,422834.5,173.98,751.41,577.43,69,3.47,2.14,False
44263,firm_2,99,10.0,25.91,6,0,69,422488.16,109.12,690.0,580.88,69,3.52,2.24,False
44263,firm_2,100,10.0,25.91,6,0,68,422337.34,104.64,680.0,575.36,68,3.52,2.34,False
44263,firm_2,101,11.0,27.21,6,0,69,422352.2,178.12,759.0,580.88,69,3.52,2.24,False
44263,firm_2,102,12.1,29.93,6,0,69,422326.64,254.02,834.9,580.88,69,3.52,2.34,False
44263,firm_2,103,12.7,28.43,6,0,69,422248.03,291.97,876.3,584.33,69,3.57,2.34,False
44263,firm_2,104,12.7,29.85,6,0,69,422157.45,288.52,876.3,587.78,69,3.62,2.24,False
44263,firm_2,105,12.06,28.36,6,0,69,422131.65,244.36,832.14,587.78,69,3.62,2.34,False
44263,firm_2,106,10.85,25.52,7,0,80,421671.41,218.4,868.0,649.6,80,3.62,2.24,False
44263,firm_2,107,10.31,26.8,6,0,69,421430.77,120.16,711.39,591.23,69,3.67,2.14,False
44263,firm_2,108,10.0,28.14,5,0,57,421236.88,46.81,570.0,523.19,57,3.67,2.24,False
44263,firm_2,109,11.0,30.95,6,0,69,420515.5,164.32,759.0,594.68,69,3.72,2.24,False
44263,firm_2,110,12.1,27.86,6,0,69,420588.56,240.22,834.9,594.68,69,3.72,2.24,False
44263,firm_2,111,10.89,29.25,5,0,57,420334.15,91.84,620.73,528.89,57,3.77,2.24,False
44263,firm_2,112,10.0,27.79,6,0,69,419555.83,88.42,690.0,601.58,69,3.82,2.14,False
44263,firm_2,113,10.0,30.57,5,0,57,419441.24,38.26,570.0,531.74,57,3.82,2.04,False
44263,firm_2,114,10.0,27.51,5,0,57,419039.1,35.41,570.0,534.59,57,3.87,2.14,False
44263,firm_2,115,10.0,28.89,5,0,57,418727.21,32.56,570.0,537.44,57,3.92,2.14,False
44263,firm_2,116,10.5,28.89,5,0,57,418543.82,61.06,598.5,537.44,57,3.92,2.24,False
44263,firm_2,117,10.0,27.45,4,0,46,418421.7,-12.32,460.0,472.32,46,3.92,2.14,False
44263,firm_2,118,10.5,26.08,3,0,34,418299.18,-44.28,357.0,401.28,34,3.92,2.14,False
44263,firm_2,119,10.5,24.78,2,0,23,418154.96,-94.66,241.5,336.16,23,3.92,2.04,False
44263,firm_2,120,11.02,22.3,3,0,34,417461.46,-26.6,374.68,401.28,34,3.92,2.14,False
44263,firm_2,121,11.02,20.07,3,0,34,417374.65,-26.6,374.68,401.28,34,3.92,2.14,False
44263,firm_2,122,11.57,20.07,3,0,34,417306.54,-7.9,393.38,401.28,34,3.92,2.14,False
44263,firm_2,123,12.73,19.07,4,0,45,416634.46,104.2,572.85,468.65,45,3.97,2.14,False
44263,firm_2,124,12.73,19.07,5,0,57,416021.58,182.47,725.61,543.14,57,4.02,2.14,False
44263,firm_2,125,11.46,20.98,6,0,69,415267.61,171.91,790.74,618.83,69,4.07,2.24,False
44263,firm_2,126,11.46,22.03,6,0,68,415098.55,163.12,779.28,616.16,68,4.12,2.14,False
44263,firm_2,127,10.31,19.83,7,0,80,414390.94,131.2,824.8,693.6,80,4.17,2.14,False
44263,firm_2,128,10.83,18.84,7,0,80,414227.86,168.8,866.4,697.6,80,4.22,2.04,False
44263,firm_2,129,11.37,19.78,6,0,68,414055.98,146.8,773.16,626.36,68,4.27,1.94,False
44263,firm_2,130,11.37,20.77,6,0,68,414078.16,146.8,773.16,626.36,68,4.27,1.84,False
44263,firm_2,131,11.37,20.77,5,0,57,414065.01,90.7,648.09,557.39,57,4.27,1.84,False
44263,firm_2,132,10.8,21.81,6,0,68,413238.79,104.64,734.4,629.76,68,4.32,1.94,False
44263,firm_2,133,11.34,23.99,6,0,68,413032.81,137.96,771.12,633.16,68,4.37,1.84,False
44263,firm_2,134,11.91,23.99,7,0,80,412404.08,239.2,952.8,713.6,80,4.42,1.84,False
44263,firm_2,135,11.91,23.99,6,0,68,412130.06,169.92,809.88,639.96,68,4.47,1.94,False
44263,firm_2,136,11.31,23.99,6,0,68,411911.84,125.72,769.08,643.36,68,4.52,1.94,False
44263,firm_2,137,12.44,26.39,7,0,80,411296.71,269.6,995.2,725.6,80,4.57,1.84,False
44263,firm_2,138,11.2,29.03,7,0,80,410959.9,166.4,896.0,729.6,80,4.62,1.94,False
44263,firm_2,139,11.76,29.03,6,0,68,410631.84,146.12,799.68,653.56,68,4.67,2.04,False
44263,firm_2,140,10.58,29.03,5,0,57,410306.71,20.02,603.06,583.04,57,4.72,1.94,False
44263,firm_2,141,10.58,31.93,4,0,45,409850.44,-28.55,476.1,504.65,45,4.77,2.04,False
44263,firm_2,142,11.11,33.53,4,0,45,409509.37,-6.95,499.95,506.9,45,4.82,2.04,False
44263,firm_2,143,10.0,31.85,3,0,34,409120.24,-93.58,340.0,433.58,34,4.87,1.94,False
44263,firm_2,144,10.5,35.04,3,0,34,408838.54,-76.58,357.0,433.58,34,4.87,2.04,False
44263,firm_2,145,11.02,35.04,3,0,34,408472.82,-60.6,374.68,435.28,34,4.92,1.94,False
44263,firm_2,146,10.47,35.04,3,0,34,408086.7,-81.0,355.98,436.98,34,4.97,1.84,False
44263,firm_2,147,10.47,36.79,2,0,22,407890.12,-123.0,230.34,353.34,22,4.97,1.74,False
44263,firm_2,148,10.47,34.95,2,0,22,407396.12,-124.1,230.34,354.44,22,5.02,1.84,False
44263,firm_2,149,10.0,34.95,3,0,34,406692.59,-98.68,340.0,438.68,34,5.02,1.74,False
44263,firm_2,150,10.0,38.45,4,0,45,405770.64,-68.15,450.0,518.15,45,5.07,1.64,False
44263,firm_2,151,10.0,42.3,3,0,34,405241.66,-102.08,340.0,442.08,34,5.12,1.74,False
44263,firm_2,152,11.0,46.53,3,0,34,404832.29,-69.78,374.0,443.78,34,5.17,1.64,False
44263,firm_2,153,10.45,41.88,3,0,34,404416.47,-90.18,355.3,445.48,34,5.22,1.54,False
44263,firm_2,154,10.45,46.07,3,0,34,403886.38,-91.88,355.3,447.18,34,5.27,1.64,False
44263,firm_2,155,10.97,41.46,3,0,34,403486.1,-75.9,372.98,448.88,34,5.32,1.54,False
44263,firm_2,156,10.97,45.61,3,0,34,403071.67,-77.6,372.98,450.58,34,5.37,1.44,False
44263,firm_2,157,10.0,47.89,2,0,22,402833.75,-142.14,220.0,362.14,22,5.37,1.44,False
44263,firm_2,158,10.0,43.1,1,0,11,402319.03,-171.62,110.0,281.62,11,5.42,1.54,False
44263,firm_2,159,11.0,43.1,2,0,22,401511.59,-121.24,242.0,363.24,22,5.42,1.64,False
44263,firm_2,160,12.1,40.94,3,0,34,400646.19,-42.58,411.4,453.98,34,5.47,1.54,False
44263,firm_2,161,13.31,45.03,2,0,22,400484.61,-71.52,292.82,364.34,22,5.47,1.54,False
44263,firm_2,162,11.98,45.03,1,0,11,400189.19,-150.39,131.78,282.17,11,5.47,1.64,False
44263,firm_2,163,12.58,45.03,1,0,11,399699.82,-144.34,138.38,282.72,11,5.52,1.74,False
44263,firm_2,164,13.21,49.53,2,0,22,398724.84,-75.92,290.62,366.54,22,5.57,1.84,False
44263,firm_2,165,12.55,47.05,1,0,11,398232.02,-145.77,138.05,283.82,11,5.62,1.94,False
44263,firm_2,166,13.18,42.34,1,0,11,397750.29,-139.39,144.98,284.37,11,5.67,2.04,False
44263,firm_2,167,12.52,38.11,1,0,11,397264.98,-147.2,137.72,284.92,11,5.72,2.14,False
44263,firm_2,168,12.52,38.11,2,0,22,396494.36,-94.4,275.44,369.84,22,5.72,2.24,False
44263,firm_2,169,12.52,38.11,3,0,34,395743.23,-36.8,425.68,462.48,34,5.72,2.34,False
44263,firm_2,170,11.27,41.92,4,0,45,394733.05,-42.5,507.15,549.65,45,5.77,2.44,False
44263,firm_2,171,11.27,44.02,3,0,34,394318.29,-82.7,383.18,465.88,34,5.82,2.34,False
44263,firm_2,172,12.4,44.02,4,0,45,393346.06,3.85,558.0,554.15,45,5.87,2.44,False
44263,firm_2,173,11.16,41.82,5,0,57,392624.49,-12.47,636.12,648.59,57,5.87,2.34,False
44263,firm_2,174,10.6,46.0,4,0,45,392263.34,-77.15,477.0,554.15,45,5.87,2.44,False
44263,firm_2,175,10.6,50.6,4,0,45,391983.79,-77.15,477.0,554.15,45,5.87,2.44,False
44263,firm_2,176,10.0,55.66,4,0,45,391557.0,-104.15,450.0,554.15,45,5.87,2.54,False
44263,firm_2,177,11.0,55.66,3,0,34,390994.74,-95.28,374.0,469.28,34,5.92,2.64,False
44263,firm_2,178,11.0,52.88,2,0,22,390455.64,-133.34,242.0,375.34,22,5.97,2.74,False
44263,firm_2,179,10.0,52.88,3,0,34,389465.0,-132.0,340.0,472.0,34,6.0,2.74,False
44263,firm_2,180,11.0,52.88,3,0,34,389108.36,-98.0,374.0,472.0,34,6.0,2.84,False
44263,firm_2,181,10.0,50.24,3,0,34,388725.64,-132.0,340.0,472.0,34,6.0,2.94,False
44263,firm_2,182,10.0,50.24,2,0,23,388271.16,-154.0,230.0,384.0,23,6.0,2.94,False
44263,firm_2,183,10.0,55.26,1,0,11,387937.9,-178.0,110.0,288.0,11,6.0,3.04,False
44263,firm_2,184,10.0,60.79,1,0,11,387599.11,-178.0,110.0,288.0,11,6.0,3.14,False
44263,firm_2,185,10.0,60.79,1,0,11,387060.32,-178.0,110.0,288.0,11,6.0,3.24,False
44263,firm_2,186,10.0,54.71,1,0,11,386527.61,-178.0,110.0,288.0,11,6.0,3.34,False
44263,firm_2,187,10.0,60.18,1,0,11,386189.43,-178.0,110.0,288.0,11,6.0,3.44,False
44263,firm_2,188,10.0,60.18,1,0,11,385651.25,-178.0,110.0,288.0,11,6.0,3.54,False
44263,firm_2,189,11.0,54.16,2,0,23,384911.93,-131.0,253.0,384.0,23,6.0,3.54,False
44263,firm_2,190,12.1,51.45,3,0,34,384196.98,-60.6,411.4,472.0,34,6.0,3.54,False
44263,firm_2,191,13.31,51.45,2,0,23,383916.21,-77.87,306.13,384.0,23,6.0,3.64,False
44263,firm_2,192,13.98,46.31,1,0,11,383535.68,-134.22,153.78,288.0,11,6.0,3.54,False
44263,firm_2,193,13.98,41.68,2,0,23,382789.86,-62.46,321.54,384.0,23,6.0,3.64,False
44263,firm_2,194,14.68,39.6,1,0,11,382323.74,-126.52,161.48,288.0,11,6.0,3.74,False
44263,firm_2,195,16.15,43.56,1,0,11,381969.83,-110.35,177.65,288.0,11,6.0,3.74,False
44263,firm_2,196,16.15,47.92,2,0,23,381261.44,-12.55,371.45,384.0,23,6.0,3.84,False
44263,firm_2,197,15.34,47.92,2,0,23,380834.42,-31.18,352.82,384.0,23,6.0,3.94,False
44263,firm_2,198,16.11,50.32,1,0,11,380573.31,-110.79,177.21,288.0,11,6.0,4.04,False
44263,firm_2,199,17.72,45.29,1,0,11,380134.94,-93.08,194.92,288.0,11,6.0,4.14,False
44263,firm_2,200,16.83,40.76,1,0,11,379691.31,-102.87,185.13,288.0,11,6.0,4.24,False
44263,firm_2,201,18.51,42.8,2,0,23,379047.44,41.73,425.73,384.0,23,6.0,4.34,False
44263,firm_2,202,19.44,38.52,1,0,11,378934.76,-74.16,213.84,288.0,11,6.0,4.34,False
44263,firm_2,203,18.47,42.37,1,0,11,378607.56,-84.83,203.17,288.0,11,6.0,4.34,False
44263,firm_2,204,20.32,40.25,1,0,11,378302.83,-64.48,223.52,288.0,11,6.0,4.24,False
44263,firm_2,205,21.34,36.22,1,0,11,377913.35,-53.26,234.74,288.0,11,6.0,4.34,False
44263,firm_2,206,21.34,34.41,1,0,11,377825.68,-53.26,234.74,288.0,11,6.0,4.24,False
44263,firm_2,207,19.21,34.41,1,0,11,377514.58,-76.69,211.31,288.0,11,6.0,4.24,False
44263,firm_2,208,19.21,30.97,1,0,11,377106.92,-76.69,211.31,288.0,11,6.0,4.34,False
44263,firm_2,209,19.21,29.42,1,0,11,376800.81,-76.69,211.31,288.0,11,6.0,4.24,False
44263,firm_2,210,17.29,27.95,1,0,11,376575.05,-97.81,190.19,288.0,11,6.0,4.34,False
44263,firm_2,211,18.15,29.35,1,0,11,376257.35,-88.35,199.65,288.0,11,6.0,4.34,False
44263,firm_2,212,16.34,32.29,1,0,11,375916.8,-108.26,179.74,288.0,11,6.0,4.34,False
44263,firm_2,213,17.16,30.68,1,0,11,375686.88,-99.24,188.76,288.0,11,6.0,4.44,False
44263,firm_2,214,15.44,29.15,2,0,23,374799.7,-28.88,355.12,384.0,23,6.0,4.54,False
44263,firm_2,215,15.44,32.06,1,0,11,374449.48,-118.16,169.84,288.0,11,6.0,4.54,False
44263,firm_2,216,15.44,28.85,1,0,11,374202.47,-118.16,169.84,288.0,11,6.0,4.64,False
44263,firm_2,217,16.21,25.97,1,0,11,373966.81,-109.69,178.31,288.0,11,6.0,4.74,False
44263,firm_2,218,17.83,24.67,1,0,11,373650.27,-91.87,196.13,288.0,11,6.0,4.74,False
44263,firm_2,219,19.61,23.44,1,0,11,373254.54,-72.29,215.71,288.0,11,6.0,4.84,False
44263,firm_2,220,20.59,21.1,1,0,11,372971.93,-61.51,226.49,288.0,11,6.0,4.74,False
44263,firm_2,221,22.65,22.16,1,0,11,372910.92,-38.85,249.15,288.0,11,6.0,4.64,False
44263,firm_2,222,24.92,19.94,2,0,23,372560.2,189.16,573.16,384.0,23,6.0,4.54,False
44263,firm_2,223,22.43,19.94,2,0,23,372552.21,131.89,515.89,384.0,23,6.0,4.64,False
44263,firm_2,224,22.43,21.93,3,0,34,372177.04,290.62,762.62,472.0,34,6.0,4.74,False
44263,firm_2,225,23.55,23.03,2,0,23,372288.63,157.65,541.65,384.0,23,6.0,4.64,False
44263,firm_2,226,24.73,20.73,2,0,23,372131.96,184.79,568.79,384.0,23,6.0,4.74,False
44263,firm_2,227,27.2,22.8,3,0,34,372016.36,452.8,924.8,472.0,34,6.0,4.74,False
44263,firm_2,228,29.92,22.8,4,0,46,372233.48,808.32,1376.32,568.0,46,6.0,4.74,False
44263,firm_2,229,28.42,22.8,3,0,34,372359.36,494.28,966.28,472.0,34,6.0,4.84,False
44263,firm_2,230,31.26,22.8,2,0,23,372648.74,334.98,718.98,384.0,23,6.0,4.74,False
44263,firm_2,231,31.26,20.52,2,0,23,372942.68,334.98,718.98,384.0,23,6.0,4.74,False
44263,firm_2,232,31.26,18.47,2,0,23,372940.72,334.98,718.98,384.0,23,6.0,4.84,False
44263,firm_2,233,31.26,17.55,1,0,11,372779.03,55.86,343.86,288.0,11,6.0,4.74,False
44263,firm_2,234,31.26,17.55,1,0,11,372517.34,55.86,343.86,288.0,11,6.0,4.84,False
44263,firm_2,235,32.82,16.67,1,0,11,372273.69,73.02,361.02,288.0,11,6.0,4.94,False
44263,firm_2,236,31.18,15.0,1,0,11,372213.67,54.98,342.98,288.0,11,6.0,5.04,False
44263,firm_2,237,29.62,13.5,1,0,11,372237.99,37.82,325.82,288.0,11,6.0,5.04,False
44263,firm_2,238,28.14,12.15,1,0,11,372047.38,21.54,309.54,288.0,11,6.0,5.04,False
44263,firm_2,239,29.55,10.94,1,0,11,371973.49,37.05,325.05,288.0,11,6.0,5.14,False
44263,firm_2,240,26.6,12.03,1,0,11,371666.06,4.6,292.6,288.0,11,6.0,5.24,False
44263,firm_2,241,29.26,13.23,1,0,11,371486.69,33.86,321.86,288.0,11,6.0,5.24,False
44263,firm_2,242,26.33,14.55,1,0,11,371273.77,1.63,289.63,288.0,11,6.0,5.14,False
44263,firm_2,243,23.7,13.1,2,0,23,370808.67,161.1,545.1,384.0,23,6.0,5.24,False
44263,firm_2,244,24.88,11.79,3,0,34,370447.22,373.92,845.92,472.0,34,6.0,5.24,False
44263,firm_2,245,26.12,12.38,2,0,23,370539.22,216.76,600.76,384.0,23,6.0,5.34,False
44263,firm_2,246,23.51,13.62,1,0,11,370496.21,-29.39,258.61,288.0,11,6.0,5.34,False
44263,firm_2,247,21.16,14.3,1,0,11,370326.67,-55.24,232.76,288.0,11,6.0,5.44,False
44263,firm_2,248,23.28,15.02,1,0,11,369979.73,-31.92,256.08,288.0,11,6.0,5.54,False
44263,firm_2,249,25.61,13.52,1,0,11,369759.92,-6.29,281.71,288.0,11,6.0,5.44,False
44263,firm_2,250,28.17,13.52,1,0,11,369568.27,21.87,309.87,288.0,11,6.0,5.44,False
44263,firm_2,251,30.99,14.87,1,0,11,369306.29,52.89,340.89,288.0,11,6.0,5.54,False
44263,firm_2,252,34.09,13.38,1,0,11,369279.9,86.99,374.99,288.0,11,6.0,5.64,False
44263,firm_2,253,35.79,14.05,1,0,11,369171.54,105.69,393.69,288.0,11,6.0,5.64,False
44263,firm_2,254,37.58,12.65,1,0,11,368984.27,125.38,413.38,288.0,11,6.0,5.74,False
44263,firm_2,255,41.34,13.92,1,0,11,369137.09,166.74,454.74,288.0,11,6.0,5.64,False
44263,firm_2,256,43.41,15.31,1,0,11,369111.29,189.51,477.51,288.0,11,6.0,5.64,False
44263,firm_2,257,39.07,16.08,1,0,11,369136.98,141.77,429.77,288.0,11,6.0,5.74,False
44263,firm_2,258,37.12,16.88,1,0,11,369240.42,120.32,408.32,288.0,11,6.0,5.64,False
44263,firm_2,259,35.26,15.19,2,0,23,368937.02,426.98,810.98,384.0,23,6.0,5.64,False
44263,firm_2,260,37.02,13.67,2,0,23,369277.14,467.46,851.46,384.0,23,6.0,5.74,False
44263,firm_2,261,38.87,15.04,3,0,34,369481.6,849.58,1321.58,472.0,34,6.0,5.84,False
44263,firm_2,262,40.81,14.29,4,0,46,370233.7,1309.26,1877.26,568.0,46,6.0,5.84,False
44263,firm_2,263,42.85,12.86,3,0,34,370980.02,984.9,1456.9,472.0,34,6.0,5.84,False
44263,firm_2,264,40.71,11.57,2,0,23,371309.21,552.33,936.33,384.0,23,6.0,5.74,False
44263,firm_2,265,36.64,10.99,2,0,22,371417.31,430.08,806.08,376.0,22,6.0,5.84,False
44263,firm_2,266,38.47,10.0,1,0,11,371342.48,135.17,423.17,288.0,11,6.0,5.74,False
44263,firm_2,267,42.32,10.0,1,0,11,371310.0,177.52,465.52,288.0,11,6.0,5.64,False
44263,firm_2,268,38.09,10.0,2,0,22,371251.98,461.98,837.98,376.0,22,6.0,5.64,False
44263,firm_2,269,41.9,10.0,1,0,11,371214.88,172.9,460.9,288.0,11,6.0,5.54,False
44263,firm_2,270,44.0,10.0,1,0,11,371400.88,196.0,484.0,288.0,11,6.0,5.44,False
44263,firm_2,271,44.0,10.5,1,0,11,371486.38,196.0,484.0,288.0,11,6.0,5.54,False
44263,firm_2,272,39.6,10.0,1,0,11,371323.98,147.6,435.6,288.0,11,6.0,5.64,False
44263,firm_2,273,41.58,10.0,1,0,11,371483.36,169.38,457.38,288.0,11,6.0,5.64,False
44263,firm_2,274,43.66,10.0,1,0,11,371365.62,192.26,480.26,288.0,11,6.0,5.74,False
44263,firm_2,275,45.84,10.0,1,0,11,371271.86,216.24,504.24,288.0,11,6.0,5.84,False
44263,firm_2,276,48.13,10.5,2,0,23,371473.85,722.99,1106.99,384.0,23,6.0,5.74,False
44263,firm_2,277,50.54,10.0,1,0,11,371731.79,267.94,555.94,288.0,11,6.0,5.74,False
44263,firm_2,278,53.07,10.0,2,0,23,371848.4,836.61,1220.61,384.0,23,6.0,5.74,False
44263,firm_2,279,50.42,10.5,1,0,11,371904.52,266.62,554.62,288.0,11,6.0,5.64,False
44263,firm_2,280,45.38,10.5,1,0,11,371905.2,211.18,499.18,288.0,11,6.0,5.64,False
44263,firm_2,281,40.84,10.0,1,0,11,371856.44,161.24,449.24,288.0,11,6.0,5.64,False
44263,firm_2,282,44.92,10.0,1,0,11,371752.56,206.12,494.12,288.0,11,6.0,5.74,False
44263,firm_2,283,47.17,10.0,1,0,11,371973.43,230.87,518.87,288.0,11,6.0,5.64,False
44263,firm_2,284,49.53,11.0,1,0,11,371919.26,256.83,544.83,288.0,11,6.0,5.74,False
44263,firm_2,285,49.53,10.0,1,0,11,372066.09,256.83,544.83,288.0,11,6.0,5.84,False
44263,firm_2,286,44.58,10.5,2,0,22,372149.85,604.76,980.76,376.0,22,6.0,5.74,False
44263,firm_2,287,40.12,11.02,2,0,22,372534.45,506.64,882.64,376.0,22,6.0,5.84,False
44263,firm_2,288,42.13,11.57,1,0,11,372498.31,175.43,463.43,288.0,11,6.0,5.74,False
44263,firm_2,289,42.13,11.57,1,0,11,372462.17,175.43,463.43,288.0,11,6.0,5.74,False
44263,firm_2,290,37.92,11.57,1,0,11,372379.72,129.12,417.12,288.0,11,6.0,5.64,False
44263,firm_2,291,39.82,12.15,1,0,11,372317.59,150.02,438.02,288.0,11,6.0,5.54,False
44263,firm_2,292,35.84,11.54,1,0,11,372312.29,106.24,394.24,288.0,11,6.0,5.64,False
44263,firm_2,293,35.84,10.39,1,0,11,372308.14,106.24,394.24,288.0,11,6.0,5.74,False
44263,firm_2,294,39.42,10.0,1,0,11,372243.76,145.62,433.62,288.0,11,6.0,5.64,False
44263,firm_2,295,43.36,11.0,1,0,11,372321.72,188.96,476.96,288.0,11,6.0,5.74,False
44263,firm_2,296,47.7,11.0,1,0,11,372347.42,236.7,524.7,288.0,11,6.0,5.74,False
44263,firm_2,297,50.09,12.1,1,0,11,372398.31,262.99,550.99,288.0,11,6.0,5.64,False
44263,firm_2,298,47.59,13.31,1,0,11,372420.49,235.49,523.49,288.0,11,6.0,5.64,False
44263,firm_2,299,49.97,13.31,1,0,11,372468.85,261.67,549.67,288.0,11,6.0,5.64,False
44263,firm_2,300,49.97,12.64,1,0,11,372517.88,261.67,549.67,288.0,11,6.0,5.64,False
44263,firm_2,301,54.97,11.38,1,0,11,372623.17,316.67,604.67,288.0,11,6.0,5.64,False
44263,firm_2,302,49.47,10.24,2,0,22,372815.03,712.34,1088.34,376.0,22,6.0,5.54,False
44263,firm_2,303,51.94,10.24,1,0,11,373088.13,283.34,571.34,288.0,11,6.0,5.54,False
44263,firm_2,304,57.13,10.0,1,0,11,373418.56,340.43,628.43,288.0,11,6.0,5.54,False
44263,firm_2,305,59.99,10.0,1,0,11,373480.45,371.89,659.89,288.0,11,6.0,5.64,False
44263,firm_2,306,65.99,10.0,1,0,11,373708.34,437.89,725.89,288.0,11,6.0,5.54,False
44263,firm_2,307,65.99,10.0,1,0,11,373936.23,437.89,725.89,288.0,11,6.0,5.44,False
44263,firm_2,308,65.99,10.0,1,0,11,374364.12,437.89,725.89,288.0,11,6.0,5.44,False
44263,firm_2,309,69.29,10.0,1,0,11,374528.31,474.19,762.19,288.0,11,6.0,5.54,False
44263,firm_2,310,69.29,10.0,1,0,11,374992.5,474.19,762.19,288.0,11,6.0,5.54,False
44263,firm_2,311,65.83,10.0,1,0,11,375418.63,436.13,724.13,288.0,11,6.0,5.44,False
44263,firm_2,312,65.83,11.0,1,0,11,375743.76,436.13,724.13,288.0,11,6.0,5.54,False
44263,firm_2,313,62.54,12.1,1,0,11,375931.6,399.94,687.94,288.0,11,6.0,5.44,False
44263,firm_2,314,56.29,12.1,1,0,11,375950.69,331.19,619.19,288.0,11,6.0,5.54,False
44263,firm_2,315,56.29,10.89,1,0,11,375970.99,331.19,619.19,288.0,11,6.0,5.64,False
44263,firm_2,316,56.29,10.35,1,0,11,376191.83,331.19,619.19,288.0,11,6.0,5.74,False
44263,firm_2,317,56.29,10.0,1,0,11,376313.02,331.19,619.19,288.0,11,6.0,5.64,False
44263,firm_2,318,59.1,10.0,1,0,11,376365.12,362.1,650.1,288.0,11,6.0,5.74,False
44263,firm_2,319,59.1,10.0,2,0,22,376569.32,924.2,1300.2,376.0,22,6.0,5.74,False
44263,firm_2,320,59.1,10.0,2,0,22,377173.52,924.2,1300.2,376.0,22,6.0,5.84,False
44263,firm_2,321,62.06,10.0,1,0,11,377358.18,394.66,682.66,288.0,11,6.0,5.74,False
44263,firm_2,322,62.06,10.0,1,0,11,377742.84,394.66,682.66,288.0,11,6.0,5.64,False
44263,firm_2,323,58.96,10.0,2,0,22,377843.96,921.12,1297.12,376.0,22,6.0,5.74,False
44263,firm_2,324,64.86,10.0,1,0,11,378059.42,425.46,713.46,288.0,11,6.0,5.74,False
44263,firm_2,325,58.37,11.0,1,0,11,378302.49,354.07,642.07,288.0,11,6.0,5.84,False
44263,firm_2,326,58.37,10.0,1,0,11,378546.56,354.07,642.07,288.0,11,6.0,5.94,False
44263,firm_2,327,52.53,11.0,2,0,22,378704.22,779.66,1155.66,376.0,22,6.0,6.0,False
44263,firm_2,328,55.16,10.0,3,0,34,379377.66,1403.44,1875.44,472.0,34,6.0,5.9,False
44263,firm_2,329,55.16,10.0,4,0,45,380759.86,1922.2,2482.2,560.0,45,6.0,5.9,False
44263,firm_2,330,57.92,10.0,4,0,45,382566.26,2046.4,2606.4,560.0,45,6.0,5.9,False
44263,firm_2,331,57.92,10.0,4,0,45,384372.66,2046.4,2606.4,560.0,45,6.0,5.8,False
44263,firm_2,332,60.82,10.0,3,0,34,385938.54,1595.88,2067.88,472.0,34,6.0,5.7,False
44263,firm_2,333,63.86,10.0,2,0,22,386747.46,1028.92,1404.92,376.0,22,6.0,5.7,False
44263,firm_2,334,63.86,11.0,1,0,11,386950.92,414.46,702.46,288.0,11,6.0,5.6,False
44263,firm_2,335,67.05,12.1,1,0,11,387388.37,449.55,737.55,288.0,11,6.0,5.6,False
44263,firm_2,336,73.76,10.89,1,0,11,387900.84,523.36,811.36,288.0,11,6.0,5.5,False
44263,firm_2,337,66.38,11.98,1,0,11,388331.04,442.18,730.18,288.0,11,6.0,5.5,False
44263,firm_2,338,66.38,12.58,2,0,22,388590.24,1084.36,1460.36,376.0,22,6.0,5.6,False
44263,firm_2,339,66.38,11.95,3,0,34,389839.31,1784.92,2256.92,472.0,34,6.0,5.5,False
44263,firm_2,340,73.02,10.76,2,0,22,390948.23,1230.44,1606.44,376.0,22,6.0,5.6,False
44263,firm_2,341,73.02,10.22,3,0,34,392128.25,2010.68,2482.68,472.0,34,6.0,5.7,False
44263,firm_2,342,76.67,10.0,2,0,22,393218.99,1310.74,1686.74,376.0,22,6.0,5.7,False
44263,firm_2,343,84.34,10.0,2,0,22,394478.47,1479.48,1855.48,376.0,22,6.0,5.7,False
44263,firm_2,344,84.34,10.0,1,0,11,394908.21,639.74,927.74,288.0,11,6.0,5.7,False
44263,firm_2,345,75.91,11.0,1,0,11,395244.22,547.01,835.01,288.0,11,6.0,5.7,False
44263,firm_2,346,79.71,12.1,1,0,11,395620.93,588.81,876.81,288.0,11,6.0,5.6,False
44263,firm_2,347,79.71,10.89,1,0,11,395998.85,588.81,876.81,288.0,11,6.0,5.6,False
44263,firm_2,348,83.7,10.0,1,0,11,396421.55,632.7,920.7,288.0,11,6.0,5.6,False
44263,firm_2,349,83.7,11.0,1,0,11,396943.25,632.7,920.7,288.0,11,6.0,5.7,False
44263,firm_2,350,87.88,11.55,1,0,11,397610.38,678.68,966.68,288.0,11,6.0,5.6,False
44263,firm_2,351,87.88,10.4,1,0,11,397978.66,678.68,966.68,288.0,11,6.0,5.7,False
44263,firm_2,352,92.27,10.0,1,0,11,398495.63,726.97,1014.97,288.0,11,6.0,5.6,False
44263,firm_2,353,92.27,10.0,1,0,11,399212.6,726.97,1014.97,288.0,11,6.0,5.5,False
44263,firm_2,354,96.88,10.0,1,0,11,399880.28,777.68,1065.68,288.0,11,6.0,5.6,False
44263,firm_2,355,96.88,10.0,1,0,11,400447.96,777.68,1065.68,288.0,11,6.0,5.5,False
44263,firm_2,356,96.88,10.0,2,0,22,401683.32,1755.36,2131.36,376.0,22,6.0,5.4,False
44263,firm_2,357,106.57,10.0,1,0,11,402557.59,884.27,1172.27,288.0,11,6.0,5.3,False
44263,firm_2,358,111.9,10.0,1,0,11,403490.49,942.9,1230.9,288.0,11,6.0,5.2,False
44263,firm_2,359,100.71,10.0,1,0,11,404100.3,819.81,1107.81,288.0,11,6.0,5.2,False
44263,firm_2,360,105.75,11.0,1,0,11,404964.55,875.25,1163.25,288.0,11,6.0,5.2,False
44263,firm_2,361,105.75,12.1,1,0,11,405627.7,875.25,1163.25,288.0,11,6.0,5.2,False
44263,firm_2,362,111.04,10.89,1,0,11,406350.25,933.44,1221.44,288.0,11,6.0,5.2,False
44263,firm_2,363,116.59,10.0,1,0,11,407334.74,994.49,1282.49,288.0,11,6.0,5.2,False
44263,firm_2,364,122.42,10.0,1,0,11,408083.36,1058.62,1346.62,288.0,11,6.0,5.3,False
44263,firm_2,365,134.66,10.5,1,0,11,409266.12,1193.26,1481.26,288.0,11,6.0,5.2,False
44263,firm_3,1,29.84,18.57,17,0,195,112197.31,5168.35,5818.8,650.45,195,0.31,0.39,False
44263,firm_3,2,32.82,19.5,17,0,195,117615.26,5749.45,6399.9,650.45,195,0.31,0.29,False
44263,firm_3,3,29.54,19.5,17,0,195,122393.61,5109.85,5760.3,650.45,195,0.31,0.19,False
44263,firm_3,4,32.49,21.45,18,0,207,127554.77,6047.26,6725.43,678.17,207,0.31,0.1,False
44263,firm_3,5,35.74,21.45,18,0,207,133888.68,6720.01,7398.18,678.17,207,0.31,0.1,False
44263,firm_3,6,39.31,21.45,19,0,218,140747.13,7866.0,8569.58,703.58,218,0.31,0.2,False
44263,firm_3,7,43.24,22.52,18,0,207,148514.28,8272.51,8950.68,678.17,207,0.31,0.3,False
44263,firm_3,8,47.56,22.52,18,0,208,157320.92,9212.0,9892.48,680.48,208,0.31,0.2,False
44263,firm_3,9,52.32,24.77,18,0,208,166866.74,10191.68,10882.56,690.88,208,0.36,0.1,False
44263,firm_3,10,57.55,23.53,18,0,208,177622.72,11279.52,11970.4,690.88,208,0.36,0.2,False
44263,firm_3,11,57.55,22.35,18,0,208,188289.54,11269.12,11970.4,701.28,208,0.41,0.2,False
44263,firm_3,12,57.55,22.35,19,0,220,199295.69,11930.8,12661.0,730.2,220,0.41,0.2,False
44263,firm_3,13,60.43,22.35,20,0,231,211551.31,13202.62,13959.33,756.71,231,0.41,0.1,False
44263,firm_3,14,57.41,24.59,20,0,231,223252.96,12493.45,13261.71,768.26,231,0.46,0.2,False
44263,firm_3,15,51.67,24.59,19,0,220,233411.95,10626.2,11367.4,741.2,220,0.46,0.2,False
44263,firm_3,16,54.25,24.59,20,0,231,243972.09,11751.94,12531.75,779.81,231,0.51,0.1,False
44263,firm_3,17,48.82,25.82,21,0,243,253883.2,11053.33,11863.26,809.93,243,0.51,0.2,False
44263,firm_3,18,48.82,27.11,20,0,231,263627.06,10486.06,11277.42,791.36,231,0.56,0.1,False
44263,firm_3,19,43.94,29.82,19,0,221,272005.46,8944.98,9710.74,765.76,221,0.56,0.1,False
44263,firm_3,20,48.33,29.82,18,0,208,280478.46,9309.76,10052.64,742.88,208,0.61,0.2,False
44263,firm_3,21,45.91,29.82,18,0,208,288748.1,8806.4,9549.28,742.88,208,0.61,0.1,False
44263,firm_3,22,43.61,32.8,18,0,208,296385.7,8328.0,9070.88,742.88,208,0.61,0.2,False
44263,firm_3,23,39.25,34.44,19,0,221,303128.78,7897.44,8674.25,776.81,221,0.61,0.2,False
44263,firm_3,24,41.21,34.44,20,0,232,310383.58,8743.6,9560.72,817.12,232,0.66,0.3,False
44263,firm_3,25,43.27,37.88,20,0,232,318847.5,9221.52,10038.64,817.12,232,0.66,0.2,False
44263,firm_3,26,45.43,34.09,20,0,232,327676.74,9711.04,10539.76,828.72,232,0.71,0.1,False
44263,firm_3,27,47.7,34.09,20,0,232,337132.62,10237.68,11066.4,828.72,232,0.71,0.2,False
44263,firm_3,28,52.47,32.39,20,0,232,347829.14,11344.32,12173.04,828.72,232,0.71,0.2,False
44263,firm_3,29,57.72,34.01,21,0,243,359782.36,13167.43,14025.96,858.53,243,0.71,0.2,False
44263,firm_3,30,51.95,35.71,21,0,243,370797.77,11765.32,12623.85,858.53,243,0.71,0.2,False
44263,firm_3,31,46.76,35.71,21,0,243,380552.01,10504.15,11362.68,858.53,243,0.71,0.2,False
44263,firm_3,32,49.1,39.28,21,0,243,390799.9,11072.77,11931.3,858.53,243,0.71,0.1,False
44263,firm_3,33,51.56,41.24,20,0,231,400847.9,11072.8,11910.36,837.56,231,0.76,0.1,False
44263,firm_3,34,56.72,43.3,19,0,221,411750.36,11725.16,12535.12,809.96,221,0.76,0.1,False
44263,firm_3,35,59.56,45.46,19,0,221,423239.42,12352.8,13162.76,809.96,221,0.76,0.1,False
44263,firm_3,36,62.54,45.46,19,0,221,435176.01,13000.33,13821.34,821.01,221,0.81,0.1,False
44263,firm_3,37,56.29,43.19,19,0,220,445821.0,11565.6,12383.8,818.2,220,0.81,0.2,False
44263,firm_3,38,59.1,47.51,19,0,221,457058.4,12240.09,13061.1,821.01,221,0.81,0.3,False
44263,firm_3,39,65.01,52.26,18,0,209,468817.52,12799.8,13587.09,787.29,209,0.81,0.4,False
44263,firm_3,40,71.51,49.65,17,0,197,481307.37,13333.9,14087.47,753.57,197,0.81,0.3,False
44263,firm_3,41,67.93,52.13,17,0,197,492839.95,12618.79,13382.21,763.42,197,0.86,0.3,False
44263,firm_3,42,64.53,57.34,18,0,209,503686.41,12678.58,13486.77,808.19,209,0.91,0.4,False
44263,firm_3,43,64.53,54.47,18,0,209,515174.08,12668.13,13486.77,818.64,209,0.96,0.4,False
44263,firm_3,44,61.3,51.75,18,0,209,526235.64,11993.06,12811.7,818.64,209,0.96,0.3,False
44263,firm_3,45,67.43,54.34,19,0,221,538440.0,14036.82,14902.03,865.21,221,1.01,0.4,False
44263,firm_3,46,60.69,54.34,20,0,232,549823.36,13170.16,14080.08,909.92,232,1.06,0.3,False
44263,firm_3,47,54.62,51.62,20,0,232,560341.28,11750.32,12671.84,921.52,232,1.11,0.3,False
44263,firm_3,48,60.08,56.78,20,0,232,572222.72,13017.04,13938.56,921.52,232,1.11,0.3,False
44263,firm_3,49,54.07,59.62,21,0,244,582492.74,12222.04,13193.08,971.04,244,1.16,0.3,False
44263,firm_3,50,56.77,65.58,21,0,244,593684.2,12868.64,13851.88,983.24,244,1.21,0.4,False
44263,firm_3,51,51.09,68.86,22,0,255,603465.93,11996.65,13027.95,1031.3,255,1.26,0.3,False
44263,firm_3,52,45.98,61.97,23,0,267,612433.51,11192.89,12276.66,1083.77,267,1.31,0.4,False
44263,firm_3,53,45.98,65.07,23,0,267,622129.79,11192.89,12276.66,1083.77,267,1.31,0.3,False
44263,firm_3,54,48.28,58.56,22,0,255,632108.82,11267.35,12311.4,1044.05,255,1.31,0.3,False
44263,firm_3,55,53.11,64.42,23,0,267,643223.76,13096.6,14180.37,1083.77,267,1.31,0.2,False
44263,firm_3,56,53.11,61.2,23,0,267,654912.76,13096.6,14180.37,1083.77,267,1.31,0.2,False
44263,firm_3,57,53.11,58.14,24,0,278,666347.9,13630.5,14764.58,1134.08,278,1.36,0.3,False
44263,firm_3,58,53.11,63.95,25,0,290,678376.65,14227.5,15401.9,1174.4,290,1.36,0.4,False
44263,firm_3,59,58.42,63.95,25,0,290,692545.3,15767.4,16941.8,1174.4,290,1.36,0.4,False
44263,firm_3,60,52.58,70.35,24,0,278,704240.06,13483.16,14617.24,1134.08,278,1.36,0.5,False
44263,firm_3,61,55.21,73.87,25,0,290,716729.81,14836.5,16010.9,1174.4,290,1.36,0.5,False
44263,firm_3,62,49.69,77.56,26,0,301,727643.53,13730.28,14956.69,1226.41,301,1.41,0.6,False
44263,firm_3,63,54.66,85.32,26,0,301,740436.41,15211.2,16452.66,1241.46,301,1.46,0.5,False
44263,firm_3,64,60.13,93.85,25,0,290,754324.46,16234.3,17437.7,1203.4,290,1.46,0.4,False
44263,firm_3,65,57.12,93.85,24,0,278,766575.64,14703.58,15879.36,1175.78,278,1.51,0.4,False
44263,firm_3,66,54.26,89.16,24,0,278,778344.3,13908.5,15084.28,1175.78,278,1.51,0.4,False
44263,firm_3,67,51.55,98.08,23,0,267,788615.14,12626.68,13763.85,1137.17,267,1.51,0.5,False
44263,firm_3,68,54.13,93.18,23,0,267,799687.54,13315.54,14452.71,1137.17,267,1.51,0.6,False
44263,firm_3,69,56.84,102.5,24,0,278,811353.28,14625.74,15801.52,1175.78,278,1.51,0.6,False
44263,firm_3,70,54.0,102.5,25,0,290,822632.88,14442.1,15660.0,1217.9,290,1.51,0.7,False
44263,firm_3,71,56.7,92.25,24,0,278,835005.7,14586.82,15762.6,1175.78,278,1.51,0.7,False
44263,firm_3,72,51.03,92.25,25,0,290,845780.25,13580.8,14798.7,1217.9,290,1.51,0.7,False
44263,firm_3,73,51.03,87.64,25,0,289,856908.08,13518.83,14747.67,1228.84,289,1.56,0.6,False
44263,firm_3,74,45.93,96.4,25,0,289,866228.56,12030.48,13273.77,1243.29,289,1.61,0.7,False
44263,firm_3,75,41.34,106.04,26,0,302,873850.88,11179.36,12484.68,1305.32,302,1.66,0.8,False
44263,firm_3,76,37.21,116.64,26,0,302,880750.34,9932.1,11237.42,1305.32,302,1.66,0.8,False
44263,firm_3,77,40.93,116.64,26,0,302,888673.24,11055.54,12360.86,1305.32,302,1.66,0.9,False
44263,firm_3,78,42.98,122.47,27,0,314,896913.03,12146.48,13495.72,1349.24,314,1.66,1.0,False
44263,firm_3,79,47.28,134.72,28,0,325,906401.12,13960.25,15366.0,1405.75,325,1.71,0.9,False
44263,firm_3,80,42.55,134.72,29,0,337,914883.32,12889.08,14339.35,1450.27,337,1.71,0.8,False
44263,firm_3,81,46.8,127.98,29,0,337,925493.23,14321.33,15771.6,1450.27,337,1.71,0.8,False
44263,firm_3,82,44.46,127.98,29,0,336,935273.81,13492.0,14938.56,1446.56,336,1.71,0.7,False
44263,firm_3,83,44.46,127.98,28,0,325,944517.87,13027.5,14449.5,1422.0,325,1.76,0.7,False
44263,firm_3,84,48.91,115.18,29,0,335,955602.9,14925.25,16384.85,1459.6,335,1.76,0.7,False
44263,firm_3,85,53.8,120.94,29,0,336,968709.08,16613.44,18076.8,1463.36,336,1.76,0.6,False
44263,firm_3,86,48.42,120.94,28,0,325,979637.26,14314.5,15736.5,1422.0,325,1.76,0.5,False
44263,firm_3,87,53.26,120.94,29,0,336,992062.0,16432.0,17895.36,1463.36,336,1.76,0.5,False
44263,firm_3,88,55.92,120.94,30,0,348,1005785.48,17951.68,19460.16,1508.48,348,1.76,0.6,False
44263,firm_3,89,58.72,114.89,31,0,357,1021144.61,19420.72,20963.04,1542.32,357,1.76,0.6,False
44263,firm_3,90,64.59,120.63,31,0,359,1039043.05,21637.97,23187.81,1549.84,359,1.76,0.6,False
44263,firm_3,91,71.05,120.63,32,0,371,1059228.93,24746.04,26359.55,1613.51,371,1.81,0.6,False
44263,firm_3,92,78.16,120.63,32,0,371,1082534.07,27365.3,28997.36,1632.06,371,1.86,0.5,False
44263,firm_3,93,82.07,120.63,33,0,382,1107729.5,29676.22,31350.74,1674.52,382,1.86,0.4,False
44263,firm_3,94,77.97,114.6,34,0,394,1132332.44,28999.34,30720.18,1720.84,394,1.86,0.4,False
44263,firm_3,95,81.87,114.6,34,0,394,1158752.28,30516.24,32256.78,1740.54,394,1.91,0.4,False
44263,firm_3,96,77.78,114.6,35,0,405,1183958.63,29717.35,31500.9,1783.55,405,1.91,0.3,False
44263,firm_3,97,81.67,114.6,35,0,403,1211084.91,31137.28,32913.01,1775.73,403,1.91,0.3,False
44263,firm_3,98,73.5,108.87,35,0,405,1235258.41,27983.95,29767.5,1783.55,405,1.91,0.3,False
44263,firm_3,99,80.85,119.76,36,0,417,1262331.03,31883.98,33714.45,1830.47,417,1.91,0.3,False
44263,firm_3,100,88.94,119.76,35,0,405,1292156.33,34216.9,36020.7,1803.8,405,1.96,0.3,False
44263,firm_3,101,97.83,107.78,34,0,394,1325276.59,36784.78,38545.02,1760.24,394,1.96,0.2,False
44263,firm_3,102,102.72,102.39,34,0,394,1360187.07,38691.74,40471.68,1779.94,394,2.01,0.3,False
44263,firm_3,103,92.45,107.51,34,0,394,1390957.39,34625.66,36425.3,1799.64,394,2.06,0.3,False
44263,firm_3,104,101.7,112.89,33,0,382,1424330.5,37098.48,38849.4,1750.92,382,2.06,0.3,False
44263,firm_3,105,111.87,124.18,34,0,394,1461785.52,42277.14,44076.78,1799.64,394,2.06,0.4,False
44263,firm_3,106,123.06,111.76,35,0,405,1505368.92,47995.0,49839.3,1844.3,405,2.06,0.4,False
44263,firm_3,107,129.21,117.35,36,0,417,1552531.87,51987.55,53880.57,1893.02,417,2.06,0.5,False
44263,firm_3,108,135.67,123.22,37,0,428,1603501.81,56129.08,58066.76,1937.68,428,2.06,0.6,False
44263,firm_3,109,128.89,135.54,37,0,428,1651392.67,53205.84,55164.92,1959.08,428,2.11,0.7,False
44263,firm_3,110,141.78,128.76,36,0,417,1703744.85,57187.54,59122.26,1934.72,417,2.16,0.7,False
44263,firm_3,111,134.69,122.32,36,0,417,1753572.34,54231.01,56165.73,1934.72,417,2.16,0.6,False
44263,firm_3,112,141.42,128.44,35,0,405,1804467.24,55390.3,57275.1,1884.8,405,2.16,0.6,False
44263,firm_3,113,134.35,128.44,35,0,405,1852498.79,52526.95,54411.75,1884.8,405,2.16,0.5,False
44263,firm_3,114,141.07,141.28,34,0,394,1901437.81,53742.54,55581.58,1839.04,394,2.16,0.5,False
44263,firm_3,115,141.07,134.22,35,0,405,1951488.66,55248.55,57133.35,1884.8,405,2.16,0.5,False
44263,firm_3,116,155.18,134.22,34,0,394,2006227.06,59301.88,61140.92,1839.04,394,2.16,0.5,False
44263,firm_3,117,147.42,134.22,35,0,405,2058749.66,57820.3,59705.1,1884.8,405,2.16,0.6,False
44263,firm_3,118,147.42,134.22,34,0,394,2110430.62,56244.44,58083.48,1839.04,394,2.16,0.6,False
44263,firm_3,119,162.16,147.64,33,0,382,2165714.5,60156.0,61945.12,1789.12,382,2.16,0.6,False
44263,firm_3,120,170.27,147.64,33,0,382,2224096.4,63254.02,65043.14,1789.12,382,2.16,0.6,False
44263,firm_3,121,161.76,132.88,34,0,394,2280972.88,61894.4,63733.44,1839.04,394,2.16,0.6,False
44263,firm_3,122,169.85,146.17,34,0,394,2341084.96,65081.86,66920.9,1839.04,394,2.16,0.5,False
44263,firm_3,123,178.34,160.79,35,0,405,2405300.21,70342.9,72227.7,1884.8,405,2.16,0.4,False
44263,firm_3,124,196.17,176.87,35,0,405,2476673.81,77564.05,79448.85,1884.8,405,2.16,0.3,False
44263,firm_3,125,196.17,194.56,34,0,393,2545099.05,75240.28,77094.81,1854.53,393,2.21,0.3,False
44263,firm_3,126,215.79,175.1,33,0,382,2619944.31,80623.56,82431.78,1808.22,382,2.21,0.3,False
44263,firm_3,127,237.37,175.1,34,0,393,2704922.79,91431.88,93286.41,1854.53,393,2.21,0.3,False
44263,firm_3,128,261.11,175.1,34,0,393,2799411.44,100742.05,102616.23,1874.18,393,2.26,0.4,False
44263,firm_3,129,274.17,192.61,35,0,405,2901063.39,109093.3,111038.85,1945.55,405,2.31,0.4,False
44263,firm_3,130,246.75,182.98,35,0,405,2992427.04,97967.95,99933.75,1965.8,405,2.36,0.4,False
44263,firm_3,131,259.09,201.28,36,0,416,3090448.64,105767.68,107781.44,2013.76,416,2.36,0.4,False
44263,firm_3,132,246.14,181.15,36,0,416,3183986.92,100359.68,102394.24,2034.56,416,2.41,0.5,False
44263,firm_3,133,233.83,172.09,37,0,428,3275011.35,97991.76,100079.24,2087.48,428,2.41,0.6,False
44263,firm_3,134,257.21,163.49,38,0,437,3378250.48,110251.75,112400.77,2149.02,437,2.46,0.7,False
44263,firm_3,135,244.35,163.49,39,0,449,3478784.98,107510.61,109713.15,2202.54,449,2.46,0.8,False
44263,firm_3,136,268.79,179.84,38,0,437,3587263.27,115312.21,117461.23,2149.02,437,2.46,0.8,False
44263,firm_3,137,268.79,179.84,39,0,448,3697869.35,118219.84,120417.92,2198.08,448,2.46,0.9,False
44263,firm_3,138,295.67,197.82,38,0,437,3817189.11,127036.92,129207.79,2170.87,437,2.51,0.8,False
44263,firm_3,139,310.45,217.6,39,0,451,3945981.65,137778.94,140012.95,2234.01,451,2.51,0.8,False
44263,firm_3,140,325.97,217.6,39,0,451,4082173.71,144778.46,147012.47,2234.01,451,2.51,0.9,False
44263,firm_3,141,293.37,239.36,39,0,451,4202691.98,130053.31,132309.87,2256.56,451,2.56,0.8,False
44263,firm_3,142,293.37,263.3,40,0,464,4325244.62,133784.64,136123.68,2339.04,464,2.61,0.8,False
44263,firm_3,143,308.04,236.97,40,0,462,4455527.38,139961.56,142314.48,2352.92,462,2.66,0.8,False
44263,firm_3,144,292.64,248.82,40,0,462,4578421.34,132846.76,135199.68,2352.92,462,2.66,0.7,False
44263,firm_3,145,321.9,236.38,39,0,450,4711760.52,142558.0,144855.0,2297.0,450,2.66,0.6,False
44263,firm_3,146,289.71,236.38,40,0,462,4833298.42,131493.1,133846.02,2352.92,462,2.66,0.6,False
44263,firm_3,147,304.2,236.38,39,0,451,4958749.59,134869.99,137194.2,2324.21,451,2.71,0.5,False
44263,firm_3,148,319.41,236.38,39,0,450,5090723.27,141392.5,143734.5,2342.0,450,2.76,0.5,False
44263,firm_3,149,287.47,212.74,39,0,451,5209728.62,127302.21,129648.97,2346.76,451,2.76,0.5,False
44263,firm_3,150,301.84,223.38,38,0,439,5331458.3,130218.12,132507.76,2289.64,439,2.76,0.4,False
44263,firm_3,151,286.75,212.21,37,0,427,5443816.26,120209.73,122442.25,2232.52,427,2.76,0.4,False
44263,firm_3,152,272.41,212.21,38,0,439,5552550.63,117298.35,119587.99,2289.64,439,2.76,0.3,False
44263,firm_3,153,258.79,190.99,37,0,426,5653279.48,107995.48,110244.54,2249.06,426,2.81,0.2,False
44263,firm_3,154,232.91,200.54,37,0,426,5742608.8,96949.3,99219.66,2270.36,426,2.86,0.2,False
44263,firm_3,155,209.62,190.51,38,0,437,5823827.69,89258.27,91603.94,2345.67,437,2.91,0.3,False
44263,firm_3,156,220.1,200.04,39,0,449,5911723.99,96397.86,98824.9,2427.04,449,2.96,0.2,False
44263,firm_3,157,231.1,210.04,40,0,460,6006423.79,103801.4,106306.0,2504.6,460,3.01,0.1,False
44263,firm_3,158,207.99,210.04,41,0,471,6092492.18,95380.03,97963.29,2583.26,471,3.06,0.1,False
44263,firm_3,159,187.19,199.54,40,0,460,6167767.38,83556.8,86107.4,2550.6,460,3.11,0.2,False
44263,firm_3,160,177.83,179.59,41,0,471,6241055.31,81151.12,83757.93,2606.81,471,3.11,0.2,False
44263,firm_3,161,168.94,170.61,42,0,483,6312095.43,78905.74,81598.02,2692.28,483,3.16,0.2,False
44263,firm_3,162,160.49,187.67,41,0,471,6377361.39,72960.43,75590.79,2630.36,471,3.16,0.1,False
44263,firm_3,163,176.54,197.05,42,0,483,6450937.68,82552.39,85268.82,2716.43,483,3.21,0.1,False
44263,firm_3,164,176.54,206.9,42,0,483,6524800.27,82552.39,85268.82,2716.43,483,3.21,0.1,False
44263,firm_3,165,194.19,217.24,43,0,494,6608115.07,93156.12,95929.86,2773.74,494,3.21,0.1,False
44263,firm_3,166,203.9,217.24,43,0,494,6696726.61,97952.86,100726.6,2773.74,494,3.21,0.1,False
44263,firm_3,167,224.29,206.38,43,0,494,6795877.79,108025.52,110799.26,2773.74,494,3.21,0.1,False
44263,firm_3,168,246.72,206.38,43,0,494,6905784.69,119081.24,121879.68,2798.44,494,3.26,0.2,False
44263,firm_3,169,259.06,196.06,43,0,494,7022531.31,125177.2,127975.64,2798.44,494,3.26,0.1,False
44263,firm_3,170,259.06,196.06,44,0,506,7141627.47,128222.8,131084.36,2861.56,506,3.26,0.1,False
44263,firm_3,171,272.01,196.06,45,0,517,7269788.67,137683.9,140629.17,2945.27,517,3.31,0.1,False
44263,firm_3,172,299.21,215.67,45,0,517,7411503.97,151720.45,154691.57,2971.12,517,3.36,0.2,False
44263,firm_3,173,269.29,215.67,44,0,506,7535137.77,133323.28,136260.74,2937.46,506,3.41,0.1,False
44263,firm_3,174,282.75,215.67,44,0,506,7665557.03,140108.74,143071.5,2962.76,506,3.46,0.1,False
44263,firm_3,175,268.61,215.67,43,0,494,7786079.32,129796.1,132693.34,2897.24,494,3.46,0.1,False
44263,firm_3,176,295.47,194.1,42,0,483,7917801.95,139874.83,142712.01,2837.18,483,3.46,0.1,False
44263,firm_3,177,295.47,194.1,42,0,483,8049200.43,139850.68,142712.01,2861.33,483,3.51,0.2,False
44263,firm_3,178,325.02,174.69,42,0,483,8195986.78,154123.33,156984.66,2861.33,483,3.51,0.1,False
44263,firm_3,179,292.52,192.16,42,0,483,8326341.89,138425.83,141287.16,2861.33,483,3.51,0.1,False
44263,firm_3,180,321.77,182.55,42,0,483,8471228.37,152553.58,155414.91,2861.33,483,3.51,0.1,False
44263,firm_3,181,289.59,182.55,41,0,472,8597629.58,133885.76,136686.48,2800.72,472,3.51,0.1,False
44263,firm_3,182,318.55,182.55,41,0,474,8738225.99,148180.96,150992.7,2811.74,474,3.51,0.2,False
44263,firm_3,183,302.62,182.55,42,0,486,8874254.35,144195.46,147073.32,2877.86,486,3.51,0.1,False
44263,firm_3,184,317.75,182.55,43,0,498,9021100.22,155295.52,158239.5,2943.98,498,3.51,0.2,False
44263,firm_3,185,333.64,200.81,43,0,498,9175449.23,163183.84,166152.72,2968.88,498,3.56,0.1,False
44263,firm_3,186,350.32,200.81,44,0,509,9341396.43,175282.84,178312.88,3030.04,509,3.56,0.1,False
44263,firm_3,187,332.8,210.85,43,0,499,9495322.64,163092.76,166067.2,2974.44,499,3.56,0.2,False
44263,firm_3,188,332.8,210.85,43,0,499,9649348.85,163092.76,166067.2,2974.44,499,3.56,0.2,False
44263,firm_3,189,316.16,200.31,44,0,509,9797705.16,157869.95,160925.44,3055.49,509,3.61,0.1,False
44263,firm_3,190,347.78,220.34,45,476,522,9797779.32,10489.46,15997.88,5508.42,46,3.61,0.1,False
44263,firm_3,191,382.56,220.34,44,782,511,9859532.45,71448.09,78424.8,6976.71,205,3.61,0.1,False
44263,firm_3,192,344.3,209.32,43,537,499,10100781.55,250449.86,256159.2,5709.34,744,3.66,0.1,False
44263,firm_3,193,309.87,219.79,44,0,511,10412036.74,321625.95,324743.76,3117.81,1048,3.71,0.1,False
44263,firm_3,194,325.36,219.79,44,0,511,10565507.13,163141.15,166258.96,3117.81,511,3.71,0.1,False
44263,firm_3,195,309.09,219.79,44,0,511,10710663.55,154827.18,157944.99,3117.81,511,3.71,0.1,False
44263,firm_3,196,324.54,219.79,43,0,499,10860108.75,158896.17,161945.46,3049.29,499,3.71,0.1,False
44263,firm_3,197,324.54,208.8,44,69,510,10990086.59,139665.04,143122.14,3457.1,441,3.71,0.1,False
44263,firm_3,198,340.77,229.68,44,0,511,11174509.46,194528.79,197646.6,3117.81,580,3.71,0.1,False
44263,firm_3,199,306.69,206.71,45,0,521,11321318.09,156610.58,159785.49,3174.91,521,3.71,0.1,False
44263,firm_3,200,291.36,206.71,46,0,533,11463360.88,152051.45,155294.88,3243.43,533,3.71,0.1,False
44263,firm_3,201,320.5,206.71,46,0,533,11621435.29,167583.07,170826.5,3243.43,533,3.71,0.1,False
44263,firm_3,202,304.47,196.37,47,0,545,11774330.1,162624.2,165936.15,3311.95,545,3.71,0.1,False
44263,firm_3,203,274.02,186.55,46,0,533,11908558.03,142809.23,146052.66,3243.43,533,3.71,0.1,False
44263,firm_3,204,301.42,186.55,47,0,545,12060252.13,160961.95,164273.9,3311.95,545,3.71,0.1,False
44263,firm_3,205,271.28,177.22,48,0,556,12198702.49,147456.92,150831.68,3374.76,556,3.71,0.1,False
44263,firm_3,206,298.41,177.22,48,0,556,12352737.13,162541.2,165915.96,3374.76,556,3.71,0.1,False
44263,firm_3,207,268.57,194.94,48,0,556,12489102.37,145922.36,149324.92,3402.56,556,3.76,0.1,False
44263,firm_3,208,255.14,194.94,48,0,556,12617972.73,138427.48,141857.84,3430.36,556,3.81,0.1,False
44263,firm_3,209,229.63,214.43,49,0,568,12733795.42,126929.76,130429.84,3500.08,568,3.81,0.2,False
44263,firm_3,210,252.59,225.15,50,0,580,12864970.32,142932.4,146502.2,3569.8,580,3.81,0.1,False
44263,firm_3,211,239.96,225.15,50,0,580,12989319.82,135607.0,139176.8,3569.8,580,3.81,0.1,False
44263,firm_3,212,251.96,236.41,51,0,592,13122283.71,145520.8,149160.32,3639.52,592,3.81,0.1,False
44263,firm_3,213,226.76,236.41,50,0,580,13238414.21,127951.0,131520.8,3569.8,580,3.81,0.1,False
44263,firm_3,214,215.42,260.05,51,0,591,13348101.62,123649.96,127313.22,3663.26,591,3.86,0.1,False
44263,firm_3,215,236.96,273.05,51,0,591,13470456.17,136380.1,140043.36,3663.26,591,3.86,0.2,False
44263,firm_3,216,260.66,286.7,50,0,580,13603605.17,147584.0,151182.8,3598.8,580,3.86,0.3,False
44263,firm_3,217,260.66,301.04,49,0,568,13733152.21,144498.0,148054.88,3556.88,568,3.91,0.2,False
44263,firm_3,218,234.59,301.04,50,0,580,13849705.61,132405.4,136062.2,3656.8,580,3.96,0.3,False
44263,firm_3,219,246.32,285.99,50,0,580,13974614.91,139208.8,142865.6,3656.8,580,3.96,0.2,False
44263,firm_3,220,270.95,271.69,51,0,592,14116703.2,156644.48,160402.4,3757.92,592,4.01,0.1,False
44263,firm_3,221,284.5,271.69,52,0,603,14269574.64,167699.32,171553.5,3854.18,603,4.06,0.1,False
44263,firm_3,222,298.73,271.69,52,0,603,14431726.77,176280.01,180134.19,3854.18,603,4.06,0.1,False
44263,firm_3,223,313.67,258.11,51,0,591,14599831.12,181567.96,185378.97,3811.01,591,4.11,0.2,False
44263,firm_3,224,297.99,283.92,51,0,591,14757422.73,172271.53,176112.09,3840.56,591,4.16,0.1,False
44263,firm_3,225,297.99,283.92,51,0,591,14915214.34,172271.53,176112.09,3840.56,591,4.16,0.1,False
44263,firm_3,226,312.89,298.12,50,0,580,15077911.74,177703.4,181476.2,3772.8,580,4.16,0.2,False
44263,firm_3,227,328.53,298.12,51,0,591,15252298.74,190291.12,194161.23,3870.11,591,4.21,0.2,False
44263,firm_3,228,295.68,298.12,52,0,603,15410646.91,174350.41,178295.04,3944.63,603,4.21,0.1,False
44263,firm_3,229,280.9,283.21,52,0,603,15561127.91,165407.92,169382.7,3974.78,603,4.26,0.1,False
44263,firm_3,230,308.99,283.21,53,0,614,15731194.0,185676.22,189719.86,4043.64,614,4.26,0.2,False
44263,firm_3,231,278.09,254.89,53,0,615,15884329.53,166944.7,171025.35,4080.65,615,4.31,0.3,False
44263,firm_3,232,264.19,242.15,54,0,626,16031755.01,161201.58,165382.94,4181.36,626,4.36,0.2,False
44263,firm_3,233,290.61,230.04,53,0,615,16194176.64,174613.75,178725.15,4111.4,615,4.36,0.2,False
44263,firm_3,234,276.08,230.04,52,0,603,16344655.72,162441.16,166476.24,4035.08,603,4.36,0.1,False
44263,firm_3,235,248.47,241.54,53,0,615,16479821.0,148666.9,152809.05,4142.15,615,4.41,0.1,False
44263,firm_3,236,260.89,241.54,52,0,603,16620282.21,153221.29,157316.67,4095.38,603,4.46,0.1,False
44263,firm_3,237,234.8,229.46,52,0,603,16745839.31,137489.02,141584.4,4095.38,603,4.46,0.1,False
44263,firm_3,238,246.54,229.46,53,0,615,16880396.38,147418.45,151622.1,4203.65,615,4.51,0.1,False
44263,firm_3,239,234.21,240.93,53,0,615,17007462.59,139835.5,144039.15,4203.65,615,4.51,0.1,False
44263,firm_3,240,234.21,228.88,54,0,626,17136711.97,142308.9,146615.46,4306.56,626,4.56,0.1,False
44263,firm_3,241,245.92,251.77,53,0,614,17269804.5,146736.34,150994.88,4258.54,614,4.61,0.2,False
44263,firm_3,242,233.62,251.77,52,0,603,17393169.34,136656.88,140872.86,4215.98,603,4.66,0.2,False
44263,firm_3,243,256.98,226.59,52,0,603,17532029.62,150742.96,154958.94,4215.98,603,4.66,0.3,False
44263,firm_3,244,282.68,215.26,52,0,603,17687076.16,166240.06,170456.04,4215.98,603,4.66,0.3,False
44263,firm_3,245,310.95,193.73,51,0,591,17856731.32,179635.39,183771.45,4136.06,591,4.66,0.4,False
44263,firm_3,246,310.95,213.1,50,0,580,18022264.52,176288.2,180351.0,4062.8,580,4.66,0.5,False
44263,firm_3,247,295.4,234.41,49,0,568,18174354.35,163775.92,167787.2,4011.28,568,4.71,0.4,False
44263,firm_3,248,310.17,234.41,49,0,568,18335033.54,172165.28,176176.56,4011.28,568,4.71,0.4,False
44263,firm_3,249,279.15,210.97,49,0,568,18479241.93,154545.92,158557.2,4011.28,568,4.71,0.4,False
44263,firm_3,250,279.15,221.52,48,0,557,18620158.05,151549.08,155486.55,3937.47,557,4.71,0.4,False
44263,firm_3,251,265.19,243.67,48,0,557,18752007.4,143745.51,147710.83,3965.32,557,4.76,0.3,False
44263,firm_3,252,238.67,231.49,49,0,568,18871460.87,131496.48,135564.56,4068.08,568,4.81,0.3,False
44263,firm_3,253,214.8,219.92,49,0,568,18978394.71,117909.92,122006.4,4096.48,568,4.86,0.2,False
44263,firm_3,254,236.28,219.92,49,0,568,19097400.79,130082.16,134207.04,4124.88,568,4.91,0.3,False
44263,firm_3,255,212.65,219.92,49,0,568,19203285.03,116660.32,120785.2,4124.88,568,4.91,0.3,False
44263,firm_3,256,202.02,208.92,48,0,557,19301733.14,108476.27,112525.14,4048.87,557,4.91,0.3,False
44263,firm_3,257,222.22,208.92,49,0,568,19412763.74,122067.68,126220.96,4153.28,568,4.96,0.4,False
44263,firm_3,258,211.11,208.92,50,0,580,19519924.74,118207.0,122443.8,4236.8,580,4.96,0.5,False
44263,firm_3,259,200.55,208.92,51,0,591,19622981.51,114211.69,118525.05,4313.36,591,4.96,0.4,False
44263,firm_3,260,220.6,208.92,50,0,580,19736246.71,123711.2,127948.0,4236.8,580,4.96,0.4,False
44263,firm_3,261,242.66,208.92,51,0,591,19864190.49,139098.7,143412.06,4313.36,591,4.96,0.3,False
44263,firm_3,262,266.93,208.92,51,0,591,20006648.29,153412.72,157755.63,4342.91,591,5.01,0.4,False
44263,firm_3,263,293.62,229.81,51,0,591,20164114.49,169186.51,173529.42,4342.91,591,5.01,0.3,False
44263,firm_3,264,264.26,229.81,52,0,603,20306355.97,154891.6,159348.78,4457.18,603,5.06,0.3,False
44263,firm_3,265,264.26,229.81,52,0,603,20449197.45,154891.6,159348.78,4457.18,603,5.06,0.4,False
44263,firm_3,266,237.83,218.32,52,0,603,20576799.12,138954.31,143411.49,4457.18,603,5.06,0.4,False
44263,firm_3,267,261.61,240.15,53,0,615,20719688.67,156317.5,160890.15,4572.65,615,5.11,0.4,False
44263,firm_3,268,287.77,228.14,52,603,603,20700092.91,-7532.48,0.0,7532.48,0,5.16,0.3,False
44263,firm_3,269,302.16,216.73,52,1205,602,20678057.53,-10565.42,0.0,10565.42,0,5.21,0.2,False
44263,firm_3,270,271.94,238.4,53,1818,613,20651112.6,-13709.73,0.0,13709.73,0,5.21,0.3,False
44263,firm_3,271,299.13,250.32,52,2292,602,20660384.18,22288.22,38288.64,16000.42,128,5.21,0.2,False
44263,firm_3,272,284.17,237.8,51,2540,590,20728188.62,80032.24,97186.14,17153.9,342,5.21,0.3,False
44263,firm_3,273,298.38,237.8,50,2590,578,20856425.88,140227.26,157544.64,17317.38,528,5.21,0.4,False
44263,firm_3,274,268.54,261.58,50,2206,580,21086707.64,243460.76,258872.56,15411.8,964,5.21,0.5,False
44263,firm_3,275,241.69,287.74,50,1029,580,21487343.17,415122.53,424649.33,9526.8,1757,5.21,0.6,False
44263,firm_3,276,217.52,287.74,50,0,580,21818335.05,345578.88,349989.68,4410.8,1609,5.26,0.5,False
44263,firm_3,277,239.27,287.74,50,0,578,21937620.93,133872.88,138298.06,4425.18,578,5.31,0.5,False
44263,firm_3,278,251.23,273.35,49,0,567,22062001.07,138074.29,142447.41,4373.12,567,5.36,0.6,False
44263,firm_3,279,276.35,300.69,50,0,580,22202280.77,155814.2,160283.0,4468.8,580,5.36,0.5,False
44263,firm_3,280,276.35,300.69,51,0,591,22345218.67,158773.09,163322.85,4549.76,591,5.36,0.5,False
44263,firm_3,281,290.17,300.69,50,0,580,22494013.97,163829.8,168298.6,4468.8,580,5.36,0.4,False
44263,firm_3,282,275.66,300.69,51,0,591,22636544.08,158365.3,162915.06,4549.76,591,5.36,0.4,False
44263,firm_3,283,261.88,300.69,51,13,591,22767631.22,146722.33,151366.64,4644.31,578,5.41,0.5,False
44263,firm_3,284,248.79,315.72,50,0,580,22894650.89,143005.67,147532.47,4526.8,593,5.46,0.4,False
44263,firm_3,285,273.67,331.51,51,91,591,23009015.02,131771.14,136835.0,5063.86,500,5.46,0.3,False
44263,firm_3,286,246.3,348.09,51,0,591,23154400.62,163338.19,167976.6,4638.41,682,5.51,0.2,False
44263,firm_3,287,221.67,348.09,52,0,603,23264738.42,128938.48,133667.01,4728.53,603,5.51,0.1,False
44263,firm_3,288,199.5,348.09,53,0,614,23363240.81,117651.16,122493.0,4841.84,614,5.56,0.1,False
44263,firm_3,289,189.52,382.9,53,0,614,23454239.85,111492.74,116365.28,4872.54,614,5.61,0.1,False
44263,firm_3,290,180.04,402.04,52,0,603,23537109.06,103775.29,108564.12,4788.83,603,5.61,0.1,False
44263,firm_3,291,171.04,402.04,53,0,614,23615116.26,100115.32,105018.56,4903.24,614,5.66,0.2,False
44263,firm_3,292,153.94,361.84,54,0,626,23686216.88,91339.98,96366.44,5026.46,626,5.71,0.1,False
44263,firm_3,293,146.24,361.84,55,0,637,23753859.29,88043.61,93154.88,5111.27,637,5.71,0.1,False
44263,firm_3,294,160.86,361.84,55,0,637,23831082.79,97324.7,102467.82,5143.12,637,5.76,0.1,False
44263,firm_3,295,168.9,361.84,55,0,637,23913395.92,102414.33,107589.3,5174.97,637,5.81,0.1,False
44263,firm_3,296,152.01,325.66,54,0,625,23985735.28,89925.0,95006.25,5081.25,625,5.81,0.1,False
44263,firm_3,297,136.81,325.66,55,0,637,24049296.98,81973.0,87147.97,5174.97,637,5.81,0.1,False
44263,firm_3,298,129.97,341.94,56,0,649,24108730.18,79081.84,84350.53,5268.69,649,5.81,0.1,False
44263,firm_3,299,142.97,376.13,57,0,660,24175796.37,89005.6,94360.2,5354.6,660,5.81,0.1,False
44263,firm_3,300,135.82,357.32,58,0,672,24240394.53,85822.72,91271.04,5448.32,672,5.81,0.1,False
44263,firm_3,301,149.4,357.32,59,0,683,24315084.47,96471.82,102040.2,5568.38,683,5.86,0.1,False
44263,firm_3,302,134.46,357.32,58,0,671,24378874.96,84715.05,90222.66,5507.61,671,5.91,0.1,False
44263,firm_3,303,147.91,357.32,59,0,683,24452478.93,95385.85,101022.53,5636.68,683,5.96,0.1,False
44263,firm_3,304,162.7,321.59,59,0,683,24538992.54,105487.42,111124.1,5636.68,683,5.96,0.1,False
44263,firm_3,305,146.43,321.59,59,0,683,24614066.42,94347.69,100011.69,5664.0,683,6.0,0.2,False
44263,firm_3,306,161.07,337.67,59,0,683,24698190.7,104346.81,110010.81,5664.0,683,6.0,0.3,False
44263,firm_3,307,144.96,337.67,60,0,695,24772117.7,94987.2,100747.2,5760.0,695,6.0,0.4,False
44263,firm_3,308,159.46,371.44,59,0,683,24853449.92,103247.18,108911.18,5664.0,683,6.0,0.3,False
44263,firm_3,309,151.49,408.58,58,0,672,24925777.56,96225.28,101801.28,5576.0,672,6.0,0.3,False
44263,firm_3,310,166.64,449.44,58,0,672,25006116.12,106406.08,111982.08,5576.0,672,6.0,0.2,False
44263,firm_3,311,158.31,426.97,59,0,683,25082686.62,102461.73,108125.73,5664.0,683,6.0,0.1,False
44263,firm_3,312,150.39,469.67,58,0,671,25150589.45,95343.69,100911.69,5568.0,671,6.0,0.1,False
44263,firm_3,313,135.35,422.7,59,0,683,25211930.2,86780.05,92444.05,5664.0,683,6.0,0.1,False
44263,firm_3,314,135.35,443.84,58,0,671,25271439.33,85251.85,90819.85,5568.0,671,6.0,0.1,False
44263,firm_3,315,148.89,488.22,59,0,683,25337962.22,96027.87,101691.87,5664.0,683,6.0,0.1,False
44263,firm_3,316,141.45,439.4,60,0,694,25403412.52,92414.3,98166.3,5752.0,694,6.0,0.2,False
44263,firm_3,317,155.6,439.4,61,0,706,25480014.72,104005.6,109853.6,5848.0,706,6.0,0.3,False
44263,firm_3,318,171.16,417.43,62,0,717,25570419.78,116785.72,122721.72,5936.0,717,6.0,0.2,False
44263,firm_3,319,162.6,459.17,62,0,717,25652399.44,110648.2,116584.2,5936.0,717,6.0,0.1,False
44263,firm_3,320,146.34,459.17,62,0,717,25722920.68,98989.78,104925.78,5936.0,717,6.0,0.1,False
44263,firm_3,321,131.71,413.25,63,0,729,25786170.52,89984.59,96016.59,6032.0,729,6.0,0.1,False
44263,firm_3,322,125.12,454.58,64,0,746,25843548.92,87171.52,93339.52,6168.0,746,6.0,0.1,False
44263,firm_3,323,137.63,409.12,65,0,751,25913608.25,97152.13,103360.13,6208.0,751,6.0,0.1,False
44263,firm_3,324,151.39,409.12,66,0,763,25995112.9,109206.57,115510.57,6304.0,763,6.0,0.1,False
44263,firm_3,325,143.82,429.58,65,0,752,26069126.84,101936.64,108152.64,6216.0,752,6.0,0.1,False
44263,firm_3,326,158.2,429.58,66,0,763,26154477.16,114402.6,120706.6,6304.0,763,6.0,0.1,False
44263,firm_3,327,174.02,429.58,66,0,763,26252398.14,126473.26,132777.26,6304.0,763,6.0,0.1,False
44263,firm_3,328,174.02,472.54,66,0,763,26347483.76,126473.26,132777.26,6304.0,763,6.0,0.1,False
44263,firm_3,329,156.62,448.91,67,0,775,26431587.29,114980.5,121380.5,6400.0,775,6.0,0.2,False
44263,firm_3,330,172.28,471.36,67,0,775,26526923.17,127117.0,133517.0,6400.0,775,6.0,0.2,False
44263,firm_3,331,189.51,471.36,68,0,786,26636637.55,142466.86,148954.86,6488.0,786,6.0,0.2,False
44263,firm_3,332,180.03,494.93,69,0,797,26738595.29,136907.91,143483.91,6576.0,797,6.0,0.3,False
44263,firm_3,333,162.03,500.0,70,0,809,26827505.56,124410.27,131082.27,6672.0,809,6.0,0.2,False
44263,firm_3,334,153.93,475.0,70,0,809,26912112.93,117857.37,124529.37,6672.0,809,6.0,0.2,False
44263,firm_3,335,169.32,500.0,71,0,821,27008356.65,132243.72,139011.72,6768.0,821,6.0,0.1,False
44263,firm_3,336,177.79,500.0,72,0,839,27114110.46,142253.81,149165.81,6912.0,839,6.0,0.1,False
44263,firm_3,337,195.57,450.0,73,0,851,27239982.53,159422.07,166430.07,7008.0,851,6.0,0.1,False
44263,firm_3,338,215.13,472.5,72,0,839,27379244.6,173582.07,180494.07,6912.0,839,6.0,0.2,False
44263,firm_3,339,204.37,472.5,73,0,851,27510862.97,166910.87,173918.87,7008.0,851,6.0,0.3,False
44263,firm_3,340,194.15,472.5,73,0,851,27634384.12,158213.65,165221.65,7008.0,851,6.0,0.2,False
44263,firm_3,341,213.57,472.5,73,0,844,27772992.7,173301.08,180253.08,6952.0,844,6.0,0.2,False
44263,firm_3,342,192.21,496.12,74,0,855,27892879.37,157299.55,164339.55,7040.0,855,6.0,0.1,False
44263,firm_3,343,182.6,500.0,74,0,855,28004762.37,149083.0,156123.0,7040.0,855,6.0,0.1,False
44263,firm_3,344,173.47,500.0,75,0,867,28109824.86,143262.49,150398.49,7136.0,867,6.0,0.1,False
44263,firm_3,345,164.8,500.0,75,0,874,28209068.06,136843.2,144035.2,7192.0,874,6.0,0.2,False
44263,firm_3,346,156.56,500.0,76,0,885,28301843.66,131275.6,138555.6,7280.0,885,6.0,0.2,False
44263,firm_3,347,140.9,500.0,77,0,897,28381654.96,119011.3,126387.3,7376.0,897,6.0,0.1,False
44263,firm_3,348,147.95,500.0,78,0,909,28468969.51,127014.55,134486.55,7472.0,909,6.0,0.1,False
44263,firm_3,349,140.55,475.0,78,0,909,28552007.46,120287.95,127759.95,7472.0,909,6.0,0.1,False
44263,firm_3,350,133.52,498.75,78,0,901,28625798.48,112893.52,120301.52,7408.0,901,6.0,0.1,False
44263,firm_3,351,140.2,500.0,78,0,901,28705510.68,118912.2,126320.2,7408.0,901,6.0,0.1,False
44263,firm_3,352,154.22,500.0,78,0,901,28797854.9,131544.22,138952.22,7408.0,901,6.0,0.1,False
44263,firm_3,353,154.22,475.0,79,0,912,28892882.54,133152.64,140648.64,7496.0,912,6.0,0.2,False
44263,firm_3,354,138.8,500.0,79,0,920,28973218.54,120136.0,127696.0,7560.0,920,6.0,0.3,False
44263,firm_3,355,124.92,500.0,79,0,920,29041084.94,107366.4,114926.4,7560.0,920,6.0,0.3,False
44263,firm_3,356,118.67,475.0,80,0,932,29105529.38,102944.44,110600.44,7656.0,932,6.0,0.2,False
44263,firm_3,357,106.8,498.75,80,0,932,29157410.98,91881.6,99537.6,7656.0,932,6.0,0.3,False
44263,firm_3,358,96.12,500.0,80,0,932,29199138.82,81927.84,89583.84,7656.0,932,6.0,0.3,False
44263,firm_3,359,91.31,500.0,81,0,935,29235833.67,77694.85,85374.85,7680.0,935,6.0,0.3,False
44263,firm_3,360,86.74,500.0,80,0,924,29268389.43,72555.76,80147.76,7592.0,924,6.0,0.3,False
44263,firm_3,361,95.41,450.0,80,0,924,29312756.27,80566.84,88158.84,7592.0,924,6.0,0.3,False
44263,firm_3,362,90.64,427.5,80,0,924,29354715.63,76159.36,83751.36,7592.0,924,6.0,0.2,False
44263,firm_3,363,86.11,427.5,80,0,923,29392211.16,71895.53,79479.53,7584.0,923,6.0,0.2,False
44263,firm_3,364,77.5,448.88,81,0,935,29419934.38,64782.5,72462.5,7680.0,935,6.0,0.2,False
44263,firm_3,365,77.5,493.77,81,0,943,29445277.51,65338.5,73082.5,7744.0,943,6.0,0.2,False
44263,firm_4,1,40.0,18.47,9,0,103,97692.15,3681.04,4120.0,438.96,103,0.32,0.34,False
44263,firm_4,2,42.0,20.32,9,0,103,101191.16,3881.89,4326.0,444.11,103,0.37,0.24,False
44263,firm_4,3,46.2,19.3,10,0,115,105132.86,4834.7,5313.0,478.3,115,0.42,0.24,False
44263,firm_4,4,50.82,18.34,10,0,115,110109.71,5360.25,5844.3,484.05,115,0.47,0.24,False
44263,firm_4,5,53.36,18.34,10,0,115,115478.66,5652.35,6136.4,484.05,115,0.47,0.34,False
44263,firm_4,6,58.7,17.42,10,0,115,121570.91,6266.45,6750.5,484.05,115,0.47,0.24,False
44263,firm_4,7,58.7,15.68,9,0,103,126816.33,5586.54,6046.1,459.56,103,0.52,0.14,False
44263,firm_4,8,61.64,14.11,10,0,115,132468.28,6593.05,7088.6,495.55,115,0.57,0.24,False
44263,firm_4,9,67.8,15.52,10,0,115,139614.53,7301.45,7797.0,495.55,115,0.57,0.14,False
44263,firm_4,10,61.02,15.52,10,0,115,145981.08,6521.75,7017.3,495.55,115,0.57,0.1,False
44263,firm_4,11,64.07,15.52,10,0,115,152698.38,6872.5,7368.05,495.55,115,0.57,0.1,False
44263,firm_4,12,67.27,14.74,10,0,115,159691.48,7240.5,7736.05,495.55,115,0.57,0.2,False
44263,firm_4,13,74.0,16.21,9,0,103,166497.73,7152.14,7622.0,469.86,103,0.62,0.1,False
44263,firm_4,14,77.7,15.4,8,0,92,172877.29,6702.76,7148.4,445.64,92,0.67,0.1,False
44263,firm_4,15,73.82,16.94,8,0,92,179087.57,6345.8,6791.44,445.64,92,0.67,0.1,False
44263,firm_4,16,73.82,18.63,7,0,80,184245.16,5488.0,5905.6,417.6,80,0.72,0.1,False
44263,firm_4,17,66.44,17.7,7,0,80,188918.86,4897.6,5315.2,417.6,80,0.72,0.2,False
44263,firm_4,18,63.12,16.81,7,0,80,193333.19,4632.0,5049.6,417.6,80,0.72,0.3,False
44263,firm_4,19,59.96,18.49,7,0,80,197278.96,4375.2,4796.8,421.6,80,0.77,0.4,False
44263,firm_4,20,62.96,20.34,6,0,69,200906.58,3949.66,4344.24,394.58,69,0.82,0.4,False
44263,firm_4,21,56.66,20.34,6,0,69,204199.5,3514.96,3909.54,394.58,69,0.82,0.5,False
44263,firm_4,22,50.99,19.32,5,0,57,206548.59,2545.69,2906.43,360.74,57,0.82,0.6,False
44263,firm_4,23,45.89,18.35,5,0,57,208408.98,2252.14,2615.73,363.59,57,0.87,0.7,False
44263,firm_4,24,43.6,20.19,4,0,46,209699.5,1671.28,2005.6,334.32,46,0.92,0.8,False
44263,firm_4,25,45.78,22.21,4,0,46,211079.92,1769.26,2105.88,336.62,46,0.97,0.9,False
44263,firm_4,26,45.78,24.43,3,0,34,212262.17,1255.54,1556.52,300.98,34,0.97,0.8,False
44263,firm_4,27,48.07,23.21,4,0,46,213241.63,1872.3,2211.22,338.92,46,1.02,0.9,False
44263,firm_4,28,50.47,23.21,4,0,46,214929.19,1980.4,2321.62,341.22,46,1.07,0.8,False
44263,firm_4,29,55.52,22.05,3,0,34,216446.34,1583.3,1887.68,304.38,34,1.07,0.8,False
44263,firm_4,30,58.3,19.85,3,0,34,217862.91,1676.12,1982.2,306.08,34,1.12,0.7,False
44263,firm_4,31,52.47,17.87,3,0,34,219085.5,1476.2,1783.98,307.78,34,1.17,0.7,False
44263,firm_4,32,52.47,19.66,3,0,34,220201.02,1474.5,1783.98,309.48,34,1.22,0.8,False
44263,firm_4,33,55.09,20.64,3,0,34,221500.98,1561.88,1873.06,311.18,34,1.27,0.7,False
44263,firm_4,34,57.84,19.61,2,0,23,222416.87,1055.11,1330.32,275.21,23,1.27,0.8,False
44263,firm_4,35,63.62,18.63,1,0,11,222661.54,463.3,699.82,236.52,11,1.32,0.7,False
44263,firm_4,36,66.8,16.77,1,0,11,222942.5,497.73,734.8,237.07,11,1.37,0.6,False
44263,firm_4,37,73.48,15.09,1,0,11,223298.07,570.66,808.28,237.62,11,1.42,0.6,False
44263,firm_4,38,77.15,14.34,1,0,11,223694.21,610.48,848.65,238.17,11,1.47,0.6,False
44263,firm_4,39,77.15,15.77,1,0,11,223988.37,609.93,848.65,238.72,11,1.52,0.7,False
44263,firm_4,40,81.01,17.35,1,0,11,224422.86,651.84,891.11,239.27,11,1.57,0.7,False
44263,firm_4,41,85.06,15.62,1,0,11,225103.63,696.39,935.66,239.27,11,1.57,0.6,False
44263,firm_4,42,89.31,17.18,2,0,23,226341.29,1772.02,2054.13,282.11,23,1.57,0.5,False
44263,firm_4,43,93.78,15.46,3,0,34,228562.05,2867.14,3188.52,321.38,34,1.57,0.6,False
44263,firm_4,44,103.16,17.01,4,0,46,232172.85,4378.84,4745.36,366.52,46,1.62,0.5,False
44263,firm_4,45,108.32,15.31,5,0,57,237161.35,5765.05,6174.24,409.19,57,1.67,0.5,False
44263,firm_4,46,102.9,14.54,5,0,57,242241.91,5453.26,5865.3,412.04,57,1.72,0.6,False
44263,firm_4,47,97.76,14.54,6,0,69,247739.98,6285.31,6745.44,460.13,69,1.77,0.5,False
44263,firm_4,48,92.87,15.99,7,0,80,253852.05,6924.0,7429.6,505.6,80,1.82,0.4,False
44263,firm_4,49,83.58,15.19,6,0,69,258760.9,5299.99,5767.02,467.03,69,1.87,0.5,False
44263,firm_4,50,91.94,13.67,6,0,69,264352.26,5873.38,6343.86,470.48,69,1.92,0.5,False
44263,firm_4,51,101.13,12.3,7,0,80,271138.96,7572.8,8090.4,517.6,80,1.97,0.5,False
44263,firm_4,52,106.19,13.53,8,0,92,279734.96,9204.24,9769.48,565.24,92,1.97,0.5,False
44263,firm_4,53,95.57,12.18,8,0,92,287660.12,8222.6,8792.44,569.84,92,2.02,0.4,False
44263,firm_4,54,100.35,13.4,9,0,103,296456.36,9716.84,10336.05,619.21,103,2.07,0.5,False
44263,firm_4,55,110.38,13.4,8,0,92,305725.08,9575.92,10154.96,579.04,92,2.12,0.4,False
44263,firm_4,56,104.86,13.4,8,0,92,314481.36,9063.48,9647.12,583.64,92,2.17,0.3,False
44263,firm_4,57,94.37,14.74,9,0,103,322734.15,9085.45,9720.11,634.66,103,2.22,0.3,False
44263,firm_4,58,84.93,16.21,10,0,115,330847.95,9075.9,9766.95,691.05,115,2.27,0.4,False
44263,firm_4,59,76.44,16.21,10,0,115,338579.65,8093.8,8790.6,696.8,115,2.32,0.4,False
44263,firm_4,60,68.8,16.21,10,0,115,345427.0,7209.45,7912.0,702.55,115,2.37,0.3,False
44263,firm_4,61,65.36,17.83,11,0,126,352009.31,7478.44,8235.36,756.92,126,2.42,0.3,False
44263,firm_4,62,62.09,16.94,10,0,115,358171.96,6432.05,7140.35,708.3,115,2.42,0.4,False
44263,firm_4,63,65.19,18.63,10,0,115,364774.21,6788.55,7496.85,708.3,115,2.42,0.4,False
44263,firm_4,64,65.19,18.63,11,0,126,371320.0,7450.72,8213.94,763.22,126,2.47,0.3,False
44263,firm_4,65,71.71,18.63,12,0,138,379468.66,9072.22,9895.98,823.76,138,2.52,0.2,False
44263,firm_4,66,75.3,18.63,12,0,138,388605.84,9560.74,10391.4,830.66,138,2.57,0.2,False
44263,firm_4,67,67.77,20.49,11,0,126,395937.35,7756.9,8539.02,782.12,126,2.62,0.1,False
44263,firm_4,68,74.55,22.54,10,0,115,403553.9,7841.95,8573.25,731.3,115,2.62,0.1,False
44263,firm_4,69,82.01,21.41,9,0,103,411132.38,7771.17,8447.03,675.86,103,2.62,0.1,False
44263,firm_4,70,73.81,21.41,10,0,115,417969.38,7751.1,8488.15,737.05,115,2.67,0.1,False
44263,firm_4,71,70.12,21.41,9,0,103,424112.89,6536.2,7222.36,686.16,103,2.72,0.1,False
44263,firm_4,72,77.13,23.55,8,0,92,430386.21,6461.72,7095.96,634.24,92,2.72,0.1,False
44263,firm_4,73,73.27,24.73,8,0,92,435990.37,6102.0,6740.84,638.84,92,2.77,0.2,False
44263,firm_4,74,73.27,23.49,7,0,80,440801.94,5276.0,5861.6,585.6,80,2.82,0.3,False
44263,firm_4,75,80.6,22.32,7,0,80,446508.1,5862.4,6448.0,585.6,80,2.82,0.3,False
44263,firm_4,76,76.57,20.09,6,0,69,450934.86,4747.3,5283.33,536.03,69,2.87,0.2,False
44263,firm_4,77,80.4,19.09,6,0,69,455528.44,5008.12,5547.6,539.48,69,2.92,0.3,False
44263,firm_4,78,84.42,17.18,6,0,69,460710.86,5285.5,5824.98,539.48,69,2.92,0.2,False
44263,firm_4,79,75.98,18.9,6,0,69,465097.15,4699.69,5242.62,542.93,69,2.97,0.1,False
44263,firm_4,80,68.38,17.01,6,0,69,468966.93,4171.84,4718.22,546.38,69,3.02,0.1,False
44263,firm_4,81,64.96,17.86,6,0,69,472795.63,3935.86,4482.24,546.38,69,3.02,0.1,False
44263,firm_4,82,64.96,16.07,7,0,80,476574.34,4591.2,5196.8,605.6,80,3.07,0.1,False
44263,firm_4,83,71.46,15.27,8,0,91,481589.12,5836.94,6502.86,665.92,91,3.12,0.1,False
44263,firm_4,84,71.46,14.51,9,0,103,487286.4,6627.87,7360.38,732.51,103,3.17,0.2,False
44263,firm_4,85,78.61,15.24,9,0,103,494208.41,7359.17,8096.83,737.66,103,3.22,0.3,False
44263,firm_4,86,82.54,15.24,10,0,114,502170.49,8614.48,9409.56,795.08,114,3.22,0.2,False
44263,firm_4,87,90.79,14.48,10,0,114,511480.67,9554.98,10350.06,795.08,114,3.22,0.3,False
44263,firm_4,88,86.25,15.93,9,0,103,519483.39,8146.09,8883.75,737.66,103,3.22,0.3,False
44263,firm_4,89,90.56,15.93,10,0,114,528147.15,9523.06,10323.84,800.78,114,3.27,0.2,False
44263,firm_4,90,99.62,17.52,11,0,126,538936.23,11681.8,12552.12,870.32,126,3.32,0.1,False
44263,firm_4,91,104.6,15.77,10,0,114,549690.75,11112.22,11924.4,812.18,114,3.37,0.1,False
44263,firm_4,92,109.83,14.19,9,0,103,560122.42,10559.38,11312.49,753.11,103,3.37,0.1,False
44263,firm_4,93,98.85,14.9,8,0,91,568309.9,8306.68,8995.35,688.67,91,3.37,0.1,False
44263,firm_4,94,98.85,16.39,9,0,103,577090.83,9428.44,10181.55,753.11,103,3.37,0.1,False
44263,firm_4,95,103.79,14.75,8,0,91,585524.5,8751.67,9444.89,693.22,91,3.42,0.1,False
44263,firm_4,96,98.6,16.23,8,0,91,593674.04,8279.38,8972.6,693.22,91,3.42,0.1,False
44263,firm_4,97,108.46,16.23,7,0,80,601603.63,8043.2,8676.8,633.6,80,3.42,0.1,False
44263,firm_4,98,119.31,14.61,7,0,80,610108.56,8907.2,9544.8,637.6,80,3.47,0.2,False
44263,firm_4,99,107.38,13.15,8,0,91,618372.62,9069.26,9771.58,702.32,91,3.52,0.2,False
44263,firm_4,100,102.01,13.15,7,0,80,625495.77,7515.2,8160.8,645.6,80,3.57,0.3,False
44263,firm_4,101,107.11,14.47,6,0,68,631810.27,6701.32,7283.48,582.16,68,3.62,0.4,False
44263,firm_4,102,107.11,14.47,5,0,57,637120.0,5582.08,6105.27,523.19,57,3.67,0.4,False
44263,firm_4,103,117.82,13.02,4,0,45,641612.42,4844.5,5301.9,457.4,45,3.72,0.5,False
44263,firm_4,104,117.82,11.72,4,0,45,646410.04,4844.5,5301.9,457.4,45,3.72,0.5,False
44263,firm_4,105,123.71,11.13,5,0,57,652176.97,6522.58,7051.47,528.89,57,3.77,0.5,False
44263,firm_4,106,111.34,10.57,5,0,57,657841.61,5817.49,6346.38,528.89,57,3.77,0.6,False
44263,firm_4,107,105.77,10.04,6,0,68,663677.97,6596.6,7192.36,595.76,68,3.82,0.6,False
44263,firm_4,108,105.77,10.0,5,0,57,668822.27,5494.3,6028.89,534.59,57,3.87,0.7,False
44263,firm_4,109,105.77,10.0,6,0,68,674755.47,6593.2,7192.36,599.16,68,3.87,0.8,False
44263,firm_4,110,116.35,10.0,6,0,68,681804.71,7309.24,7911.8,602.56,68,3.92,0.8,False
44263,firm_4,111,127.98,10.0,5,0,57,688309.28,6754.57,7294.86,540.29,57,3.97,0.8,False
44263,firm_4,112,140.78,10.0,6,0,68,696412.96,8963.68,9573.04,609.36,68,4.02,0.9,False
44263,firm_4,113,147.82,10.0,6,0,68,705491.96,9439.0,10051.76,612.76,68,4.07,1.0,False
44263,firm_4,114,162.6,10.0,6,0,68,715572.6,10440.64,11056.8,616.16,68,4.12,1.1,False
44263,firm_4,115,178.86,11.0,7,0,80,728410.8,13615.2,14308.8,693.6,80,4.17,1.1,False
44263,firm_4,116,169.92,12.1,6,0,68,739273.2,10935.0,11554.56,619.56,68,4.17,1.1,False
44263,firm_4,117,186.91,10.89,6,0,68,751094.78,12086.92,12709.88,622.96,68,4.22,1.1,False
44263,firm_4,118,196.26,10.35,5,0,57,761675.31,10632.28,11186.82,554.54,57,4.22,1.1,False
44263,firm_4,119,215.89,10.0,6,0,68,774969.47,14054.16,14680.52,626.36,68,4.27,1.1,False
44263,firm_4,120,205.1,11.0,5,0,57,785844.93,11130.46,11690.7,560.24,57,4.32,1.1,False
44263,firm_4,121,225.61,10.45,6,0,68,799790.55,14708.32,15341.48,633.16,68,4.37,1.0,False
44263,firm_4,122,236.89,10.0,7,0,80,817462.15,18241.6,18951.2,709.6,80,4.37,1.0,False
44263,firm_4,123,213.2,10.0,7,0,80,833738.55,16346.4,17056.0,709.6,80,4.37,1.0,False
44263,firm_4,124,223.86,10.0,7,0,80,850867.75,17199.2,17908.8,709.6,80,4.37,0.9,False
44263,firm_4,125,235.05,10.0,7,0,80,868688.15,18090.4,18804.0,713.6,80,4.42,0.9,False
44263,firm_4,126,235.05,10.0,6,0,68,883974.99,15346.84,15983.4,636.56,68,4.42,0.9,False
44263,firm_4,127,235.05,10.0,6,0,68,899261.83,15346.84,15983.4,636.56,68,4.42,0.9,False
44263,firm_4,128,258.56,10.0,6,0,68,915943.95,16942.12,17582.08,639.96,68,4.47,0.9,False
44263,firm_4,129,271.49,10.0,7,0,80,936375.55,21001.6,21719.2,717.6,80,4.47,0.9,False
44263,firm_4,130,298.64,10.5,8,0,91,962179.02,26387.47,27176.24,788.77,91,4.47,0.9,False
44263,firm_4,131,268.78,10.0,9,0,103,988406.95,26817.93,27684.34,866.41,103,4.47,0.8,False
44263,firm_4,132,255.34,10.0,9,0,103,1013445.41,25428.46,26300.02,871.56,103,4.52,0.9,False
44263,firm_4,133,242.57,10.0,10,0,113,1039113.41,26468.0,27410.41,942.41,113,4.57,0.9,False
44263,firm_4,134,242.57,10.5,10,0,113,1065270.76,26462.35,27410.41,948.06,113,4.62,0.9,False
44263,firm_4,135,254.7,10.0,9,0,102,1090079.82,25099.06,25979.4,880.34,102,4.67,0.8,False
44263,firm_4,136,241.96,10.0,9,0,103,1113819.54,24029.72,24921.88,892.16,103,4.72,0.7,False
44263,firm_4,137,254.06,10.0,8,0,90,1135595.64,22056.1,22865.4,809.3,90,4.77,0.6,False
44263,firm_4,138,254.06,11.0,8,0,91,1157811.03,22303.39,23119.46,816.07,91,4.77,0.6,False
44263,firm_4,139,254.06,12.1,7,0,79,1177062.24,19335.91,20070.74,734.83,79,4.77,0.5,False
44263,firm_4,140,254.06,11.5,7,0,80,1196564.94,19583.2,20324.8,741.6,80,4.77,0.4,False
44263,firm_4,141,279.47,12.08,6,0,68,1214836.06,18343.6,19003.96,660.36,68,4.77,0.3,False
44263,firm_4,142,251.52,10.87,7,0,79,1233091.27,19131.3,19870.08,738.78,79,4.82,0.4,False
44263,firm_4,143,226.37,10.0,7,0,79,1250165.72,17144.45,17883.23,738.78,79,4.82,0.3,False
44263,firm_4,144,249.01,10.5,7,0,79,1268821.28,18929.06,19671.79,742.73,79,4.87,0.3,False
44263,firm_4,145,261.46,10.5,8,0,90,1290645.88,22708.6,23531.4,822.8,90,4.92,0.4,False
44263,firm_4,146,274.53,10.5,8,0,90,1314446.78,23884.9,24707.7,822.8,90,4.92,0.3,False
44263,firm_4,147,301.98,11.55,7,0,79,1337475.67,23109.74,23856.42,746.68,79,4.92,0.2,False
44263,firm_4,148,271.78,12.71,8,0,91,1360571.7,23897.71,24731.98,834.27,91,4.97,0.2,False
44263,firm_4,149,298.96,13.35,8,0,91,1386531.44,26366.54,27205.36,838.82,91,5.02,0.3,False
44263,firm_4,150,313.91,12.02,7,0,80,1410798.5,24351.2,25112.8,761.6,80,5.02,0.3,False
44263,firm_4,151,313.91,13.22,7,0,80,1435057.16,24351.2,25112.8,761.6,80,5.02,0.2,False
44263,firm_4,152,329.61,11.9,8,0,91,1463617.65,29155.69,29994.51,838.82,91,5.02,0.2,False
44263,firm_4,153,296.65,11.3,9,0,103,1492647.84,29631.89,30554.95,923.06,103,5.02,0.2,False
44263,firm_4,154,281.82,11.87,8,0,91,1517359.68,24806.8,25645.62,838.82,91,5.02,0.1,False
44263,firm_4,155,281.82,13.06,9,0,103,1544641.39,28099.25,29027.46,928.21,103,5.07,0.1,False
44263,firm_4,156,267.73,13.06,8,0,91,1567852.42,23515.51,24363.43,847.92,91,5.12,0.1,False
44263,firm_4,157,254.34,14.37,7,0,80,1587125.43,19573.6,20347.2,773.6,80,5.17,0.1,False
44263,firm_4,158,267.06,15.09,6,0,68,1604304.01,17469.12,18160.08,690.96,68,5.22,0.1,False
44263,firm_4,159,267.06,15.09,7,0,80,1623981.58,20583.2,21364.8,781.6,80,5.27,0.2,False
44263,firm_4,160,240.35,15.09,8,0,91,1644166.59,21005.73,21871.85,866.12,91,5.32,0.1,False
44263,firm_4,161,228.33,15.84,9,0,103,1666088.06,22564.03,23517.99,953.96,103,5.32,0.1,False
44263,firm_4,162,228.33,15.05,9,0,103,1688516.64,22564.03,23517.99,953.96,103,5.32,0.1,False
44263,firm_4,163,216.91,15.05,10,0,114,1711253.7,23687.56,24727.74,1040.18,114,5.37,0.2,False
44263,firm_4,164,238.6,14.3,9,0,103,1734641.69,23616.69,24575.8,959.11,103,5.37,0.3,False
44263,firm_4,165,238.6,15.73,9,0,103,1757811.66,23611.54,24575.8,964.26,103,5.42,0.4,False
44263,firm_4,166,214.74,14.16,8,0,91,1776059.95,18661.57,19541.34,879.77,91,5.47,0.5,False
44263,firm_4,167,204.0,15.58,8,0,91,1793414.99,17679.68,18564.0,884.32,91,5.52,0.5,False
44263,firm_4,168,224.4,17.14,9,0,103,1814899.37,22138.64,23113.2,974.56,103,5.52,0.5,False
44263,firm_4,169,235.62,18.0,10,0,114,1839922.77,25803.4,26860.68,1057.28,114,5.52,0.6,False
44263,firm_4,170,259.18,18.9,9,0,103,1865268.5,25715.83,26695.54,979.71,103,5.57,0.5,False
44263,firm_4,171,272.14,17.01,8,0,91,1888803.74,23871.32,24764.74,893.42,91,5.62,0.4,False
44263,firm_4,172,285.75,15.31,7,0,80,1910746.97,22050.4,22860.0,809.6,80,5.62,0.4,False
44263,firm_4,173,285.75,15.31,8,0,91,1935234.32,25109.83,26003.25,893.42,91,5.62,0.4,False
44263,firm_4,174,314.33,16.84,9,0,103,1965668.74,31385.98,32375.99,990.01,103,5.67,0.5,False
44263,firm_4,175,298.61,18.52,10,0,114,1997745.0,32961.46,34041.54,1080.08,114,5.72,0.5,False
44263,firm_4,176,328.47,20.37,10,0,114,2033906.8,36365.5,37445.58,1080.08,114,5.72,0.5,False
44263,firm_4,177,344.89,18.33,10,0,114,2071960.88,38237.38,39317.46,1080.08,114,5.72,0.5,False
44263,firm_4,178,327.65,19.25,11,0,126,2111360.31,40111.18,41283.9,1172.72,126,5.72,0.4,False
44263,firm_4,179,311.27,17.32,11,0,126,2149010.79,38041.0,39220.02,1179.02,126,5.77,0.4,False
44263,firm_4,180,342.4,17.32,12,0,137,2193847.26,45644.31,46908.8,1264.49,137,5.77,0.5,False
44263,firm_4,181,308.16,19.05,12,0,137,2234365.24,40946.58,42217.92,1271.34,137,5.82,0.5,False
44263,firm_4,182,277.34,19.05,11,0,126,2267915.21,33759.52,34944.84,1185.32,126,5.82,0.4,False
44263,firm_4,183,263.47,20.96,12,0,138,2302036.49,35072.8,36358.86,1286.06,138,5.87,0.3,False
44263,firm_4,184,237.12,23.06,13,0,149,2335194.96,33958.25,35330.88,1372.63,149,5.87,0.3,False
44263,firm_4,185,213.41,20.75,13,0,149,2365043.22,30418.01,31798.09,1380.08,149,5.92,0.4,False
44263,firm_4,186,202.74,22.83,14,0,161,2395389.62,31166.02,32641.14,1475.12,161,5.92,0.3,False
44263,firm_4,187,192.6,22.83,13,0,149,2422410.15,27317.32,28697.4,1380.08,149,5.92,0.3,False
44263,firm_4,188,202.23,21.69,13,0,149,2450672.92,28744.74,30132.27,1387.53,149,5.97,0.3,False
44263,firm_4,189,222.45,20.61,13,0,149,2482162.51,31757.52,33145.05,1387.53,149,5.97,0.2,False
44263,firm_4,190,233.57,22.67,14,0,161,2517261.9,36116.77,37604.77,1488.0,161,6.0,0.1,False
44263,firm_4,191,221.89,24.94,14,0,161,2550949.03,34236.29,35724.29,1488.0,161,6.0,0.1,False
44263,firm_4,192,199.7,26.19,14,0,161,2581246.07,30663.7,32151.7,1488.0,161,6.0,0.1,False
44263,firm_4,193,189.71,27.5,13,0,149,2607763.36,26874.79,28266.79,1392.0,149,6.0,0.1,False
44263,firm_4,194,199.2,30.25,12,0,138,2633585.96,26185.6,27489.6,1304.0,138,6.0,0.1,False
44263,firm_4,195,189.24,28.74,13,0,149,2659317.1,26804.76,28196.76,1392.0,149,6.0,0.1,False
44263,firm_4,196,170.32,31.61,14,0,161,2684308.08,25933.52,27421.52,1488.0,161,6.0,0.1,False
44263,firm_4,197,153.29,33.19,15,0,172,2707900.11,24789.88,26365.88,1576.0,172,6.0,0.1,False
44263,firm_4,198,153.29,29.87,14,0,161,2730673.62,23191.69,24679.69,1488.0,161,6.0,0.1,False
44263,firm_4,199,145.63,28.38,13,0,149,2750311.55,20306.87,21698.87,1392.0,149,6.0,0.2,False
44263,firm_4,200,160.19,26.96,13,0,149,2772237.38,22476.31,23868.31,1392.0,149,6.0,0.1,False
44263,firm_4,201,168.2,24.26,14,0,161,2796989.94,25592.2,27080.2,1488.0,161,6.0,0.1,False
44263,firm_4,202,151.38,25.47,15,0,172,2820569.25,24461.36,26037.36,1576.0,172,6.0,0.1,False
44263,firm_4,203,143.81,28.02,15,0,172,2843108.27,23159.32,24735.32,1576.0,172,6.0,0.1,False
44263,firm_4,204,129.43,28.02,14,0,161,2862066.22,19350.23,20838.23,1488.0,161,6.0,0.1,False
44263,firm_4,205,135.9,30.82,14,0,161,2881926.64,20391.9,21879.9,1488.0,161,6.0,0.2,False
44263,firm_4,206,122.31,30.82,15,0,172,2900225.66,19461.32,21037.32,1576.0,172,6.0,0.2,False
44263,firm_4,207,110.08,29.28,15,0,172,2917144.22,17357.76,18933.76,1576.0,172,6.0,0.1,False
44263,firm_4,208,115.58,32.21,15,0,172,2934664.83,18303.76,19879.76,1576.0,172,6.0,0.2,False
44263,firm_4,209,109.8,30.6,15,0,172,2951515.43,17309.6,18885.6,1576.0,172,6.0,0.2,False
44263,firm_4,210,120.78,27.54,16,0,184,2970926.31,20551.52,22223.52,1672.0,184,6.0,0.2,False
44263,firm_4,211,132.86,28.92,15,0,172,2991568.43,21275.92,22851.92,1576.0,172,6.0,0.1,False
44263,firm_4,212,119.57,28.92,16,0,184,3010734.59,20328.88,22000.88,1672.0,184,6.0,0.1,False
44263,firm_4,213,107.61,28.92,17,0,195,3028766.9,19223.95,20983.95,1760.0,195,6.0,0.1,False
44263,firm_4,214,102.23,28.92,16,0,184,3045242.5,17138.32,18810.32,1672.0,184,6.0,0.1,False
44263,firm_4,215,112.45,31.81,15,0,172,3062330.75,17765.4,19341.4,1576.0,172,6.0,0.1,False
44263,firm_4,216,106.83,31.81,16,0,184,3079106.51,17984.72,19656.72,1672.0,184,6.0,0.1,False
44263,firm_4,217,101.49,33.4,15,0,172,3094285.79,15880.28,17456.28,1576.0,172,6.0,0.1,False
44263,firm_4,218,106.56,36.74,14,0,161,3109239.59,15668.16,17156.16,1488.0,161,6.0,0.1,False
44263,firm_4,219,117.22,34.9,13,0,149,3124659.67,16073.78,17465.78,1392.0,149,6.0,0.1,False
44263,firm_4,220,105.5,33.15,14,0,161,3138993.07,15497.5,16985.5,1488.0,161,6.0,0.1,False
44263,firm_4,221,100.22,33.15,15,0,172,3153357.66,15661.84,17237.84,1576.0,172,6.0,0.2,False
44263,firm_4,222,110.24,31.49,14,0,161,3169077.44,16260.64,17748.64,1488.0,161,6.0,0.3,False
44263,firm_4,223,121.26,28.34,13,0,149,3185084.76,16675.74,18067.74,1392.0,149,6.0,0.4,False
44263,firm_4,224,115.2,28.34,14,0,161,3201047.2,17059.2,18547.2,1488.0,161,6.0,0.4,False
44263,firm_4,225,120.96,31.17,14,0,161,3218397.38,17986.56,19474.56,1488.0,161,6.0,0.3,False
44263,firm_4,226,127.01,29.61,13,0,149,3235244.94,17532.49,18924.49,1392.0,149,6.0,0.4,False
44263,firm_4,227,114.31,29.61,14,0,161,3251046.31,16915.91,18403.91,1488.0,161,6.0,0.4,False
44263,firm_4,228,125.74,28.13,15,0,172,3270175.64,20051.28,21627.28,1576.0,172,6.0,0.4,False
44263,firm_4,229,113.17,29.54,14,0,161,3286494.45,16732.37,18220.37,1488.0,161,6.0,0.4,False
44263,firm_4,230,113.17,31.02,14,0,161,3302592.54,16732.37,18220.37,1488.0,161,6.0,0.3,False
44263,firm_4,231,107.51,31.02,15,0,172,3318542.96,16915.72,18491.72,1576.0,172,6.0,0.3,False
44263,firm_4,232,96.76,34.12,14,0,161,3332055.64,14090.36,15578.36,1488.0,161,6.0,0.4,False
44263,firm_4,233,106.44,37.53,15,0,172,3347524.37,16731.68,18307.68,1576.0,172,6.0,0.4,False
44263,firm_4,234,117.08,37.53,15,0,172,3365223.18,18561.76,20137.76,1576.0,172,6.0,0.5,False
44263,firm_4,235,122.93,41.28,16,0,184,3385009.82,20947.12,22619.12,1672.0,184,6.0,0.5,False
44263,firm_4,236,122.93,39.22,16,0,184,3405329.42,20947.12,22619.12,1672.0,184,6.0,0.5,False
44263,firm_4,237,129.08,41.18,17,0,195,3427339.96,23410.6,25170.6,1760.0,195,6.0,0.5,False
44263,firm_4,238,141.99,43.24,17,0,195,3452332.93,25928.05,27688.05,1760.0,195,6.0,0.5,False
44263,firm_4,239,149.09,41.08,18,0,207,3479899.12,29005.63,30861.63,1856.0,207,6.0,0.5,False
44263,firm_4,240,141.64,36.97,19,0,218,3507630.21,28933.52,30877.52,1944.0,218,6.0,0.4,False
44263,firm_4,241,134.56,33.27,18,0,207,3532929.27,25997.92,27853.92,1856.0,207,6.0,0.5,False
44263,firm_4,242,127.83,34.93,17,0,195,3555502.31,23166.85,24926.85,1760.0,195,6.0,0.5,False
44263,firm_4,243,134.22,38.42,17,0,195,3579062.07,24412.9,26172.9,1760.0,195,6.0,0.4,False
44263,firm_4,244,120.8,40.34,16,0,184,3598671.83,20555.2,22227.2,1672.0,184,6.0,0.5,False
44263,firm_4,245,108.72,38.32,17,0,195,3616960.79,19440.4,21200.4,1760.0,195,6.0,0.4,False
44263,firm_4,246,97.85,38.32,17,0,195,3633630.1,17320.75,19080.75,1760.0,195,6.0,0.3,False
44263,firm_4,247,97.85,42.15,18,0,207,3650570.35,18398.95,20254.95,1856.0,207,6.0,0.3,False
44263,firm_4,248,102.74,42.15,18,0,207,3669122.83,19411.18,21267.18,1856.0,207,6.0,0.4,False
44263,firm_4,249,92.47,44.26,18,0,207,3685611.44,17285.29,19141.29,1856.0,207,6.0,0.3,False
44263,firm_4,250,87.85,46.47,18,0,207,3700903.93,16328.95,18184.95,1856.0,207,6.0,0.3,False
44263,firm_4,251,79.06,51.12,17,0,195,3713591.59,13656.7,15416.7,1760.0,195,6.0,0.4,False
44263,firm_4,252,71.15,51.12,16,0,184,3723993.27,11419.6,13091.6,1672.0,184,6.0,0.4,False
44263,firm_4,253,71.15,56.23,15,0,172,3733811.62,10661.8,12237.8,1576.0,172,6.0,0.3,False
44263,firm_4,254,64.04,56.23,16,0,184,3742523.3,10111.36,11783.36,1672.0,184,6.0,0.3,False
44263,firm_4,255,57.64,53.42,15,0,172,3749860.08,8338.08,9914.08,1576.0,172,6.0,0.2,False
44263,firm_4,256,63.4,50.75,16,0,184,3758541.68,9993.6,11665.6,1672.0,184,6.0,0.2,False
44263,firm_4,257,60.23,45.68,15,0,172,3766640.04,8783.56,10359.56,1576.0,172,6.0,0.1,False
44263,firm_4,258,66.25,50.25,15,0,172,3775705.29,9819.0,11395.0,1576.0,172,6.0,0.1,False
44263,firm_4,259,69.56,55.28,14,0,161,3784642.53,9711.16,11199.16,1488.0,161,6.0,0.1,False
44263,firm_4,260,73.04,58.04,15,0,172,3794058.81,10986.88,12562.88,1576.0,172,6.0,0.1,False
44263,firm_4,261,76.69,58.04,16,0,184,3805069.13,12438.96,14110.96,1672.0,184,6.0,0.1,False
44263,firm_4,262,80.52,55.14,17,0,195,3817373.15,13941.4,15701.4,1760.0,195,6.0,0.1,False
44263,firm_4,263,84.55,55.14,16,0,184,3830076.11,13885.2,15557.2,1672.0,184,6.0,0.2,False
44263,firm_4,264,76.1,55.14,15,0,172,3840562.21,11513.2,13089.2,1576.0,172,6.0,0.2,False
44263,firm_4,265,76.1,60.65,14,0,161,3850477.21,10764.1,12252.1,1488.0,161,6.0,0.2,False
44263,firm_4,266,72.29,63.68,13,0,149,3858928.58,9379.21,10771.21,1392.0,149,6.0,0.3,False
44263,firm_4,267,72.29,63.68,13,0,149,3867479.95,9379.21,10771.21,1392.0,149,6.0,0.3,False
44263,firm_4,268,75.9,63.68,13,0,149,3876269.21,9917.1,11309.1,1392.0,149,6.0,0.4,False
44263,firm_4,269,75.9,66.86,14,0,161,3885565.07,10731.9,12219.9,1488.0,161,6.0,0.3,False
44263,firm_4,270,79.7,70.2,13,0,149,3895135.77,10483.3,11875.3,1392.0,149,6.0,0.2,False
44263,firm_4,271,75.72,66.69,13,0,149,3904159.08,9890.28,11282.28,1392.0,149,6.0,0.1,False
44263,firm_4,272,79.51,60.02,12,0,138,3913107.22,9668.38,10972.38,1304.0,138,6.0,0.1,False
44263,firm_4,273,75.53,63.02,11,0,126,3920722.78,8308.78,9516.78,1208.0,126,6.0,0.1,False
44263,firm_4,274,75.53,56.72,12,0,138,3928661.28,9119.14,10423.14,1304.0,138,6.0,0.1,False
44263,firm_4,275,71.75,51.05,12,0,138,3936346.18,8597.5,9901.5,1304.0,138,6.0,0.2,False
44263,firm_4,276,68.16,56.16,11,0,126,3943108.58,7380.16,8588.16,1208.0,126,6.0,0.1,False
44263,firm_4,277,64.75,61.78,11,0,126,3949379.5,6950.5,8158.5,1208.0,126,6.0,0.1,False
44263,firm_4,278,61.51,58.69,10,0,115,3954746.25,5953.65,7073.65,1120.0,115,6.0,0.1,False
44263,firm_4,279,58.43,61.62,10,0,115,3959729.5,5599.45,6719.45,1120.0,115,6.0,0.1,False
44263,firm_4,280,55.51,64.7,11,0,126,3964304.06,5786.26,6994.26,1208.0,126,6.0,0.1,False
44263,firm_4,281,52.73,61.46,12,0,138,3969039.28,5972.74,7276.74,1304.0,138,6.0,0.1,False
44263,firm_4,282,55.37,64.53,13,0,149,3974358.52,6858.13,8250.13,1392.0,149,6.0,0.1,False
44263,firm_4,283,49.83,67.76,12,0,138,3978917.94,5572.54,6876.54,1304.0,138,6.0,0.1,False
44263,firm_4,284,47.34,64.37,11,0,126,3982966.71,4756.84,5964.84,1208.0,126,6.0,0.1,False
44263,firm_4,285,52.07,57.93,11,0,126,3987682.3,5352.82,6560.82,1208.0,126,6.0,0.1,False
44263,firm_4,286,52.07,60.83,12,0,138,3992134.0,5881.66,7185.66,1304.0,138,6.0,0.1,False
44263,firm_4,287,57.28,54.75,13,0,149,3997964.97,7142.72,8534.72,1392.0,149,6.0,0.2,False
44263,firm_4,288,54.42,52.01,12,0,138,4003546.81,6205.96,7509.96,1304.0,138,6.0,0.1,False
44263,firm_4,289,57.14,54.61,12,0,138,4009272.81,6581.32,7885.32,1304.0,138,6.0,0.1,False
44263,firm_4,290,62.85,51.88,13,0,149,4016071.02,7972.65,9364.65,1392.0,149,6.0,0.1,False
44263,firm_4,291,65.99,49.29,12,0,138,4023082.16,7802.62,9106.62,1304.0,138,6.0,0.1,False
44263,firm_4,292,62.69,51.75,13,0,149,4029858.22,7948.81,9340.81,1392.0,149,6.0,0.1,False
44263,firm_4,293,59.56,51.75,13,0,149,4036467.91,7482.44,8874.44,1392.0,149,6.0,0.1,False
44263,firm_4,294,59.56,46.58,13,0,149,4043044.81,7482.44,8874.44,1392.0,149,6.0,0.2,False
44263,firm_4,295,65.52,44.25,12,0,138,4050251.57,7737.76,9041.76,1304.0,138,6.0,0.1,False
44263,firm_4,296,68.8,42.04,12,0,138,4057937.49,8190.4,9494.4,1304.0,138,6.0,0.1,False
44263,firm_4,297,65.36,42.04,13,0,149,4065037.61,8346.64,9738.64,1392.0,149,6.0,0.1,False
44263,firm_4,298,62.09,44.14,13,0,149,4072023.2,7859.41,9251.41,1392.0,149,6.0,0.2,False
44263,firm_4,299,68.3,39.73,14,0,161,4080475.28,9508.3,10996.3,1488.0,161,6.0,0.1,False
44263,firm_4,300,68.3,39.73,14,0,161,4089127.36,9508.3,10996.3,1488.0,161,6.0,0.2,False
44263,firm_4,301,71.72,35.76,15,0,172,4098650.8,10759.84,12335.84,1576.0,172,6.0,0.1,False
44263,firm_4,302,78.89,33.97,16,0,184,4110251.04,12843.76,14515.76,1672.0,184,6.0,0.1,False
44263,firm_4,303,74.95,30.57,16,0,184,4121580.72,12118.8,13790.8,1672.0,184,6.0,0.2,False
44263,firm_4,304,71.2,30.57,15,0,172,4131592.57,10670.4,12246.4,1576.0,172,6.0,0.1,False
44263,firm_4,305,64.08,27.51,14,0,161,4140036.31,8828.88,10316.88,1488.0,161,6.0,0.1,False
44263,firm_4,306,67.28,24.76,14,0,161,4148833.75,9344.08,10832.08,1488.0,161,6.0,0.1,False
44263,firm_4,307,63.92,23.52,13,0,149,4156560.07,8132.08,9524.08,1392.0,149,6.0,0.2,False
44263,firm_4,308,67.12,22.34,12,0,138,4164250.55,7958.56,9262.56,1304.0,138,6.0,0.1,False
44263,firm_4,309,63.76,21.22,13,0,149,4171582.93,8108.24,9500.24,1392.0,149,6.0,0.1,False
44263,firm_4,310,66.95,20.16,13,0,149,4179904.4,8583.55,9975.55,1392.0,149,6.0,0.1,False
44263,firm_4,311,60.26,19.15,14,0,161,4187150.16,8213.86,9701.86,1488.0,161,6.0,0.1,False
44263,firm_4,312,60.26,19.15,14,0,161,4195095.92,8213.86,9701.86,1488.0,161,6.0,0.1,False
44263,firm_4,313,66.29,20.11,15,0,172,4204020.15,9825.88,11401.88,1576.0,172,6.0,0.2,False
44263,firm_4,314,72.92,22.12,14,0,161,4213762.59,10252.12,11740.12,1488.0,161,6.0,0.2,False
44263,firm_4,315,76.57,24.33,14,0,161,4224261.74,10839.77,12327.77,1488.0,161,6.0,0.2,False
44263,firm_4,316,76.57,23.11,13,0,149,4233778.24,10016.93,11408.93,1392.0,149,6.0,0.2,False
44263,firm_4,317,72.74,20.8,12,0,138,4241962.76,8734.12,10038.12,1304.0,138,6.0,0.3,False
44263,firm_4,318,76.38,22.88,12,0,138,4250724.64,9236.44,10540.44,1304.0,138,6.0,0.2,False
44263,firm_4,319,84.02,25.17,13,0,149,4261024.41,11126.98,12518.98,1392.0,149,6.0,0.2,False
44263,firm_4,320,75.62,23.91,13,0,149,4270588.96,9875.38,11267.38,1392.0,149,6.0,0.1,False
44263,firm_4,321,71.84,23.91,14,0,161,4279732.46,10078.24,11566.24,1488.0,161,6.0,0.2,False
44263,firm_4,322,75.43,22.71,13,0,149,4289284.3,9847.07,11239.07,1392.0,149,6.0,0.2,False
44263,firm_4,323,71.66,21.57,13,0,149,4298289.23,9285.34,10677.34,1392.0,149,6.0,0.2,False
44263,firm_4,324,68.08,22.65,14,0,161,4306845.01,9472.88,10960.88,1488.0,161,6.0,0.3,False
44263,firm_4,325,64.68,24.92,15,0,172,4315320.17,9548.96,11124.96,1576.0,172,6.0,0.3,False
44263,firm_4,326,71.15,26.17,15,0,172,4325389.42,10661.8,12237.8,1576.0,172,6.0,0.3,False
44263,firm_4,327,74.71,27.48,14,0,161,4335345.01,10540.31,12028.31,1488.0,161,6.0,0.2,False
44263,firm_4,328,78.45,24.73,13,0,149,4345120.57,10297.05,11689.05,1392.0,149,6.0,0.2,False
44263,firm_4,329,86.3,27.2,14,0,161,4356446.07,12406.3,13894.3,1488.0,161,6.0,0.1,False
44263,firm_4,330,90.62,24.48,14,0,161,4369005.17,13101.82,14589.82,1488.0,161,6.0,0.1,False
44263,firm_4,331,86.09,23.26,15,0,172,4381187.75,13231.48,14807.48,1576.0,172,6.0,0.1,False
44263,firm_4,332,94.7,22.1,14,0,161,4394637.05,13758.7,15246.7,1488.0,161,6.0,0.1,False
44263,firm_4,333,99.44,19.89,13,0,149,4407703.04,13424.56,14816.56,1392.0,149,6.0,0.2,False
44263,firm_4,334,94.47,20.88,13,0,149,4420115.63,12684.03,14076.03,1392.0,149,6.0,0.1,False
44263,firm_4,335,89.75,19.84,14,0,161,4432299.62,12961.75,14449.75,1488.0,161,6.0,0.1,False
44263,firm_4,336,94.24,17.86,13,0,149,4444717.2,12649.76,14041.76,1392.0,149,6.0,0.1,False
44263,firm_4,337,84.82,16.97,14,0,159,4455794.0,12014.38,13486.38,1472.0,159,6.0,0.1,False
44263,firm_4,338,80.58,18.67,15,0,172,4467197.71,12283.76,13859.76,1576.0,172,6.0,0.2,False
44263,firm_4,339,88.64,20.54,15,0,172,4480559.69,13670.08,15246.08,1576.0,172,6.0,0.1,False
44263,firm_4,340,93.07,19.51,14,0,161,4493582.82,13496.27,14984.27,1488.0,161,6.0,0.1,False
44263,firm_4,341,83.76,21.46,14,0,161,4505079.74,11997.36,13485.36,1488.0,161,6.0,0.1,False
44263,firm_4,342,79.57,22.53,15,0,172,4516151.83,12110.04,13686.04,1576.0,172,6.0,0.1,False
44263,firm_4,343,83.55,24.78,15,0,172,4528574.73,12794.6,14370.6,1576.0,172,6.0,0.1,False
44263,firm_4,344,87.73,24.78,14,0,161,4540564.34,12636.53,14124.53,1488.0,161,6.0,0.2,False
44263,firm_4,345,92.12,24.78,15,0,172,4553761.28,14268.64,15844.64,1576.0,172,6.0,0.2,False
44263,firm_4,346,82.91,26.02,14,0,161,4565257.51,11860.51,13348.51,1488.0,161,6.0,0.1,False
44263,firm_4,347,78.76,28.62,14,0,161,4575849.19,11192.36,12680.36,1488.0,161,6.0,0.1,False
44263,firm_4,348,86.64,28.62,14,0,160,4587630.91,12382.4,13862.4,1480.0,160,6.0,0.1,False
44263,firm_4,349,86.64,28.62,14,0,160,4599412.63,12382.4,13862.4,1480.0,160,6.0,0.1,False
44263,firm_4,350,77.98,28.62,15,0,172,4610119.89,11836.56,13412.56,1576.0,172,6.0,0.1,False
44263,firm_4,351,74.08,31.48,16,0,183,4620808.85,11892.64,13556.64,1664.0,183,6.0,0.1,False
44263,firm_4,352,66.67,34.63,17,0,195,4630960.79,11240.65,13000.65,1760.0,195,6.0,0.1,False
44263,firm_4,353,70.0,31.17,18,0,206,4642471.73,12572.0,14420.0,1848.0,206,6.0,0.1,False
44263,firm_4,354,77.0,34.29,18,0,206,4655868.51,14014.0,15862.0,1848.0,206,6.0,0.1,False
44263,firm_4,355,69.3,34.29,18,0,206,4667679.09,12427.8,14275.8,1848.0,206,6.0,0.1,False
44263,firm_4,356,69.3,37.72,18,0,206,4679427.93,12427.8,14275.8,1848.0,206,6.0,0.1,False
44263,firm_4,357,72.76,41.49,19,0,218,4692057.3,13917.68,15861.68,1944.0,218,6.0,0.1,False
44263,firm_4,358,76.4,37.34,20,0,229,4706074.1,15463.6,17495.6,2032.0,229,6.0,0.1,False
44263,firm_4,359,72.58,35.47,19,0,217,4719014.03,13813.86,15749.86,1936.0,217,6.0,0.1,False
44263,firm_4,360,68.95,39.02,20,0,229,4731491.18,13757.55,15789.55,2032.0,229,6.0,0.1,False
44263,firm_4,361,62.06,39.02,20,0,229,4742890.52,12179.74,14211.74,2032.0,229,6.0,0.1,False
44263,firm_4,362,65.16,40.97,19,0,217,4754115.81,12203.72,14139.72,1936.0,217,6.0,0.1,False
44263,firm_4,363,65.16,45.07,20,0,229,4765604.05,12889.64,14921.64,2032.0,229,6.0,0.1,False
44263,firm_4,364,71.68,47.32,20,0,229,4778840.37,14382.72,16414.72,2032.0,229,6.0,0.1,False
44263,firm_4,365,68.1,49.69,21,0,240,4791520.88,14224.0,16344.0,2120.0,240,6.0,0.1,False
44263,firm_5,1,51.46,26.28,20,0,231,126923.57,11149.03,11887.26,738.23,231,0.33,0.31,False
44263,firm_5,2,51.46,28.91,21,0,243,137242.9,11726.44,12504.78,778.34,243,0.38,0.41,False
44263,firm_5,3,46.31,26.02,20,0,231,146570.33,9947.83,10697.61,749.78,231,0.38,0.51,False
44263,firm_5,4,43.99,24.72,19,0,219,154802.29,8901.64,9633.81,732.17,219,0.43,0.51,False
44263,firm_5,5,48.39,23.48,18,0,207,163483.02,9303.37,10016.73,713.36,207,0.48,0.41,False
44263,firm_5,6,45.97,24.65,17,0,196,171288.01,8324.04,9010.12,686.08,196,0.48,0.51,False
44263,firm_5,7,41.37,23.42,17,0,196,178102.51,7412.64,8108.52,695.88,196,0.53,0.41,False
44263,firm_5,8,41.37,21.08,16,0,184,184402.59,6937.36,7612.08,674.72,184,0.58,0.51,False
44263,firm_5,9,45.51,18.97,15,0,172,190993.4,7175.36,7827.72,652.36,172,0.63,0.61,False
44263,firm_5,10,40.96,19.92,14,0,161,196377.6,5963.08,6594.56,631.48,161,0.68,0.71,False
44263,firm_5,11,43.01,20.92,14,0,161,202377.85,6293.13,6924.61,631.48,161,0.68,0.71,False
44263,firm_5,12,40.86,20.92,14,0,161,207723.9,5938.93,6578.46,639.53,161,0.73,0.81,False
44263,firm_5,13,44.95,18.83,15,0,172,214003.29,7061.84,7731.4,669.56,172,0.73,0.81,False
44263,firm_5,14,42.7,20.71,14,0,161,219948.52,6235.17,6874.7,639.53,161,0.73,0.71,False
44263,firm_5,15,38.43,20.71,13,0,149,224798.59,5119.3,5726.07,606.77,149,0.73,0.71,False
44263,firm_5,16,34.59,22.78,14,0,161,228601.08,4921.41,5568.99,647.58,161,0.78,0.81,False
44263,firm_5,17,34.59,20.5,14,0,161,233135.49,4921.41,5568.99,647.58,161,0.78,0.91,False
44263,firm_5,18,34.59,20.5,15,0,172,237290.71,5262.72,5949.48,686.76,172,0.83,1.01,False
44263,firm_5,19,32.86,18.45,14,0,161,241459.19,4626.78,5290.46,663.68,161,0.88,0.91,False
44263,firm_5,20,32.86,18.45,14,0,161,245827.67,4626.78,5290.46,663.68,161,0.88,0.91,False
44263,firm_5,21,29.57,19.37,14,0,161,249553.58,4097.09,4760.77,663.68,161,0.88,1.01,False
44263,firm_5,22,29.57,20.34,15,0,172,253139.16,4390.68,5086.04,695.36,172,0.88,1.01,False
44263,firm_5,23,29.57,22.37,15,0,172,256885.69,4382.08,5086.04,703.96,172,0.93,1.11,False
44263,firm_5,24,29.57,22.37,16,0,184,260629.53,4701.76,5440.88,739.12,184,0.93,1.21,False
44263,firm_5,25,29.57,22.37,15,0,172,264467.46,4373.48,5086.04,712.56,172,0.98,1.21,False
44263,firm_5,26,29.57,21.25,16,0,184,268010.82,4683.36,5440.88,757.52,184,1.03,1.31,False
44263,firm_5,27,28.09,21.25,17,0,195,271626.52,4676.95,5477.55,800.6,195,1.08,1.31,False
44263,firm_5,28,28.09,23.38,16,0,184,275445.08,4392.64,5168.56,775.92,184,1.13,1.31,False
44263,firm_5,29,25.28,21.04,17,0,195,278706.65,4119.25,4929.6,810.35,195,1.13,1.31,False
44263,firm_5,30,24.02,18.94,17,0,195,282048.47,3863.8,4683.9,820.1,195,1.18,1.21,False
44263,firm_5,31,26.42,17.05,17,0,195,285780.67,4322.05,5151.9,829.85,195,1.23,1.31,False
44263,firm_5,32,23.78,16.2,17,0,195,289212.52,3807.25,4637.1,829.85,195,1.23,1.41,False
44263,firm_5,33,26.16,14.58,17,0,195,293236.01,4271.35,5101.2,829.85,195,1.23,1.41,False
44263,firm_5,34,28.78,13.85,17,0,195,297782.81,4782.25,5612.1,829.85,195,1.23,1.31,False
44263,firm_5,35,27.34,13.16,18,0,207,301526.35,4780.42,5659.38,878.96,207,1.28,1.41,False
44263,firm_5,36,25.97,12.5,17,0,195,305328.65,4214.8,5064.15,849.35,195,1.33,1.41,False
44263,firm_5,37,28.57,13.75,17,0,195,309606.95,4712.05,5571.15,859.1,195,1.38,1.41,False
44263,firm_5,38,27.14,15.13,16,0,184,313227.51,4162.64,4993.76,831.12,184,1.43,1.51,False
44263,firm_5,39,27.14,16.64,16,0,184,316914.71,4153.44,4993.76,840.32,184,1.48,1.51,False
44263,firm_5,40,27.14,18.3,17,0,195,320417.31,4413.7,5292.3,878.6,195,1.48,1.61,False
44263,firm_5,41,27.14,16.47,17,0,195,324551.02,4413.7,5292.3,878.6,195,1.48,1.61,False
44263,firm_5,42,27.14,15.65,18,0,207,328366.94,4697.62,5617.98,920.36,207,1.48,1.71,False
44263,firm_5,43,24.43,16.43,19,0,218,331921.87,4367.1,5325.74,958.64,218,1.48,1.71,False
44263,firm_5,44,26.87,15.61,20,0,230,336289.37,5179.7,6180.1,1000.4,230,1.48,1.71,False
44263,firm_5,45,24.18,14.05,21,0,241,340183.02,4788.7,5827.38,1038.68,241,1.48,1.81,False
44263,firm_5,46,25.39,12.65,22,0,253,344435.3,5330.58,6423.67,1093.09,253,1.53,1.91,False
44263,firm_5,47,27.93,11.38,23,0,264,349815.16,6241.6,7373.52,1131.92,264,1.53,2.01,False
44263,firm_5,48,27.93,11.38,22,0,253,355538.0,5973.2,7066.29,1093.09,253,1.53,2.01,False
44263,firm_5,49,27.93,11.38,22,0,253,361260.84,5973.2,7066.29,1093.09,253,1.53,2.01,False
44263,firm_5,50,26.53,12.52,22,0,253,366604.4,5619.0,6712.09,1093.09,253,1.53,1.91,False
44263,firm_5,51,27.86,11.89,22,0,253,372298.31,5955.49,7048.58,1093.09,253,1.53,1.81,False
44263,firm_5,52,27.86,13.08,22,0,253,377966.04,5955.49,7048.58,1093.09,253,1.53,1.81,False
44263,firm_5,53,25.07,12.43,22,0,253,382729.55,5236.97,6342.71,1105.74,253,1.58,1.71,False
44263,firm_5,54,27.58,13.05,21,0,241,387939.5,5584.0,6646.78,1062.78,241,1.58,1.81,False
44263,firm_5,55,26.2,11.74,21,0,241,392732.33,5239.37,6314.2,1074.83,241,1.63,1.81,False
44263,firm_5,56,24.89,11.74,21,0,241,397409.45,4923.66,5998.49,1074.83,241,1.63,1.71,False
44263,firm_5,57,22.4,11.74,21,0,241,401486.48,4323.57,5398.4,1074.83,241,1.63,1.71,False
44263,firm_5,58,24.64,11.15,21,0,241,406115.74,4863.41,5938.24,1074.83,241,1.63,1.71,False
44263,firm_5,59,24.64,10.59,20,0,229,410203.78,4599.84,5642.56,1042.72,229,1.68,1.81,False
44263,firm_5,60,27.1,10.59,20,0,229,414843.71,5151.73,6205.9,1054.17,229,1.73,1.91,False
44263,firm_5,61,29.81,11.65,20,0,230,420409.11,5798.4,6856.3,1057.9,230,1.73,1.91,False
44263,firm_5,62,26.83,11.07,20,0,230,425089.21,5101.5,6170.9,1069.4,230,1.78,1.91,False
44263,firm_5,63,29.51,11.62,20,0,230,430474.71,5717.9,6787.3,1069.4,230,1.78,2.01,False
44263,firm_5,64,26.56,11.04,20,0,230,435081.81,5027.9,6108.8,1080.9,230,1.83,2.01,False
44263,firm_5,65,29.22,10.49,20,0,229,440174.87,5602.86,6691.38,1088.52,229,1.88,2.11,False
44263,firm_5,66,32.14,10.49,21,0,240,446036.98,6582.4,7713.6,1131.2,240,1.88,2.01,False
44263,firm_5,67,28.93,10.0,22,0,252,451429.58,6112.6,7290.36,1177.76,252,1.88,2.01,False
44263,firm_5,68,31.82,11.0,21,0,241,457520.07,6521.49,7668.62,1147.13,241,1.93,2.01,False
44263,firm_5,69,35.0,10.45,21,0,240,464345.42,7244.8,8400.0,1155.2,240,1.98,2.01,False
44263,firm_5,70,31.5,10.97,21,0,240,470307.85,6392.8,7560.0,1167.2,240,2.03,1.91,False
44263,firm_5,71,33.08,10.0,22,0,252,476708.45,7120.6,8336.16,1215.56,252,2.03,1.91,False
44263,firm_5,72,34.73,10.0,23,0,263,483752.55,7874.1,9133.99,1259.89,263,2.03,2.01,False
44263,firm_5,73,38.2,10.0,23,0,263,491996.11,8773.56,10046.6,1273.04,263,2.08,2.11,False
44263,firm_5,74,38.2,11.0,22,0,252,500152.35,8398.24,9626.4,1228.16,252,2.08,2.11,False
44263,firm_5,75,42.02,10.0,21,0,240,508847.95,8905.6,10084.8,1179.2,240,2.08,2.01,False
44263,firm_5,76,44.12,11.0,22,0,252,517783.43,9877.48,11118.24,1240.76,252,2.13,2.01,False
44263,firm_5,77,41.91,12.1,21,0,241,526334.31,8904.98,10100.31,1195.33,241,2.13,2.11,False
44263,firm_5,78,37.72,13.31,21,0,241,533849.99,7895.19,9090.52,1195.33,241,2.13,2.21,False
44263,firm_5,79,37.72,14.64,20,0,230,540871.39,7514.2,8675.6,1161.4,230,2.18,2.11,False
44263,firm_5,80,35.83,13.91,19,0,218,547095.9,6688.8,7810.94,1122.14,218,2.23,2.11,False
44263,firm_5,81,35.83,14.61,18,0,206,552932.22,6299.3,7380.98,1081.68,206,2.28,2.11,False
44263,firm_5,82,39.41,14.61,17,0,195,559124.45,6640.6,7684.95,1044.35,195,2.33,2.11,False
44263,firm_5,83,37.44,16.07,18,0,207,564988.96,6653.77,7750.08,1096.31,207,2.33,2.11,False
44263,firm_5,84,35.57,17.68,17,0,195,570580.2,5891.8,6936.15,1044.35,195,2.33,2.11,False
44263,firm_5,85,32.01,17.68,17,0,195,575377.24,5197.6,6241.95,1044.35,195,2.33,2.21,False
44263,firm_5,86,32.01,16.8,16,0,184,579792.36,4883.92,5889.84,1005.92,184,2.38,2.21,False
44263,firm_5,87,30.41,18.48,17,0,195,583854.05,4875.85,5929.95,1054.1,195,2.38,2.21,False
44263,firm_5,88,31.93,16.63,17,0,195,588533.84,5162.5,6226.35,1063.85,195,2.43,2.11,False
44263,firm_5,89,35.12,18.29,18,0,206,593826.76,6122.14,7234.72,1112.58,206,2.43,2.01,False
44263,firm_5,90,38.63,20.12,18,0,206,600309.8,6845.2,7957.78,1112.58,206,2.43,2.01,False
44263,firm_5,91,38.63,20.12,19,0,218,606683.12,7255.6,8421.34,1165.74,218,2.43,2.01,False
44263,firm_5,92,40.56,21.13,20,0,229,613834.29,8073.77,9288.24,1214.47,229,2.43,2.01,False
44263,firm_5,93,42.59,19.02,20,0,229,621781.08,8527.19,9753.11,1225.92,229,2.48,2.01,False
44263,firm_5,94,42.59,20.92,21,0,241,629826.27,8984.51,10264.19,1279.68,241,2.48,1.91,False
44263,firm_5,95,44.72,19.87,20,0,229,638132.38,9003.51,10240.88,1237.37,229,2.53,2.01,False
44263,firm_5,96,40.25,20.86,19,0,218,645323.0,7586.96,8774.5,1187.54,218,2.53,1.91,False
44263,firm_5,97,42.26,22.95,19,0,218,652912.09,8025.14,9212.68,1187.54,218,2.53,1.91,False
44263,firm_5,98,42.26,22.95,19,0,218,660401.18,8025.14,9212.68,1187.54,218,2.53,2.01,False
44263,firm_5,99,46.49,24.1,19,0,218,668679.66,8936.38,10134.82,1198.44,218,2.58,2.01,False
44263,firm_5,100,51.14,26.51,18,0,207,677640.4,9437.92,10585.98,1148.06,207,2.58,1.91,False
44263,firm_5,101,56.25,23.86,17,0,195,686900.68,9865.9,10968.75,1102.85,195,2.63,1.91,False
44263,firm_5,102,50.62,21.47,18,0,206,695288.16,9273.94,10427.72,1153.78,206,2.63,1.81,False
44263,firm_5,103,45.56,23.62,19,0,218,703062.12,8722.74,9932.08,1209.34,218,2.63,1.81,False
44263,firm_5,104,50.12,23.62,18,0,206,711597.6,9160.64,10324.72,1164.08,206,2.68,1.81,False
44263,firm_5,105,52.63,25.98,18,0,206,720597.36,9667.4,10841.78,1174.38,206,2.73,1.81,False
44263,firm_5,106,47.37,25.98,17,0,195,728270.5,8114.8,9237.15,1122.35,195,2.73,1.71,False
44263,firm_5,107,52.11,23.38,18,0,206,736909.94,9560.28,10734.66,1174.38,206,2.73,1.61,False
44263,firm_5,108,52.11,21.04,19,0,217,745991.64,10081.46,11307.87,1226.41,217,2.73,1.71,False
44263,firm_5,109,57.32,19.99,19,0,217,756613.01,11201.18,12438.44,1237.26,217,2.78,1.61,False
44263,firm_5,110,63.05,20.99,18,0,206,767828.51,11793.32,12988.3,1194.98,206,2.83,1.61,False
44263,firm_5,111,63.05,23.09,19,0,218,779170.86,12481.06,13744.9,1263.84,218,2.88,1.61,False
44263,firm_5,112,63.05,21.94,20,0,229,791141.54,13109.48,14438.45,1328.97,229,2.93,1.61,False
44263,firm_5,113,66.2,19.75,21,0,241,804480.81,14554.02,15954.2,1400.18,241,2.98,1.71,False
44263,firm_5,114,72.82,20.74,21,0,241,820194.71,16149.44,17549.62,1400.18,241,2.98,1.61,False
44263,firm_5,115,72.82,20.74,22,0,252,835921.51,16883.08,18350.64,1467.56,252,3.03,1.61,False
44263,firm_5,116,76.46,19.7,22,0,252,853075.87,17787.76,19267.92,1480.16,252,3.08,1.61,False
44263,firm_5,117,76.46,18.72,21,0,241,869373.28,16990.53,18426.86,1436.33,241,3.13,1.71,False
44263,firm_5,118,84.11,16.85,21,0,241,887541.56,18822.13,20270.51,1448.38,241,3.18,1.81,False
44263,firm_5,119,84.11,18.54,22,0,252,906224.04,19690.36,21195.72,1505.36,252,3.18,1.91,False
44263,firm_5,120,88.32,16.69,21,0,241,925710.29,19836.74,21285.12,1448.38,241,3.18,1.81,False
44263,firm_5,121,97.15,15.02,21,0,241,947359.64,21964.77,23413.15,1448.38,241,3.18,1.71,False
44263,firm_5,122,106.86,14.27,20,0,229,969947.51,23073.27,24470.94,1397.67,229,3.23,1.61,False
44263,firm_5,123,117.55,14.98,21,0,240,995577.73,26744.8,28212.0,1467.2,240,3.28,1.71,False
44263,firm_5,124,105.8,14.23,21,0,240,1018891.7,23912.8,25392.0,1479.2,240,3.33,1.81,False
44263,firm_5,125,95.22,13.52,22,0,252,1040233.94,22439.68,23995.44,1555.76,252,3.38,1.91,False
44263,firm_5,126,104.74,12.17,23,0,263,1065385.71,25931.68,27546.62,1614.94,263,3.38,1.91,False
44263,firm_5,127,109.98,13.39,24,0,275,1092915.6,28551.25,30244.5,1693.25,275,3.43,1.81,False
44263,firm_5,128,109.98,14.06,25,0,286,1121551.1,29687.0,31454.28,1767.28,286,3.48,1.71,False
44263,firm_5,129,98.98,15.47,26,0,297,1148003.53,27554.65,29397.06,1842.41,297,3.53,1.71,False
44263,firm_5,130,108.88,17.02,25,0,286,1176721.83,29343.8,31139.68,1795.88,286,3.58,1.71,False
44263,firm_5,131,119.77,16.17,25,0,286,1208775.92,32458.34,34254.22,1795.88,286,3.58,1.71,False
44263,firm_5,132,107.79,16.98,25,0,286,1237383.48,29032.06,30827.94,1795.88,286,3.58,1.61,False
44263,firm_5,133,118.57,18.68,25,0,286,1268817.32,32100.84,33911.02,1810.18,286,3.63,1.61,False
44263,firm_5,134,124.5,17.75,26,0,297,1302860.21,35104.39,36976.5,1872.11,297,3.63,1.71,False
44263,firm_5,135,124.5,15.98,26,0,297,1337549.12,35104.39,36976.5,1872.11,297,3.63,1.71,False
44263,firm_5,136,136.95,15.98,27,0,309,1376780.09,40362.43,42317.55,1955.12,309,3.68,1.71,False
44263,firm_5,137,143.8,15.18,28,0,320,1419637.45,43982.4,46016.0,2033.6,320,3.73,1.71,False
44263,firm_5,138,143.8,16.7,29,0,332,1464292.39,45639.24,47741.6,2102.36,332,3.73,1.61,False
44263,firm_5,139,143.8,18.37,28,0,320,1507660.43,43982.4,46016.0,2033.6,320,3.73,1.71,False
44263,firm_5,140,158.18,19.29,28,0,320,1555604.31,48584.0,50617.6,2033.6,320,3.73,1.81,False
44263,firm_5,141,166.09,17.36,29,0,332,1607540.39,53039.52,55141.88,2102.36,332,3.73,1.91,False
44263,firm_5,142,182.7,15.62,30,0,343,1666855.35,60483.56,62666.1,2182.54,343,3.78,1.91,False
44263,firm_5,143,164.43,14.06,30,0,343,1720333.35,54199.8,56399.49,2199.69,343,3.83,2.01,False
44263,firm_5,144,180.87,14.06,31,0,355,1781018.94,61921.45,64208.85,2287.4,355,3.88,2.11,False
44263,firm_5,145,198.96,14.76,31,0,355,1848587.03,68325.65,70630.8,2305.15,355,3.93,2.21,False
44263,firm_5,146,198.96,15.5,30,0,343,1913914.17,65992.14,68243.28,2251.14,343,3.98,2.11,False
44263,firm_5,147,208.91,17.05,29,0,332,1980492.48,67172.76,69358.12,2185.36,332,3.98,2.21,False
44263,firm_5,148,219.36,16.2,29,0,332,2050448.24,70625.56,72827.52,2201.96,332,4.03,2.21,False
44263,firm_5,149,241.3,17.82,29,0,332,2127741.1,77909.64,80111.6,2201.96,332,4.03,2.31,False
44263,firm_5,150,253.36,19.6,29,0,332,2208769.66,81896.96,84115.52,2218.56,332,4.08,2.41,False
44263,firm_5,151,253.36,18.62,30,0,343,2292328.1,84617.04,86902.48,2285.44,343,4.08,2.41,False
44263,firm_5,152,266.03,18.62,30,0,343,2380415.2,88945.7,91248.29,2302.59,343,4.13,2.51,False
44263,firm_5,153,292.63,20.48,29,0,332,2474522.68,94901.4,97153.16,2251.76,332,4.18,2.41,False
44263,firm_5,154,321.89,18.43,29,0,332,2578503.93,104615.72,106867.48,2251.76,332,4.18,2.51,False
44263,firm_5,155,305.8,17.51,28,0,320,2673476.05,95662.4,97856.0,2193.6,320,4.23,2.51,False
44263,firm_5,156,305.8,15.76,29,0,332,2771459.65,99240.64,101525.6,2284.96,332,4.28,2.61,False
44263,firm_5,157,336.38,17.34,30,0,343,2883363.75,113024.3,115378.34,2354.04,343,4.28,2.71,False
44263,firm_5,158,370.02,16.47,30,0,343,3007115.32,124545.67,126916.86,2371.19,343,4.33,2.81,False
44263,firm_5,159,333.02,14.82,31,0,355,3121830.85,115774.95,118222.1,2447.15,355,4.33,2.91,False
44263,firm_5,160,333.02,14.82,31,0,354,3236719.69,115448.26,117889.08,2440.82,354,4.33,3.01,False
44263,firm_5,161,333.02,13.34,32,0,366,3354843.05,119350.24,121885.32,2535.08,366,4.38,3.11,False
44263,firm_5,162,299.72,12.01,32,0,366,3461621.17,107162.44,109697.52,2535.08,366,4.38,3.11,False
44263,firm_5,163,314.71,12.01,32,0,366,3573667.33,112630.48,115183.86,2553.38,366,4.43,3.11,False
44263,firm_5,164,346.18,13.21,32,0,366,3697174.81,124130.2,126701.88,2571.68,366,4.48,3.11,False
44263,firm_5,165,311.56,11.89,31,0,355,3804909.62,108103.4,110603.8,2500.4,355,4.48,3.01,False
44263,firm_5,166,342.72,10.7,32,0,366,3926931.06,122863.84,125435.52,2571.68,366,4.48,3.01,False
44263,firm_5,167,342.72,11.24,32,0,366,4049216.92,122845.54,125435.52,2589.98,366,4.53,3.01,False
44263,firm_5,168,359.86,11.8,31,0,354,4173729.94,124878.82,127390.44,2511.62,354,4.53,3.01,False
44263,firm_5,169,395.85,12.98,30,0,343,4306360.15,133319.61,135776.55,2456.94,343,4.58,3.11,False
44263,firm_5,170,356.27,14.28,29,0,332,4421843.11,115897.08,118281.64,2384.56,332,4.58,3.11,False
44263,firm_5,171,391.9,14.28,28,0,320,4544329.67,123086.4,125408.0,2321.6,320,4.63,3.01,False
44263,firm_5,172,372.3,14.28,29,0,332,4664617.99,121202.44,123603.6,2401.16,332,4.63,3.01,False
44263,firm_5,173,372.3,14.28,28,0,320,4780716.55,116798.4,119136.0,2337.6,320,4.68,3.11,False
44263,firm_5,174,409.53,15.71,27,0,309,4904357.58,124265.2,126544.77,2279.57,309,4.73,3.11,False
44263,firm_5,175,409.53,16.5,26,0,297,5023045.33,119416.75,121630.41,2213.66,297,4.78,3.21,False
44263,firm_5,176,430.01,16.5,26,0,297,5147800.79,125484.46,127712.97,2228.51,297,4.83,3.31,False
44263,firm_5,177,408.51,15.68,27,0,309,5270796.55,123919.12,126229.59,2310.47,309,4.83,3.31,False
44263,firm_5,178,408.51,15.68,28,0,320,5398095.11,128337.6,130723.2,2385.6,320,4.83,3.41,False
44263,firm_5,179,449.36,14.9,29,0,332,5543666.37,146703.36,149187.52,2484.16,332,4.88,3.31,False
44263,firm_5,180,449.36,16.39,30,0,343,5694028.16,151553.49,154130.48,2576.99,343,4.93,3.21,False
44263,firm_5,181,449.36,17.21,29,0,331,5839773.4,146244.33,148738.16,2493.83,331,4.93,3.11,False
44263,firm_5,182,471.83,18.07,30,0,345,5998704.55,160173.25,162781.35,2608.1,345,4.98,3.11,False
44263,firm_5,183,519.01,19.88,31,351,356,5995743.44,-1844.83,2595.05,4439.88,5,4.98,3.11,False
44263,firm_5,184,467.11,18.89,31,669,356,6006660.35,11702.5,17750.18,6047.68,38,5.03,3.11,False
44263,firm_5,185,420.4,18.89,30,466,345,6231200.25,225406.6,230379.2,4972.6,548,5.08,3.21,False
44263,firm_5,186,420.4,17.0,31,474,356,6371164.17,141190.92,146299.2,5108.28,348,5.13,3.11,False
44263,firm_5,187,420.4,16.15,30,526,345,6488249.77,117870.1,123177.2,5307.1,293,5.18,3.21,False
44263,firm_5,188,420.4,14.53,31,649,354,6578425.02,91125.68,97112.4,5986.72,231,5.18,3.21,False
44263,firm_5,189,441.42,14.53,30,862,345,6629169.46,51280.34,58267.44,6987.1,132,5.18,3.31,False
44263,firm_5,190,397.28,14.53,29,606,333,6856908.42,228360.33,233997.92,5637.59,589,5.23,3.31,False
44263,firm_5,191,417.14,14.53,28,845,322,6884371.14,27869.56,34622.62,6753.06,83,5.23,3.31,False
44263,firm_5,192,438.0,15.26,28,1039,322,6932184.8,48340.94,56064.0,7723.06,128,5.23,3.41,False
44263,firm_5,193,438.0,13.73,28,1352,322,6926238.2,-5362.16,3942.0,9304.16,9,5.28,3.41,False
44263,firm_5,194,394.2,12.36,28,1285,322,7070166.76,144374.64,153343.8,8969.16,389,5.28,3.51,False
44263,firm_5,195,394.2,11.74,28,1276,320,7190620.24,120782.2,129691.8,8909.6,329,5.28,3.51,False
44263,firm_5,196,354.78,11.15,28,621,320,7530483.94,340275.9,345910.5,5634.6,975,5.28,3.61,False
44263,firm_5,197,319.3,11.15,28,0,320,7828103.44,297931.7,300461.3,2529.6,941,5.28,3.51,False
44263,firm_5,198,351.23,11.15,27,0,309,7933882.94,106080.55,108530.07,2449.52,309,5.28,3.51,False
44263,firm_5,199,316.11,12.26,27,0,311,8029298.05,95846.13,98310.21,2464.08,311,5.28,3.61,False
44263,firm_5,200,300.3,12.87,27,0,311,8119564.23,90913.67,93393.3,2479.63,311,5.33,3.71,False
44263,firm_5,201,330.33,12.87,28,0,322,8222293.77,103789.9,106366.26,2576.36,322,5.38,3.71,False
44263,firm_5,202,363.36,13.51,27,0,311,8332223.23,110494.23,113004.96,2510.73,311,5.43,3.61,False
44263,firm_5,203,381.53,13.51,27,0,311,8448003.56,116145.1,118655.83,2510.73,311,5.43,3.61,False
44263,firm_5,204,400.61,13.51,27,0,311,8569617.77,122078.98,124589.71,2510.73,311,5.43,3.71,False
44263,firm_5,205,420.64,14.19,28,0,322,8701474.07,132853.62,135446.08,2592.46,322,5.43,3.81,False
44263,firm_5,206,420.64,14.19,28,0,322,8833714.27,132837.52,135446.08,2608.56,322,5.48,3.81,False
44263,firm_5,207,399.61,14.9,29,0,334,8963236.89,130754.72,133469.74,2715.02,334,5.53,3.91,False
44263,firm_5,208,399.61,13.41,30,0,345,9097184.94,135050.35,137865.45,2815.1,345,5.58,3.81,False
44263,firm_5,209,399.61,12.07,30,0,345,9231873.19,135050.35,137865.45,2815.1,345,5.58,3.81,False
44263,firm_5,210,399.61,12.07,31,0,356,9370043.9,139344.88,142261.16,2916.28,356,5.63,3.91,False
44263,firm_5,211,439.57,12.07,32,0,368,9527911.58,158753.92,161761.76,3007.84,368,5.63,3.81,False
44263,firm_5,212,461.55,10.86,31,0,356,9688752.64,161377.72,164311.8,2934.08,356,5.68,3.81,False
44263,firm_5,213,415.4,11.95,32,0,367,9837085.13,149414.89,152451.8,3036.91,367,5.73,3.71,False
44263,firm_5,214,456.94,11.95,33,0,379,10006022.42,170031.64,173180.26,3148.62,379,5.78,3.71,False
44263,firm_5,215,456.94,11.95,34,0,390,10179769.02,174952.9,178206.6,3253.7,390,5.83,3.81,False
44263,firm_5,216,479.79,11.35,35,0,402,10368179.59,189507.82,192875.58,3367.76,402,5.88,3.81,False
44263,firm_5,217,503.78,12.49,34,0,391,10561232.28,193677.35,196977.98,3300.63,391,5.93,3.81,False
44263,firm_5,218,453.4,13.74,33,0,379,10729193.04,168614.18,171838.6,3224.42,379,5.98,3.81,False
44263,firm_5,219,453.4,13.74,34,0,391,10901877.28,173951.4,177279.4,3328.0,391,6.0,3.91,False
44263,firm_5,220,408.06,13.05,33,0,379,11052669.37,151422.74,154654.74,3232.0,379,6.0,3.81,False
44263,firm_5,221,448.87,11.74,33,0,379,11218971.68,166889.73,170121.73,3232.0,379,6.0,3.71,False
44263,firm_5,222,493.76,11.15,33,0,379,11402406.77,183903.04,187135.04,3232.0,379,6.0,3.81,False
44263,firm_5,223,493.76,11.71,32,0,367,11579805.97,178073.92,181209.92,3136.0,367,6.0,3.91,False
44263,firm_5,224,543.14,10.54,33,290,379,11622315.61,43657.46,48339.46,4682.0,89,6.0,4.01,False
44263,firm_5,225,543.14,10.0,33,599,377,11652408.13,30722.52,36933.52,6211.0,68,6.0,4.11,False
44263,firm_5,226,488.83,11.0,34,838,388,11716875.8,65341.67,72835.67,7494.0,149,6.0,4.01,False
44263,firm_5,227,488.83,11.0,35,1159,401,11745794.2,29903.4,39106.4,9203.0,80,6.0,4.11,False
44263,firm_5,228,513.27,12.1,36,1557,413,11741268.65,-3589.95,7699.05,11289.0,15,6.0,4.01,False
44263,firm_5,229,513.27,13.31,37,1963,424,11735808.04,-4168.14,9238.86,13407.0,18,6.0,4.11,False
44263,firm_5,230,461.94,14.64,37,2192,424,11810792.66,75526.3,90078.3,14552.0,195,6.0,4.11,False
44263,firm_5,231,415.75,13.18,37,2446,424,11864960.5,54855.5,70677.5,15822.0,170,6.0,4.11,False
44263,firm_5,232,394.96,13.18,37,1942,424,12217593.72,353220.88,366522.88,13302.0,928,6.0,4.21,False
44263,firm_5,233,375.21,11.86,36,1212,413,12636367.79,419301.03,428865.03,9564.0,1143,6.0,4.31,False
44263,firm_5,234,337.69,10.67,35,178,401,13115981.49,480287.15,484585.15,4298.0,1435,6.0,4.41,False
44263,firm_5,235,337.69,11.2,34,0,390,13303888.61,188487.92,191807.92,3320.0,568,6.0,4.31,False
44263,firm_5,236,320.81,12.32,33,0,378,13421224.23,118042.18,121266.18,3224.0,378,6.0,4.41,False
44263,firm_5,237,352.89,12.94,33,0,378,13550765.63,130168.42,133392.42,3224.0,378,6.0,4.41,False
44263,firm_5,238,352.89,11.65,34,0,390,13684076.63,134307.1,137627.1,3320.0,390,6.0,4.51,False
44263,firm_5,239,370.53,11.07,33,0,378,13820247.66,136836.34,140060.34,3224.0,378,6.0,4.61,False
44263,firm_5,240,370.53,10.52,32,0,367,13952759.53,132848.51,135984.51,3136.0,367,6.0,4.61,False
44263,firm_5,241,407.58,10.52,31,0,355,14094084.31,141650.9,144690.9,3040.0,355,6.0,4.61,False
44263,firm_5,242,427.96,10.0,32,363,365,14088985.23,-4079.08,855.92,4935.0,2,6.0,4.61,False
44263,firm_5,243,470.76,10.5,32,730,367,14081863.23,-6786.0,0.0,6786.0,0,6.0,4.61,False
44263,firm_5,244,494.3,10.5,33,1098,376,14075973.13,-4743.6,3954.4,8698.0,8,6.0,4.71,False
44263,firm_5,245,519.02,10.5,32,1453,365,14070242.33,-5194.8,5190.2,10385.0,10,6.0,4.61,False
44263,firm_5,246,519.02,10.0,31,1788,353,14067110.69,-2621.64,9342.36,11964.0,18,6.0,4.61,False
44263,firm_5,247,467.12,10.0,32,2089,365,14082421.37,16330.68,29895.68,13565.0,64,6.0,4.51,False
44263,firm_5,248,420.41,11.0,33,2348,379,14116835.57,35477.2,50449.2,14972.0,120,6.0,4.51,False
44263,firm_5,249,462.45,10.45,32,2701,367,14106034.47,-10166.7,6474.3,16641.0,14,6.0,4.61,False
44263,firm_5,250,416.2,10.45,31,2859,356,14170775.12,65064.6,82407.6,17343.0,198,6.0,4.61,False
44263,firm_5,251,374.58,10.97,32,2762,367,14326583.2,156859.12,173805.12,16946.0,464,6.0,4.61,False
44263,firm_5,252,393.31,10.0,32,2896,365,14399317.81,73254.61,90854.61,17600.0,231,6.0,4.61,False
44263,firm_5,253,353.98,10.0,31,2247,354,14739782.75,340774.94,355041.94,14267.0,1003,6.0,4.51,False
44263,firm_5,254,353.98,10.5,32,1984,367,14948598.15,209951.4,223007.4,13056.0,630,6.0,4.61,False
44263,firm_5,255,353.98,10.0,33,1674,377,15179166.41,231598.26,243184.26,11586.0,687,6.0,4.51,False
44263,firm_5,256,371.68,11.0,34,2004,390,15186953.21,8960.8,22300.8,13340.0,60,6.0,4.61,False
44263,firm_5,257,408.85,10.45,34,2392,388,15171033.91,-15264.0,0.0,15264.0,0,6.0,4.71,False
44263,firm_5,258,429.29,10.45,34,2782,390,15153148.61,-17230.0,0.0,17230.0,0,6.0,4.81,False
44263,firm_5,259,450.75,10.0,35,3176,400,15135623.11,-16575.5,2704.5,19280.0,6,6.0,4.91,False
44263,firm_5,260,405.68,10.0,34,3472,388,15151741.67,16658.56,37322.56,20664.0,92,6.0,4.91,False
44263,firm_5,261,385.4,10.0,33,3675,376,15196502.87,45091.2,66674.2,21583.0,173,6.0,4.91,False
44263,firm_5,262,385.4,10.0,32,3783,365,15272895.67,77012.8,99047.8,22035.0,257,6.0,5.01,False
44263,firm_5,263,404.67,11.0,32,4098,367,15269660.51,-2583.16,21042.84,23626.0,52,6.0,5.11,False
44263,firm_5,264,364.2,10.0,33,4203,377,15343661.91,74831.4,99062.4,24231.0,272,6.0,5.11,False
44263,firm_5,265,345.99,10.0,33,4170,377,15461121.81,117789.9,141855.9,24066.0,410,6.0,5.01,False
44263,firm_5,266,311.39,10.0,32,4126,365,15564210.32,103608.51,127358.51,23750.0,409,6.0,4.91,False
44263,firm_5,267,295.82,10.0,33,3114,377,15955188.3,392107.98,410893.98,18786.0,1389,6.0,5.01,False
44263,firm_5,268,281.03,10.0,34,2282,388,16282190.9,328142.6,342856.6,14714.0,1220,6.0,5.11,False
44263,firm_5,269,266.98,10.0,34,1311,388,16634617.72,352966.82,362825.82,9859.0,1359,6.0,5.11,False
44263,firm_5,270,266.98,10.0,33,125,377,17047736.46,413448.74,417289.74,3841.0,1563,6.0,5.11,False
44263,firm_5,271,266.98,10.0,33,0,377,17177914.42,130807.96,134023.96,3216.0,502,6.0,5.21,False
44263,firm_5,272,293.68,10.0,33,0,377,17284885.78,107501.36,110717.36,3216.0,377,6.0,5.21,False
44263,firm_5,273,264.31,10.0,33,0,377,17380784.65,96428.87,99644.87,3216.0,377,6.0,5.11,False
44263,firm_5,274,277.53,10.0,33,0,377,17481867.46,101412.81,104628.81,3216.0,377,6.0,5.11,False
44263,firm_5,275,277.53,11.0,34,0,390,17585610.16,104916.7,108236.7,3320.0,390,6.0,5.21,False
44263,firm_5,276,305.28,10.0,35,0,399,17702974.88,118414.72,121806.72,3392.0,399,6.0,5.21,False
44263,firm_5,277,320.54,10.0,34,0,388,17823700.4,121065.52,124369.52,3304.0,388,6.0,5.21,False
44263,firm_5,278,320.54,10.0,34,0,388,17944225.92,121065.52,124369.52,3304.0,388,6.0,5.21,False
44263,firm_5,279,336.57,10.0,34,0,388,18071071.08,127285.16,130589.16,3304.0,388,6.0,5.31,False
44263,firm_5,280,353.4,10.5,33,46,379,18184744.78,114220.2,117682.2,3462.0,333,6.0,5.31,False
44263,firm_5,281,371.07,11.02,32,0,367,18334308.05,150115.91,153251.91,3136.0,413,6.0,5.31,False
44263,firm_5,282,371.07,10.0,33,95,377,18434428.79,100950.74,104641.74,3691.0,282,6.0,5.21,False
44263,firm_5,283,408.18,10.5,34,480,390,18429692.69,-3679.1,2040.9,5720.0,5,6.0,5.21,False
44263,firm_5,284,408.18,10.5,34,867,391,18423205.41,-6030.28,1632.72,7663.0,4,6.0,5.31,False
44263,firm_5,285,367.36,11.02,34,1149,391,18453799.97,30969.24,40042.24,9073.0,109,6.0,5.31,False
44263,firm_5,286,385.73,12.12,35,1488,402,18466120.76,13444.99,24300.99,10856.0,63,6.0,5.21,False
44263,firm_5,287,366.44,11.51,35,1439,402,18620071.35,154653.44,165264.44,10611.0,451,6.0,5.31,False
44263,firm_5,288,329.8,12.66,35,490,402,19059322.05,439693.8,445559.8,5866.0,1351,6.0,5.21,False
44263,firm_5,289,329.8,13.93,36,0,413,19352525.97,294305.4,297809.4,3504.0,903,6.0,5.31,False
44263,firm_5,290,296.82,13.23,35,0,402,19467668.56,115905.64,119321.64,3416.0,402,6.0,5.41,False
44263,firm_5,291,281.98,14.55,36,0,414,19579672.48,113227.72,116739.72,3512.0,414,6.0,5.41,False
44263,firm_5,292,310.18,16.01,37,0,425,19706506.61,128226.5,131826.5,3600.0,425,6.0,5.51,False
44263,firm_5,293,310.18,15.21,38,0,436,19836779.11,131550.48,135238.48,3688.0,436,6.0,5.51,False
44263,firm_5,294,310.18,16.73,39,0,448,19970503.28,135176.64,138960.64,3784.0,448,6.0,5.61,False
44263,firm_5,295,341.2,16.73,38,0,436,20114742.74,145075.2,148763.2,3688.0,436,6.0,5.51,False
44263,firm_5,296,358.26,15.89,37,0,425,20262515.31,148660.5,152260.5,3600.0,425,6.0,5.61,False
44263,firm_5,297,394.09,15.89,38,0,436,20429346.73,168135.24,171823.24,3688.0,436,6.0,5.61,False
44263,firm_5,298,354.68,14.3,39,0,448,20583401.67,155112.64,158896.64,3784.0,448,6.0,5.51,False
44263,firm_5,299,390.15,15.73,40,0,459,20757179.32,175206.85,179078.85,3872.0,459,6.0,5.61,False
44263,firm_5,300,409.66,17.3,41,0,471,20944951.88,188981.86,192949.86,3968.0,471,6.0,5.61,False
44263,firm_5,301,368.69,18.17,42,0,482,21117241.32,173652.58,177708.58,4056.0,482,6.0,5.71,False
44263,firm_5,302,405.56,18.17,43,0,493,21311657.09,195797.08,199941.08,4144.0,493,6.0,5.81,False
44263,firm_5,303,446.12,19.99,43,0,493,21526490.68,215793.16,219937.16,4144.0,493,6.0,5.91,False
44263,firm_5,304,446.12,17.99,44,209,505,21651865.64,126766.52,132051.52,5285.0,296,6.0,6.0,False
44263,firm_5,305,423.81,17.09,45,0,517,21953946.65,303350.06,307686.06,4336.0,726,6.0,6.0,False
44263,firm_5,306,423.81,17.94,45,0,517,22167613.12,214773.77,219109.77,4336.0,517,6.0,6.0,False
44263,firm_5,307,381.43,19.73,46,0,528,22363076.58,196971.04,201395.04,4424.0,528,6.0,6.0,False
44263,firm_5,308,381.43,18.74,47,0,540,22562848.0,201452.2,205972.2,4520.0,540,6.0,6.0,False
44263,firm_5,309,419.57,19.68,48,0,551,22787678.43,226575.07,231183.07,4608.0,551,6.0,6.0,False
44263,firm_5,310,419.57,17.71,49,0,562,23017312.98,231102.34,235798.34,4696.0,562,6.0,6.0,False
44263,firm_5,311,440.55,17.71,50,394,574,23088364.48,72537.0,79299.0,6762.0,180,6.0,6.0,False
44263,firm_5,312,440.55,17.71,51,948,585,23090798.32,4037.05,13657.05,9620.0,31,6.0,6.0,False
44263,firm_5,313,396.5,18.6,52,921,596,23326477.62,237446.5,247019.5,9573.0,623,6.0,6.0,False
44263,firm_5,314,376.67,18.6,51,614,585,23653568.66,328039.64,335989.64,7950.0,892,6.0,6.0,False
44263,firm_5,315,376.67,18.6,50,258,574,23996759.76,344221.1,350303.1,6082.0,930,6.0,6.0,False
44263,firm_5,316,357.84,18.6,49,0,562,24284281.16,288732.8,293428.8,4696.0,820,6.0,6.0,False
44263,firm_5,317,393.62,16.74,50,0,574,24503890.04,221145.88,225937.88,4792.0,574,6.0,5.9,False
44263,firm_5,318,373.94,18.41,51,0,585,24716026.03,213874.9,218754.9,4880.0,585,6.0,6.0,False
44263,firm_5,319,411.33,19.33,50,153,573,24882069.13,167209.6,172758.6,5549.0,420,6.0,5.9,False
44263,firm_5,320,431.9,20.3,51,384,585,25026426.43,146092.6,152892.6,6800.0,354,6.0,5.9,False
44263,firm_5,321,475.09,18.27,50,902,573,25042348.88,16835.95,26129.95,9294.0,55,6.0,5.9,False
44263,firm_5,322,427.58,16.44,49,839,561,25299270.24,257926.92,266809.92,8883.0,624,6.0,5.9,False
44263,firm_5,323,406.2,16.44,50,727,573,25567576.24,269828.0,278247.0,8419.0,685,6.0,5.8,False
44263,firm_5,324,406.2,16.44,50,879,573,25728285.44,161831.2,171010.2,9179.0,421,6.0,5.9,False
44263,firm_5,325,406.2,16.44,51,782,584,25994687.2,267840.2,276622.2,8782.0,681,6.0,6.0,False
44263,firm_5,326,406.2,15.62,51,964,584,26147190.98,153600.4,163292.4,9692.0,402,6.0,6.0,False
44263,firm_5,327,385.89,16.4,52,715,595,26462694.34,317156.16,325691.16,8535.0,844,6.0,6.0,False
44263,firm_5,328,347.3,15.58,51,0,584,26908070.46,446270.7,451142.7,4872.0,1299,6.0,6.0,False
44263,firm_5,329,329.94,15.58,52,0,596,27098436.54,191676.24,196644.24,4968.0,596,6.0,6.0,False
44263,firm_5,330,313.44,15.58,52,0,596,27279268.62,181842.24,186810.24,4968.0,596,6.0,6.0,False
44263,firm_5,331,282.1,17.14,53,0,607,27444038.9,166178.7,171234.7,5056.0,607,6.0,6.0,False
44263,firm_5,332,310.31,15.43,54,0,618,27629033.26,186627.58,191771.58,5144.0,618,6.0,6.0,False
44263,firm_5,333,341.34,16.97,55,0,630,27837204.11,209804.2,215044.2,5240.0,630,6.0,6.0,False
44263,firm_5,334,307.21,18.67,56,0,641,28027052.2,191593.61,196921.61,5328.0,641,6.0,6.0,False
44263,firm_5,335,337.93,17.74,56,0,641,28237043.89,211285.13,216613.13,5328.0,641,6.0,6.0,False
44263,firm_5,336,354.83,15.97,57,0,652,28461366.76,225933.16,231349.16,5416.0,652,6.0,5.9,False
44263,firm_5,337,372.57,17.57,58,0,665,28701786.75,242239.05,247759.05,5520.0,665,6.0,6.0,False
44263,firm_5,338,372.57,18.45,59,0,675,28945882.95,245884.75,251484.75,5600.0,675,6.0,5.9,False
44263,firm_5,339,353.94,16.6,60,0,686,29181301.79,237114.84,242802.84,5688.0,686,6.0,5.9,False
44263,firm_5,340,389.33,18.26,61,0,698,29445356.27,265968.34,271752.34,5784.0,698,6.0,6.0,False
44263,firm_5,341,389.33,20.09,62,0,709,29713573.66,270162.97,276034.97,5872.0,709,6.0,5.9,False
44263,firm_5,342,428.26,19.09,63,14,720,30007992.55,296321.56,302351.56,6030.0,706,6.0,5.8,False
44263,firm_5,343,471.09,17.18,64,359,732,30180753.86,174460.83,182311.83,7851.0,387,6.0,5.9,False
44263,firm_5,344,447.54,15.46,63,482,720,30438291.26,258811.38,267181.38,8370.0,597,6.0,6.0,False
44263,firm_5,345,402.79,16.23,64,286,732,30803055.66,366303.12,373789.12,7486.0,928,6.0,6.0,False
44263,firm_5,346,422.93,17.85,65,617,743,30966213.57,165018.16,174247.16,9229.0,412,6.0,5.9,False
44263,firm_5,347,380.64,16.07,64,339,732,31341680.49,376695.4,384446.4,7751.0,1010,6.0,5.9,False
44263,firm_5,348,380.64,15.27,64,0,731,31741740.01,401236.8,407284.8,6048.0,1070,6.0,5.8,False
44263,firm_5,349,342.58,13.74,64,0,732,31985273.21,244712.56,250768.56,6056.0,732,6.0,5.9,False
44263,firm_5,350,308.32,13.74,64,0,732,32203828.09,219634.24,225690.24,6056.0,732,6.0,5.8,False
44263,firm_5,351,308.32,13.05,65,0,743,32425217.6,222937.76,229081.76,6144.0,743,6.0,5.8,False
44263,firm_5,352,339.15,14.36,66,0,754,32673056.94,249487.1,255719.1,6232.0,754,6.0,5.7,False
44263,firm_5,353,305.24,12.92,67,0,765,32898679.9,227188.6,233508.6,6320.0,765,6.0,5.6,False
44263,firm_5,354,320.5,11.63,68,0,777,33139901.56,242612.5,249028.5,6416.0,777,6.0,5.7,False
44263,firm_5,355,320.5,12.21,69,0,788,33384409.07,246050.0,252554.0,6504.0,788,6.0,5.7,False
44263,firm_5,356,288.45,10.99,70,0,799,33606819.32,223879.55,230471.55,6592.0,799,6.0,5.6,False
44263,firm_5,357,288.45,10.99,71,0,811,33832783.98,227244.95,233932.95,6688.0,811,6.0,5.6,False
44263,firm_5,358,288.45,12.09,72,0,822,34061543.4,230329.9,237105.9,6776.0,822,6.0,5.5,False
44263,firm_5,359,288.45,10.88,73,0,833,34293564.01,233414.85,240278.85,6864.0,833,6.0,5.6,False
44263,firm_5,360,259.6,10.88,74,0,845,34504460.89,212402.0,219362.0,6960.0,845,6.0,5.6,False
44263,firm_5,361,285.56,11.42,74,0,845,34737754.01,234338.2,241298.2,6960.0,845,6.0,5.6,False
44263,firm_5,362,285.56,11.42,75,0,856,34973588.87,237391.36,244439.36,7048.0,856,6.0,5.6,False
44263,firm_5,363,299.84,10.28,76,0,867,35224932.87,252825.28,259961.28,7136.0,867,6.0,5.5,False
44263,firm_5,364,329.82,11.31,77,0,879,35506041.78,282679.78,289911.78,7232.0,879,6.0,5.5,False
44263,firm_5,365,313.33,11.31,78,0,890,35776003.3,271543.7,278863.7,7320.0,890,6.0,5.4,False
44263,firm_6,1,69.92,28.42,10,0,115,110370.21,7567.1,8040.8,473.7,115,0.38,0.35,False
44263,firm_6,2,76.91,27.0,11,0,127,118838.52,9265.31,9767.57,502.26,127,0.38,0.25,False
44263,firm_6,3,76.91,24.3,10,0,115,126760.72,8365.2,8844.65,479.45,115,0.43,0.25,False
44263,firm_6,4,84.6,25.52,11,0,127,136115.59,10235.59,10744.2,508.61,127,0.43,0.35,False
44263,firm_6,5,84.6,24.24,11,0,127,146084.54,10235.59,10744.2,508.61,127,0.43,0.35,False
44263,firm_6,6,84.6,23.03,12,0,138,156140.74,11132.56,11674.8,542.24,138,0.48,0.45,False
44263,firm_6,7,84.6,24.18,12,0,138,166776.24,11125.66,11674.8,549.14,138,0.53,0.35,False
44263,firm_6,8,93.06,26.6,13,0,150,179209.94,13379.5,13959.0,579.5,150,0.53,0.45,False
44263,firm_6,9,102.37,27.93,13,0,150,193522.85,14776.0,15355.5,579.5,150,0.53,0.55,False
44263,firm_6,10,97.25,29.33,14,0,162,207548.77,15136.54,15754.5,617.96,162,0.58,0.45,False
44263,firm_6,11,97.25,27.86,14,0,162,222295.27,15136.54,15754.5,617.96,162,0.58,0.35,False
44263,firm_6,12,102.11,26.47,13,0,150,236473.16,14722.0,15316.5,594.5,150,0.63,0.25,False
44263,firm_6,13,112.32,23.82,13,0,150,252317.0,16253.5,16848.0,594.5,150,0.63,0.35,False
44263,firm_6,14,123.55,21.44,13,0,150,269876.28,17938.0,18532.5,594.5,150,0.63,0.45,False
44263,firm_6,15,135.9,23.58,14,0,162,290435.9,21389.74,22015.8,626.06,162,0.63,0.35,False
44263,firm_6,16,149.49,24.76,15,0,173,314671.28,25206.78,25861.77,654.99,173,0.63,0.45,False
44263,firm_6,17,164.44,27.24,16,0,185,343370.29,29734.85,30421.4,686.55,185,0.63,0.55,False
44263,firm_6,18,180.88,27.24,17,0,197,377112.61,34905.4,35633.36,727.96,197,0.68,0.45,False
44263,firm_6,19,198.97,24.52,16,0,185,412833.94,36113.65,36809.45,695.8,185,0.68,0.45,False
44263,firm_6,20,208.92,25.75,17,0,196,451909.43,40213.24,40948.32,735.08,196,0.73,0.45,False
44263,firm_6,21,208.92,24.46,17,0,196,491706.85,40213.24,40948.32,735.08,196,0.73,0.35,False
44263,firm_6,22,229.81,26.91,16,0,185,532776.84,41800.55,42514.85,714.3,185,0.78,0.45,False
44263,firm_6,23,229.81,26.91,15,0,173,571349.38,39076.19,39757.13,680.94,173,0.78,0.55,False
44263,firm_6,24,229.81,28.26,15,0,173,609793.02,39067.54,39757.13,689.59,173,0.83,0.45,False
44263,firm_6,25,218.32,31.09,16,0,185,648251.98,39656.4,40389.2,732.8,185,0.88,0.35,False
44263,firm_6,26,240.15,34.2,17,0,197,693712.77,46542.19,47309.55,767.36,197,0.88,0.35,False
44263,firm_6,27,240.15,37.62,17,0,197,739405.57,46532.34,47309.55,777.21,197,0.93,0.35,False
44263,firm_6,28,240.15,37.62,18,0,209,787396.94,49368.53,50191.35,822.82,209,0.98,0.35,False
44263,firm_6,29,264.17,41.38,19,0,221,843633.71,57522.99,58381.57,858.58,221,0.98,0.25,False
44263,firm_6,30,250.96,43.45,20,0,232,899284.47,57319.76,58222.72,902.96,232,1.03,0.35,False
44263,firm_6,31,250.96,47.8,21,0,244,957863.39,60282.72,61234.24,951.52,244,1.08,0.25,False
44263,firm_6,32,276.06,52.58,22,0,256,1025889.51,69682.88,70671.36,988.48,256,1.08,0.25,False
44263,firm_6,33,303.67,57.84,21,0,244,1097606.63,73131.76,74095.48,963.72,244,1.13,0.15,False
44263,firm_6,34,273.3,60.73,21,0,244,1162052.78,65721.48,66685.2,963.72,244,1.13,0.15,False
44263,firm_6,35,273.3,63.77,22,0,256,1229113.36,68963.52,69964.8,1001.28,256,1.13,0.1,False
44263,firm_6,36,300.63,66.96,22,0,256,1303600.24,75960.0,76961.28,1001.28,256,1.13,0.1,False
44263,firm_6,37,300.63,70.31,23,0,267,1380402.26,79219.15,80268.21,1049.06,267,1.18,0.2,False
44263,firm_6,38,300.63,70.31,24,0,279,1461003.37,82788.55,83875.77,1087.22,279,1.18,0.2,False
44263,firm_6,39,270.57,66.79,24,0,279,1533802.22,74401.81,75489.03,1087.22,279,1.18,0.2,False
44263,firm_6,40,297.63,73.47,24,0,279,1613776.54,81937.6,83038.77,1101.17,279,1.23,0.1,False
44263,firm_6,41,327.39,69.8,24,0,279,1702128.03,90226.69,91341.81,1115.12,279,1.28,0.1,False
44263,firm_6,42,327.39,76.78,24,0,279,1790512.0,90226.69,91341.81,1115.12,279,1.28,0.1,False
44263,firm_6,43,327.39,84.46,25,0,291,1881701.96,94101.46,95270.49,1169.03,291,1.33,0.2,False
44263,firm_6,44,311.02,92.91,25,0,291,1968502.45,89323.24,90506.82,1183.58,291,1.38,0.1,False
44263,firm_6,45,311.02,97.56,25,0,291,2055386.69,89323.24,90506.82,1183.58,291,1.38,0.1,False
44263,firm_6,46,311.02,87.8,26,0,302,2145311.17,92707.28,93928.04,1220.76,302,1.38,0.1,False
44263,firm_6,47,342.12,96.58,27,0,314,2248367.87,106164.36,107425.68,1261.32,314,1.38,0.1,False
44263,firm_6,48,376.33,101.41,28,0,325,2366037.14,121008.75,122307.25,1298.5,325,1.38,0.1,False
44263,firm_6,49,376.33,111.55,29,0,337,2487686.34,125484.15,126823.21,1339.06,337,1.38,0.2,False
44263,firm_6,50,413.96,122.71,28,0,325,2617272.71,133222.25,134537.0,1314.75,325,1.43,0.1,False
44263,firm_6,51,455.36,128.85,27,0,314,2755399.78,141706.02,142983.04,1277.02,314,1.43,0.2,False
44263,firm_6,52,455.36,141.74,26,0,304,2888586.06,137171.52,138429.44,1257.92,304,1.48,0.3,False
44263,firm_6,53,455.36,155.91,27,0,315,3026018.69,142142.2,143438.4,1296.2,315,1.48,0.3,False
44263,firm_6,54,455.36,155.91,27,0,315,3163635.57,142126.45,143438.4,1311.95,315,1.53,0.4,False
44263,firm_6,55,500.9,155.91,28,0,327,3320893.73,162423.64,163794.3,1370.66,327,1.58,0.5,False
44263,firm_6,56,550.99,163.71,29,262,338,3354701.34,39155.2,41875.24,2720.04,76,1.58,0.6,False
44263,firm_6,57,495.89,180.08,30,215,350,3543039.27,194340.33,196868.33,2528.0,397,1.58,0.7,False
44263,firm_6,58,545.48,189.08,30,563,350,3534189.83,-3177.04,1090.96,4268.0,2,1.58,0.7,False
44263,firm_6,59,490.93,170.17,30,474,350,3740562.5,211677.77,215518.27,3840.5,439,1.63,0.7,False
44263,firm_6,60,441.84,187.19,30,149,350,4030973.3,296026.5,298242.0,2215.5,675,1.63,0.6,False
44263,firm_6,61,419.75,205.91,30,0,350,4232780.75,207984.75,209455.25,1470.5,499,1.63,0.6,False
44263,firm_6,62,419.75,205.91,30,0,350,4372045.45,145442.0,146912.5,1470.5,350,1.63,0.5,False
44263,firm_6,63,461.72,205.91,31,179,362,4447247.94,82085.7,84494.76,2409.06,183,1.63,0.5,False
44263,firm_6,64,484.81,216.21,32,438,373,4491353.57,51524.35,55268.34,3743.99,114,1.63,0.4,False
44263,firm_6,65,533.29,194.59,31,799,362,4480345.51,-4975.77,533.29,5509.06,1,1.63,0.4,False
44263,firm_6,66,506.63,184.86,32,849,373,4631672.49,157842.5,163641.49,5798.99,323,1.63,0.5,False
44263,firm_6,67,455.97,175.62,32,588,373,4910424.99,284572.34,289084.98,4512.64,634,1.68,0.4,False
44263,firm_6,68,410.37,175.62,32,282,373,5180245.09,275639.94,278641.23,3001.29,679,1.73,0.3,False
44263,firm_6,69,410.37,166.84,33,195,385,5365322.96,191083.59,193694.64,2611.05,472,1.73,0.2,False
44263,firm_6,70,451.41,158.5,34,587,397,5357075.2,-2358.76,2257.05,4615.81,5,1.73,0.2,False
44263,firm_6,71,406.27,174.35,33,265,385,5635274.24,284252.59,287232.89,2980.3,707,1.78,0.3,False
44263,firm_6,72,446.9,183.07,34,654,397,5627054.4,-1395.46,3575.2,4970.66,8,1.78,0.4,False
44263,firm_6,73,491.59,164.76,34,1047,397,5616163.41,-4989.15,1966.36,6955.51,4,1.83,0.5,False
44263,firm_6,74,491.59,156.52,35,1352,408,5652296.34,42111.13,50633.77,8522.64,103,1.83,0.5,False
44263,firm_6,75,442.43,148.69,36,1155,420,5911739.21,265395.71,272979.31,7583.6,617,1.83,0.6,False
44263,firm_6,76,420.31,148.69,36,1066,420,6112864.56,206778.19,213937.79,7159.6,509,1.88,0.7,False
44263,firm_6,77,399.29,141.26,36,1115,420,6248511.19,140731.99,148136.59,7404.6,371,1.88,0.6,False
44263,firm_6,78,359.36,155.39,35,271,408,6689753.22,446780.68,449918.72,3138.04,1252,1.88,0.7,False
44263,firm_6,79,341.39,170.93,35,0,408,6913691.44,230020.77,231803.81,1783.04,679,1.88,0.8,False
44263,firm_6,80,341.39,170.93,36,0,420,7048592.16,141554.2,143383.8,1829.6,420,1.88,0.7,False
44263,firm_6,81,375.53,179.48,37,0,432,7201582.6,160331.2,162228.96,1897.76,432,1.93,0.7,False
44263,firm_6,82,375.53,197.43,38,0,443,7357899.06,164418.8,166359.79,1940.99,443,1.93,0.8,False
44263,firm_6,83,375.53,177.69,39,0,455,7519024.4,168855.25,170866.15,2010.9,455,1.98,0.9,False
44263,firm_6,84,356.75,186.57,39,0,455,7671835.77,160287.6,162321.25,2033.65,455,2.03,0.8,False
44263,firm_6,85,392.42,205.23,39,125,455,7790349.0,126817.2,129498.6,2681.4,330,2.08,0.9,False
44263,firm_6,86,372.8,225.75,39,0,455,7995489.6,214144.85,216224.0,2079.15,580,2.13,0.8,False
44263,firm_6,87,354.16,248.32,40,0,466,8147870.78,162913.98,165038.56,2124.58,466,2.13,0.9,False
44263,firm_6,88,336.45,273.15,41,0,478,8294820.59,158648.96,160823.1,2174.14,478,2.13,0.8,False
44263,firm_6,89,370.1,286.81,42,0,490,8461399.87,179125.3,181349.0,2223.7,490,2.13,0.8,False
44263,firm_6,90,407.11,286.81,43,0,501,8650034.97,201667.93,203962.11,2294.18,501,2.18,0.8,False
44263,firm_6,91,386.75,315.49,42,0,490,8824043.69,187259.3,189507.5,2248.2,490,2.18,0.8,False
44263,firm_6,92,425.42,347.04,42,0,490,9015675.61,206207.6,208455.8,2248.2,490,2.18,0.8,False
44263,firm_6,93,425.42,381.74,42,0,490,9205750.13,206207.6,208455.8,2248.2,490,2.18,0.9,False
44263,firm_6,94,446.69,400.83,43,0,501,9409511.95,221497.51,223791.69,2294.18,501,2.18,0.8,False
44263,firm_6,95,446.69,380.79,44,0,513,9618839.17,226781.98,229151.97,2369.99,513,2.23,0.8,False
44263,firm_6,96,402.02,399.83,44,0,513,9805112.92,203866.27,206236.26,2369.99,513,2.23,0.8,False
44263,firm_6,97,442.22,439.81,45,0,525,10014566.22,229744.75,232165.5,2420.75,525,2.23,0.8,False
44263,firm_6,98,486.44,417.82,46,0,536,10253111.06,258264.56,260731.84,2467.28,536,2.23,0.8,False
44263,firm_6,99,535.08,376.04,45,180,525,10417244.86,181255.6,184602.6,3347.0,345,2.28,0.8,False
44263,firm_6,100,508.33,338.44,45,150,525,10680941.21,278926.15,282123.15,3197.0,555,2.28,0.7,False
44263,firm_6,101,559.16,372.28,45,587,525,10708012.69,43824.08,49206.08,5382.0,88,2.28,0.6,False
44263,firm_6,102,503.24,372.28,46,363,536,11068314.33,378126.52,382462.4,4335.88,760,2.33,0.5,False
44263,firm_6,103,553.56,335.05,45,810,525,11089891.51,36654.43,43177.68,6523.25,78,2.33,0.4,False
44263,firm_6,104,553.56,335.05,46,1079,536,11213637.05,139857.84,147800.52,7942.68,267,2.38,0.4,False
44263,firm_6,105,608.92,335.05,45,1548,525,11222093.57,23833.77,34099.52,10265.75,56,2.43,0.5,False
44263,firm_6,106,578.47,368.56,46,1675,536,11430184.56,225644.75,236594.23,10949.48,409,2.43,0.6,False
44263,firm_6,107,520.62,405.42,46,1593,536,11722512.12,311176.88,321743.16,10566.28,618,2.48,0.5,False
44263,firm_6,108,546.65,385.15,45,1786,525,11874859.92,169979.55,181487.8,11508.25,332,2.53,0.6,False
44263,firm_6,109,519.32,365.89,44,1805,513,12103530.3,244969.54,256544.08,11574.54,494,2.58,0.6,False
44263,firm_6,110,493.35,402.48,44,1540,513,12459172.29,373551.11,383826.3,10275.19,778,2.63,0.6,False
44263,firm_6,111,444.02,422.6,44,821,513,12980604.69,540326.8,547032.64,6705.84,1232,2.68,0.7,False
44263,firm_6,112,421.82,464.86,44,0,513,13520032.24,560081.39,562707.88,2626.49,1334,2.73,0.6,False
44263,firm_6,113,421.82,418.37,43,0,501,13710804.42,208762.09,211331.82,2569.73,501,2.73,0.5,False
44263,firm_6,114,464.0,397.45,43,0,501,13923608.34,229894.27,232464.0,2569.73,501,2.73,0.4,False
44263,firm_6,115,417.6,437.2,43,0,501,14111231.56,206622.82,209217.6,2594.78,501,2.78,0.4,False
44263,firm_6,116,459.36,459.06,43,0,501,14318811.51,227519.53,230139.36,2619.83,501,2.83,0.3,False
44263,firm_6,117,436.39,436.11,44,0,513,14520312.95,221190.28,223868.07,2677.79,513,2.83,0.2,False
44263,firm_6,118,436.39,436.11,45,0,525,14726330.75,226342.75,229104.75,2762.0,525,2.88,0.1,False
44263,firm_6,119,414.57,479.72,46,0,536,14923157.47,219393.84,222209.52,2815.68,536,2.88,0.1,False
44263,firm_6,120,414.57,455.73,47,0,548,15125548.28,224310.12,227184.36,2874.24,548,2.88,0.1,False
44263,firm_6,121,414.57,478.52,47,0,548,15327267.96,224310.12,227184.36,2874.24,548,2.88,0.2,False
44263,firm_6,122,414.57,430.67,48,0,560,15535094.2,229198.4,232159.2,2960.8,560,2.93,0.2,False
44263,firm_6,123,393.84,473.74,49,0,571,15733248.55,221867.61,224882.64,3015.03,571,2.93,0.1,False
44263,firm_6,124,393.84,500.0,49,0,571,15930387.61,221839.06,224882.64,3043.58,571,2.98,0.1,False
44263,firm_6,125,393.84,475.0,49,0,571,16128851.67,221839.06,224882.64,3043.58,571,2.98,0.2,False
44263,firm_6,126,393.84,498.75,50,0,583,16329919.55,226505.38,229608.72,3103.34,583,2.98,0.2,False
44263,firm_6,127,374.15,473.81,50,0,583,16520926.01,214996.96,218129.45,3132.49,583,3.03,0.3,False
44263,firm_6,128,411.56,450.12,49,0,571,16730798.76,231928.63,235000.76,3072.13,571,3.03,0.3,False
44263,firm_6,129,452.72,472.63,49,0,571,16962742.33,255402.44,258503.12,3100.68,571,3.08,0.4,False
44263,firm_6,130,452.72,496.26,48,0,560,17189400.25,250478.4,253523.2,3044.8,560,3.08,0.4,False
44263,firm_6,131,430.08,446.63,48,0,560,17405434.01,237772.0,240844.8,3072.8,560,3.13,0.5,False
44263,firm_6,132,473.09,491.29,48,0,560,17643481.69,261829.6,264930.4,3100.8,560,3.18,0.4,False
44263,firm_6,133,449.44,500.0,48,0,560,17867839.29,248557.6,251686.4,3128.8,560,3.23,0.4,False
44263,firm_6,134,449.44,450.0,47,0,548,18089688.97,243199.68,246293.12,3093.44,548,3.28,0.3,False
44263,firm_6,135,494.38,472.5,46,0,536,18329911.57,261957.6,264987.68,3030.08,536,3.28,0.2,False
44263,firm_6,136,543.82,472.5,46,0,536,18596307.21,288430.64,291487.52,3056.88,536,3.33,0.3,False
44263,firm_6,137,543.82,472.5,47,0,548,18868264.83,294865.12,298013.36,3148.24,548,3.38,0.3,False
44263,firm_6,138,543.82,425.25,47,0,548,19143143.2,294865.12,298013.36,3148.24,548,3.38,0.2,False
44263,firm_6,139,543.82,467.78,48,0,560,19421288.16,301298.4,304539.2,3240.8,560,3.43,0.2,False
44263,firm_6,140,543.82,500.0,49,0,571,19703508.85,307220.69,310521.22,3300.53,571,3.43,0.2,False
44263,firm_6,141,543.82,500.0,50,0,583,19991690.22,313681.37,317047.06,3365.69,583,3.43,0.2,False
44263,firm_6,142,516.63,475.0,50,0,583,20265669.82,297829.6,301195.29,3365.69,583,3.43,0.3,False
44263,firm_6,143,464.97,498.75,51,0,595,20512730.12,273196.55,276657.15,3460.6,595,3.48,0.3,False
44263,firm_6,144,441.72,500.0,50,0,583,20741628.89,254098.77,257522.76,3423.99,583,3.53,0.3,False
44263,firm_6,145,463.81,500.0,51,0,595,20988105.49,272476.6,275966.95,3490.35,595,3.53,0.2,False
44263,firm_6,146,417.43,500.0,52,0,606,21210686.59,249381.1,252962.58,3581.48,606,3.58,0.3,False
44263,firm_6,147,459.17,450.0,51,0,595,21457422.64,269686.05,273206.15,3520.1,595,3.58,0.3,False
44263,firm_6,148,436.21,472.5,52,0,606,21693114.42,260761.78,264343.26,3581.48,606,3.58,0.3,False
44263,firm_6,149,414.4,500.0,51,0,595,21910562.32,243047.9,246568.0,3520.1,595,3.58,0.4,False
44263,firm_6,150,435.12,500.0,51,0,595,22140338.62,255376.3,258896.4,3520.1,595,3.58,0.5,False
44263,firm_6,151,478.63,500.0,52,0,606,22400306.92,286468.3,290049.78,3581.48,606,3.58,0.5,False
44263,firm_6,152,454.7,500.0,51,0,595,22641733.32,267026.4,270546.5,3520.1,595,3.58,0.6,False
44263,firm_6,153,500.17,475.0,50,0,583,22906129.29,288145.97,291599.11,3453.14,583,3.58,0.5,False
44263,firm_6,154,550.19,427.5,50,0,583,23201832.77,317278.48,320760.77,3482.29,583,3.63,0.4,False
44263,firm_6,155,522.68,470.25,49,0,571,23473726.07,295035.55,298450.28,3414.73,571,3.63,0.5,False
44263,firm_6,156,574.95,423.22,48,160,560,23679010.71,225799.2,229980.0,4180.8,400,3.68,0.5,False
44263,firm_6,157,632.45,402.06,47,606,548,23718281.15,58167.26,64509.9,6342.64,102,3.68,0.4,False
44263,firm_6,158,569.21,381.96,47,701,548,23951363.52,251034.49,257852.13,6817.64,453,3.68,0.4,False
44263,firm_6,159,626.13,420.16,46,1175,536,23961736.74,29700.58,38820.06,9119.48,62,3.68,0.4,False
44263,firm_6,160,563.52,462.18,47,1126,548,24266665.68,327451.4,336421.44,8970.04,597,3.73,0.5,False
44263,firm_6,161,591.7,439.07,46,1506,536,24327872.38,81503.92,92305.2,10801.28,156,3.73,0.6,False
44263,firm_6,162,650.87,461.02,46,1953,536,24351456.61,44891.15,57927.43,13036.28,89,3.73,0.7,False
44263,firm_6,163,650.87,414.92,47,2311,548,24440125.63,108770.26,123665.3,14895.04,190,3.73,0.8,False
44263,firm_6,164,585.78,394.17,48,2481,560,24633345.87,212640.4,228454.2,15813.8,390,3.73,0.8,False
44263,firm_6,165,527.2,433.59,48,2108,560,25090134.35,477900.8,491877.6,13976.8,933,3.78,0.9,False
44263,firm_6,166,474.48,476.95,48,1297,560,25707603.03,640562.28,650512.08,9949.8,1371,3.83,0.9,False
44263,firm_6,167,427.03,476.95,48,0,560,26474139.34,789529.91,792994.71,3464.8,1857,3.83,1.0,False
44263,firm_6,168,448.38,429.26,48,0,560,26701162.86,247628.0,251092.8,3464.8,560,3.83,1.0,False
44263,firm_6,169,448.38,429.26,49,0,571,26932025.17,252496.05,256024.98,3528.93,571,3.83,1.1,False
44263,firm_6,170,470.8,407.8,49,0,569,27176182.45,264339.48,267885.2,3545.72,569,3.88,1.1,False
44263,firm_6,171,423.72,428.19,48,0,557,27387938.36,232509.03,236012.04,3503.01,557,3.93,1.1,False
44263,firm_6,172,444.91,385.37,49,0,569,27618134.85,249579.62,253153.79,3574.17,569,3.93,1.1,False
44263,firm_6,173,489.4,346.83,50,0,580,27880276.95,280183.6,283852.0,3668.4,580,3.98,1.1,False
44263,firm_6,174,489.4,329.49,51,8,592,28144902.4,282029.44,285809.6,3780.16,584,3.98,1.2,False
44263,firm_6,175,464.93,296.54,52,0,603,28409248.61,280266.29,284072.23,3805.94,611,3.98,1.2,False
44263,firm_6,176,511.42,281.71,52,352,601,28516289.29,121789.6,127343.58,5553.98,249,3.98,1.3,False
44263,firm_6,177,485.85,295.8,51,422,592,28748737.43,247733.94,253613.7,5879.76,522,4.03,1.3,False
44263,firm_6,178,461.56,295.8,50,300,580,29052665.15,318817.72,324015.12,5197.4,702,4.03,1.4,False
44263,firm_6,179,507.72,266.22,49,714,567,29109884.17,70463.8,77681.16,7217.36,153,4.08,1.4,False
44263,firm_6,180,507.72,292.84,48,1009,557,29219891.08,124363.23,133022.64,8659.41,262,4.13,1.5,False
44263,firm_6,181,482.33,263.56,48,1243,557,29353103.38,145963.18,155792.59,9829.41,323,4.13,1.6,False
44263,firm_6,182,434.1,250.38,47,1264,547,29559799.01,218463.49,228336.6,9873.11,526,4.13,1.6,False
44263,firm_6,183,390.69,262.9,47,181,548,30180193.86,632751.15,637215.39,4464.24,1631,4.13,1.5,False
44263,firm_6,184,371.16,262.9,48,0,558,30437513.46,270638.8,274287.24,3648.44,739,4.18,1.4,False
44263,firm_6,185,408.28,276.04,49,375,571,30497578.05,74390.55,80022.88,5632.33,196,4.23,1.5,False
44263,firm_6,186,408.28,276.04,50,799,583,30540365.48,57089.43,64916.52,7827.09,159,4.23,1.5,False
44263,firm_6,187,387.87,303.64,49,783,571,30745265.93,219978.81,227679.69,7700.88,587,4.28,1.5,False
44263,firm_6,188,387.87,303.64,49,968,571,30871479.51,141091.94,149717.82,8625.88,386,4.28,1.5,False
44263,firm_6,189,387.87,334.0,48,1096,560,31013582.55,158335.04,167559.84,9224.8,432,4.33,1.5,False
44263,firm_6,190,349.08,350.7,48,776,560,31295986.55,299537.6,307190.4,7652.8,880,4.38,1.6,False
44263,firm_6,191,314.17,385.77,47,0,548,31689792.8,412237.44,415961.08,3723.64,1324,4.43,1.7,False
44263,firm_6,192,314.17,366.48,48,0,560,31843836.16,172134.4,175935.2,3800.8,560,4.43,1.7,False
44263,firm_6,193,282.75,348.16,49,0,571,31983855.04,157578.72,161450.25,3871.53,571,4.43,1.7,False
44263,firm_6,194,282.75,382.98,49,0,571,32122667.74,157578.72,161450.25,3871.53,571,4.43,1.7,False
44263,firm_6,195,254.48,363.83,48,0,560,32243683.9,138680.0,142508.8,3828.8,560,4.48,1.6,False
44263,firm_6,196,229.03,363.83,47,0,548,32348341.29,121757.4,125508.44,3751.04,548,4.48,1.6,False
44263,firm_6,197,251.93,400.21,47,0,548,32463738.02,134306.6,138057.64,3751.04,548,4.48,1.7,False
44263,firm_6,198,277.12,440.23,48,0,560,32593465.38,151358.4,155187.2,3828.8,560,4.48,1.6,False
44263,firm_6,199,263.26,484.25,48,0,560,32713590.18,143568.8,147425.6,3856.8,560,4.53,1.6,False
44263,firm_6,200,263.26,435.82,48,0,560,32836239.62,143568.8,147425.6,3856.8,560,4.53,1.5,False
44263,firm_6,201,289.59,457.61,47,0,548,32969648.83,154916.88,158695.32,3778.44,548,4.53,1.5,False
44263,firm_6,202,275.11,457.61,47,0,548,33094895.6,146954.44,150760.28,3805.84,548,4.58,1.5,False
44263,firm_6,203,302.62,480.49,46,0,536,33230943.7,158450.64,162204.32,3753.68,536,4.63,1.6,False
44263,firm_6,204,302.62,500.0,47,0,548,33368946.22,162002.52,165835.76,3833.24,548,4.63,1.6,False
44263,firm_6,205,287.49,500.0,47,0,548,33498930.1,153683.88,157544.52,3860.64,548,4.68,1.5,False
44263,firm_6,206,287.49,500.0,46,0,536,33626144.26,150314.16,154094.64,3780.48,536,4.68,1.6,False
44263,firm_6,207,287.49,500.0,47,0,548,33755828.14,153683.88,157544.52,3860.64,548,4.68,1.5,False
44263,firm_6,208,301.86,500.0,48,0,560,33896428.94,165100.8,169041.6,3940.8,560,4.68,1.4,False
44263,firm_6,209,301.86,475.0,49,0,571,34041001.72,168347.78,172362.06,4014.28,571,4.68,1.3,False
44263,firm_6,210,286.77,498.75,50,0,583,34178427.54,163063.32,167186.91,4123.59,583,4.73,1.2,False
44263,firm_6,211,286.77,498.75,50,0,583,34316553.36,163063.32,167186.91,4123.59,583,4.73,1.2,False
44263,firm_6,212,315.45,498.75,50,0,583,34471399.62,179783.76,183907.35,4123.59,583,4.73,1.1,False
44263,firm_6,213,331.22,500.0,50,0,583,34635377.29,188977.67,193101.26,4123.59,583,4.73,1.0,False
44263,firm_6,214,331.22,500.0,51,0,595,34802019.09,192841.8,197075.9,4234.1,595,4.78,1.0,False
44263,firm_6,215,347.78,500.0,52,0,606,34981965.09,206446.0,210754.68,4308.68,606,4.78,0.9,False
44263,firm_6,216,365.17,500.0,51,0,595,35169407.14,213042.05,217276.15,4234.1,595,4.78,1.0,False
44263,firm_6,217,328.65,500.0,51,0,595,35335219.79,191312.65,195546.75,4234.1,595,4.78,1.0,False
44263,firm_6,218,345.08,475.0,51,0,595,35511983.29,201088.5,205322.6,4234.1,595,4.78,1.1,False
44263,firm_6,219,379.59,475.0,50,0,583,35705381.52,217148.23,221300.97,4152.74,583,4.78,1.1,False
44263,firm_6,220,417.55,451.25,50,0,583,35921868.78,239249.76,243431.65,4181.89,583,4.83,1.1,False
44263,firm_6,221,417.55,473.81,51,0,595,36141053.12,244148.65,248442.25,4293.6,595,4.88,1.2,False
44263,firm_6,222,438.43,473.81,52,146,606,36312393.52,196578.52,201677.8,5099.28,460,4.88,1.3,False
44263,firm_6,223,394.59,500.0,53,0,618,36582308.44,297014.92,301466.76,4451.84,764,4.88,1.4,False
44263,firm_6,224,394.59,500.0,53,0,618,36795213.22,239404.78,243856.62,4451.84,618,4.88,1.3,False
44263,firm_6,225,434.05,475.0,54,111,629,36988487.15,219723.93,224837.9,5113.97,518,4.93,1.4,False
44263,firm_6,226,412.35,427.5,53,0,618,37261950.06,296120.41,300603.15,4482.74,729,4.93,1.4,False
44263,firm_6,227,432.97,384.75,54,405,629,37330743.42,90369.86,96985.28,6615.42,224,4.98,1.5,False
44263,firm_6,228,411.32,384.75,54,528,629,37510864.42,200897.5,208127.92,7230.42,506,4.98,1.4,False
44263,firm_6,229,390.75,403.99,53,478,618,37743470.31,254117.36,261021.0,6903.64,668,4.98,1.5,False
44263,firm_6,230,371.21,444.39,54,134,629,38074900.16,355926.91,361187.33,5260.42,973,4.98,1.5,False
44263,firm_6,231,408.33,399.95,53,720,618,38058655.73,4952.92,13066.56,8113.64,32,4.98,1.5,False
44263,firm_6,232,449.16,439.95,52,1326,606,38024388.15,-11090.18,0.0,11090.18,0,5.03,1.6,False
44263,firm_6,233,494.08,483.95,52,1932,606,37984772.27,-14150.48,0.0,14150.48,0,5.08,1.7,False
44263,firm_6,234,469.38,459.75,52,2538,606,37943454.49,-17210.78,0.0,17210.78,0,5.13,1.7,False
44263,firm_6,235,445.91,459.75,52,3138,606,37901781.87,-17565.62,2675.46,20241.08,6,5.18,1.6,False
44263,firm_6,236,401.32,436.76,52,3202,606,38075924.71,196954.36,217515.44,20561.08,542,5.18,1.7,False
44263,firm_6,237,381.25,480.44,52,3012,606,38334575.45,283833.62,303475.0,19641.38,796,5.23,1.6,False
44263,firm_6,238,343.12,432.4,53,2584,618,38652242.73,341284.48,358903.52,17619.04,1046,5.28,1.6,False
44263,firm_6,239,360.28,389.16,52,2686,606,38795315.55,163509.14,181581.12,18071.98,504,5.33,1.6,False
44263,firm_6,240,360.28,428.08,53,2854,618,38915253.37,143126.06,162126.0,18999.94,450,5.33,1.6,False
44263,firm_6,241,324.25,428.08,54,2207,629,39289534.48,397897.43,413743.0,15845.57,1276,5.33,1.6,False
44263,firm_6,242,308.04,428.08,54,1194,629,39761207.82,494989.66,505801.68,10812.02,1642,5.38,1.6,False
44263,firm_6,243,292.64,406.68,53,0,618,40264925.72,525471.94,530263.68,4791.74,1812,5.43,1.5,False
44263,firm_6,244,307.27,406.68,54,0,629,40430632.91,188367.91,193272.83,4904.92,629,5.48,1.5,False
44263,firm_6,245,291.91,447.35,54,0,629,40584951.03,178675.02,183611.39,4936.37,629,5.53,1.5,False
44263,firm_6,246,277.31,402.62,54,0,629,40732601.17,169491.62,174427.99,4936.37,629,5.53,1.6,False
44263,firm_6,247,291.18,362.36,53,0,618,40888491.79,175095.7,179949.24,4853.54,618,5.53,1.5,False
44263,firm_6,248,305.74,362.36,53,0,618,41053049.59,184062.88,188947.32,4884.44,618,5.58,1.6,False
44263,firm_6,249,305.74,344.24,52,0,606,41215403.77,180454.66,185278.44,4823.78,606,5.63,1.5,False
44263,firm_6,250,321.03,378.66,52,0,606,41385333.85,189720.4,194544.18,4823.78,606,5.63,1.6,False
44263,firm_6,251,337.08,397.59,53,12,618,41562825.82,199264.24,204270.48,5006.24,606,5.68,1.6,False
44263,firm_6,252,370.79,377.71,53,469,618,41595213.14,52405.95,59697.19,7291.24,161,5.68,1.5,False
44263,firm_6,253,333.71,339.94,54,927,629,41623755.07,47398.69,57064.41,9665.72,171,5.68,1.4,False
44263,firm_6,254,333.71,356.94,53,1314,618,41670408.02,65570.77,77087.01,11516.24,231,5.68,1.3,False
44263,firm_6,255,300.34,321.25,52,1228,606,41850313.92,196810.9,207835.28,11024.38,692,5.73,1.3,False
44263,firm_6,256,300.34,321.25,51,952,595,42085737.21,252007.04,261596.14,9589.1,871,5.78,1.3,False
44263,firm_6,257,270.31,321.25,52,0,606,42484660.51,416228.3,421142.98,4914.68,1558,5.78,1.4,False
44263,firm_6,258,297.34,337.31,53,481,618,42499605.62,33322.54,40735.58,7413.04,137,5.78,1.3,False
44263,firm_6,259,282.47,354.18,53,0,618,42786029.67,305395.59,310434.53,5038.94,1099,5.83,1.2,False
44263,firm_6,260,310.72,318.76,53,0,618,42956121.41,186986.02,192024.96,5038.94,618,5.83,1.1,False
44263,firm_6,261,295.18,318.76,53,0,618,43116509.43,177382.3,182421.24,5038.94,618,5.83,1.2,False
44263,firm_6,262,324.7,350.64,52,0,606,43289769.07,191792.92,196768.2,4975.28,606,5.88,1.3,False
44263,firm_6,263,357.17,350.64,51,328,595,43360722.22,88835.79,95364.39,6528.6,267,5.88,1.3,False
44263,firm_6,264,321.45,350.64,52,304,606,43537907.16,196018.22,202513.5,6495.28,630,5.88,1.4,False
44263,firm_6,265,289.3,368.17,52,61,606,43759097.74,240335.42,245615.7,5280.28,849,5.88,1.4,False
44263,firm_6,266,318.23,331.35,52,667,606,43733557.26,-8310.28,0.0,8310.28,0,5.88,1.4,False
44263,firm_6,267,302.32,364.49,53,1285,618,43702013.55,-11525.74,0.0,11525.74,0,5.93,1.4,False
44263,firm_6,268,272.09,382.71,52,1639,606,43737478.73,55366.1,68566.68,13200.58,252,5.93,1.4,False
44263,firm_6,269,258.49,382.71,53,1933,618,43785680.12,68985.02,83750.76,14765.74,324,5.93,1.4,False
44263,firm_6,270,245.57,420.98,53,847,618,44172252.82,409084.64,418451.28,9366.64,1704,5.98,1.4,False
44263,firm_6,271,245.57,420.98,54,0,629,44506161.8,357241.9,362461.32,5219.42,1476,5.98,1.5,False
44263,firm_6,272,245.57,399.93,55,0,641,44635548.02,152082.37,157410.37,5328.0,641,6.0,1.4,False
44263,firm_6,273,233.29,419.93,56,0,653,44758246.31,146914.37,152338.37,5424.0,653,6.0,1.3,False
44263,firm_6,274,244.95,419.93,55,0,641,44886635.11,151684.95,157012.95,5328.0,641,6.0,1.3,False
44263,firm_6,275,257.2,419.93,55,0,641,45022876.16,159537.2,164865.2,5328.0,641,6.0,1.3,False
44263,firm_6,276,282.92,377.94,56,177,653,45129372.44,128360.92,134669.92,6309.0,476,6.0,1.3,False
44263,firm_6,277,282.92,415.73,56,214,653,45273676.28,167784.72,174278.72,6494.0,616,6.0,1.2,False
44263,firm_6,278,282.92,436.52,57,134,664,45452605.12,204310.48,210492.48,6182.0,744,6.0,1.2,False
44263,firm_6,279,311.21,458.35,56,426,653,45531730.33,104792.81,112346.81,7554.0,361,6.0,1.2,False
44263,firm_6,280,342.33,435.43,56,1020,653,45517019.72,9673.47,20197.47,10524.0,59,6.0,1.2,False
44263,firm_6,281,342.33,457.2,55,1341,641,45589386.32,97512.6,109545.6,12033.0,320,6.0,1.2,False
44263,firm_6,282,325.21,434.34,54,1455,629,45720908.11,154976.15,167483.15,12507.0,515,6.0,1.1,False
44263,firm_6,283,292.69,412.62,54,695,629,46096366.04,397839.41,406546.41,8707.0,1389,6.0,1.2,False
44263,firm_6,284,263.42,412.62,54,0,629,46417420.64,343536.08,348768.08,5232.0,1324,6.0,1.2,False
44263,firm_6,285,263.42,412.62,55,0,641,46557650.76,163524.22,168852.22,5328.0,641,6.0,1.3,False
44263,firm_6,286,250.25,453.88,56,0,653,46689522.73,157989.25,163413.25,5424.0,653,6.0,1.3,False
44263,firm_6,287,275.28,476.57,56,0,653,46836968.65,174333.84,179757.84,5424.0,653,6.0,1.2,False
44263,firm_6,288,275.28,500.0,57,165,664,46938996.37,131027.72,137364.72,6337.0,499,6.0,1.2,False
44263,firm_6,289,261.52,450.0,57,0,664,47124534.45,211288.08,216800.08,5512.0,829,6.0,1.3,False
44263,firm_6,290,248.44,405.0,57,0,664,47260601.61,159452.16,164964.16,5512.0,664,6.0,1.4,False
44263,firm_6,291,260.86,445.5,57,0,664,47402807.15,167699.04,173211.04,5512.0,664,6.0,1.5,False
44263,firm_6,292,286.95,467.78,57,0,664,47560966.49,185022.8,190534.8,5512.0,664,6.0,1.5,False
44263,firm_6,293,286.95,491.17,58,0,676,47720348.83,188370.2,193978.2,5608.0,676,6.0,1.5,False
44263,firm_6,294,301.3,500.0,57,0,664,47886400.03,194551.2,200063.2,5512.0,664,6.0,1.5,False
44263,firm_6,295,331.43,450.0,58,0,676,48078038.71,218438.68,224046.68,5608.0,676,6.0,1.5,False
44263,firm_6,296,348.0,495.0,58,0,676,48278668.71,229640.0,235248.0,5608.0,676,6.0,1.6,False
44263,firm_6,297,382.8,500.0,58,0,676,48502533.51,253164.8,258772.8,5608.0,676,6.0,1.7,False
44263,firm_6,298,382.8,500.0,58,0,676,48726698.31,253164.8,258772.8,5608.0,676,6.0,1.7,False
44263,firm_6,299,421.08,500.0,58,122,676,48924758.63,227060.32,233278.32,6218.0,554,6.0,1.6,False
44263,firm_6,300,400.03,500.0,58,131,676,49156115.64,260557.01,266820.01,6263.0,667,6.0,1.6,False
44263,firm_6,301,440.03,500.0,59,368,688,49316825.17,190909.53,198453.53,7544.0,451,6.0,1.5,False
44263,firm_6,302,418.03,475.0,59,703,688,49427145.76,138345.59,147564.59,9219.0,353,6.0,1.5,False
44263,firm_6,303,397.13,475.0,58,752,676,49639028.27,239632.51,249000.51,9368.0,627,6.0,1.5,False
44263,firm_6,304,436.84,451.25,57,1338,664,49635178.54,21871.52,34073.52,12202.0,78,6.0,1.5,False
44263,firm_6,305,415.0,473.81,57,1683,664,49726429.37,118458.0,132385.0,13927.0,319,6.0,1.5,False
44263,firm_6,306,373.5,500.0,57,1203,664,50113486.37,415757.0,427284.0,11527.0,1144,6.0,1.5,False
44263,firm_6,307,410.85,450.0,56,1769,653,50109561.32,21474.95,35743.95,14269.0,87,6.0,1.4,False
44263,firm_6,308,451.94,495.0,57,2167,664,50184515.36,103869.04,120216.04,16347.0,266,6.0,1.4,False
44263,firm_6,309,406.75,495.0,58,2484,676,50283200.61,127995.25,146023.25,18028.0,359,6.0,1.5,False
44263,firm_6,310,366.08,470.25,58,2199,676,50591125.99,335199.88,351802.88,16603.0,961,6.0,1.5,False
44263,firm_6,311,329.47,500.0,58,803,676,51235164.83,673038.84,682661.84,9623.0,2072,6.0,1.5,False
44263,firm_6,312,313.0,475.0,59,0,688,51667418.83,460979.0,466683.0,5704.0,1491,6.0,1.5,False
44263,firm_6,313,344.3,451.25,60,0,699,51874517.53,234873.7,240665.7,5792.0,699,6.0,1.4,False
44263,firm_6,314,344.3,473.81,59,339,688,51959124.44,112761.7,120160.7,7399.0,349,6.0,1.4,False
44263,firm_6,315,327.08,500.0,60,204,699,52194397.16,265972.72,272784.72,6812.0,834,6.0,1.3,False
44263,firm_6,316,359.79,500.0,60,896,699,52156343.69,-7753.47,2518.53,10272.0,7,6.0,1.4,False
44263,firm_6,317,323.81,500.0,60,365,699,52517012.99,390669.3,398286.3,7617.0,1230,6.0,1.3,False
44263,firm_6,318,291.43,475.0,61,0,711,52795228.67,307690.68,313578.68,5888.0,1076,6.0,1.3,False
44263,firm_6,319,320.57,500.0,61,0,711,52986665.94,222037.27,227925.27,5888.0,711,6.0,1.4,False
44263,firm_6,320,352.63,500.0,62,0,723,53204133.43,248967.49,254951.49,5984.0,723,6.0,1.4,False
44263,firm_6,321,352.63,500.0,62,0,723,53422100.92,248967.49,254951.49,5984.0,723,6.0,1.3,False
44263,firm_6,322,317.37,450.0,63,0,728,53618072.28,225021.36,231045.36,6024.0,728,6.0,1.2,False
44263,firm_6,323,349.11,495.0,64,62,746,53818005.52,232313.24,238791.24,6478.0,684,6.0,1.2,False
44263,firm_6,324,366.57,500.0,64,317,746,53958038.39,172232.87,179985.87,7753.0,491,6.0,1.2,False
44263,firm_6,325,348.24,500.0,63,438,734,54131547.51,205209.12,213471.12,8262.0,613,6.0,1.2,False
44263,firm_6,326,383.06,500.0,62,789,723,54232916.83,132569.32,142498.32,9929.0,372,6.0,1.2,False
44263,firm_6,327,402.21,500.0,62,1512,723,54188372.83,-13544.0,0.0,13544.0,0,6.0,1.1,False
44263,firm_6,328,361.99,500.0,61,1947,711,54242159.07,84286.24,99909.24,15623.0,276,6.0,1.0,False
44263,firm_6,329,343.89,500.0,62,1709,723,54526608.36,315949.29,330478.29,14529.0,961,6.0,0.9,False
44263,firm_6,330,343.89,475.0,63,1571,734,54781928.44,285945.08,299872.08,13927.0,872,6.0,0.8,False
44263,firm_6,331,326.7,500.0,64,1021,746,55161358.64,412130.2,423403.2,11273.0,1296,6.0,0.7,False
44263,firm_6,332,326.7,500.0,65,854,757,55419503.44,291344.8,301870.8,10526.0,924,6.0,0.6,False
44263,firm_6,333,310.36,500.0,64,410,746,55748413.84,361110.4,369328.4,8218.0,1190,6.0,0.6,False
44263,firm_6,334,279.32,500.0,63,0,734,56030183.92,313470.08,319542.08,6072.0,1144,6.0,0.5,False
44263,firm_6,335,265.35,500.0,64,0,746,56189467.02,191783.1,197951.1,6168.0,746,6.0,0.5,False
44263,firm_6,336,278.62,475.0,65,0,751,56361127.64,203035.62,209243.62,6208.0,751,6.0,0.5,False
44263,firm_6,337,292.55,427.5,66,0,762,56548939.74,216627.1,222923.1,6296.0,762,6.0,0.6,False
44263,firm_6,338,277.92,406.12,65,0,751,56725051.86,202509.92,208717.92,6208.0,751,6.0,0.6,False
44263,firm_6,339,277.92,446.73,66,0,762,56900546.72,205479.04,211775.04,6296.0,762,6.0,0.6,False
44263,firm_6,340,305.71,446.73,65,0,750,57094391.77,223082.5,229282.5,6200.0,750,6.0,0.5,False
44263,firm_6,341,275.14,491.4,65,0,757,57264475.75,202024.98,208280.98,6256.0,757,6.0,0.5,False
44263,firm_6,342,288.9,500.0,65,0,757,57444117.05,212441.3,218697.3,6256.0,757,6.0,0.6,False
44263,firm_6,343,317.79,500.0,66,0,769,57648445.56,238028.51,244380.51,6352.0,769,6.0,0.6,False
44263,firm_6,344,317.79,500.0,65,0,757,57850256.59,234311.03,240567.03,6256.0,757,6.0,0.6,False
44263,firm_6,345,349.57,475.0,66,138,762,58029452.27,211145.68,218131.68,6986.0,624,6.0,0.7,False
44263,firm_6,346,367.05,498.75,66,372,762,58181981.17,185646.4,193802.4,8156.0,528,6.0,0.7,False
44263,firm_6,347,367.05,473.81,65,927,750,58211723.27,60739.75,71574.75,10835.0,195,6.0,0.7,False
44263,firm_6,348,348.7,426.43,66,1342,762,58291071.79,107992.9,120998.9,13006.0,347,6.0,0.7,False
44263,firm_6,349,313.83,469.07,66,868,762,58637371.05,377257.88,387893.88,10636.0,1236,6.0,0.7,False
44263,firm_6,350,298.14,500.0,65,276,757,58999225.91,394554.86,402190.86,7636.0,1349,6.0,0.7,False
44263,firm_6,351,327.95,500.0,66,594,769,59104309.36,138583.45,147905.45,9322.0,451,6.0,0.6,False
44263,firm_6,352,327.95,500.0,67,801,781,59248099.66,177790.3,188243.3,10453.0,574,6.0,0.6,False
44263,firm_6,353,295.15,500.0,67,228,781,59606644.76,392045.1,399633.1,7588.0,1354,6.0,0.5,False
44263,firm_6,354,324.67,475.0,67,436,773,59749494.31,174874.55,183438.55,8564.0,565,6.0,0.5,False
44263,firm_6,355,292.2,451.25,68,0,785,60068405.51,350296.2,356776.2,6480.0,1221,6.0,0.5,False
44263,firm_6,356,292.2,473.81,68,0,784,60258599.23,222612.8,229084.8,6472.0,784,6.0,0.5,False
44263,firm_6,357,306.81,426.43,67,26,773,60452501.49,222673.07,229187.07,6514.0,747,6.0,0.5,False
44263,firm_6,358,291.47,469.07,68,0,784,60649523.43,229618.7,236090.7,6472.0,810,6.0,0.4,False
44263,firm_6,359,320.62,500.0,69,10,804,60862113.71,247890.28,254572.28,6682.0,794,6.0,0.5,False
44263,firm_6,360,352.68,500.0,69,119,804,61065299.31,237885.6,245112.6,7227.0,695,6.0,0.5,False
44263,firm_6,361,352.68,500.0,70,219,816,61274495.19,244695.88,252518.88,7823.0,716,6.0,0.5,False
44263,firm_6,362,317.41,500.0,70,52,816,61544221.22,305026.03,312014.03,6988.0,983,6.0,0.6,False
44263,firm_6,363,349.15,500.0,71,287,827,61706467.02,198445.8,206696.8,8251.0,592,6.0,0.5,False
44263,firm_6,364,384.06,450.0,71,971,827,61717766.6,43249.58,54920.58,11671.0,143,6.0,0.5,False
44263,firm_6,365,422.47,472.5,71,1619,819,61741414.47,57395.37,72242.37,14847.0,171,6.0,0.4,False
44263,firm_7,1,43.52,45.5,21,0,245,118389.12,9879.3,10662.4,783.1,245,0.38,0.26,False
44263,firm_7,2,47.87,50.05,22,0,257,128066.1,11478.08,12302.59,824.51,257,0.43,0.16,False
44263,firm_7,3,50.26,50.05,23,0,269,139081.22,12666.27,13519.94,853.67,269,0.43,0.1,False
44263,firm_7,4,55.29,45.04,23,0,268,152011.78,13966.48,14817.72,851.24,268,0.43,0.1,False
44263,firm_7,5,58.05,40.54,24,0,279,165856.8,15317.98,16195.95,877.97,279,0.43,0.1,False
44263,firm_7,6,52.24,42.57,25,0,291,178372.71,14280.16,15201.84,921.68,291,0.48,0.1,False
44263,firm_7,7,52.24,42.57,24,0,279,190934.07,13683.04,14574.96,891.92,279,0.48,0.2,False
44263,firm_7,8,47.02,44.7,24,0,280,202032.47,12271.2,13165.6,894.4,280,0.48,0.3,False
44263,firm_7,9,42.32,40.23,23,0,268,211484.3,10477.12,11341.76,864.64,268,0.48,0.4,False
44263,firm_7,10,38.09,44.25,22,0,257,219462.57,8951.77,9789.13,837.36,257,0.48,0.3,False
44263,firm_7,11,34.28,39.83,23,0,269,226087.23,8340.75,9221.32,880.57,269,0.53,0.4,False
44263,firm_7,12,32.57,43.81,22,0,257,232430.84,7507.43,8370.49,863.06,257,0.58,0.3,False
44263,firm_7,13,32.57,43.81,21,0,245,238446.13,7135.3,7979.65,844.35,245,0.63,0.2,False
44263,firm_7,14,32.57,41.62,22,0,257,244525.07,7494.58,8370.49,875.91,257,0.63,0.2,False
44263,firm_7,15,35.83,39.54,22,0,257,251987.59,8332.4,9208.31,875.91,257,0.63,0.1,False
44263,firm_7,16,35.83,41.52,21,0,245,258737.42,7921.75,8778.35,856.6,245,0.68,0.2,False
44263,firm_7,17,32.25,43.6,22,0,257,264464.86,7386.64,8288.25,901.61,257,0.73,0.1,False
44263,firm_7,18,33.86,45.78,22,0,257,271258.11,7800.41,8702.02,901.61,257,0.73,0.1,False
44263,firm_7,19,33.86,48.07,21,0,245,277575.49,7426.85,8295.7,868.85,245,0.73,0.2,False
44263,firm_7,20,33.86,48.07,21,0,245,283780.62,7414.6,8295.7,881.1,245,0.78,0.1,False
44263,firm_7,21,35.55,50.47,20,0,233,289994.98,7423.76,8283.15,859.39,233,0.83,0.1,False
44263,firm_7,22,39.1,55.52,21,0,245,296702.96,8673.9,9579.5,905.6,245,0.88,0.2,False
44263,firm_7,23,37.15,58.3,21,0,245,303462.56,8183.9,9101.75,917.85,245,0.93,0.1,False
44263,firm_7,24,37.15,64.13,22,0,257,309933.39,8581.69,9547.55,965.86,257,0.98,0.1,False
44263,firm_7,25,33.44,67.34,23,0,269,315664.86,7980.29,8995.36,1015.07,269,1.03,0.1,False
44263,firm_7,26,30.1,74.07,24,0,280,320666.78,7379.6,8428.0,1048.4,280,1.03,0.2,False
44263,firm_7,27,31.61,77.77,25,0,292,326267.89,8145.36,9230.12,1084.76,292,1.03,0.3,False
44263,firm_7,28,30.03,85.55,24,0,280,331574.69,7360.0,8408.4,1048.4,280,1.03,0.2,False
44263,firm_7,29,31.53,94.1,25,0,292,336629.59,8107.4,9206.76,1099.36,292,1.08,0.1,False
44263,firm_7,30,28.38,89.4,25,0,292,341482.19,7187.6,8286.96,1099.36,292,1.08,0.2,False
44263,firm_7,31,26.96,89.4,26,0,304,345617.31,7059.52,8195.84,1136.32,304,1.08,0.3,False
44263,firm_7,32,28.31,93.87,25,0,292,350123.12,7152.56,8266.52,1113.96,292,1.13,0.4,False
44263,firm_7,33,29.73,93.87,26,0,304,355068.9,7886.4,9037.92,1151.52,304,1.13,0.4,False
44263,firm_7,34,31.22,84.48,25,0,292,360744.58,7987.68,9116.24,1128.56,292,1.18,0.3,False
44263,firm_7,35,31.22,88.7,26,0,304,365947.34,8308.96,9490.88,1181.92,304,1.23,0.4,False
44263,firm_7,36,28.1,93.14,26,0,304,370670.98,7345.28,8542.4,1197.12,304,1.28,0.3,False
44263,firm_7,37,29.51,93.14,27,0,315,375502.9,8046.7,9295.65,1248.95,315,1.33,0.3,False
44263,firm_7,38,30.99,83.83,28,0,327,381284.13,8828.47,10133.73,1305.26,327,1.38,0.3,False
44263,firm_7,39,32.54,88.02,29,0,338,387570.73,9639.18,10998.52,1359.34,338,1.43,0.4,False
44263,firm_7,40,35.79,92.42,30,0,350,395424.13,11126.0,12526.5,1400.5,350,1.43,0.3,False
44263,firm_7,41,34.0,83.18,31,0,362,402993.79,10848.24,12308.0,1459.76,362,1.48,0.3,False
44263,firm_7,42,34.0,91.5,30,0,350,410513.29,10464.5,11900.0,1435.5,350,1.53,0.3,False
44263,firm_7,43,35.7,96.08,31,0,362,418480.35,11445.54,12923.4,1477.86,362,1.53,0.3,False
44263,firm_7,44,37.49,100.88,32,0,373,426900.62,12448.43,13983.77,1535.34,373,1.58,0.4,False
44263,firm_7,45,37.49,105.92,31,0,362,435474.42,12057.32,13571.38,1514.06,362,1.63,0.3,False
44263,firm_7,46,39.36,111.22,31,0,362,444542.76,12716.16,14248.32,1532.16,362,1.68,0.3,False
44263,firm_7,47,37.39,116.78,32,0,373,452460.98,12355.18,13946.47,1591.29,373,1.73,0.3,False
44263,firm_7,48,37.39,116.78,31,0,362,460607.62,11966.82,13535.18,1568.36,362,1.78,0.3,False
44263,firm_7,49,33.65,116.78,30,0,350,467258.72,10254.5,11777.5,1523.0,350,1.78,0.4,False
44263,firm_7,50,33.65,128.46,29,0,338,473212.54,9879.16,11373.7,1494.54,338,1.83,0.3,False
44263,firm_7,51,35.33,141.31,28,0,327,479356.36,10100.5,11552.91,1452.41,327,1.83,0.3,False
44263,firm_7,52,35.33,141.31,29,0,337,484857.02,10398.65,11906.21,1507.56,337,1.88,0.4,False
44263,firm_7,53,35.33,127.18,30,0,349,491000.22,10758.6,12330.17,1571.57,349,1.93,0.5,False
44263,firm_7,54,33.56,127.18,30,0,349,497108.24,10123.42,11712.44,1589.02,349,1.98,0.5,False
44263,firm_7,55,30.2,120.82,31,0,360,501884.02,9221.2,10872.0,1650.8,360,2.03,0.5,False
44263,firm_7,56,27.18,120.82,32,0,372,505710.98,8393.2,10110.96,1717.76,372,2.08,0.5,False
44263,firm_7,57,25.82,120.82,31,0,360,509491.96,7626.4,9295.2,1668.8,360,2.08,0.6,False
44263,firm_7,58,24.53,120.82,32,0,372,512433.12,7407.4,9125.16,1717.76,372,2.08,0.7,False
44263,firm_7,59,24.53,114.78,31,0,360,515718.94,7144.0,8830.8,1686.8,360,2.13,0.8,False
44263,firm_7,60,25.76,120.52,30,0,349,519134.76,7331.42,8990.24,1658.82,349,2.18,0.9,False
44263,firm_7,61,25.76,132.57,30,0,349,522271.63,7313.97,8990.24,1676.27,349,2.23,0.8,False
44263,firm_7,62,25.76,132.57,31,0,360,524994.76,7532.8,9273.6,1740.8,360,2.28,0.8,False
44263,firm_7,63,23.18,145.83,31,0,360,526760.03,6586.0,8344.8,1758.8,360,2.33,0.9,False
44263,firm_7,64,20.86,145.83,32,0,372,527324.03,5930.56,7759.92,1829.36,372,2.38,0.9,False
44263,firm_7,65,21.9,145.83,31,0,360,528692.5,6089.2,7884.0,1794.8,360,2.43,0.8,False
44263,firm_7,66,19.71,153.12,30,0,349,528914.17,5115.27,6878.79,1763.52,349,2.48,0.9,False
44263,firm_7,67,21.68,153.12,31,0,360,529659.45,5992.0,7804.8,1812.8,360,2.48,0.9,False
44263,firm_7,68,19.51,145.46,31,0,360,530042.99,5192.8,7023.6,1830.8,360,2.53,1.0,False
44263,firm_7,69,18.53,130.91,30,0,349,530701.69,4686.0,6466.97,1780.97,349,2.53,1.1,False
44263,firm_7,70,17.6,137.46,30,0,349,530621.87,4343.98,6142.4,1798.42,349,2.58,1.2,False
44263,firm_7,71,18.48,137.46,31,0,360,530664.61,4804.0,6652.8,1848.8,360,2.58,1.1,False
44263,firm_7,72,17.56,130.59,31,0,360,530989.12,4472.8,6321.6,1848.8,360,2.58,1.2,False
44263,firm_7,73,19.32,117.53,32,0,372,531692.84,5264.68,7187.04,1922.36,372,2.63,1.3,False
44263,firm_7,74,20.29,117.53,33,0,384,532908.59,5794.24,7791.36,1997.12,384,2.68,1.2,False
44263,firm_7,75,20.29,105.78,34,0,394,534762.41,5950.34,7994.26,2043.92,394,2.68,1.2,False
44263,firm_7,76,21.3,100.49,33,0,382,537375.98,6129.74,8136.6,2006.86,382,2.73,1.1,False
44263,firm_7,77,19.17,110.54,34,0,394,538287.28,5469.66,7552.98,2083.32,394,2.78,1.2,False
44263,firm_7,78,21.09,99.49,33,0,382,541034.53,6030.42,8056.38,2025.96,382,2.78,1.2,False
44263,firm_7,79,22.14,104.46,33,0,382,543799.77,6412.42,8457.48,2045.06,382,2.83,1.1,False
44263,firm_7,80,24.35,104.46,33,0,381,547370.66,7218.07,9277.35,2059.28,381,2.88,1.0,False
44263,firm_7,81,25.57,114.91,32,0,370,550930.34,7436.8,9460.9,2024.1,370,2.93,1.0,False
44263,firm_7,82,23.01,126.4,32,0,369,553357.06,6471.52,8490.69,2019.17,369,2.93,1.0,False
44263,firm_7,83,23.01,113.76,32,0,369,556188.26,6471.52,8490.69,2019.17,369,2.93,0.9,False
44263,firm_7,84,24.16,125.14,33,0,383,558723.73,7165.09,9253.28,2088.19,383,2.93,0.8,False
44263,firm_7,85,25.37,112.63,33,0,381,562375.53,7568.59,9665.97,2097.38,381,2.98,0.7,False
44263,firm_7,86,26.64,101.37,34,0,392,566500.07,8271.12,10442.88,2171.76,392,3.03,0.6,False
44263,firm_7,87,26.64,111.51,35,0,404,570307.46,8510.24,10762.56,2252.32,404,3.08,0.7,False
44263,firm_7,88,29.3,111.51,36,0,415,575544.4,9851.3,12159.5,2308.2,415,3.08,0.8,False
44263,firm_7,89,30.76,117.09,37,0,429,581528.79,10816.72,13196.04,2379.32,429,3.08,0.8,False
44263,firm_7,90,30.76,117.09,38,0,438,587305.31,11025.94,13472.88,2446.94,438,3.13,0.9,False
44263,firm_7,91,27.68,105.38,37,0,426,592591.25,9385.0,11791.68,2406.68,426,3.18,0.9,False
44263,firm_7,92,26.3,115.92,36,0,415,596662.18,8544.05,10914.5,2370.45,415,3.23,1.0,False
44263,firm_7,93,24.98,110.12,35,0,403,600347.08,7739.1,10066.94,2327.84,403,3.28,1.0,False
44263,firm_7,94,22.48,104.61,34,0,392,603332.74,6542.4,8812.16,2269.76,392,3.28,1.0,False
44263,firm_7,95,23.6,104.61,33,0,380,606642.21,6761.6,8968.0,2206.4,380,3.28,1.0,False
44263,firm_7,96,21.24,109.84,34,0,392,608463.97,6056.32,8326.08,2269.76,392,3.28,0.9,False
44263,firm_7,97,21.24,115.33,35,0,405,610191.22,6263.8,8602.2,2338.4,405,3.28,0.9,False
44263,firm_7,98,22.3,103.8,35,0,403,613217.28,6659.06,8986.9,2327.84,403,3.28,0.9,False
44263,firm_7,99,20.07,98.61,36,0,414,614769.68,5902.36,8308.98,2406.62,414,3.33,1.0,False
44263,firm_7,100,20.07,103.54,35,0,403,616665.85,5720.07,8088.21,2368.14,403,3.38,1.0,False
44263,firm_7,101,18.06,103.54,36,0,415,617500.61,5062.2,7494.9,2432.7,415,3.38,0.9,False
44263,firm_7,102,16.25,93.19,36,0,414,618445.95,4300.18,6727.5,2427.32,414,3.38,0.9,False
44263,firm_7,103,17.88,83.87,36,0,415,620193.38,4966.75,7420.2,2453.45,415,3.43,0.8,False
44263,firm_7,104,18.77,88.06,36,0,415,622138.57,5315.35,7789.55,2474.2,415,3.48,0.8,False
44263,firm_7,105,16.89,88.06,35,0,403,623234.55,4378.08,6806.67,2428.59,403,3.53,0.7,False
44263,firm_7,106,16.05,96.87,36,0,414,623181.81,4134.58,6644.7,2510.12,414,3.58,0.6,False
44263,firm_7,107,17.66,96.87,37,0,426,623722.4,4924.78,7523.16,2598.38,426,3.63,0.7,False
44263,firm_7,108,15.89,101.71,38,0,437,623641.04,4283.62,6943.93,2660.31,437,3.63,0.7,False
44263,firm_7,109,14.3,106.8,37,0,426,623082.86,3493.42,6091.8,2598.38,426,3.63,0.8,False
44263,firm_7,110,13.58,106.8,36,0,415,622237.31,3099.25,5635.7,2536.45,415,3.63,0.9,False
44263,firm_7,111,14.94,106.8,36,0,415,621956.16,3663.65,6200.1,2536.45,415,3.63,1.0,False
44263,firm_7,112,14.94,112.14,35,0,403,621583.19,3551.93,6020.82,2468.89,403,3.63,1.0,False
44263,firm_7,113,13.45,100.93,35,0,403,620781.95,2931.31,5420.35,2489.04,403,3.68,1.0,False
44263,firm_7,114,14.12,100.93,36,0,415,619730.32,3281.85,5859.8,2577.95,415,3.73,1.0,False
44263,firm_7,115,14.12,90.84,37,0,426,619022.08,3352.84,6015.12,2662.28,426,3.78,1.0,False
44263,firm_7,116,14.12,99.92,38,0,438,617956.14,3431.02,6184.56,2753.54,438,3.83,0.9,False
44263,firm_7,117,14.83,99.92,37,0,426,617671.8,3612.7,6317.58,2704.88,426,3.88,0.8,False
44263,firm_7,118,14.09,104.92,38,0,438,616358.92,3374.08,6171.42,2797.34,438,3.93,0.7,False
44263,firm_7,119,14.09,110.17,38,0,438,615324.64,3352.18,6171.42,2819.24,438,3.98,0.7,False
44263,firm_7,120,15.5,115.68,38,0,438,614798.56,3969.76,6789.0,2819.24,438,3.98,0.8,False
44263,firm_7,121,15.5,121.46,39,0,449,613413.65,4052.03,6959.5,2907.47,449,4.03,0.8,False
44263,firm_7,122,13.95,127.53,40,0,461,611163.57,3451.12,6430.95,2979.83,461,4.03,0.9,False
44263,firm_7,123,13.95,133.91,41,0,472,608487.9,3514.64,6584.4,3069.76,472,4.08,0.9,False
44263,firm_7,124,13.25,140.61,40,0,460,605961.7,3098.2,6095.0,2996.8,460,4.08,0.9,False
44263,firm_7,125,11.92,126.55,41,0,472,602606.03,2532.88,5626.24,3093.36,472,4.13,0.9,False
44263,firm_7,126,10.73,126.55,42,0,483,598588.58,1997.65,5182.59,3184.94,483,4.18,0.9,False
44263,firm_7,127,10.73,132.88,42,0,483,594681.12,1973.5,5182.59,3209.09,483,4.23,1.0,False
44263,firm_7,128,10.0,146.17,41,0,472,590267.59,1579.44,4720.0,3140.56,472,4.23,1.0,False
44263,firm_7,129,11.0,153.48,42,0,483,585425.34,2103.91,5313.0,3209.09,483,4.23,1.0,False
44263,firm_7,130,11.0,161.15,41,0,472,580546.03,2027.84,5192.0,3164.16,472,4.28,1.1,False
44263,firm_7,131,11.0,169.21,41,0,472,575312.66,2004.24,5192.0,3187.76,472,4.33,1.2,False
44263,firm_7,132,10.45,152.29,41,0,472,570589.81,1721.04,4932.4,3211.36,472,4.38,1.2,False
44263,firm_7,133,11.5,159.9,42,0,483,565646.97,2272.96,5554.5,3281.54,483,4.38,1.2,False
44263,firm_7,134,11.5,167.9,42,0,485,560554.12,2258.95,5577.5,3318.55,485,4.43,1.3,False
44263,firm_7,135,12.08,184.69,42,0,485,555113.14,2516.0,5858.8,3342.8,485,4.48,1.2,False
44263,firm_7,136,11.48,193.92,43,0,497,548234.73,2260.15,5705.56,3445.41,497,4.53,1.3,False
44263,firm_7,137,10.33,213.31,44,0,508,539854.09,1705.0,5247.64,3542.64,508,4.58,1.3,False
44263,firm_7,138,10.0,223.98,45,0,520,530853.39,1578.4,5200.0,3621.6,520,4.58,1.2,False
44263,firm_7,139,10.0,201.58,46,0,529,522463.44,1582.73,5290.0,3707.27,529,4.63,1.1,False
44263,firm_7,140,11.0,211.66,45,0,517,514772.18,2033.44,5687.0,3653.56,517,4.68,1.0,False
44263,firm_7,141,12.1,190.49,46,0,529,508076.82,2667.18,6400.9,3733.72,529,4.68,1.1,False
44263,firm_7,142,11.5,171.44,45,0,517,502653.96,2291.94,5945.5,3653.56,517,4.68,1.0,False
44263,firm_7,143,11.5,188.58,46,0,529,495729.06,2349.78,6083.5,3733.72,529,4.68,1.1,False
44263,firm_7,144,12.65,198.01,45,0,517,489479.25,2860.64,6540.05,3679.41,517,4.73,1.0,False
44263,firm_7,145,12.65,178.21,45,0,517,484094.59,2834.79,6540.05,3705.26,517,4.78,0.9,False
44263,firm_7,146,13.92,169.3,44,0,506,480058.23,3412.84,7043.52,3630.68,506,4.78,0.8,False
44263,firm_7,147,12.53,177.76,43,0,494,475055.05,2640.5,6189.82,3549.32,494,4.78,0.8,False
44263,firm_7,148,11.28,177.76,42,0,483,469338.48,1949.35,5448.24,3498.89,483,4.83,0.7,False
44263,firm_7,149,12.41,186.65,41,0,472,463895.99,2410.16,5857.52,3447.36,472,4.88,0.6,False
44263,firm_7,150,11.17,195.98,40,0,460,457507.19,1750.4,5138.2,3387.8,460,4.93,0.7,False
44263,firm_7,151,10.05,205.78,41,0,471,449616.18,1245.97,4733.55,3487.58,471,4.98,0.6,False
44263,firm_7,152,10.0,195.49,40,0,460,442762.78,1166.2,4600.0,3433.8,460,5.03,0.5,False
44263,firm_7,153,10.0,215.04,41,0,474,434430.22,1184.08,4740.0,3555.92,474,5.08,0.4,False
44263,firm_7,154,10.5,204.29,42,0,485,426484.49,1434.45,5092.5,3658.05,485,5.13,0.5,False
44263,firm_7,155,10.0,224.72,42,0,485,418238.2,1191.95,4850.0,3658.05,485,5.13,0.5,False
44263,firm_7,156,10.0,235.96,41,0,474,409500.52,1136.68,4740.0,3603.32,474,5.18,0.4,False
44263,firm_7,157,10.0,259.56,42,0,487,399047.99,1148.99,4870.0,3721.01,487,5.23,0.4,False
44263,firm_7,158,10.0,259.56,43,0,499,388569.14,1182.23,4990.0,3807.77,499,5.23,0.4,False
44263,firm_7,159,10.0,272.54,43,0,497,377801.76,1151.84,4970.0,3818.16,497,5.28,0.3,False
44263,firm_7,160,11.0,286.17,44,0,511,366185.65,1675.37,5621.0,3945.63,511,5.33,0.3,False
44263,firm_7,161,10.0,300.48,45,0,522,353357.79,1193.74,5220.0,4026.26,522,5.33,0.2,False
44263,firm_7,162,10.0,315.5,45,0,522,340354.03,1193.74,5220.0,4026.26,522,5.33,0.2,False
44263,firm_7,163,10.5,315.5,45,0,522,327611.27,1454.74,5481.0,4026.26,522,5.33,0.1,False
44263,firm_7,164,10.0,347.05,45,0,522,313187.76,1193.74,5220.0,4026.26,522,5.33,0.1,False
44263,firm_7,165,10.0,329.7,46,0,534,298520.64,1199.08,5340.0,4140.92,534,5.38,0.1,False
44263,firm_7,166,10.5,362.67,47,0,545,282248.3,1473.15,5722.5,4249.35,545,5.43,0.1,False
44263,firm_7,167,11.02,380.8,46,0,534,266221.86,1690.36,5884.68,4194.32,534,5.48,0.1,False
44263,firm_7,168,10.0,399.84,45,0,522,249118.4,1089.34,5220.0,4130.66,522,5.53,0.1,False
44263,firm_7,169,10.5,419.83,44,0,511,231738.0,1292.12,5365.5,4073.38,511,5.58,0.1,False
44263,firm_7,170,10.0,419.83,43,0,501,214697.73,1012.42,5010.0,3997.58,501,5.58,0.1,False
44263,firm_7,171,10.5,440.82,44,0,513,195873.96,1272.31,5386.5,4114.19,513,5.63,0.1,False
44263,firm_7,172,10.5,484.9,43,0,501,176261.13,1237.87,5260.5,4022.63,501,5.63,0.1,False
44263,firm_7,173,10.0,484.9,44,0,513,155441.34,1015.81,5130.0,4114.19,513,5.63,0.1,False
44263,firm_7,174,10.0,436.41,44,0,513,137155.11,1015.81,5130.0,4114.19,513,5.63,0.2,False
44263,firm_7,175,10.0,480.05,45,0,525,115870.86,1018.0,5250.0,4232.0,525,5.68,0.1,False
44263,firm_7,176,11.0,456.05,44,0,513,97207.82,1503.16,5643.0,4139.84,513,5.68,0.2,False
44263,firm_7,177,10.0,456.05,45,0,525,77203.57,1018.0,5250.0,4232.0,525,5.68,0.1,False
44263,firm_7,178,10.0,500.0,44,0,513,55968.08,964.51,5130.0,4165.49,513,5.73,0.1,False
44263,firm_7,179,10.0,500.0,45,0,525,33733.58,965.5,5250.0,4284.5,525,5.78,0.1,False
44263,firm_7,180,10.0,475.0,45,0,525,13324.08,965.5,5250.0,4284.5,525,5.78,0.1,False
44263,firm_7,181,10.0,427.5,46,0,536,-6077.8,963.12,5360.0,4396.88,536,5.83,0.1,True
44263,firm_7,182,10.0,427.5,46,0,536,-6077.8,963.12,5360.0,4396.88,536,5.83,0.1,True
44263,firm_7,183,10.0,427.5,46,0,536,-6077.8,963.12,5360.0,4396.88,536,5.83,0.1,True
44263,firm_7,184,10.0,427.5,46,0,536,-6077.8,963.12,5360.0,4396.88,536,5.83,0.1,True
44263,firm_7,185,10.0,427.5,46,0,536,-6077.8,963.12,5360.0,4396.88,536,5.83,0.1,True
44263,firm_7,186,10.0,427.5,46,0,536,-6077.8,963.12,5360.0,4396.88,536,5.83,0.1,True
44263,firm_7,187,10.0,427.5,46,0,536,-6077.8,963.12,5360.0,4396.88,536,5.83,0.1,True
44263,firm_7,188,10.0,427.5,46,0,536,-6077.8,963.12,5360.0,4396.88,536,5.83,0.1,True
44263,firm_7,189,10.0,427.5,46,0,536,-6077.8,963.12,5360.0,4396.88,536,5.83,0.1,True
44263,firm_7,190,10.0,427.5,46,0,536,-6077.8,963.12,5360.0,4396.88,536,5.83,0.1,True
44263,firm_7,191,10.0,427.5,46,0,536,-6077.8,963.12,5360.0,4396.88,536,5.83,0.1,True
44263,firm_7,192,10.0,427.5,46,0,536,-6077.8,963.12,5360.0,4396.88,536,5.83,0.1,True
44263,firm_7,193,10.0,427.5,46,0,536,-6077.8,963.12,5360.0,4396.88,536,5.83,0.1,True
44263,firm_7,194,10.0,427.5,46,0,536,-6077.8,963.12,5360.0,4396.88,536,5.83,0.1,True
44263,firm_7,195,10.0,427.5,46,0,536,-6077.8,963.12,5360.0,4396.88,536,5.83,0.1,True
44263,firm_7,196,10.0,427.5,46,0,536,-6077.8,963.12,5360.0,4396.88,536,5.83,0.1,True
44263,firm_7,197,10.0,427.5,46,0,536,-6077.8,963.12,5360.0,4396.88,536,5.83,0.1,True
44263,firm_7,198,10.0,427.5,46,0,536,-6077.8,963.12,5360.0,4396.88,536,5.83,0.1,True
44263,firm_7,199,10.0,427.5,46,0,536,-6077.8,963.12,5360.0,4396.88,536,5.83,0.1,True
44263,firm_7,200,10.0,427.5,46,0,536,-6077.8,963.12,5360.0,4396.88,536,5.83,0.1,True
44263,firm_7,201,10.0,427.5,46,0,536,-6077.8,963.12,5360.0,4396.88,536,5.83,0.1,True
44263,firm_7,202,10.0,427.5,46,0,536,-6077.8,963.12,5360.0,4396.88,536,5.83,0.1,True
44263,firm_7,203,10.0,427.5,46,0,536,-6077.8,963.12,5360.0,4396.88,536,5.83,0.1,True
44263,firm_7,204,10.0,427.5,46,0,536,-6077.8,963.12,5360.0,4396.88,536,5.83,0.1,True
44263,firm_7,205,10.0,427.5,46,0,536,-6077.8,963.12,5360.0,4396.88,536,5.83,0.1,True
44263,firm_7,206,10.0,427.5,46,0,536,-6077.8,963.12,5360.0,4396.88,536,5.83,0.1,True
44263,firm_7,207,10.0,427.5,46,0,536,-6077.8,963.12,5360.0,4396.88,536,5.83,0.1,True
44263,firm_7,208,10.0,427.5,46,0,536,-6077.8,963.12,5360.0,4396.88,536,5.83,0.1,True
44263,firm_7,209,10.0,427.5,46,0,536,-6077.8,963.12,5360.0,4396.88,536,5.83,0.1,True
44263,firm_7,210,10.0,427.5,46,0,536,-6077.8,963.12,5360.0,4396.88,536,5.83,0.1,True
44263,firm_7,211,10.0,427.5,46,0,536,-6077.8,963.12,5360.0,4396.88,536,5.83,0.1,True
44263,firm_7,212,10.0,427.5,46,0,536,-6077.8,963.12,5360.0,4396.88,536,5.83,0.1,True
44263,firm_7,213,10.0,427.5,46,0,536,-6077.8,963.12,5360.0,4396.88,536,5.83,0.1,True
44263,firm_7,214,10.0,427.5,46,0,536,-6077.8,963.12,5360.0,4396.88,536,5.83,0.1,True
44263,firm_7,215,10.0,427.5,46,0,536,-6077.8,963.12,5360.0,4396.88,536,5.83,0.1,True
44263,firm_7,216,10.0,427.5,46,0,536,-6077.8,963.12,5360.0,4396.88,536,5.83,0.1,True
44263,firm_7,217,10.0,427.5,46,0,536,-6077.8,963.12,5360.0,4396.88,536,5.83,0.1,True
44263,firm_7,218,10.0,427.5,46,0,536,-6077.8,963.12,5360.0,4396.88,536,5.83,0.1,True
44263,firm_7,219,10.0,427.5,46,0,536,-6077.8,963.12,5360.0,4396.88,536,5.83,0.1,True
44263,firm_7,220,10.0,427.5,46,0,536,-6077.8,963.12,5360.0,4396.88,536,5.83,0.1,True
44263,firm_7,221,10.0,427.5,46,0,536,-6077.8,963.12,5360.0,4396.88,536,5.83,0.1,True
44263,firm_7,222,10.0,427.5,46,0,536,-6077.8,963.12,5360.0,4396.88,536,5.83,0.1,True
44263,firm_7,223,10.0,427.5,46,0,536,-6077.8,963.12,5360.0,4396.88,536,5.83,0.1,True
44263,firm_7,224,10.0,427.5,46,0,536,-6077.8,963.12,5360.0,4396.88,536,5.83,0.1,True
44263,firm_7,225,10.0,427.5,46,0,536,-6077.8,963.12,5360.0,4396.88,536,5.83,0.1,True
44263,firm_7,226,10.0,427.5,46,0,536,-6077.8,963.12,5360.0,4396.88,536,5.83,0.1,True
44263,firm_7,227,10.0,427.5,46,0,536,-6077.8,963.12,5360.0,4396.88,536,5.83,0.1,True
44263,firm_7,228,10.0,427.5,46,0,536,-6077.8,963.12,5360.0,4396.88,536,5.83,0.1,True
44263,firm_7,229,10.0,427.5,46,0,536,-6077.8,963.12,5360.0,4396.88,536,5.83,0.1,True
44263,firm_7,230,10.0,427.5,46,0,536,-6077.8,963.12,5360.0,4396.88,536,5.83,0.1,True
44263,firm_7,231,10.0,427.5,46,0,536,-6077.8,963.12,5360.0,4396.88,536,5.83,0.1,True
44263,firm_7,232,10.0,427.5,46,0,536,-6077.8,963.12,5360.0,4396.88,536,5.83,0.1,True
44263,firm_7,233,10.0,427.5,46,0,536,-6077.8,963.12,5360.0,4396.88,536,5.83,0.1,True
44263,firm_7,234,10.0,427.5,46,0,536,-6077.8,963.12,5360.0,4396.88,536,5.83,0.1,True
44263,firm_7,235,10.0,427.5,46,0,536,-6077.8,963.12,5360.0,4396.88,536,5.83,0.1,True
44263,firm_7,236,10.0,427.5,46,0,536,-6077.8,963.12,5360.0,4396.88,536,5.83,0.1,True
44263,firm_7,237,10.0,427.5,46,0,536,-6077.8,963.12,5360.0,4396.88,536,5.83,0.1,True
44263,firm_7,238,10.0,427.5,46,0,536,-6077.8,963.12,5360.0,4396.88,536,5.83,0.1,True
44263,firm_7,239,10.0,427.5,46,0,536,-6077.8,963.12,5360.0,4396.88,536,5.83,0.1,True
44263,firm_7,240,10.0,427.5,46,0,536,-6077.8,963.12,5360.0,4396.88,536,5.83,0.1,True
44263,firm_7,241,10.0,427.5,46,0,536,-6077.8,963.12,5360.0,4396.88,536,5.83,0.1,True
44263,firm_7,242,10.0,427.5,46,0,536,-6077.8,963.12,5360.0,4396.88,536,5.83,0.1,True
44263,firm_7,243,10.0,427.5,46,0,536,-6077.8,963.12,5360.0,4396.88,536,5.83,0.1,True
44263,firm_7,244,10.0,427.5,46,0,536,-6077.8,963.12,5360.0,4396.88,536,5.83,0.1,True
44263,firm_7,245,10.0,427.5,46,0,536,-6077.8,963.12,5360.0,4396.88,536,5.83,0.1,True
44263,firm_7,246,10.0,427.5,46,0,536,-6077.8,963.12,5360.0,4396.88,536,5.83,0.1,True
44263,firm_7,247,10.0,427.5,46,0,536,-6077.8,963.12,5360.0,4396.88,536,5.83,0.1,True
44263,firm_7,248,10.0,427.5,46,0,536,-6077.8,963.12,5360.0,4396.88,536,5.83,0.1,True
44263,firm_7,249,10.0,427.5,46,0,536,-6077.8,963.12,5360.0,4396.88,536,5.83,0.1,True
44263,firm_7,250,10.0,427.5,46,0,536,-6077.8,963.12,5360.0,4396.88,536,5.83,0.1,True
44263,firm_7,251,10.0,427.5,46,0,536,-6077.8,963.12,5360.0,4396.88,536,5.83,0.1,True
44263,firm_7,252,10.0,427.5,46,0,536,-6077.8,963.12,5360.0,4396.88,536,5.83,0.1,True
44263,firm_7,253,10.0,427.5,46,0,536,-6077.8,963.12,5360.0,4396.88,536,5.83,0.1,True
44263,firm_7,254,10.0,427.5,46,0,536,-6077.8,963.12,5360.0,4396.88,536,5.83,0.1,True
44263,firm_7,255,10.0,427.5,46,0,536,-6077.8,963.12,5360.0,4396.88,536,5.83,0.1,True
44263,firm_7,256,10.0,427.5,46,0,536,-6077.8,963.12,5360.0,4396.88,536,5.83,0.1,True
44263,firm_7,257,10.0,427.5,46,0,536,-6077.8,963.12,5360.0,4396.88,536,5.83,0.1,True
44263,firm_7,258,10.0,427.5,46,0,536,-6077.8,963.12,5360.0,4396.88,536,5.83,0.1,True
44263,firm_7,259,10.0,427.5,46,0,536,-6077.8,963.12,5360.0,4396.88,536,5.83,0.1,True
44263,firm_7,260,10.0,427.5,46,0,536,-6077.8,963.12,5360.0,4396.88,536,5.83,0.1,True
44263,firm_7,261,10.0,427.5,46,0,536,-6077.8,963.12,5360.0,4396.88,536,5.83,0.1,True
44263,firm_7,262,10.0,427.5,46,0,536,-6077.8,963.12,5360.0,4396.88,536,5.83,0.1,True
44263,firm_7,263,10.0,427.5,46,0,536,-6077.8,963.12,5360.0,4396.88,536,5.83,0.1,True
44263,firm_7,264,10.0,427.5,46,0,536,-6077.8,963.12,5360.0,4396.88,536,5.83,0.1,True
44263,firm_7,265,10.0,427.5,46,0,536,-6077.8,963.12,5360.0,4396.88,536,5.83,0.1,True
44263,firm_7,266,10.0,427.5,46,0,536,-6077.8,963.12,5360.0,4396.88,536,5.83,0.1,True
44263,firm_7,267,10.0,427.5,46,0,536,-6077.8,963.12,5360.0,4396.88,536,5.83,0.1,True
44263,firm_7,268,10.0,427.5,46,0,536,-6077.8,963.12,5360.0,4396.88,536,5.83,0.1,True
44263,firm_7,269,10.0,427.5,46,0,536,-6077.8,963.12,5360.0,4396.88,536,5.83,0.1,True
44263,firm_7,270,10.0,427.5,46,0,536,-6077.8,963.12,5360.0,4396.88,536,5.83,0.1,True
44263,firm_7,271,10.0,427.5,46,0,536,-6077.8,963.12,5360.0,4396.88,536,5.83,0.1,True
44263,firm_7,272,10.0,427.5,46,0,536,-6077.8,963.12,5360.0,4396.88,536,5.83,0.1,True
44263,firm_7,273,10.0,427.5,46,0,536,-6077.8,963.12,5360.0,4396.88,536,5.83,0.1,True
44263,firm_7,274,10.0,427.5,46,0,536,-6077.8,963.12,5360.0,4396.88,536,5.83,0.1,True
44263,firm_7,275,10.0,427.5,46,0,536,-6077.8,963.12,5360.0,4396.88,536,5.83,0.1,True
44263,firm_7,276,10.0,427.5,46,0,536,-6077.8,963.12,5360.0,4396.88,536,5.83,0.1,True
44263,firm_7,277,10.0,427.5,46,0,536,-6077.8,963.12,5360.0,4396.88,536,5.83,0.1,True
44263,firm_7,278,10.0,427.5,46,0,536,-6077.8,963.12,5360.0,4396.88,536,5.83,0.1,True
44263,firm_7,279,10.0,427.5,46,0,536,-6077.8,963.12,5360.0,4396.88,536,5.83,0.1,True
44263,firm_7,280,10.0,427.5,46,0,536,-6077.8,963.12,5360.0,4396.88,536,5.83,0.1,True
44263,firm_7,281,10.0,427.5,46,0,536,-6077.8,963.12,5360.0,4396.88,536,5.83,0.1,True
44263,firm_7,282,10.0,427.5,46,0,536,-6077.8,963.12,5360.0,4396.88,536,5.83,0.1,True
44263,firm_7,283,10.0,427.5,46,0,536,-6077.8,963.12,5360.0,4396.88,536,5.83,0.1,True
44263,firm_7,284,10.0,427.5,46,0,536,-6077.8,963.12,5360.0,4396.88,536,5.83,0.1,True
44263,firm_7,285,10.0,427.5,46,0,536,-6077.8,963.12,5360.0,4396.88,536,5.83,0.1,True
44263,firm_7,286,10.0,427.5,46,0,536,-6077.8,963.12,5360.0,4396.88,536,5.83,0.1,True
44263,firm_7,287,10.0,427.5,46,0,536,-6077.8,963.12,5360.0,4396.88,536,5.83,0.1,True
44263,firm_7,288,10.0,427.5,46,0,536,-6077.8,963.12,5360.0,4396.88,536,5.83,0.1,True
44263,firm_7,289,10.0,427.5,46,0,536,-6077.8,963.12,5360.0,4396.88,536,5.83,0.1,True
44263,firm_7,290,10.0,427.5,46,0,536,-6077.8,963.12,5360.0,4396.88,536,5.83,0.1,True
44263,firm_7,291,10.0,427.5,46,0,536,-6077.8,963.12,5360.0,4396.88,536,5.83,0.1,True
44263,firm_7,292,10.0,427.5,46,0,536,-6077.8,963.12,5360.0,4396.88,536,5.83,0.1,True
44263,firm_7,293,10.0,427.5,46,0,536,-6077.8,963.12,5360.0,4396.88,536,5.83,0.1,True
44263,firm_7,294,10.0,427.5,46,0,536,-6077.8,963.12,5360.0,4396.88,536,5.83,0.1,True
44263,firm_7,295,10.0,427.5,46,0,536,-6077.8,963.12,5360.0,4396.88,536,5.83,0.1,True
44263,firm_7,296,10.0,427.5,46,0,536,-6077.8,963.12,5360.0,4396.88,536,5.83,0.1,True
44263,firm_7,297,10.0,427.5,46,0,536,-6077.8,963.12,5360.0,4396.88,536,5.83,0.1,True
44263,firm_7,298,10.0,427.5,46,0,536,-6077.8,963.12,5360.0,4396.88,536,5.83,0.1,True
44263,firm_7,299,10.0,427.5,46,0,536,-6077.8,963.12,5360.0,4396.88,536,5.83,0.1,True
44263,firm_7,300,10.0,427.5,46,0,536,-6077.8,963.12,5360.0,4396.88,536,5.83,0.1,True
44263,firm_7,301,10.0,427.5,46,0,536,-6077.8,963.12,5360.0,4396.88,536,5.83,0.1,True
44263,firm_7,302,10.0,427.5,46,0,536,-6077.8,963.12,5360.0,4396.88,536,5.83,0.1,True
44263,firm_7,303,10.0,427.5,46,0,536,-6077.8,963.12,5360.0,4396.88,536,5.83,0.1,True
44263,firm_7,304,10.0,427.5,46,0,536,-6077.8,963.12,5360.0,4396.88,536,5.83,0.1,True
44263,firm_7,305,10.0,427.5,46,0,536,-6077.8,963.12,5360.0,4396.88,536,5.83,0.1,True
44263,firm_7,306,10.0,427.5,46,0,536,-6077.8,963.12,5360.0,4396.88,536,5.83,0.1,True
44263,firm_7,307,10.0,427.5,46,0,536,-6077.8,963.12,5360.0,4396.88,536,5.83,0.1,True
44263,firm_7,308,10.0,427.5,46,0,536,-6077.8,963.12,5360.0,4396.88,536,5.83,0.1,True
44263,firm_7,309,10.0,427.5,46,0,536,-6077.8,963.12,5360.0,4396.88,536,5.83,0.1,True
44263,firm_7,310,10.0,427.5,46,0,536,-6077.8,963.12,5360.0,4396.88,536,5.83,0.1,True
44263,firm_7,311,10.0,427.5,46,0,536,-6077.8,963.12,5360.0,4396.88,536,5.83,0.1,True
44263,firm_7,312,10.0,427.5,46,0,536,-6077.8,963.12,5360.0,4396.88,536,5.83,0.1,True
44263,firm_7,313,10.0,427.5,46,0,536,-6077.8,963.12,5360.0,4396.88,536,5.83,0.1,True
44263,firm_7,314,10.0,427.5,46,0,536,-6077.8,963.12,5360.0,4396.88,536,5.83,0.1,True
44263,firm_7,315,10.0,427.5,46,0,536,-6077.8,963.12,5360.0,4396.88,536,5.83,0.1,True
44263,firm_7,316,10.0,427.5,46,0,536,-6077.8,963.12,5360.0,4396.88,536,5.83,0.1,True
44263,firm_7,317,10.0,427.5,46,0,536,-6077.8,963.12,5360.0,4396.88,536,5.83,0.1,True
44263,firm_7,318,10.0,427.5,46,0,536,-6077.8,963.12,5360.0,4396.88,536,5.83,0.1,True
44263,firm_7,319,10.0,427.5,46,0,536,-6077.8,963.12,5360.0,4396.88,536,5.83,0.1,True
44263,firm_7,320,10.0,427.5,46,0,536,-6077.8,963.12,5360.0,4396.88,536,5.83,0.1,True
44263,firm_7,321,10.0,427.5,46,0,536,-6077.8,963.12,5360.0,4396.88,536,5.83,0.1,True
44263,firm_7,322,10.0,427.5,46,0,536,-6077.8,963.12,5360.0,4396.88,536,5.83,0.1,True
44263,firm_7,323,10.0,427.5,46,0,536,-6077.8,963.12,5360.0,4396.88,536,5.83,0.1,True
44263,firm_7,324,10.0,427.5,46,0,536,-6077.8,963.12,5360.0,4396.88,536,5.83,0.1,True
44263,firm_7,325,10.0,427.5,46,0,536,-6077.8,963.12,5360.0,4396.88,536,5.83,0.1,True
44263,firm_7,326,10.0,427.5,46,0,536,-6077.8,963.12,5360.0,4396.88,536,5.83,0.1,True
44263,firm_7,327,10.0,427.5,46,0,536,-6077.8,963.12,5360.0,4396.88,536,5.83,0.1,True
44263,firm_7,328,10.0,427.5,46,0,536,-6077.8,963.12,5360.0,4396.88,536,5.83,0.1,True
44263,firm_7,329,10.0,427.5,46,0,536,-6077.8,963.12,5360.0,4396.88,536,5.83,0.1,True
44263,firm_7,330,10.0,427.5,46,0,536,-6077.8,963.12,5360.0,4396.88,536,5.83,0.1,True
44263,firm_7,331,10.0,427.5,46,0,536,-6077.8,963.12,5360.0,4396.88,536,5.83,0.1,True
44263,firm_7,332,10.0,427.5,46,0,536,-6077.8,963.12,5360.0,4396.88,536,5.83,0.1,True
44263,firm_7,333,10.0,427.5,46,0,536,-6077.8,963.12,5360.0,4396.88,536,5.83,0.1,True
44263,firm_7,334,10.0,427.5,46,0,536,-6077.8,963.12,5360.0,4396.88,536,5.83,0.1,True
44263,firm_7,335,10.0,427.5,46,0,536,-6077.8,963.12,5360.0,4396.88,536,5.83,0.1,True
44263,firm_7,336,10.0,427.5,46,0,536,-6077.8,963.12,5360.0,4396.88,536,5.83,0.1,True
44263,firm_7,337,10.0,427.5,46,0,536,-6077.8,963.12,5360.0,4396.88,536,5.83,0.1,True
44263,firm_7,338,10.0,427.5,46,0,536,-6077.8,963.12,5360.0,4396.88,536,5.83,0.1,True
44263,firm_7,339,10.0,427.5,46,0,536,-6077.8,963.12,5360.0,4396.88,536,5.83,0.1,True
44263,firm_7,340,10.0,427.5,46,0,536,-6077.8,963.12,5360.0,4396.88,536,5.83,0.1,True
44263,firm_7,341,10.0,427.5,46,0,536,-6077.8,963.12,5360.0,4396.88,536,5.83,0.1,True
44263,firm_7,342,10.0,427.5,46,0,536,-6077.8,963.12,5360.0,4396.88,536,5.83,0.1,True
44263,firm_7,343,10.0,427.5,46,0,536,-6077.8,963.12,5360.0,4396.88,536,5.83,0.1,True
44263,firm_7,344,10.0,427.5,46,0,536,-6077.8,963.12,5360.0,4396.88,536,5.83,0.1,True
44263,firm_7,345,10.0,427.5,46,0,536,-6077.8,963.12,5360.0,4396.88,536,5.83,0.1,True
44263,firm_7,346,10.0,427.5,46,0,536,-6077.8,963.12,5360.0,4396.88,536,5.83,0.1,True
44263,firm_7,347,10.0,427.5,46,0,536,-6077.8,963.12,5360.0,4396.88,536,5.83,0.1,True
44263,firm_7,348,10.0,427.5,46,0,536,-6077.8,963.12,5360.0,4396.88,536,5.83,0.1,True
44263,firm_7,349,10.0,427.5,46,0,536,-6077.8,963.12,5360.0,4396.88,536,5.83,0.1,True
44263,firm_7,350,10.0,427.5,46,0,536,-6077.8,963.12,5360.0,4396.88,536,5.83,0.1,True
44263,firm_7,351,10.0,427.5,46,0,536,-6077.8,963.12,5360.0,4396.88,536,5.83,0.1,True
44263,firm_7,352,10.0,427.5,46,0,536,-6077.8,963.12,5360.0,4396.88,536,5.83,0.1,True
44263,firm_7,353,10.0,427.5,46,0,536,-6077.8,963.12,5360.0,4396.88,536,5.83,0.1,True
44263,firm_7,354,10.0,427.5,46,0,536,-6077.8,963.12,5360.0,4396.88,536,5.83,0.1,True
44263,firm_7,355,10.0,427.5,46,0,536,-6077.8,963.12,5360.0,4396.88,536,5.83,0.1,True
44263,firm_7,356,10.0,427.5,46,0,536,-6077.8,963.12,5360.0,4396.88,536,5.83,0.1,True
44263,firm_7,357,10.0,427.5,46,0,536,-6077.8,963.12,5360.0,4396.88,536,5.83,0.1,True
44263,firm_7,358,10.0,427.5,46,0,536,-6077.8,963.12,5360.0,4396.88,536,5.83,0.1,True
44263,firm_7,359,10.0,427.5,46,0,536,-6077.8,963.12,5360.0,4396.88,536,5.83,0.1,True
44263,firm_7,360,10.0,427.5,46,0,536,-6077.8,963.12,5360.0,4396.88,536,5.83,0.1,True
44263,firm_7,361,10.0,427.5,46,0,536,-6077.8,963.12,5360.0,4396.88,536,5.83,0.1,True
44263,firm_7,362,10.0,427.5,46,0,536,-6077.8,963.12,5360.0,4396.88,536,5.83,0.1,True
44263,firm_7,363,10.0,427.5,46,0,536,-6077.8,963.12,5360.0,4396.88,536,5.83,0.1,True
44263,firm_7,364,10.0,427.5,46,0,536,-6077.8,963.12,5360.0,4396.88,536,5.83,0.1,True
44263,firm_7,365,10.0,427.5,46,0,536,-6077.8,963.12,5360.0,4396.88,536,5.83,0.1,True
44263,firm_8,1,59.05,23.45,12,0,138,99561.05,7643.92,8148.9,504.98,138,0.21,0.14,False
44263,firm_8,2,59.05,23.45,11,0,126,105958.64,6955.54,7440.3,484.76,126,0.26,0.24,False
44263,firm_8,3,59.05,22.28,11,0,126,112462.8,6949.24,7440.3,491.06,126,0.31,0.24,False
44263,firm_8,4,64.96,24.51,10,0,115,119222.45,7004.75,7470.4,465.65,115,0.31,0.14,False
44263,firm_8,5,58.46,26.96,9,0,104,124414.21,5634.4,6079.84,445.44,104,0.36,0.14,False
44263,firm_8,6,61.38,28.31,8,0,92,129212.97,5225.24,5646.96,421.72,92,0.41,0.1,False
44263,firm_8,7,67.52,28.31,8,0,92,134472.01,5785.52,6211.84,426.32,92,0.46,0.2,False
44263,firm_8,8,74.27,28.31,7,0,81,139686.4,5612.56,6015.87,403.31,81,0.51,0.2,False
44263,firm_8,9,70.56,28.31,6,0,69,144011.99,4495.45,4868.64,373.19,69,0.51,0.1,False
44263,firm_8,10,77.62,28.31,5,0,58,147823.92,4153.48,4501.96,348.48,58,0.56,0.1,False
44263,firm_8,11,77.62,25.48,4,0,46,150772.46,3250.46,3570.52,320.06,46,0.61,0.1,False
44263,firm_8,12,81.5,26.75,3,0,34,153074.47,2482.26,2771.0,288.74,34,0.61,0.2,False
44263,firm_8,13,89.65,26.75,3,0,34,155653.58,2759.36,3048.1,288.74,34,0.61,0.3,False
44263,firm_8,14,80.68,29.42,2,0,23,156989.2,1594.46,1855.64,261.18,23,0.66,0.2,False
44263,firm_8,15,76.65,29.42,3,0,34,158514.9,2313.96,2606.1,292.14,34,0.71,0.1,False
44263,firm_8,16,68.99,29.42,4,0,46,160746.1,2848.88,3173.54,324.66,46,0.71,0.1,False
44263,firm_8,17,62.09,26.48,4,0,46,162969.36,2529.18,2856.14,326.96,46,0.76,0.1,False
44263,firm_8,18,68.3,29.13,3,0,34,164708.63,2026.66,2322.2,295.54,34,0.81,0.1,False
44263,firm_8,19,68.3,26.22,3,0,34,166656.63,2026.66,2322.2,295.54,34,0.81,0.1,False
44263,firm_8,20,75.13,23.6,3,0,34,168844.71,2258.88,2554.42,295.54,34,0.81,0.1,False
44263,firm_8,21,67.62,25.96,4,0,46,171022.13,2781.26,3110.52,329.26,46,0.81,0.1,False
44263,firm_8,22,71.0,27.26,4,0,46,173749.83,2936.74,3266.0,329.26,46,0.81,0.2,False
44263,firm_8,23,74.55,29.99,3,0,34,175697.32,2237.46,2534.7,297.24,34,0.86,0.1,False
44263,firm_8,24,67.1,31.49,3,0,34,177285.31,1982.46,2281.4,298.94,34,0.91,0.2,False
44263,firm_8,25,60.39,28.34,3,0,34,178954.61,1754.32,2053.26,298.94,34,0.91,0.2,False
44263,firm_8,26,57.37,29.76,2,0,23,179947.67,1052.58,1319.51,266.93,23,0.91,0.1,False
44263,firm_8,27,60.24,32.74,2,0,23,181000.78,1118.59,1385.52,266.93,23,0.91,0.1,False
44263,firm_8,28,60.24,34.38,1,0,11,181096.48,430.08,662.64,232.56,11,0.96,0.2,False
44263,firm_8,29,63.25,34.38,1,0,11,181525.29,463.19,695.75,232.56,11,0.96,0.1,False
44263,firm_8,30,56.92,32.66,2,0,23,182001.05,1041.08,1309.16,268.08,23,0.96,0.1,False
44263,firm_8,31,51.23,31.03,1,0,11,182300.99,330.97,563.53,232.56,11,0.96,0.1,False
44263,firm_8,32,48.67,32.58,2,0,23,182386.01,850.18,1119.41,269.23,23,1.01,0.1,False
44263,firm_8,33,51.1,34.21,2,0,23,183223.66,906.07,1175.3,269.23,23,1.01,0.1,False
44263,firm_8,34,45.99,35.92,3,0,34,183675.52,1259.62,1563.66,304.04,34,1.06,0.1,False
44263,firm_8,35,50.59,37.72,4,0,46,184708.72,1984.08,2327.14,343.06,46,1.11,0.2,False
44263,firm_8,36,53.12,37.72,4,0,46,186658.3,2100.46,2443.52,343.06,46,1.11,0.1,False
44263,firm_8,37,58.43,37.72,3,0,34,187924.32,1679.18,1986.62,307.44,34,1.16,0.2,False
44263,firm_8,38,52.59,37.72,2,0,23,188785.77,936.89,1209.57,272.68,23,1.16,0.2,False
44263,firm_8,39,57.85,41.49,2,0,23,189660.66,1057.87,1330.55,272.68,23,1.16,0.3,False
44263,firm_8,40,52.07,41.49,2,0,23,190502.61,924.93,1197.61,272.68,23,1.16,0.2,False
44263,firm_8,41,49.47,37.34,3,0,34,190963.43,1372.84,1681.98,309.14,34,1.21,0.3,False
44263,firm_8,42,47.0,39.21,2,0,23,191491.03,806.02,1081.0,274.98,23,1.26,0.3,False
44263,firm_8,43,51.7,37.25,2,0,23,192330.65,914.12,1189.1,274.98,23,1.26,0.3,False
44263,firm_8,44,54.28,39.11,1,0,11,192452.21,360.67,597.08,236.41,11,1.31,0.2,False
44263,firm_8,45,51.57,37.15,2,0,23,192586.74,908.83,1186.11,277.28,23,1.36,0.2,False
44263,firm_8,46,46.41,39.01,2,0,23,193097.72,789.0,1067.43,278.43,23,1.41,0.1,False
44263,firm_8,47,48.73,39.01,3,0,34,193721.57,1340.88,1656.82,315.94,34,1.41,0.2,False
44263,firm_8,48,51.17,39.01,3,0,34,195028.38,1423.84,1739.78,315.94,34,1.41,0.2,False
44263,firm_8,49,46.05,39.01,2,0,23,195631.08,780.72,1059.15,278.43,23,1.41,0.3,False
44263,firm_8,50,50.66,40.96,1,0,11,195809.87,319.75,557.26,237.51,11,1.41,0.4,False
44263,firm_8,51,53.19,45.06,2,0,23,195863.54,943.79,1223.37,279.58,23,1.46,0.5,False
44263,firm_8,52,55.85,49.57,2,0,23,196568.22,1003.82,1284.55,280.73,23,1.51,0.4,False
44263,firm_8,53,61.44,52.05,1,0,11,196853.4,437.23,675.84,238.61,11,1.51,0.5,False
44263,firm_8,54,61.44,49.45,1,0,11,197040.63,436.68,675.84,239.16,11,1.56,0.5,False
44263,firm_8,55,64.51,51.92,1,0,11,197459.16,470.45,709.61,239.16,11,1.56,0.4,False
44263,firm_8,56,61.28,46.73,1,0,11,197646.8,434.37,674.08,239.71,11,1.61,0.3,False
44263,firm_8,57,58.22,51.4,1,0,11,197896.11,400.71,640.42,239.71,11,1.61,0.4,False
44263,firm_8,58,52.4,53.97,1,0,11,198178.83,336.69,576.4,239.71,11,1.61,0.4,False
44263,firm_8,59,52.4,59.37,1,0,11,198255.6,336.14,576.4,240.26,11,1.66,0.4,False
44263,firm_8,60,55.02,65.31,2,0,23,198506.26,981.28,1265.46,284.18,23,1.66,0.5,False
44263,firm_8,61,52.27,71.84,2,0,23,199079.46,916.88,1202.21,285.33,23,1.71,0.4,False
44263,firm_8,62,57.5,79.02,1,0,11,199392.13,391.69,632.5,240.81,11,1.71,0.4,False
44263,firm_8,63,63.25,86.92,1,0,11,199459.6,454.39,695.75,241.36,11,1.76,0.5,False
44263,firm_8,64,66.41,78.23,1,0,11,199669.97,488.6,730.51,241.91,11,1.81,0.4,False
44263,firm_8,65,69.73,86.05,1,0,11,200109.04,525.12,767.03,241.91,11,1.81,0.4,False
44263,firm_8,66,62.76,81.75,2,0,23,200501.39,1155.85,1443.48,287.63,23,1.81,0.5,False
44263,firm_8,67,62.76,89.93,2,0,23,201377.38,1155.85,1443.48,287.63,23,1.81,0.6,False
44263,firm_8,68,69.04,80.94,1,0,11,201813.97,517.53,759.44,241.91,11,1.81,0.6,False
44263,firm_8,69,62.14,89.03,2,0,23,202277.5,1141.59,1429.22,287.63,23,1.81,0.6,False
44263,firm_8,70,65.25,97.93,1,0,11,202655.41,475.84,717.75,241.91,11,1.81,0.6,False
44263,firm_8,71,65.25,88.14,2,0,23,202991.1,1211.97,1500.75,288.78,23,1.86,0.5,False
44263,firm_8,72,71.78,79.33,1,0,11,203458.89,547.12,789.58,242.46,11,1.86,0.4,False
44263,firm_8,73,64.6,87.26,1,0,11,203839.77,468.14,710.6,242.46,11,1.86,0.4,False
44263,firm_8,74,61.37,78.53,2,0,23,204205.44,1122.73,1411.51,288.78,23,1.86,0.5,False
44263,firm_8,75,58.3,86.38,2,0,23,205084.8,1052.12,1340.9,288.78,23,1.86,0.4,False
44263,firm_8,76,61.22,95.02,3,0,34,205949.98,1750.24,2081.48,331.24,34,1.86,0.5,False
44263,firm_8,77,61.22,95.02,3,0,34,207213.46,1748.54,2081.48,332.94,34,1.91,0.5,False
44263,firm_8,78,64.28,99.77,4,0,46,208689.1,2574.72,2956.88,382.16,46,1.96,0.4,False
44263,firm_8,79,70.71,109.75,4,0,46,210918.3,2868.2,3252.66,384.46,46,2.01,0.4,False
44263,firm_8,80,74.25,104.26,3,0,34,212793.68,2188.16,2524.5,336.34,34,2.01,0.3,False
44263,firm_8,81,81.68,99.05,4,0,46,214968.0,3370.52,3757.28,386.76,46,2.06,0.4,False
44263,firm_8,82,81.68,94.1,3,0,34,217024.78,2439.08,2777.12,338.04,34,2.06,0.5,False
44263,firm_8,83,85.76,98.8,3,0,34,219306.18,2577.8,2915.84,338.04,34,2.06,0.4,False
44263,firm_8,84,85.76,103.74,2,0,23,220777.8,1679.1,1972.48,293.38,23,2.06,0.3,False
44263,firm_8,85,77.18,93.37,2,0,23,221972.82,1481.76,1775.14,293.38,23,2.06,0.4,False
44263,firm_8,86,84.9,88.7,1,0,11,222473.36,689.24,933.9,244.66,11,2.06,0.5,False
44263,firm_8,87,80.66,79.83,2,0,23,223375.5,1561.8,1855.18,293.38,23,2.06,0.5,False
44263,firm_8,88,84.69,75.84,2,0,23,224778.31,1654.49,1947.87,293.38,23,2.06,0.6,False
44263,firm_8,89,76.22,83.42,1,0,11,224988.1,593.21,838.42,245.21,11,2.11,0.7,False
44263,firm_8,90,68.6,91.76,2,0,23,225487.85,1283.27,1577.8,294.53,23,2.11,0.8,False
44263,firm_8,91,68.6,91.76,2,0,23,226587.6,1283.27,1577.8,294.53,23,2.11,0.8,False
44263,firm_8,92,61.74,82.58,1,0,11,226838.95,433.93,679.14,245.21,11,2.11,0.9,False
44263,firm_8,93,55.57,82.58,1,0,11,226921.88,365.51,611.27,245.76,11,2.16,0.8,False
44263,firm_8,94,50.01,82.58,1,0,11,227143.65,304.35,550.11,245.76,11,2.16,0.7,False
44263,firm_8,95,45.01,78.45,1,0,11,227114.0,248.8,495.11,246.31,11,2.21,0.7,False
44263,firm_8,96,45.01,78.45,1,0,11,226983.8,248.25,495.11,246.86,11,2.26,0.8,False
44263,firm_8,97,45.01,70.6,1,0,11,226960.9,247.7,495.11,247.41,11,2.31,0.7,False
44263,firm_8,98,47.26,67.07,1,0,11,227166.28,272.45,519.86,247.41,11,2.31,0.7,False
44263,firm_8,99,51.99,73.78,1,0,11,227216.43,323.93,571.89,247.96,11,2.36,0.7,False
44263,firm_8,100,46.79,66.4,2,0,23,227058.37,774.74,1076.17,301.43,23,2.41,0.8,False
44263,firm_8,101,49.13,73.04,1,0,11,226976.7,291.37,540.43,249.06,11,2.46,0.9,False
44263,firm_8,102,46.67,73.04,1,0,11,227067.97,264.31,513.37,249.06,11,2.46,1.0,False
44263,firm_8,103,49.0,65.74,2,0,23,227059.76,823.27,1127.0,303.73,23,2.51,1.0,False
44263,firm_8,104,44.1,62.45,1,0,11,227232.8,235.49,485.1,249.61,11,2.51,0.9,False
44263,firm_8,105,46.31,59.33,1,0,11,227232.72,259.25,509.41,250.16,11,2.56,0.9,False
44263,firm_8,106,48.63,53.4,1,0,11,227464.09,284.77,534.93,250.16,11,2.56,0.9,False
44263,firm_8,107,53.49,58.74,1,0,11,227743.58,338.23,588.39,250.16,11,2.56,0.8,False
44263,firm_8,108,58.84,64.61,1,0,11,228076.05,397.08,647.24,250.16,11,2.56,0.8,False
44263,firm_8,109,61.78,71.07,1,0,11,228233.85,428.87,679.58,250.71,11,2.61,0.8,False
44263,firm_8,110,58.69,67.52,1,0,11,228260.66,394.33,645.59,251.26,11,2.66,0.9,False
44263,firm_8,111,52.82,70.9,1,0,11,228318.97,329.21,581.02,251.81,11,2.71,0.9,False
44263,firm_8,112,50.18,70.9,1,0,11,228347.69,299.62,551.98,252.36,11,2.76,0.8,False
44263,firm_8,113,52.69,63.81,1,0,11,228410.56,326.68,579.59,252.91,11,2.81,0.8,False
44263,firm_8,114,50.06,57.43,1,0,11,228350.33,297.2,550.66,253.46,11,2.86,0.9,False
44263,firm_8,115,47.56,54.56,1,0,11,228264.92,269.15,523.16,254.01,11,2.91,1.0,False
44263,firm_8,116,42.8,49.1,1,0,11,228232.06,216.24,470.8,254.56,11,2.96,1.0,False
44263,firm_8,117,44.94,46.64,1,0,11,228425.2,239.78,494.34,254.56,11,2.96,1.0,False
44263,firm_8,118,42.69,41.98,2,0,23,228509.03,667.79,981.87,314.08,23,2.96,1.0,False
44263,firm_8,119,44.82,37.78,2,0,23,229050.25,716.78,1030.86,314.08,23,2.96,1.1,False
44263,firm_8,120,42.58,34.0,1,0,11,229230.07,213.82,468.38,254.56,11,2.96,1.1,False
44263,firm_8,121,38.32,34.0,2,0,23,229129.35,567.28,881.36,314.08,23,2.96,1.2,False
44263,firm_8,122,36.4,35.7,2,0,23,229279.92,521.97,837.2,315.23,23,3.01,1.3,False
44263,firm_8,123,32.76,37.49,1,0,11,229247.68,105.25,360.36,255.11,11,3.01,1.4,False
44263,firm_8,124,36.04,35.62,1,0,11,229152.84,140.78,396.44,255.66,11,3.06,1.4,False
44263,firm_8,125,37.84,33.84,1,0,11,228979.03,160.03,416.24,256.21,11,3.11,1.5,False
44263,firm_8,126,41.62,37.22,1,0,11,229143.42,201.61,457.82,256.21,11,3.11,1.5,False
44263,firm_8,127,37.46,35.36,1,0,11,229063.36,155.3,412.06,256.76,11,3.16,1.4,False
44263,firm_8,128,37.46,33.59,1,0,11,229185.07,155.3,412.06,256.76,11,3.16,1.3,False
44263,firm_8,129,39.33,33.59,1,0,11,229126.8,175.32,432.63,257.31,11,3.21,1.3,False
44263,firm_8,130,35.4,31.91,1,0,11,229226.98,132.09,389.4,257.31,11,3.21,1.2,False
44263,firm_8,131,38.94,30.31,1,0,11,229267.7,171.03,428.34,257.31,11,3.21,1.3,False
44263,firm_8,132,40.89,30.31,1,0,11,229329.87,192.48,449.79,257.31,11,3.21,1.4,False
44263,firm_8,133,40.89,30.31,1,0,11,229392.04,192.48,449.79,257.31,11,3.21,1.5,False
44263,firm_8,134,44.98,33.34,1,0,11,229395.62,236.92,494.78,257.86,11,3.26,1.4,False
44263,firm_8,135,40.48,30.01,1,0,11,229553.03,187.42,445.28,257.86,11,3.26,1.3,False
44263,firm_8,136,40.48,33.01,1,0,11,229406.89,186.87,445.28,258.41,11,3.31,1.4,False
44263,firm_8,137,42.5,29.71,1,0,11,229486.27,209.09,467.5,258.41,11,3.31,1.5,False
44263,firm_8,138,44.62,28.22,2,0,22,229594.65,664.82,981.64,316.82,22,3.31,1.4,False
44263,firm_8,139,46.85,26.81,2,0,22,229953.81,712.78,1030.7,317.92,22,3.36,1.5,False
44263,firm_8,140,51.54,28.15,1,0,11,230133.64,307.98,566.94,258.96,11,3.36,1.6,False
44263,firm_8,141,46.39,25.34,1,0,11,230359.63,251.33,510.29,258.96,11,3.36,1.5,False
44263,firm_8,142,41.75,25.34,1,0,11,230234.03,199.74,459.25,259.51,11,3.41,1.6,False
44263,firm_8,143,43.84,22.81,2,0,22,230333.87,645.46,964.48,319.02,22,3.41,1.6,False
44263,firm_8,144,43.84,21.67,1,0,11,230234.38,222.18,482.24,260.06,11,3.46,1.7,False
44263,firm_8,145,48.22,20.59,1,0,11,230384.15,270.36,530.42,260.06,11,3.46,1.8,False
44263,firm_8,146,48.22,19.56,2,0,22,230485.75,740.72,1060.84,320.12,22,3.46,1.9,False
44263,firm_8,147,43.4,19.56,1,0,11,230482.98,216.79,477.4,260.61,11,3.51,1.9,False
44263,firm_8,148,41.23,19.56,1,0,11,230656.34,192.92,453.53,260.61,11,3.51,1.8,False
44263,firm_8,149,39.17,19.56,2,0,22,230557.74,540.52,861.74,321.22,22,3.51,1.9,False
44263,firm_8,150,37.21,20.54,1,0,11,230485.35,148.15,409.31,261.16,11,3.56,1.9,False
44263,firm_8,151,40.93,19.51,1,0,11,230554.91,189.07,450.23,261.16,11,3.56,2.0,False
44263,firm_8,152,42.98,17.56,1,0,11,230648.97,211.62,472.78,261.16,11,3.56,2.1,False
44263,firm_8,153,45.13,19.32,1,0,11,230764.92,235.27,496.43,261.16,11,3.56,2.2,False
44263,firm_8,154,49.64,17.39,1,0,11,230731.86,284.33,546.04,261.71,11,3.61,2.3,False
44263,firm_8,155,47.16,16.52,1,0,11,230671.84,256.5,518.76,262.26,11,3.66,2.4,False
44263,firm_8,156,42.44,15.69,2,0,22,230749.62,609.16,933.68,324.52,22,3.66,2.3,False
44263,firm_8,157,40.32,14.12,2,0,22,231283.9,562.52,887.04,324.52,22,3.66,2.3,False
44263,firm_8,158,42.34,14.12,3,0,34,231788.66,1047.12,1439.56,392.44,34,3.66,2.2,False
44263,firm_8,159,38.11,14.12,2,0,22,232073.22,512.8,838.42,325.62,22,3.71,2.2,False
44263,firm_8,160,36.2,14.83,3,0,34,232365.39,836.66,1230.8,394.14,34,3.71,2.1,False
44263,firm_8,161,38.01,14.83,2,0,22,232746.33,510.6,836.22,325.62,22,3.71,2.2,False
44263,firm_8,162,41.81,13.35,1,0,11,232930.08,197.1,459.91,262.81,11,3.71,2.2,False
44263,firm_8,163,43.9,12.68,2,0,22,232843.8,639.08,965.8,326.72,22,3.76,2.1,False
44263,firm_8,164,41.7,12.05,1,0,11,233027.09,195.34,458.7,263.36,11,3.76,2.1,False
44263,firm_8,165,45.87,10.84,1,0,11,233257.46,241.21,504.57,263.36,11,3.76,2.1,False
44263,firm_8,166,45.87,11.38,1,0,11,233487.29,241.21,504.57,263.36,11,3.76,2.1,False
44263,firm_8,167,48.16,10.81,2,0,22,233698.47,732.8,1059.52,326.72,22,3.76,2.0,False
44263,firm_8,168,45.75,11.89,3,0,34,234120.76,1157.96,1555.5,397.54,34,3.81,1.9,False
44263,firm_8,169,50.32,10.7,3,0,34,235402.0,1313.34,1710.88,397.54,34,3.81,1.9,False
44263,firm_8,170,45.29,10.7,4,0,45,236233.55,1574.35,2038.05,463.7,45,3.86,1.9,False
44263,firm_8,171,43.03,10.7,3,0,34,237265.23,1063.78,1463.02,399.24,34,3.86,1.9,False
44263,firm_8,172,47.33,11.77,4,0,45,238384.3,1666.15,2129.85,463.7,45,3.86,1.8,False
44263,firm_8,173,52.06,11.18,3,0,34,239721.56,1370.8,1770.04,399.24,34,3.86,1.7,False
44263,firm_8,174,57.27,10.62,2,0,22,240430.24,929.92,1259.94,330.02,22,3.91,1.7,False
44263,firm_8,175,63.0,10.09,1,0,11,240748.14,427.99,693.0,265.01,11,3.91,1.8,False
44263,firm_8,176,56.7,10.0,1,0,11,240996.83,358.69,623.7,265.01,11,3.91,1.9,False
44263,firm_8,177,53.86,10.0,1,0,11,241113.73,326.9,592.46,265.56,11,3.96,1.9,False
44263,firm_8,178,56.55,10.0,1,0,11,241360.22,356.49,622.05,265.56,11,3.96,2.0,False
44263,firm_8,179,59.38,10.0,1,0,11,241737.84,387.62,653.18,265.56,11,3.96,2.0,False
44263,firm_8,180,53.44,10.0,1,0,11,241950.12,322.28,587.84,265.56,11,3.96,2.1,False
44263,firm_8,181,48.1,11.0,1,0,11,242102.66,263.54,529.1,265.56,11,3.96,2.2,False
44263,firm_8,182,50.5,11.0,1,0,11,242181.05,289.39,555.5,266.11,11,4.01,2.1,False
44263,firm_8,183,47.97,10.0,1,0,11,242132.06,261.01,527.67,266.66,11,4.06,2.2,False
44263,firm_8,184,50.37,10.5,1,0,11,242308.97,287.41,554.07,266.66,11,4.06,2.3,False
44263,firm_8,185,45.33,11.55,1,0,11,242529.39,231.97,498.63,266.66,11,4.06,2.3,False
44263,firm_8,186,40.8,10.97,1,0,11,242600.56,182.14,448.8,266.66,11,4.06,2.4,False
44263,firm_8,187,44.88,11.52,1,0,11,242816.06,227.02,493.68,266.66,11,4.06,2.3,False
44263,firm_8,188,49.37,10.37,1,0,11,243082.1,276.41,543.07,266.66,11,4.06,2.2,False
44263,firm_8,189,51.84,10.0,1,0,11,243375.68,303.58,570.24,266.66,11,4.06,2.2,False
44263,firm_8,190,46.66,10.0,1,0,11,243411.73,246.05,513.26,267.21,11,4.11,2.2,False
44263,firm_8,191,41.99,10.0,1,0,11,243596.41,194.68,461.89,267.21,11,4.11,2.2,False
44263,firm_8,192,44.09,10.5,1,0,11,243603.14,217.23,484.99,267.76,11,4.16,2.2,False
44263,firm_8,193,41.89,11.02,1,0,11,243484.6,192.48,460.79,268.31,11,4.21,2.3,False
44263,firm_8,194,39.8,11.57,1,0,11,243642.52,169.49,437.8,268.31,11,4.21,2.3,False
44263,firm_8,195,39.8,12.73,1,0,11,243799.28,169.49,437.8,268.31,11,4.21,2.2,False
44263,firm_8,196,41.79,11.46,1,0,11,243678.65,190.83,459.69,268.86,11,4.26,2.3,False
44263,firm_8,197,43.88,10.31,1,0,11,243882.16,213.82,482.68,268.86,11,4.26,2.3,False
44263,firm_8,198,48.27,10.0,1,0,11,243933.72,261.56,530.97,269.41,11,4.31,2.3,False
44263,firm_8,199,43.44,10.0,1,0,11,243831.6,207.88,477.84,269.96,11,4.36,2.4,False
44263,firm_8,200,45.61,10.0,1,0,11,243752.8,231.2,501.71,270.51,11,4.41,2.5,False
44263,firm_8,201,41.05,10.5,1,0,11,243622.79,180.49,451.55,271.06,11,4.46,2.6,False
44263,firm_8,202,36.94,10.5,1,0,11,243747.57,135.28,406.34,271.06,11,4.46,2.6,False
44263,firm_8,203,38.79,11.02,2,0,23,243769.12,543.59,892.17,348.58,23,4.46,2.6,False
44263,firm_8,204,40.73,10.47,2,0,23,244336.39,588.21,936.79,348.58,23,4.46,2.6,False
44263,firm_8,205,42.77,10.0,1,0,11,244425.8,199.41,470.47,271.06,11,4.46,2.7,False
44263,firm_8,206,38.49,10.0,1,0,11,244568.13,152.33,423.39,271.06,11,4.46,2.7,False
44263,firm_8,207,42.34,11.0,2,0,23,244671.37,625.24,973.82,348.58,23,4.46,2.7,False
44263,firm_8,208,38.11,12.1,2,0,22,245043.47,496.3,838.42,342.12,22,4.46,2.8,False
44263,firm_8,209,36.2,12.7,3,0,34,245114.83,809.46,1230.8,421.34,34,4.51,2.8,False
44263,firm_8,210,38.01,13.34,3,0,34,245945.81,871.0,1292.34,421.34,34,4.51,2.8,False
44263,firm_8,211,36.11,12.01,2,0,22,246171.89,450.1,794.42,344.32,22,4.56,2.7,False
44263,firm_8,212,37.92,11.41,3,0,34,246202.2,864.54,1289.28,424.74,34,4.61,2.8,False
44263,firm_8,213,34.13,11.98,4,0,46,246417.9,1063.62,1569.98,506.36,46,4.66,2.9,False
44263,firm_8,214,30.72,12.58,3,0,34,246796.5,616.34,1044.48,428.14,34,4.71,2.9,False
44263,firm_8,215,29.18,11.95,3,0,34,247224.63,563.98,992.12,428.14,34,4.71,3.0,False
44263,firm_8,216,26.26,11.35,2,0,23,247250.43,248.5,603.98,355.48,23,4.76,3.0,False
44263,firm_8,217,23.63,11.92,1,0,11,246923.53,-14.98,259.93,274.91,11,4.81,3.1,False
44263,firm_8,218,25.99,12.52,1,0,11,246621.44,10.43,285.89,275.46,11,4.86,3.2,False
44263,firm_8,219,27.29,13.15,1,0,11,246633.02,24.73,300.19,275.46,11,4.86,3.1,False
44263,firm_8,220,28.65,13.81,2,0,23,246205.42,300.02,658.95,358.93,23,4.91,3.1,False
44263,firm_8,221,25.78,14.5,1,0,11,246198.49,7.57,283.58,276.01,11,4.91,3.0,False
44263,firm_8,222,28.36,15.95,1,0,11,246017.94,35.4,311.96,276.56,11,4.96,3.0,False
44263,firm_8,223,28.36,15.15,1,0,11,245837.64,34.85,311.96,277.11,11,5.01,3.0,False
44263,firm_8,224,26.94,14.39,1,0,11,245641.93,18.68,296.34,277.66,11,5.06,2.9,False
44263,firm_8,225,28.29,12.95,1,0,11,245662.51,33.53,311.19,277.66,11,5.06,2.9,False
44263,firm_8,226,26.88,14.24,1,0,11,245566.29,18.02,295.68,277.66,11,5.06,3.0,False
44263,firm_8,227,26.88,12.82,1,0,11,245270.94,17.47,295.68,278.21,11,5.11,3.1,False
44263,firm_8,228,26.88,14.1,1,0,11,245073.76,16.92,295.68,278.76,11,5.16,3.1,False
44263,firm_8,229,25.54,12.69,1,0,11,244963.25,2.18,280.94,278.76,11,5.16,3.2,False
44263,firm_8,230,26.82,11.42,1,0,11,244968.09,16.26,295.02,278.76,11,5.16,3.2,False
44263,firm_8,231,24.14,12.56,1,0,11,244942.31,-13.22,265.54,278.76,11,5.16,3.2,False
44263,firm_8,232,21.73,12.56,1,0,11,244689.47,-40.28,239.03,279.31,11,5.21,3.2,False
44263,firm_8,233,22.82,13.19,2,0,23,244322.12,159.03,524.86,365.83,23,5.21,3.2,False
44263,firm_8,234,22.82,13.85,2,0,23,244353.45,159.03,524.86,365.83,23,5.21,3.3,False
44263,firm_8,235,20.54,14.54,2,0,23,244430.96,106.59,472.42,365.83,23,5.21,3.2,False
44263,firm_8,236,22.59,15.27,1,0,11,244184.32,-31.37,248.49,279.86,11,5.26,3.2,False
44263,firm_8,237,20.33,14.51,1,0,11,244013.58,-56.23,223.63,279.86,11,5.26,3.3,False
44263,firm_8,238,21.35,14.51,1,0,11,243653.51,-45.56,234.85,280.41,11,5.31,3.4,False
44263,firm_8,239,23.49,13.78,2,0,23,243298.09,172.14,540.27,368.13,23,5.31,3.3,False
44263,firm_8,240,21.14,13.78,2,0,23,243087.47,116.94,486.22,369.28,23,5.36,3.4,False
44263,firm_8,241,22.2,14.47,3,0,34,242646.92,302.86,754.8,451.94,34,5.41,3.3,False
44263,firm_8,242,23.31,13.02,2,0,23,242786.58,165.7,536.13,370.43,23,5.41,3.2,False
44263,firm_8,243,22.14,13.67,2,0,23,242798.03,138.79,509.22,370.43,23,5.41,3.3,False
44263,firm_8,244,19.93,14.35,3,0,34,242278.96,223.98,677.62,453.64,34,5.46,3.2,False
44263,firm_8,245,18.93,13.63,2,0,23,242315.51,63.81,435.39,371.58,23,5.46,3.1,False
44263,firm_8,246,17.98,14.31,2,0,23,242127.7,40.81,413.54,372.73,23,5.51,3.1,False
44263,firm_8,247,16.18,13.59,2,0,23,241798.78,-1.74,372.14,373.88,23,5.56,3.2,False
44263,firm_8,248,16.99,12.91,1,0,11,241489.05,-96.82,186.89,283.71,11,5.61,3.2,False
44263,firm_8,249,15.29,11.62,1,0,11,241161.36,-116.07,168.19,284.26,11,5.66,3.1,False
44263,firm_8,250,14.53,11.62,1,0,11,240824.76,-124.98,159.83,284.81,11,5.71,3.1,False
44263,firm_8,251,13.8,10.46,1,0,11,240581.29,-133.01,151.8,284.81,11,5.71,3.2,False
44263,firm_8,252,13.8,10.98,1,0,11,240437.3,-133.01,151.8,284.81,11,5.71,3.2,False
44263,firm_8,253,15.18,10.98,1,0,11,240208.49,-117.83,166.98,284.81,11,5.71,3.3,False
44263,firm_8,254,16.7,11.53,1,0,11,239795.3,-101.66,183.7,285.36,11,5.76,3.4,False
44263,firm_8,255,17.54,12.11,1,0,11,239390.22,-92.97,192.94,285.91,11,5.81,3.5,False
44263,firm_8,256,18.42,10.9,1,0,11,239196.03,-83.29,202.62,285.91,11,5.81,3.6,False
44263,firm_8,257,17.5,10.0,1,0,11,238792.07,-93.96,192.5,286.46,11,5.86,3.7,False
44263,firm_8,258,16.62,10.0,1,0,11,238578.43,-103.64,182.82,286.46,11,5.86,3.8,False
44263,firm_8,259,17.45,10.0,1,0,11,238273.37,-95.06,191.95,287.01,11,5.91,3.7,False
44263,firm_8,260,16.58,10.5,1,0,11,237957.69,-105.18,182.38,287.56,11,5.96,3.7,False
44263,firm_8,261,15.75,11.55,1,0,11,237731.83,-114.31,173.25,287.56,11,5.96,3.8,False
44263,firm_8,262,14.18,10.97,1,0,11,237589.28,-131.58,155.98,287.56,11,5.96,3.8,False
44263,firm_8,263,14.18,10.0,1,0,11,237247.26,-132.02,155.98,288.0,11,6.0,3.8,False
44263,firm_8,264,12.76,10.5,1,0,11,237089.12,-147.64,140.36,288.0,11,6.0,3.8,False
44263,firm_8,265,11.48,11.55,2,0,23,236346.06,-119.96,264.04,384.0,23,6.0,3.9,False
44263,firm_8,266,10.33,10.4,1,0,11,236061.29,-174.37,113.63,288.0,11,6.0,4.0,False
44263,firm_8,267,11.36,10.92,2,0,22,235113.37,-126.08,249.92,376.0,22,6.0,4.1,False
44263,firm_8,268,10.22,10.37,2,0,22,234941.47,-151.16,224.84,376.0,22,6.0,4.1,False
44263,firm_8,269,10.0,10.0,3,0,34,234279.47,-132.0,340.0,472.0,34,6.0,4.0,False
44263,firm_8,270,10.0,10.0,3,0,34,234017.47,-132.0,340.0,472.0,34,6.0,4.1,False
44263,firm_8,271,10.0,10.0,2,0,23,233543.47,-154.0,230.0,384.0,23,6.0,4.2,False
44263,firm_8,272,10.0,10.5,2,0,23,233068.47,-154.0,230.0,384.0,23,6.0,4.3,False
44263,firm_8,273,10.0,11.02,1,0,11,232679.45,-178.0,110.0,288.0,11,6.0,4.2,False
44263,firm_8,274,10.0,10.47,1,0,11,232490.98,-178.0,110.0,288.0,11,6.0,4.2,False
44263,firm_8,275,10.0,10.99,1,0,11,232201.99,-178.0,110.0,288.0,11,6.0,4.3,False
44263,firm_8,276,10.0,10.44,1,0,11,231913.55,-178.0,110.0,288.0,11,6.0,4.4,False
44263,firm_8,277,10.0,10.44,1,0,11,231525.11,-178.0,110.0,288.0,11,6.0,4.3,False
44263,firm_8,278,10.0,11.48,1,0,11,231035.63,-178.0,110.0,288.0,11,6.0,4.4,False
44263,firm_8,279,10.0,12.63,2,0,23,230356.37,-154.0,230.0,384.0,23,6.0,4.4,False
44263,firm_8,280,10.0,13.26,2,0,23,229975.85,-154.0,230.0,384.0,23,6.0,4.4,False
44263,firm_8,281,10.0,12.6,2,0,23,229596.65,-154.0,230.0,384.0,23,6.0,4.4,False
44263,firm_8,282,10.0,11.97,2,0,23,229318.71,-154.0,230.0,384.0,23,6.0,4.5,False
44263,firm_8,283,10.0,11.97,2,0,23,229140.77,-154.0,230.0,384.0,23,6.0,4.4,False
44263,firm_8,284,10.0,12.57,2,0,23,228961.63,-154.0,230.0,384.0,23,6.0,4.4,False
44263,firm_8,285,10.5,13.83,2,0,23,228691.47,-142.5,241.5,384.0,23,6.0,4.5,False
44263,firm_8,286,10.0,15.21,3,0,34,228013.84,-132.0,340.0,472.0,34,6.0,4.5,False
44263,firm_8,287,10.0,14.45,3,0,34,227738.49,-132.0,340.0,472.0,34,6.0,4.6,False
44263,firm_8,288,10.0,15.9,3,0,34,227258.79,-132.0,340.0,472.0,34,6.0,4.7,False
44263,firm_8,289,10.0,15.9,2,0,23,226972.99,-154.0,230.0,384.0,23,6.0,4.8,False
44263,firm_8,290,10.0,14.31,2,0,23,226490.37,-154.0,230.0,384.0,23,6.0,4.9,False
44263,firm_8,291,10.0,15.74,1,0,11,226296.63,-178.0,110.0,288.0,11,6.0,4.8,False
44263,firm_8,292,10.0,14.17,2,0,22,225312.29,-156.0,220.0,376.0,22,6.0,4.9,False
44263,firm_8,293,10.0,14.88,2,0,22,225126.53,-156.0,220.0,376.0,22,6.0,4.9,False
44263,firm_8,294,10.0,13.39,1,0,11,224635.14,-178.0,110.0,288.0,11,6.0,5.0,False
44263,firm_8,295,10.0,12.05,1,0,11,224445.09,-178.0,110.0,288.0,11,6.0,5.0,False
44263,firm_8,296,10.0,11.45,1,0,11,224255.64,-178.0,110.0,288.0,11,6.0,5.0,False
44263,firm_8,297,10.0,10.88,1,0,11,223766.76,-178.0,110.0,288.0,11,6.0,5.1,False
44263,firm_8,298,10.0,10.88,2,0,22,223089.0,-156.0,220.0,376.0,22,6.0,5.1,False
44263,firm_8,299,10.0,10.34,2,0,22,222712.32,-156.0,220.0,376.0,22,6.0,5.1,False
44263,firm_8,300,10.0,10.86,1,0,11,222423.46,-178.0,110.0,288.0,11,6.0,5.2,False
44263,firm_8,301,10.0,11.4,1,0,11,222234.06,-178.0,110.0,288.0,11,6.0,5.1,False
44263,firm_8,302,10.0,11.4,1,0,11,221744.66,-178.0,110.0,288.0,11,6.0,5.2,False
44263,firm_8,303,10.0,11.97,1,0,11,221354.69,-178.0,110.0,288.0,11,6.0,5.2,False
44263,firm_8,304,10.0,13.17,1,0,11,221163.52,-178.0,110.0,288.0,11,6.0,5.1,False
44263,firm_8,305,10.5,11.85,1,0,11,220979.17,-172.5,115.5,288.0,11,6.0,5.1,False
44263,firm_8,306,10.0,11.85,2,0,22,219999.47,-156.0,220.0,376.0,22,6.0,5.2,False
44263,firm_8,307,10.0,11.26,1,0,11,219610.21,-178.0,110.0,288.0,11,6.0,5.2,False
44263,firm_8,308,10.0,12.39,1,0,11,219419.82,-178.0,110.0,288.0,11,6.0,5.2,False
44263,firm_8,309,10.5,13.01,1,0,11,218934.31,-172.5,115.5,288.0,11,6.0,5.3,False
44263,firm_8,310,11.55,11.71,2,0,22,217988.99,-121.9,254.1,376.0,22,6.0,5.4,False
44263,firm_8,311,11.55,12.3,2,0,22,217642.49,-121.9,254.1,376.0,22,6.0,5.3,False
44263,firm_8,312,10.4,13.53,1,0,11,217155.36,-173.6,114.4,288.0,11,6.0,5.4,False
44263,firm_8,313,10.4,12.85,1,0,11,216968.91,-173.6,114.4,288.0,11,6.0,5.4,False
44263,firm_8,314,10.0,11.56,1,0,11,216479.35,-178.0,110.0,288.0,11,6.0,5.5,False
44263,firm_8,315,11.0,12.14,1,0,11,216000.21,-167.0,121.0,288.0,11,6.0,5.6,False
44263,firm_8,316,10.0,11.53,1,0,11,215610.68,-178.0,110.0,288.0,11,6.0,5.6,False
44263,firm_8,317,10.0,12.11,1,0,11,215320.57,-178.0,110.0,288.0,11,6.0,5.7,False
44263,firm_8,318,10.0,13.32,1,0,11,214829.25,-178.0,110.0,288.0,11,6.0,5.8,False
44263,firm_8,319,10.0,13.99,1,0,11,214437.26,-178.0,110.0,288.0,11,6.0,5.8,False
44263,firm_8,320,10.5,14.69,2,0,22,213562.88,-145.0,231.0,376.0,22,6.0,5.8,False
44263,firm_8,321,11.02,15.42,1,0,11,213080.68,-166.78,121.22,288.0,11,6.0,5.9,False
44263,firm_8,322,10.47,16.19,2,0,22,212102.64,-145.66,230.34,376.0,22,6.0,6.0,False
44263,firm_8,323,10.0,17.0,1,0,11,211707.64,-178.0,110.0,288.0,11,6.0,5.9,False
44263,firm_8,324,10.0,17.85,1,0,11,211311.79,-178.0,110.0,288.0,11,6.0,5.9,False
44263,firm_8,325,10.5,16.96,1,0,11,211022.33,-172.5,115.5,288.0,11,6.0,6.0,False
44263,firm_8,326,10.0,16.11,1,0,11,210728.22,-178.0,110.0,288.0,11,6.0,6.0,False
44263,firm_8,327,10.0,16.92,1,0,11,210433.3,-178.0,110.0,288.0,11,6.0,6.0,False
44263,firm_8,328,10.5,15.23,1,0,11,210045.57,-172.5,115.5,288.0,11,6.0,5.9,False
44263,firm_8,329,10.5,14.47,1,0,11,209658.6,-172.5,115.5,288.0,11,6.0,5.8,False
44263,firm_8,330,10.0,15.92,1,0,11,209464.68,-178.0,110.0,288.0,11,6.0,5.7,False
44263,firm_8,331,10.5,16.72,1,0,11,209275.46,-172.5,115.5,288.0,11,6.0,5.7,False
44263,firm_8,332,11.02,15.88,2,0,22,208310.14,-133.56,242.44,376.0,22,6.0,5.8,False
44263,firm_8,333,10.47,15.09,2,0,22,207834.3,-145.66,230.34,376.0,22,6.0,5.9,False
44263,firm_8,334,10.99,15.84,2,0,22,207668.4,-134.22,241.78,376.0,22,6.0,5.9,False
44263,firm_8,335,10.0,16.63,1,0,11,207373.77,-178.0,110.0,288.0,11,6.0,6.0,False
44263,firm_8,336,10.0,17.46,1,0,11,207178.31,-178.0,110.0,288.0,11,6.0,6.0,False
44263,firm_8,337,10.0,19.21,1,0,11,206781.1,-178.0,110.0,288.0,11,6.0,6.0,False
44263,firm_8,338,10.0,19.21,1,0,11,206583.89,-178.0,110.0,288.0,11,6.0,6.0,False
44263,firm_8,339,11.0,20.17,1,0,11,206196.72,-167.0,121.0,288.0,11,6.0,6.0,False
44263,firm_8,340,12.1,18.15,2,0,22,205350.62,-109.8,266.2,376.0,22,6.0,6.0,False
44263,firm_8,341,13.31,19.06,1,0,11,204889.97,-141.59,146.41,288.0,11,6.0,6.0,False
44263,firm_8,342,13.31,17.15,1,0,11,204431.23,-141.59,146.41,288.0,11,6.0,6.0,False
44263,firm_8,343,11.98,18.86,2,0,22,203481.07,-112.44,263.56,376.0,22,6.0,6.0,False
44263,firm_8,344,11.38,17.92,1,0,11,203200.33,-162.82,125.18,288.0,11,6.0,6.0,False
44263,firm_8,345,11.95,17.92,1,0,11,202825.86,-156.55,131.45,288.0,11,6.0,6.0,False
44263,firm_8,346,12.55,18.82,1,0,11,202557.09,-149.95,138.05,288.0,11,6.0,6.0,False
44263,firm_8,347,12.55,20.7,1,0,11,202186.44,-149.95,138.05,288.0,11,6.0,5.9,False
44263,firm_8,348,13.18,18.63,2,0,22,201263.14,-86.04,289.96,376.0,22,6.0,6.0,False
44263,firm_8,349,13.18,17.7,1,0,11,201102.42,-143.02,144.98,288.0,11,6.0,6.0,False
44263,firm_8,350,12.52,17.7,1,0,11,200634.44,-150.28,137.72,288.0,11,6.0,6.0,False
44263,firm_8,351,11.89,15.93,1,0,11,200261.3,-157.21,130.79,288.0,11,6.0,6.0,False
44263,firm_8,352,11.3,16.73,2,0,22,199600.44,-127.4,248.6,376.0,22,6.0,5.9,False
44263,firm_8,353,10.17,16.73,1,0,11,199207.58,-176.13,111.87,288.0,11,6.0,5.9,False
44263,firm_8,354,10.0,15.06,2,0,22,198321.46,-156.0,220.0,376.0,22,6.0,5.9,False
44263,firm_8,355,10.5,14.31,1,0,11,198134.65,-172.5,115.5,288.0,11,6.0,5.8,False
44263,firm_8,356,10.0,14.31,1,0,11,197942.34,-178.0,110.0,288.0,11,6.0,5.8,False
44263,firm_8,357,10.0,14.31,2,0,22,197257.72,-156.0,220.0,376.0,22,6.0,5.8,False
44263,firm_8,358,10.0,12.88,3,0,34,196487.08,-132.0,340.0,472.0,34,6.0,5.9,False
44263,firm_8,359,10.0,12.88,4,0,45,195825.56,-110.0,450.0,560.0,45,6.0,5.9,False
44263,firm_8,360,10.0,11.59,3,0,34,195658.79,-132.0,340.0,472.0,34,6.0,5.8,False
44263,firm_8,361,10.0,11.59,2,0,22,195479.61,-156.0,220.0,376.0,22,6.0,5.8,False
44263,firm_8,362,10.0,11.59,2,0,22,195200.43,-156.0,220.0,376.0,22,6.0,5.9,False
44263,firm_8,363,10.0,10.43,1,0,11,194812.0,-178.0,110.0,288.0,11,6.0,5.8,False
44263,firm_8,364,10.0,11.47,1,0,11,194422.53,-178.0,110.0,288.0,11,6.0,5.8,False
44263,firm_8,365,10.0,12.04,1,0,11,194032.49,-178.0,110.0,288.0,11,6.0,5.8,False
44263,firm_9,1,40.44,43.1,15,0,174,93403.09,6436.36,7036.56,600.2,174,0.3,0.47,False
44263,firm_9,2,36.4,47.41,15,0,174,98425.34,5733.4,6333.6,600.2,174,0.3,0.47,False
44263,firm_9,3,32.76,49.78,14,0,162,102362.94,4734.52,5307.12,572.6,162,0.3,0.57,False
44263,firm_9,4,29.48,47.29,14,0,163,105931.22,4230.34,4805.24,574.9,163,0.3,0.57,False
44263,firm_9,5,28.01,44.93,14,0,163,109084.78,3982.58,4565.63,583.05,163,0.35,0.57,False
44263,firm_9,6,30.81,47.18,15,0,175,112448.83,4771.75,5391.75,620.0,175,0.4,0.57,False
44263,firm_9,7,30.81,47.18,15,0,175,116304.13,4763.0,5391.75,628.75,175,0.45,0.57,False
44263,firm_9,8,27.73,42.46,16,0,186,119417.55,4492.78,5157.78,665.0,186,0.5,0.47,False
44263,firm_9,9,30.5,42.46,17,0,198,123329.83,5334.1,6039.0,704.9,198,0.55,0.47,False
44263,firm_9,10,30.5,38.21,16,0,186,127507.87,4989.4,5673.0,683.6,186,0.6,0.47,False
44263,firm_9,11,30.5,36.3,15,0,174,131409.27,4645.9,5307.0,661.1,174,0.65,0.47,False
44263,firm_9,12,27.45,36.3,16,0,186,134741.27,4412.8,5105.7,692.9,186,0.65,0.37,False
44263,firm_9,13,30.2,32.67,15,0,174,138636.22,4585.0,5254.8,669.8,174,0.7,0.37,False
44263,firm_9,14,30.2,31.04,15,0,174,142755.62,4585.0,5254.8,669.8,174,0.7,0.37,False
44263,firm_9,15,30.2,31.04,16,0,186,146673.98,4915.0,5617.2,702.2,186,0.7,0.37,False
44263,firm_9,16,27.18,29.49,17,0,197,150295.21,4622.56,5354.46,731.9,197,0.7,0.27,False
44263,firm_9,17,27.18,32.44,17,0,197,154056.44,4612.71,5354.46,741.75,197,0.75,0.37,False
44263,firm_9,18,24.46,29.2,17,0,197,157636.91,4076.87,4818.62,741.75,197,0.75,0.37,False
44263,firm_9,19,25.68,27.74,17,0,197,161272.69,4307.36,5058.96,751.6,197,0.8,0.37,False
44263,firm_9,20,24.4,30.51,18,0,209,164327.46,4303.95,5099.6,795.65,209,0.85,0.27,False
44263,firm_9,21,26.84,33.56,17,0,197,167973.12,4516.18,5287.48,771.3,197,0.9,0.37,False
44263,firm_9,22,29.52,33.56,18,0,209,172022.17,5353.13,6169.68,816.55,209,0.95,0.27,False
44263,firm_9,23,26.57,31.88,19,0,220,175912.85,4996.4,5845.4,849.0,220,0.95,0.27,False
44263,firm_9,24,27.9,30.29,18,0,208,180146.83,4979.2,5803.2,824.0,208,1.0,0.17,False
44263,firm_9,25,27.9,27.26,19,0,220,184195.89,5267.0,6138.0,871.0,220,1.05,0.17,False
44263,firm_9,26,27.9,29.99,18,0,208,188624.87,4968.8,5803.2,834.4,208,1.05,0.1,False
44263,firm_9,27,26.5,31.49,18,0,208,192525.25,4667.2,5512.0,844.8,208,1.1,0.1,False
44263,firm_9,28,26.5,28.34,17,0,196,196329.87,4386.4,5194.0,807.6,196,1.1,0.2,False
44263,firm_9,29,26.5,31.17,16,0,185,199750.9,4119.75,4902.5,782.75,185,1.15,0.1,False
44263,firm_9,30,29.15,31.17,17,0,196,203407.21,4886.2,5713.4,827.2,196,1.2,0.1,False
44263,firm_9,31,26.24,34.29,16,0,185,206920.97,4062.4,4854.4,792.0,185,1.2,0.1,False
44263,firm_9,32,24.93,32.58,16,0,185,210010.49,3810.8,4612.05,801.25,185,1.25,0.1,False
44263,firm_9,33,27.42,35.84,17,0,196,213128.73,4527.52,5374.32,846.8,196,1.3,0.2,False
44263,firm_9,34,24.68,35.84,17,0,196,216509.93,3990.48,4837.28,846.8,196,1.3,0.2,False
44263,firm_9,35,22.21,32.26,17,0,196,219367.87,3506.36,4353.16,846.8,196,1.3,0.3,False
44263,firm_9,36,19.99,33.87,17,0,196,221763.32,3071.24,3918.04,846.8,196,1.3,0.4,False
44263,firm_9,37,19.99,32.18,17,0,196,224187.5,3071.24,3918.04,846.8,196,1.3,0.5,False
44263,firm_9,38,21.99,32.18,17,0,196,226893.88,3453.44,4310.04,856.6,196,1.35,0.4,False
44263,firm_9,39,20.89,30.57,17,0,196,229402.23,3228.04,4094.44,866.4,196,1.4,0.4,False
44263,firm_9,40,22.98,32.1,17,0,196,232394.21,3637.68,4504.08,866.4,196,1.4,0.5,False
44263,firm_9,41,25.28,28.89,17,0,196,235891.56,4088.48,4954.88,866.4,196,1.4,0.6,False
44263,firm_9,42,24.02,27.45,16,0,185,239067.06,3614.7,4443.7,829.0,185,1.4,0.6,False
44263,firm_9,43,22.82,30.2,17,0,196,241350.18,3596.52,4472.72,876.2,196,1.45,0.7,False
44263,firm_9,44,21.68,33.22,17,0,196,244158.52,3373.08,4249.28,876.2,196,1.45,0.7,False
44263,firm_9,45,23.85,33.22,17,0,196,247182.38,3788.6,4674.6,886.0,196,1.5,0.6,False
44263,firm_9,46,22.66,29.9,18,0,207,249810.3,3766.12,4690.62,924.5,207,1.5,0.7,False
44263,firm_9,47,20.39,29.9,18,0,208,252374.82,3302.72,4241.12,938.4,208,1.55,0.6,False
44263,firm_9,48,19.37,31.4,18,0,208,254900.18,3090.56,4028.96,938.4,208,1.55,0.5,False
44263,firm_9,49,19.37,34.54,19,0,220,257024.32,3280.4,4261.4,981.0,220,1.55,0.4,False
44263,firm_9,50,21.31,37.99,20,0,231,259455.53,3891.01,4922.61,1031.6,231,1.6,0.3,False
44263,firm_9,51,20.24,41.79,20,0,231,262163.57,3643.84,4675.44,1031.6,231,1.6,0.4,False
44263,firm_9,52,22.26,45.97,19,0,220,265195.34,3905.2,4897.2,992.0,220,1.6,0.3,False
44263,firm_9,53,23.37,41.37,18,0,208,268052.44,3901.76,4860.96,959.2,208,1.65,0.4,False
44263,firm_9,54,25.71,45.51,18,0,208,271411.34,4378.08,5347.68,969.6,208,1.7,0.4,False
44263,firm_9,55,27.0,45.51,18,0,208,275138.56,4646.4,5616.0,969.6,208,1.7,0.5,False
44263,firm_9,56,29.7,50.06,18,0,208,279445.48,5208.0,6177.6,969.6,208,1.7,0.4,False
44263,firm_9,57,26.73,55.07,18,0,208,282944.46,4590.24,5559.84,969.6,208,1.7,0.5,False
44263,firm_9,58,28.07,55.07,18,0,208,286611.76,4858.56,5838.56,980.0,208,1.75,0.4,False
44263,firm_9,59,29.47,60.58,17,0,196,290213.22,4831.32,5776.12,944.8,196,1.8,0.4,False
44263,firm_9,60,29.47,66.64,18,0,208,293653.06,5139.36,6129.76,990.4,208,1.8,0.3,False
44263,firm_9,61,30.94,59.98,19,0,220,297784.24,5770.8,6806.8,1036.0,220,1.8,0.3,False
44263,firm_9,62,29.39,62.98,19,0,220,302017.42,5429.8,6465.8,1036.0,220,1.8,0.3,False
44263,firm_9,63,30.86,69.28,19,0,219,306327.24,5726.14,6758.34,1032.2,219,1.8,0.4,False
44263,firm_9,64,29.32,76.21,19,0,219,309957.18,5377.93,6421.08,1043.15,219,1.85,0.5,False
44263,firm_9,65,29.32,83.83,18,0,208,313335.6,5087.36,6098.56,1011.2,208,1.9,0.4,False
44263,firm_9,66,32.25,83.83,18,0,208,317213.06,5686.4,6708.0,1021.6,208,1.95,0.5,False
44263,firm_9,67,33.86,79.64,19,0,220,321580.1,6380.2,7449.2,1069.0,220,1.95,0.5,False
44263,firm_9,68,37.25,75.66,18,0,208,326944.62,6726.4,7748.0,1021.6,208,1.95,0.4,False
44263,firm_9,69,40.98,83.23,17,0,196,332487.59,7057.88,8032.08,974.2,196,1.95,0.5,False
44263,firm_9,70,40.98,74.91,17,0,196,337962.2,7048.08,8032.08,984.0,196,2.0,0.6,False
44263,firm_9,71,38.93,71.16,16,0,185,342876.44,6252.8,7202.05,949.25,185,2.05,0.6,False
44263,firm_9,72,35.04,64.04,17,0,196,346952.0,5864.24,6867.84,1003.6,196,2.1,0.5,False
44263,firm_9,73,33.29,70.44,18,0,208,351055.6,5871.52,6924.32,1052.8,208,2.1,0.5,False
44263,firm_9,74,29.96,77.48,18,0,208,354629.44,5168.48,6231.68,1063.2,208,2.15,0.5,False
44263,firm_9,75,28.46,85.23,18,0,207,357717.12,4821.82,5891.22,1069.4,207,2.2,0.4,False
44263,firm_9,76,28.46,93.75,18,0,207,360851.44,4821.82,5891.22,1069.4,207,2.2,0.4,False
44263,firm_9,77,31.31,93.75,17,0,196,364371.25,5113.56,6136.76,1023.2,196,2.2,0.4,False
44263,firm_9,78,34.44,89.06,17,0,196,368484.27,5727.04,6750.24,1023.2,196,2.2,0.5,False
44263,firm_9,79,31.0,97.97,18,0,207,371568.41,5347.6,6417.0,1069.4,207,2.2,0.4,False
44263,firm_9,80,29.45,107.77,19,0,220,374164.78,5344.0,6479.0,1135.0,220,2.25,0.4,False
44263,firm_9,81,27.98,118.55,18,0,208,376766.72,4735.84,5819.84,1084.0,208,2.25,0.3,False
44263,firm_9,82,27.98,130.4,18,0,209,379079.09,4759.57,5847.82,1088.25,209,2.25,0.4,False
44263,firm_9,83,30.78,130.4,19,0,221,381553.57,5652.08,6802.38,1150.3,221,2.3,0.4,False
44263,firm_9,84,30.78,130.4,19,0,221,384517.0,5641.03,6802.38,1161.35,221,2.35,0.3,False
44263,firm_9,85,30.78,143.44,19,0,221,387221.62,5629.98,6802.38,1172.4,221,2.4,0.2,False
44263,firm_9,86,29.24,136.27,19,0,221,389922.13,5289.64,6462.04,1172.4,221,2.4,0.1,False
44263,firm_9,87,29.24,136.27,19,0,221,392622.64,5289.64,6462.04,1172.4,221,2.4,0.1,False
44263,firm_9,88,32.16,149.9,20,0,232,395364.96,6240.32,7461.12,1220.8,232,2.4,0.1,False
44263,firm_9,89,30.55,164.89,20,0,232,397933.96,5866.8,7087.6,1220.8,232,2.4,0.1,False
44263,firm_9,90,29.02,173.13,21,0,244,399393.31,5795.08,7080.88,1285.8,244,2.45,0.1,False
44263,firm_9,91,27.57,155.82,22,0,256,400971.19,5705.92,7057.92,1352.0,256,2.5,0.1,False
44263,firm_9,92,27.57,140.24,21,0,244,403455.23,5429.08,6727.08,1298.0,244,2.5,0.1,False
44263,firm_9,93,24.81,147.25,21,0,244,405118.62,4755.64,6053.64,1298.0,244,2.5,0.1,False
44263,firm_9,94,24.81,139.89,21,0,244,406624.37,4743.44,6053.64,1310.2,244,2.55,0.2,False
44263,firm_9,95,26.05,132.9,22,0,256,408191.77,5291.2,6668.8,1377.6,256,2.6,0.3,False
44263,firm_9,96,23.44,139.55,22,0,256,409644.71,4623.04,6000.64,1377.6,256,2.6,0.4,False
44263,firm_9,97,22.27,146.53,22,0,256,410744.57,4323.52,5701.12,1377.6,256,2.6,0.4,False
44263,firm_9,98,20.04,153.86,22,0,256,411112.29,3752.64,5130.24,1377.6,256,2.6,0.3,False
44263,firm_9,99,18.04,161.55,23,0,267,410285.12,3388.48,4816.68,1428.2,267,2.6,0.3,False
44263,firm_9,100,17.14,169.63,22,0,256,409563.5,3010.24,4387.84,1377.6,256,2.6,0.3,False
44263,firm_9,101,18.0,186.59,23,0,267,407936.38,3364.45,4806.0,1441.55,267,2.65,0.3,False
44263,firm_9,102,18.0,195.92,23,0,267,406794.67,3364.45,4806.0,1441.55,267,2.65,0.3,False
44263,firm_9,103,18.0,205.72,22,0,256,405173.63,3204.8,4608.0,1403.2,256,2.7,0.4,False
44263,firm_9,104,16.2,185.15,23,0,267,403185.68,2870.5,4325.4,1454.9,267,2.7,0.5,False
44263,firm_9,105,16.2,194.41,23,0,267,401584.75,2870.5,4325.4,1454.9,267,2.7,0.5,False
44263,firm_9,106,17.82,184.69,23,0,267,400426.57,3289.69,4757.94,1468.25,267,2.75,0.5,False
44263,firm_9,107,16.04,203.16,23,0,267,398568.32,2814.43,4282.68,1468.25,267,2.75,0.5,False
44263,firm_9,108,15.24,193.0,23,0,267,396630.15,2600.83,4069.08,1468.25,267,2.75,0.6,False
44263,firm_9,109,13.72,212.3,22,0,256,393743.07,2083.52,3512.32,1428.8,256,2.8,0.7,False
44263,firm_9,110,15.09,222.92,21,0,244,391060.31,2298.56,3681.96,1383.4,244,2.85,0.8,False
44263,firm_9,111,14.34,245.21,20,0,232,387846.19,1990.08,3326.88,1336.8,232,2.9,0.9,False
44263,firm_9,112,15.77,220.69,21,0,244,384951.78,2440.08,3847.88,1407.8,244,2.95,0.9,False
44263,firm_9,113,15.77,231.72,21,0,244,382525.74,2440.08,3847.88,1407.8,244,2.95,0.8,False
44263,firm_9,114,14.19,243.31,20,0,232,379291.62,1932.08,3292.08,1360.0,232,3.0,0.9,False
44263,firm_9,115,14.19,267.64,21,0,244,375001.34,2030.16,3462.36,1432.2,244,3.05,0.9,False
44263,firm_9,116,14.9,267.64,22,0,256,370934.86,2321.6,3814.4,1492.8,256,3.05,0.8,False
44263,firm_9,117,14.9,267.64,22,0,256,367055.58,2308.8,3814.4,1505.6,256,3.1,0.9,False
44263,firm_9,118,16.39,267.64,21,0,244,363777.7,2542.56,3999.16,1456.6,244,3.15,0.9,False
44263,firm_9,119,16.39,267.64,21,0,244,360487.62,2530.36,3999.16,1468.8,244,3.2,0.9,False
44263,firm_9,120,17.21,240.88,20,0,232,358044.74,2574.72,3992.72,1418.0,232,3.25,0.8,False
44263,firm_9,121,17.21,264.97,21,0,244,354386.41,2706.04,4199.24,1493.2,244,3.3,0.9,False
44263,firm_9,122,18.93,278.22,21,0,244,351357.31,3113.52,4618.92,1505.4,244,3.35,1.0,False
44263,firm_9,123,20.82,292.13,22,0,256,348190.77,3760.32,5329.92,1569.6,256,3.35,0.9,False
44263,firm_9,124,18.74,321.34,22,0,256,344349.13,3227.84,4797.44,1569.6,256,3.35,0.8,False
44263,firm_9,125,18.74,353.47,23,0,267,338881.1,3361.78,5003.58,1641.8,267,3.4,0.7,False
44263,firm_9,126,16.87,371.14,24,0,279,332259.92,2986.18,4706.73,1720.55,279,3.45,0.6,False
44263,firm_9,127,15.18,334.03,23,0,267,326761.79,2384.56,4053.06,1668.5,267,3.5,0.5,False
44263,firm_9,128,16.7,367.43,23,0,267,320887.95,2777.05,4458.9,1681.85,267,3.55,0.4,False
44263,firm_9,129,17.54,404.17,24,0,279,313619.13,3131.26,4893.66,1762.4,279,3.6,0.4,False
44263,firm_9,130,16.66,363.75,25,0,291,307043.84,3018.46,4848.06,1829.6,291,3.6,0.4,False
44263,firm_9,131,17.49,327.38,25,0,291,301904.78,3245.44,5089.59,1844.15,291,3.65,0.4,False
44263,firm_9,132,16.62,360.12,26,0,302,295154.6,3112.94,5019.24,1906.3,302,3.65,0.3,False
44263,firm_9,133,15.79,324.11,27,0,314,288671.89,2968.26,4958.06,1989.8,314,3.7,0.3,False
44263,firm_9,134,16.58,340.32,28,0,325,281762.68,3319.75,5388.5,2068.75,325,3.75,0.2,False
44263,firm_9,135,17.41,323.3,27,0,314,276494.82,3461.24,5466.74,2005.5,314,3.75,0.2,False
44263,firm_9,136,17.41,339.46,28,0,325,269863.19,3573.25,5658.25,2085.0,325,3.8,0.1,False
44263,firm_9,137,19.15,305.51,28,0,325,265231.41,4122.5,6223.75,2101.25,325,3.85,0.1,False
44263,firm_9,138,18.19,274.96,27,0,314,261382.25,3674.76,5711.66,2036.9,314,3.85,0.2,False
44263,firm_9,139,17.28,247.46,28,0,325,257468.12,3514.75,5616.0,2101.25,325,3.85,0.1,False
44263,firm_9,140,18.14,259.83,27,0,314,254111.77,3659.06,5695.96,2036.9,314,3.85,0.1,False
44263,firm_9,141,18.14,272.82,27,0,314,250404.69,3659.06,5695.96,2036.9,314,3.85,0.1,False
44263,firm_9,142,19.95,245.54,28,0,323,247067.72,4338.15,6443.85,2105.7,323,3.9,0.2,False
44263,firm_9,143,18.95,270.09,27,0,314,243457.29,3882.0,5950.3,2068.3,314,3.95,0.1,False
44263,firm_9,144,18.0,270.09,27,0,314,239532.86,3568.0,5652.0,2084.0,314,4.0,0.1,False
44263,firm_9,145,16.2,256.59,28,0,325,234863.34,3115.0,5265.0,2150.0,325,4.0,0.2,False
44263,firm_9,146,15.39,269.42,28,0,325,229955.08,2835.5,5001.75,2166.25,325,4.05,0.2,False
44263,firm_9,147,14.62,255.95,27,0,314,225435.41,2490.98,4590.68,2099.7,314,4.05,0.3,False
44263,firm_9,148,13.16,281.54,28,0,325,218946.79,2094.5,4277.0,2182.5,325,4.1,0.2,False
44263,firm_9,149,14.48,253.39,27,0,314,214220.88,2415.62,4546.72,2131.1,314,4.15,0.3,False
44263,firm_9,150,13.76,266.06,28,0,325,208444.45,2273.25,4472.0,2198.75,325,4.15,0.4,False
44263,firm_9,151,14.45,292.67,29,0,337,201837.27,2580.25,4869.65,2289.4,337,4.2,0.4,False
44263,firm_9,152,13.73,278.04,28,0,325,196199.4,2247.25,4462.25,2215.0,325,4.2,0.5,False
44263,firm_9,153,13.73,250.24,29,0,337,190680.05,2337.61,4627.01,2289.4,337,4.2,0.6,False
44263,firm_9,154,13.73,237.73,28,0,325,186170.86,2247.25,4462.25,2215.0,325,4.2,0.7,False
44263,firm_9,155,12.36,249.62,27,0,314,181165.36,1734.24,3881.04,2146.8,314,4.2,0.7,False
44263,firm_9,156,11.74,274.58,28,0,325,174577.62,1600.5,3815.5,2215.0,325,4.2,0.7,False
44263,firm_9,157,11.15,247.12,29,0,335,168152.64,1441.5,3735.25,2293.75,335,4.25,0.7,False
44263,firm_9,158,12.26,259.48,29,0,335,162224.32,1796.6,4107.1,2310.5,335,4.3,0.6,False
44263,firm_9,159,12.87,285.43,30,0,349,155036.9,2075.48,4491.63,2416.15,349,4.35,0.6,False
44263,firm_9,160,14.16,285.43,29,0,335,149075.78,2416.35,4743.6,2327.25,335,4.35,0.7,False
44263,firm_9,161,12.74,256.89,28,0,323,143746.83,1863.97,4115.02,2251.05,323,4.35,0.7,False
44263,firm_9,162,14.01,244.05,28,0,323,138871.46,2258.03,4525.23,2267.2,323,4.4,0.8,False
44263,firm_9,163,14.01,231.85,27,0,311,134462.67,2151.16,4357.11,2205.95,311,4.45,0.9,False
44263,firm_9,164,14.01,231.85,26,0,300,130287.57,2053.0,4203.0,2150.0,300,4.5,0.8,False
44263,firm_9,165,14.01,255.04,25,0,288,125660.05,1948.48,4034.88,2086.4,288,4.55,0.8,False
44263,firm_9,166,14.71,255.04,24,0,277,121599.41,2060.32,4074.67,2014.35,277,4.55,0.8,False
44263,firm_9,167,14.71,280.54,24,0,277,116826.77,2060.32,4074.67,2014.35,277,4.55,0.9,False
44263,firm_9,168,15.45,252.49,24,0,277,112718.46,2251.45,4279.65,2028.2,277,4.6,1.0,False
44263,firm_9,169,16.22,277.74,23,0,265,108679.74,2349.3,4298.3,1949.0,265,4.6,1.0,False
44263,firm_9,170,16.22,263.85,22,0,254,104905.82,2230.78,4119.88,1889.1,254,4.65,0.9,False
44263,firm_9,171,14.6,237.47,23,0,265,100850.76,1906.75,3869.0,1962.25,265,4.65,0.8,False
44263,firm_9,172,16.06,261.22,23,0,265,97136.35,2293.65,4255.9,1962.25,265,4.65,0.7,False
44263,firm_9,173,16.86,287.34,24,0,277,92368.36,2628.17,4670.22,2042.05,277,4.65,0.6,False
44263,firm_9,174,16.86,272.97,24,0,277,88131.4,2614.32,4670.22,2055.9,277,4.7,0.7,False
44263,firm_9,175,16.86,259.32,23,0,265,84346.19,2479.15,4467.9,1988.75,265,4.75,0.8,False
44263,firm_9,176,18.55,285.25,22,0,256,80891.49,2820.8,4748.8,1928.0,256,4.75,0.8,False
44263,firm_9,177,20.4,285.25,23,0,265,77034.74,3404.0,5406.0,2002.0,265,4.8,0.7,False
44263,firm_9,178,19.38,270.99,24,0,277,73101.79,3270.81,5368.26,2097.45,277,4.85,0.6,False
44263,firm_9,179,19.38,270.99,23,0,267,69914.53,3145.51,5174.46,2028.95,267,4.85,0.7,False
44263,firm_9,180,18.41,257.44,22,0,254,66987.09,2736.24,4676.14,1939.9,254,4.85,0.6,False
44263,firm_9,181,16.57,244.57,23,0,265,63137.78,2375.8,4391.05,2015.25,265,4.85,0.7,False
44263,firm_9,182,15.74,269.03,22,0,257,59303.85,2084.73,4045.18,1960.45,257,4.85,0.6,False
44263,firm_9,183,14.17,255.58,21,0,244,55422.75,1586.08,3457.48,1871.4,244,4.85,0.7,False
44263,firm_9,184,12.75,268.36,20,0,233,51130.25,1174.7,2970.75,1796.05,233,4.85,0.8,False
44263,firm_9,185,13.39,254.94,19,0,221,47531.73,1245.34,2959.19,1713.85,221,4.85,0.7,False
44263,firm_9,186,14.06,229.45,20,0,232,43703.85,1461.12,3261.92,1800.8,232,4.9,0.7,False
44263,firm_9,187,15.47,206.5,19,0,219,41246.23,1665.88,3387.93,1722.05,219,4.95,0.7,False
44263,firm_9,188,16.24,196.18,19,0,219,39142.37,1823.56,3556.56,1733.0,219,5.0,0.7,False
44263,firm_9,189,17.86,205.99,18,0,209,37404.29,2069.74,3732.74,1663.0,209,5.0,0.8,False
44263,firm_9,190,16.97,185.39,17,0,196,36006.78,1754.12,3326.12,1572.0,196,5.0,0.7,False
44263,firm_9,191,16.97,176.12,16,0,185,34624.06,1635.2,3139.45,1504.25,185,5.05,0.6,False
44263,firm_9,192,16.12,158.51,15,0,173,33306.87,1360.46,2788.76,1428.3,173,5.1,0.7,False
44263,firm_9,193,15.31,174.36,14,0,162,31687.75,1121.92,2480.22,1358.3,162,5.15,0.8,False
44263,firm_9,194,16.84,183.08,15,0,173,29609.27,1467.72,2913.32,1445.6,173,5.2,0.9,False
44263,firm_9,195,17.68,201.39,14,0,162,28287.57,1497.76,2864.16,1366.4,162,5.2,0.8,False
44263,firm_9,196,19.45,201.39,14,0,162,26944.51,1776.4,3150.9,1374.5,162,5.25,0.9,False
44263,firm_9,197,21.4,221.53,14,0,162,25727.29,2084.2,3466.8,1382.6,162,5.3,0.9,False
44263,firm_9,198,21.4,221.53,14,0,162,24710.07,2084.2,3466.8,1382.6,162,5.3,0.9,False
44263,firm_9,199,21.4,243.68,15,0,174,22599.57,2244.7,3723.6,1478.9,174,5.35,0.9,False
44263,firm_9,200,23.54,243.68,15,0,174,21561.43,2617.06,4095.96,1478.9,174,5.35,0.9,False
44263,firm_9,201,22.36,268.05,14,0,162,20040.35,2231.62,3622.32,1390.7,162,5.35,0.9,False
44263,firm_9,202,20.12,294.86,13,0,151,17727.89,1720.72,3038.12,1317.4,151,5.4,0.8,False
44263,firm_9,203,22.13,265.37,12,0,139,16183.97,1840.52,3076.07,1235.55,139,5.45,0.7,False
44263,firm_9,204,21.02,238.83,12,0,139,14697.29,1679.28,2921.78,1242.5,139,5.5,0.8,False
44263,firm_9,205,23.12,262.71,11,0,128,13506.84,1799.36,2959.36,1160.0,128,5.5,0.9,False
44263,firm_9,206,25.43,249.57,11,0,128,12856.61,2095.04,3255.04,1160.0,128,5.5,0.9,False
44263,firm_9,207,26.7,224.61,10,0,116,12431.91,2021.4,3097.2,1075.8,116,5.55,0.9,False
44263,firm_9,208,28.04,213.38,9,0,104,12237.25,1925.76,2916.16,990.4,104,5.6,0.9,False
44263,firm_9,209,30.84,192.04,10,0,115,12289.45,2472.6,3546.6,1074.0,115,5.6,0.9,False
44263,firm_9,210,30.84,182.44,9,0,104,12864.45,2216.96,3207.36,990.4,104,5.6,0.8,False
44263,firm_9,211,29.3,191.56,10,0,115,12744.35,2295.5,3369.5,1074.0,115,5.6,0.8,False
44263,firm_9,212,29.3,201.14,11,0,127,12587.71,2555.9,3721.1,1165.2,127,5.6,0.8,False
44263,firm_9,213,26.37,221.25,11,0,127,12337.75,2183.79,3348.99,1165.2,127,5.6,0.7,False
44263,firm_9,214,29.01,243.38,10,0,115,11960.35,2256.4,3336.15,1079.75,115,5.65,0.7,False
44263,firm_9,215,27.56,231.21,11,0,126,11225.7,2308.66,3472.56,1163.9,126,5.65,0.7,False
44263,firm_9,216,27.56,208.09,12,0,138,10776.2,2547.58,3803.28,1255.7,138,5.65,0.6,False
44263,firm_9,217,30.32,208.09,12,0,138,10900.68,2921.56,4184.16,1262.6,138,5.7,0.7,False
44263,firm_9,218,31.84,228.9,13,0,150,10638.48,3413.5,4776.0,1362.5,150,5.75,0.6,False
44263,firm_9,219,28.66,217.46,12,0,138,10507.64,2678.68,3955.08,1276.4,138,5.8,0.6,False
44263,firm_9,220,25.79,217.46,11,0,127,9993.96,2078.38,3275.33,1196.95,127,5.85,0.5,False
44263,firm_9,221,28.37,206.59,10,0,115,9782.11,2154.05,3262.55,1108.5,115,5.9,0.6,False
44263,firm_9,222,25.53,216.92,10,0,115,9440.36,1827.45,2935.95,1108.5,115,5.9,0.6,False
44263,firm_9,223,22.98,227.77,11,0,126,7928.67,1693.78,2895.48,1201.7,126,5.95,0.6,False
44263,firm_9,224,22.98,204.99,12,0,138,6636.03,1867.24,3171.24,1304.0,138,6.0,0.6,False
44263,firm_9,225,25.28,215.24,13,0,149,5412.63,2374.72,3766.72,1392.0,149,6.0,0.7,False
44263,firm_9,226,24.02,193.72,14,0,161,4279.77,2379.22,3867.22,1488.0,161,6.0,0.8,False
44263,firm_9,227,24.02,174.35,13,0,149,4000.2,2186.98,3578.98,1392.0,149,6.0,0.7,False
44263,firm_9,228,26.42,165.63,14,0,161,3947.0,2765.62,4253.62,1488.0,161,6.0,0.7,False
44263,firm_9,229,27.74,173.91,15,0,172,3833.63,3195.28,4771.28,1576.0,172,6.0,0.6,False
44263,firm_9,230,29.13,156.52,16,0,184,4317.23,3687.92,5359.92,1672.0,184,6.0,0.5,False
44263,firm_9,231,30.59,140.87,17,0,195,5327.49,4205.05,5965.05,1760.0,195,6.0,0.6,False
44263,firm_9,232,32.12,133.83,16,0,184,7424.29,4238.08,5910.08,1672.0,184,6.0,0.6,False
44263,firm_9,233,32.12,147.21,17,0,195,8725.12,4503.4,6263.4,1760.0,195,6.0,0.5,False
44263,firm_9,234,35.33,139.85,18,0,207,11165.13,5457.31,7313.31,1856.0,207,6.0,0.4,False
44263,firm_9,235,31.8,139.85,17,0,195,12928.68,4441.0,6201.0,1760.0,195,6.0,0.5,False
44263,firm_9,236,31.8,125.86,16,0,184,14894.12,4179.2,5851.2,1672.0,184,6.0,0.4,False
44263,firm_9,237,31.8,113.27,16,0,184,17161.0,4179.2,5851.2,1672.0,184,6.0,0.5,False
44263,firm_9,238,28.62,101.94,15,0,172,18978.54,3346.64,4922.64,1576.0,172,6.0,0.5,False
44263,firm_9,239,31.48,107.04,14,0,161,20960.26,3580.28,5068.28,1488.0,161,6.0,0.6,False
44263,firm_9,240,31.48,107.04,13,0,149,22567.26,3298.52,4690.52,1392.0,149,6.0,0.7,False
44263,firm_9,241,34.63,107.04,13,0,149,24643.61,3767.87,5159.87,1392.0,149,6.0,0.8,False
44263,firm_9,242,31.17,101.69,12,0,138,26220.79,2997.46,4301.46,1304.0,138,6.0,0.7,False
44263,firm_9,243,32.73,111.86,13,0,149,27451.38,3484.77,4876.77,1392.0,149,6.0,0.8,False
44263,firm_9,244,29.46,111.86,13,0,149,28694.74,2997.54,4389.54,1392.0,149,6.0,0.9,False
44263,firm_9,245,27.99,111.86,14,0,161,29647.09,3018.39,4506.39,1488.0,161,6.0,0.9,False
44263,firm_9,246,27.99,111.86,13,0,149,30671.42,2778.51,4170.51,1392.0,149,6.0,1.0,False
44263,firm_9,247,30.79,106.27,12,0,138,32241.2,2945.02,4249.02,1304.0,138,6.0,1.1,False
44263,firm_9,248,27.71,106.27,12,0,138,33385.94,2519.98,3823.98,1304.0,138,6.0,1.2,False
44263,firm_9,249,27.71,116.9,12,0,138,34303.12,2519.98,3823.98,1304.0,138,6.0,1.1,False
44263,firm_9,250,27.71,128.59,13,0,150,34587.95,2756.5,4156.5,1400.0,150,6.0,1.2,False
44263,firm_9,251,27.71,141.45,12,0,138,35410.53,2519.98,3823.98,1304.0,138,6.0,1.2,False
44263,firm_9,252,24.94,155.6,11,0,127,35550.31,1951.38,3167.38,1216.0,127,6.0,1.3,False
44263,firm_9,253,24.94,140.04,11,0,126,35644.31,1934.44,3142.44,1208.0,126,6.0,1.4,False
44263,firm_9,254,27.43,133.04,10,0,115,36148.36,2034.45,3154.45,1120.0,115,6.0,1.4,False
44263,firm_9,255,28.8,146.34,11,0,127,36380.22,2441.6,3657.6,1216.0,127,6.0,1.5,False
44263,firm_9,256,28.8,160.97,11,0,127,36851.15,2441.6,3657.6,1216.0,127,6.0,1.4,False
44263,firm_9,257,27.36,160.97,12,0,138,36791.19,2471.68,3775.68,1304.0,138,6.0,1.5,False
44263,firm_9,258,25.99,144.87,11,0,126,37064.36,2066.74,3274.74,1208.0,126,6.0,1.5,False
44263,firm_9,259,28.59,130.38,10,0,115,37828.41,2167.85,3287.85,1120.0,115,6.0,1.6,False
44263,firm_9,260,28.59,130.38,10,0,115,38692.46,2167.85,3287.85,1120.0,115,6.0,1.6,False
44263,firm_9,261,25.73,143.42,11,0,126,38448.82,2033.98,3241.98,1208.0,126,6.0,1.5,False
44263,firm_9,262,28.3,157.76,11,0,126,39071.26,2357.8,3565.8,1208.0,126,6.0,1.5,False
44263,firm_9,263,25.47,173.54,10,0,115,39144.91,1809.05,2929.05,1120.0,115,6.0,1.4,False
44263,firm_9,264,28.02,156.19,9,0,103,39301.26,1862.06,2886.06,1024.0,103,6.0,1.5,False
44263,firm_9,265,28.02,148.38,10,0,115,39219.76,2102.3,3222.3,1120.0,115,6.0,1.4,False
44263,firm_9,266,25.22,163.22,10,0,115,39167.86,1780.3,2900.3,1120.0,115,6.0,1.4,False
44263,firm_9,267,25.22,179.54,9,0,103,39125.66,1573.66,2597.66,1024.0,103,6.0,1.4,False
44263,firm_9,268,22.7,197.49,9,0,103,38362.35,1314.1,2338.1,1024.0,103,6.0,1.5,False
44263,firm_9,269,20.43,217.24,9,0,104,37499.91,1092.72,2124.72,1032.0,104,6.0,1.4,False
44263,firm_9,270,19.41,238.96,9,0,104,36335.91,986.64,2018.64,1032.0,104,6.0,1.3,False
44263,firm_9,271,18.44,250.91,9,0,104,34763.48,885.76,1917.76,1032.0,104,6.0,1.2,False
44263,firm_9,272,16.6,250.91,10,0,116,32451.98,797.6,1925.6,1128.0,116,6.0,1.3,False
44263,firm_9,273,17.43,276.0,11,0,128,29923.02,1007.04,2231.04,1224.0,128,6.0,1.3,False
44263,firm_9,274,18.3,248.4,11,0,126,28288.42,1097.8,2305.8,1208.0,126,6.0,1.2,False
44263,firm_9,275,19.22,260.82,11,0,126,26633.12,1213.72,2421.72,1208.0,126,6.0,1.1,False
44263,firm_9,276,20.18,286.9,11,0,126,24811.9,1334.68,2542.68,1208.0,126,6.0,1.1,False
44263,firm_9,277,20.18,315.59,12,0,139,21817.84,1493.02,2805.02,1312.0,139,6.0,1.1,False
44263,firm_9,278,22.2,299.81,11,0,128,19837.53,1617.6,2841.6,1224.0,128,6.0,1.2,False
44263,firm_9,279,19.98,269.83,10,0,115,18216.93,1177.7,2297.7,1120.0,115,6.0,1.3,False
44263,firm_9,280,20.98,296.81,11,0,126,15587.5,1435.48,2643.48,1208.0,126,6.0,1.4,False
44263,firm_9,281,18.88,267.13,10,0,115,13867.4,1051.2,2171.2,1120.0,115,6.0,1.5,False
44263,firm_9,282,16.99,240.42,9,0,103,12429.59,725.97,1749.97,1024.0,103,6.0,1.4,False
44263,firm_9,283,15.29,228.4,9,0,103,10624.86,550.87,1574.87,1024.0,103,6.0,1.5,False
44263,firm_9,284,16.05,205.56,8,0,92,9320.98,540.6,1476.6,936.0,92,6.0,1.4,False
44263,firm_9,285,16.05,205.56,7,0,80,8326.06,444.0,1284.0,840.0,80,6.0,1.4,False
44263,firm_9,286,14.44,205.56,6,0,69,7037.06,244.36,996.36,752.0,69,6.0,1.5,False
44263,firm_9,287,14.44,205.56,5,0,57,5976.34,167.08,823.08,656.0,57,6.0,1.4,False
44263,firm_9,288,15.88,205.56,5,0,57,5197.7,249.16,905.16,656.0,57,6.0,1.3,False
44263,firm_9,289,15.09,185.0,4,0,46,4583.84,126.14,694.14,568.0,46,6.0,1.2,False
44263,firm_9,290,15.84,175.75,5,0,57,3351.97,246.88,902.88,656.0,57,6.0,1.3,False
44263,firm_9,291,14.26,158.18,4,0,46,2607.21,87.96,655.96,568.0,46,6.0,1.2,False
44263,firm_9,292,14.26,174.0,4,0,46,1999.17,87.96,655.96,568.0,46,6.0,1.2,False
44263,firm_9,293,15.69,156.6,4,0,46,1426.51,153.74,721.74,568.0,46,6.0,1.3,False
44263,firm_9,294,15.69,148.77,5,0,57,220.99,238.33,894.33,656.0,57,6.0,1.2,False
44263,firm_9,295,14.12,133.89,5,0,57,-499.62,148.84,804.84,656.0,57,6.0,1.1,False
44263,firm_9,296,14.83,127.2,4,0,46,-894.24,114.18,682.18,568.0,46,6.0,1.0,False
44263,firm_9,297,15.57,139.92,3,0,34,-1256.62,57.38,529.38,472.0,34,6.0,1.0,False
44263,firm_9,298,14.01,139.92,3,0,34,-1672.04,4.34,476.34,472.0,34,6.0,0.9,False
44263,firm_9,299,14.01,153.91,3,0,34,-2129.43,4.34,476.34,472.0,34,6.0,0.8,True
44263,firm_9,300,14.01,153.91,3,0,34,-2129.43,4.34,476.34,472.0,34,6.0,0.8,True
44263,firm_9,301,14.01,153.91,3,0,34,-2129.43,4.34,476.34,472.0,34,6.0,0.8,True
44263,firm_9,302,14.01,153.91,3,0,34,-2129.43,4.34,476.34,472.0,34,6.0,0.8,True
44263,firm_9,303,14.01,153.91,3,0,34,-2129.43,4.34,476.34,472.0,34,6.0,0.8,True
44263,firm_9,304,14.01,153.91,3,0,34,-2129.43,4.34,476.34,472.0,34,6.0,0.8,True
44263,firm_9,305,14.01,153.91,3,0,34,-2129.43,4.34,476.34,472.0,34,6.0,0.8,True
44263,firm_9,306,14.01,153.91,3,0,34,-2129.43,4.34,476.34,472.0,34,6.0,0.8,True
44263,firm_9,307,14.01,153.91,3,0,34,-2129.43,4.34,476.34,472.0,34,6.0,0.8,True
44263,firm_9,308,14.01,153.91,3,0,34,-2129.43,4.34,476.34,472.0,34,6.0,0.8,True
44263,firm_9,309,14.01,153.91,3,0,34,-2129.43,4.34,476.34,472.0,34,6.0,0.8,True
44263,firm_9,310,14.01,153.91,3,0,34,-2129.43,4.34,476.34,472.0,34,6.0,0.8,True
44263,firm_9,311,14.01,153.91,3,0,34,-2129.43,4.34,476.34,472.0,34,6.0,0.8,True
44263,firm_9,312,14.01,153.91,3,0,34,-2129.43,4.34,476.34,472.0,34,6.0,0.8,True
44263,firm_9,313,14.01,153.91,3,0,34,-2129.43,4.34,476.34,472.0,34,6.0,0.8,True
44263,firm_9,314,14.01,153.91,3,0,34,-2129.43,4.34,476.34,472.0,34,6.0,0.8,True
44263,firm_9,315,14.01,153.91,3,0,34,-2129.43,4.34,476.34,472.0,34,6.0,0.8,True
44263,firm_9,316,14.01,153.91,3,0,34,-2129.43,4.34,476.34,472.0,34,6.0,0.8,True
44263,firm_9,317,14.01,153.91,3,0,34,-2129.43,4.34,476.34,472.0,34,6.0,0.8,True
44263,firm_9,318,14.01,153.91,3,0,34,-2129.43,4.34,476.34,472.0,34,6.0,0.8,True
44263,firm_9,319,14.01,153.91,3,0,34,-2129.43,4.34,476.34,472.0,34,6.0,0.8,True
44263,firm_9,320,14.01,153.91,3,0,34,-2129.43,4.34,476.34,472.0,34,6.0,0.8,True
44263,firm_9,321,14.01,153.91,3,0,34,-2129.43,4.34,476.34,472.0,34,6.0,0.8,True
44263,firm_9,322,14.01,153.91,3,0,34,-2129.43,4.34,476.34,472.0,34,6.0,0.8,True
44263,firm_9,323,14.01,153.91,3,0,34,-2129.43,4.34,476.34,472.0,34,6.0,0.8,True
44263,firm_9,324,14.01,153.91,3,0,34,-2129.43,4.34,476.34,472.0,34,6.0,0.8,True
44263,firm_9,325,14.01,153.91,3,0,34,-2129.43,4.34,476.34,472.0,34,6.0,0.8,True
44263,firm_9,326,14.01,153.91,3,0,34,-2129.43,4.34,476.34,472.0,34,6.0,0.8,True
44263,firm_9,327,14.01,153.91,3,0,34,-2129.43,4.34,476.34,472.0,34,6.0,0.8,True
44263,firm_9,328,14.01,153.91,3,0,34,-2129.43,4.34,476.34,472.0,34,6.0,0.8,True
44263,firm_9,329,14.01,153.91,3,0,34,-2129.43,4.34,476.34,472.0,34,6.0,0.8,True
44263,firm_9,330,14.01,153.91,3,0,34,-2129.43,4.34,476.34,472.0,34,6.0,0.8,True
44263,firm_9,331,14.01,153.91,3,0,34,-2129.43,4.34,476.34,472.0,34,6.0,0.8,True
44263,firm_9,332,14.01,153.91,3,0,34,-2129.43,4.34,476.34,472.0,34,6.0,0.8,True
44263,firm_9,333,14.01,153.91,3,0,34,-2129.43,4.34,476.34,472.0,34,6.0,0.8,True
44263,firm_9,334,14.01,153.91,3,0,34,-2129.43,4.34,476.34,472.0,34,6.0,0.8,True
44263,firm_9,335,14.01,153.91,3,0,34,-2129.43,4.34,476.34,472.0,34,6.0,0.8,True
44263,firm_9,336,14.01,153.91,3,0,34,-2129.43,4.34,476.34,472.0,34,6.0,0.8,True
44263,firm_9,337,14.01,153.91,3,0,34,-2129.43,4.34,476.34,472.0,34,6.0,0.8,True
44263,firm_9,338,14.01,153.91,3,0,34,-2129.43,4.34,476.34,472.0,34,6.0,0.8,True
44263,firm_9,339,14.01,153.91,3,0,34,-2129.43,4.34,476.34,472.0,34,6.0,0.8,True
44263,firm_9,340,14.01,153.91,3,0,34,-2129.43,4.34,476.34,472.0,34,6.0,0.8,True
44263,firm_9,341,14.01,153.91,3,0,34,-2129.43,4.34,476.34,472.0,34,6.0,0.8,True
44263,firm_9,342,14.01,153.91,3,0,34,-2129.43,4.34,476.34,472.0,34,6.0,0.8,True
44263,firm_9,343,14.01,153.91,3,0,34,-2129.43,4.34,476.34,472.0,34,6.0,0.8,True
44263,firm_9,344,14.01,153.91,3,0,34,-2129.43,4.34,476.34,472.0,34,6.0,0.8,True
44263,firm_9,345,14.01,153.91,3,0,34,-2129.43,4.34,476.34,472.0,34,6.0,0.8,True
44263,firm_9,346,14.01,153.91,3,0,34,-2129.43,4.34,476.34,472.0,34,6.0,0.8,True
44263,firm_9,347,14.01,153.91,3,0,34,-2129.43,4.34,476.34,472.0,34,6.0,0.8,True
44263,firm_9,348,14.01,153.91,3,0,34,-2129.43,4.34,476.34,472.0,34,6.0,0.8,True
44263,firm_9,349,14.01,153.91,3,0,34,-2129.43,4.34,476.34,472.0,34,6.0,0.8,True
44263,firm_9,350,14.01,153.91,3,0,34,-2129.43,4.34,476.34,472.0,34,6.0,0.8,True
44263,firm_9,351,14.01,153.91,3,0,34,-2129.43,4.34,476.34,472.0,34,6.0,0.8,True
44263,firm_9,352,14.01,153.91,3,0,34,-2129.43,4.34,476.34,472.0,34,6.0,0.8,True
44263,firm_9,353,14.01,153.91,3,0,34,-2129.43,4.34,476.34,472.0,34,6.0,0.8,True
44263,firm_9,354,14.01,153.91,3,0,34,-2129.43,4.34,476.34,472.0,34,6.0,0.8,True
44263,firm_9,355,14.01,153.91,3,0,34,-2129.43,4.34,476.34,472.0,34,6.0,0.8,True
44263,firm_9,356,14.01,153.91,3,0,34,-2129.43,4.34,476.34,472.0,34,6.0,0.8,True
44263,firm_9,357,14.01,153.91,3,0,34,-2129.43,4.34,476.34,472.0,34,6.0,0.8,True
44263,firm_9,358,14.01,153.91,3,0,34,-2129.43,4.34,476.34,472.0,34,6.0,0.8,True
44263,firm_9,359,14.01,153.91,3,0,34,-2129.43,4.34,476.34,472.0,34,6.0,0.8,True
44263,firm_9,360,14.01,153.91,3,0,34,-2129.43,4.34,476.34,472.0,34,6.0,0.8,True
44263,firm_9,361,14.01,153.91,3,0,34,-2129.43,4.34,476.34,472.0,34,6.0,0.8,True
44263,firm_9,362,14.01,153.91,3,0,34,-2129.43,4.34,476.34,472.0,34,6.0,0.8,True
44263,firm_9,363,14.01,153.91,3,0,34,-2129.43,4.34,476.34,472.0,34,6.0,0.8,True
44263,firm_9,364,14.01,153.91,3,0,34,-2129.43,4.34,476.34,472.0,34,6.0,0.8,True
44263,firm_9,365,14.01,153.91,3,0,34,-2129.43,4.34,476.34,472.0,34,6.0,0.8,True
