seed,step,firm_id,price,wage,capital,employees,max_employees,quality,marketing,profit,revenue,costs,inventory,production,sales,bankrupt
843896,1,0,25.47395328782724,52.620408659384715,55491.09758652323,10,10,0.48135542576501805,0.5922470466287227,2556.3992442858894,3053.8691631448078,497.46991885891833,0.0,119.88202728644019,119.88202728644018,False
843896,1,1,52.225736088812184,27.807592766005016,89548.03478879879,13,13,0.35712804677859195,0.26249513263244784,7471.481304435449,8034.087449924426,562.6061454889773,0.0,153.83387677412733,153.8338767741273,False
843896,1,2,74.91222982768761,21.70873844296331,88740.88925637663,12,12,0.22822218489313778,0.30050598769708636,10096.671060773651,10612.32881867987,515.6577579062193,0.0,141.6635019821229,141.6635019821229,False
843896,1,3,33.32672724009928,37.86172621348115,89145.75685795766,19,19,0.4492759311257555,0.6902477482024938,6755.7000447680375,7507.443403807182,751.7433590391447,0.0,225.26794634590158,225.2679463459016,False
843896,1,4,26.948492392610575,39.92113412612132,61899.19557926206,18,18,0.36966719031978595,0.6191525062676665,5064.015606543643,5771.524202641848,707.5085960982051,0.0,214.16872300524062,214.16872300524062,False
843896,1,5,34.21698907598089,44.086653825963516,103827.04113681838,21,21,0.21627865176527372,0.2801798453173885,7827.145311496701,8583.082681406635,755.9373699099342,0.0,250.84272208601936,250.84272208601936,False
843896,1,6,27.31694835673444,18.13477663725709,84325.22295706335,13,13,0.21654405269552973,0.6337397663695434,3643.449099144582,4182.8529644909295,539.4038653463479,0.0,153.12299565334618,153.12299565334618,False
843896,1,7,78.20513502951727,39.13297194515908,79401.78079686234,13,13,0.4587486073777433,0.4237211448192625,11493.373148399318,12072.943267875957,579.5701194766384,0.0,154.3753266754059,154.3753266754059,False
843896,1,8,52.25900060037083,44.17618606302216,80559.98507300574,12,12,0.43548921237677657,0.4424287517227452,6956.670161740339,7506.5048580491475,549.8346963088085,0.0,143.64042120613922,143.6404212061392,False
843896,1,9,67.60369400948144,43.73791234893043,97023.5220667488,14,14,0.2825644470233928,0.500296248081903,10702.37442790934,11283.344145119883,580.9697172105426,0.0,166.9042544263541,166.90425442635413,False
843896,2,0,28.021348616609966,57.88244952532319,57215.64495467677,11,11,0.531355425765018,0.6922470466287227,3161.254312932069,3695.053120907922,533.7988079758533,0.0,131.86564185271362,131.86564185271362,False
843896,2,1,57.448309697693404,30.588352042605518,97226.65238821061,14,14,0.40712804677859193,0.3624951326324478,8906.854528008222,9505.126590758111,598.2720627498894,0.0,165.45528738402115,165.45528738402115,False
843896,2,2,82.40345281045637,23.879612287259643,99705.84400111139,13,13,0.27822218489313777,0.40050598769708634,12075.38970446912,12624.419154176663,549.0294497075437,0.0,153.20255066514298,153.202550665143,False
843896,2,3,36.65939996410921,41.64789883482926,95406.45370751068,20,20,0.49927593112575547,0.7902477482024938,7893.654826249505,8685.815343071801,792.1605168222954,0.0,236.93282900362544,236.93282900362544,False
843896,2,4,29.643341631871635,43.91324753873346,66215.78806910514,19,19,0.41966719031978594,0.7191525062676665,5950.944193078956,6697.646214712182,746.7020216332254,0.0,225.94099875403634,225.94099875403631,False
843896,2,5,37.63868798357898,48.49531920855987,111053.28330272369,22,22,0.2662786517652737,0.38017984531738847,9093.13918849378,9888.542310548708,795.403122054927,0.0,262.72282165794104,262.722821657941,False
843896,2,6,30.048643192407887,19.9482543009828,87623.52847256459,14,14,0.2665440526955297,0.7337397663695434,4377.58107571496,4951.033387965285,573.4523122503251,0.0,164.76728603893227,164.76728603893227,False
843896,2,7,86.02564853246899,43.04626913967499,91677.81077131405,14,14,0.5087486073777433,0.5237211448192625,13678.677742407064,14295.576759129879,616.899016722814,0.0,166.17807599246686,166.1780759924669,False
843896,2,8,57.484900660407924,48.59380466932438,87484.4303025569,13,13,0.48548921237677656,0.5424287517227452,8356.16469025231,8942.82801040503,586.6633201527193,0.0,155.56829545961625,155.56829545961625,False
843896,2,9,74.3640634104296,48.11170358382348,108176.54144107115,15,15,0.3325644470233928,0.600296248081903,12674.694928079725,13291.610528722267,616.9156006425424,0.0,178.7370124647884,178.73701246478836,False
843896,3,0,30.823483478270965,63.67069447785551,59514.09313922076,12,12,0.5813554257650181,0.7922470466287227,3862.496518278261,4433.812284927035,571.3157666487737,0.0,143.8452694048242,143.8452694048242,False
843896,3,1,63.19314066746275,33.647187246866075,106470.49536991538,15,15,0.4571280467785919,0.4624951326324478,10548.55079040779,11183.392731288526,634.8419408807363,0.0,176.97162402701562,176.9716240270156,False
843896,3,2,90.64379809150202,26.26757351598561,112896.05673113657,14,14,0.32822218489313776,0.5005059876970863,14357.958759248999,14941.743411074007,583.7846518250076,0.0,164.84021770569234,164.84021770569228,False
843896,3,3,40.32533996052014,45.812688718312195,102834.59474854363,21,21,0.5492759311257555,0.8902477482024937,9190.207504117621,10023.89527952738,833.6877754097579,0.0,248.57559265070324,248.57559265070324,False
843896,3,4,32.6076757950588,48.30457229260681,71413.7884607405,20,20,0.46966719031978593,0.8191525062676664,6964.09183748743,7751.155262663385,787.0634251759551,0.0,237.70952923415518,237.70952923415518,False
843896,3,5,41.40255678193689,53.344851129415865,119559.22732397821,23,23,0.3162786517652737,0.48017984531738844,10532.87559723099,11368.912892343218,836.0372951122285,0.0,274.5944641105655,274.59446411056547,False
843896,3,6,33.053507511648675,21.94307973108108,91714.21629569276,15,15,0.3165440526955297,0.8337397663695434,5219.834019094344,5828.309120426215,608.4751013318712,0.0,176.32952019909564,176.32952019909564,False
843896,3,7,94.6282133857159,47.350896053642494,106352.56835849391,15,15,0.5587486073777433,0.6237211448192624,16185.021027984489,16840.385353585243,655.3643256007542,0.0,177.96368282831062,177.96368282831062,False
843896,3,8,63.23339072644872,53.45318513625682,95902.84161152292,14,14,0.5354892123767766,0.6424287517227452,9966.7559008736,10591.444387106634,624.6884862330335,0.0,167.49765061509723,167.4976506150972,False
843896,3,9,81.80046975147256,52.92287394220583,121463.23653321736,16,16,0.38256444702339276,0.7002962480819029,14933.461075221583,15587.470107315954,654.0090320943707,0.0,190.5547749869169,190.55477498691687,False
843896,4,0,33.905831826098066,70.03776392564107,62476.919031113226,13,13,0.6313554257650181,0.8922470466287227,4673.316822925794,5283.345387411727,610.0285644859323,0.0,155.82408992381716,155.82408992381716,False
843896,4,1,69.51245473420903,37.011905971552686,117510.71269395141,16,16,0.5071280467785919,0.5624951326324478,12432.407819580845,13105.072688309223,672.6648687283772,0.0,188.5284117561144,188.5284117561144,False
843896,4,2,99.70817790065223,28.894330867584173,128638.65006912232,15,15,0.37822218489313775,0.6005059876970863,16976.008300999463,17595.697837370346,619.6895363708841,0.0,176.47196255960512,176.47196255960512,False
843896,4,3,44.357873956572156,50.393957590143415,111589.86674518508,22,22,0.5992759311257555,0.9902477482024937,10663.939063624653,11540.168071794153,876.2290081694995,0.0,260.1605316587617,260.1605316587617,False
843896,4,4,35.868443374564684,53.135029521867494,77617.44845017725,21,21,0.5196671903197859,0.9191525062676664,8119.4956093960745,8948.075201378468,828.579591982393,0.0,249.4692927690249,249.46929276902486,False
843896,4,5,45.54281246013058,58.67933624235746,129518.9313823464,24,24,0.3662786517652737,0.5801798453173884,12168.008128184912,13045.833581438716,877.8254532538026,0.0,286.45208490054046,286.45208490054046,False
843896,4,6,36.35885826281355,24.13738770418919,96712.26904488858,16,16,0.3665440526955297,0.9337397663695434,6184.250952462891,6828.722341762113,644.4713892992215,0.0,187.8145428110505,187.8145428110505,False
843896,4,7,104.0910347242875,52.085985659006745,123769.20479371742,16,16,0.6087486073777434,0.7237211448192624,19050.012205767674,19744.861548006065,694.8493422383908,0.0,189.68839727941528,189.68839727941534,False
843896,4,8,69.55672979909359,58.798503649882505,106037.22268291848,15,15,0.5854892123767766,0.7424287517227451,11816.358626143854,12480.26171839309,663.9030922492373,0.0,179.42565377125769,179.4256537712577,False
843896,4,9,89.98051672661983,58.21516133642642,137191.61323989742,17,17,0.43256444702339275,0.8002962480819029,17518.03444939928,18210.339061334667,692.3046119353858,0.0,202.38091226639204,202.38091226639204,False
843896,5,0,37.296415008707875,77.0415403182052,66206.76601238297,14,14,0.6813554257650182,0.9922470466287227,5608.428545724621,6258.361655298746,649.9331095741259,0.0,167.80062249515294,167.80062249515294,False
843896,5,1,76.46370020762994,40.71309656870796,130611.13491315843,17,17,0.557128046778592,0.6624951326324477,14592.544860875083,15304.359037084585,711.8141762095013,0.0,200.1519543983229,200.15195439832294,False
843896,5,2,109.67899569071746,31.783763954342593,147295.88473748398,16,16,0.42822218489313774,0.7005059876970863,19965.77489163115,20622.340195234865,656.5653036037132,0.0,188.02451704962328,188.0245170496233,False
843896,5,3,48.79366135222938,55.43335334915776,121850.32458725649,23,23,0.6492759311257555,1.0902477482024937,12335.424969102063,13255.1181528775,919.6931837754369,0.0,271.6565591828021,271.656559182802,False
843896,5,4,39.45528771202115,58.44853247405425,84966.57120098096,22,22,0.569667190319786,1.0191525062676665,9434.99046523287,10306.220026437792,871.2295612049219,0.0,261.21264408617435,261.2126440861744,False
843896,5,5,50.09709370614364,64.54726986659321,141128.27772099123,25,25,0.4162786517652737,0.6801798453173884,14023.02808530977,14943.795947327182,920.7678620174115,0.0,298.2966643730582,298.2966643730583,False
843896,5,6,39.99474408909491,26.55112647460811,102744.38456413604,17,17,0.4165440526955297,1.0337397663695433,7283.484669315691,7964.725664189211,681.2409948735205,0.0,199.1443087233279,199.14430872332792,False
843896,5,7,114.50013819671625,57.294584224907425,144320.10961156135,17,17,0.6587486073777434,0.8237211448192624,22324.91274966728,23060.386071524077,735.4733218567948,0.0,201.4005086343679,201.40050863436798,False
843896,5,8,76.51240277900295,64.67835401487076,118138.92420917311,16,16,0.6354892123767767,0.8424287517227451,13936.55519049264,14640.863463619293,704.3082731266534,0.0,191.35281250946593,191.35281250946593,False
843896,5,9,98.97856839928181,64.03667747006907,155709.66863065498,18,18,0.48256444702339274,0.9002962480819029,20470.71558521904,21202.513602801053,731.7980175820131,0.0,214.21317711193427,214.21317711193424,False
843896,6,0,41.026056509578666,84.74569435002572,70819.96727287854,15,15,0.7313554257650182,1.0922470466287226,6684.386675745998,7375.41301536172,691.0263396157218,0.0,179.77387160376298,179.77387160376298,False
843896,6,1,84.11007022839294,44.78440622557876,146065.16631847218,18,18,0.607128046778592,0.7624951326324477,17060.1507173741,17812.27094545886,752.1202280847566,0.0,211.7733452973148,211.77334529731482,False
843896,6,2,120.64689525978922,34.96214034977685,169274.54873139577,17,17,0.4782221848931377,0.8005059876970863,23373.020379858175,24067.391523666112,694.3711438079375,0.0,199.48620701628295,199.4862070162829,False
843896,6,3,53.67302748745232,60.976688684073544,133818.43823953066,24,24,0.6992759311257556,1.1902477482024938,14231.554180692103,15195.76606738508,964.2118866929785,0.0,283.1173641348543,283.11736413485426,False
843896,6,4,43.400816483223274,64.29338572145967,93619.56989936778,23,23,0.619667190319786,1.1191525062676666,10931.746569980542,11846.818895453413,915.0723254728711,0.0,272.96304206702735,272.96304206702746,False
843896,6,5,55.106803076758005,71.00199685325254,154607.41215358485,26,26,0.46627865176527367,0.7801798453173884,16125.186350777949,17090.043065691254,964.8567149133041,0.0,310.12583041492377,310.12583041492377,False
843896,6,6,43.9942184980044,29.206239122068926,109961.0882515465,18,18,0.4665440526955297,1.1337397663695434,8542.41599160769,9261.673437595642,719.2574459879522,0.0,210.52024001780495,210.52024001780498,False
843896,6,7,125.95015201638789,63.024042647398176,168448.038556264,18,18,0.7087486073777435,0.9237211448192624,26062.36171235565,26839.587658726145,777.2259463704956,0.0,213.09690563322167,213.09690563322175,False
843896,6,8,84.16364305690325,71.14618941635784,132492.22394252013,17,17,0.6854892123767767,0.9424287517227451,16362.78495342498,17108.688097035876,745.9031436108954,0.0,203.27884435169523,203.27884435169528,False
843896,6,9,108.87642523921001,70.44034521707597,177407.54375921836,19,19,0.5325644470233928,1.0002962480819029,23836.241687687627,24608.66148404292,772.4197963552945,0.0,226.0237827424603,226.02378274246027,False
843896,7,0,45.128662160536535,93.2202637850283,76448.20483423854,16,16,0.7813554257650183,1.1922470466287227,7919.761781920446,8653.064729130549,733.3029472101024,0.0,191.74210612202364,191.74210612202364,False
843896,7,1,92.52107725123224,49.26284684813665,164197.92842910963,19,19,0.657128046778592,0.8624951326324477,19868.75620075212,20662.156061731494,793.3998609793732,0.0,223.32377308605442,223.32377308605433,False
843896,7,2,132.71158478576814,38.45835438475454,195030.1760946978,18,18,0.5282221848931378,0.9005059876970862,27247.877742227618,27980.928448936495,733.0507067088773,0.0,210.840134974691,210.84013497469093,False
843896,7,3,59.04033023619756,67.0743575524809,147724.35860570645,25,25,0.7492759311257556,1.2902477482024939,16382.779304987878,17392.688385164154,1009.9090801762751,0.0,294.5899576710144,294.5899576710145,False
843896,7,4,47.740898131545606,70.72272429360565,103753.53261242207,24,24,0.669667190319786,1.2191525062676667,12631.308096100833,13591.334425927833,960.0263298270008,0.0,284.6895420458612,284.6895420458613,False
843896,7,5,60.61748338443381,78.1021965385778,170204.3617718153,27,27,0.5162786517652737,0.8801798453173884,18505.70892477233,19515.825965376043,1010.117040603711,0.0,321.9504485464598,321.9504485464599,False
843896,7,6,48.39364034780485,32.12686303427582,118536.17260967435,19,19,0.5165440526955297,1.2337397663695435,9985.49475577921,10744.210287523754,758.7155317445446,0.0,222.01698839568937,222.0169883956894,False
843896,7,7,138.54516721802668,69.326446912138,196655.20649852557,19,19,0.7587486073777435,1.0237211448192625,30324.370433592136,31144.528659181793,820.1582255896586,0.0,224.79693290326074,224.79693290326082,False
843896,7,8,92.58000736259359,78.26080835799364,149418.17901780954,18,18,0.7354892123767768,1.042428751722745,19134.64962573337,19923.330232688695,788.6806069553246,0.0,215.20121676657584,215.2012167665759,False
843896,7,9,119.76406776313102,77.48437973878357,202725.43193903388,20,20,0.5825644470233928,1.100296248081903,27667.57577459099,28481.74958516282,814.1738105718279,0.0,237.8154826996519,237.81548269965185,False
843896,8,0,49.641528376590195,102.54229016353113,83240.62376052333,17,17,0.8313554257650183,1.2922470466287228,9335.637859064836,10112.409494127074,776.7716350622371,0.0,203.7086654023298,203.70866540232984,False
843896,8,1,101.77318497635548,54.18913153295031,185375.06693510953,20,20,0.7071280467785921,0.9624951326324477,23060.921136658722,23896.56056710176,835.6394304430377,0.0,234.8021295850527,234.8021295850527,False
843896,8,2,145.98274326434498,42.30418982323,225094.90019547506,19,19,0.5782221848931378,1.0005059876970863,31668.503707418426,32441.456935387392,772.9532279689652,0.0,222.22802647736617,222.2280264773661,False
843896,8,3,64.94436325981732,73.781793307729,163830.91897954856,26,26,0.7992759311257557,1.390247748202494,18824.886999842733,19881.847872540056,1056.9608726973256,0.0,306.1366202483263,306.1366202483264,False
843896,8,4,52.514987944700174,77.79499672296622,115567.96294289305,25,25,0.7196671903197861,1.3191525062676668,14559.305248545099,15565.413084146332,1006.107835601233,0.0,296.3994412516513,296.39944125165124,False
843896,8,5,66.67923172287719,85.91241619243559,188197.971378371,28,28,0.5662786517652737,0.9801798453173883,21199.15725994404,22255.711166937705,1056.5539069936626,0.0,333.7727594018141,333.7727594018142,False
843896,8,6,53.233004382585335,35.33954933770341,128659.00094678781,20,20,0.5665440526955298,1.3337397663695436,11629.619323867519,12428.85674688152,799.2374230140013,0.0,233.48027959412903,233.48027959412903,False
843896,8,7,152.39968393982934,76.2590916033518,229492.0543497142,20,20,0.8087486073777436,1.1237211448192626,35162.029683255954,36025.9940565394,863.9643732834448,0.0,236.39152736539282,236.3915273653929,False
843896,8,8,101.83800809885295,86.08688919379301,169278.50701102638,19,19,0.7854892123767768,1.1424287517227452,22295.97888789905,23128.59587955694,832.6169916578864,0.0,227.1116286672289,227.11162866722887,False
843896,8,9,131.74047453944414,85.23281771266194,232161.99195747063,21,21,0.6325644470233929,1.200296248081903,32026.44919040296,32883.56000825858,857.1108178556215,0.0,249.60863488018626,249.60863488018623,False
843896,9,0,54.605681214249216,112.79651917988426,91365.88223351038,18,18,0.8813554257650184,1.392247046628723,10955.595818225001,11777.029467644177,821.4336494191765,0.0,215.674069176725,215.67406917672497,False
843896,9,1,111.95050347399103,59.60804468624535,210002.6400387001,21,21,0.7571280467785921,1.0624951326324477,26679.34204200147,27558.044275841272,878.7022338398017,0.0,246.16275425901682,246.1627542590169,False
843896,9,2,160.58101759077948,46.534608805553,260083.12289768667,20,20,0.6282221848931379,1.1005059876970864,36718.91487832264,37533.219366420184,814.3044880975424,0.0,233.73384930259223,233.73384930259235,False
843896,9,3,71.43879958579906,81.15997263850191,182429.21101072017,27,27,0.8492759311257557,1.490247748202494,21589.61129241121,22694.773067795886,1105.1617753846751,0.0,317.6813328244568,317.68133282445666,False
843896,9,4,57.7664867391702,85.57449639526284,129287.26311666906,26,26,0.7696671903197861,1.4191525062676669,16744.23708005277,17797.557288213848,1053.3202081610743,0.0,308.094853830633,308.0948538306331,False
843896,9,5,73.34715489516492,94.50365781167915,208901.614407947,29,29,0.6162786517652737,1.0801798453173883,24244.249106114432,25348.42236808116,1104.1732619667278,0.0,345.59516867848066,345.59516867848055,False
843896,9,6,58.55630482084387,38.873504271473756,140542.7260840023,21,21,0.6165440526955298,1.4337397663695437,13500.06872691532,14340.880072131891,840.8113452165711,0.0,244.90753158022144,244.90753158022142,False
843896,9,7,167.63965233381228,83.88500076368699,267585.3855595682,21,21,0.8587486073777436,1.2237211448192626,40654.91622589155,41563.69941753614,908.7831916445876,0.0,247.9347746127059,247.934774612706,False
843896,9,8,112.02180890873825,94.69557811317232,192482.2915635243,20,20,0.8354892123767769,1.2424287517227453,25897.69611476131,26775.434278361663,877.7381636003527,0.0,239.01983496959096,239.01983496959087,False
843896,9,9,144.91452199338858,93.75609948392814,266277.9219490946,22,22,0.6825644470233929,1.3002962480819031,36978.56418027046,37879.770127104595,901.2059468341313,0.0,261.39388658945296,261.3938865894529,False
843896,10,0,60.066249335674144,107.15669322089003,101336.03118641718,19,19,0.9313554257650184,1.492247046628723,12806.126124103808,13673.416737125557,867.2906130217489,0.0,227.63893015382158,227.63893015382158,False
843896,10,1,123.14555382139015,65.5688491548699,238548.6414247995,22,22,0.8071280467785922,1.1624951326324477,30788.516067506425,31711.383530839146,922.8674633327204,0.0,257.5113964474366,257.51139644743665,False
843896,10,2,176.63911934985745,51.1880696861083,300666.9802649292,21,21,0.6782221848931379,1.2005059876970865,42458.80683065099,43315.56225498396,856.7554243329707,0.0,245.2206646772943,245.22066467729428,False
843896,10,3,78.58267954437898,89.27596990235212,203844.99512249551,28,28,0.8992759311257558,1.5902477482024941,24715.51126904099,25869.97339264154,1154.4621236005487,0.0,329.20706627255794,329.20706627255777,False
843896,10,4,63.54313541308722,94.13194603478914,145162.99820464212,27,27,0.8196671903197862,1.519152506267667,19217.297630912333,20318.931194622874,1101.6335637105412,0.0,319.76595209744755,319.7659520974476,False
843896,10,5,80.68187038468142,103.95402359284707,232666.84626906767,30,30,0.6662786517652738,1.1801798453173884,27683.852568905982,28836.817472228973,1152.9649033229903,0.0,357.41384445772644,357.4138444577265,False
843896,10,6,64.41193530292826,42.76085469862114,154427.2439626669,22,22,0.6665440526955299,1.5337397663695438,15625.256682034455,16508.688161427664,883.4314793932107,0.0,256.29858944289714,256.2985894428972,False
843896,10,7,184.40361756719352,92.27350084005569,311646.81549944635,22,22,0.9087486073777437,1.3237211448192627,46891.44695835955,47846.163505138946,954.7165467793967,0.0,259.4643431423174,259.46434314231726,False
843896,10,8,123.22398979961208,104.16513592448956,219490.86516553402,21,21,0.8854892123767769,1.3424287517227453,29996.041456424235,30920.08531149813,924.0438550738951,0.0,250.9258575524184,250.92585755241848,False
843896,10,9,159.40597419272746,103.13170943232096,305704.4797657897,23,23,0.732564447023393,1.4002962480819032,42598.58713363903,43545.04371343796,946.4565797989313,0.0,273.1707135442142,273.17071354421427,False
843896,11,0,66.07287426924157,101.79885855984553,113227.82051535526,20,20,0.9813554257650184,1.592247046628723,14727.76650013508,15633.169991215127,905.403491080048,0.0,236.60496329418382,236.60496329418388,False
843896,11,1,135.46010920352919,72.12573407035688,271551.71420370287,23,23,0.8571280467785922,1.2624951326324478,35461.96466252131,36430.35462292553,968.3899604042168,0.0,268.93788021526564,268.9378802152656,False
843896,11,2,194.3030312848432,56.30687665471913,347598.26952711074,22,22,0.728222184893138,1.3005059876970866,48970.04054858574,49870.27246366367,900.2319150779294,0.0,256.6623491866946,256.6623491866946,False
843896,11,3,86.44094749881688,98.20356689258733,228436.25589579254,29,29,0.9492759311257558,1.6902477482024942,28239.16421318232,29443.754742278026,1204.590529095704,0.0,340.6227672675733,340.6227672675733,False
843896,11,4,69.89744895439595,103.54514063826807,163530.12656418327,28,28,0.8696671903197862,1.619152506267667,22066.392297412927,23219.68559969734,1153.2933022844122,0.0,332.19646706773005,332.19646706773005,False
843896,11,5,88.75005742314957,114.34942595213178,259962.77173877126,31,31,0.7162786517652738,1.2801798453173885,31640.757674219472,32846.04154715428,1205.283872934808,0.0,370.0960033248015,370.0960033248014,False
843896,11,6,70.85312883322109,47.036940168483255,170573.58002359088,23,23,0.7165440526955299,1.6337397663695439,18028.185684798864,18954.926973241356,926.7412884424908,0.0,267.52420514637754,267.52420514637754,False
843896,11,7,202.8439793239129,101.50085092406127,362483.72530248953,23,23,0.9587486073777437,1.4237211448192628,53971.42937429653,54973.28772394198,1001.8583496454532,0.0,271.012666519214,271.0126665192142,False
843896,11,8,135.5463887795733,114.58164951693853,250916.01782691246,22,22,0.935489212376777,1.4424287517227454,34745.948950751175,35719.516255520255,973.5673047690816,0.0,263.5224484925794,263.52244849257943,False
843896,11,9,175.34657161200022,113.44488037555307,351263.30088459165,24,24,0.782564447023393,1.5002962480819033,49081.49824781588,50076.15379142132,994.6555436054422,0.0,285.58387729546143,285.5838772954615,False
843896,12,0,72.68016169616573,96.70891563185324,127485.91426365092,21,21,1.0313554257650184,1.6922470466287232,17088.980976564606,18041.45684938556,952.4758728209538,0.0,248.23082982130103,248.23082982130109,False
843896,12,1,149.0061201238821,79.33830747739258,309618.47004609386,24,24,0.9071280467785923,1.362495132632448,40770.875221849026,41786.12780343867,1015.2525815896427,0.0,280.43229210114407,280.43229210114407,False
843896,12,2,213.73333441332753,61.93756432019105,401728.5411409927,23,23,0.778222184893138,1.4005059876970867,56354.83559324574,57299.64759257761,944.8119993318709,0.0,268.0894290535368,268.0894290535367,False
843896,12,3,95.08504224869858,93.29338854795796,257046.55142674063,30,30,0.9992759311257559,1.7902477482024943,32209.097187386815,33464.6764482296,1255.5792608427823,0.0,351.9446976812762,351.94469768127624,False
843896,12,4,76.88719384983555,98.36788360635465,185116.8916940841,29,29,0.9196671903197863,1.7191525062676671,25239.43375448493,26443.58629854905,1204.1525440641199,0.0,343.9270569582065,343.9270569582064,False
843896,12,5,97.62506316546454,108.63195465452519,291719.85794993467,32,32,0.7662786517652739,1.3801798453173886,36033.308760108295,37289.94709908503,1256.6383389767363,0.0,381.97104196370555,381.97104196370526,False
843896,12,6,77.93844171654321,51.74063418533159,189273.0290684077,24,24,0.7665440526955299,1.733739766369544,20741.22426526449,21711.92210910904,970.6978438445528,0.0,278.57783182365665,278.57783182365665,False
843896,12,7,223.1283772563042,96.4258083778582,421379.56573292817,24,24,1.0087486073777436,1.523721144819263,62010.05983150713,63060.39031785127,1050.3304863441404,0.0,282.6193202911827,282.61932029118265,False
843896,12,8,149.10102765753064,108.85256704109159,287664.17958937335,23,23,0.985489212376777,1.5424287517227455,40051.770804405925,41074.21055855106,1022.4397541451348,0.0,275.47905741397153,275.47905741397165,False
843896,12,9,192.88122877320026,107.77263635677541,404086.5444544625,25,25,0.832564447023393,1.6002962480819034,56317.559478789895,57359.92072442007,1042.3612456301796,0.0,297.3846708114186,297.3846708114186,False
843896,13,0,79.9481778657823,91.87346985026058,144436.3108436901,22,22,1.0813554257650184,1.7922470466287233,19771.612916745034,20772.21369441232,1000.6007776672864,0.0,259.8209771495343,259.8209771495342,False
843896,13,1,163.90673213627034,75.37139210352295,353713.72729822807,25,25,0.9571280467785923,1.462495132632448,46779.54205472155,47842.69746427189,1063.155409550347,0.0,291.889764628435,291.889764628435,False
843896,13,2,235.1066678546603,58.84068610418149,464220.57401683717,24,24,0.828222184893138,1.5005059876970868,64704.2093423453,65694.4829479124,990.273605567103,0.0,279.42415903118405,279.4241590311842,False
843896,13,3,104.59354647356845,88.62871912056006,290185.61509891046,31,31,1.0492759311257558,1.8902477482024944,36686.553964906816,37994.221394950044,1307.6674300432273,0.0,363.2558860077612,363.2558860077611,False
843896,13,4,84.57591323481911,93.44948942603692,210337.1425230723,30,30,0.9696671903197863,1.8191525062676672,28823.73551176948,30079.91490081798,1256.1793890485026,0.0,355.6558096783797,355.6558096783797,False
843896,13,5,107.387569482011,103.20035692179893,328498.1314942915,33,33,0.8162786517652739,1.4801798453173887,40983.88532277692,42293.03579907322,1309.1504762962993,0.0,393.83548769262296,393.83548769262285,False
843896,13,6,85.73228588819754,56.91469760386475,210870.68893861864,25,25,0.81654405269553,1.833739766369544,23820.52731030785,24836.474582089846,1015.9472717819953,0.0,289.698032949673,289.6980329496731,False
843896,13,7,245.44121498193462,91.60451795896529,489403.22152011306,25,25,1.0587486073777437,1.623721144819263,71113.76873615845,72213.71374485188,1099.94500869342,0.0,294.2199978523048,294.21999785230474,False
843896,13,8,164.0111304232837,103.409938689037,330452.20342546457,24,24,1.035489212376777,1.6424287517227456,46069.86236462792,47142.36498061048,1072.50261598256,0.0,287.4339373123299,287.4339373123298,False
843896,13,9,212.1693516505203,102.38400453893664,465133.26744851656,26,26,0.8825644470233931,1.7002962480819035,64508.70711206644,65599.95792166832,1091.2508096018778,0.0,309.1867765600888,309.1867765600888,False
843896,14,0,87.94299565236054,87.27979635774754,164446.04243313815,23,23,1.1313554257650185,1.8922470466287233,22817.166905676557,23866.990470970934,1049.8235652943758,0.0,271.3916019567649,271.3916019567649,False
843896,14,1,180.2974053498974,71.6028224983468,404629.95433927985,26,26,1.0071280467785924,1.562495132632448,53577.90042600916,54690.06004992032,1112.1596239111623,0.0,303.33248525559793,303.332485255598,False
843896,14,2,258.61733464012633,55.898651798972416,536142.0167277048,25,25,0.8782221848931381,1.6005059876970869,74118.90900584153,75155.33301077395,1036.4240049324155,0.0,290.6043909057945,290.6043909057945,False
843896,14,3,115.05290112092531,84.19728316453205,328427.74064101913,32,32,1.0992759311257558,1.9902477482024945,41736.43860337394,43097.388903823994,1360.9503004500482,0.0,374.5875895691398,374.58758956913977,False
843896,14,4,93.03350455830103,88.77701495473507,239652.69079160588,31,31,1.0196671903197863,1.9191525062676673,32867.63573213061,34176.94578491234,1309.3100527817264,0.0,367.3616934799524,367.36169347995246,False
843896,14,5,118.12632643021212,98.04033907570897,370925.23579060595,34,34,0.866278651765274,1.5801798453173888,46560.47582488919,47923.31200435092,1362.836179461734,0.0,405.6954402341762,405.6954402341763,False
843896,14,6,94.3055144770173,54.06896272367151,235979.7032840494,26,26,0.86654405269553,1.9337397663695441,27314.807376245855,28377.37622494826,1062.5688487024067,0.0,300.90898058632575,300.90898058632575,False
843896,14,7,245.44121498193462,87.02429206101702,560245.6244265807,26,26,1.1087486073777437,1.723721144819263,73905.03450005336,75055.68682596022,1150.652325906869,0.0,305.7990355510774,305.7990355510772,False
843896,14,8,180.41224346561208,98.23944175458514,380085.84200899635,25,25,1.085489212376777,1.7424287517227457,52889.62462739648,54013.385200169585,1123.7605727731052,0.0,299.38868982838704,299.38868982838704,False
843896,14,9,233.38628681557233,97.2648043119898,535480.2515200184,27,27,0.9325644470233931,1.8002962480819036,73773.13378792502,74914.4550213241,1141.3212333990884,0.0,320.9891037022381,320.9891037022384,False
843896,15,0,96.7372952175966,82.91580653986016,187928.72960178254,24,24,1.1813554257650185,1.9922470466287234,26272.66652560082,27372.865502523942,1100.1989769231238,0.0,282.96083161052445,282.96083161052445,False
843896,15,1,180.2974053498974,68.02268137342945,457580.29735257494,27,27,1.0571280467785924,1.6624951326324482,55586.95541037702,56749.19643495958,1162.2410245825604,0.0,314.7532618388389,314.7532618388392,False
843896,15,2,258.61733464012633,53.103719209023794,610896.3089735713,26,26,0.9282221848931381,1.700505987697087,76934.98894529974,78018.3600974471,1083.3711521473533,0.0,301.6749059223424,301.6749059223426,False
843896,15,3,126.55819123301785,79.98741900630544,372413.85333334503,33,33,1.1492759311257559,2.0902477482024944,47425.697519533715,48841.05916933377,1415.361649800057,0.0,385.9178034506515,385.91780345065166,False
843896,15,4,102.33685501413115,84.33816420699831,273581.8916574961,32,32,1.0696671903197863,2.0191525062676674,37428.02212051427,38791.60403989915,1363.5819193848804,0.0,379.0580044163233,379.05800441632323,False
843896,15,5,129.93895907323335,93.13832212192352,419703.82287535537,35,35,0.916278651765274,1.6801798453173888,52838.42835901695,54256.12299302533,1417.6946340083805,0.0,417.55085141513786,417.5508514151378,False
843896,15,6,103.73606592471903,51.36551458748794,265061.2041139983,27,27,0.9165440526955301,2.033739766369544,31268.369723811196,32378.698248107376,1110.3285242961801,0.0,312.12575837996883,312.1257583799689,False
843896,15,7,245.44121498193462,82.67307745796617,633901.061392681,27,27,1.1587486073777438,1.8237211448192632,76687.61005746445,77890.0294022393,1202.4193447748526,0.0,317.34698431953336,317.3469843195337,False
843896,15,8,198.4534678121733,93.32746966685588,437470.1975873077,26,26,1.135489212376777,1.8424287517227458,60610.86978964917,61787.082156721524,1176.2123670723495,0.0,311.34292001992145,311.34292001992145,False
843896,15,9,256.7249154971296,92.40156409639032,616335.7186872165,28,28,0.9825644470233932,1.9002962480819037,84242.71096189544,85435.27616231596,1192.565200420518,0.0,332.7891879791904,332.78918797919016,False
843896,16,0,106.41102473935626,78.77001621286715,215350.95236850876,25,25,1.2313554257650186,2.0922470466287235,30191.47317204772,31343.265830279786,1151.792658232065,0.0,294.54904608852473,294.5490460885247,False
843896,16,1,180.2974053498974,64.62154730475797,512546.75828007906,28,28,1.1071280467785924,1.7624951326324483,57575.864252036656,58788.995508314765,1213.1312562781116,0.0,326.06678612054804,326.06678612054816,False
843896,16,2,258.61733464012633,50.4485332485726,688507.8974206304,27,27,0.9782221848931382,1.800505987697087,79773.69884477193,80905.40073428296,1131.7018895110273,0.0,312.8382745374176,312.8382745374173,False
843896,16,3,139.21401035631965,75.98804805599016,422870.37349890283,34,34,1.199275931125756,2.1902477482024945,53840.113799460654,55311.22046393014,1471.1066644694868,0.0,397.31073275139846,397.3107327513985,False
843896,16,4,112.57054051554427,80.1212559966484,312702.44713160326,33,33,1.1196671903197863,2.1191525062676675,42564.55692199616,43983.470769688305,1418.9138476921398,0.0,390.719193212143,390.71919321214295,False
843896,16,5,142.9328549805567,88.48140601582735,475619.72518246423,36,36,0.966278651765274,1.780179845317389,59901.23292367799,61374.94418276811,1473.7112590901193,0.0,429.39703535003895,429.39703535003906,False
843896,16,6,114.10967251719094,48.79723885811354,298625.8107440543,28,28,0.9665440526955301,2.133739766369544,35730.92931808359,36889.96912692282,1159.0398088392355,0.0,323.2852072322373,323.28520723223744,False
843896,16,7,245.44121498193462,78.53942358506787,710346.1688236594,28,28,1.2087486073777438,1.9237211448192633,79444.21129136,80699.22367632943,1255.0123849694362,0.0,328.79247147741324,328.7924714774134,False
843896,16,8,198.4534678121733,88.66109618351308,497205.8205279017,27,27,1.185489212376777,1.9424287517227459,62929.47253754916,64159.33035240139,1229.8578148522317,0.0,323.29659471168884,323.2965947116889,False
843896,16,9,256.7249154971296,87.7814858915708,700210.1403517212,29,29,1.0325644470233932,2.0002962480819035,87220.08475535968,88465.078977249,1244.9942218893111,0.0,344.5909362008853,344.5909362008851,False
843896,17,0,106.41102473935626,74.83151540222379,243980.94185247333,26,26,1.2813554257650186,2.1922470466287236,31375.608884422116,32580.274139574623,1204.6652551525058,0.0,306.17385951668956,306.1738595166894,False
843896,17,1,180.2974053498974,61.39046993952007,569513.8736907796,29,29,1.1571280467785925,1.8624951326324484,59547.439038946184,60812.30310252824,1264.864063582054,0.0,337.288842202203,337.2888422022034,False
843896,17,2,258.61733464012633,47.926106586143966,768990.1972178819,28,28,1.028222184893138,1.9005059876970871,82624.2307816629,83805.53303937809,1181.3022577151855,0.0,324.0522649264635,324.0522649264635,False
843896,17,3,139.21401035631965,72.18864565319065,474914.5878180371,35,35,1.249275931125756,2.2902477482024945,55370.81691699605,56898.84450183083,1528.0275848347717,0.0,408.71493002893675,408.7149300289365,False
843896,17,4,112.57054051554427,76.11519319681598,353128.80141838675,34,34,1.1696671903197864,2.2191525062676676,43814.270855474875,45289.49458994831,1475.2237344734283,0.0,402.32101918080923,402.3210191808089,False
843896,17,5,142.9328549805567,84.05733571503598,533246.7318579463,37,37,1.016278651765274,1.880179845317389,61537.12809693862,63068.03817483033,1530.9100778917154,0.0,441.242415422329,441.2424154223292,False
843896,17,6,114.10967251719094,46.35737691520786,333427.4160790349,29,29,1.01654405269553,2.233739766369544,36945.96926552218,38154.60458093985,1208.6353154176684,0.0,334.36783875785596,334.36783875785596,False
843896,17,7,245.44121498193462,74.61245240581447,789569.4620989005,29,29,1.2587486073777439,2.0237211448192634,82187.05439501081,83495.63464359276,1308.5802485819488,0.0,340.1858756677777,340.1858756677779,False
843896,17,8,198.4534678121733,84.22804137433742,559294.212659672,28,28,1.2354892123767771,2.042428751722746,65246.77729025238,66531.47421942987,1284.696929177494,0.0,335.2497436950748,335.2497436950748,False
843896,17,9,256.7249154971296,83.39241159699225,787102.3831361965,30,30,1.0825644470233933,2.1002962480819036,90194.01513238408,91492.59104495216,1298.5759125680736,0.0,356.3837614583818,356.38376145838146,False
843896,18,0,106.41102473935626,71.08993963211259,273818.85049900797,27,27,1.3313554257650186,2.2922470466287237,32557.33701660143,33815.9971105903,1258.6600939888726,0.0,317.7865939494463,317.7865939494464,False
843896,18,1,180.2974053498974,58.32094644254406,628460.5429446683,30,30,1.2071280467785925,1.9624951326324485,61496.29764716517,62813.62565398703,1317.3280068218564,0.0,348.38896062917075,348.3889606291707,False
843896,18,2,258.61733464012633,45.52980125683676,846382.8442998333,29,29,1.0782221848931381,2.000505987697087,79513.01131839966,80858.22895769984,1345.2176393001864,22.627923022862152,335.2837976579344,312.65587463507217,False
843896,18,3,139.21401035631965,68.57921337053111,528547.4110531936,36,36,1.299275931125756,2.3902477482024946,56901.67491649498,58487.79528435435,1586.1203678593756,0.0,420.1286575586339,420.1286575586341,False
843896,18,4,112.57054051554427,72.30943353697518,394858.8796761106,35,35,1.2196671903197864,2.3191525062676677,45060.9084315172,46593.54581656686,1532.6373850496632,0.0,413.9053219712755,413.9053219712755,False
843896,18,5,142.9328549805567,79.85446892928417,592583.8845579847,38,38,1.066278651765274,1.980179845317389,63171.622519349236,64760.911214040825,1589.288694691589,0.0,453.0862496439348,453.0862496439347,False
843896,18,6,114.10967251719094,44.039508069447464,369462.0515926153,30,30,1.06654405269553,2.3337397663695443,38155.82075566415,39415.04716301582,1259.226407351672,0.0,345.41372605444843,345.4137260544485,False
843896,18,7,245.44121498193462,70.88182978552373,871568.5758502473,30,30,1.308748607377744,2.1237211448192634,84925.56864491275,86288.81251271523,1363.2438678024807,0.0,351.56610726143293,351.5661072614329,False
843896,18,8,198.4534678121733,80.01663930562054,623736.6032841603,29,29,1.2854892123767772,2.142428751722746,67562.87316435142,68903.6042944189,1340.731130067483,0.0,347.2028231808618,347.20282318086197,False
843896,18,9,256.7249154971296,79.22279101714263,877012.0790514384,31,31,1.1325644470233933,2.2002962480819037,93165.60243677346,94518.92494653074,1353.3225097572777,0.0,368.1719974997421,368.17199749974225,False
843896,19,0,106.41102473935626,67.53544265050695,304864.8261502865,28,28,1.3813554257650187,2.392247046628724,33736.96804549229,35050.75353853669,1313.7854930443962,0.0,329.3902452719552,329.3902452719555,False
843896,19,1,180.2974053498974,55.40489912041686,689387.0832848363,31,31,1.2571280467785926,2.0624951326324483,63444.09221290183,64814.99502053516,1370.902807633333,0.0,359.4893387109526,359.4893387109525,False
843896,19,2,258.61733464012633,43.253311193994925,841155.8859692741,30,30,1.1282221848931382,2.1005059876970873,-3129.35899473879,0.0,3129.35899473879,369.10213541073426,346.4742123878721,0.0,False
843896,19,3,139.21401035631965,65.15025270200455,583764.3824596431,37,37,1.349275931125756,2.4902477482024947,58427.530756421445,60072.79010568938,1645.2593492679393,0.0,431.5139686870051,431.51396868700556,False
843896,19,4,112.57054051554427,68.69396186012642,437890.7862709,36,36,1.2696671903197865,2.4191525062676678,46304.88922175466,47896.0538652922,1591.1646435375367,0.0,425.47591622053596,425.47591622053625,False
843896,19,5,142.9328549805567,75.86174548281996,653630.1002640579,39,39,1.116278651765274,2.080179845317389,64804.82377990154,66453.67305032497,1648.8492704234272,0.0,464.92930585738844,464.92930585738833,False
843896,19,6,114.10967251719094,41.83753266597509,406724.2410507251,31,31,1.1165440526955301,2.4337397663695444,39359.15297075544,40669.92302135472,1310.7700505992855,0.0,356.4108293731864,356.4108293731864,False
843896,19,7,245.44121498193462,67.33773829624755,956347.9399256925,31,31,1.358748607377744,2.2237211448192635,87666.83396262898,89085.93343160932,1419.0994689803342,0.0,362.9624040044231,362.9624040044227,False
843896,19,8,198.4534678121733,76.0158073403395,690533.4213092233,30,30,1.3354892123767772,2.242428751722746,69877.2922452746,71275.24465332057,1397.9524080459703,0.0,359.15343500461887,359.1534350046187,False
843896,19,9,256.7249154971296,75.26165146628549,885565.819442827,32,32,1.1825644470233934,2.300296248081904,11762.113238308726,14783.027251171934,3020.9140128632084,322.35028145788203,379.9334234078781,57.58314194999598,False
843896,20,0,106.41102473935626,64.1586705179816,337118.56126345147,29,29,1.4313554257650187,2.492247046628724,34914.336558186,36284.37109096506,1370.034532779067,0.0,340.9831939861515,340.98319398615126,False
843896,20,1,180.2974053498974,52.63465416439601,752306.2878994725,32,32,1.3071280467785926,2.1624951326324484,65403.513547898074,66829.33918604825,1425.82563815018,0.0,370.66168010767905,370.66168010767933,False
843896,20,2,232.75560117611371,41.09064563429518,834112.1585592185,31,31,1.1782221848931382,2.2005059876970874,-4969.9173953911,0.0,4969.9173953911,726.6867855000179,357.5846500892836,0.0,False
843896,20,3,139.21401035631965,61.89274006690432,640549.3920700595,38,38,1.399275931125756,2.590247748202495,59936.933732957245,61642.08729582594,1705.1535628686945,0.0,442.78652082539963,442.78652082539975,False
843896,20,4,112.57054051554427,65.2592637671201,482224.0128507472,37,37,1.3196671903197865,2.519152506267668,47547.81933923007,49198.67153331648,1650.8521940864127,0.0,437.0474842529774,437.04748425297737,False
843896,20,5,142.9328549805567,72.06865820867895,716383.8413623524,40,40,1.1662786517652741,2.1801798453173893,66436.4874266428,68146.07357455892,1709.5861479161183,0.0,476.7698342262103,476.7698342262099,False
843896,20,6,114.10967251719094,39.74565603267634,445220.45540988486,32,32,1.1665440526955302,2.5337397663695445,40568.075352206084,41931.67969916377,1363.6043469576816,0.0,367.4682327464101,367.4682327464102,False
843896,20,7,245.44121498193462,63.97085138143517,950153.061274015,32,32,1.408748607377744,2.3237211448192636,-3347.8114074718874,0.0,3347.8114074718874,374.3495678667373,374.3495678667373,0.0,False
843896,20,8,198.4534678121733,72.21501697332253,753353.1567552157,31,31,1.3854892123767772,2.3424287517227462,65858.40097216541,67470.38330999015,1611.982337824745,31.122901956947445,371.1037753264547,339.98087336950766,False
843896,20,9,231.05242394741663,71.4985688929712,877370.0645013575,33,33,1.2325644470233934,2.400296248081904,-5036.302168002309,5.044853423896708e-13,5036.30216800231,714.0327008865917,391.68241942870964,2.183423717313966e-15,False
843896,21,0,106.41102473935626,60.95073699208252,370574.1972744281,30,30,1.4813554257650188,2.592247046628724,36084.158120738444,37511.38494061776,1427.2268198793197,0.0,352.5140842548818,352.51408425488194,False
843896,21,1,180.2974053498974,50.00292145617621,799745.8716268206,33,33,1.3571280467785927,2.2624951326324485,49889.68013540014,51843.0956219312,1953.4154865310575,94.30270946978196,381.84481536598673,287.54210589620504,False
843896,21,2,209.48004105850234,39.036113352580415,825196.1331965573,32,32,1.2282221848931383,2.3005059876970875,-6866.869735377052,0.0,6866.869735377052,1095.3491453286447,368.6623598286267,0.0,False
843896,21,3,139.21401035631965,58.7981030635591,698889.8732914054,39,39,1.4492759311257561,2.690247748202495,61433.6072408262,63199.48750350499,1765.8802626787958,0.0,453.9736147370884,453.9736147370891,False
843896,21,4,112.57054051554427,61.99630057876409,527857.8901057716,38,38,1.3696671903197866,2.619152506267668,48789.73667701714,50501.43803357414,1711.7013565569955,0.0,448.6203744095965,448.62037440959665,False
843896,21,5,142.9328549805567,68.465225298245,780843.76180105,41,41,1.2162786517652742,2.2801798453173894,68066.99467592349,69838.50239079655,1771.5077148730609,0.0,488.61056053415314,488.6105605341526,False
843896,21,6,114.10967251719094,37.75837323104252,484955.1836415109,33,33,1.2165440526955302,2.6337397663695445,41780.7545482505,43198.43997420617,1417.685425955672,0.0,378.56948513894173,378.5694851389413,False
843896,21,7,220.89709348374117,60.772308812363406,942012.6696785197,33,33,1.458748607377744,2.4237211448192637,-5334.905404687396,0.0,5334.905404687396,760.1226552129642,385.773087346227,0.0,False
843896,21,8,198.4534678121733,68.6042661246564,746770.968676228,32,32,1.4354892123767773,2.4424287517227463,-3586.851562998631,2.0605739337042903e-13,3586.851562998631,414.17561791240564,383.0527159554582,1.0383159117453794e-15,False
843896,21,9,207.94718155267498,67.92364044832264,867149.1604404133,34,34,1.2825644470233935,2.500296248081904,-7111.500285699758,0.0,7111.500285699758,1117.4508454284812,403.4181445418896,0.0,False
843896,22,0,106.41102473935626,57.90320014247839,405224.3313382475,31,31,1.5313554257650188,2.692247046628724,37245.13326823668,38730.44139002137,1485.308121784689,0.0,363.9701946756733,363.97019467567316,False
843896,22,1,180.2974053498974,47.5027753833674,793354.7763564902,34,34,1.4071280467785927,2.3624951326324486,-3976.0009072943567,0.0,3976.0009072943567,487.36052202583625,393.0578125560543,0.0,False
843896,22,2,188.5320369526521,37.08430768495139,814352.416921807,33,33,1.2782221848931383,2.4005059876970876,-8819.934121148228,0.0,8819.934121148228,1475.0427950401713,379.69364971152663,0.0,False
843896,22,3,139.21401035631965,55.858197910381136,758775.6096221679,40,40,1.4992759311257562,2.790247748202495,62920.06424717697,64747.555341100924,1827.4910939239535,0.0,465.09367250737824,465.09367250737847,False
843896,22,4,112.57054051554427,58.89648554982588,574790.4734732099,39,39,1.4196671903197866,2.719152506267668,50029.54630388293,51803.22433546623,1773.6780315832941,0.0,460.1845571516371,460.1845571516377,False
843896,22,5,142.9328549805567,65.04196403333275,837341.7987722404,42,42,1.2662786517652742,2.3801798453173895,60029.799460592585,62191.01826795681,2161.2188073642264,65.33044268878176,500.4369706904551,435.10652800167406,False
843896,22,6,114.10967251719094,35.87045456949039,525932.6845755194,34,34,1.2665440526955303,2.7337397663695446,42997.096389370316,44470.11367297767,1473.0172836073564,0.0,389.7137963153661,389.71379631536604,False
843896,22,7,198.80738413536707,57.73369337174523,931869.2286407119,34,34,1.508748607377744,2.523721144819264,-7380.495463168036,0.0,7380.495463168036,1157.3470113506687,397.2243561377046,0.0,False
843896,22,8,178.60812103095597,65.17405281842358,738197.5686146345,33,33,1.4854892123767773,2.5424287517227464,-5622.656318584795,3.8369307731045415e-13,5622.656318584795,809.1767952321441,395.0011773197384,2.148239817404234e-15,False
843896,22,9,187.15246339740747,64.5274584259065,854844.07286822,35,35,1.3325644470233935,2.600296248081904,-9246.626527284607,0.0,9246.626527284607,1532.613827021498,415.1629815930169,0.0,False
843896,23,0,106.41102473935626,55.00804013535447,441066.81084335456,32,32,1.5813554257650189,2.792247046628724,38402.736789439106,39947.19429643182,1544.4575069927196,0.0,375.4046574993399,375.4046574993399,False
843896,23,1,162.26766481490765,45.12763661419903,784919.7773337577,35,35,1.4571280467785928,2.4624951326324487,-6055.531741233565,0.0,6055.531741233565,891.6028501772485,404.24232815141227,0.0,False
843896,23,2,169.6788332573869,35.23009230070382,801525.3091061579,34,34,1.3282221848931384,2.5005059876970877,-10829.284677425861,0.0,10829.284677425861,1865.7709276454325,390.7281326052613,0.0,False
843896,23,3,139.21401035631965,53.06528801486208,820203.1215283734,41,41,1.5492759311257562,2.890247748202495,64403.188714813405,66293.34455192888,1890.155837115473,0.0,476.1973624798991,476.1973624798998,False
843896,23,4,112.57054051554427,55.95166127233458,623019.3365927477,40,40,1.4696671903197867,2.819152506267668,51266.9295704308,53103.70030813796,1836.7707377071592,0.0,471.73709982146846,471.7370998214684,False
843896,23,5,142.9328549805567,61.789865831666106,852443.9162939234,43,43,1.3162786517652743,2.4801798453173896,18559.081752442245,22556.754393942974,3997.672641500729,419.77580699695557,512.2590062242427,157.81364191606886,False
843896,23,6,114.10967251719094,34.07693184101587,568148.5006724211,35,35,1.3165440526955303,2.8337397663695447,44208.50871133636,45737.85808071407,1529.349369377707,0.0,400.82367315376825,400.8236731537682,False
843896,23,7,178.92664572183037,54.84700870315797,919665.1074827517,35,35,1.5587486073777441,2.623721144819264,-9484.475853349562,0.0,9484.475853349562,1566.0213347886915,408.6743234380227,0.0,False
843896,23,8,160.7473089278604,61.9153501775024,727573.1023898723,34,34,1.5354892123767774,2.6424287517227465,-7719.3443187251205,9.947598300641403e-14,7719.3443187251205,1216.1201181207434,406.9433228885995,6.18834515301631e-16,False
843896,23,9,168.43721705766674,61.30108550461117,840395.5667314295,36,36,1.3825644470233935,2.700296248081904,-11441.66705862534,0.0,11441.66705862534,1959.5235091520772,426.90968213057903,0.0,False
843896,24,0,106.41102473935626,52.25763812858674,478100.7380721611,33,33,1.631355425765019,2.8922470466287242,39558.42928705005,41163.15250590878,1604.7232188587316,0.0,386.8316521406874,386.8316521406877,False
843896,24,1,146.0408983334169,42.87125478348907,774384.9874610091,36,36,1.5071280467785928,2.5624951326324488,-8191.424700543597,0.0,8191.424700543597,1306.9498897689891,415.34703959174055,0.0,False
843896,24,2,152.71094993164823,33.46858768566862,786658.4921289254,35,35,1.3782221848931384,2.6005059876970877,-12895.416408232097,0.0,12895.416408232097,2267.593855673674,401.8229280282418,0.0,False
843896,24,3,139.21401035631965,50.41202361411897,873385.638652083,42,42,1.5992759311257563,2.990247748202495,56099.82211550433,58392.84692912882,2293.0248136244945,67.8336958969007,487.2803218483536,419.44662595145235,False
843896,24,4,112.57054051554427,53.15407820871785,672542.1189129056,41,41,1.5196671903197867,2.919152506267668,52502.09952671555,54403.084075568695,1900.9845488531457,0.0,483.2799400839371,483.2799400839375,False
843896,24,5,128.63956948250103,58.700372540082796,848639.4197905815,44,44,1.3662786517652743,2.5801798453173896,-421.68011158001536,6027.502891521707,6449.1830031017225,896.9980750436323,524.0780132560978,46.85574520942123,False
843896,24,6,114.10967251719094,32.373085248965076,611594.9624954755,36,36,1.3665440526955304,2.933739766369545,45411.89289201787,46998.47505631928,1586.5821643014028,0.0,411.87108874787833,411.8710887478783,False
843896,24,7,161.03398114964733,52.104658268000065,905342.4511154813,36,36,1.6087486073777442,2.723721144819264,-11646.888669620828,0.0,11646.888669620828,1986.1499923473255,420.1286575586339,0.0,False
843896,24,8,144.67257803507437,58.81958266862728,714837.5073599111,35,35,1.5854892123767774,2.7424287517227466,-9876.90963656022,0.0,9876.90963656022,1635.0023689739726,418.8822508532291,0.0,False
843896,24,9,151.59349535190006,58.236031229380615,823744.2949332144,37,37,1.4325644470233936,2.8002962480819042,-13696.53864272829,0.0,13696.53864272829,2398.1707463248194,438.6472371727421,0.0,False
843896,25,0,106.41102473935626,49.644756222157405,516325.442289519,34,34,1.681355425765019,2.9922470466287243,40712.62592891081,42378.74490361449,1666.1189747036804,0.0,398.25520905768224,398.2552090576819,False
843896,25,1,131.43680850007522,40.727692044314615,761694.4620532967,37,37,1.5571280467785928,2.662495132632449,-10383.600802071729,0.0,10383.600802071729,1733.360635673443,426.4107459044541,0.0,False
843896,25,2,137.43985493848342,31.79515830138519,769695.6718688277,36,36,1.4282221848931385,2.700505987697088,-15018.194561248638,0.0,15018.194561248638,2680.5190499238056,412.92519425013154,0.0,False
843896,25,3,139.21401035631965,47.89142243341302,865676.8660537727,43,43,1.6492759311257563,3.0902477482024953,-4849.441433672802,0.0,4849.441433672802,566.1728619162336,498.3391660193329,0.0,False
843896,25,4,112.57054051554427,50.49637429828196,723356.500687391,42,42,1.5696671903197867,3.0191525062676683,53735.22949501135,55701.55313313724,1966.323638125891,0.0,494.8146546870819,494.8146546870823,False
843896,25,5,115.77561253425093,55.765353913078656,866469.0057698572,45,45,1.4162786517652743,2.6801798453173897,21139.026905363902,29078.39959769984,7939.372692335938,1181.7253356697327,535.8889600651526,251.16169943905345,False
843896,25,6,114.10967251719094,30.75443098651682,656272.9219644623,37,37,1.4165440526955304,3.033739766369545,46615.87341548635,48260.845620249085,1644.9722047627333,0.0,422.93387191150134,422.9338719115021,False
843896,25,7,144.9305830346826,49.499425354600056,888843.4493012032,37,37,1.6587486073777442,2.823721144819264,-13867.52307615617,0.0,13867.52307615617,2417.7104041180983,431.56041177077276,0.0,False
843896,25,8,130.20532023156693,55.87860353519591,699930.5217858619,36,36,1.6354892123767775,2.8424287517227467,-12095.355846780529,1.4210854715202004e-13,12095.355846780529,2065.8226630435315,430.82029406955877,1.091418898239208e-15,False
843896,25,9,136.43414581671007,55.32422966791158,804830.7404231603,38,38,1.4825644470233936,2.9002962480819043,-16011.233782674242,0.0,16011.233782674242,2848.5510617246923,450.38031539987304,0.0,False
843896,26,0,106.41102473935626,47.16251841104953,555742.0753599651,35,35,1.731355425765019,3.0922470466287244,41867.32121483314,43596.037934624816,1728.7167197916783,0.0,409.6947477144325,409.69474771443265,False
843896,26,1,118.2931276500677,38.69130744209888,746792.1924402764,38,38,1.607128046778593,2.762495132632449,-12631.9999302188,0.0,12631.9999302188,2170.8116334264964,437.45099775305346,0.0,False
843896,26,2,123.69586944463508,30.20540038631593,750580.0404123116,37,37,1.4782221848931385,2.800505987697088,-17198.03164222079,0.0,17198.03164222079,3104.598097888397,424.07904796459167,0.0,False
843896,26,3,125.29260932068769,45.49685131174237,855412.7360313482,44,44,1.6992759311257564,3.1902477482024953,-7462.26856470689,0.0,7462.26856470689,1075.5720682651536,509.39920634892,0.0,False
843896,26,4,112.57054051554427,47.97155558336786,775457.5993132348,43,43,1.6196671903197868,3.1191525062676684,54963.875515930515,56996.58106662268,2032.7055506921715,0.0,506.31880068793214,506.3188006879324,False
843896,26,5,104.19805128082584,52.97708621742472,926694.090097314,46,46,1.4662786517652744,2.78017984531739,63462.030293456104,70809.78038435303,7347.750090896923,1049.854812000421,547.6986190732185,679.5691427425303,False
843896,26,6,114.10967251719094,29.21670943719098,650489.1442780477,38,38,1.4665440526955305,3.133739766369545,-3873.5427278009765,1.7053025658242397e-13,3873.5427278009765,433.88928291602224,433.88928291602224,1.4944417315432493e-15,False
843896,26,7,130.43752473121435,47.02445408687005,870110.6983706772,38,38,1.7087486073777443,2.923721144819264,-16145.821675223755,0.0,16145.821675223755,2860.629338689883,442.9189345717844,0.0,False
843896,26,8,117.18478820841024,53.084673358436106,682791.7093499498,37,37,1.6854892123767775,2.9424287517227468,-14374.67952164841,1.705302565824241e-13,14374.67952164841,2508.5802455353546,442.75758249182314,1.4552251976522778e-15,False
843896,26,9,122.79073123503906,52.558018184516,783595.2618860558,39,39,1.5325644470233937,3.0002962480819044,-18385.715827908927,0.0,18385.715827908927,3310.658385234095,462.1073235094027,0.0,False
843896,27,0,106.41102473935626,44.80439249049705,596348.1296298754,36,36,1.781355425765019,3.1922470466287245,43019.01239956959,44811.40228181659,1792.389882247,0.0,421.11616152158933,421.11616152158933,False
843896,27,1,106.46381488506094,36.75674206999393,729622.0060549376,39,39,1.657128046778593,2.862495132632449,-14936.673444610258,8.758115402030107e-46,14936.673444610258,2619.299313924943,448.48768049844625,8.226377583299478e-48,False
843896,27,2,111.32628250017157,28.695130367000132,729255.1978670136,38,38,1.5282221848931385,2.900505987697088,-19434.427591353873,0.0,19434.427591353873,3539.7927986651093,435.1947007767123,0.0,False
843896,27,3,112.76334838861892,43.22200874615525,842535.8362843414,45,45,1.7492759311257564,3.2902477482024954,-10131.90935343152,8.013675592857564e-45,10131.90935343152,1596.077884741305,520.5058164761515,7.106631460818146e-47,False
843896,27,4,112.57054051554427,45.57297780419947,767962.8300728273,44,44,1.6696671903197868,3.2191525062676685,-4689.558217021451,0.0,4689.558217021451,517.8466622149368,517.8466622149368,0.0,False
843896,27,5,93.77824615274325,50.328231906553484,1048783.7190027286,47,47,1.5162786517652744,2.88017984531739,125255.05580502104,128612.0127504357,3356.9569454146517,237.9143336634527,559.5077842052431,1371.448262542213,False
843896,27,6,102.69870526547186,27.75587396533143,642448.9256441029,39,39,1.5165440526955305,3.233739766369545,-6157.739549296913,4.4053649617126206e-13,6157.739549296913,878.7050569291664,444.8157740131441,4.289601266466735e-15,False
843896,27,7,117.39377225809292,44.673231382526545,849087.1266712819,39,39,1.7587486073777443,3.0237211448192642,-18481.31567547765,0.0,18481.31567547765,3314.8231008761054,454.1937621862226,0.0,False
843896,27,8,105.46630938756921,50.4304396905143,663360.4777194313,38,38,1.7354892123767776,3.042428751722747,-16714.874922280396,2.8066438062523957e-13,16714.874922280396,2963.2741496816707,454.693904146316,2.661175708669674e-15,False
843896,27,9,110.51165811153516,49.9301172752902,759978.3284583241,40,40,1.5825644470233937,3.1002962480819045,-20819.728736718476,0.0,20819.728736718476,3784.460456357292,473.8020711231971,0.0,False
843896,28,0,106.41102473935626,42.564172865972196,589953.2128843846,37,37,1.831355425765019,3.2922470466287246,-4020.042349451066,0.0,4020.042349451066,432.55447949771013,432.55447949771013,0.0,False
843896,28,1,95.81743339655485,34.91890496649423,710127.5185542818,40,40,1.707128046778593,2.962495132632449,-17297.731301998097,0.0,17297.731301998097,3078.8348474415006,459.5355335165578,0.0,False
843896,28,2,100.19365425015442,27.260373848650126,705664.9119950291,39,39,1.5782221848931386,3.000505987697088,-21727.13129188887,0.0,21727.13129188887,3986.058611796529,446.2658131314198,0.0,False
843896,28,3,101.48701354975704,41.06090830884748,826988.6818209651,46,46,1.7992759311257565,3.3902477482024955,-12858.352681169848,0.0,12858.352681169848,2127.70836139404,531.630476652735,0.0,False
843896,28,4,101.31348646398985,43.294328913989496,757809.4104494826,45,45,1.7196671903197869,3.3191525062676686,-7405.174822213538,0.0,7405.174822213538,1047.2179570578503,529.3712948429135,0.0,False
843896,28,5,84.40042153746893,47.81182031122581,1111750.4752551536,48,48,1.5662786517652745,2.98017984531739,66061.72362736451,68299.18749316534,2237.4638658008375,0.0,571.3137039340188,809.2280375974714,False
843896,28,6,92.42883473892468,26.368080267064855,666864.7442636883,40,40,1.5665440526955305,3.333739766369545,26270.541830269525,32983.71102368788,6713.169193418354,977.5668715251576,455.7170223550629,356.8552077590718,False
843896,28,7,105.65439503228363,42.43956981340022,825715.7436722011,40,40,1.8087486073777443,3.1237211448192643,-20873.800206543547,0.0,20873.800206543547,3780.2336699471016,465.4105690709961,0.0,False
843896,28,8,94.91967844881229,47.90891770598858,701905.3257219504,39,39,1.7854892123767776,3.142428751722747,41213.29579305291,57310.35237827633,16097.056585223421,2826.1267697726507,466.6299749540406,603.7773548630626,False
843896,28,9,99.46049230038165,47.43361141152569,733920.5068210122,41,41,1.6325644470233938,3.2002962480819046,-23313.043569440903,0.0,23313.043569440903,4269.9177400384415,485.4572836811498,0.0,False
843896,29,0,95.76992226542065,40.43596422267358,581310.5474225375,38,38,1.8813554257650191,3.3922470466287247,-6306.0988213864875,0.0,6306.0988213864875,876.5549991096441,444.0005196119339,0.0,False
843896,29,1,86.23569005689936,33.172959718169515,688252.0109094145,41,41,1.757128046778593,3.062495132632449,-19715.4162964229,1.262177448353619e-29,19715.4162964229,3549.45056040135,470.6157129598493,1.4636369785187767e-31,False
843896,29,2,90.17428882513899,25.897355156217618,679752.7261367103,40,40,1.6282221848931386,3.100505987697088,-24076.291652068736,0.0,24076.291652068736,4443.394840341386,457.3362285448567,0.0,False
843896,29,3,91.33831219478134,39.007862893405104,808713.9815660798,47,47,1.8492759311257565,3.4902477482024956,-15641.330698895561,4.496507159759766e-29,15641.330698895561,2670.440775809145,542.7324144151054,4.922914658386556e-31,False
843896,29,4,91.18213781759087,41.12961246829002,744938.2595891266,46,46,1.769667190319787,3.4191525062676686,-10179.188686814308,0.0,10179.188686814308,1588.0707395625989,540.8527825047486,0.0,False
843896,29,5,92.84046369121583,45.42122929566452,1103500.5263653218,49,49,1.6162786517652745,3.08017984531739,-5224.308654344121,0.0,5224.308654344121,583.1181717080096,583.1181717080096,0.0,False
843896,29,6,83.18595126503222,25.04967625371161,706677.475243585,41,41,1.6165440526955306,3.4337397663695453,41639.76770629809,47870.37777869904,6230.610072400953,868.6590551378597,466.55447082250873,575.4622872098078,False
843896,29,7,95.08895552905527,40.31759132273021,799939.5010786486,41,41,1.8587486073777444,3.2237211448192644,-23323.221349321637,0.0,23323.221349321637,4256.830668768122,476.5969988210207,0.0,False
843896,29,8,85.42771060393106,45.51347182068915,789257.1428894526,40,40,1.8354892123767776,3.242428751722747,89972.35604033187,102530.34359645948,12557.987556127608,2104.4914950913885,478.56478770624,1200.2000623875015,False
843896,29,9,89.51444307034349,45.0619308409494,705362.1842723807,42,42,1.6825644470233938,3.3002962480819047,-25865.721453311617,0.0,25865.721453311617,4767.021191380987,497.1034513425453,0.0,False
843896,30,0,86.19293003887859,38.414166011539905,570361.6641286369,39,39,1.9313554257650192,3.4922470466287248,-8650.730819452081,0.0,8650.730819452081,1332.024032641631,455.46903353198684,0.0,False
843896,30,1,77.61212105120943,31.51431173226104,663938.6603990564,42,42,1.807128046778593,3.1624951326324493,-22189.749417603278,0.0,22189.749417603278,4031.16225950039,481.7116990990403,0.0,False
843896,30,2,81.15685994262509,24.602487398406737,651462.7898188664,41,41,1.6782221848931387,3.2005059876970883,-26481.234334508365,0.0,26481.234334508365,4911.723496396818,468.3286560554315,0.0,False
843896,30,3,82.20448097530321,37.057469748734846,787654.7508234583,48,48,1.8992759311257565,3.5902477482024957,-18480.47219468023,0.0,18480.47219468023,3224.2238424064612,553.783066597316,0.0,False
843896,30,4,82.06392403583179,39.07313184487552,729290.2953725056,47,47,1.819667190319787,3.5191525062676687,-13011.527019912224,0.0,13011.527019912224,2140.3788048199467,552.308065257348,0.0,False
843896,30,5,83.55641732209425,43.15016783088129,1092271.6876910906,50,50,1.6662786517652746,3.18017984531739,-8271.33028268184,0.0,8271.33028268184,1178.037817303711,594.9196455957015,0.0,False
843896,30,6,74.86735613852899,23.797192441026027,745894.2963187698,42,42,1.6665440526955306,3.5337397663695453,41016.30315770968,46585.41236969381,5569.109211984133,723.7738604884975,477.35411995252673,622.2393146018891,False
843896,30,7,85.58005997614974,38.3017117565937,771701.2226259942,42,42,1.9087486073777444,3.3237211448192645,-25829.606558876294,0.0,25829.606558876294,4744.604362532139,487.77369376401657,0.0,False
843896,30,8,76.88493954353795,43.237798229654686,878499.7389152396,41,41,1.8854892123767777,3.342428751722747,91815.34575320361,100368.91217705327,8553.56642384966,1289.5475029404595,490.49908646678614,1305.4430786177174,False
843896,30,9,80.56299876330914,42.80883429890193,674243.7611838485,43,43,1.7325644470233938,3.400296248081905,-28477.643213681007,0.0,28477.643213681007,5275.753452531418,508.7322611504303,0.0,False
843896,31,0,77.57363703499072,36.49345771096291,557048.0130490813,40,40,1.9813554257650192,3.592247046628725,-11053.912771117555,0.0,11053.912771117555,1798.968319901277,466.944287259646,0.0,False
843896,31,1,69.85090894608848,29.938596145647985,637130.3430326805,43,43,1.8571280467785931,3.2624951326324494,-24720.95773211521,2.2737367544323206e-13,24720.95773211521,4524.002197182097,492.8399376817072,3.25512837089523e-15,False
843896,31,2,73.04117394836258,23.372363028486397,620739.2987174367,42,42,1.7282221848931387,3.3005059876970884,-28941.85185423416,0.0,28941.85185423416,5391.000293393397,479.2767969965794,0.0,False
843896,31,3,73.98403287777289,35.2045962612981,763754.2636283014,49,49,1.9492759311257566,3.690247748202496,-21375.461978355102,1.1723955140041656e-13,21375.461978355102,3789.000569062491,564.7767266560297,1.5846601873421118e-15,False
843896,31,4,73.85753163224861,37.119475252631744,710806.2879884145,48,48,1.869667190319787,3.619152506267669,-15902.272571967293,0.0,15902.272571967293,2704.1404928937554,563.7616880738085,0.0,False
843896,31,5,75.20077558988483,40.992659439337224,1078002.5620984663,51,51,1.7162786517652746,3.2801798453173903,-11378.49996121841,0.0,11378.49996121841,1784.7544088652753,606.7165915615642,0.0,False
843896,31,6,67.38062052467609,22.607332818974726,823766.0299584877,43,43,1.7165440526955307,3.6337397663695454,79643.84895093598,81657.95723155614,2014.1082806201623,0.0,488.1169858068622,1211.8908462953589,False
843896,31,7,77.02205397853477,36.38662616876401,740943.7872922956,43,43,1.9587486073777445,3.4237211448192646,-28392.810408442943,0.0,28392.810408442943,5243.534379621944,498.93001708980506,0.0,False
843896,31,8,69.19644558918417,41.07590831817195,936439.1009296254,42,42,1.9354892123767777,3.442428751722747,60464.55016374863,66776.62186859107,6312.071704842443,826.950604190736,502.4327541466164,965.0296528963428,False
843896,31,9,72.50669888697823,40.66839258395683,640505.6410447317,44,44,1.782564447023394,3.500296248081905,-31148.71086542252,0.0,31148.71086542252,5796.096187313658,520.3427347822408,0.0,False
843896,32,0,69.81627333149166,34.66878482541476,541311.081921837,41,41,2.0313554257650193,3.692247046628725,-13515.510949404485,0.0,13515.510949404485,2277.375950451606,478.4076305503289,0.0,False
843896,32,1,62.865818051479636,28.441666338365586,611241.7122598246,44,44,1.9071280467785932,3.3624951326324495,-23837.197453968027,3215.7769337422674,27052.974387710296,4976.79707689155,503.94790743445515,51.15302772500198,False
843896,32,2,65.73705655352633,22.203744877062075,587526.4088689308,43,43,1.7782221848931388,3.4005059876970885,-31458.128818794405,0.0,31458.128818794405,5881.205173287287,490.2048798938896,0.0,False
843896,32,3,66.5856295899956,33.4443664482332,798020.7682794245,50,50,1.9992759311257566,3.790247748202496,36738.72297353361,56799.90922539572,20061.186251862113,3511.7181343397942,575.7531162684708,853.035550991168,False
843896,32,4,66.47177846902375,35.26350149000015,689427.0641037783,49,49,1.919667190319787,3.719152506267669,-18851.312311626156,4.6185277824406506e-14,18851.312311626156,3279.3424301056566,575.2019372119009,6.948103223374583e-16,False
843896,32,5,67.68069803089635,38.94302646737036,1060631.7150942443,52,52,1.7662786517652747,3.3801798453173904,-14545.809627914045,0.0,14545.809627914045,2403.265158862462,618.5107499971868,0.0,False
843896,32,6,67.38062052467609,21.47696617802599,817447.922061825,44,44,1.7665440526955307,3.7337397663695455,-4573.121384828666,0.0,4573.121384828666,498.8421159514988,498.8421159514988,0.0,False
843896,32,7,69.3198485806813,34.56729486032581,707610.0819283316,44,44,2.0087486073777443,3.5237211448192647,-31012.744390107477,0.0,31012.744390107477,5753.602169529479,510.0677899075357,0.0,False
843896,32,8,62.27680103026575,39.022112902263345,1015244.008860332,43,43,1.9854892123767778,3.5424287517227473,81282.8587855034,83532.85562406674,2249.9968385633465,0.0,514.3651705785987,1341.3157747693367,False
843896,32,9,65.25602899828041,38.634972954758986,604088.0982918795,45,45,1.832564447023394,3.600296248081905,-33878.9689698884,0.0,33878.9689698884,6328.046795939392,531.950608625733,0.0,False
843896,33,0,62.834645998342495,32.935345584144024,523092.58356846625,42,42,2.081355425765019,3.792247046628725,-16035.213838835269,0.0,16035.213838835269,2767.207465464962,489.83151501335567,0.0,False
843896,33,1,56.579236246331675,27.019583021447307,586062.8967941483,45,45,1.9571280467785932,3.4624951326324496,-23162.934229713057,6003.634909550207,29166.569139263265,5385.710740821102,515.0238786983042,106.11021476875192,False
843896,33,2,59.1633508981737,21.09355763320897,551768.3852371179,44,44,1.8282221848931388,3.5005059876970885,-34029.90709595092,0.0,34029.90709595092,6382.311866895954,501.1066936086672,0.0,False
843896,33,3,59.927066630996045,31.772148125821534,911456.9296815093,51,51,2.0492759311257567,3.890247748202496,115856.54095650079,128226.33892089836,12369.797964397567,1958.7701220192562,586.7585698563988,2139.706582176941,False
843896,33,4,59.82460062212137,33.50032641550014,665093.4579911493,50,50,1.969667190319787,3.819152506267669,-21858.589791852846,1.7763568394002505e-14,21858.589791852846,3865.972628269895,586.6301981642384,2.96927488178401e-16,False
843896,33,5,60.91262822780672,36.995875144001836,1040097.6841200104,53,53,1.8162786517652747,3.4801798453173904,-17773.249591606633,0.0,17773.249591606633,3033.5678088565915,630.3026499941292,0.0,False
843896,33,6,60.642558472208485,20.40311786912469,808544.0875196842,45,45,1.8165440526955308,3.8337397663695456,-7185.694238028419,0.0,7185.694238028419,1008.2802394867313,509.4381235352325,0.0,False
843896,33,7,62.38786372261317,32.838930117309516,671642.9896821993,45,45,2.058748607377744,3.6237211448192648,-33689.340390853125,0.0,33689.340390853125,6274.792208886629,521.1900393571497,0.0,False
843896,33,8,62.27680103026575,37.07100725715018,1007857.5312720777,44,44,2.0354892123767776,3.6424287517227474,-4955.353268942106,0.0,4955.353268942106,526.2972659441884,526.2972659441884,0.0,False
843896,33,9,58.73042609845238,36.70322430702104,564931.3472035788,46,46,1.882564447023394,3.700296248081905,-36668.40277017672,0.0,36668.40277017672,6871.602524611612,543.5557286722202,0.0,False
843896,34,0,56.55118139850825,31.28857830493682,502334.56409846764,43,43,2.131355425765019,3.892247046628725,-18612.610602886696,0.0,18612.610602886696,3268.4006686830335,501.19320321807146,0.0,False
843896,34,1,50.92131262169851,25.66860387037494,563199.2517089806,46,46,2.0071280467785932,3.5624951326324497,-20882.88930713298,10002.082143577676,30884.971450710655,5715.375020148982,526.0865950267013,196.42231569882202,False
843896,34,2,53.24701580835633,20.03887975154852,513409.9670971466,45,45,1.8782221848931389,3.6005059876970886,-36656.66855115029,0.0,36656.66855115029,6894.250982860444,511.93911596449,0.0,False
843896,34,3,53.93435996789644,30.183540719530455,1024182.789418166,52,52,2.0992759311257565,3.990247748202496,115095.40385407394,119454.52022526378,4359.116371189844,341.7333524603935,597.7762048857558,2214.812974444624,False
843896,34,4,53.84214055990924,31.825310094725133,638553.3218905268,51,51,2.019667190319787,3.919152506267669,-24117.045285790387,738.5033312625062,24855.548617052893,4450.312523635792,598.055979525679,13.716084159781612,False
843896,34,5,54.82136540502605,35.14608138680174,1016339.0367248202,54,54,1.8662786517652747,3.5801798453173905,-21060.7590003012,0.0,21060.7590003012,3675.654548921408,642.0867400648166,0.0,False
843896,34,6,54.578302624987636,19.382961975668454,797000.4438879912,46,46,1.8665440526955308,3.9337397663695457,-9852.027380813353,0.0,9852.027380813353,1528.2828646333367,520.0026251466054,0.0,False
843896,34,7,56.14907735035185,31.19698361144404,632985.057404322,46,46,2.108748607377744,3.723721144819265,-36422.8710317509,0.0,36422.8710317509,6807.127680675841,532.3354717892116,0.0,False
843896,34,8,56.04912092723918,35.21745689429267,997751.202610522,45,45,2.0854892123767774,3.7424287517227475,-7721.543101310138,0.0,7721.543101310138,1064.524394641637,538.2271286974485,0.0,False
843896,34,9,52.85738348860714,34.86806309166999,522975.535419908,47,47,1.932564447023394,3.800296248081905,-39517.01281836327,0.0,39517.01281836327,7426.762269018237,555.159744406625,0.0,False
843896,35,0,50.89606325865743,29.724149389689977,478979.20106195123,44,44,2.1813554257650187,3.992247046628725,-21247.500463368917,0.0,21247.500463368917,3780.906382899154,512.5057142161202,0.0,False
843896,35,1,45.82918135952866,24.385173676856194,614106.472206215,47,47,2.057128046778593,3.6624951326324497,52853.323660047936,77986.32086724413,25132.99720719619,4550.790985936759,537.0898459176269,1701.6738801298586,False
843896,35,2,47.9223142275207,19.036935763971094,472395.8449967916,46,46,1.928222184893139,3.7005059876970887,-39338.42305521297,0.0,39338.42305521297,7416.994261898432,522.7432790379878,0.0,False
843896,35,3,48.5409239711068,28.67436368355393,1065275.6920317973,53,53,2.1492759311257563,4.090247748202496,43412.64388885992,46138.625482283365,2725.9815934234393,0.0,608.7764794032643,950.5098318636587,False
843896,35,4,48.457926503918316,30.234044589988876,608201.878694494,52,52,2.069667190319787,4.019152506267669,-27979.272877350988,1.1377565556358534e-12,27979.272877350988,5059.784750474705,609.4722268389135,2.3479266194847486e-14,False
843896,35,5,49.33922886452345,33.38877731746165,989294.3885710229,55,55,1.9162786517652748,3.6801798453173906,-24408.265401335935,0.0,24408.265401335935,4329.513954221023,653.8594052996145,0.0,False
843896,35,6,49.120472362488876,18.41381387688503,782762.4631403143,47,47,1.9165440526955309,4.033739766369545,-12572.531495461739,0.0,12572.531495461739,2058.8827410355407,530.5998764022041,0.0,False
843896,35,7,50.53416961531667,29.637134430871836,591578.7017378154,47,47,2.1587486073777438,3.823721144819265,-39213.41034825287,0.0,39213.41034825287,7350.626815575545,543.4991348997044,0.0,False
843896,35,8,50.444208834515265,33.456584049578034,984863.6266343421,46,46,2.1354892123767772,3.8424287517227476,-10548.573109897266,0.0,10548.573109897266,1614.681153611908,550.156758970271,0.0,False
843896,35,9,47.57164513974643,33.124659937086484,478160.69663550577,48,48,1.982564447023394,3.9002962480819052,-42424.85510742103,0.0,42424.85510742103,7993.531791503199,566.7695224849621,0.0,False
843896,36,0,45.80645693279168,28.237941920205476,452968.84805754945,45,45,2.2313554257650186,4.092247046628725,-23939.645617991286,0.0,23939.645617991286,4304.6771056687,523.7707227695466,0.0,False
843896,36,1,41.246263223575795,23.165914993013384,717910.2780073871,48,48,2.107128046778593,3.76249513263245,105715.76972083766,119209.95330680934,13494.183585971681,2208.648320616106,548.057415608619,2890.200080929285,False
843896,36,2,43.130082804768634,18.08508897577254,428670.8223765552,47,47,1.978222184893139,3.800505987697089,-42075.02343837454,0.0,42075.02343837454,7950.513262680366,533.5190007819338,0.0,False
843896,36,3,53.39501636821748,27.24064549937623,1057103.0596232521,54,54,2.199275931125756,4.190247748202496,-5901.637551575774,0.0,5901.637551575774,619.7919917027687,619.7919917027687,0.0,False
843896,36,4,43.61213385352649,28.72234236048943,574718.4368718021,53,53,2.119667190319787,4.119152506267668,-31161.15767758376,1.3216094885137924e-12,31161.15767758376,5680.6663908947085,620.8816404200037,3.0303710727672337e-14,False
843896,36,5,44.405305978071105,31.71933845158857,958902.3532206875,56,56,1.9662786517652748,3.7801798453173907,-27815.752397044158,0.0,27815.752397044158,4995.139333236433,665.625379015411,0.0,False
843896,36,6,44.20842512623999,17.493123183040776,765776.2309087258,48,48,1.966544052695531,4.133739766369545,-15346.56231880323,0.0,15346.56231880323,2600.02195644673,541.1392154111895,0.0,False
843896,36,7,45.480752653785004,28.155277709328242,547366.3230290927,48,48,2.2087486073777436,3.923721144819265,-42060.92537867339,0.0,42060.92537867339,7905.294069354573,554.6672537790279,0.0,False
843896,36,8,45.39978795106374,31.78375484709913,969133.351657701,47,47,2.185489212376777,3.9424287517227476,-13436.43849882613,0.0,13436.43849882613,2176.7669186041285,562.0857649922206,0.0,False
843896,36,9,42.814480625771786,31.46842694023216,430426.8861459367,49,49,2.032564447023394,4.000296248081905,-45391.85756949902,1.1368683772161603e-13,45391.85756949902,8571.905590286846,578.3737987836471,2.6553361400157514e-15,False
843896,37,0,41.22581123951252,26.8260448241952,424245.97491457255,46,46,2.2813554257650184,4.192247046628725,-26688.875081063343,0.0,26688.875081063343,4839.673270015091,534.9961643463905,0.0,False
843896,37,1,37.12163690121822,22.007619243362715,816247.2021622363,49,49,2.1571280467785927,3.86249513263245,100215.29749777335,102739.06852290372,2523.771025130364,0.0,558.9847122777662,2767.633032893874,False
843896,37,2,38.81707452429177,17.18083452698391,382179.901320851,48,48,2.028222184893139,3.900505987697089,-44866.24099840764,0.0,44866.24099840764,8494.770435839864,544.2571731594984,0.0,False
843896,37,3,48.05551473139574,25.87861322440742,1045746.0376880936,55,55,2.249275931125756,4.290247748202495,-9133.698207811776,0.0,9133.698207811776,1250.6238852202723,630.8318935175037,0.0,False
843896,37,4,39.25092046817384,27.28622524246496,548332.2239280131,54,54,2.1696671903197866,4.219152506267668,-24112.756780698102,9125.94392998045,33238.70071067855,6080.452982107311,632.2892642997248,232.50267308712208,False
843896,37,5,39.964775380263994,30.13337152900914,925101.5460887892,57,57,2.016278651765275,3.880179845317391,-31283.20495474221,0.0,31283.20495474221,5672.526149288782,677.386816052349,0.0,False
843896,37,6,39.78758261361599,16.618467023888737,745988.2795167909,49,49,2.0165440526955307,4.233739766369545,-18173.646507761507,0.0,18173.646507761507,3151.6231793167053,551.601222869975,0.0,False
843896,37,7,40.9326773884065,26.74751382386183,500290.44969525945,49,49,2.2587486073777434,4.023721144819265,-44965.24515646173,0.0,44965.24515646173,8471.112953940596,565.8188845860218,0.0,False
843896,37,8,40.85980915595737,30.19456710474417,950498.8963934006,48,48,2.235489212376777,4.042428751722747,-16385.11604326988,0.0,16385.11604326988,2750.778898732352,574.0119801282233,0.0,False
843896,37,9,38.53303256319461,29.89500559322055,379714.14917481376,50,50,2.082564447023394,4.1002962480819045,-48417.98669146327,9.237055564881306e-14,48417.98669146327,9161.877593379559,589.972003092712,2.397178459736443e-15,False
843896,38,0,37.10323011556127,25.48474258298544,392752.75690270116,47,47,2.331355425765018,4.292247046628725,-29495.435110469967,0.0,29495.435110469967,5385.903536447862,546.2302664327713,0.0,False
843896,38,1,40.833800591340044,20.907238281194577,808954.6568841904,50,50,2.2071280467785925,3.96249513263245,-5447.1833639851775,0.0,5447.1833639851775,569.9044628602805,569.9044628602805,0.0,False
843896,38,2,34.93536707186259,16.321792800634714,332868.94232735346,49,49,2.078222184893139,4.000505987697089,-47711.191146267156,0.0,47711.191146267156,9049.652092674653,554.8816568347887,0.0,False
843896,38,3,43.249963258256166,24.584682563187048,1031147.3084676702,56,56,2.299275931125756,4.390247748202495,-12421.986996883996,0.0,12421.986996883996,1892.4875760055022,641.8636907852299,0.0,False
843896,38,4,35.325828421356455,25.92191398034171,619914.2426411652,55,55,2.2196671903197864,4.319152506267668,73807.7239820735,96662.84186011022,22855.117878036715,3987.8052926115147,643.6743213327456,2736.3220108285436,False
843896,38,5,35.9682978422376,28.62670295255868,887830.5947013506,58,58,2.0662786517652747,3.980179845317391,-34810.60261619092,0.0,34810.60261619092,6361.670186189796,689.1440369010139,0.0,False
843896,38,6,35.80882435225439,15.7875436726943,723343.8625844367,50,50,2.0665440526955305,4.333739766369544,-21055.03974871828,0.0,21055.03974871828,3713.791500841533,562.1683215248277,0.0,False
843896,38,7,36.83940964956585,25.410138132668738,450293.8275304258,50,50,2.3087486073777432,4.123721144819265,-47926.11525819908,0.0,47926.11525819908,9048.048771526175,576.9358175855791,0.0,False
843896,38,8,36.77382824036164,28.68483874950696,928898.729541543,49,49,2.2854892123767767,4.142428751722747,-19394.609753133664,0.0,19394.609753133664,3336.716282862839,585.937384130487,0.0,False
843896,38,9,34.67972930687515,28.40025531355952,327208.19773972104,51,51,2.1325644470233938,4.200296248081904,-50257.53841410163,1088.6980453291926,51346.236459430824,9732.047697123597,601.5630259809881,31.392922236949566,False
843896,39,0,33.39290710400514,24.210505453836166,358431.3732642888,48,48,2.381355425765018,4.392247046628724,-32359.27937662941,0.0,32359.27937662941,5943.366872718764,557.4633362709022,0.0,False
843896,39,1,36.75042053220604,19.861876367134847,798715.6835732125,51,51,2.2571280467785924,4.06249513263245,-8426.01761625448,0.0,8426.01761625448,1150.6996376471363,580.7951747868558,0.0,False
843896,39,2,31.441830364676335,15.505703160602978,280683.625570129,50,50,2.1282221848931386,4.100505987697089,-50610.03159919455,0.0,50610.03159919455,9615.125963847928,565.4738711732758,0.0,False
843896,39,3,38.92496693243055,23.355448435027693,1013249.4041908768,57,57,2.3492759311257556,4.490247748202495,-15766.64371599505,0.0,15766.64371599505,2545.394376589419,652.9068005839171,0.0,False
843896,39,4,31.79324557922081,24.625818281324623,711892.4639621351,56,56,2.2696671903197863,4.419152506267667,94157.26714472385,104011.01228342394,9853.745138700097,1371.3771381660106,655.0532683697453,3271.48142281525,False
843896,39,5,32.37146805801384,27.195367804930747,847028.1123788941,59,59,2.1162786517652745,4.0801798453173905,-38397.955621963745,0.0,38397.955621963745,7062.570732903283,700.9005467134865,0.0,False
843896,39,6,32.22794191702895,14.998166489059583,697788.67355759,51,51,2.1165440526955304,4.433739766369544,-23990.282535904276,0.0,23990.282535904276,4286.522241955299,572.7307411137663,0.0,False
843896,39,7,33.15546868460927,24.1396312260353,397319.5282970811,51,51,2.358748607377743,4.223721144819264,-50943.178040817744,0.0,50943.178040817744,9636.047703226164,587.9989316999889,0.0,False
843896,39,8,33.09644541632547,27.25059681203161,904271.2907526415,50,50,2.3354892123767765,4.242428751722747,-22464.908948301847,0.0,22464.908948301847,3934.5775632966543,597.8612804338156,0.0,False
843896,39,9,31.211756376187637,26.98024254788154,275182.9001737282,52,52,2.1825644470233936,4.300296248081904,-49822.32495350362,4023.5726706819905,53845.897624185614,10216.278006643935,613.142397074364,128.91208755402474,False
843896,40,0,30.053616393604628,22.999980181144355,321224.1684384064,49,49,2.431355425765018,4.492247046628724,-35280.20579700531,2.77111666946439e-13,35280.20579700531,6512.041383570044,568.6745108512799,9.220576429710737e-15,False
843896,40,1,33.07537847898544,18.868782548778103,785474.8287319416,52,52,2.307128046778592,4.16249513263245,-11459.678148732351,0.0,11459.678148732351,1742.3085564051073,591.608918757971,0.0,False
843896,40,2,28.2976473282087,14.73041800257283,225569.34740917245,51,51,2.1782221848931385,4.200505987697088,-53563.026842824875,0.0,53563.026842824875,10191.206703349746,576.0807395018185,0.0,False
843896,40,3,35.0324702391875,22.187676013276306,991994.7622040602,58,58,2.3992759311257554,4.590247748202494,-19167.756778043346,0.0,19167.756778043346,3209.358807554772,663.9644309653527,0.0,False
843896,40,4,28.61392102129873,23.39452736725839,764990.2620705343,57,57,2.319667190319786,4.519152506267667,55231.28616833623,58310.11122339736,3078.8250550611365,0.0,666.4460311925134,2037.8231693585203,False
843896,40,5,29.134321252212455,25.835599414684207,802632.7238627387,60,60,2.1662786517652743,4.18017984531739,-42045.25255127608,0.0,42045.25255127608,7775.226231926502,712.6554990232188,0.0,False
843896,40,6,29.005147725326054,14.248258164606604,669268.7053900808,52,52,2.16654405269553,4.533739766369544,-26979.05874294905,4.7331654313260715e-30,26979.05874294905,4869.77886543712,583.2566234818202,1.6318363471713243e-31,False
843896,40,7,29.83992181614834,22.932649664733532,341310.5264701513,52,52,2.408748607377743,4.323721144819264,-54016.50404436251,2.6032409872293384e-29,54016.50404436251,10235.092885899245,599.0451826730811,8.724020804305707e-31,False
843896,40,8,29.786800874692926,25.888066971430028,876554.9915721338,51,51,2.3854892123767764,4.342428751722746,-25596.007764964143,0.0,25596.007764964143,4544.361434864448,609.7838715677934,0.0,False
843896,40,9,28.090580738568875,25.631230420487462,276894.5262537509,53,53,2.2325644470233934,4.4002962480819034,3870.0812923087724,51714.15436149003,47844.07306918126,8999.99871066538,624.6991744482098,1840.9784704267634,False
843896,41,0,27.048254754244166,21.849981172087137,281073.59464774583,50,50,2.4813554257650177,4.5922470466287235,-38258.07473205717,4.138911435802586e-13,38258.07473205717,7091.902338815622,579.8609552455783,1.5301953761557003e-14,False
843896,41,1,29.767840631086898,17.925343421339196,769176.5747303712,53,53,2.357128046778592,4.262495132632449,-14548.210800242177,0.0,14548.210800242177,2344.701511811675,602.3929554065676,0.0,False
843896,41,2,25.46788259538783,13.993897102444187,167471.63084071488,52,52,2.2282221848931383,4.300505987697088,-56570.03391913001,0.0,56570.03391913001,10777.885295814083,586.6785924643373,0.0,False
843896,41,3,31.529223215268747,21.07829221261249,967326.2607785091,59,59,2.4492759311257553,4.690247748202494,-22624.882185009792,0.0,22624.882185009792,3884.3404880268827,674.9816804721107,0.0,False
843896,41,4,31.475313123428606,22.22480099889547,756350.1789074583,58,58,2.369667190319786,4.619152506267667,-6551.044705138176,0.0,6551.044705138176,677.8303408364087,677.8303408364087,0.0,False
843896,41,5,26.22088912699121,24.543819443949996,754583.0536155696,61,61,2.216278651765274,4.28017984531739,-45752.497261090866,0.0,45752.497261090866,8499.636414574308,724.4101826478062,0.0,False
843896,41,6,26.104632952793448,13.535845256376273,637730.6056567536,53,53,2.21654405269553,4.633739766369543,-30020.699934737393,3.7273677771692836e-29,30020.699934737393,5463.472724682709,593.6938592455892,1.4278568037749098e-30,False
843896,41,7,26.855929634533506,21.786017181496856,282209.669494085,53,53,2.4587486073777427,4.423721144819264,-57146.198065448516,8.67746995743113e-30,57146.198065448516,10845.187717201894,610.0948313026486,3.2311188164095217e-31,False
843896,41,8,26.808120787223633,24.593663622858525,845688.2529923941,52,52,2.435489212376776,4.442428751722746,-28787.868071351084,0.0,28787.868071351084,5166.063263460063,621.7018285956153,0.0,False
843896,41,9,25.28152266471199,24.349668899463087,340848.1653880951,54,54,2.2825644470233932,4.500296248081903,66068.52125491368,97827.05852776581,31758.537272852136,5766.746243356408,636.2557037440457,3869.5081710530458,False
843896,42,0,24.343429278819748,20.75748211348278,237922.2535989456,51,51,2.5313554257650175,4.692247046628723,-41292.70946101218,4.2987835513486056e-13,41292.70946101218,7682.919829539605,591.0174907239839,1.7658907059116796e-14,False
843896,42,1,26.79105656797821,17.029076250272237,749765.342487362,54,54,2.407128046778592,4.362495132632449,-17691.66212549463,0.0,17691.66212549463,2957.870008908036,613.168497096361,0.0,False
843896,42,2,22.921094335849048,13.294202247321977,106336.83246292597,53,53,2.278222184893138,4.400505987697088,-59630.20565868124,0.0,59630.20565868124,11375.066422671807,597.1811268577245,0.0,False
843896,42,3,28.376300893741874,20.024377601981865,939187.0666414452,60,60,2.499275931125755,4.790247748202494,-26137.731480941708,0.0,26137.731480941708,4570.290563385424,685.9500753585419,0.0,False
843896,42,4,28.327781811085746,21.113560948950695,744223.2623443109,59,59,2.4196671903197857,4.719152506267666,-10081.216467157194,0.0,10081.216467157194,1367.0335400372028,689.203199200794,0.0,False
843896,42,5,23.59880021429209,23.316628471752495,702817.7828023589,62,62,2.266278651765274,4.3801798453173895,-49519.63984796436,0.0,49519.63984796436,9235.79577600181,736.1593614275017,0.0,False
843896,42,6,23.494169657514103,12.859052993557459,603120.4566162252,54,54,2.26654405269553,4.733739766369543,-33115.76017887465,2.2737367544323206e-13,33115.76017887465,6067.624231827662,604.1515071449526,9.677876628872964e-15,False
843896,42,7,24.170336671080157,20.696716322422013,219959.62313307,54,54,2.5087486073777425,4.523721144819263,-60332.42367960286,0.0,60332.42367960286,11466.350957232302,621.1632400304087,0.0,False
843896,42,8,24.12730870850127,23.363980441715597,811609.4647222069,53,53,2.485489212376776,4.5424287517227455,-32040.497306776957,0.0,32040.497306776957,5799.681715277444,633.6184518173809,0.0,False
843896,42,9,22.75337039824079,23.13218545448993,415254.596452256,55,55,2.332564447023393,4.600296248081903,76478.70126415737,91460.02406752536,14981.32280336799,2394.9298041727334,647.808893975621,4019.6253331592898,False
843896,43,0,21.909086350937773,19.71960800780864,215717.47047395876,52,52,2.5813554257650173,4.792247046628723,-20379.363508580504,19544.416932064752,39923.780440645256,7393.012632219267,602.1618108986277,892.0690082189664,False
843896,43,1,24.11195091118039,16.177622437758625,727185.8165151651,55,55,2.4571280467785916,4.462495132632449,-20889.756738122796,0.0,20889.756738122796,3581.7810593238637,623.9110504158273,0.0,False
843896,43,2,20.628984902264143,12.629492134955877,43315.58292390249,54,54,2.328222184893138,4.500505987697087,-61539.25696373555,969.7037631011823,62508.96072683673,11935.749089139115,607.6895244244713,47.006857957162595,False
843896,43,3,25.538670804367687,19.02315872188277,907520.4968201806,61,61,2.549275931125755,4.890247748202493,-29706.15713923123,0.0,29706.15713923123,5267.171077709361,696.8805143239368,0.0,False
843896,43,4,25.495003629977173,20.05788290150316,728550.3012353186,60,60,2.4696671903197855,4.819152506267666,-13669.488134901338,0.0,13669.488134901338,2067.619981078885,700.5864410416821,0.0,False
843896,43,5,21.23892019286288,22.15079704816487,647275.6565245485,63,63,2.316278651765274,4.480179845317389,-53346.626063778866,0.0,53346.626063778866,9983.696031480918,747.9002554791086,0.0,False
843896,43,6,21.144752691762694,12.216100343879585,568926.1185539778,55,55,2.3165440526955297,4.8337397663695425,-32722.452543335454,2863.9979041813463,35586.4504475168,6546.735947991805,614.5589330661907,135.44721690204807,False
843896,43,7,21.753303003972142,19.66188050630091,154503.0721215133,55,55,2.5587486073777423,4.623721144819263,-63575.14758371075,3.552713678800501e-15,63575.14758371075,12098.587774600295,632.236817367993,1.63318355752769e-16,False
843896,43,8,21.714577837651145,22.195781419629817,774256.9950503228,54,54,2.535489212376776,4.642428751722745,-35353.89747522371,2.5637979419682887e-30,35353.89747522371,6445.216387043089,645.534671765645,1.1806805368893202e-31,False
843896,43,9,20.478033358416713,21.975576181765433,472679.7601068222,56,56,2.382564447023393,4.700296248081902,59455.795920745826,62545.384262532665,3089.588341786836,0.0,659.337330167369,3054.2671343401134,False
843896,44,0,19.718177715843996,18.73362760741821,265320.34678699553,53,53,2.631355425765017,4.8922470466287225,51395.758576229244,75358.99942794318,23963.24085171394,4184.538742295965,613.3295502287881,3821.803440152106,False
843896,44,1,21.70075582006235,15.368741315870693,701383.4143753445,56,56,2.5071280467785915,4.562495132632448,-24141.752626129903,0.0,24141.752626129903,4216.341496484985,634.5604371611217,0.0,False
843896,44,2,18.56608641203773,13.892441348451465,-21582.279934578663,54,54,2.3782221848931377,4.400505987697088,-63947.671025664895,1279.696607874339,65227.36763353923,12473.894407247953,607.0718855864417,68.92656747760365,True
843896,44,3,22.98480372393092,18.07200078578863,872269.8053846163,62,62,2.5992759311257547,4.990247748202493,-33330.22738684901,0.0,33330.22738684901,5974.971545895861,707.8004681864995,0.0,False
843896,44,4,22.945503266979458,19.054988756428,709272.4196423201,61,61,2.5196671903197854,4.9191525062676655,-17315.52727885652,0.0,17315.52727885652,2779.5595098424346,711.93952876355,0.0,False
843896,44,5,19.115028173576594,21.043257195756624,587895.4129542479,64,64,2.3662786517652736,4.580179845317389,-57233.47510977352,0.0,57233.47510977352,10743.335501637826,759.6394701569072,0.0,False
843896,44,6,19.030277422586426,11.605295326685605,533481.9906841725,56,56,2.3665440526955295,4.933739766369542,-33994.2313315114,3796.025601342113,37790.25693285352,6972.247186859093,624.9841901568325,199.47295128954516,False
843896,44,7,19.57797270357493,18.678786480985863,85782.90196977976,56,56,2.608748607377742,4.723721144819263,-66874.158108799,0.0,66874.158108799,12741.878538920166,643.2907643198713,0.0,False
843896,44,8,19.54312005388603,21.085992348648325,733569.2027006729,55,55,2.5854892123767756,4.742428751722745,-38728.06277047621,0.0,38728.06277047621,7102.666486420766,657.450099377677,0.0,False
843896,44,9,22.525836694258388,20.87679737267716,464162.0237927968,57,57,2.4325644470233927,4.800296248081902,-6527.758863784311,0.0,6527.758863784311,670.841837267398,670.841837267398,0.0,False
843896,45,0,17.7463599442596,17.7969462270473,325310.00005311135,54,54,2.681355425765017,4.992247046628722,61750.68836237525,69373.62324480044,7622.93488242519,899.8751665114675,624.511233173476,3909.1748089579733,False
843896,45,1,19.530680238056117,14.600304250077158,672303.5081866855,57,57,2.5571280467785913,4.662495132632448,-27447.688846407676,0.0,27447.688846407676,4861.512444682243,645.1709481972575,0.0,False
843896,45,2,18.56608641203773,13.892441348451465,-21582.279934578663,54,54,2.3782221848931377,4.400505987697088,-63947.671025664895,1279.696607874339,65227.36763353923,12473.894407247953,607.0718855864417,68.92656747760365,True
843896,45,3,20.68632335153783,17.1684007464992,833378.504147196,63,63,2.6492759311257545,5.090247748202493,-37009.69199038848,0.0,37009.69199038848,6693.6611460698405,718.6896001739792,0.0,False
843896,45,4,20.650952940281513,18.1022393186066,686330.6973069205,62,62,2.569667190319785,5.019152506267665,-21019.383497642873,0.0,21019.383497642873,3502.8433828105817,723.2838729681472,0.0,False
843896,45,5,17.203525356218936,19.991094335968793,524615.7749664737,65,65,2.4162786517652735,4.680179845317388,-61180.21685593983,0.0,61180.21685593983,11514.71659775577,771.3810961179438,0.0,False
843896,45,6,17.127249680327782,11.025030560351324,494971.31990418065,57,57,2.4165440526955293,5.033739766369542,-37082.24403805327,3100.7785719630633,40183.022610016335,7431.247825696178,640.0442173355401,181.04357849845513,False
843896,45,7,17.620175433217437,17.74484715693657,13741.848191620535,57,57,2.658748607377742,4.823721144819262,-70229.59749021383,0.0,70229.59749021383,13396.228812700496,654.3502737803296,0.0,False
843896,45,8,17.58880804849743,20.03169273121591,689484.4856910792,56,56,2.6354892123767755,4.8424287517227445,-42162.94221664682,0.0,42162.94221664682,7772.026354133395,669.3598677126292,0.0,False
843896,45,9,20.27325302483255,19.8329575040433,452187.4525537534,58,58,2.4825644470233925,4.900296248081902,-10024.259703809923,0.0,10024.259703809923,1353.1520449774973,682.3102077100993,0.0,False
843896,46,0,15.971723949833638,16.907098915694935,344845.73552357295,55,55,2.7313554257650168,5.092247046628722,21265.625910826166,24451.277712340754,3185.6518015145884,0.0,631.035196649137,1530.9103631606054,False
843896,46,1,17.577612214250507,13.8702890375733,639889.5608394273,58,58,2.607128046778591,4.762495132632448,-30809.4705830782,0.0,30809.4705830782,5517.4741773646865,655.9617326824438,0.0,False
843896,46,2,18.56608641203773,13.892441348451465,-21582.279934578663,54,54,2.3782221848931377,4.400505987697088,-63947.671025664895,1279.696607874339,65227.36763353923,12473.894407247953,607.0718855864417,68.92656747760365,True
843896,46,3,18.617691016384047,16.309980709174237,790788.6701736476,64,64,2.6992759311257544,5.190247748202492,-40745.995208158216,0.0,40745.995208158216,7423.374325493486,729.7131794236457,0.0,False
843896,46,4,18.585857646253363,17.19712735267627,659725.5940726746,63,63,2.619667190319785,5.119152506267665,-24721.684211025684,0.0,24721.684211025684,4231.2955379978575,728.4521551872755,0.0,False
843896,46,5,15.483172820597042,18.991539619170354,457375.5784814684,66,66,2.4662786517652733,4.780179845317388,-65186.754870140474,0.0,65186.754870140474,12297.830232381264,783.1136346254934,0.0,False
843896,46,6,15.414524712295005,10.473779032333757,506047.8469921844,58,58,2.466544052695529,5.133739766369541,12484.006271880422,42284.621743020056,29800.615471139634,5338.815613671193,650.7351922409888,2743.167404265978,False
843896,46,7,15.858157889895693,18.6320895147834,-61025.74807177164,56,56,2.708748607377742,4.723721144819263,-73524.19925056428,0.0,73524.19925056428,14049.562774014694,653.333961314198,0.0,True
843896,46,8,15.829927243647688,19.030108094655112,641941.2100924078,57,57,2.6854892123767753,4.942428751722744,-45658.55943727458,1.350031197944189e-13,45658.55943727458,8453.295779138349,681.2694250049528,8.528347459625478e-15,False
843896,46,9,18.245927722349293,18.841309628841135,436696.56215420435,59,59,2.5325644470233923,5.000296248081901,-13579.253131446494,0.0,13579.253131446494,2046.9310320814466,693.7789871039491,0.0,False
843896,47,0,17.568896344817002,16.061743969910186,336619.3986412531,56,56,2.7813554257650166,5.192247046628721,-6526.879220004697,0.0,6526.879220004697,646.8305203733931,646.8305203733931,0.0,False
843896,47,1,15.819850992825456,13.176774585694634,604037.0693637603,59,59,2.657128046778591,4.862495132632447,-34275.06177510857,0.0,34275.06177510857,6189.277518571215,671.8033412065284,0.0,False
843896,47,2,18.56608641203773,13.892441348451465,-21582.279934578663,54,54,2.3782221848931377,4.400505987697088,-63947.671025664895,1279.696607874339,65227.36763353923,12473.894407247953,607.0718855864417,68.92656747760365,True
843896,47,3,16.75592191474564,15.494481673715525,744400.7028816629,65,65,2.749275931125754,5.290247748202492,-44580.825983194365,0.0,44580.825983194365,8168.450617009235,745.0762915157494,0.0,False
843896,47,4,16.727271881628027,16.337270985042455,629310.9624283855,64,64,2.669667190319785,5.2191525062676645,-28569.046301248636,0.0,28569.046301248636,4977.191799916756,745.8962619188985,0.0,False
843896,47,5,13.934855538537338,18.041962638211835,386113.8376154523,67,67,2.516278651765273,4.880179845317388,-69252.92936925626,1.1368683772161613e-13,69252.92936925626,13092.655445485638,794.8252131043741,8.158451116139034e-15,False
843896,47,6,13.873072241065506,10.0,559049.3479278593,59,59,2.516544052695529,5.233739766369541,54391.500935674936,64412.274164153285,10020.773228478345,1362.2156672544872,666.3712026476716,4642.971149064396,False
843896,47,7,15.858157889895693,18.6320895147834,-61025.74807177164,56,56,2.708748607377742,4.723721144819263,-73524.19925056428,0.0,73524.19925056428,14049.562774014694,653.333961314198,0.0,True
843896,47,8,14.24693451928292,18.078602689922356,590877.7399802619,58,58,2.735489212376775,5.042428751722744,-49214.91115613161,9.379164112033335e-13,49214.91115613161,9146.47432550873,693.178546370382,6.583285758307401e-14,False
843896,47,9,16.421334950114364,17.899244147399077,417629.8486815887,60,60,2.582564447023392,5.100296248081901,-17192.758823770946,0.0,17192.758823770946,2752.1810411709203,705.2500090894736,0.0,False
843896,48,0,15.812006710335302,15.258656771414676,325046.53417258384,57,57,2.8313554257650164,5.292247046628721,-9903.12103270017,0.0,9903.12103270017,1304.8240676191767,657.9935472457837,0.0,False
843896,48,1,14.23786589354291,12.517935856409903,564713.3160752427,60,60,2.7071280467785908,4.962495132632447,-37772.67713713587,0.0,37772.67713713587,6871.898527828304,682.6210092570889,0.0,False
843896,48,2,18.56608641203773,13.892441348451465,-21582.279934578663,54,54,2.3782221848931377,4.400505987697088,-63947.671025664895,1279.696607874339,65227.36763353923,12473.894407247953,607.0718855864417,68.92656747760365,True
843896,48,3,15.080329723271078,14.719757590029747,694177.6643330728,66,66,2.799275931125754,5.3902477482024915,-48451.53454765155,0.0,48451.53454765155,8924.555610345635,756.1049933363995,0.0,False
843896,48,4,15.054544693465225,15.52040743579033,595056.8849173364,65,65,2.7196671903197847,5.319152506267664,-32445.251027719976,0.0,32445.251027719976,5734.346534130867,757.1547342141116,0.0,False
843896,48,5,12.541369984683605,17.139864506301244,316420.6671783387,68,68,2.566278651765273,4.980179845317387,-67727.6596506841,4040.2384442903694,71767.89809497447,13577.021542615508,806.5189759002583,322.1528787703887,False
843896,48,6,12.485765016958956,10.0,579818.431824436,60,60,2.5665440526955288,5.333739766369541,22169.083896576685,25460.32662864752,3291.242732070833,0.0,676.9326423657606,2039.148309620251,False
843896,48,7,15.858157889895693,18.6320895147834,-61025.74807177164,56,56,2.708748607377742,4.723721144819263,-73524.19925056428,0.0,73524.19925056428,14049.562774014694,653.333961314198,0.0,True
843896,48,8,12.822241067354629,17.174672555426238,580564.2967530374,59,59,2.785489212376775,5.142428751722743,-8500.137546455222,31894.607055668846,40394.74460212407,7364.114420778322,705.0841300625632,2487.4440347929803,False
843896,48,9,14.779201455102928,17.004281940029124,394927.70098500943,61,61,2.632564447023392,5.200296248081901,-20864.886498235894,0.0,20864.886498235894,3468.9145061117883,716.7334649408681,0.0,False
843896,49,0,14.230806039301772,14.495723932843942,310069.87387333816,58,58,2.8813554257650162,5.392247046628721,-13335.908311139505,0.0,13335.908311139505,1973.941581174432,669.1175135552554,0.0,False
843896,49,1,12.814079304188619,11.892039063589406,521862.797258766,61,61,2.7571280467785906,5.0624951326324465,-41325.10443359589,0.0,41325.10443359589,7565.300496319238,693.4019684909331,0.0,False
843896,49,2,18.56608641203773,13.892441348451465,-21582.279934578663,54,54,2.3782221848931377,4.400505987697088,-63947.671025664895,1279.696607874339,65227.36763353923,12473.894407247953,607.0718855864417,68.92656747760365,True
843896,49,3,13.57229675094397,13.983769710528259,640061.9554495557,67,67,2.849275931125754,5.490247748202491,-52378.79631291199,0.0,52378.79631291199,9691.720457185313,767.1648468396772,0.0,False
843896,49,4,13.549090224118702,14.744387064000813,556904.9337434495,66,66,2.7696671903197845,5.419152506267664,-36378.821627662,0.0,36378.821627662,6502.754383729472,768.4078495986039,0.0,False
843896,49,5,11.287232986215246,16.282871280986182,238543.92674686806,69,69,2.6162786517652727,5.080179845317387,-75953.2223130836,7.407408020299103e-13,75953.2223130836,14395.229384228096,818.2078416125875,6.562642969579476e-14,False
843896,49,6,13.734341518654853,10.0,571597.7331649164,61,61,2.6165440526955286,5.43373976636954,-6810.698659519501,0.0,6810.698659519501,687.4297692908207,687.4297692908207,0.0,False
843896,49,7,15.858157889895693,18.6320895147834,-61025.74807177164,56,56,2.708748607377742,4.723721144819263,-73524.19925056428,0.0,73524.19925056428,14049.562774014694,653.333961314198,0.0,True
843896,49,8,11.540016960619166,16.315938927654926,617296.4715003012,60,60,2.8354892123767748,5.242428751722743,38511.13108292568,57618.84213712742,19107.711054201736,3088.143600946927,716.9890981440075,4992.959917975368,False
843896,49,9,13.301281309592635,16.154067843027665,368530.6172806935,62,62,2.682564447023392,5.3002962480819,-24595.53149804704,0.0,24595.53149804704,4197.126438608215,728.2119324964268,0.0,False
843896,50,0,12.807725435371594,13.770937736201745,291632.1665286417,59,59,2.931355425765016,5.49224704662872,-16825.222018260367,0.0,16825.222018260367,2654.1623388428475,680.2207576684153,0.0,False
843896,50,1,11.532671373769757,11.297437110409936,475429.8378490719,62,62,2.8071280467785904,5.162495132632446,-44932.518308849816,8.526512829121197e-14,44932.518308849816,8269.483799964599,704.1833036453613,7.393354542742062e-15,False
843896,50,2,18.56608641203773,13.892441348451465,-21582.279934578663,54,54,2.3782221848931377,4.400505987697088,-63947.671025664895,1279.696607874339,65227.36763353923,12473.894407247953,607.0718855864417,68.92656747760365,True
843896,50,3,12.215067075849573,13.284581225001846,581996.4801658255,68,68,2.8992759311257537,5.590247748202491,-56362.12376042915,4.9737991503207e-14,56362.12376042915,10469.910854957823,778.1903977725103,4.071855782236682e-15,False
843896,50,4,12.194181201706831,14.007167710800772,514796.75240153685,67,67,2.8196671903197843,5.519152506267663,-40369.70110528862,0.0,40369.70110528862,7282.406997026638,779.652613297167,0.0,False
843896,50,5,10.158509687593721,15.468727716936872,176733.05130936624,70,70,2.6662786517652726,5.180179845317387,-59928.064497315776,13584.024006431679,73512.08850374745,13887.91563952466,829.8926393217356,1337.2063840251521,False
843896,50,6,12.360907366789368,10.0,559793.8401120945,62,62,2.6665440526955284,5.53373976636954,-10383.893052821835,0.0,10383.893052821835,1385.377678035559,697.9479087447384,0.0,False
843896,50,7,15.858157889895693,18.6320895147834,-61025.74807177164,56,56,2.708748607377742,4.723721144819263,-73524.19925056428,0.0,73524.19925056428,14049.562774014694,653.333961314198,0.0,True
843896,50,8,10.38601526455725,15.50014198127218,651433.7685970726,61,61,2.8854892123767746,5.342428751722743,35882.805757630194,39643.8084149448,3761.0026573146047,0.0,728.8937714350593,3817.0373723819857,False
843896,50,9,11.971153178633372,15.346364450876282,338379.11827251635,63,63,2.7325644470233916,5.4002962480819,-28384.67804777211,0.0,28384.67804777211,4936.812869036405,739.6864304281895,0.0,False
843896,51,0,11.526952891834435,13.082390849391658,269676.1781053931,60,60,2.981355425765016,5.59224704662872,-20371.044972283395,0.0,20371.044972283395,3345.4745889063497,691.312250063502,0.0,False
843896,51,1,10.379404236392782,10.732565254889439,425359.1586105491,63,63,2.8571280467785902,5.262495132632446,-48594.52762746382,3.836930773104554e-13,48594.52762746382,8984.408937813841,714.9251378492434,3.6966772713710456e-14,False
843896,51,2,18.56608641203773,13.892441348451465,-21582.279934578663,54,54,2.3782221848931377,4.400505987697088,-63947.671025664895,1279.696607874339,65227.36763353923,12473.894407247953,607.0718855864417,68.92656747760365,True
843896,51,3,10.993560368264616,12.620352163751752,519924.2760635322,69,69,2.9492759311257535,5.6902477482024905,-60401.39980299142,1.1013412404281554e-13,60401.39980299142,11259.09848856624,789.1876336084164,1.0018057876931522e-14,False
843896,51,4,10.974763081536148,13.306809325260733,468674.0210975713,68,68,2.869667190319784,5.619152506267663,-44417.86826984943,0.0,44417.86826984943,8073.298233194382,790.8912361677444,0.0,False
843896,51,5,10.0,14.695291331090027,172489.5003978496,71,71,2.7162786517652724,5.280179845317386,-2400.185227008813,50277.56259954105,52677.747826549865,9701.731675071907,841.5722955013973,5027.756259954105,False
843896,51,6,11.12481663011043,10.0,544352.9332147513,63,63,2.7165440526955282,5.63373976636954,-14010.906897343171,0.0,14010.906897343171,2093.861936412964,708.4842583774049,0.0,False
843896,51,7,15.858157889895693,18.6320895147834,-61025.74807177164,56,56,2.708748607377742,4.723721144819263,-73524.19925056428,0.0,73524.19925056428,14049.562774014694,653.333961314198,0.0,True
843896,51,8,11.424616791012975,14.72513488220857,642160.658477079,62,62,2.9354892123767744,5.442428751722742,-7560.151757293326,0.0,7560.151757293326,740.794096794417,740.794096794417,0.0,False
843896,51,9,10.774037860770035,14.579046228332468,304413.69255058875,64,64,2.7825644470233915,5.5002962480818995,-32232.366763315193,0.0,32232.366763315193,5687.97606943516,751.163200398755,0.0,False
843896,52,0,10.374257602650992,12.428271306922074,244144.63605498365,61,61,3.0313554257650157,5.69224704662872,-23973.417500687807,0.0,23973.417500687807,4047.8766330068565,702.4020441005067,0.0,False
843896,52,1,10.0,10.195936992144967,371595.97979108803,64,64,2.90712804677859,5.3624951326324455,-52310.63885196514,0.0,52310.63885196514,9710.00712620441,725.5981883905687,0.0,False
843896,52,2,18.56608641203773,13.892441348451465,-21582.279934578663,54,54,2.3782221848931377,4.400505987697088,-63947.671025664895,1279.696607874339,65227.36763353923,12473.894407247953,607.0718855864417,68.92656747760365,True
843896,52,3,10.0,11.989334555564165,520979.0328325226,70,70,2.9992759311257533,5.79024774820249,2694.0101878806818,44793.669186331,42099.658998450315,7579.889621765606,800.158051832419,4479.3669186331,False
843896,52,4,10.0,12.641468858997696,418478.53689976205,69,69,2.919667190319784,5.719152506267663,-48523.22284653915,6.092903959142897e-13,48523.22284653915,8875.415030855891,802.1167976615094,6.092903959142898e-14,False
843896,52,5,10.0,13.960526764535526,113642.71076532712,72,72,2.766278651765272,5.380179845317386,-57041.6317054757,0.0,57041.6317054757,10554.971033403135,853.2393583312279,0.0,False
843896,52,6,10.012334967099388,10.0,525220.9159031521,64,64,2.766544052695528,5.733739766369539,-17692.017311599266,0.0,17692.017311599266,2812.9195264512955,719.0575900383317,0.0,False
843896,52,7,15.858157889895693,18.6320895147834,-61025.74807177164,56,56,2.708748607377742,4.723721144819263,-73524.19925056428,0.0,73524.19925056428,14049.562774014694,653.333961314198,0.0,True
843896,52,8,10.282155111911678,13.98887813809814,629059.3745471986,63,63,2.9854892123767742,5.542428751722742,-11419.984607178183,0.0,11419.984607178183,1493.487726856145,752.6936300617278,0.0,False
843896,52,9,10.0,13.850093916915844,266574.8089820842,65,65,2.8325644470233913,5.600296248081899,-36138.62746390398,0.0,36138.62746390398,6450.620154519013,762.6440850838534,0.0,False
843896,53,0,10.0,11.80685774157597,214980.26626022227,62,62,3.0813554257650155,5.792247046628719,-27632.344614783226,4.689582056016679e-13,27632.344614783226,4761.368137469225,713.4915044623689,4.689582056016679e-14,False
843896,53,1,10.0,10.0,314131.14541965467,65,65,2.95712804677859,5.462495132632445,-56014.83437143338,0.0,56014.83437143338,10439.614971587265,729.607845382856,0.0,False
843896,53,2,18.56608641203773,13.892441348451465,-21582.279934578663,54,54,2.3782221848931377,4.400505987697088,-63947.671025664895,1279.696607874339,65227.36763353923,12473.894407247953,607.0718855864417,68.92656747760365,True
843896,53,3,10.0,11.389867827785956,534630.9149510319,71,71,3.049275931125753,5.89024774820249,15260.562734280385,41007.343307698495,25746.78057341811,4290.258914212341,811.1036232165876,4100.734330769849,False
843896,53,4,10.0,12.009395416047811,364252.15359365125,70,70,2.9696671903197838,5.719152506267663,-52685.72562698598,0.0,52685.72562698598,9688.747142942817,813.3321120869261,0.0,False
843896,53,5,10.0,13.26250042630875,50409.60321233118,73,73,2.816278651765272,5.480179845317386,-61464.94502187531,0.0,61464.94502187531,11419.870060422183,864.8990270190485,0.0,False
843896,53,6,10.0,10.0,502278.940360417,65,65,2.816544052695528,5.833739766369539,-21491.975542735054,0.0,21491.975542735054,3549.1641632279225,736.244636776627,0.0,False
843896,53,7,15.858157889895693,18.6320895147834,-61025.74807177164,56,56,2.708748607377742,4.723721144819263,-73524.19925056428,0.0,73524.19925056428,14049.562774014694,653.333961314198,0.0,True
843896,53,8,10.0,13.289434231193233,612068.3467821487,64,64,3.035489212376774,5.642428751722742,-15340.503974250907,0.0,15340.503974250907,2258.080780327518,764.5930534713729,0.0,False
843896,53,9,10.0,13.157589221070051,224803.0001081613,66,66,2.882564447023391,5.700296248081899,-40103.407985331476,0.0,40103.407985331476,7224.74181633531,774.121661816297,0.0,False
843896,54,0,10.0,11.21651485449717,182125.67373957433,63,63,3.1313554257650154,5.892247046628719,-31347.95208481518,5.453415496958793e-13,31347.95208481518,5485.961352193476,724.5932147242509,5.453415496958793e-14,False
843896,54,1,10.0,10.0,252866.94916475666,66,66,3.0071280467785897,5.562495132632445,-59804.19625489801,0.0,59804.19625489801,11179.699575515742,740.0846039284762,0.0,False
843896,54,2,18.56608641203773,13.892441348451465,-21582.279934578663,54,54,2.3782221848931377,4.400505987697088,-63947.671025664895,1279.696607874339,65227.36763353923,12473.894407247953,607.0718855864417,68.92656747760365,True
843896,54,3,10.0,10.820374436396659,561490.284626134,72,72,3.099275931125753,5.990247748202489,28438.436634526006,38927.717605768354,10489.280971242346,1219.5109561022432,822.0238024667424,3892.7717605768353,False
843896,54,4,10.0,11.40892564524542,305736.95232403843,71,71,3.0196671903197836,5.819152506267662,-56905.167548801655,0.0,56905.167548801655,10513.268724065703,824.5215811228856,0.0,False
843896,54,5,10.0,13.925625447624187,-17437.625980911886,74,74,2.866278651765272,5.580179845317385,-66016.73291011862,0.0,66016.73291011862,12303.42331445966,883.553254037477,0.0,True
843896,54,6,10.0,10.0,475504.0233128511,66,66,2.8665440526955277,5.933739766369539,-25314.91704756593,0.0,25314.91704756593,4296.04130603185,746.8771428039274,0.0,False
843896,54,7,15.858157889895693,18.6320895147834,-61025.74807177164,56,56,2.708748607377742,4.723721144819263,-73524.19925056428,0.0,73524.19925056428,14049.562774014694,653.333961314198,0.0,True
843896,54,8,10.0,12.624962519633572,591196.5764136872,65,65,3.085489212376774,5.742428751722741,-19251.147804686072,0.0,19251.147804686072,3027.576809684686,769.4960293571683,0.0,False
843896,54,9,10.0,12.499709760016549,179038.8549128358,67,67,2.932564447023391,5.8002962480818985,-44126.664641404575,0.0,44126.664641404575,8010.335063813955,785.5932474786437,0.0,False
843896,55,0,10.0,10.655689111772311,200267.44734043957,64,64,3.181355425765015,5.9922470466287185,19623.737704018215,36549.71261616013,16925.97491214192,2574.606646787192,743.6165562097261,3654.9712616160136,False
843896,55,1,10.0,10.0,187671.55766530003,67,67,3.0571280467785895,5.662495132632444,-63725.39149945662,0.0,63725.39149945662,11938.056592191182,758.3570166754401,0.0,False
843896,55,2,18.56608641203773,13.892441348451465,-21582.279934578663,54,54,2.3782221848931377,4.400505987697088,-63947.671025664895,1279.696607874339,65227.36763353923,12473.894407247953,607.0718855864417,68.92656747760365,True
843896,55,3,10.0,10.279355714576825,545118.2619434659,73,73,3.1492759311257528,6.0,-14821.629715504958,4.458655666894643e-13,14821.629715504958,2059.381208210785,839.8702521085418,4.458655666894643e-14,False
843896,55,4,10.0,10.838479362983149,242886.48946029184,72,72,3.0696671903197834,5.919152506267662,-61270.092349609855,0.0,61270.092349609855,11357.760261726075,844.4915376603711,0.0,False
843896,55,5,10.0,13.925625447624187,-17437.625980911886,74,74,2.866278651765272,5.580179845317385,-66016.73291011862,0.0,66016.73291011862,12303.42331445966,883.553254037477,0.0,True
843896,55,6,10.0,10.0,444768.5631678726,67,67,2.9165440526955275,6.0,-29265.460144978504,0.0,29265.460144978504,5060.950287881975,764.9089818501257,0.0,False
843896,55,7,15.858157889895693,18.6320895147834,-61025.74807177164,56,56,2.708748607377742,4.723721144819263,-73524.19925056428,0.0,73524.19925056428,14049.562774014694,653.333961314198,0.0,True
843896,55,8,10.0,11.993714393651892,566276.3796207494,66,66,3.1354892123767737,5.842428751722741,-23328.611642953652,0.0,23328.611642953652,3815.967722752058,788.3909130673719,0.0,False
843896,55,9,10.0,11.87472427201572,129136.14641437653,68,68,2.9825644470233907,5.900296248081898,-48295.22724796142,0.0,48295.22724796142,8816.095143959501,805.760080145546,0.0,False
843896,56,0,10.0,10.122904656183696,227955.10690802502,65,65,3.231355425765015,6.0,29145.648370237985,33294.504700854624,4148.85633061664,0.0,754.8438232982751,3329.4504700854623,False
843896,56,1,10.0,10.0,118529.27116691513,68,68,3.1071280467785893,5.762495132632444,-67662.2864983849,0.0,67662.2864983849,12707.019199715101,768.9626075239186,0.0,False
843896,56,2,18.56608641203773,13.892441348451465,-21582.279934578663,54,54,2.3782221848931377,4.400505987697088,-63947.671025664895,1279.696607874339,65227.36763353923,12473.894407247953,607.0718855864417,68.92656747760365,True
843896,56,3,10.0,10.0,526615.8945733682,74,74,3.1992759311257526,6.0,-16962.367370097705,1432.4325551595398,18394.799925257244,2760.7185111533863,844.5805584585552,143.243255515954,False
843896,56,4,10.0,10.296555394833991,175684.13602120444,73,73,3.1196671903197832,6.0,-65650.70489526476,0.0,65650.70489526476,12213.707737441495,855.9474757154206,0.0,False
843896,56,5,10.0,13.925625447624187,-17437.625980911886,74,74,2.866278651765272,5.580179845317385,-66016.73291011862,0.0,66016.73291011862,12303.42331445966,883.553254037477,0.0,True
843896,56,6,10.0,10.0,409988.2943118195,68,68,2.9665440526955273,6.0,-33300.26885605313,0.0,33300.26885605313,5843.118848561231,782.168560679256,0.0,False
843896,56,7,15.858157889895693,18.6320895147834,-61025.74807177164,56,56,2.708748607377742,4.723721144819263,-73524.19925056428,0.0,73524.19925056428,14049.562774014694,653.333961314198,0.0,True
843896,56,8,10.0,11.394028673969297,537281.8053677913,67,67,3.1854892123767735,5.9424287517227405,-27431.174331800266,3.5527136788005016e-14,27431.174331800266,4616.2567955768545,800.2890728247968,3.552713678800502e-15,False
843896,56,9,10.0,11.280988058414934,75076.42842346986,69,69,3.0325644470233906,6.0,-52481.329814876386,0.0,52481.329814876386,9633.518658992292,817.4235150327919,0.0,False
843896,57,0,11.0,10.0,218495.75655415916,66,66,3.281355425765015,6.0,-7999.350353865862,0.0,7999.350353865862,758.5916477822309,758.5916477822309,0.0,False
843896,57,1,10.0,10.0,45386.13350104178,69,69,3.157128046778589,5.862495132632444,-71653.13766587335,0.0,71653.13766587335,13486.574368344594,779.5551686294939,0.0,False
843896,57,2,18.56608641203773,13.892441348451465,-21582.279934578663,54,54,2.3782221848931377,4.400505987697088,-63947.671025664895,1279.696607874339,65227.36763353923,12473.894407247953,607.0718855864417,68.92656747760365,True
843896,57,3,10.0,10.0,553013.9947262614,75,75,3.2492759311257524,6.0,27948.10015289305,33813.08997911185,5864.989826218802,234.87894531989852,855.4694320777043,3381.308997911185,False
843896,57,4,10.0,10.0,104139.49799088166,74,74,3.169667190319783,6.0,-70004.63803032278,0.0,70004.63803032278,13072.7426674568,859.0349300153055,0.0,False
843896,57,5,10.0,13.925625447624187,-17437.625980911886,74,74,2.866278651765272,5.580179845317385,-66016.73291011862,0.0,66016.73291011862,12303.42331445966,883.553254037477,0.0,True
843896,57,6,10.0,10.0,370978.86264469824,69,69,3.016544052695527,6.0,-37519.43166712127,0.0,37519.43166712127,6652.164102261714,809.0452537004829,0.0,False
843896,57,7,15.858157889895693,18.6320895147834,-61025.74807177164,56,56,2.708748607377742,4.723721144819263,-73524.19925056428,0.0,73524.19925056428,14049.562774014694,653.333961314198,0.0,True
843896,57,8,10.0,10.824327240270831,504221.902632389,68,68,3.2354892123767733,6.0,-31523.84848306652,4.707345624410682e-13,31523.84848306652,5421.549472278161,805.2926767013072,4.707345624410682e-14,False
843896,57,9,10.0,11.84503746133568,16650.874071087557,70,70,3.0825644470233904,6.0,-56796.401730089114,0.0,56796.401730089114,10469.497291156258,835.9786321639665,0.0,False
843896,58,0,10.0,10.0,228005.01690989788,67,67,3.3313554257650146,6.0,10979.260355738708,15282.676898924226,4303.416543185518,0.0,769.6760421101927,1528.2676898924226,False
843896,58,1,10.0,10.0,-31711.19544701632,70,70,3.207128046778589,5.862495132632444,-75697.3289480581,0.0,75697.3289480581,14276.655287225622,790.0809188810268,0.0,True
843896,58,2,18.56608641203773,13.892441348451465,-21582.279934578663,54,54,2.3782221848931377,4.400505987697088,-63947.671025664895,1279.696607874339,65227.36763353923,12473.894407247953,607.0718855864417,68.92656747760365,True
843896,58,3,10.0,10.0,557675.1191489105,76,76,3.2992759311257522,6.0,6221.124422649108,11011.997311781914,4790.8728891328055,0.0,866.3207858582942,1101.1997311781913,False
843896,58,4,10.0,10.0,28132.693908145433,75,75,3.219667190319783,6.0,-74456.80408273623,8.171241461241152e-14,74456.80408273623,13942.936439899398,870.1937724425997,8.171241461241152e-15,False
843896,58,5,10.0,13.925625447624187,-17437.625980911886,74,74,2.866278651765272,5.580179845317385,-66016.73291011862,0.0,66016.73291011862,12303.42331445966,883.553254037477,0.0,True
843896,58,6,10.0,10.0,327758.44064724806,70,70,3.066544052695527,6.0,-41720.42199745015,0.0,41720.42199745015,7472.664309970029,820.5002077083143,0.0,False
843896,58,7,15.858157889895693,18.6320895147834,-61025.74807177164,56,56,2.708748607377742,4.723721144819263,-73524.19925056428,0.0,73524.19925056428,14049.562774014694,653.333961314198,0.0,True
843896,58,8,10.0,10.28311087825729,476941.5765041306,69,69,3.285489212376773,6.0,-25770.7914776587,6626.47755053341,32397.26902819211,5575.854636873677,816.9529196488536,662.647755053341,False
843896,58,9,10.0,11.252785588268896,-45986.69415318356,71,71,3.13256444702339,6.0,-61138.620447504014,0.0,61138.620447504014,11317.370900708924,847.873609552665,0.0,True
843896,59,0,10.0,11.0,229976.37756181555,68,68,3.3813554257650145,6.0,3519.360651917662,8052.926767013073,4533.566115095411,0.0,805.2926767013072,805.2926767013073,False
843896,59,1,10.0,10.0,-31711.19544701632,70,70,3.207128046778589,5.862495132632444,-75697.3289480581,0.0,75697.3289480581,14276.655287225622,790.0809188810268,0.0,True
843896,59,2,18.56608641203773,13.892441348451465,-21582.279934578663,54,54,2.3782221848931377,4.400505987697088,-63947.671025664895,1279.696607874339,65227.36763353923,12473.894407247953,607.0718855864417,68.92656747760365,True
843896,59,3,11.0,11.0,546489.2595443,77,77,3.349275931125752,6.0,-9538.859604610461,0.0,9538.859604610461,902.3684040082037,902.3684040082037,0.0,False
843896,59,4,11.0,10.5,-51699.58803100586,75,75,3.2696671903197827,5.9,-78844.78193915129,0.0,78844.78193915129,14812.49721282024,869.560772920843,0.0,True
843896,59,5,10.0,13.925625447624187,-17437.625980911886,74,74,2.866278651765272,5.580179845317385,-66016.73291011862,0.0,66016.73291011862,12303.42331445966,883.553254037477,0.0,True
843896,59,6,10.0,10.0,280440.32129384775,71,71,3.116544052695527,6.0,-45808.119353400325,3.2152058793144513e-13,45808.119353400325,8287.645963843554,814.9816538735257,3.215205879314451e-14,False
843896,59,7,15.858157889895693,18.6320895147834,-61025.74807177164,56,56,2.708748607377742,4.723721144819263,-73524.19925056428,0.0,73524.19925056428,14049.562774014694,653.333961314198,0.0,True
843896,59,8,10.0,11.311421966083019,475297.0987402744,70,70,3.335489212376773,6.0,-52.67822623176107,24444.562061763285,24497.240287995046,3967.377062861343,835.9786321639665,2444.4562061763286,False
843896,59,9,10.0,11.252785588268896,-45986.69415318356,71,71,3.13256444702339,6.0,-61138.620447504014,0.0,61138.620447504014,11317.370900708924,847.873609552665,0.0,True
843896,60,0,11.0,12.100000000000001,219619.5512908415,69,69,3.4313554257650143,6.0,-8721.92627097364,0.0,8721.92627097364,816.9529196488536,816.9529196488536,0.0,False
843896,60,1,10.0,10.0,-31711.19544701632,70,70,3.207128046778589,5.862495132632444,-75697.3289480581,0.0,75697.3289480581,14276.655287225622,790.0809188810268,0.0,True
843896,60,2,18.56608641203773,13.892441348451465,-21582.279934578663,54,54,2.3782221848931377,4.400505987697088,-63947.671025664895,1279.696607874339,65227.36763353923,12473.894407247953,607.0718855864417,68.92656747760365,True
843896,60,3,10.0,10.45,557901.930788801,78,78,3.399275931125752,6.0,13027.771244497424,18161.56568975048,5133.794445253058,0.0,913.7881649668458,1816.1565689750482,False
843896,60,4,11.0,10.5,-51699.58803100586,75,75,3.2696671903197827,5.9,-78844.78193915129,0.0,78844.78193915129,14812.49721282024,869.560772920843,0.0,True
843896,60,5,10.0,13.925625447624187,-17437.625980911886,74,74,2.866278651765272,5.580179845317385,-66016.73291011862,0.0,66016.73291011862,12303.42331445966,883.553254037477,0.0,True
843896,60,6,10.0,10.0,228797.23825831094,72,72,3.1665440526955266,6.0,-50123.083035536816,2.096101070492291e-13,50123.083035536816,9122.23175546951,834.5857916259561,2.096101070492291e-14,False
843896,60,7,15.858157889895693,18.6320895147834,-61025.74807177164,56,56,2.708748607377742,4.723721144819263,-73524.19925056428,0.0,73524.19925056428,14049.562774014694,653.333961314198,0.0,True
843896,60,8,10.0,12.442564162691323,466839.86447473057,71,71,3.385489212376773,6.0,-6773.812209990936,14712.436886522673,21486.24909651361,3344.0069837617552,847.873609552665,1471.2436886522673,False
843896,60,9,10.0,11.252785588268896,-45986.69415318356,71,71,3.13256444702339,6.0,-61138.620447504014,0.0,61138.620447504014,11317.370900708924,847.873609552665,0.0,True
843896,61,0,10.0,11.495000000000001,229728.62982519565,70,70,3.481355425765014,6.0,11713.728534353817,16455.640830969533,4741.9122966157165,0.0,828.6111634481023,1645.5640830969533,False
843896,61,1,10.0,10.0,-31711.19544701632,70,70,3.207128046778589,5.862495132632444,-75697.3289480581,0.0,75697.3289480581,14276.655287225622,790.0809188810268,0.0,True
843896,61,2,18.56608641203773,13.892441348451465,-21582.279934578663,54,54,2.3782221848931377,4.400505987697088,-63947.671025664895,1279.696607874339,65227.36763353923,12473.894407247953,607.0718855864417,68.92656747760365,True
843896,61,3,10.0,11.495000000000001,560204.1781564386,79,79,3.4492759311257517,6.0,4010.3523676371806,9252.049352837894,5241.696985200713,0.0,925.2049352837895,925.2049352837894,False
843896,61,4,11.0,10.5,-51699.58803100586,75,75,3.2696671903197827,5.9,-78844.78193915129,0.0,78844.78193915129,14812.49721282024,869.560772920843,0.0,True
843896,61,5,10.0,13.925625447624187,-17437.625980911886,74,74,2.866278651765272,5.580179845317385,-66016.73291011862,0.0,66016.73291011862,12303.42331445966,883.553254037477,0.0,True
843896,61,6,10.0,10.0,172815.56328445626,73,73,3.2165440526955265,6.0,-54451.674973854686,1.1191048088221567e-13,54451.674973854686,9967.969428790404,845.7376733208941,1.1191048088221567e-14,False
843896,61,7,15.858157889895693,18.6320895147834,-61025.74807177164,56,56,2.708748607377742,4.723721144819263,-73524.19925056428,0.0,73524.19925056428,14049.562774014694,653.333961314198,0.0,True
843896,61,8,10.0,11.820435954556755,449879.4904363436,72,72,3.4354892123767726,6.0,-15309.302649659476,7055.2246274936515,22364.527277153127,3498.2529985122255,859.7684774998436,705.5224627493651,False
843896,61,9,10.0,11.252785588268896,-45986.69415318356,71,71,3.13256444702339,6.0,-61138.620447504014,0.0,61138.620447504014,11317.370900708924,847.873609552665,0.0,True
843896,62,0,10.0,12.644500000000003,231619.71613016055,71,71,3.531355425765014,6.0,3588.845804964548,8478.736095526649,4889.890290562101,0.0,847.873609552665,847.8736095526648,False
843896,62,1,10.0,10.0,-31711.19544701632,70,70,3.207128046778589,5.862495132632444,-75697.3289480581,0.0,75697.3289480581,14276.655287225622,790.0809188810268,0.0,True
843896,62,2,18.56608641203773,13.892441348451465,-21582.279934578663,54,54,2.3782221848931377,4.400505987697088,-63947.671025664895,1279.696607874339,65227.36763353923,12473.894407247953,607.0718855864417,68.92656747760365,True
843896,62,3,11.0,12.644500000000003,548255.6207394907,80,80,3.4992759311257515,6.0,-10136.997416943637,0.0,10136.997416943637,946.4459722869836,946.4459722869836,0.0,False
843896,62,4,11.0,10.5,-51699.58803100586,75,75,3.2696671903197827,5.9,-78844.78193915129,0.0,78844.78193915129,14812.49721282024,869.560772920843,0.0,True
843896,62,5,10.0,13.925625447624187,-17437.625980911886,74,74,2.866278651765272,5.580179845317385,-66016.73291011862,0.0,66016.73291011862,12303.42331445966,883.553254037477,0.0,True
843896,62,6,10.0,10.0,112438.73628950525,74,74,3.2665440526955263,6.0,-58836.826994951014,3.1796787425264453e-13,58836.826994951014,10824.828348972927,856.858920182523,3.1796787425264456e-14,False
843896,62,7,15.858157889895693,18.6320895147834,-61025.74807177164,56,56,2.708748607377742,4.723721144819263,-73524.19925056428,0.0,73524.19925056428,14049.562774014694,653.333961314198,0.0,True
843896,62,8,10.0,11.229414156828916,458657.1541192755,73,73,3.4854892123767724,6.0,10397.41091637925,24697.102681520042,14299.691765140793,1882.7687880979167,854.2260577376851,2469.710268152004,False
843896,62,9,10.0,11.252785588268896,-45986.69415318356,71,71,3.13256444702339,6.0,-61138.620447504014,0.0,61138.620447504014,11317.370900708924,847.873609552665,0.0,True
843896,63,0,11.0,13.908950000000004,220520.75588586502,72,72,3.5813554257650138,6.0,-9297.515844294696,0.0,9297.515844294696,859.7684774998436,859.7684774998436,0.0,False
843896,63,1,10.0,10.0,-31711.19544701632,70,70,3.207128046778589,5.862495132632444,-75697.3289480581,0.0,75697.3289480581,14276.655287225622,790.0809188810268,0.0,True
843896,63,2,18.56608641203773,13.892441348451465,-21582.279934578663,54,54,2.3782221848931377,4.400505987697088,-63947.671025664895,1279.696607874339,65227.36763353923,12473.894407247953,607.0718855864417,68.92656747760365,True
843896,63,3,10.0,12.012275000000002,559966.4687940988,81,81,3.5492759311257513,6.0,13483.842329607054,18944.675843759258,5460.833514152205,0.0,948.021612088943,1894.467584375926,False
843896,63,4,11.0,10.5,-51699.58803100586,75,75,3.2696671903197827,5.9,-78844.78193915129,0.0,78844.78193915129,14812.49721282024,869.560772920843,0.0,True
843896,63,5,10.0,13.925625447624187,-17437.625980911886,74,74,2.866278651765272,5.580179845317385,-66016.73291011862,0.0,66016.73291011862,12303.42331445966,883.553254037477,0.0,True
843896,63,6,10.0,10.0,47610.19057888274,75,75,3.316544052695526,6.0,-63278.54571062251,2.060573933704286e-13,63278.54571062251,11692.793814929353,867.9654659564266,2.060573933704286e-14,False
843896,63,7,15.858157889895693,18.6320895147834,-61025.74807177164,56,56,2.708748607377742,4.723721144819263,-73524.19925056428,0.0,73524.19925056428,14049.562774014694,653.333961314198,0.0,True
843896,63,8,10.0,12.35235557251181,460883.51778670854,74,74,3.5354892123767723,6.0,3940.4379797988913,15186.842620235104,11246.404640436213,1239.7896617434535,875.7051356690467,1518.6842620235104,False
843896,63,9,10.0,11.252785588268896,-45986.69415318356,71,71,3.13256444702339,6.0,-61138.620447504014,0.0,61138.620447504014,11317.370900708924,847.873609552665,0.0,True
843896,64,0,10.0,13.213502500000004,230961.84202175948,73,73,3.6313554257650136,6.0,12205.671818394654,17314.317539894535,5108.645721499882,0.0,871.6632764896113,1731.4317539894535,False
843896,64,1,10.0,10.0,-31711.19544701632,70,70,3.207128046778589,5.862495132632444,-75697.3289480581,0.0,75697.3289480581,14276.655287225622,790.0809188810268,0.0,True
843896,64,2,18.56608641203773,13.892441348451465,-21582.279934578663,54,54,2.3782221848931377,4.400505987697088,-63947.671025664895,1279.696607874339,65227.36763353923,12473.894407247953,607.0718855864417,68.92656747760365,True
843896,64,3,10.0,13.213502500000004,562150.3768243835,82,82,3.599275931125751,6.0,4067.4152352825395,9697.075227836736,5629.659992554197,0.0,969.7075227836731,969.7075227836735,False
843896,64,4,11.0,10.5,-51699.58803100586,75,75,3.2696671903197827,5.9,-78844.78193915129,0.0,78844.78193915129,14812.49721282024,869.560772920843,0.0,True
843896,64,5,10.0,13.925625447624187,-17437.625980911886,74,74,2.866278651765272,5.580179845317385,-66016.73291011862,0.0,66016.73291011862,12303.42331445966,883.553254037477,0.0,True
843896,64,6,10.0,10.5,-21134.716294715137,75,75,3.366544052695526,6.0,-67657.40687359788,9.414691248821322e-14,67657.40687359788,12560.338268822126,867.5444538927729,9.414691248821322e-15,True
843896,64,7,15.858157889895693,18.6320895147834,-61025.74807177164,56,56,2.708748607377742,4.723721144819263,-73524.19925056428,0.0,73524.19925056428,14049.562774014694,653.333961314198,0.0,True
843896,64,8,10.0,11.734737793886218,454931.2193978495,75,75,3.585489212376772,6.0,-4272.193054315429,7607.280334436172,11879.473388751601,1356.126925990298,877.0652976904641,760.7280334436172,False
843896,64,9,10.0,11.252785588268896,-45986.69415318356,71,71,3.13256444702339,6.0,-61138.620447504014,0.0,61138.620447504014,11317.370900708924,847.873609552665,0.0,True
843896,65,0,10.0,14.534852750000006,232702.015384857,74,74,3.6813554257650134,6.0,3615.7524665966275,8835.532540374781,5219.780073778154,0.0,883.553254037477,883.5532540374782,False
843896,65,1,10.0,10.0,-31711.19544701632,70,70,3.207128046778589,5.862495132632444,-75697.3289480581,0.0,75697.3289480581,14276.655287225622,790.0809188810268,0.0,True
843896,65,2,18.56608641203773,13.892441348451465,-21582.279934578663,54,54,2.3782221848931377,4.400505987697088,-63947.671025664895,1279.696607874339,65227.36763353923,12473.894407247953,607.0718855864417,68.92656747760365,True
843896,65,3,11.0,14.534852750000006,556466.3237097674,83,83,3.649275931125751,6.0,-3677.6603363647,4793.826266036399,8471.486602401099,545.5317995070385,981.334187328529,435.8023878214908,False
843896,65,4,11.0,10.5,-51699.58803100586,75,75,3.2696671903197827,5.9,-78844.78193915129,0.0,78844.78193915129,14812.49721282024,869.560772920843,0.0,True
843896,65,5,10.0,13.925625447624187,-17437.625980911886,74,74,2.866278651765272,5.580179845317385,-66016.73291011862,0.0,66016.73291011862,12303.42331445966,883.553254037477,0.0,True
843896,65,6,10.0,10.5,-21134.716294715137,75,75,3.366544052695526,6.0,-67657.40687359788,9.414691248821322e-14,67657.40687359788,12560.338268822126,867.5444538927729,9.414691248821322e-15,True
843896,65,7,15.858157889895693,18.6320895147834,-61025.74807177164,56,56,2.708748607377742,4.723721144819263,-73524.19925056428,0.0,73524.19925056428,14049.562774014694,653.333961314198,0.0,True
843896,65,8,10.0,11.148000904191907,470522.98297508736,76,76,3.635489212376772,6.0,17239.01164595585,22445.98183078097,5206.97018482512,0.0,888.4712570877988,2244.598183078097,False
843896,65,9,10.0,11.252785588268896,-45986.69415318356,71,71,3.13256444702339,6.0,-61138.620447504014,0.0,61138.620447504014,11317.370900708924,847.873609552665,0.0,True
843896,66,0,11.0,15.988338025000008,235220.63537305922,75,75,3.7313554257650132,6.0,4517.745340076927,9849.819628112124,5332.074288035196,0.0,895.4381480101933,895.438148010193,False
843896,66,1,10.0,10.0,-31711.19544701632,70,70,3.207128046778589,5.862495132632444,-75697.3289480581,0.0,75697.3289480581,14276.655287225622,790.0809188810268,0.0,True
843896,66,2,18.56608641203773,13.892441348451465,-21582.279934578663,54,54,2.3782221848931377,4.400505987697088,-63947.671025664895,1279.696607874339,65227.36763353923,12473.894407247953,607.0718855864417,68.92656747760365,True
843896,66,3,10.0,13.808110112500005,564032.2211412827,84,84,3.699275931125751,6.0,9525.778680970056,15384.949883817706,5859.171202847651,0.0,992.9631888747352,1538.4949883817706,False
843896,66,4,11.0,10.5,-51699.58803100586,75,75,3.2696671903197827,5.9,-78844.78193915129,0.0,78844.78193915129,14812.49721282024,869.560772920843,0.0,True
843896,66,5,10.0,13.925625447624187,-17437.625980911886,74,74,2.866278651765272,5.580179845317385,-66016.73291011862,0.0,66016.73291011862,12303.42331445966,883.553254037477,0.0,True
843896,66,6,10.0,10.5,-21134.716294715137,75,75,3.366544052695526,6.0,-67657.40687359788,9.414691248821322e-14,67657.40687359788,12560.338268822126,867.5444538927729,9.414691248821322e-15,True
843896,66,7,15.858157889895693,18.6320895147834,-61025.74807177164,56,56,2.708748607377742,4.723721144819263,-73524.19925056428,0.0,73524.19925056428,14049.562774014694,653.333961314198,0.0,True
843896,66,8,10.0,12.262800994611098,472461.13320239255,77,77,3.6854892123767717,6.0,3682.385903890923,8998.438281874476,5316.052377983553,0.0,899.843828187448,899.8438281874476,False
843896,66,9,10.0,11.252785588268896,-45986.69415318356,71,71,3.13256444702339,6.0,-61138.620447504014,0.0,61138.620447504014,11317.370900708924,847.873609552665,0.0,True
843896,67,0,12.100000000000001,17.58717182750001,238617.05963790862,76,76,3.781355425765013,6.0,5533.049323739492,10978.604034813374,5445.554711073882,0.0,907.3226475052376,907.3226475052375,False
843896,67,1,10.0,10.0,-31711.19544701632,70,70,3.207128046778589,5.862495132632444,-75697.3289480581,0.0,75697.3289480581,14276.655287225622,790.0809188810268,0.0,True
843896,67,2,18.56608641203773,13.892441348451465,-21582.279934578663,54,54,2.3782221848931377,4.400505987697088,-63947.671025664895,1279.696607874339,65227.36763353923,12473.894407247953,607.0718855864417,68.92656747760365,True
843896,67,3,10.0,15.188921123750006,566011.3619330607,85,85,3.7492759311257506,6.0,4070.1990872961815,10045.8157671643,5975.616679868119,0.0,1004.5815767164285,1004.58157671643,False
843896,67,4,11.0,10.5,-51699.58803100586,75,75,3.2696671903197827,5.9,-78844.78193915129,0.0,78844.78193915129,14812.49721282024,869.560772920843,0.0,True
843896,67,5,10.0,13.925625447624187,-17437.625980911886,74,74,2.866278651765272,5.580179845317385,-66016.73291011862,0.0,66016.73291011862,12303.42331445966,883.553254037477,0.0,True
843896,67,6,10.0,10.5,-21134.716294715137,75,75,3.366544052695526,6.0,-67657.40687359788,9.414691248821322e-14,67657.40687359788,12560.338268822126,867.5444538927729,9.414691248821322e-15,True
843896,67,7,15.858157889895693,18.6320895147834,-61025.74807177164,56,56,2.708748607377742,4.723721144819263,-73524.19925056428,0.0,73524.19925056428,14049.562774014694,653.333961314198,0.0,True
843896,67,8,11.0,13.489081094072208,475206.0370217819,78,78,3.7354892123767716,6.0,4597.052144729109,10023.262506380612,5426.210361651502,0.0,911.205682398237,911.2056823982375,False
843896,67,9,10.0,11.252785588268896,-45986.69415318356,71,71,3.13256444702339,6.0,-61138.620447504014,0.0,61138.620447504014,11317.370900708924,847.873609552665,0.0,True
843896,68,0,13.310000000000002,19.345889010250016,243001.8136953623,77,77,3.831355425765013,6.0,6674.387511243922,12234.583000491932,5560.19548924801,0.0,919.2023291128423,919.2023291128422,False
843896,68,1,10.0,10.0,-31711.19544701632,70,70,3.207128046778589,5.862495132632444,-75697.3289480581,0.0,75697.3289480581,14276.655287225622,790.0809188810268,0.0,True
843896,68,2,18.56608641203773,13.892441348451465,-21582.279934578663,54,54,2.3782221848931377,4.400505987697088,-63947.671025664895,1279.696607874339,65227.36763353923,12473.894407247953,607.0718855864417,68.92656747760365,True
843896,68,3,11.0,16.70781323612501,568859.4220636121,86,86,3.7992759311257505,6.0,5084.932068861576,11178.107507261224,6093.175438399648,0.0,1016.191591569203,1016.1915915692022,False
843896,68,4,11.0,10.5,-51699.58803100586,75,75,3.2696671903197827,5.9,-78844.78193915129,0.0,78844.78193915129,14812.49721282024,869.560772920843,0.0,True
843896,68,5,10.0,13.925625447624187,-17437.625980911886,74,74,2.866278651765272,5.580179845317385,-66016.73291011862,0.0,66016.73291011862,12303.42331445966,883.553254037477,0.0,True
843896,68,6,10.0,10.5,-21134.716294715137,75,75,3.366544052695526,6.0,-67657.40687359788,9.414691248821322e-14,67657.40687359788,12560.338268822126,867.5444538927729,9.414691248821322e-15,True
843896,68,7,15.858157889895693,18.6320895147834,-61025.74807177164,56,56,2.708748607377742,4.723721144819263,-73524.19925056428,0.0,73524.19925056428,14049.562774014694,653.333961314198,0.0,True
843896,68,8,12.100000000000001,14.837989203479431,478859.29931748915,79,79,3.7854892123767714,6.0,5625.463442780356,11162.877066550049,5537.413623769693,0.0,922.551823681821,922.5518236818222,False
843896,68,9,10.0,11.252785588268896,-45986.69415318356,71,71,3.13256444702339,6.0,-61138.620447504014,0.0,61138.620447504014,11317.370900708924,847.873609552665,0.0,True
843896,69,0,14.641000000000004,21.280477911275018,248497.8784789599,78,78,3.8813554257650127,6.0,7955.942060676119,13631.962655378351,5676.020594702232,0.0,931.0813916657559,931.081391665757,False
843896,69,1,10.0,10.0,-31711.19544701632,70,70,3.207128046778589,5.862495132632444,-75697.3289480581,0.0,75697.3289480581,14276.655287225622,790.0809188810268,0.0,True
843896,69,2,18.56608641203773,13.892441348451465,-21582.279934578663,54,54,2.3782221848931377,4.400505987697088,-63947.671025664895,1279.696607874339,65227.36763353923,12473.894407247953,607.0718855864417,68.92656747760365,True
843896,69,3,12.100000000000001,18.37859455973751,572684.9843736845,87,87,3.8492759311257503,6.0,6224.500036769182,12436.391302569107,6211.891265799925,0.0,1027.8009340966205,1027.8009340966203,False
843896,69,4,11.0,10.5,-51699.58803100586,75,75,3.2696671903197827,5.9,-78844.78193915129,0.0,78844.78193915129,14812.49721282024,869.560772920843,0.0,True
843896,69,5,10.0,13.925625447624187,-17437.625980911886,74,74,2.866278651765272,5.580179845317385,-66016.73291011862,0.0,66016.73291011862,12303.42331445966,883.553254037477,0.0,True
843896,69,6,10.0,10.5,-21134.716294715137,75,75,3.366544052695526,6.0,-67657.40687359788,9.414691248821322e-14,67657.40687359788,12560.338268822126,867.5444538927729,9.414691248821322e-15,True
843896,69,7,15.858157889895693,18.6320895147834,-61025.74807177164,56,56,2.708748607377742,4.723721144819263,-73524.19925056428,0.0,73524.19925056428,14049.562774014694,653.333961314198,0.0,True
843896,69,8,13.310000000000002,16.321788123827375,483533.86213409813,80,80,3.835489212376771,6.0,6780.305866513696,12429.960130252282,5649.654263738586,0.0,933.8813020475046,933.8813020475042,False
843896,69,9,10.0,11.252785588268896,-45986.69415318356,71,71,3.13256444702339,6.0,-61138.620447504014,0.0,61138.620447504014,11317.370900708924,847.873609552665,0.0,True
843896,70,0,16.105100000000004,23.40852570240252,255242.04181917192,79,79,3.9313554257650125,6.0,9393.436870701458,15186.469349507122,5793.032478805665,0.0,942.9602641093269,942.9602641093268,False
843896,70,1,10.0,10.0,-31711.19544701632,70,70,3.207128046778589,5.862495132632444,-75697.3289480581,0.0,75697.3289480581,14276.655287225622,790.0809188810268,0.0,True
843896,70,2,18.56608641203773,13.892441348451465,-21582.279934578663,54,54,2.3782221848931377,4.400505987697088,-63947.671025664895,1279.696607874339,65227.36763353923,12473.894407247953,607.0718855864417,68.92656747760365,True
843896,70,3,13.310000000000002,20.216454015711264,577608.6982338931,88,88,3.89927593112575,6.0,7502.761813589872,13834.513171188055,6331.751357598183,0.0,1039.4074508781403,1039.4074508781407,False
843896,70,4,11.0,10.5,-51699.58803100586,75,75,3.2696671903197827,5.9,-78844.78193915129,0.0,78844.78193915129,14812.49721282024,869.560772920843,0.0,True
843896,70,5,10.0,13.925625447624187,-17437.625980911886,74,74,2.866278651765272,5.580179845317385,-66016.73291011862,0.0,66016.73291011862,12303.42331445966,883.553254037477,0.0,True
843896,70,6,10.0,10.5,-21134.716294715137,75,75,3.366544052695526,6.0,-67657.40687359788,9.414691248821322e-14,67657.40687359788,12560.338268822126,867.5444538927729,9.414691248821322e-15,True
843896,70,7,15.858157889895693,18.6320895147834,-61025.74807177164,56,56,2.708748607377742,4.723721144819263,-73524.19925056428,0.0,73524.19925056428,14049.562774014694,653.333961314198,0.0,True
843896,70,8,14.641000000000004,17.953966936210115,489355.2359752914,81,81,3.885489212376771,6.0,8075.64516302655,13838.566791916734,5762.9216288901835,0.0,945.1927321847348,945.1927321847368,False
843896,70,9,10.0,11.252785588268896,-45986.69415318356,71,71,3.13256444702339,6.0,-61138.620447504014,0.0,61138.620447504014,11317.370900708924,847.873609552665,0.0,True
843896,71,0,17.715610000000005,25.749378272642776,263386.36582708976,80,80,3.9813554257650123,6.0,11004.27426973002,16915.480403109657,5911.206133379636,0.0,954.8347701890957,954.834770189096,False
843896,71,1,10.0,10.0,-31711.19544701632,70,70,3.207128046778589,5.862495132632444,-75697.3289480581,0.0,75697.3289480581,14276.655287225622,790.0809188810268,0.0,True
843896,71,2,18.56608641203773,13.892441348451465,-21582.279934578663,54,54,2.3782221848931377,4.400505987697088,-63947.671025664895,1279.696607874339,65227.36763353923,12473.894407247953,607.0718855864417,68.92656747760365,True
843896,71,3,14.641000000000004,22.238099417282392,583764.6454206647,89,89,3.94927593112575,6.0,8935.138034911262,15387.920153620214,6452.782118708952,0.0,1051.0156515005972,1051.015651500595,False
843896,71,4,11.0,10.5,-51699.58803100586,75,75,3.2696671903197827,5.9,-78844.78193915129,0.0,78844.78193915129,14812.49721282024,869.560772920843,0.0,True
843896,71,5,10.0,13.925625447624187,-17437.625980911886,74,74,2.866278651765272,5.580179845317385,-66016.73291011862,0.0,66016.73291011862,12303.42331445966,883.553254037477,0.0,True
843896,71,6,10.0,10.5,-21134.716294715137,75,75,3.366544052695526,6.0,-67657.40687359788,9.414691248821322e-14,67657.40687359788,12560.338268822126,867.5444538927729,9.414691248821322e-15,True
843896,71,7,15.858157889895693,18.6320895147834,-61025.74807177164,56,56,2.708748607377742,4.723721144819263,-73524.19925056428,0.0,73524.19925056428,14049.562774014694,653.333961314198,0.0,True
843896,71,8,16.105100000000004,19.749363629831127,496462.7552896692,82,82,3.935489212376771,6.0,9526.967132025151,15404.107554305961,5877.140422280811,0.0,956.4738843165198,956.4738843165183,False
843896,71,9,10.0,11.252785588268896,-45986.69415318356,71,71,3.13256444702339,6.0,-61138.620447504014,0.0,61138.620447504014,11317.370900708924,847.873609552665,0.0,True
843896,72,0,19.487171000000007,28.324316099907055,273099.9576605406,81,81,4.031355425765012,6.0,12807.861437542962,18838.4285426056,6030.567105062639,0.0,966.7092541347113,966.7092541347123,False
843896,72,1,10.0,10.0,-31711.19544701632,70,70,3.207128046778589,5.862495132632444,-75697.3289480581,0.0,75697.3289480581,14276.655287225622,790.0809188810268,0.0,True
843896,72,2,18.56608641203773,13.892441348451465,-21582.279934578663,54,54,2.3782221848931377,4.400505987697088,-63947.671025664895,1279.696607874339,65227.36763353923,12473.894407247953,607.0718855864417,68.92656747760365,True
843896,72,3,16.105100000000004,24.461909359010633,591301.648479291,90,90,3.9992759311257498,6.0,10538.574900933823,17113.480450317667,6574.905549383844,0.0,1062.6124923358223,1062.612492335823,False
843896,72,4,11.0,10.5,-51699.58803100586,75,75,3.2696671903197827,5.9,-78844.78193915129,0.0,78844.78193915129,14812.49721282024,869.560772920843,0.0,True
843896,72,5,10.0,13.925625447624187,-17437.625980911886,74,74,2.866278651765272,5.580179845317385,-66016.73291011862,0.0,66016.73291011862,12303.42331445966,883.553254037477,0.0,True
843896,72,6,10.0,10.5,-21134.716294715137,75,75,3.366544052695526,6.0,-67657.40687359788,9.414691248821322e-14,67657.40687359788,12560.338268822126,867.5444538927729,9.414691248821322e-15,True
843896,72,7,15.858157889895693,18.6320895147834,-61025.74807177164,56,56,2.708748607377742,4.723721144819263,-73524.19925056428,0.0,73524.19925056428,14049.562774014694,653.333961314198,0.0,True
843896,72,8,17.715610000000005,21.72429999281424,505011.48816183454,83,83,3.9854892123767707,6.0,11151.849771571207,17144.319907083634,5992.470135512428,0.0,967.7521636050703,967.7521636050709,False
843896,72,9,10.0,11.252785588268896,-45986.69415318356,71,71,3.13256444702339,6.0,-61138.620447504014,0.0,61138.620447504014,11317.370900708924,847.873609552665,0.0,True
843896,73,0,21.43588810000001,31.15674770989776,284570.7928383326,82,82,4.081355425765012,6.0,14825.688490003915,20976.801048308647,6151.112558304733,0.0,978.5832502227257,978.5832502227252,False
843896,73,1,10.0,10.0,-31711.19544701632,70,70,3.207128046778589,5.862495132632444,-75697.3289480581,0.0,75697.3289480581,14276.655287225622,790.0809188810268,0.0,True
843896,73,2,18.56608641203773,13.892441348451465,-21582.279934578663,54,54,2.3782221848931377,4.400505987697088,-63947.671025664895,1279.696607874339,65227.36763353923,12473.894407247953,607.0718855864417,68.92656747760365,True
843896,73,3,17.715610000000005,26.908100294911698,600384.8591634408,91,91,4.04927593112575,6.0,12331.847810983862,19029.913517654546,6698.0657066706835,0.0,1074.189007189397,1074.1890071893963,False
843896,73,4,11.0,10.5,-51699.58803100586,75,75,3.2696671903197827,5.9,-78844.78193915129,0.0,78844.78193915129,14812.49721282024,869.560772920843,0.0,True
843896,73,5,10.0,13.925625447624187,-17437.625980911886,74,74,2.866278651765272,5.580179845317385,-66016.73291011862,0.0,66016.73291011862,12303.42331445966,883.553254037477,0.0,True
843896,73,6,10.0,10.5,-21134.716294715137,75,75,3.366544052695526,6.0,-67657.40687359788,9.414691248821322e-14,67657.40687359788,12560.338268822126,867.5444538927729,9.414691248821322e-15,True
843896,73,7,15.858157889895693,18.6320895147834,-61025.74807177164,56,56,2.708748607377742,4.723721144819263,-73524.19925056428,0.0,73524.19925056428,14049.562774014694,653.333961314198,0.0,True
843896,73,8,19.487171000000007,23.89672999209567,515173.95743407065,84,84,4.0354892123767705,6.0,12969.79459157421,19078.806895136022,6109.012303561813,0.0,979.0444644395029,979.044464439503,False
843896,73,9,10.0,11.252785588268896,-45986.69415318356,71,71,3.13256444702339,6.0,-61138.620447504014,0.0,61138.620447504014,11317.370900708924,847.873609552665,0.0,True
843896,74,0,23.579476910000015,34.27242248088754,298007.78190214175,83,83,4.131355425765012,6.0,17081.60012972077,23354.439135169192,6272.8390054484225,0.0,990.4562015650416,990.4562015650405,False
843896,74,1,10.0,10.0,-31711.19544701632,70,70,3.207128046778589,5.862495132632444,-75697.3289480581,0.0,75697.3289480581,14276.655287225622,790.0809188810268,0.0,True
843896,74,2,18.56608641203773,13.892441348451465,-21582.279934578663,54,54,2.3782221848931377,4.400505987697088,-63947.671025664895,1279.696607874339,65227.36763353923,12473.894407247953,607.0718855864417,68.92656747760365,True
843896,74,3,19.487171000000007,29.59891032440287,611197.7960544283,92,92,4.099275931125749,6.0,14336.036640831673,21158.38451264254,6822.347871810868,0.0,1085.7596781309376,1085.7596781309371,False
843896,74,4,11.0,10.5,-51699.58803100586,75,75,3.2696671903197827,5.9,-78844.78193915129,0.0,78844.78193915129,14812.49721282024,869.560772920843,0.0,True
843896,74,5,10.0,13.925625447624187,-17437.625980911886,74,74,2.866278651765272,5.580179845317385,-66016.73291011862,0.0,66016.73291011862,12303.42331445966,883.553254037477,0.0,True
843896,74,6,10.0,10.5,-21134.716294715137,75,75,3.366544052695526,6.0,-67657.40687359788,9.414691248821322e-14,67657.40687359788,12560.338268822126,867.5444538927729,9.414691248821322e-15,True
843896,74,7,15.858157889895693,18.6320895147834,-61025.74807177164,56,56,2.708748607377742,4.723721144819263,-73524.19925056428,0.0,73524.19925056428,14049.562774014694,653.333961314198,0.0,True
843896,74,8,21.43588810000001,26.286402991305238,527141.622141955,85,85,4.08548921237677,6.0,15002.008962147558,21228.670694058284,6226.661731910726,0.0,990.3331550820269,990.3331550820269,False
843896,74,9,10.0,11.252785588268896,-45986.69415318356,71,71,3.13256444702339,6.0,-61138.620447504014,0.0,61138.620447504014,11317.370900708924,847.873609552665,0.0,True
843896,75,0,25.937424601000018,32.55880135684316,314074.92575209966,84,84,4.181355425765012,6.0,19602.083163930725,25997.835624660656,6395.752460729931,0.0,1002.3291064779919,1002.3291064779928,False
843896,75,1,10.0,10.0,-31711.19544701632,70,70,3.207128046778589,5.862495132632444,-75697.3289480581,0.0,75697.3289480581,14276.655287225622,790.0809188810268,0.0,True
843896,75,2,18.56608641203773,13.892441348451465,-21582.279934578663,54,54,2.3782221848931377,4.400505987697088,-63947.671025664895,1279.696607874339,65227.36763353923,12473.894407247953,607.0718855864417,68.92656747760365,True
843896,75,3,21.43588810000001,32.55880135684316,623943.981253898,93,93,4.149275931125749,6.0,16574.153725653934,23521.816231293535,6947.662505639601,0.0,1097.3100867835515,1097.3100867835526,False
843896,75,4,11.0,10.5,-51699.58803100586,75,75,3.2696671903197827,5.9,-78844.78193915129,0.0,78844.78193915129,14812.49721282024,869.560772920843,0.0,True
843896,75,5,10.0,13.925625447624187,-17437.625980911886,74,74,2.866278651765272,5.580179845317385,-66016.73291011862,0.0,66016.73291011862,12303.42331445966,883.553254037477,0.0,True
843896,75,6,10.0,10.5,-21134.716294715137,75,75,3.366544052695526,6.0,-67657.40687359788,9.414691248821322e-14,67657.40687359788,12560.338268822126,867.5444538927729,9.414691248821322e-15,True
843896,75,7,15.858157889895693,18.6320895147834,-61025.74807177164,56,56,2.708748607377742,4.723721144819263,-73524.19925056428,0.0,73524.19925056428,14049.562774014694,653.333961314198,0.0,True
843896,75,8,23.579476910000015,28.915043290435765,541127.4538927131,86,86,4.13548921237677,6.0,17272.525473737776,23618.052139736457,6345.526665998679,0.0,1001.6359663059403,1001.6359663059396,False
843896,75,9,10.0,11.252785588268896,-45986.69415318356,71,71,3.13256444702339,6.0,-61138.620447504014,0.0,61138.620447504014,11317.370900708924,847.873609552665,0.0,True
843896,76,0,28.53116706110002,30.930861289001,333062.30915301555,85,85,4.2313554257650114,6.0,22416.50661047857,28936.357804008094,6519.851193529524,0.0,1014.2016883515591,1014.2016883515613,False
843896,76,1,10.0,10.0,-31711.19544701632,70,70,3.207128046778589,5.862495132632444,-75697.3289480581,0.0,75697.3289480581,14276.655287225622,790.0809188810268,0.0,True
843896,76,2,18.56608641203773,13.892441348451465,-21582.279934578663,54,54,2.3782221848931377,4.400505987697088,-63947.671025664895,1279.696607874339,65227.36763353923,12473.894407247953,607.0718855864417,68.92656747760365,True
843896,76,3,23.579476910000015,30.930861289001,639308.5071658768,94,94,4.199275931125749,6.0,19072.026873147654,26146.09078552315,7074.063912375495,0.0,1108.8494831891132,1108.8494831891135,False
843896,76,4,11.0,10.5,-51699.58803100586,75,75,3.2696671903197827,5.9,-78844.78193915129,0.0,78844.78193915129,14812.49721282024,869.560772920843,0.0,True
843896,76,5,10.0,13.925625447624187,-17437.625980911886,74,74,2.866278651765272,5.580179845317385,-66016.73291011862,0.0,66016.73291011862,12303.42331445966,883.553254037477,0.0,True
843896,76,6,10.0,10.5,-21134.716294715137,75,75,3.366544052695526,6.0,-67657.40687359788,9.414691248821322e-14,67657.40687359788,12560.338268822126,867.5444538927729,9.414691248821322e-15,True
843896,76,7,15.858157889895693,18.6320895147834,-61025.74807177164,56,56,2.708748607377742,4.723721144819263,-73524.19925056428,0.0,73524.19925056428,14049.562774014694,653.333961314198,0.0,True
843896,76,8,25.937424601000018,27.469291125913976,557745.1681499657,87,87,4.18548921237677,6.0,19807.54258520511,26273.077399491533,6465.534814286425,0.0,1012.9408684036647,1012.9408684036647,False
843896,76,9,10.0,11.252785588268896,-45986.69415318356,71,71,3.13256444702339,6.0,-61138.620447504014,0.0,61138.620447504014,11317.370900708924,847.873609552665,0.0,True
843896,77,0,31.384283767210025,29.38431822455095,355292.7006459758,86,86,4.281355425765011,6.0,25557.442860272575,32202.57353441336,6645.130674140785,0.0,1026.0732337648012,1026.0732337648017,False
843896,77,1,10.0,10.0,-31711.19544701632,70,70,3.207128046778589,5.862495132632444,-75697.3289480581,0.0,75697.3289480581,14276.655287225622,790.0809188810268,0.0,True
843896,77,2,18.56608641203773,13.892441348451465,-21582.279934578663,54,54,2.3782221848931377,4.400505987697088,-63947.671025664895,1279.696607874339,65227.36763353923,12473.894407247953,607.0718855864417,68.92656747760365,True
843896,77,3,25.937424601000018,29.38431822455095,657575.3196189698,95,95,4.249275931125749,6.0,21858.322684420862,29059.922852327192,7201.600167906332,0.0,1120.3858247054645,1120.3858247054638,False
843896,77,4,11.0,10.5,-51699.58803100586,75,75,3.2696671903197827,5.9,-78844.78193915129,0.0,78844.78193915129,14812.49721282024,869.560772920843,0.0,True
843896,77,5,10.0,13.925625447624187,-17437.625980911886,74,74,2.866278651765272,5.580179845317385,-66016.73291011862,0.0,66016.73291011862,12303.42331445966,883.553254037477,0.0,True
843896,77,6,10.0,10.5,-21134.716294715137,75,75,3.366544052695526,6.0,-67657.40687359788,9.414691248821322e-14,67657.40687359788,12560.338268822126,867.5444538927729,9.414691248821322e-15,True
843896,77,7,15.858157889895693,18.6320895147834,-61025.74807177164,56,56,2.708748607377742,4.723721144819263,-73524.19925056428,0.0,73524.19925056428,14049.562774014694,653.333961314198,0.0,True
843896,77,8,28.53116706110002,26.095826569618275,577284.7448365355,88,88,4.23548921237677,6.0,22636.009424694283,29222.61455002667,6586.605125332384,0.0,1024.2348126680527,1024.2348126680517,False
843896,77,9,10.0,11.252785588268896,-45986.69415318356,71,71,3.13256444702339,6.0,-61138.620447504014,0.0,61138.620447504014,11317.370900708924,847.873609552665,0.0,True
843896,78,0,34.52271214393103,27.9151023133234,381125.12724961486,87,87,4.331355425765011,6.0,29061.040504898803,35832.63084786521,6771.5903429664095,0.0,1037.9436788880591,1037.943678888058,False
843896,78,1,10.0,10.0,-31711.19544701632,70,70,3.207128046778589,5.862495132632444,-75697.3289480581,0.0,75697.3289480581,14276.655287225622,790.0809188810268,0.0,True
843896,78,2,18.56608641203773,13.892441348451465,-21582.279934578663,54,54,2.3782221848931377,4.400505987697088,-63947.671025664895,1279.696607874339,65227.36763353923,12473.894407247953,607.0718855864417,68.92656747760365,True
843896,78,3,28.53116706110002,27.9151023133234,679060.0993134223,96,96,4.299275931125749,6.0,24964.629516526682,32294.879664946522,7330.25014841984,0.0,1131.9158307049406,1131.9158307049424,False
843896,78,4,11.0,10.5,-51699.58803100586,75,75,3.2696671903197827,5.9,-78844.78193915129,0.0,78844.78193915129,14812.49721282024,869.560772920843,0.0,True
843896,78,5,10.0,13.925625447624187,-17437.625980911886,74,74,2.866278651765272,5.580179845317385,-66016.73291011862,0.0,66016.73291011862,12303.42331445966,883.553254037477,0.0,True
843896,78,6,10.0,10.5,-21134.716294715137,75,75,3.366544052695526,6.0,-67657.40687359788,9.414691248821322e-14,67657.40687359788,12560.338268822126,867.5444538927729,9.414691248821322e-15,True
843896,78,7,15.858157889895693,18.6320895147834,-61025.74807177164,56,56,2.708748607377742,4.723721144819263,-73524.19925056428,0.0,73524.19925056428,14049.562774014694,653.333961314198,0.0,True
843896,78,8,31.384283767210025,24.79103524113736,600068.7710888378,89,89,4.28548921237677,6.0,25790.428388759934,32499.20939438567,6708.781005625737,0.0,1035.5249664273201,1035.5249664273208,False
843896,78,9,10.0,11.252785588268896,-45986.69415318356,71,71,3.13256444702339,6.0,-61138.620447504014,0.0,61138.620447504014,11317.370900708924,847.873609552665,0.0,True
843896,79,0,37.97498335832414,26.51934719765723,403441.91895123816,88,88,4.381355425765011,6.0,25450.49425501804,33224.29668183919,7773.802426821149,174.9139028189961,1049.8134746855994,874.8995718666037,False
843896,79,1,10.0,10.0,-31711.19544701632,70,70,3.207128046778589,5.862495132632444,-75697.3289480581,0.0,75697.3289480581,14276.655287225622,790.0809188810268,0.0,True
843896,79,2,18.56608641203773,13.892441348451465,-21582.279934578663,54,54,2.3782221848931377,4.400505987697088,-63947.671025664895,1279.696607874339,65227.36763353923,12473.894407247953,607.0718855864417,68.92656747760365,True
843896,79,3,31.384283767210025,26.51934719765723,704113.7593526003,97,97,4.3492759311257485,6.0,28426.03671734604,35886.05465394898,7460.017936602941,0.0,1143.4402938786304,1143.440293878631,False
843896,79,4,11.0,10.5,-51699.58803100586,75,75,3.2696671903197827,5.9,-78844.78193915129,0.0,78844.78193915129,14812.49721282024,869.560772920843,0.0,True
843896,79,5,10.0,13.925625447624187,-17437.625980911886,74,74,2.866278651765272,5.580179845317385,-66016.73291011862,0.0,66016.73291011862,12303.42331445966,883.553254037477,0.0,True
843896,79,6,10.0,10.5,-21134.716294715137,75,75,3.366544052695526,6.0,-67657.40687359788,9.414691248821322e-14,67657.40687359788,12560.338268822126,867.5444538927729,9.414691248821322e-15,True
843896,79,7,15.858157889895693,18.6320895147834,-61025.74807177164,56,56,2.708748607377742,4.723721144819263,-73524.19925056428,0.0,73524.19925056428,14049.562774014694,653.333961314198,0.0,True
843896,79,8,34.52271214393103,23.551483479080492,626455.6703121336,90,90,4.335489212376769,6.0,29306.532736414414,36138.55605776571,6832.023321351296,0.0,1046.8052425052242,1046.8052425052224,False
843896,79,9,10.0,11.252785588268896,-45986.69415318356,71,71,3.13256444702339,6.0,-61138.620447504014,0.0,61138.620447504014,11317.370900708924,847.873609552665,0.0,True
843896,80,0,34.17748502249172,25.193379837774366,435635.4184220411,89,89,4.431355425765011,6.0,35235.71027636597,42263.77073783706,7028.060461471087,0.0,1061.6829594142496,1236.596862233247,False
843896,80,1,10.0,10.0,-31711.19544701632,70,70,3.207128046778589,5.862495132632444,-75697.3289480581,0.0,75697.3289480581,14276.655287225622,790.0809188810268,0.0,True
843896,80,2,18.56608641203773,13.892441348451465,-21582.279934578663,54,54,2.3782221848931377,4.400505987697088,-63947.671025664895,1279.696607874339,65227.36763353923,12473.894407247953,607.0718855864417,68.92656747760365,True
843896,80,3,34.52271214393103,25.193379837774366,733126.2715110817,98,98,4.399275931125748,6.0,32281.46338258449,39872.375547765514,7590.912165181025,0.0,1154.9606931671767,1154.9606931671774,False
843896,80,4,11.0,10.5,-51699.58803100586,75,75,3.2696671903197827,5.9,-78844.78193915129,0.0,78844.78193915129,14812.49721282024,869.560772920843,0.0,True
843896,80,5,10.0,13.925625447624187,-17437.625980911886,74,74,2.866278651765272,5.580179845317385,-66016.73291011862,0.0,66016.73291011862,12303.42331445966,883.553254037477,0.0,True
843896,80,6,10.0,10.5,-21134.716294715137,75,75,3.366544052695526,6.0,-67657.40687359788,9.414691248821322e-14,67657.40687359788,12560.338268822126,867.5444538927729,9.414691248821322e-15,True
843896,80,7,15.858157889895693,18.6320895147834,-61025.74807177164,56,56,2.708748607377742,4.723721144819263,-73524.19925056428,0.0,73524.19925056428,14049.562774014694,653.333961314198,0.0,True
843896,80,8,37.97498335832414,22.373909305126467,621356.7988144632,91,91,4.385489212376769,6.0,-2262.8457509078507,8822.22653088265,11085.0722817905,825.7542298023462,1058.0710276173152,232.31679781497027,False
843896,80,9,10.0,11.252785588268896,-45986.69415318356,71,71,3.13256444702339,6.0,-61138.620447504014,0.0,61138.620447504014,11317.370900708924,847.873609552665,0.0,True
843896,81,0,34.17748502249172,27.712717821551806,461874.51007037796,90,90,4.481355425765011,6.0,29533.236252274568,36691.308550290116,7158.07229801555,0.0,1073.552033631032,1073.5520336310317,False
843896,81,1,10.0,10.0,-31711.19544701632,70,70,3.207128046778589,5.862495132632444,-75697.3289480581,0.0,75697.3289480581,14276.655287225622,790.0809188810268,0.0,True
843896,81,2,18.56608641203773,13.892441348451465,-21582.279934578663,54,54,2.3782221848931377,4.400505987697088,-63947.671025664895,1279.696607874339,65227.36763353923,12473.894407247953,607.0718855864417,68.92656747760365,True
843896,81,3,37.97498335832414,23.933710845885646,716401.5235912582,99,99,4.449275931125748,6.0,-13555.310546080807,1.8296475445822585e-13,13555.310546080807,1166.4764327823873,1166.4764327823873,4.818033828528851e-15,False
843896,81,4,11.0,10.5,-51699.58803100586,75,75,3.2696671903197827,5.9,-78844.78193915129,0.0,78844.78193915129,14812.49721282024,869.560772920843,0.0,True
843896,81,5,10.0,13.925625447624187,-17437.625980911886,74,74,2.866278651765272,5.580179845317385,-66016.73291011862,0.0,66016.73291011862,12303.42331445966,883.553254037477,0.0,True
843896,81,6,10.0,10.5,-21134.716294715137,75,75,3.366544052695526,6.0,-67657.40687359788,9.414691248821322e-14,67657.40687359788,12560.338268822126,867.5444538927729,9.414691248821322e-15,True
843896,81,7,15.858157889895693,18.6320895147834,-61025.74807177164,56,56,2.708748607377742,4.723721144819263,-73524.19925056428,0.0,73524.19925056428,14049.562774014694,653.333961314198,0.0,True
843896,81,8,34.17748502249172,21.255213839870144,655355.0695619708,92,92,4.435489212376769,6.0,36753.75042077068,46507.00467986445,9753.254259093766,534.3274919291641,1069.3230261676424,1360.749764040825,False
843896,81,9,10.0,11.252785588268896,-45986.69415318356,71,71,3.13256444702339,6.0,-61138.620447504014,0.0,61138.620447504014,11317.370900708924,847.873609552665,0.0,True
843896,82,0,37.5952335247409,26.327081930474215,445962.39642950904,91,91,4.53135542576501,6.0,-12716.349185195744,1.350031197944189e-13,12716.349185195744,1085.4187320624876,1085.4187320624876,3.590963724312957e-15,False
843896,82,1,10.0,10.0,-31711.19544701632,70,70,3.207128046778589,5.862495132632444,-75697.3289480581,0.0,75697.3289480581,14276.655287225622,790.0809188810268,0.0,True
843896,82,2,18.56608641203773,13.892441348451465,-21582.279934578663,54,54,2.3782221848931377,4.400505987697088,-63947.671025664895,1279.696607874339,65227.36763353923,12473.894407247953,607.0718855864417,68.92656747760365,True
843896,82,3,34.17748502249172,22.737025303591363,726099.582409593,100,100,4.499275931125748,6.0,12771.761348688102,28221.5077197661,15449.746371078,1518.7326811668431,1177.990140190534,825.73389180608,False
843896,82,4,11.0,10.5,-51699.58803100586,75,75,3.2696671903197827,5.9,-78844.78193915129,0.0,78844.78193915129,14812.49721282024,869.560772920843,0.0,True
843896,82,5,10.0,13.925625447624187,-17437.625980911886,74,74,2.866278651765272,5.580179845317385,-66016.73291011862,0.0,66016.73291011862,12303.42331445966,883.553254037477,0.0,True
843896,82,6,10.0,10.5,-21134.716294715137,75,75,3.366544052695526,6.0,-67657.40687359788,9.414691248821322e-14,67657.40687359788,12560.338268822126,867.5444538927729,9.414691248821322e-15,True
843896,82,7,15.858157889895693,18.6320895147834,-61025.74807177164,56,56,2.708748607377742,4.723721144819263,-73524.19925056428,0.0,73524.19925056428,14049.562774014694,653.333961314198,0.0,True
843896,82,8,30.75973652024255,20.192453147876638,695143.0498707043,93,93,4.485489212376769,6.0,42465.87845148299,49673.92548373177,7208.047032248779,0.0,1080.5733851001976,1614.9008770293613,False
843896,82,9,10.0,11.252785588268896,-45986.69415318356,71,71,3.13256444702339,6.0,-61138.620447504014,0.0,61138.620447504014,11317.370900708924,847.873609552665,0.0,True
843896,83,0,33.83571017226681,25.010727833950504,424526.2732433789,92,92,4.58135542576501,6.0,-18335.136225406157,2.1316282072803006e-14,18335.136225406157,2182.7032983251006,1097.284566262613,6.29993635844379e-16,False
843896,83,1,10.0,10.0,-31711.19544701632,70,70,3.207128046778589,5.862495132632444,-75697.3289480581,0.0,75697.3289480581,14276.655287225622,790.0809188810268,0.0,True
843896,83,2,18.56608641203773,13.892441348451465,-21582.279934578663,54,54,2.3782221848931377,4.400505987697088,-63947.671025664895,1279.696607874339,65227.36763353923,12473.894407247953,607.0718855864417,68.92656747760365,True
843896,83,3,30.75973652024255,25.0107278339505,788255.8925293538,101,101,4.549275931125748,6.0,65482.39363099041,74847.46785102117,9365.074220030754,274.94042794525814,1189.501276512163,2433.2935297337513,False
843896,83,4,11.0,10.5,-51699.58803100586,75,75,3.2696671903197827,5.9,-78844.78193915129,0.0,78844.78193915129,14812.49721282024,869.560772920843,0.0,True
843896,83,5,10.0,13.925625447624187,-17437.625980911886,74,74,2.866278651765272,5.580179845317385,-66016.73291011862,0.0,66016.73291011862,12303.42331445966,883.553254037477,0.0,True
843896,83,6,10.0,10.5,-21134.716294715137,75,75,3.366544052695526,6.0,-67657.40687359788,9.414691248821322e-14,67657.40687359788,12560.338268822126,867.5444538927729,9.414691248821322e-15,True
843896,83,7,15.858157889895693,18.6320895147834,-61025.74807177164,56,56,2.708748607377742,4.723721144819263,-73524.19925056428,0.0,73524.19925056428,14049.562774014694,653.333961314198,0.0,True
843896,83,8,33.83571017226681,22.2116984626643,679460.5867156801,94,94,4.535489212376769,6.0,-12794.563499528458,0.0,12794.563499528458,1091.8100886449945,1091.8100886449945,0.0,False
843896,83,9,10.0,11.252785588268896,-45986.69415318356,71,71,3.13256444702339,6.0,-61138.620447504014,0.0,61138.620447504014,11317.370900708924,847.873609552665,0.0,True
843896,84,0,30.45213915504013,23.760191442252978,433773.36889103777,93,93,4.63135542576501,6.0,12256.793451789985,31155.700933385408,18898.907481595423,2268.748789989954,1109.1493457081808,1023.1038540433319,False
843896,84,1,10.0,10.0,-31711.19544701632,70,70,3.207128046778589,5.862495132632444,-75697.3289480581,0.0,75697.3289480581,14276.655287225622,790.0809188810268,0.0,True
843896,84,2,18.56608641203773,13.892441348451465,-21582.279934578663,54,54,2.3782221848931377,4.400505987697088,-63947.671025664895,1279.696607874339,65227.36763353923,12473.894407247953,607.0718855864417,68.92656747760365,True
843896,84,3,27.683762868218295,23.760191442252975,817766.4201150818,102,102,4.599275931125748,6.0,32734.067112833574,40859.86407678121,8125.796963947634,0.0,1201.0100875711678,1475.9505155164234,False
843896,84,4,11.0,10.5,-51699.58803100586,75,75,3.2696671903197827,5.9,-78844.78193915129,0.0,78844.78193915129,14812.49721282024,869.560772920843,0.0,True
843896,84,5,10.0,13.925625447624187,-17437.625980911886,74,74,2.866278651765272,5.580179845317385,-66016.73291011862,0.0,66016.73291011862,12303.42331445966,883.553254037477,0.0,True
843896,84,6,10.0,10.5,-21134.716294715137,75,75,3.366544052695526,6.0,-67657.40687359788,9.414691248821322e-14,67657.40687359788,12560.338268822126,867.5444538927729,9.414691248821322e-15,True
843896,84,7,15.858157889895693,18.6320895147834,-61025.74807177164,56,56,2.708748607377742,4.723721144819263,-73524.19925056428,0.0,73524.19925056428,14049.562774014694,653.333961314198,0.0,True
843896,84,8,30.45213915504013,21.101113539531084,658217.660271478,95,95,4.5854892123767685,6.0,-18438.320657945897,1.5777218104420234e-30,18438.320657945897,2194.8511411599666,1103.0410525149719,5.180988443568487e-32,False
843896,84,9,10.0,11.252785588268896,-45986.69415318356,71,71,3.13256444702339,6.0,-61138.620447504014,0.0,61138.620447504014,11317.370900708924,847.873609552665,0.0,True
843896,85,0,27.40692523953612,26.136210586478278,489947.56537317234,94,94,4.68135542576501,6.0,59431.00027726257,71098.74798897003,11667.747711707465,795.572489904001,1121.0128461815625,2594.189146267523,False
843896,85,1,10.0,10.0,-31711.19544701632,70,70,3.207128046778589,5.862495132632444,-75697.3289480581,0.0,75697.3289480581,14276.655287225622,790.0809188810268,0.0,True
843896,85,2,18.56608641203773,13.892441348451465,-21582.279934578663,54,54,2.3782221848931377,4.400505987697088,-63947.671025664895,1279.696607874339,65227.36763353923,12473.894407247953,607.0718855864417,68.92656747760365,True
843896,85,3,30.452139155040125,26.136210586478274,799949.4482734287,103,103,4.649275931125747,6.0,-14324.942151240868,1.1832913578315177e-30,14324.942151240868,1212.5167465130066,1212.5167465130066,3.885741332676366e-32,False
843896,85,4,11.0,10.5,-51699.58803100586,75,75,3.2696671903197827,5.9,-78844.78193915129,0.0,78844.78193915129,14812.49721282024,869.560772920843,0.0,True
843896,85,5,10.0,13.925625447624187,-17437.625980911886,74,74,2.866278651765272,5.580179845317385,-66016.73291011862,0.0,66016.73291011862,12303.42331445966,883.553254037477,0.0,True
843896,85,6,10.0,10.5,-21134.716294715137,75,75,3.366544052695526,6.0,-67657.40687359788,9.414691248821322e-14,67657.40687359788,12560.338268822126,867.5444538927729,9.414691248821322e-15,True
843896,85,7,15.858157889895693,18.6320895147834,-61025.74807177164,56,56,2.708748607377742,4.723721144819263,-73524.19925056428,0.0,73524.19925056428,14049.562774014694,653.333961314198,0.0,True
843896,85,8,27.40692523953612,20.04605786255453,631353.9873475803,96,96,4.635489212376768,6.0,-24139.251369090176,1.0658141036401503e-14,24139.251369090176,3309.1141881747294,1114.2630470147628,3.8888496039776474e-16,False
843896,85,9,10.0,11.252785588268896,-45986.69415318356,71,71,3.13256444702339,6.0,-61138.620447504014,0.0,61138.620447504014,11317.370900708924,847.873609552665,0.0,True
843896,86,0,24.666232715582506,24.829400057154363,526530.5391659467,95,95,4.73135542576501,6.0,39741.7667982033,47567.557272889644,7825.790474686344,0.0,1132.8759205757856,1928.4484104797887,False
843896,86,1,10.0,10.0,-31711.19544701632,70,70,3.207128046778589,5.862495132632444,-75697.3289480581,0.0,75697.3289480581,14276.655287225622,790.0809188810268,0.0,True
843896,86,2,18.56608641203773,13.892441348451465,-21582.279934578663,54,54,2.3782221848931377,4.400505987697088,-63947.671025664895,1279.696607874339,65227.36763353923,12473.894407247953,607.0718855864417,68.92656747760365,True
843896,86,3,27.406925239536115,24.82940005715436,775984.4580133973,104,104,4.699275931125747,6.0,-20582.732654082043,4.9737991503207007e-14,20582.732654082043,2436.5368487672386,1224.0201022542317,1.8147964818562355e-15,False
843896,86,4,11.0,10.5,-51699.58803100586,75,75,3.2696671903197827,5.9,-78844.78193915129,0.0,78844.78193915129,14812.49721282024,869.560772920843,0.0,True
843896,86,5,10.0,13.925625447624187,-17437.625980911886,74,74,2.866278651765272,5.580179845317385,-66016.73291011862,0.0,66016.73291011862,12303.42331445966,883.553254037477,0.0,True
843896,86,6,10.0,10.5,-21134.716294715137,75,75,3.366544052695526,6.0,-67657.40687359788,9.414691248821322e-14,67657.40687359788,12560.338268822126,867.5444538927729,9.414691248821322e-15,True
843896,86,7,15.858157889895693,18.6320895147834,-61025.74807177164,56,56,2.708748607377742,4.723721144819263,-73524.19925056428,0.0,73524.19925056428,14049.562774014694,653.333961314198,0.0,True
843896,86,8,24.666232715582506,19.043754969426804,625639.9425651375,97,97,4.685489212376768,6.0,-3066.8005504134053,22308.404964464757,25375.205514878162,3530.175241175371,1125.4717598035465,904.4107068028986,False
843896,86,9,10.0,11.252785588268896,-45986.69415318356,71,71,3.13256444702339,6.0,-61138.620447504014,0.0,61138.620447504014,11317.370900708924,847.873609552665,0.0,True
843896,87,0,27.132855987140758,27.3123400628698,509421.98356575385,96,96,4.7813554257650095,6.0,-13686.570954154446,1.617164855703077e-28,13686.570954154446,1144.7384843903656,1144.7384843903656,5.960171890749392e-30,False
843896,87,1,10.0,10.0,-31711.19544701632,70,70,3.207128046778589,5.862495132632444,-75697.3289480581,0.0,75697.3289480581,14276.655287225622,790.0809188810268,0.0,True
843896,87,2,18.56608641203773,13.892441348451465,-21582.279934578663,54,54,2.3782221848931377,4.400505987697088,-63947.671025664895,1279.696607874339,65227.36763353923,12473.894407247953,607.0718855864417,68.92656747760365,True
843896,87,3,24.666232715582503,23.58793005429664,745808.5824218832,105,105,4.749275931125747,6.0,-26899.14293581387,1.456612608308209e-12,26899.14293581387,3672.0562779706343,1235.5194292033955,5.90529013937348e-14,False
843896,87,4,11.0,10.5,-51699.58803100586,75,75,3.2696671903197827,5.9,-78844.78193915129,0.0,78844.78193915129,14812.49721282024,869.560772920843,0.0,True
843896,87,5,10.0,13.925625447624187,-17437.625980911886,74,74,2.866278651765272,5.580179845317385,-66016.73291011862,0.0,66016.73291011862,12303.42331445966,883.553254037477,0.0,True
843896,87,6,10.0,10.5,-21134.716294715137,75,75,3.366544052695526,6.0,-67657.40687359788,9.414691248821322e-14,67657.40687359788,12560.338268822126,867.5444538927729,9.414691248821322e-15,True
843896,87,7,15.858157889895693,18.6320895147834,-61025.74807177164,56,56,2.708748607377742,4.723721144819263,-73524.19925056428,0.0,73524.19925056428,14049.562774014694,653.333961314198,0.0,True
843896,87,8,22.199609444024254,20.948130466369484,679047.4861317361,98,98,4.735489212376768,6.0,56260.460352305134,71374.90677385374,15114.446421548608,1451.694603983007,1136.66181627392,3215.1424534662983,False
843896,87,9,10.0,11.252785588268896,-45986.69415318356,71,71,3.13256444702339,6.0,-61138.620447504014,0.0,61138.620447504014,11317.370900708924,847.873609552665,0.0,True
843896,88,0,24.41957038842668,25.94672305972631,486497.31431613,97,97,4.831355425765009,6.0,-19607.837112827994,3.4816594052244944e-13,19607.837112827994,2301.338400328683,1156.5999159383175,1.4257660351283572e-14,False
843896,88,1,10.0,10.0,-31711.19544701632,70,70,3.207128046778589,5.862495132632444,-75697.3289480581,0.0,75697.3289480581,14276.655287225622,790.0809188810268,0.0,True
843896,88,2,18.56608641203773,13.892441348451465,-21582.279934578663,54,54,2.3782221848931377,4.400505987697088,-63947.671025664895,1279.696607874339,65227.36763353923,12473.894407247953,607.0718855864417,68.92656747760365,True
843896,88,3,22.199609444024254,22.408533551581804,733655.3153868068,106,106,4.799275931125747,6.0,-8977.962478605314,19662.359641443345,28640.32212004866,4015.9647817701803,1229.6159614474602,885.707457647914,False
843896,88,4,11.0,10.5,-51699.58803100586,75,75,3.2696671903197827,5.9,-78844.78193915129,0.0,78844.78193915129,14812.49721282024,869.560772920843,0.0,True
843896,88,5,10.0,13.925625447624187,-17437.625980911886,74,74,2.866278651765272,5.580179845317385,-66016.73291011862,0.0,66016.73291011862,12303.42331445966,883.553254037477,0.0,True
843896,88,6,10.0,10.5,-21134.716294715137,75,75,3.366544052695526,6.0,-67657.40687359788,9.414691248821322e-14,67657.40687359788,12560.338268822126,867.5444538927729,9.414691248821322e-15,True
843896,88,7,15.858157889895693,18.6320895147834,-61025.74807177164,56,56,2.708748607377742,4.723721144819263,-73524.19925056428,0.0,73524.19925056428,14049.562774014694,653.333961314198,0.0,True
843896,88,8,19.97964849962183,23.042943513006435,720145.0083226146,99,99,4.785489212376768,6.0,44178.77359866754,52285.52971267868,8106.756114011141,0.0,1165.2448138284822,2616.939417811496,False
843896,88,9,10.0,11.252785588268896,-45986.69415318356,71,71,3.13256444702339,6.0,-61138.620447504014,0.0,61138.620447504014,11317.370900708924,847.873609552665,0.0,True
843896,89,0,21.977613349584015,24.64938690673999,457875.21186322486,98,98,4.881355425765009,6.0,-25406.462536042338,1.0444978215673444e-12,25406.462536042338,3454.3861834705485,1153.047783141866,4.752553450427839e-14,False
843896,89,1,10.0,10.0,-31711.19544701632,70,70,3.207128046778589,5.862495132632444,-75697.3289480581,0.0,75697.3289480581,14276.655287225622,790.0809188810268,0.0,True
843896,89,2,18.56608641203773,13.892441348451465,-21582.279934578663,54,54,2.3782221848931377,4.400505987697088,-63947.671025664895,1279.696607874339,65227.36763353923,12473.894407247953,607.0718855864417,68.92656747760365,True
843896,89,3,19.97964849962183,24.649386906739988,786287.9688490293,107,107,4.849275931125747,6.0,56070.13786124618,72826.8891525516,16756.751291305416,1611.6786052188309,1240.7673965347856,3645.0535730861347,False
843896,89,4,11.0,10.5,-51699.58803100586,75,75,3.2696671903197827,5.9,-78844.78193915129,0.0,78844.78193915129,14812.49721282024,869.560772920843,0.0,True
843896,89,5,10.0,13.925625447624187,-17437.625980911886,74,74,2.866278651765272,5.580179845317385,-66016.73291011862,0.0,66016.73291011862,12303.42331445966,883.553254037477,0.0,True
843896,89,6,10.0,10.5,-21134.716294715137,75,75,3.366544052695526,6.0,-67657.40687359788,9.414691248821322e-14,67657.40687359788,12560.338268822126,867.5444538927729,9.414691248821322e-15,True
843896,89,7,15.858157889895693,18.6320895147834,-61025.74807177164,56,56,2.708748607377742,4.723721144819263,-73524.19925056428,0.0,73524.19925056428,14049.562774014694,653.333961314198,0.0,True
843896,89,8,21.977613349584015,25.34723786430708,702500.4241462185,100,100,4.835489212376768,6.0,-14309.860389968493,0.0,14309.860389968493,1192.1653711798697,1192.1653711798697,0.0,False
843896,89,9,10.0,11.252785588268896,-45986.69415318356,71,71,3.13256444702339,6.0,-61138.620447504014,0.0,61138.620447504014,11317.370900708924,847.873609552665,0.0,True
843896,90,0,19.779852014625614,23.41691756140299,449672.1041357538,99,99,4.931355425765009,6.0,-5084.832888894525,20978.81206021816,26063.644949112684,3558.331874489489,1164.5609092069235,1060.615218187983,False
843896,90,1,10.0,10.0,-31711.19544701632,70,70,3.207128046778589,5.862495132632444,-75697.3289480581,0.0,75697.3289480581,14276.655287225622,790.0809188810268,0.0,True
843896,90,2,18.56608641203773,13.892441348451465,-21582.279934578663,54,54,2.3782221848931377,4.400505987697088,-63947.671025664895,1279.696607874339,65227.36763353923,12473.894407247953,607.0718855864417,68.92656747760365,True
843896,90,3,17.981683649659647,23.416917561402986,825613.800123776,108,108,4.8992759311257466,6.0,42654.858371381844,51492.122498299024,8837.264126917178,0.0,1251.9087818984863,2863.5873871173158,False
843896,90,4,11.0,10.5,-51699.58803100586,75,75,3.2696671903197827,5.9,-78844.78193915129,0.0,78844.78193915129,14812.49721282024,869.560772920843,0.0,True
843896,90,5,10.0,13.925625447624187,-17437.625980911886,74,74,2.866278651765272,5.580179845317385,-66016.73291011862,0.0,66016.73291011862,12303.42331445966,883.553254037477,0.0,True
843896,90,6,10.0,10.5,-21134.716294715137,75,75,3.366544052695526,6.0,-67657.40687359788,9.414691248821322e-14,67657.40687359788,12560.338268822126,867.5444538927729,9.414691248821322e-15,True
843896,90,7,15.858157889895693,18.6320895147834,-61025.74807177164,56,56,2.708748607377742,4.723721144819263,-73524.19925056428,0.0,73524.19925056428,14049.562774014694,653.333961314198,0.0,True
843896,90,8,19.779852014625614,24.079875971091724,678797.2086852837,101,101,4.8854892123767675,6.0,-20471.147987856326,2.664535259100373e-13,20471.147987856326,2396.181535449755,1204.0161642698854,1.3470956492142424e-14,False
843896,90,9,10.0,11.252785588268896,-45986.69415318356,71,71,3.13256444702339,6.0,-61138.620447504014,0.0,61138.620447504014,11317.370900708924,847.873609552665,0.0,True
843896,91,0,17.801866813163052,25.75860931754329,507078.89931646,100,100,4.981355425765009,6.0,60782.656112459634,72652.27126022721,11869.615147767578,669.3369930543677,1192.1653711798697,4081.1602526150054,False
843896,91,1,10.0,10.0,-31711.19544701632,70,70,3.207128046778589,5.862495132632444,-75697.3289480581,0.0,75697.3289480581,14276.655287225622,790.0809188810268,0.0,True
843896,91,2,18.56608641203773,13.892441348451465,-21582.279934578663,54,54,2.3782221848931377,4.400505987697088,-63947.671025664895,1279.696607874339,65227.36763353923,12473.894407247953,607.0718855864417,68.92656747760365,True
843896,91,3,19.779852014625614,25.758609317543286,806493.1780244797,109,109,4.949275931125746,6.0,-15512.933683678733,0.0,15512.933683678733,1281.4946923931395,1281.4946923931395,0.0,False
843896,91,4,11.0,10.5,-51699.58803100586,75,75,3.2696671903197827,5.9,-78844.78193915129,0.0,78844.78193915129,14812.49721282024,869.560772920843,0.0,True
843896,91,5,10.0,13.925625447624187,-17437.625980911886,74,74,2.866278651765272,5.580179845317385,-66016.73291011862,0.0,66016.73291011862,12303.42331445966,883.553254037477,0.0,True
843896,91,6,10.0,10.5,-21134.716294715137,75,75,3.366544052695526,6.0,-67657.40687359788,9.414691248821322e-14,67657.40687359788,12560.338268822126,867.5444538927729,9.414691248821322e-15,True
843896,91,7,15.858157889895693,18.6320895147834,-61025.74807177164,56,56,2.708748607377742,4.723721144819263,-73524.19925056428,0.0,73524.19925056428,14049.562774014694,653.333961314198,0.0,True
843896,91,8,17.801866813163052,22.875882172537136,649383.3535870065,102,102,4.935489212376767,6.0,-26280.51511668309,4.583000645652659e-13,26280.51511668309,3577.4994679240617,1181.3179324743069,2.5744494629427845e-14,False
843896,91,9,10.0,11.252785588268896,-45986.69415318356,71,71,3.13256444702339,6.0,-61138.620447504014,0.0,61138.620447504014,11317.370900708924,847.873609552665,0.0,True
843896,92,0,16.021680131846747,24.470678851666122,525155.76022373,101,101,5.031355425765009,6.0,21348.399471286495,30014.265060634327,8665.865589347832,0.0,1204.0161642698854,1873.353157324251,False
843896,92,1,10.0,10.0,-31711.19544701632,70,70,3.207128046778589,5.862495132632444,-75697.3289480581,0.0,75697.3289480581,14276.655287225622,790.0809188810268,0.0,True
843896,92,2,18.56608641203773,13.892441348451465,-21582.279934578663,54,54,2.3782221848931377,4.400505987697088,-63947.671025664895,1279.696607874339,65227.36763353923,12473.894407247953,607.0718855864417,68.92656747760365,True
843896,92,3,17.801866813163052,24.470678851666122,780879.155234874,110,110,4.999275931125746,6.0,-22122.248115917922,3.552713678800501e-15,22122.248115917922,2574.47059718981,1292.9759047966704,1.9956972580951758e-16,False
843896,92,4,11.0,10.5,-51699.58803100586,75,75,3.2696671903197827,5.9,-78844.78193915129,0.0,78844.78193915129,14812.49721282024,869.560772920843,0.0,True
843896,92,5,10.0,13.925625447624187,-17437.625980911886,74,74,2.866278651765272,5.580179845317385,-66016.73291011862,0.0,66016.73291011862,12303.42331445966,883.553254037477,0.0,True
843896,92,6,10.0,10.5,-21134.716294715137,75,75,3.366544052695526,6.0,-67657.40687359788,9.414691248821322e-14,67657.40687359788,12560.338268822126,867.5444538927729,9.414691248821322e-15,True
843896,92,7,15.858157889895693,18.6320895147834,-61025.74807177164,56,56,2.708748607377742,4.723721144819263,-73524.19925056428,0.0,73524.19925056428,14049.562774014694,653.333961314198,0.0,True
843896,92,8,16.021680131846747,21.73208806391028,669272.2730456799,103,103,4.985489212376767,6.0,22927.324529261332,42152.236749601405,19224.912220340073,2139.0052582673898,1192.4556284825949,2630.949838139273,False
843896,92,9,10.0,11.252785588268896,-45986.69415318356,71,71,3.13256444702339,6.0,-61138.620447504014,0.0,61138.620447504014,11317.370900708924,847.873609552665,0.0,True
843896,93,0,17.623848145031424,26.917746736832736,506720.8416366204,102,102,5.081355425765008,6.0,-14889.30841995178,0.0,14889.30841995178,1215.8659274790464,1215.8659274790464,0.0,False
843896,93,1,10.0,10.0,-31711.19544701632,70,70,3.207128046778589,5.862495132632444,-75697.3289480581,0.0,75697.3289480581,14276.655287225622,790.0809188810268,0.0,True
843896,93,2,18.56608641203773,13.892441348451465,-21582.279934578663,54,54,2.3782221848931377,4.400505987697088,-63947.671025664895,1279.696607874339,65227.36763353923,12473.894407247953,607.0718855864417,68.92656747760365,True
843896,93,3,16.021680131846747,23.247144909082813,781654.7783167477,111,111,5.049275931125746,6.0,4156.056166784943,24933.662855234525,20777.60668844958,2303.487662508765,1285.2622686964216,1556.2452033774646,False
843896,93,4,11.0,10.5,-51699.58803100586,75,75,3.2696671903197827,5.9,-78844.78193915129,0.0,78844.78193915129,14812.49721282024,869.560772920843,0.0,True
843896,93,5,10.0,13.925625447624187,-17437.625980911886,74,74,2.866278651765272,5.580179845317385,-66016.73291011862,0.0,66016.73291011862,12303.42331445966,883.553254037477,0.0,True
843896,93,6,10.0,10.5,-21134.716294715137,75,75,3.366544052695526,6.0,-67657.40687359788,9.414691248821322e-14,67657.40687359788,12560.338268822126,867.5444538927729,9.414691248821322e-15,True
843896,93,7,15.858157889895693,18.6320895147834,-61025.74807177164,56,56,2.708748607377742,4.723721144819263,-73524.19925056428,0.0,73524.19925056428,14049.562774014694,653.333961314198,0.0,True
843896,93,8,14.419512118662073,23.90529687030131,705658.5448633727,104,104,5.035489212376767,6.0,39672.422692201384,48475.254294528284,8802.8316023269,0.0,1222.7766033942428,3361.7818616616346,False
843896,93,9,10.0,11.252785588268896,-45986.69415318356,71,71,3.13256444702339,6.0,-61138.620447504014,0.0,61138.620447504014,11317.370900708924,847.873609552665,0.0,True
843896,94,0,15.861463330528283,25.571859399991098,489227.90900242253,103,103,5.131355425765008,6.0,-14059.0311160017,5251.097653612326,19310.128769614028,2095.395997252426,1210.5901708616336,331.06010108825393,False
843896,94,1,10.0,10.0,-31711.19544701632,70,70,3.207128046778589,5.862495132632444,-75697.3289480581,0.0,75697.3289480581,14276.655287225622,790.0809188810268,0.0,True
843896,94,2,18.56608641203773,13.892441348451465,-21582.279934578663,54,54,2.3782221848931377,4.400505987697088,-63947.671025664895,1279.696607874339,65227.36763353923,12473.894407247953,607.0718855864417,68.92656747760365,True
843896,94,3,14.419512118662073,25.571859399991098,820495.5395462962,112,112,5.099275931125746,6.0,42504.80948235078,51908.00727068904,9403.197788338264,0.0,1296.3572451083608,3599.844907617122,False
843896,94,4,11.0,10.5,-51699.58803100586,75,75,3.2696671903197827,5.9,-78844.78193915129,0.0,78844.78193915129,14812.49721282024,869.560772920843,0.0,True
843896,94,5,10.0,13.925625447624187,-17437.625980911886,74,74,2.866278651765272,5.580179845317385,-66016.73291011862,0.0,66016.73291011862,12303.42331445966,883.553254037477,0.0,True
843896,94,6,10.0,10.5,-21134.716294715137,75,75,3.366544052695526,6.0,-67657.40687359788,9.414691248821322e-14,67657.40687359788,12560.338268822126,867.5444538927729,9.414691248821322e-15,True
843896,94,7,15.858157889895693,18.6320895147834,-61025.74807177164,56,56,2.708748607377742,4.723721144819263,-73524.19925056428,0.0,73524.19925056428,14049.562774014694,653.333961314198,0.0,True
843896,94,8,14.419512118662073,26.29582655733144,711075.2705109398,105,105,5.085489212376767,6.0,8977.78743608617,18044.560106804885,9066.772670718716,0.0,1251.3987961805722,1251.398796180572,False
843896,94,9,10.0,11.252785588268896,-45986.69415318356,71,71,3.13256444702339,6.0,-61138.620447504014,0.0,61138.620447504014,11317.370900708924,847.873609552665,0.0,True
843896,95,0,14.275316997475455,24.29326642999154,524144.40592179465,104,104,5.181355425765008,6.0,38242.996628089364,47078.64307956755,8835.646451478184,0.0,1202.5092673307217,3297.9052645831443,False
843896,95,1,10.0,10.0,-31711.19544701632,70,70,3.207128046778589,5.862495132632444,-75697.3289480581,0.0,75697.3289480581,14276.655287225622,790.0809188810268,0.0,True
843896,95,2,18.56608641203773,13.892441348451465,-21582.279934578663,54,54,2.3782221848931377,4.400505987697088,-63947.671025664895,1279.696607874339,65227.36763353923,12473.894407247953,607.0718855864417,68.92656747760365,True
843896,95,3,13.69853651272897,28.12904533999021,825008.0303817032,113,113,5.149275931125746,6.0,8491.072958826893,18178.384991384384,9687.312032557491,0.0,1327.0311740595514,1327.0311740595535,False
843896,95,4,11.0,10.5,-51699.58803100586,75,75,3.2696671903197827,5.9,-78844.78193915129,0.0,78844.78193915129,14812.49721282024,869.560772920843,0.0,True
843896,95,5,10.0,13.925625447624187,-17437.625980911886,74,74,2.866278651765272,5.580179845317385,-66016.73291011862,0.0,66016.73291011862,12303.42331445966,883.553254037477,0.0,True
843896,95,6,10.0,10.5,-21134.716294715137,75,75,3.366544052695526,6.0,-67657.40687359788,9.414691248821322e-14,67657.40687359788,12560.338268822126,867.5444538927729,9.414691248821322e-15,True
843896,95,7,15.858157889895693,18.6320895147834,-61025.74807177164,56,56,2.708748607377742,4.723721144819263,-73524.19925056428,0.0,73524.19925056428,14049.562774014694,653.333961314198,0.0,True
843896,95,8,15.861463330528283,28.925409213064587,706489.7272357998,106,106,5.135489212376767,6.0,-719.4498985559167,11260.8419620705,11980.291860626417,553.2906786453483,1263.2404309104475,709.9497522650986,False
843896,95,9,10.0,11.252785588268896,-45986.69415318356,71,71,3.13256444702339,6.0,-61138.620447504014,0.0,61138.620447504014,11317.370900708924,847.873609552665,0.0,True
843896,96,0,13.561551147601682,23.07860310849196,528403.6249302548,105,105,5.231355425765008,6.0,7482.472334849681,16458.61298564551,8976.14065079583,0.0,1213.6231915149433,1213.6231915149444,False
843896,96,1,10.0,10.0,-31711.19544701632,70,70,3.207128046778589,5.862495132632444,-75697.3289480581,0.0,75697.3289480581,14276.655287225622,790.0809188810268,0.0,True
843896,96,2,18.56608641203773,13.892441348451465,-21582.279934578663,54,54,2.3782221848931377,4.400505987697088,-63947.671025664895,1279.696607874339,65227.36763353923,12473.894407247953,607.0718855864417,68.92656747760365,True
843896,96,3,15.068390164001867,30.941949873989234,831166.4777361342,114,114,5.1992759311257455,6.0,10485.829640072312,20462.055255209336,9976.225615137024,0.0,1357.945675185188,1357.9456751851862,False
843896,96,4,11.0,10.5,-51699.58803100586,75,75,3.2696671903197827,5.9,-78844.78193915129,0.0,78844.78193915129,14812.49721282024,869.560772920843,0.0,True
843896,96,5,10.0,13.925625447624187,-17437.625980911886,74,74,2.866278651765272,5.580179845317385,-66016.73291011862,0.0,66016.73291011862,12303.42331445966,883.553254037477,0.0,True
843896,96,6,10.0,10.5,-21134.716294715137,75,75,3.366544052695526,6.0,-67657.40687359788,9.414691248821322e-14,67657.40687359788,12560.338268822126,867.5444538927729,9.414691248821322e-15,True
843896,96,7,15.858157889895693,18.6320895147834,-61025.74807177164,56,56,2.708748607377742,4.723721144819263,-73524.19925056428,0.0,73524.19925056428,14049.562774014694,653.333961314198,0.0,True
843896,96,8,14.275316997475455,27.479138752411355,719350.1227873893,107,107,5.185489212376766,6.0,16600.66339810124,25823.04317621182,9222.379778110582,0.0,1255.638901046547,1808.9295796918937,False
843896,96,9,10.0,11.252785588268896,-45986.69415318356,71,71,3.13256444702339,6.0,-61138.620447504014,0.0,61138.620447504014,11317.370900708924,847.873609552665,0.0,True
843896,97,0,14.91770626236185,25.38646341934116,534065.1469617522,106,106,5.281355425765008,6.0,9152.487153943357,18270.199886103706,9117.71273216035,0.0,1224.7325134830126,1224.7325134830126,False
843896,97,1,10.0,10.0,-31711.19544701632,70,70,3.207128046778589,5.862495132632444,-75697.3289480581,0.0,75697.3289480581,14276.655287225622,790.0809188810268,0.0,True
843896,97,2,18.56608641203773,13.892441348451465,-21582.279934578663,54,54,2.3782221848931377,4.400505987697088,-63947.671025664895,1279.696607874339,65227.36763353923,12473.894407247953,607.0718855864417,68.92656747760365,True
843896,97,3,16.575229180402054,29.39485238028977,839375.8336712224,115,115,5.249275931125745,6.0,12389.763958819087,22376.074312916542,9986.310354097455,0.0,1349.9707346051775,1349.970734605178,False
843896,97,4,11.0,10.5,-51699.58803100586,75,75,3.2696671903197827,5.9,-78844.78193915129,0.0,78844.78193915129,14812.49721282024,869.560772920843,0.0,True
843896,97,5,10.0,13.925625447624187,-17437.625980911886,74,74,2.866278651765272,5.580179845317385,-66016.73291011862,0.0,66016.73291011862,12303.42331445966,883.553254037477,0.0,True
843896,97,6,10.0,10.5,-21134.716294715137,75,75,3.366544052695526,6.0,-67657.40687359788,9.414691248821322e-14,67657.40687359788,12560.338268822126,867.5444538927729,9.414691248821322e-15,True
843896,97,7,15.858157889895693,18.6320895147834,-61025.74807177164,56,56,2.708748607377742,4.723721144819263,-73524.19925056428,0.0,73524.19925056428,14049.562774014694,653.333961314198,0.0,True
843896,97,8,14.275316997475455,30.227052627652494,724145.310386541,108,108,5.235489212376766,6.0,8859.709282932108,18371.21956201573,9511.51027908362,0.0,1286.922004272453,1286.922004272453,False
843896,97,9,10.0,11.252785588268896,-45986.69415318356,71,71,3.13256444702339,6.0,-61138.620447504014,0.0,61138.620447504014,11317.370900708924,847.873609552665,0.0,True
843896,98,0,16.409476888598036,24.1171402483741,541703.6969143287,107,107,5.3313554257650075,6.0,11019.083959157277,20279.448748593873,9260.364789436597,0.0,1235.8376130006236,1235.8376130006222,False
843896,98,1,10.0,10.0,-31711.19544701632,70,70,3.207128046778589,5.862495132632444,-75697.3289480581,0.0,75697.3289480581,14276.655287225622,790.0809188810268,0.0,True
843896,98,2,18.56608641203773,13.892441348451465,-21582.279934578663,54,54,2.3782221848931377,4.400505987697088,-63947.671025664895,1279.696607874339,65227.36763353923,12473.894407247953,607.0718855864417,68.92656747760365,True
843896,98,3,18.232752098442262,27.92510976127528,850021.751498468,116,116,5.299275931125745,6.0,14685.230559556534,24822.729255298054,10137.49869574152,0.0,1361.4362286765736,1361.4362286765702,False
843896,98,4,11.0,10.5,-51699.58803100586,75,75,3.2696671903197827,5.9,-78844.78193915129,0.0,78844.78193915129,14812.49721282024,869.560772920843,0.0,True
843896,98,5,10.0,13.925625447624187,-17437.625980911886,74,74,2.866278651765272,5.580179845317385,-66016.73291011862,0.0,66016.73291011862,12303.42331445966,883.553254037477,0.0,True
843896,98,6,10.0,10.5,-21134.716294715137,75,75,3.366544052695526,6.0,-67657.40687359788,9.414691248821322e-14,67657.40687359788,12560.338268822126,867.5444538927729,9.414691248821322e-15,True
843896,98,7,15.858157889895693,18.6320895147834,-61025.74807177164,56,56,2.708748607377742,4.723721144819263,-73524.19925056428,0.0,73524.19925056428,14049.562774014694,653.333961314198,0.0,True
843896,98,8,15.702848697223002,33.24975789041775,730453.2319607739,109,109,5.285489212376766,6.0,10732.145184294577,20394.260465422984,9662.115281128406,0.0,1298.761827147302,1298.7618271473025,False
843896,98,9,10.0,11.252785588268896,-45986.69415318356,71,71,3.13256444702339,6.0,-61138.620447504014,0.0,61138.620447504014,11317.370900708924,847.873609552665,0.0,True
843896,99,0,18.05042457745784,22.91128323595539,551532.9901763594,108,108,5.381355425765007,6.0,13103.711851518397,22507.83493496832,9404.123083449922,0.0,1246.9421335981801,1246.9421335981808,False
843896,99,1,10.0,10.0,-31711.19544701632,70,70,3.207128046778589,5.862495132632444,-75697.3289480581,0.0,75697.3289480581,14276.655287225622,790.0809188810268,0.0,True
843896,99,2,18.56608641203773,13.892441348451465,-21582.279934578663,54,54,2.3782221848931377,4.400505987697088,-63947.671025664895,1279.696607874339,65227.36763353923,12473.894407247953,607.0718855864417,68.92656747760365,True
843896,99,3,20.056027308286488,26.528854273211515,863362.8994891519,117,117,5.349275931125745,6.0,17245.023940655294,27534.801473834457,10289.777533179165,0.0,1372.8940956546228,1372.8940956546257,False
843896,99,4,11.0,10.5,-51699.58803100586,75,75,3.2696671903197827,5.9,-78844.78193915129,0.0,78844.78193915129,14812.49721282024,869.560772920843,0.0,True
843896,99,5,10.0,13.925625447624187,-17437.625980911886,74,74,2.866278651765272,5.580179845317385,-66016.73291011862,0.0,66016.73291011862,12303.42331445966,883.553254037477,0.0,True
843896,99,6,10.0,10.5,-21134.716294715137,75,75,3.366544052695526,6.0,-67657.40687359788,9.414691248821322e-14,67657.40687359788,12560.338268822126,867.5444538927729,9.414691248821322e-15,True
843896,99,7,15.858157889895693,18.6320895147834,-61025.74807177164,56,56,2.708748607377742,4.723721144819263,-73524.19925056428,0.0,73524.19925056428,14049.562774014694,653.333961314198,0.0,True
843896,99,8,17.273133566945305,31.587269995896857,739002.9201779127,110,110,5.335489212376766,6.0,12824.287916692509,22638.18836462566,9813.900447933152,0.0,1310.6011296032102,1310.6011296032111,False
843896,99,9,10.0,11.252785588268896,-45986.69415318356,71,71,3.13256444702339,6.0,-61138.620447504014,0.0,61138.620447504014,11317.370900708924,847.873609552665,0.0,True
843896,100,0,19.855467035203624,21.76571907415762,563790.6128969726,109,109,5.431355425765007,6.0,15430.086099698035,24979.06241233223,9548.976312634195,0.0,1258.0445661663105,1258.044566166311,False
843896,100,1,10.0,10.0,-31711.19544701632,70,70,3.207128046778589,5.862495132632444,-75697.3289480581,0.0,75697.3289480581,14276.655287225622,790.0809188810268,0.0,True
843896,100,2,18.56608641203773,13.892441348451465,-21582.279934578663,54,54,2.3782221848931377,4.400505987697088,-63947.671025664895,1279.696607874339,65227.36763353923,12473.894407247953,607.0718855864417,68.92656747760365,True
843896,100,3,22.06163003911514,25.20241155955094,879686.8526910562,118,118,5.399275931125745,6.0,20097.8377659285,30541.029365938557,10443.191600010057,0.0,1384.3505358302853,1384.350535830285,False
843896,100,4,11.0,10.5,-51699.58803100586,75,75,3.2696671903197827,5.9,-78844.78193915129,0.0,78844.78193915129,14812.49721282024,869.560772920843,0.0,True
843896,100,5,10.0,13.925625447624187,-17437.625980911886,74,74,2.866278651765272,5.580179845317385,-66016.73291011862,0.0,66016.73291011862,12303.42331445966,883.553254037477,0.0,True
843896,100,6,10.0,10.5,-21134.716294715137,75,75,3.366544052695526,6.0,-67657.40687359788,9.414691248821322e-14,67657.40687359788,12560.338268822126,867.5444538927729,9.414691248821322e-15,True
843896,100,7,15.858157889895693,18.6320895147834,-61025.74807177164,56,56,2.708748607377742,4.723721144819263,-73524.19925056428,0.0,73524.19925056428,14049.562774014694,653.333961314198,0.0,True
843896,100,8,19.000446923639835,30.007906496102013,750032.119921974,111,111,5.385489212376766,6.0,15160.077365123916,25126.939070646156,9966.86170552224,0.0,1322.4393705910122,1322.43937059101,False
843896,100,9,10.0,11.252785588268896,-45986.69415318356,71,71,3.13256444702339,6.0,-61138.620447504014,0.0,61138.620447504014,11317.370900708924,847.873609552665,0.0,True
843896,101,0,21.841013738723987,20.677433120449738,578740.4665393129,110,110,5.481355425765007,6.0,18024.37128558822,27719.235023087313,9694.863737499096,0.0,1269.1368337881363,1269.1368337881347,False
843896,101,1,10.0,10.0,-31711.19544701632,70,70,3.207128046778589,5.862495132632444,-75697.3289480581,0.0,75697.3289480581,14276.655287225622,790.0809188810268,0.0,True
843896,101,2,18.56608641203773,13.892441348451465,-21582.279934578663,54,54,2.3782221848931377,4.400505987697088,-63947.671025664895,1279.696607874339,65227.36763353923,12473.894407247953,607.0718855864417,68.92656747760365,True
843896,101,3,24.267793043026657,23.94229098157339,899313.039329144,119,119,5.449275931125745,6.0,23275.319264890226,33873.033261429024,10597.713996538796,0.0,1395.8019668855895,1395.801966885589,False
843896,101,4,11.0,10.5,-51699.58803100586,75,75,3.2696671903197827,5.9,-78844.78193915129,0.0,78844.78193915129,14812.49721282024,869.560772920843,0.0,True
843896,101,5,10.0,13.925625447624187,-17437.625980911886,74,74,2.866278651765272,5.580179845317385,-66016.73291011862,0.0,66016.73291011862,12303.42331445966,883.553254037477,0.0,True
843896,101,6,10.0,10.5,-21134.716294715137,75,75,3.366544052695526,6.0,-67657.40687359788,9.414691248821322e-14,67657.40687359788,12560.338268822126,867.5444538927729,9.414691248821322e-15,True
843896,101,7,15.858157889895693,18.6320895147834,-61025.74807177164,56,56,2.708748607377742,4.723721144819263,-73524.19925056428,0.0,73524.19925056428,14049.562774014694,653.333961314198,0.0,True
843896,101,8,20.90049161600382,28.507511171296912,763805.3139972084,112,112,5.4354892123767655,6.0,17766.0353264176,27887.03332213829,10120.997995720687,0.0,1334.2764292101535,1334.2764292101517,False
843896,101,9,10.0,11.252785588268896,-45986.69415318356,71,71,3.13256444702339,6.0,-61138.620447504014,0.0,61138.620447504014,11317.370900708924,847.873609552665,0.0,True
843896,102,0,24.02511511259639,19.64356146442725,596675.7735248803,111,111,5.531355425765007,6.0,20915.742308114157,30757.58039844601,9841.838090331854,0.0,1280.2261406156479,1280.2261406156504,False
843896,102,1,10.0,10.0,-31711.19544701632,70,70,3.207128046778589,5.862495132632444,-75697.3289480581,0.0,75697.3289480581,14276.655287225622,790.0809188810268,0.0,True
843896,102,2,18.56608641203773,13.892441348451465,-21582.279934578663,54,54,2.3782221848931377,4.400505987697088,-63947.671025664895,1279.696607874339,65227.36763353923,12473.894407247953,607.0718855864417,68.92656747760365,True
843896,102,3,26.694572347329323,22.74517643249472,911977.0343488752,120,120,5.499275931125744,6.0,16193.41619163566,28621.971314932933,12428.555123297272,335.0447825488008,1407.2466872103835,1072.2019046615833,False
843896,102,4,11.0,10.5,-51699.58803100586,75,75,3.2696671903197827,5.9,-78844.78193915129,0.0,78844.78193915129,14812.49721282024,869.560772920843,0.0,True
843896,102,5,10.0,13.925625447624187,-17437.625980911886,74,74,2.866278651765272,5.580179845317385,-66016.73291011862,0.0,66016.73291011862,12303.42331445966,883.553254037477,0.0,True
843896,102,6,10.0,10.5,-21134.716294715137,75,75,3.366544052695526,6.0,-67657.40687359788,9.414691248821322e-14,67657.40687359788,12560.338268822126,867.5444538927729,9.414691248821322e-15,True
843896,102,7,15.858157889895693,18.6320895147834,-61025.74807177164,56,56,2.708748607377742,4.723721144819263,-73524.19925056428,0.0,73524.19925056428,14049.562774014694,653.333961314198,0.0,True
843896,102,8,22.990540777604203,27.082135612732063,780616.5688198715,113,113,5.485489212376765,6.0,20671.536146901293,30947.843085714714,10276.30693881342,0.0,1346.1120112434212,1346.1120112434226,False
843896,102,9,10.0,11.252785588268896,-45986.69415318356,71,71,3.13256444702339,6.0,-61138.620447504014,0.0,61138.620447504014,11317.370900708924,847.873609552665,0.0,True
843896,103,0,26.42762662385603,18.661383391205888,582033.3610640174,112,112,5.581355425765007,6.0,-11752.337521043864,3947.44962664682,15699.787147690684,1141.9574839068484,1291.3257825751612,149.36829866831422,False
843896,103,1,10.0,10.0,-31711.19544701632,70,70,3.207128046778589,5.862495132632444,-75697.3289480581,0.0,75697.3289480581,14276.655287225622,790.0809188810268,0.0,True
843896,103,2,18.56608641203773,13.892441348451465,-21582.279934578663,54,54,2.3782221848931377,4.400505987697088,-63947.671025664895,1279.696607874339,65227.36763353923,12473.894407247953,607.0718855864417,68.92656747760365,True
843896,103,3,24.025115112596392,21.607917610869983,939785.7722804379,121,121,5.549275931125744,6.0,31223.295962482225,42133.23995012629,10909.943987644065,0.0,1418.6716826029437,1753.7164651517442,False
843896,103,4,11.0,10.5,-51699.58803100586,75,75,3.2696671903197827,5.9,-78844.78193915129,0.0,78844.78193915129,14812.49721282024,869.560772920843,0.0,True
843896,103,5,10.0,13.925625447624187,-17437.625980911886,74,74,2.866278651765272,5.580179845317385,-66016.73291011862,0.0,66016.73291011862,12303.42331445966,883.553254037477,0.0,True
843896,103,6,10.0,10.5,-21134.716294715137,75,75,3.366544052695526,6.0,-67657.40687359788,9.414691248821322e-14,67657.40687359788,12560.338268822126,867.5444538927729,9.414691248821322e-15,True
843896,103,7,15.858157889895693,18.6320895147834,-61025.74807177164,56,56,2.708748607377742,4.723721144819263,-73524.19925056428,0.0,73524.19925056428,14049.562774014694,653.333961314198,0.0,True
843896,103,8,25.289594855364626,25.728028832095458,800792.6845076862,114,114,5.535489212376765,6.0,23909.110974676325,34341.89596102799,10432.784986351668,0.0,1357.945675185188,1357.9456751851887,False
843896,103,9,10.0,11.252785588268896,-45986.69415318356,71,71,3.13256444702339,6.0,-61138.620447504014,0.0,61138.620447504014,11317.370900708924,847.873609552665,0.0,True
843896,104,0,23.784863961470425,17.728314221645594,627230.1124113642,113,113,5.6313554257650065,6.0,48000.050854388,58139.325603775054,10139.274749387054,0.0,1302.4258725822208,2444.3833564890724,False
843896,104,1,10.0,10.0,-31711.19544701632,70,70,3.207128046778589,5.862495132632444,-75697.3289480581,0.0,75697.3289480581,14276.655287225622,790.0809188810268,0.0,True
843896,104,2,18.56608641203773,13.892441348451465,-21582.279934578663,54,54,2.3782221848931377,4.400505987697088,-63947.671025664895,1279.696607874339,65227.36763353923,12473.894407247953,607.0718855864417,68.92656747760365,True
843896,104,3,24.025115112596392,23.768709371956984,936422.5059809531,122,122,5.599275931125744,6.0,336.51624388876917,15358.34393347546,15021.827689586691,790.8310891733829,1430.0931223206496,639.2620331472654,False
843896,104,4,11.0,10.5,-51699.58803100586,75,75,3.2696671903197827,5.9,-78844.78193915129,0.0,78844.78193915129,14812.49721282024,869.560772920843,0.0,True
843896,104,5,10.0,13.925625447624187,-17437.625980911886,74,74,2.866278651765272,5.580179845317385,-66016.73291011862,0.0,66016.73291011862,12303.42331445966,883.553254037477,0.0,True
843896,104,6,10.0,10.5,-21134.716294715137,75,75,3.366544052695526,6.0,-67657.40687359788,9.414691248821322e-14,67657.40687359788,12560.338268822126,867.5444538927729,9.414691248821322e-15,True
843896,104,7,15.858157889895693,18.6320895147834,-61025.74807177164,56,56,2.708748607377742,4.723721144819263,-73524.19925056428,0.0,73524.19925056428,14049.562774014694,653.333961314198,0.0,True
843896,104,8,27.81855434090109,24.441627390490684,779742.573465838,115,115,5.585489212376765,6.0,-17439.323891946504,1.9539925233402753e-13,17439.323891946504,1369.7778132448825,1369.7778132448825,7.024062068054188e-15,False
843896,104,9,10.0,11.252785588268896,-45986.69415318356,71,71,3.13256444702339,6.0,-61138.620447504014,0.0,61138.620447504014,11317.370900708924,847.873609552665,0.0,True
843896,105,0,22.5956207633969,16.841898510563315,632037.0817053195,114,114,5.681355425765006,6.0,7526.945724161529,19966.20826632897,12439.26254216744,429.90458853200437,1313.5363539700488,883.6317654380458,False
843896,105,1,10.0,10.0,-31711.19544701632,70,70,3.207128046778589,5.862495132632444,-75697.3289480581,0.0,75697.3289480581,14276.655287225622,790.0809188810268,0.0,True
843896,105,2,18.56608641203773,13.892441348451465,-21582.279934578663,54,54,2.3782221848931377,4.400505987697088,-63947.671025664895,1279.696607874339,65227.36763353923,12473.894407247953,607.0718855864417,68.92656747760365,True
843896,105,3,21.622603601336753,22.580273903359135,969887.5448948367,123,123,5.649275931125744,6.0,37042.412603992554,48268.86225780311,11226.449653810561,0.0,1441.5024053378343,2232.333494511227,False
843896,105,4,11.0,10.5,-51699.58803100586,75,75,3.2696671903197827,5.9,-78844.78193915129,0.0,78844.78193915129,14812.49721282024,869.560772920843,0.0,True
843896,105,5,10.0,13.925625447624187,-17437.625980911886,74,74,2.866278651765272,5.580179845317385,-66016.73291011862,0.0,66016.73291011862,12303.42331445966,883.553254037477,0.0,True
843896,105,6,10.0,10.5,-21134.716294715137,75,75,3.366544052695526,6.0,-67657.40687359788,9.414691248821322e-14,67657.40687359788,12560.338268822126,867.5444538927729,9.414691248821322e-15,True
843896,105,7,15.858157889895693,18.6320895147834,-61025.74807177164,56,56,2.708748607377742,4.723721144819263,-73524.19925056428,0.0,73524.19925056428,14049.562774014694,653.333961314198,0.0,True
843896,105,8,25.036698906810983,23.21954602096615,751742.9303829935,116,116,5.635489212376765,6.0,-24506.175744412812,2.309263891220324e-13,24506.175744412812,2751.3853145269513,1381.607501282069,9.223515846939837e-15,False
843896,105,9,10.0,11.252785588268896,-45986.69415318356,71,71,3.13256444702339,6.0,-61138.620447504014,0.0,61138.620447504014,11317.370900708924,847.873609552665,0.0,True
843896,106,0,20.33605868705721,15.999803585035147,654636.4681761538,115,115,5.731355425765006,6.0,25239.363883109443,35680.690823423596,10441.326940314153,0.0,1324.6483153761862,1754.5529039081898,False
843896,106,1,10.0,10.0,-31711.19544701632,70,70,3.207128046778589,5.862495132632444,-75697.3289480581,0.0,75697.3289480581,14276.655287225622,790.0809188810268,0.0,True
843896,106,2,18.56608641203773,13.892441348451465,-21582.279934578663,54,54,2.3782221848931377,4.400505987697088,-63947.671025664895,1279.696607874339,65227.36763353923,12473.894407247953,607.0718855864417,68.92656747760365,True
843896,106,3,20.541473421269913,24.83830129369505,984225.5805763265,124,124,5.699275931125744,6.0,18217.985041904605,29889.257766990322,11671.272725085715,21.12689570398848,1476.195729083833,1455.0688333798457,False
843896,106,4,11.0,10.5,-51699.58803100586,75,75,3.2696671903197827,5.9,-78844.78193915129,0.0,78844.78193915129,14812.49721282024,869.560772920843,0.0,True
843896,106,5,10.0,13.925625447624187,-17437.625980911886,74,74,2.866278651765272,5.580179845317385,-66016.73291011862,0.0,66016.73291011862,12303.42331445966,883.553254037477,0.0,True
843896,106,6,10.0,10.5,-21134.716294715137,75,75,3.366544052695526,6.0,-67657.40687359788,9.414691248821322e-14,67657.40687359788,12560.338268822126,867.5444538927729,9.414691248821322e-15,True
843896,106,7,15.858157889895693,18.6320895147834,-61025.74807177164,56,56,2.708748607377742,4.723721144819263,-73524.19925056428,0.0,73524.19925056428,14049.562774014694,653.333961314198,0.0,True
843896,106,8,22.533029016129884,22.05856871991784,717024.2637648546,117,117,5.685489212376765,6.0,-31337.81407791171,5.719869022868821e-13,31337.81407791171,4121.524629951938,1370.1393154249865,2.538437694627895e-14,False
843896,106,9,10.0,11.252785588268896,-45986.69415318356,71,71,3.13256444702339,6.0,-61138.620447504014,0.0,61138.620447504014,11317.370900708924,847.873609552665,0.0,True
843896,107,0,20.33605868705721,17.599783943538664,668364.8734915432,116,116,5.781355425765006,6.0,16569.980252835416,27163.94768595673,10593.967433121314,0.0,1335.7528173954931,1335.7528173954915,False
843896,107,1,10.0,10.0,-31711.19544701632,70,70,3.207128046778589,5.862495132632444,-75697.3289480581,0.0,75697.3289480581,14276.655287225622,790.0809188810268,0.0,True
843896,107,2,18.56608641203773,13.892441348451465,-21582.279934578663,54,54,2.3782221848931377,4.400505987697088,-63947.671025664895,1279.696607874339,65227.36763353923,12473.894407247953,607.0718855864417,68.92656747760365,True
843896,107,3,22.595620763396905,27.322131423064558,960733.7091538295,125,125,5.7492759311257435,6.0,-19276.60499461607,5.986322548778836e-13,19276.60499461607,1509.1306551787447,1488.0037594747562,2.6493286515395047e-14,False
843896,107,4,11.0,10.5,-51699.58803100586,75,75,3.2696671903197827,5.9,-78844.78193915129,0.0,78844.78193915129,14812.49721282024,869.560772920843,0.0,True
843896,107,5,10.0,13.925625447624187,-17437.625980911886,74,74,2.866278651765272,5.580179845317385,-66016.73291011862,0.0,66016.73291011862,12303.42331445966,883.553254037477,0.0,True
843896,107,6,10.0,10.5,-21134.716294715137,75,75,3.366544052695526,6.0,-67657.40687359788,9.414691248821322e-14,67657.40687359788,12560.338268822126,867.5444538927729,9.414691248821322e-15,True
843896,107,7,15.858157889895693,18.6320895147834,-61025.74807177164,56,56,2.708748607377742,4.723721144819263,-73524.19925056428,0.0,73524.19925056428,14049.562774014694,653.333961314198,0.0,True
843896,107,8,20.279726114516897,20.955640283921948,723654.024497347,118,118,5.7354892123767645,6.0,9902.526285989967,38750.796967403825,28848.27068141386,3592.260448069769,1381.5504291526756,1910.8146110348466,False
843896,107,9,10.0,11.252785588268896,-45986.69415318356,71,71,3.13256444702339,6.0,-61138.620447504014,0.0,61138.620447504014,11317.370900708924,847.873609552665,0.0,True
843896,108,0,22.369664555762935,16.719794746361732,648126.6764039283,117,117,5.831355425765006,6.0,-17481.981102289436,0.0,17481.981102289436,1346.8554590567805,1346.8554590567805,0.0,False
843896,108,1,10.0,10.0,-31711.19544701632,70,70,3.207128046778589,5.862495132632444,-75697.3289480581,0.0,75697.3289480581,14276.655287225622,790.0809188810268,0.0,True
843896,108,2,18.56608641203773,13.892441348451465,-21582.279934578663,54,54,2.3782221848931377,4.400505987697088,-63947.671025664895,1279.696607874339,65227.36763353923,12473.894407247953,607.0718855864417,68.92656747760365,True
843896,108,3,20.336058687057214,25.95602485191133,929721.1792215573,126,126,5.799275931125743,6.0,-26942.070800934867,5.719869022868787e-13,26942.070800934867,3008.9356151107827,1499.804959932038,2.8126733458480673e-14,False
843896,108,4,11.0,10.5,-51699.58803100586,75,75,3.2696671903197827,5.9,-78844.78193915129,0.0,78844.78193915129,14812.49721282024,869.560772920843,0.0,True
843896,108,5,10.0,13.925625447624187,-17437.625980911886,74,74,2.866278651765272,5.580179845317385,-66016.73291011862,0.0,66016.73291011862,12303.42331445966,883.553254037477,0.0,True
843896,108,6,10.0,10.5,-21134.716294715137,75,75,3.366544052695526,6.0,-67657.40687359788,9.414691248821322e-14,67657.40687359788,12560.338268822126,867.5444538927729,9.414691248821322e-15,True
843896,108,7,15.858157889895693,18.6320895147834,-61025.74807177164,56,56,2.708748607377742,4.723721144819263,-73524.19925056428,0.0,73524.19925056428,14049.562774014694,653.333961314198,0.0,True
843896,108,8,18.25175350306521,23.051204312314145,767557.0303652941,119,119,5.785489212376764,6.0,47446.09918111791,65479.259734184954,18033.160553067042,1397.6591742034775,1392.9586678778433,3587.559941744136,False
843896,108,9,10.0,11.252785588268896,-45986.69415318356,71,71,3.13256444702339,6.0,-61138.620447504014,0.0,61138.620447504014,11317.370900708924,847.873609552665,0.0,True
843896,109,0,20.13269810018664,15.883805009043645,621025.7832624803,118,118,5.881355425765006,6.0,-24426.604150377723,1.2434497875801743e-13,24426.604150377723,2704.8124656700793,1357.9570066132987,6.176269973315931e-15,False
843896,109,1,10.0,10.0,-31711.19544701632,70,70,3.207128046778589,5.862495132632444,-75697.3289480581,0.0,75697.3289480581,14276.655287225622,790.0809188810268,0.0,True
843896,109,2,18.56608641203773,13.892441348451465,-21582.279934578663,54,54,2.3782221848931377,4.400505987697088,-63947.671025664895,1279.696607874339,65227.36763353923,12473.894407247953,607.0718855864417,68.92656747760365,True
843896,109,3,18.302452818351494,24.658223609315762,914045.2022809808,127,127,5.849275931125743,6.0,-11744.382542192416,17756.832907529428,29501.215449721843,3525.794199036287,1487.0472839736665,970.1887000481715,False
843896,109,4,11.0,10.5,-51699.58803100586,75,75,3.2696671903197827,5.9,-78844.78193915129,0.0,78844.78193915129,14812.49721282024,869.560772920843,0.0,True
843896,109,5,10.0,13.925625447624187,-17437.625980911886,74,74,2.866278651765272,5.580179845317385,-66016.73291011862,0.0,66016.73291011862,12303.42331445966,883.553254037477,0.0,True
843896,109,6,10.0,10.5,-21134.716294715137,75,75,3.366544052695526,6.0,-67657.40687359788,9.414691248821322e-14,67657.40687359788,12560.338268822126,867.5444538927729,9.414691248821322e-15,True
843896,109,7,15.858157889895693,18.6320895147834,-61025.74807177164,56,56,2.708748607377742,4.723721144819263,-73524.19925056428,0.0,73524.19925056428,14049.562774014694,653.333961314198,0.0,True
843896,109,8,16.42657815275869,25.35632474354556,798748.9674637567,120,120,5.835489212376764,6.0,35034.69606769405,46430.94646905018,11396.25040135613,0.0,1428.9152978056281,2826.574472009104,False
843896,109,9,10.0,11.252785588268896,-45986.69415318356,71,71,3.13256444702339,6.0,-61138.620447504014,0.0,61138.620447504014,11317.370900708924,847.873609552665,0.0,True
843896,110,0,18.119428290167978,15.089614758591463,587002.3215260186,119,119,5.931355425765005,6.0,-31427.79758018627,1.49213974509621e-13,31427.79758018627,4073.8673457611612,1369.054880091082,8.235026631087911e-15,False
843896,110,1,10.0,10.0,-31711.19544701632,70,70,3.207128046778589,5.862495132632444,-75697.3289480581,0.0,75697.3289480581,14276.655287225622,790.0809188810268,0.0,True
843896,110,2,18.56608641203773,13.892441348451465,-21582.279934578663,54,54,2.3782221848931377,4.400505987697088,-63947.671025664895,1279.696607874339,65227.36763353923,12473.894407247953,607.0718855864417,68.92656747760365,True
843896,110,3,16.472207536516343,27.12404597024734,956987.2585349486,128,128,5.899275931125743,6.0,47213.93413816212,64724.668587579334,17510.73444941721,1094.8775548456183,1498.4090666525553,3929.3257108432326,False
843896,110,4,11.0,10.5,-51699.58803100586,75,75,3.2696671903197827,5.9,-78844.78193915129,0.0,78844.78193915129,14812.49721282024,869.560772920843,0.0,True
843896,110,5,10.0,13.925625447624187,-17437.625980911886,74,74,2.866278651765272,5.580179845317385,-66016.73291011862,0.0,66016.73291011862,12303.42331445966,883.553254037477,0.0,True
843896,110,6,10.0,10.5,-21134.716294715137,75,75,3.366544052695526,6.0,-67657.40687359788,9.414691248821322e-14,67657.40687359788,12560.338268822126,867.5444538927729,9.414691248821322e-15,True
843896,110,7,15.858157889895693,18.6320895147834,-61025.74807177164,56,56,2.708748607377742,4.723721144819263,-73524.19925056428,0.0,73524.19925056428,14049.562774014694,653.333961314198,0.0,True
843896,110,8,18.069235968034562,27.891957217900117,775809.3884931173,121,121,5.885489212376764,6.0,-18764.65214726815,0.0,18764.65214726815,1440.7409638305728,1440.7409638305728,0.0,False
843896,110,9,10.0,11.252785588268896,-45986.69415318356,71,71,3.13256444702339,6.0,-61138.620447504014,0.0,61138.620447504014,11317.370900708924,847.873609552665,0.0,True
843896,111,0,16.30748546115118,14.335134020661888,578581.7576523491,120,120,5.981355425765005,6.0,-5900.347791190663,24938.86197486703,30839.209766057695,3924.7359309672597,1380.157820770846,1529.2892355647418,False
843896,111,1,10.0,10.0,-31711.19544701632,70,70,3.207128046778589,5.862495132632444,-75697.3289480581,0.0,75697.3289480581,14276.655287225622,790.0809188810268,0.0,True
843896,111,2,18.56608641203773,13.892441348451465,-21582.279934578663,54,54,2.3782221848931377,4.400505987697088,-63947.671025664895,1279.696607874339,65227.36763353923,12473.894407247953,607.0718855864417,68.92656747760365,True
843896,111,3,14.824986782864709,25.767843671734973,979275.43056572,129,129,5.949275931125743,6.0,26412.2238644239,38613.728902042414,12201.505037618514,0.0,1509.7607809317685,2604.6383357773816,False
843896,111,4,11.0,10.5,-51699.58803100586,75,75,3.2696671903197827,5.9,-78844.78193915129,0.0,78844.78193915129,14812.49721282024,869.560772920843,0.0,True
843896,111,5,10.0,13.925625447624187,-17437.625980911886,74,74,2.866278651765272,5.580179845317385,-66016.73291011862,0.0,66016.73291011862,12303.42331445966,883.553254037477,0.0,True
843896,111,6,10.0,10.5,-21134.716294715137,75,75,3.366544052695526,6.0,-67657.40687359788,9.414691248821322e-14,67657.40687359788,12560.338268822126,867.5444538927729,9.414691248821322e-15,True
843896,111,7,15.858157889895693,18.6320895147834,-61025.74807177164,56,56,2.708748607377742,4.723721144819263,-73524.19925056428,0.0,73524.19925056428,14049.562774014694,653.333961314198,0.0,True
843896,111,8,16.262312371231108,26.49735935700511,745583.3860235229,122,122,5.935489212376764,6.0,-26193.324628045302,5.6843418860808e-14,26193.324628045302,2893.304488905017,1452.5635250744444,3.4954081291272588e-15,False
843896,111,9,10.0,11.252785588268896,-45986.69415318356,71,71,3.13256444702339,6.0,-61138.620447504014,0.0,61138.620447504014,11317.370900708924,847.873609552665,0.0,True
843896,112,0,14.676736915036063,15.768647422728078,540301.8384071672,121,121,6.0,6.0,-35571.91290702537,1743.9743993327475,37315.88730635812,5197.166821877479,1391.2566496213406,118.82575871112576,False
843896,112,1,10.0,10.0,-31711.19544701632,70,70,3.207128046778589,5.862495132632444,-75697.3289480581,0.0,75697.3289480581,14276.655287225622,790.0809188810268,0.0,True
843896,112,2,18.56608641203773,13.892441348451465,-21582.279934578663,54,54,2.3782221848931377,4.400505987697088,-63947.671025664895,1279.696607874339,65227.36763353923,12473.894407247953,607.0718855864417,68.92656747760365,True
843896,112,3,16.30748546115118,28.34462803890847,954480.8445092984,130,130,5.999275931125743,6.0,-20309.784411360226,3.552713678800501e-15,20309.784411360226,1546.9926569686033,1546.9926569686033,2.1785784738327812e-16,False
843896,112,4,11.0,10.5,-51699.58803100586,75,75,3.2696671903197827,5.9,-78844.78193915129,0.0,78844.78193915129,14812.49721282024,869.560772920843,0.0,True
843896,112,5,10.0,13.925625447624187,-17437.625980911886,74,74,2.866278651765272,5.580179845317385,-66016.73291011862,0.0,66016.73291011862,12303.42331445966,883.553254037477,0.0,True
843896,112,6,10.0,10.5,-21134.716294715137,75,75,3.366544052695526,6.0,-67657.40687359788,9.414691248821322e-14,67657.40687359788,12560.338268822126,867.5444538927729,9.414691248821322e-15,True
843896,112,7,15.858157889895693,18.6320895147834,-61025.74807177164,56,56,2.708748607377742,4.723721144819263,-73524.19925056428,0.0,73524.19925056428,14049.562774014694,653.333961314198,0.0,True
843896,112,8,14.636081134107997,25.172491389154853,793400.6763167451,123,123,5.985489212376764,6.0,51713.50673409502,63400.622170909,11687.11543681398,0.0,1438.498648149198,4331.803137054213,False
843896,112,9,10.0,11.252785588268896,-45986.69415318356,71,71,3.13256444702339,6.0,-61138.620447504014,0.0,61138.620447504014,11317.370900708924,847.873609552665,0.0,True
843896,113,0,13.209063223532457,14.980215051591673,583418.4737776619,122,122,6.0,6.0,45744.22160678504,65403.576526541656,19659.354919756617,1648.1042860789141,1402.3541861702556,4951.416721968796,False
843896,113,1,10.0,10.0,-31711.19544701632,70,70,3.207128046778589,5.862495132632444,-75697.3289480581,0.0,75697.3289480581,14276.655287225622,790.0809188810268,0.0,True
843896,113,2,18.56608641203773,13.892441348451465,-21582.279934578663,54,54,2.3782221848931377,4.400505987697088,-63947.671025664895,1279.696607874339,65227.36763353923,12473.894407247953,607.0718855864417,68.92656747760365,True
843896,113,3,14.676736915036063,26.927396636963046,921954.1689251803,131,131,6.0,6.0,-28199.18662468135,0.0,28199.18662468135,3105.7790677253984,1558.786410756795,0.0,False
843896,113,4,11.0,10.5,-51699.58803100586,75,75,3.2696671903197827,5.9,-78844.78193915129,0.0,78844.78193915129,14812.49721282024,869.560772920843,0.0,True
843896,113,5,10.0,13.925625447624187,-17437.625980911886,74,74,2.866278651765272,5.580179845317385,-66016.73291011862,0.0,66016.73291011862,12303.42331445966,883.553254037477,0.0,True
843896,113,6,10.0,10.5,-21134.716294715137,75,75,3.366544052695526,6.0,-67657.40687359788,9.414691248821322e-14,67657.40687359788,12560.338268822126,867.5444538927729,9.414691248821322e-15,True
843896,113,7,15.858157889895693,18.6320895147834,-61025.74807177164,56,56,2.708748607377742,4.723721144819263,-73524.19925056428,0.0,73524.19925056428,14049.562774014694,653.333961314198,0.0,True
843896,113,8,13.904277077402597,23.91386681969711,770587.0492079888,124,124,6.0,6.0,-19048.307623113862,1.6520118606422327e-13,19048.307623113862,1449.8698171626047,1449.8698171626047,1.188132149155099e-14,False
843896,113,9,10.0,11.252785588268896,-45986.69415318356,71,71,3.13256444702339,6.0,-61138.620447504014,0.0,61138.620447504014,11317.370900708924,847.873609552665,0.0,True
843896,114,0,11.888156901179212,14.231204299012088,605756.6810574222,123,123,6.0,6.0,24888.645408540142,36396.26123949873,11507.615830958586,0.0,1413.4519788698233,3061.556264948733,False
843896,114,1,10.0,10.0,-31711.19544701632,70,70,3.207128046778589,5.862495132632444,-75697.3289480581,0.0,75697.3289480581,14276.655287225622,790.0809188810268,0.0,True
843896,114,2,18.56608641203773,13.892441348451465,-21582.279934578663,54,54,2.3782221848931377,4.400505987697088,-63947.671025664895,1279.696607874339,65227.36763353923,12473.894407247953,607.0718855864417,68.92656747760365,True
843896,114,3,13.209063223532457,25.58102680511489,881631.0536510395,132,132,6.0,6.0,-36146.419735867756,5.1514348342607263e-14,36146.419735867756,4676.357867513149,1570.578799787751,3.89992442846609e-15,False
843896,114,4,11.0,10.5,-51699.58803100586,75,75,3.2696671903197827,5.9,-78844.78193915129,0.0,78844.78193915129,14812.49721282024,869.560772920843,0.0,True
843896,114,5,10.0,13.925625447624187,-17437.625980911886,74,74,2.866278651765272,5.580179845317385,-66016.73291011862,0.0,66016.73291011862,12303.42331445966,883.553254037477,0.0,True
843896,114,6,10.0,10.5,-21134.716294715137,75,75,3.366544052695526,6.0,-67657.40687359788,9.414691248821322e-14,67657.40687359788,12560.338268822126,867.5444538927729,9.414691248821322e-15,True
843896,114,7,15.858157889895693,18.6320895147834,-61025.74807177164,56,56,2.708748607377742,4.723721144819263,-73524.19925056428,0.0,73524.19925056428,14049.562774014694,653.333961314198,0.0,True
843896,114,8,12.513849369662337,22.718173478712252,780339.9033863301,125,125,6.0,6.0,13392.625863182562,28464.763559680676,15072.137696498114,636.4468639974239,1461.2379220638743,2274.660875229054,False
843896,114,9,10.0,11.252785588268896,-45986.69415318356,71,71,3.13256444702339,6.0,-61138.620447504014,0.0,61138.620447504014,11317.370900708924,847.873609552665,0.0,True
843896,115,0,13.076972591297134,15.654324728913299,584296.5151960149,124,124,6.0,6.0,-18719.029595026324,9.059419880941276e-14,18719.029595026324,1424.5407380789482,1424.5407380789482,6.92776544241625e-15,False
843896,115,1,10.0,10.0,-31711.19544701632,70,70,3.207128046778589,5.862495132632444,-75697.3289480581,0.0,75697.3289480581,14276.655287225622,790.0809188810268,0.0,True
843896,115,2,18.56608641203773,13.892441348451465,-21582.279934578663,54,54,2.3782221848931377,4.400505987697088,-63947.671025664895,1279.696607874339,65227.36763353923,12473.894407247953,607.0718855864417,68.92656747760365,True
843896,115,3,11.888156901179212,24.301975464859147,889660.2131847865,133,133,6.0,6.0,12061.322270580546,39570.88783946428,27509.565568883736,2930.126886103445,1582.3663922958142,3328.5973737055206,False
843896,115,4,11.0,10.5,-51699.58803100586,75,75,3.2696671903197827,5.9,-78844.78193915129,0.0,78844.78193915129,14812.49721282024,869.560772920843,0.0,True
843896,115,5,10.0,13.925625447624187,-17437.625980911886,74,74,2.866278651765272,5.580179845317385,-66016.73291011862,0.0,66016.73291011862,12303.42331445966,883.553254037477,0.0,True
843896,115,6,10.0,10.5,-21134.716294715137,75,75,3.366544052695526,6.0,-67657.40687359788,9.414691248821322e-14,67657.40687359788,12560.338268822126,867.5444538927729,9.414691248821322e-15,True
843896,115,7,15.858157889895693,18.6320895147834,-61025.74807177164,56,56,2.708748607377742,4.723721144819263,-73524.19925056428,0.0,73524.19925056428,14049.562774014694,653.333961314198,0.0,True
843896,115,8,11.262464432696103,21.58226480477664,788592.8214756399,126,126,6.0,6.0,11772.28345470795,23753.127990482724,11980.844535774775,0.0,1472.6055669718469,2109.052430969276,False
843896,115,9,10.0,11.252785588268896,-45986.69415318356,71,71,3.13256444702339,6.0,-61138.620447504014,0.0,61138.620447504014,11317.370900708924,847.873609552665,0.0,True
843896,116,0,11.769275332167421,14.871608492467633,573937.5117877823,125,125,6.0,6.0,-7700.052346676039,12833.454794621404,20533.507141297443,1769.7286128648304,1435.6080096216615,1090.4201348357788,False
843896,116,1,10.0,10.0,-31711.19544701632,70,70,3.207128046778589,5.862495132632444,-75697.3289480581,0.0,75697.3289480581,14276.655287225622,790.0809188810268,0.0,True
843896,116,2,18.56608641203773,13.892441348451465,-21582.279934578663,54,54,2.3782221848931377,4.400505987697088,-63947.671025664895,1279.696607874339,65227.36763353923,12473.894407247953,607.0718855864417,68.92656747760365,True
843896,116,3,10.699341211061292,23.08687669161619,921220.1565268622,134,134,6.0,6.0,35453.58481875924,48406.79276446258,12953.207945703341,0.0,1594.1509932129177,4524.277879316366,False
843896,116,4,11.0,10.5,-51699.58803100586,75,75,3.2696671903197827,5.9,-78844.78193915129,0.0,78844.78193915129,14812.49721282024,869.560772920843,0.0,True
843896,116,5,10.0,13.925625447624187,-17437.625980911886,74,74,2.866278651765272,5.580179845317385,-66016.73291011862,0.0,66016.73291011862,12303.42331445966,883.553254037477,0.0,True
843896,116,6,10.0,10.5,-21134.716294715137,75,75,3.366544052695526,6.0,-67657.40687359788,9.414691248821322e-14,67657.40687359788,12560.338268822126,867.5444538927729,9.414691248821322e-15,True
843896,116,7,15.858157889895693,18.6320895147834,-61025.74807177164,56,56,2.708748607377742,4.723721144819263,-73524.19925056428,0.0,73524.19925056428,14049.562774014694,653.333961314198,0.0,True
843896,116,8,12.388710875965714,20.503151564537806,765697.2532304472,127,127,6.0,6.0,-19491.66799650004,1.953992523340277e-14,19491.66799650004,1483.9744612692339,1483.9744612692339,1.5772363588943318e-15,False
843896,116,9,10.0,11.252785588268896,-45986.69415318356,71,71,3.13256444702339,6.0,-61138.620447504014,0.0,61138.620447504014,11317.370900708924,847.873609552665,0.0,True
843896,117,0,10.59234779895068,16.358769341714396,593372.1372904553,126,126,6.0,6.0,22295.83043972988,34069.12153602199,11773.291096292105,0.0,1446.6613870365131,3216.3899999013447,False
843896,117,1,10.0,10.0,-31711.19544701632,70,70,3.207128046778589,5.862495132632444,-75697.3289480581,0.0,75697.3289480581,14276.655287225622,790.0809188810268,0.0,True
843896,117,2,18.56608641203773,13.892441348451465,-21582.279934578663,54,54,2.3782221848931377,4.400505987697088,-63947.671025664895,1279.696607874339,65227.36763353923,12473.894407247953,607.0718855864417,68.92656747760365,True
843896,117,3,10.699341211061292,25.39556436077781,921126.7164359292,135,135,6.0,6.0,4134.961097771917,17182.425004915563,13047.463907143647,0.0,1605.9329883929558,1605.9329883929556,False
843896,117,4,11.0,10.5,-51699.58803100586,75,75,3.2696671903197827,5.9,-78844.78193915129,0.0,78844.78193915129,14812.49721282024,869.560772920843,0.0,True
843896,117,5,10.0,13.925625447624187,-17437.625980911886,74,74,2.866278651765272,5.580179845317385,-66016.73291011862,0.0,66016.73291011862,12303.42331445966,883.553254037477,0.0,True
843896,117,6,10.0,10.5,-21134.716294715137,75,75,3.366544052695526,6.0,-67657.40687359788,9.414691248821322e-14,67657.40687359788,12560.338268822126,867.5444538927729,9.414691248821322e-15,True
843896,117,7,15.858157889895693,18.6320895147834,-61025.74807177164,56,56,2.708748607377742,4.723721144819263,-73524.19925056428,0.0,73524.19925056428,14049.562774014694,653.333961314198,0.0,True
843896,117,8,11.149839788369142,19.477993986310913,750259.6695142057,128,128,6.0,6.0,-12144.40048599045,10297.25193217183,22441.65241816228,2055.783009753211,1495.342171174528,923.5336226905537,False
843896,117,9,10.0,11.252785588268896,-45986.69415318356,71,71,3.13256444702339,6.0,-61138.620447504014,0.0,61138.620447504014,11317.370900708924,847.873609552665,0.0,True
843896,118,0,10.062730409003146,15.540830874628675,593405.3109230244,127,127,6.0,6.0,2806.859153641197,14668.5252269865,11861.666073345303,0.0,1457.7082591681628,1457.7082591681617,False
843896,118,1,10.0,10.0,-31711.19544701632,70,70,3.207128046778589,5.862495132632444,-75697.3289480581,0.0,75697.3289480581,14276.655287225622,790.0809188810268,0.0,True
843896,118,2,18.56608641203773,13.892441348451465,-21582.279934578663,54,54,2.3782221848931377,4.400505987697088,-63947.671025664895,1279.696607874339,65227.36763353923,12473.894407247953,607.0718855864417,68.92656747760365,True
843896,118,3,11.769275332167421,27.935120796855596,915136.6686393789,136,136,6.0,6.0,-1390.871368171749,13923.992866132405,15314.864234304154,434.6327062886894,1617.7125878575885,1183.0798815688997,False
843896,118,4,11.0,10.5,-51699.58803100586,75,75,3.2696671903197827,5.9,-78844.78193915129,0.0,78844.78193915129,14812.49721282024,869.560772920843,0.0,True
843896,118,5,10.0,13.925625447624187,-17437.625980911886,74,74,2.866278651765272,5.580179845317385,-66016.73291011862,0.0,66016.73291011862,12303.42331445966,883.553254037477,0.0,True
843896,118,6,10.0,10.5,-21134.716294715137,75,75,3.366544052695526,6.0,-67657.40687359788,9.414691248821322e-14,67657.40687359788,12560.338268822126,867.5444538927729,9.414691248821322e-15,True
843896,118,7,15.858157889895693,18.6320895147834,-61025.74807177164,56,56,2.708748607377742,4.723721144819263,-73524.19925056428,0.0,73524.19925056428,14049.562774014694,653.333961314198,0.0,True
843896,118,8,10.034855809532228,21.425793384942008,770191.1622635917,129,129,6.0,6.0,23495.42009603818,35749.08602407598,12253.6659280378,0.0,1506.708241004725,3562.491250757933,False
843896,118,9,10.0,11.252785588268896,-45986.69415318356,71,71,3.13256444702339,6.0,-61138.620447504014,0.0,61138.620447504014,11317.370900708924,847.873609552665,0.0,True
843896,119,0,11.069003449903462,17.094913962091542,594724.7714102893,128,128,6.0,6.0,4307.609474409148,16257.637255058127,11950.02778064898,0.0,1468.7534725811224,1468.7534725811217,False
843896,119,1,10.0,10.0,-31711.19544701632,70,70,3.207128046778589,5.862495132632444,-75697.3289480581,0.0,75697.3289480581,14276.655287225622,790.0809188810268,0.0,True
843896,119,2,18.56608641203773,13.892441348451465,-21582.279934578663,54,54,2.3782221848931377,4.400505987697088,-63947.671025664895,1279.696607874339,65227.36763353923,12473.894407247953,607.0718855864417,68.92656747760365,True
843896,119,3,10.59234779895068,26.538364757012815,919328.9036657499,137,137,6.0,6.0,8627.990998075837,21863.927641999206,13235.936643923369,0.0,1629.4920804904211,2064.124786779106,False
843896,119,4,11.0,10.5,-51699.58803100586,75,75,3.2696671903197827,5.9,-78844.78193915129,0.0,78844.78193915129,14812.49721282024,869.560772920843,0.0,True
843896,119,5,10.0,13.925625447624187,-17437.625980911886,74,74,2.866278651765272,5.580179845317385,-66016.73291011862,0.0,66016.73291011862,12303.42331445966,883.553254037477,0.0,True
843896,119,6,10.0,10.5,-21134.716294715137,75,75,3.366544052695526,6.0,-67657.40687359788,9.414691248821322e-14,67657.40687359788,12560.338268822126,867.5444538927729,9.414691248821322e-15,True
843896,119,7,15.858157889895693,18.6320895147834,-61025.74807177164,56,56,2.708748607377742,4.723721144819263,-73524.19925056428,0.0,73524.19925056428,14049.562774014694,653.333961314198,0.0,True
843896,119,8,10.0,20.354503715694907,769581.2147604773,130,130,6.0,6.0,2836.137979919289,15180.689899596384,12344.551919677095,0.0,1518.0689899596368,1518.0689899596384,False
843896,119,9,10.0,11.252785588268896,-45986.69415318356,71,71,3.13256444702339,6.0,-61138.620447504014,0.0,61138.620447504014,11317.370900708924,847.873609552665,0.0,True
843896,120,0,12.17590379489381,16.240168263986966,597809.2466560408,129,129,6.0,6.0,5979.456951809894,18017.769815944303,12038.312864134408,0.0,1479.789108016801,1479.7891080168017,False
843896,120,1,10.0,10.0,-31711.19544701632,70,70,3.207128046778589,5.862495132632444,-75697.3289480581,0.0,75697.3289480581,14276.655287225622,790.0809188810268,0.0,True
843896,120,2,18.56608641203773,13.892441348451465,-21582.279934578663,54,54,2.3782221848931377,4.400505987697088,-63947.671025664895,1279.696607874339,65227.36763353923,12473.894407247953,607.0718855864417,68.92656747760365,True
843896,120,3,10.59234779895068,29.192201232714098,918555.1259606455,138,138,6.0,6.0,4054.746065017849,17384.91653594004,13330.17047092219,0.0,1641.2713088652738,1641.271308865279,False
843896,120,4,11.0,10.5,-51699.58803100586,75,75,3.2696671903197827,5.9,-78844.78193915129,0.0,78844.78193915129,14812.49721282024,869.560772920843,0.0,True
843896,120,5,10.0,13.925625447624187,-17437.625980911886,74,74,2.866278651765272,5.580179845317385,-66016.73291011862,0.0,66016.73291011862,12303.42331445966,883.553254037477,0.0,True
843896,120,6,10.0,10.5,-21134.716294715137,75,75,3.366544052695526,6.0,-67657.40687359788,9.414691248821322e-14,67657.40687359788,12560.338268822126,867.5444538927729,9.414691248821322e-15,True
843896,120,7,15.858157889895693,18.6320895147834,-61025.74807177164,56,56,2.708748607377742,4.723721144819263,-73524.19925056428,0.0,73524.19925056428,14049.562774014694,653.333961314198,0.0,True
843896,120,8,11.0,22.3899540872644,770236.3984618721,131,131,6.0,6.0,4388.267686819108,16823.648185003465,12435.380498184357,0.0,1529.4225622730446,1529.4225622730423,False
843896,120,9,10.0,11.252785588268896,-45986.69415318356,71,71,3.13256444702339,6.0,-61138.620447504014,0.0,61138.620447504014,11317.370900708924,847.873609552665,0.0,True
843896,121,0,13.393494174383191,15.428159850787617,602844.2877487099,130,130,6.0,6.0,7840.701873268659,19967.22165921164,12126.519785942979,0.0,1490.8149732428724,1490.814973242872,False
843896,121,1,10.0,10.0,-31711.19544701632,70,70,3.207128046778589,5.862495132632444,-75697.3289480581,0.0,75697.3289480581,14276.655287225622,790.0809188810268,0.0,True
843896,121,2,18.56608641203773,13.892441348451465,-21582.279934578663,54,54,2.3782221848931377,4.400505987697088,-63947.671025664895,1279.696607874339,65227.36763353923,12473.894407247953,607.0718855864417,68.92656747760365,True
843896,121,3,11.65158257884575,27.73259117107839,919736.5417530868,139,139,6.0,6.0,5836.245965217333,19260.640232374495,13424.394267157162,0.0,1653.0492833946453,1653.049283394645,False
843896,121,4,11.0,10.5,-51699.58803100586,75,75,3.2696671903197827,5.9,-78844.78193915129,0.0,78844.78193915129,14812.49721282024,869.560772920843,0.0,True
843896,121,5,10.0,13.925625447624187,-17437.625980911886,74,74,2.866278651765272,5.580179845317385,-66016.73291011862,0.0,66016.73291011862,12303.42331445966,883.553254037477,0.0,True
843896,121,6,10.0,10.5,-21134.716294715137,75,75,3.366544052695526,6.0,-67657.40687359788,9.414691248821322e-14,67657.40687359788,12560.338268822126,867.5444538927729,9.414691248821322e-15,True
843896,121,7,15.858157889895693,18.6320895147834,-61025.74807177164,56,56,2.708748607377742,4.723721144819263,-73524.19925056428,0.0,73524.19925056428,14049.562774014694,653.333961314198,0.0,True
843896,121,8,12.100000000000001,21.27045638290118,772745.8699153989,132,132,6.0,6.0,6117.1716960680715,18643.36037132283,12526.188675254758,0.0,1540.7735844068447,1540.7735844068452,False
843896,121,9,10.0,11.252785588268896,-45986.69415318356,71,71,3.13256444702339,6.0,-61138.620447504014,0.0,61138.620447504014,11317.370900708924,847.873609552665,0.0,True
843896,122,0,14.732843591821512,14.656751858248235,610035.9002211936,131,131,6.0,6.0,9911.646965921422,22126.3588219392,12214.711856017779,0.0,1501.8389820022223,1501.8389820022235,False
843896,122,1,10.0,10.0,-31711.19544701632,70,70,3.207128046778589,5.862495132632444,-75697.3289480581,0.0,75697.3289480581,14276.655287225622,790.0809188810268,0.0,True
843896,122,2,18.56608641203773,13.892441348451465,-21582.279934578663,54,54,2.3782221848931377,4.400505987697088,-63947.671025664895,1279.696607874339,65227.36763353923,12473.894407247953,607.0718855864417,68.92656747760365,True
843896,122,3,12.816740836730325,26.34596161252447,923067.1450566092,140,140,6.0,6.0,7819.037929276963,21337.650162889113,13518.61223361215,0.0,1664.8265292015187,1664.8265292015185,False
843896,122,4,11.0,10.5,-51699.58803100586,75,75,3.2696671903197827,5.9,-78844.78193915129,0.0,78844.78193915129,14812.49721282024,869.560772920843,0.0,True
843896,122,5,10.0,13.925625447624187,-17437.625980911886,74,74,2.866278651765272,5.580179845317385,-66016.73291011862,0.0,66016.73291011862,12303.42331445966,883.553254037477,0.0,True
843896,122,6,10.0,10.5,-21134.716294715137,75,75,3.366544052695526,6.0,-67657.40687359788,9.414691248821322e-14,67657.40687359788,12560.338268822126,867.5444538927729,9.414691248821322e-15,True
843896,122,7,15.858157889895693,18.6320895147834,-61025.74807177164,56,56,2.708748607377742,4.723721144819263,-73524.19925056428,0.0,73524.19925056428,14049.562774014694,653.333961314198,0.0,True
843896,122,8,13.310000000000002,20.20693356375612,777300.1013681826,133,133,6.0,6.0,8041.753616770206,20658.708218307213,12616.954601537007,0.0,1552.1193251921259,1552.1193251921268,False
843896,122,9,10.0,11.252785588268896,-45986.69415318356,71,71,3.13256444702339,6.0,-61138.620447504014,0.0,61138.620447504014,11317.370900708924,847.873609552665,0.0,True
843896,123,0,16.206127951003666,13.923914265335823,619612.6539085667,132,132,6.0,6.0,12214.710370399709,24517.578319351283,12302.867948951574,0.0,1512.8584936189468,1512.858493618945,False
843896,123,1,10.0,10.0,-31711.19544701632,70,70,3.207128046778589,5.862495132632444,-75697.3289480581,0.0,75697.3289480581,14276.655287225622,790.0809188810268,0.0,True
843896,123,2,18.56608641203773,13.892441348451465,-21582.279934578663,54,54,2.3782221848931377,4.400505987697088,-63947.671025664895,1279.696607874339,65227.36763353923,12473.894407247953,607.0718855864417,68.92656747760365,True
843896,123,3,14.098414920403359,25.028663531898246,928762.7273793236,141,141,6.0,6.0,10024.623880709061,23637.451986583877,13612.828105874816,0.0,1676.603513234352,1676.6035132343518,False
843896,123,4,11.0,10.5,-51699.58803100586,75,75,3.2696671903197827,5.9,-78844.78193915129,0.0,78844.78193915129,14812.49721282024,869.560772920843,0.0,True
843896,123,5,10.0,13.925625447624187,-17437.625980911886,74,74,2.866278651765272,5.580179845317385,-66016.73291011862,0.0,66016.73291011862,12303.42331445966,883.553254037477,0.0,True
843896,123,6,10.0,10.5,-21134.716294715137,75,75,3.366544052695526,6.0,-67657.40687359788,9.414691248821322e-14,67657.40687359788,12560.338268822126,867.5444538927729,9.414691248821322e-15,True
843896,123,7,15.858157889895693,18.6320895147834,-61025.74807177164,56,56,2.708748607377742,4.723721144819263,-73524.19925056428,0.0,73524.19925056428,14049.562774014694,653.333961314198,0.0,True
843896,123,8,14.641000000000004,19.196586885568312,784110.6666866343,134,134,6.0,6.0,10182.907961122894,22890.551943803708,12707.643982680815,0.0,1563.4554978351018,1563.4554978351002,False
843896,123,9,10.0,11.252785588268896,-45986.69415318356,71,71,3.13256444702339,6.0,-61138.620447504014,0.0,61138.620447504014,11317.370900708924,847.873609552665,0.0,True
843896,124,0,17.826740746104033,13.227718552069032,615036.997193472,133,133,6.0,6.0,-2016.3701476642036,14052.565793460804,16068.935941125008,735.5884537521889,1523.874209045508,788.2857552933191,False
843896,124,1,10.0,10.0,-31711.19544701632,70,70,3.207128046778589,5.862495132632444,-75697.3289480581,0.0,75697.3289480581,14276.655287225622,790.0809188810268,0.0,True
843896,124,2,18.56608641203773,13.892441348451465,-21582.279934578663,54,54,2.3782221848931377,4.400505987697088,-63947.671025664895,1279.696607874339,65227.36763353923,12473.894407247953,607.0718855864417,68.92656747760365,True
843896,124,3,15.508256412443696,23.77723035530333,937063.1479346569,142,142,6.0,6.0,12476.787265786896,26183.82439337046,13707.037127583566,0.0,1688.3796409479457,1688.3796409479519,False
843896,124,4,11.0,10.5,-51699.58803100586,75,75,3.2696671903197827,5.9,-78844.78193915129,0.0,78844.78193915129,14812.49721282024,869.560772920843,0.0,True
843896,124,5,10.0,13.925625447624187,-17437.625980911886,74,74,2.866278651765272,5.580179845317385,-66016.73291011862,0.0,66016.73291011862,12303.42331445966,883.553254037477,0.0,True
843896,124,6,10.0,10.5,-21134.716294715137,75,75,3.366544052695526,6.0,-67657.40687359788,9.414691248821322e-14,67657.40687359788,12560.338268822126,867.5444538927729,9.414691248821322e-15,True
843896,124,7,15.858157889895693,18.6320895147834,-61025.74807177164,56,56,2.708748607377742,4.723721144819263,-73524.19925056428,0.0,73524.19925056428,14049.562774014694,653.333961314198,0.0,True
843896,124,8,16.105100000000004,18.236757541289897,793412.4900348508,135,135,6.0,6.0,12563.785616293037,25362.061384678866,12798.275768385829,0.0,1574.7844710482286,1574.7844710482307,False
843896,124,9,10.0,11.252785588268896,-45986.69415318356,71,71,3.13256444702339,6.0,-61138.620447504014,0.0,61138.620447504014,11317.370900708924,847.873609552665,0.0,True
843896,125,0,16.04406667149363,12.566332624465579,636501.6886893554,134,134,6.0,6.0,23948.580067554336,36427.69248866576,12479.112421111424,0.0,1534.889052638928,2270.4775063911216,False
843896,125,1,10.0,10.0,-31711.19544701632,70,70,3.207128046778589,5.862495132632444,-75697.3289480581,0.0,75697.3289480581,14276.655287225622,790.0809188810268,0.0,True
843896,125,2,18.56608641203773,13.892441348451465,-21582.279934578663,54,54,2.3782221848931377,4.400505987697088,-63947.671025664895,1279.696607874339,65227.36763353923,12473.894407247953,607.0718855864417,68.92656747760365,True
843896,125,3,17.059082053688066,22.588368837538162,941591.383660399,143,143,6.0,6.0,8558.372469503007,23865.454769314587,15307.08229981158,301.1674285854557,1700.1556446105376,1398.9882160250836,False
843896,125,4,11.0,10.5,-51699.58803100586,75,75,3.2696671903197827,5.9,-78844.78193915129,0.0,78844.78193915129,14812.49721282024,869.560772920843,0.0,True
843896,125,5,10.0,13.925625447624187,-17437.625980911886,74,74,2.866278651765272,5.580179845317385,-66016.73291011862,0.0,66016.73291011862,12303.42331445966,883.553254037477,0.0,True
843896,125,6,10.0,10.5,-21134.716294715137,75,75,3.366544052695526,6.0,-67657.40687359788,9.414691248821322e-14,67657.40687359788,12560.338268822126,867.5444538927729,9.414691248821322e-15,True
843896,125,7,15.858157889895693,18.6320895147834,-61025.74807177164,56,56,2.708748607377742,4.723721144819263,-73524.19925056428,0.0,73524.19925056428,14049.562774014694,653.333961314198,0.0,True
843896,125,8,17.715610000000005,17.3249196642254,769436.9223765451,136,136,6.0,6.0,-20819.378583976522,1.1901590823981676e-13,20819.378583976522,1586.106044921271,1586.106044921271,6.71813774630491e-15,False
843896,125,9,10.0,11.252785588268896,-45986.69415318356,71,71,3.13256444702339,6.0,-61138.620447504014,0.0,61138.620447504014,11317.370900708924,847.873609552665,0.0,True
843896,126,0,15.241863337918948,11.9380159932423,645085.2640243988,135,135,6.0,6.0,10995.207494127857,23562.419601552123,12567.212107424266,0.0,1545.9015134280332,1545.901513428031,False
843896,126,1,10.0,10.0,-31711.19544701632,70,70,3.207128046778589,5.862495132632444,-75697.3289480581,0.0,75697.3289480581,14276.655287225622,790.0809188810268,0.0,True
843896,126,2,18.56608641203773,13.892441348451465,-21582.279934578663,54,54,2.3782221848931377,4.400505987697088,-63947.671025664895,1279.696607874339,65227.36763353923,12473.894407247953,607.0718855864417,68.92656747760365,True
843896,126,3,15.35317384831926,21.458950395661255,954713.2849974011,144,144,6.0,6.0,17011.990193982274,30907.42518858486,13895.434994602587,0.0,1711.9293743253234,2013.0968029107776,False
843896,126,4,11.0,10.5,-51699.58803100586,75,75,3.2696671903197827,5.9,-78844.78193915129,0.0,78844.78193915129,14812.49721282024,869.560772920843,0.0,True
843896,126,5,10.0,13.925625447624187,-17437.625980911886,74,74,2.866278651765272,5.580179845317385,-66016.73291011862,0.0,66016.73291011862,12303.42331445966,883.553254037477,0.0,True
843896,126,6,10.0,10.5,-21134.716294715137,75,75,3.366544052695526,6.0,-67657.40687359788,9.414691248821322e-14,67657.40687359788,12560.338268822126,867.5444538927729,9.414691248821322e-15,True
843896,126,7,15.858157889895693,18.6320895147834,-61025.74807177164,56,56,2.708748607377742,4.723721144819263,-73524.19925056428,0.0,73524.19925056428,14049.562774014694,653.333961314198,0.0,True
843896,126,8,15.944049000000005,16.45867368101413,739645.896089376,137,137,6.0,6.0,-26736.18799287003,1644.9720738605092,28381.16006673054,3080.3566241369263,1597.4221182557387,103.17153904008377,False
843896,126,9,10.0,11.252785588268896,-45986.69415318356,71,71,3.13256444702339,6.0,-61138.620447504014,0.0,61138.620447504014,11317.370900708924,847.873609552665,0.0,True
843896,127,0,16.766049671710846,11.341115193580183,622303.1877541255,136,136,6.0,6.0,-20439.684603949478,0.0,20439.684603949478,1556.8988156884213,1556.8988156884213,0.0,False
843896,127,1,10.0,10.0,-31711.19544701632,70,70,3.207128046778589,5.862495132632444,-75697.3289480581,0.0,75697.3289480581,14276.655287225622,790.0809188810268,0.0,True
843896,127,2,18.56608641203773,13.892441348451465,-21582.279934578663,54,54,2.3782221848931377,4.400505987697088,-63947.671025664895,1279.696607874339,65227.36763353923,12473.894407247953,607.0718855864417,68.92656747760365,True
843896,127,3,15.35317384831926,23.604845435227382,927882.4590685567,145,145,6.0,6.0,-22608.123340734266,3.552713678800501e-15,22608.123340734266,1723.7017954410974,1723.7017954410974,2.313992998385427e-16,False
843896,127,4,11.0,10.5,-51699.58803100586,75,75,3.2696671903197827,5.9,-78844.78193915129,0.0,78844.78193915129,14812.49721282024,869.560772920843,0.0,True
843896,127,5,10.0,13.925625447624187,-17437.625980911886,74,74,2.866278651765272,5.580179845317385,-66016.73291011862,0.0,66016.73291011862,12303.42331445966,883.553254037477,0.0,True
843896,127,6,10.0,10.5,-21134.716294715137,75,75,3.366544052695526,6.0,-67657.40687359788,9.414691248821322e-14,67657.40687359788,12560.338268822126,867.5444538927729,9.414691248821322e-15,True
843896,127,7,15.858157889895693,18.6320895147834,-61025.74807177164,56,56,2.708748607377742,4.723721144819263,-73524.19925056428,0.0,73524.19925056428,14049.562774014694,653.333961314198,0.0,True
843896,127,8,14.349644100000004,15.635739996963423,773803.8061783834,138,138,6.0,6.0,37115.642208581456,54604.556816167074,17488.914607585615,883.8036779352682,1608.7370272386593,3805.289973440321,False
843896,127,9,10.0,11.252785588268896,-45986.69415318356,71,71,3.13256444702339,6.0,-61138.620447504014,0.0,61138.620447504014,11317.370900708924,847.873609552665,0.0,True
843896,128,0,15.089444704539762,10.774059433901174,591660.0507130801,137,137,6.0,6.0,-28367.09089859345,1.0658141036401503e-14,28367.09089859345,3124.790878776986,1567.8920630885648,7.063308985250417e-16,False
843896,128,1,10.0,10.0,-31711.19544701632,70,70,3.207128046778589,5.862495132632444,-75697.3289480581,0.0,75697.3289480581,14276.655287225622,790.0809188810268,0.0,True
843896,128,2,18.56608641203773,13.892441348451465,-21582.279934578663,54,54,2.3782221848931377,4.400505987697088,-63947.671025664895,1279.696607874339,65227.36763353923,12473.894407247953,607.0718855864417,68.92656747760365,True
843896,128,3,13.817856463487335,22.424603163466013,920079.681629775,146,146,6.0,6.0,-3728.785376911088,20303.90122101467,24032.686597925756,1989.7795385149268,1735.47361316889,1469.3958700950634,False
843896,128,4,11.0,10.5,-51699.58803100586,75,75,3.2696671903197827,5.9,-78844.78193915129,0.0,78844.78193915129,14812.49721282024,869.560772920843,0.0,True
843896,128,5,10.0,13.925625447624187,-17437.625980911886,74,74,2.866278651765272,5.580179845317385,-66016.73291011862,0.0,66016.73291011862,12303.42331445966,883.553254037477,0.0,True
843896,128,6,10.0,10.5,-21134.716294715137,75,75,3.366544052695526,6.0,-67657.40687359788,9.414691248821322e-14,67657.40687359788,12560.338268822126,867.5444538927729,9.414691248821322e-15,True
843896,128,7,15.858157889895693,18.6320895147834,-61025.74807177164,56,56,2.708748607377742,4.723721144819263,-73524.19925056428,0.0,73524.19925056428,14049.562774014694,653.333961314198,0.0,True
843896,128,8,12.914679690000003,14.85395299711525,790115.1596986807,139,139,6.0,6.0,19176.052986898598,32336.42815636694,13160.37516946834,0.0,1620.0468961835425,2503.850574118802,False
843896,128,9,10.0,11.252785588268896,-45986.69415318356,71,71,3.13256444702339,6.0,-61138.620447504014,0.0,61138.620447504014,11317.370900708924,847.873609552665,0.0,True
843896,129,0,13.580500234085786,10.235356462206115,561621.0753208296,138,138,6.0,6.0,-27826.496200468464,6229.388341153594,34055.88454162206,4244.969537097136,1578.8796070170474,458.7009486968979,False
843896,129,1,10.0,10.0,-31711.19544701632,70,70,3.207128046778589,5.862495132632444,-75697.3289480581,0.0,75697.3289480581,14276.655287225622,790.0809188810268,0.0,True
843896,129,2,18.56608641203773,13.892441348451465,-21582.279934578663,54,54,2.3782221848931377,4.400505987697088,-63947.671025664895,1279.696607874339,65227.36763353923,12473.894407247953,607.0718855864417,68.92656747760365,True
843896,129,3,12.436070817138601,24.667063479812615,947949.5661414082,147,147,6.0,6.0,32295.942843160432,46473.9047129306,14177.961869770164,0.0,1747.2452337212706,3737.024772236197,False
843896,129,4,11.0,10.5,-51699.58803100586,75,75,3.2696671903197827,5.9,-78844.78193915129,0.0,78844.78193915129,14812.49721282024,869.560772920843,0.0,True
843896,129,5,10.0,13.925625447624187,-17437.625980911886,74,74,2.866278651765272,5.580179845317385,-66016.73291011862,0.0,66016.73291011862,12303.42331445966,883.553254037477,0.0,True
843896,129,6,10.0,10.5,-21134.716294715137,75,75,3.366544052695526,6.0,-67657.40687359788,9.414691248821322e-14,67657.40687359788,12560.338268822126,867.5444538927729,9.414691248821322e-15,True
843896,129,7,15.858157889895693,18.6320895147834,-61025.74807177164,56,56,2.708748607377742,4.723721144819263,-73524.19925056428,0.0,73524.19925056428,14049.562774014694,653.333961314198,0.0,True
843896,129,8,14.206147659000004,16.339348296826778,765620.0918670387,140,140,6.0,6.0,-21407.559070080504,1.7763568394002536e-15,21407.559070080504,1631.3506976985002,1631.3506976985002,1.2504141742289158e-16,False
843896,129,9,10.0,11.252785588268896,-45986.69415318356,71,71,3.13256444702339,6.0,-61138.620447504014,0.0,61138.620447504014,11317.370900708924,847.873609552665,0.0,True
843896,130,0,12.222450210677207,11.258892108426727,561443.7313568342,139,139,6.0,6.0,2187.64203907955,31425.08018509891,29237.438146019358,3263.7257484882507,1589.8511754472631,2571.094964056126,False
843896,130,1,10.0,10.0,-31711.19544701632,70,70,3.207128046778589,5.862495132632444,-75697.3289480581,0.0,75697.3289480581,14276.655287225622,790.0809188810268,0.0,True
843896,130,2,18.56608641203773,13.892441348451465,-21582.279934578663,54,54,2.3782221848931377,4.400505987697088,-63947.671025664895,1279.696607874339,65227.36763353923,12473.894407247953,607.0718855864417,68.92656747760365,True
843896,130,3,11.81426727628167,23.433710305821982,950190.7358082553,148,148,6.0,6.0,6509.358792110745,20781.490200062508,14272.131407951763,0.0,1759.0164259939704,1759.0164259939709,False
843896,130,4,11.0,10.5,-51699.58803100586,75,75,3.2696671903197827,5.9,-78844.78193915129,0.0,78844.78193915129,14812.49721282024,869.560772920843,0.0,True
843896,130,5,10.0,13.925625447624187,-17437.625980911886,74,74,2.866278651765272,5.580179845317385,-66016.73291011862,0.0,66016.73291011862,12303.42331445966,883.553254037477,0.0,True
843896,130,6,10.0,10.5,-21134.716294715137,75,75,3.366544052695526,6.0,-67657.40687359788,9.414691248821322e-14,67657.40687359788,12560.338268822126,867.5444538927729,9.414691248821322e-15,True
843896,130,7,15.858157889895693,18.6320895147834,-61025.74807177164,56,56,2.708748607377742,4.723721144819263,-73524.19925056428,0.0,73524.19925056428,14049.562774014694,653.333961314198,0.0,True
843896,130,8,12.785532893100005,15.522380881985438,732920.2361077564,141,141,6.0,6.0,-29711.200054928417,1.4210854715202004e-14,29711.200054928417,3274.000433578186,1642.649735879686,1.1114792659812566e-15,False
843896,130,9,10.0,11.252785588268896,-45986.69415318356,71,71,3.13256444702339,6.0,-61138.620447504014,0.0,61138.620447504014,11317.370900708924,847.873609552665,0.0,True
843896,131,0,11.000205189609487,12.3847813192694,599414.2691985652,140,140,6.0,6.0,40504.4072264328,53510.87613618197,13006.468909749168,0.0,1600.808613718646,4864.534362206896,False
843896,131,1,10.0,10.0,-31711.19544701632,70,70,3.207128046778589,5.862495132632444,-75697.3289480581,0.0,75697.3289480581,14276.655287225622,790.0809188810268,0.0,True
843896,131,2,18.56608641203773,13.892441348451465,-21582.279934578663,54,54,2.3782221848931377,4.400505987697088,-63947.671025664895,1279.696607874339,65227.36763353923,12473.894407247953,607.0718855864417,68.92656747760365,True
843896,131,3,12.995694003909838,25.777081336404184,922329.7367613246,149,149,6.0,6.0,-23220.21392781302,0.0,23220.21392781302,1770.7856867548476,1770.7856867548476,0.0,False
843896,131,4,11.0,10.5,-51699.58803100586,75,75,3.2696671903197827,5.9,-78844.78193915129,0.0,78844.78193915129,14812.49721282024,869.560772920843,0.0,True
843896,131,5,10.0,13.925625447624187,-17437.625980911886,74,74,2.866278651765272,5.580179845317385,-66016.73291011862,0.0,66016.73291011862,12303.42331445966,883.553254037477,0.0,True
843896,131,6,10.0,10.5,-21134.716294715137,75,75,3.366544052695526,6.0,-67657.40687359788,9.414691248821322e-14,67657.40687359788,12560.338268822126,867.5444538927729,9.414691248821322e-15,True
843896,131,7,15.858157889895693,18.6320895147834,-61025.74807177164,56,56,2.708748607377742,4.723721144819263,-73524.19925056428,0.0,73524.19925056428,14049.562774014694,653.333961314198,0.0,True
843896,131,8,11.506979603790004,14.746261837886165,692673.3441598195,142,142,6.0,6.0,-37352.92276695613,500.77882741931813,37853.701594375445,4884.426806689725,1653.9459451158525,43.51957200431456,False
843896,131,9,10.0,11.252785588268896,-45986.69415318356,71,71,3.13256444702339,6.0,-61138.620447504014,0.0,61138.620447504014,11317.370900708924,847.873609552665,0.0,True
843896,132,0,10.450194930129012,11.765542253305929,575802.5137533757,141,141,6.0,6.0,-21152.8139874784,1.0480505352461468e-13,21152.8139874784,1611.754922113723,1611.754922113723,1.0029004647793763e-14,False
843896,132,1,10.0,10.0,-31711.19544701632,70,70,3.207128046778589,5.862495132632444,-75697.3289480581,0.0,75697.3289480581,14276.655287225622,790.0809188810268,0.0,True
843896,132,2,18.56608641203773,13.892441348451465,-21582.279934578663,54,54,2.3782221848931377,4.400505987697088,-63947.671025664895,1279.696607874339,65227.36763353923,12473.894407247953,607.0718855864417,68.92656747760365,True
843896,132,3,11.696124603518854,24.488227269583973,885629.3877647859,150,150,6.0,6.0,-32227.11490609689,1.1635698352009928e-29,32227.11490609689,3553.3384923181284,1782.5528055632808,9.94833651866983e-31,False
843896,132,4,11.0,10.5,-51699.58803100586,75,75,3.2696671903197827,5.9,-78844.78193915129,0.0,78844.78193915129,14812.49721282024,869.560772920843,0.0,True
843896,132,5,10.0,13.925625447624187,-17437.625980911886,74,74,2.866278651765272,5.580179845317385,-66016.73291011862,0.0,66016.73291011862,12303.42331445966,883.553254037477,0.0,True
843896,132,6,10.0,10.5,-21134.716294715137,75,75,3.366544052695526,6.0,-67657.40687359788,9.414691248821322e-14,67657.40687359788,12560.338268822126,867.5444538927729,9.414691248821322e-15,True
843896,132,7,15.858157889895693,18.6320895147834,-61025.74807177164,56,56,2.708748607377742,4.723721144819263,-73524.19925056428,0.0,73524.19925056428,14049.562774014694,653.333961314198,0.0,True
843896,132,8,10.356281643411004,14.008948745991855,724417.1600699705,143,143,6.0,6.0,34547.095580832,54503.247035028944,19956.151454196945,1286.8465562057067,1665.2398341460512,5262.8200846300515,False
843896,132,9,10.0,11.252785588268896,-45986.69415318356,71,71,3.13256444702339,6.0,-61138.620447504014,0.0,61138.620447504014,11317.370900708924,847.873609552665,0.0,True
843896,133,0,10.0,11.177265140640632,592578.2830910201,142,142,6.0,6.0,19162.940987622853,32344.5080535654,13181.56706594255,0.0,1622.6958832428188,3234.45080535654,False
843896,133,1,10.0,10.0,-31711.19544701632,70,70,3.207128046778589,5.862495132632444,-75697.3289480581,0.0,75697.3289480581,14276.655287225622,790.0809188810268,0.0,True
843896,133,2,18.56608641203773,13.892441348451465,-21582.279934578663,54,54,2.3782221848931377,4.400505987697088,-63947.671025664895,1279.696607874339,65227.36763353923,12473.894407247953,607.0718855864417,68.92656747760365,True
843896,133,3,10.526512143166968,23.263815906104774,840023.704537454,151,151,6.0,6.0,-41292.84702550608,5.861977570020827e-14,41292.84702550608,5347.658074157777,1794.319581839649,5.568774813817118e-15,False
843896,133,4,11.0,10.5,-51699.58803100586,75,75,3.2696671903197827,5.9,-78844.78193915129,0.0,78844.78193915129,14812.49721282024,869.560772920843,0.0,True
843896,133,5,10.0,13.925625447624187,-17437.625980911886,74,74,2.866278651765272,5.580179845317385,-66016.73291011862,0.0,66016.73291011862,12303.42331445966,883.553254037477,0.0,True
843896,133,6,10.0,10.5,-21134.716294715137,75,75,3.366544052695526,6.0,-67657.40687359788,9.414691248821322e-14,67657.40687359788,12560.338268822126,867.5444538927729,9.414691248821322e-15,True
843896,133,7,15.858157889895693,18.6320895147834,-61025.74807177164,56,56,2.708748607377742,4.723721144819263,-73524.19925056428,0.0,73524.19925056428,14049.562774014694,653.333961314198,0.0,True
843896,133,8,10.0,13.308501308692263,725709.3027648055,144,144,6.0,6.0,4008.566883283136,21625.097806844056,17616.53092356092,800.8634713639484,1676.526695842647,2162.5097806844055,False
843896,133,9,10.0,11.252785588268896,-45986.69415318356,71,71,3.13256444702339,6.0,-61138.620447504014,0.0,61138.620447504014,11317.370900708924,847.873609552665,0.0,True
843896,134,0,10.0,10.6184018836086,593327.1346603789,143,143,6.0,6.0,3067.283038718784,16336.415193593932,13269.132154875148,0.0,1633.6415193593934,1633.6415193593932,False
843896,134,1,10.0,10.0,-31711.19544701632,70,70,3.207128046778589,5.862495132632444,-75697.3289480581,0.0,75697.3289480581,14276.655287225622,790.0809188810268,0.0,True
843896,134,2,18.56608641203773,13.892441348451465,-21582.279934578663,54,54,2.3782221848931377,4.400505987697088,-63947.671025664895,1279.696607874339,65227.36763353923,12473.894407247953,607.0718855864417,68.92656747760365,True
843896,134,3,10.0,22.100625110799534,801211.2700960075,152,152,6.0,6.0,-34653.1394246063,10509.503468312825,45162.642892919124,6102.792670117779,1806.0849427912788,1050.9503468312826,False
843896,134,4,11.0,10.5,-51699.58803100586,75,75,3.2696671903197827,5.9,-78844.78193915129,0.0,78844.78193915129,14812.49721282024,869.560772920843,0.0,True
843896,134,5,10.0,13.925625447624187,-17437.625980911886,74,74,2.866278651765272,5.580179845317385,-66016.73291011862,0.0,66016.73291011862,12303.42331445966,883.553254037477,0.0,True
843896,134,6,10.0,10.5,-21134.716294715137,75,75,3.366544052695526,6.0,-67657.40687359788,9.414691248821322e-14,67657.40687359788,12560.338268822126,867.5444538927729,9.414691248821322e-15,True
843896,134,7,15.858157889895693,18.6320895147834,-61025.74807177164,56,56,2.708748607377742,4.723721144819263,-73524.19925056428,0.0,73524.19925056428,14049.562774014694,653.333961314198,0.0,True
843896,134,8,10.0,12.64307624325765,734260.2954553771,145,145,6.0,6.0,11184.238745839713,24886.654874640586,13702.416128800873,0.0,1687.802016100109,2488.6654874640585,False
843896,134,9,10.0,11.252785588268896,-45986.69415318356,71,71,3.13256444702339,6.0,-61138.620447504014,0.0,61138.620447504014,11317.370900708924,847.873609552665,0.0,True
843896,135,0,11.0,11.680242071969461,569265.6226307069,144,144,6.0,6.0,-21579.557171307533,9.947598300641398e-14,21579.557171307533,1644.5813208698103,1644.5813208698103,9.04327118240127e-15,False
843896,135,1,10.0,10.0,-31711.19544701632,70,70,3.207128046778589,5.862495132632444,-75697.3289480581,0.0,75697.3289480581,14276.655287225622,790.0809188810268,0.0,True
843896,135,2,18.56608641203773,13.892441348451465,-21582.279934578663,54,54,2.3782221848931377,4.400505987697088,-63947.671025664895,1279.696607874339,65227.36763353923,12473.894407247953,607.0718855864417,68.92656747760365,True
843896,135,3,10.0,24.310687621879488,820594.336791833,153,153,6.0,6.0,23902.60190196444,52165.73579759785,28263.13389563341,2704.0682014228587,1817.8491110648897,5216.573579759785,False
843896,135,4,11.0,10.5,-51699.58803100586,75,75,3.2696671903197827,5.9,-78844.78193915129,0.0,78844.78193915129,14812.49721282024,869.560772920843,0.0,True
843896,135,5,10.0,13.925625447624187,-17437.625980911886,74,74,2.866278651765272,5.580179845317385,-66016.73291011862,0.0,66016.73291011862,12303.42331445966,883.553254037477,0.0,True
843896,135,6,10.0,10.5,-21134.716294715137,75,75,3.366544052695526,6.0,-67657.40687359788,9.414691248821322e-14,67657.40687359788,12560.338268822126,867.5444538927729,9.414691248821322e-15,True
843896,135,7,15.858157889895693,18.6320895147834,-61025.74807177164,56,56,2.708748607377742,4.723721144819263,-73524.19925056428,0.0,73524.19925056428,14049.562774014694,653.333961314198,0.0,True
843896,135,8,11.0,12.010922431094766,709418.7827359957,146,146,6.0,6.0,-22287.918044436283,0.0,22287.918044436283,1699.070618802791,1699.070618802791,0.0,False
843896,135,9,10.0,11.252785588268896,-45986.69415318356,71,71,3.13256444702339,6.0,-61138.620447504014,0.0,61138.620447504014,11317.370900708924,847.873609552665,0.0,True
843896,136,0,10.0,11.096229968370988,586413.498016391,145,145,6.0,6.0,19556.828731096204,33000.890820688415,13444.062089592211,0.0,1655.5077611990264,3300.0890820688414,False
843896,136,1,10.0,10.0,-31711.19544701632,70,70,3.207128046778589,5.862495132632444,-75697.3289480581,0.0,75697.3289480581,14276.655287225622,790.0809188810268,0.0,True
843896,136,2,18.56608641203773,13.892441348451465,-21582.279934578663,54,54,2.3782221848931377,4.400505987697088,-63947.671025664895,1279.696607874339,65227.36763353923,12473.894407247953,607.0718855864417,68.92656747760365,True
843896,136,3,10.0,23.095153240785514,778732.3864812527,154,154,6.0,6.0,-37505.29671149151,2.1316282072803006e-14,37505.29671149151,4533.6801786826445,1829.611977259786,2.1316282072803005e-15,False
843896,136,4,11.0,10.5,-51699.58803100586,75,75,3.2696671903197827,5.9,-78844.78193915129,0.0,78844.78193915129,14812.49721282024,869.560772920843,0.0,True
843896,136,5,10.0,13.925625447624187,-17437.625980911886,74,74,2.866278651765272,5.580179845317385,-66016.73291011862,0.0,66016.73291011862,12303.42331445966,883.553254037477,0.0,True
843896,136,6,10.0,10.5,-21134.716294715137,75,75,3.366544052695526,6.0,-67657.40687359788,9.414691248821322e-14,67657.40687359788,12560.338268822126,867.5444538927729,9.414691248821322e-15,True
843896,136,7,15.858157889895693,18.6320895147834,-61025.74807177164,56,56,2.708748607377742,4.723721144819263,-73524.19925056428,0.0,73524.19925056428,14049.562774014694,653.333961314198,0.0,True
843896,136,8,10.0,11.410376309540027,703577.5279319906,147,147,6.0,6.0,-3363.929486503672,18377.19601679957,21741.125503303243,1571.6872030989157,1710.336185976083,1837.7196016799571,False
843896,136,9,10.0,11.252785588268896,-45986.69415318356,71,71,3.13256444702339,6.0,-61138.620447504014,0.0,61138.620447504014,11317.370900708924,847.873609552665,0.0,True
843896,137,0,10.0,10.541418469952438,587207.3220094246,146,146,6.0,6.0,3132.871089650187,16664.355448250957,13531.48435860077,0.0,1666.4355448250963,1666.4355448250956,False
843896,137,1,10.0,10.0,-31711.19544701632,70,70,3.207128046778589,5.862495132632444,-75697.3289480581,0.0,75697.3289480581,14276.655287225622,790.0809188810268,0.0,True
843896,137,2,18.56608641203773,13.892441348451465,-21582.279934578663,54,54,2.3782221848931377,4.400505987697088,-63947.671025664895,1279.696607874339,65227.36763353923,12473.894407247953,607.0718855864417,68.92656747760365,True
843896,137,3,10.0,21.940395578746237,728352.8660551093,155,155,6.0,6.0,-46178.75911143841,418.3081150183342,46597.06722645675,6333.220166454094,1841.3707992732845,41.83081150183342,False
843896,137,4,11.0,10.5,-51699.58803100586,75,75,3.2696671903197827,5.9,-78844.78193915129,0.0,78844.78193915129,14812.49721282024,869.560772920843,0.0,True
843896,137,5,10.0,13.925625447624187,-17437.625980911886,74,74,2.866278651765272,5.580179845317385,-66016.73291011862,0.0,66016.73291011862,12303.42331445966,883.553254037477,0.0,True
843896,137,6,10.0,10.5,-21134.716294715137,75,75,3.366544052695526,6.0,-67657.40687359788,9.414691248821322e-14,67657.40687359788,12560.338268822126,867.5444538927729,9.414691248821322e-15,True
843896,137,7,15.858157889895693,18.6320895147834,-61025.74807177164,56,56,2.708748607377742,4.723721144819263,-73524.19925056428,0.0,73524.19925056428,14049.562774014694,653.333961314198,0.0,True
843896,137,8,10.0,12.551413940494031,719879.9873534585,148,148,6.0,6.0,18960.068684661783,32932.85529935233,13972.78661469055,0.0,1721.5983268363188,3293.285529935233,False
843896,137,9,10.0,11.252785588268896,-45986.69415318356,71,71,3.13256444702339,6.0,-61138.620447504014,0.0,61138.620447504014,11317.370900708924,847.873609552665,0.0,True
843896,138,0,11.0,11.595560316947683,562697.0033474857,147,147,6.0,6.0,-22005.771295350467,5.506706202140775e-14,22005.771295350467,1677.3670227192665,1677.3670227192665,5.0060965474007046e-15,False
843896,138,1,10.0,10.0,-31711.19544701632,70,70,3.207128046778589,5.862495132632444,-75697.3289480581,0.0,75697.3289480581,14276.655287225622,790.0809188810268,0.0,True
843896,138,2,18.56608641203773,13.892441348451465,-21582.279934578663,54,54,2.3782221848931377,4.400505987697088,-63947.671025664895,1279.696607874339,65227.36763353923,12473.894407247953,607.0718855864417,68.92656747760365,True
843896,138,3,10.0,20.843375799808925,716038.5368571191,156,156,6.0,6.0,-8262.762573217082,31796.012575249046,40058.77514846613,5006.748186146137,1853.1292772169295,3179.6012575249047,False
843896,138,4,11.0,10.5,-51699.58803100586,75,75,3.2696671903197827,5.9,-78844.78193915129,0.0,78844.78193915129,14812.49721282024,869.560772920843,0.0,True
843896,138,5,10.0,13.925625447624187,-17437.625980911886,74,74,2.866278651765272,5.580179845317385,-66016.73291011862,0.0,66016.73291011862,12303.42331445966,883.553254037477,0.0,True
843896,138,6,10.0,10.5,-21134.716294715137,75,75,3.366544052695526,6.0,-67657.40687359788,9.414691248821322e-14,67657.40687359788,12560.338268822126,867.5444538927729,9.414691248821322e-15,True
843896,138,7,15.858157889895693,18.6320895147834,-61025.74807177164,56,56,2.708748607377742,4.723721144819263,-73524.19925056428,0.0,73524.19925056428,14049.562774014694,653.333961314198,0.0,True
843896,138,8,10.0,11.92384324346933,720569.0372574549,149,149,6.0,6.0,3265.7025472791975,17328.512736395933,14062.810189116735,0.0,1732.851273639592,1732.8512736395933,False
843896,138,9,10.0,11.252785588268896,-45986.69415318356,71,71,3.13256444702339,6.0,-61138.620447504014,0.0,61138.620447504014,11317.370900708924,847.873609552665,0.0,True
843896,139,0,10.0,11.015782301100298,580216.869743092,148,148,6.0,6.0,19950.2021761664,33656.329972061634,13706.127795895234,0.0,1688.2659744869043,3365.6329972061635,False
843896,139,1,10.0,10.0,-31711.19544701632,70,70,3.207128046778589,5.862495132632444,-75697.3289480581,0.0,75697.3289480581,14276.655287225622,790.0809188810268,0.0,True
843896,139,2,18.56608641203773,13.892441348451465,-21582.279934578663,54,54,2.3782221848931377,4.400505987697088,-63947.671025664895,1279.696607874339,65227.36763353923,12473.894407247953,607.0718855864417,68.92656747760365,True
843896,139,3,10.0,19.801207009818476,683795.2899144618,157,157,6.0,6.0,-28334.45744211568,14095.213484248758,42429.67092636444,5462.114279087278,1864.887441366006,1409.5213484248757,False
843896,139,4,11.0,10.5,-51699.58803100586,75,75,3.2696671903197827,5.9,-78844.78193915129,0.0,78844.78193915129,14812.49721282024,869.560772920843,0.0,True
843896,139,5,10.0,13.925625447624187,-17437.625980911886,74,74,2.866278651765272,5.580179845317385,-66016.73291011862,0.0,66016.73291011862,12303.42331445966,883.553254037477,0.0,True
843896,139,6,10.0,10.5,-21134.716294715137,75,75,3.366544052695526,6.0,-67657.40687359788,9.414691248821322e-14,67657.40687359788,12560.338268822126,867.5444538927729,9.414691248821322e-15,True
843896,139,7,15.858157889895693,18.6320895147834,-61025.74807177164,56,56,2.708748607377742,4.723721144819263,-73524.19925056428,0.0,73524.19925056428,14049.562774014694,653.333961314198,0.0,True
843896,139,8,11.0,13.116227567816264,694928.3227449213,150,150,6.0,6.0,-22873.280377366948,3.375077994860475e-14,22873.280377366948,1744.0984905666883,1744.0984905666883,3.068252722600432e-15,False
843896,139,9,10.0,11.252785588268896,-45986.69415318356,71,71,3.13256444702339,6.0,-61138.620447504014,0.0,61138.620447504014,11317.370900708924,847.873609552665,0.0,True
843896,140,0,10.0,10.464993186045282,581055.887974086,149,149,6.0,6.0,3198.302215717258,16991.511078586384,13793.208862869125,0.0,1699.1511078586407,1699.1511078586384,False
843896,140,1,10.0,10.0,-31711.19544701632,70,70,3.207128046778589,5.862495132632444,-75697.3289480581,0.0,75697.3289480581,14276.655287225622,790.0809188810268,0.0,True
843896,140,2,18.56608641203773,13.892441348451465,-21582.279934578663,54,54,2.3782221848931377,4.400505987697088,-63947.671025664895,1279.696607874339,65227.36763353923,12473.894407247953,607.0718855864417,68.92656747760365,True
843896,140,3,10.0,18.81114665932755,628116.1795356919,158,158,6.0,6.0,-51906.94920659876,3.0730973321624293e-13,51906.94920659876,7338.758726099768,1876.6444470124893,3.073097332162429e-14,False
843896,140,4,11.0,10.5,-51699.58803100586,75,75,3.2696671903197827,5.9,-78844.78193915129,0.0,78844.78193915129,14812.49721282024,869.560772920843,0.0,True
843896,140,5,10.0,13.925625447624187,-17437.625980911886,74,74,2.866278651765272,5.580179845317385,-66016.73291011862,0.0,66016.73291011862,12303.42331445966,883.553254037477,0.0,True
843896,140,6,10.0,10.5,-21134.716294715137,75,75,3.366544052695526,6.0,-67657.40687359788,9.414691248821322e-14,67657.40687359788,12560.338268822126,867.5444538927729,9.414691248821322e-15,True
843896,140,7,15.858157889895693,18.6320895147834,-61025.74807177164,56,56,2.708748607377742,4.723721144819263,-73524.19925056428,0.0,73524.19925056428,14049.562774014694,653.333961314198,0.0,True
843896,140,8,10.0,12.46041618942545,704058.2642208786,151,151,6.0,6.0,11811.464320555871,29034.25974061735,17222.79542006148,596.013504007775,1755.3409875028256,2903.4259740617354,False
843896,140,9,10.0,11.252785588268896,-45986.69415318356,71,71,3.13256444702339,6.0,-61138.620447504014,0.0,61138.620447504014,11317.370900708924,847.873609552665,0.0,True
843896,141,0,11.0,11.51149250464981,556098.9029283882,150,150,6.0,6.0,-22430.261170004527,1.8118839761882567e-13,22430.261170004527,1710.0200900003483,1710.0200900003483,1.6471672510802333e-14,False
843896,141,1,10.0,10.0,-31711.19544701632,70,70,3.207128046778589,5.862495132632444,-75697.3289480581,0.0,75697.3289480581,14276.655287225622,790.0809188810268,0.0,True
843896,141,2,18.56608641203773,13.892441348451465,-21582.279934578663,54,54,2.3782221848931377,4.400505987697088,-63947.671025664895,1279.696607874339,65227.36763353923,12473.894407247953,607.0718855864417,68.92656747760365,True
843896,141,3,10.0,17.870589326361173,595086.2336005704,159,159,6.0,6.0,-29388.522232228934,21369.659185182565,50758.1814174115,7090.1941444664135,1888.401336884929,2136.9659185182563,False
843896,141,4,11.0,10.5,-51699.58803100586,75,75,3.2696671903197827,5.9,-78844.78193915129,0.0,78844.78193915129,14812.49721282024,869.560772920843,0.0,True
843896,141,5,10.0,13.925625447624187,-17437.625980911886,74,74,2.866278651765272,5.580179845317385,-66016.73291011862,0.0,66016.73291011862,12303.42331445966,883.553254037477,0.0,True
843896,141,6,10.0,10.5,-21134.716294715137,75,75,3.366544052695526,6.0,-67657.40687359788,9.414691248821322e-14,67657.40687359788,12560.338268822126,867.5444538927729,9.414691248821322e-15,True
843896,141,7,15.858157889895693,18.6320895147834,-61025.74807177164,56,56,2.708748607377742,4.723721144819263,-73524.19925056428,0.0,73524.19925056428,14049.562774014694,653.333961314198,0.0,True
843896,141,8,10.0,11.837395379954177,710752.2684815361,152,152,6.0,6.0,9293.288358402537,23625.901631701636,14332.6132732991,0.0,1766.5766591623874,2362.5901631701636,False
843896,141,9,10.0,11.252785588268896,-45986.69415318356,71,71,3.13256444702339,6.0,-61138.620447504014,0.0,61138.620447504014,11317.370900708924,847.873609552665,0.0,True
843896,142,0,10.0,10.93591787941732,573989.563882227,151,151,6.0,6.0,20341.984553636477,34309.11916816841,13967.13461453193,0.0,1720.8918268164912,3430.9119168168404,False
843896,142,1,10.0,10.0,-31711.19544701632,70,70,3.207128046778589,5.862495132632444,-75697.3289480581,0.0,75697.3289480581,14276.655287225622,790.0809188810268,0.0,True
843896,142,2,18.56608641203773,13.892441348451465,-21582.279934578663,54,54,2.3782221848931377,4.400505987697088,-63947.671025664895,1279.696607874339,65227.36763353923,12473.894407247953,607.0718855864417,68.92656747760365,True
843896,142,3,10.0,19.65764825899729,546836.6407933815,160,160,6.0,6.0,-44304.36908575544,10699.060305176625,55003.42939093206,7920.441100193995,1900.1529862452605,1069.9060305176624,False
843896,142,4,11.0,10.5,-51699.58803100586,75,75,3.2696671903197827,5.9,-78844.78193915129,0.0,78844.78193915129,14812.49721282024,869.560772920843,0.0,True
843896,142,5,10.0,13.925625447624187,-17437.625980911886,74,74,2.866278651765272,5.580179845317385,-66016.73291011862,0.0,66016.73291011862,12303.42331445966,883.553254037477,0.0,True
843896,142,6,10.0,10.5,-21134.716294715137,75,75,3.366544052695526,6.0,-67657.40687359788,9.414691248821322e-14,67657.40687359788,12560.338268822126,867.5444538927729,9.414691248821322e-15,True
843896,142,7,15.858157889895693,18.6320895147834,-61025.74807177164,56,56,2.708748607377742,4.723721144819263,-73524.19925056428,0.0,73524.19925056428,14049.562774014694,653.333961314198,0.0,True
843896,142,8,11.0,11.245525610956468,684920.207611855,153,153,6.0,6.0,-23311.495451200793,8.704148513061223e-14,23311.495451200793,1777.807342400061,1777.807342400061,7.912862284601112e-15,False
843896,142,9,10.0,11.252785588268896,-45986.69415318356,71,71,3.13256444702339,6.0,-61138.620447504014,0.0,61138.620447504014,11317.370900708924,847.873609552665,0.0,True
843896,143,0,10.0,10.389121985446453,574873.9258360182,152,152,6.0,6.0,3263.5084955737148,17317.54247786866,14054.033982294946,0.0,1731.7542477868683,1731.7542477868662,False
843896,143,1,10.0,10.0,-31711.19544701632,70,70,3.207128046778589,5.862495132632444,-75697.3289480581,0.0,75697.3289480581,14276.655287225622,790.0809188810268,0.0,True
843896,143,2,18.56608641203773,13.892441348451465,-21582.279934578663,54,54,2.3782221848931377,4.400505987697088,-63947.671025664895,1279.696607874339,65227.36763353923,12473.894407247953,607.0718855864417,68.92656747760365,True
843896,143,3,10.0,18.674765846047425,478373.0430763249,161,161,6.0,6.0,-64656.96041585164,2.6467716907063666e-13,64656.96041585164,9832.34532441566,1911.9042242216663,2.6467716907063666e-14,False
843896,143,4,11.0,10.5,-51699.58803100586,75,75,3.2696671903197827,5.9,-78844.78193915129,0.0,78844.78193915129,14812.49721282024,869.560772920843,0.0,True
843896,143,5,10.0,13.925625447624187,-17437.625980911886,74,74,2.866278651765272,5.580179845317385,-66016.73291011862,0.0,66016.73291011862,12303.42331445966,883.553254037477,0.0,True
843896,143,6,10.0,10.5,-21134.716294715137,75,75,3.366544052695526,6.0,-67657.40687359788,9.414691248821322e-14,67657.40687359788,12560.338268822126,867.5444538927729,9.414691248821322e-15,True
843896,143,7,15.858157889895693,18.6320895147834,-61025.74807177164,56,56,2.708748607377742,4.723721144819263,-73524.19925056428,0.0,73524.19925056428,14049.562774014694,653.333961314198,0.0,True
843896,143,8,10.0,10.683249330408644,690335.5610748322,154,154,6.0,6.0,7860.573859855918,26804.66714484265,18944.09328498673,886.3706391010024,1789.030011185215,2680.466714484265,False
843896,143,9,10.0,11.252785588268896,-45986.69415318356,71,71,3.13256444702339,6.0,-61138.620447504014,0.0,61138.620447504014,11317.370900708924,847.873609552665,0.0,True
843896,144,0,11.0,11.428034183991098,549020.7295480754,153,153,6.0,6.0,-23304.70705778549,1.4566126083082044e-13,23304.70705778549,1777.2851582911915,1777.2851582911915,1.3241932802801858e-14,False
843896,144,1,10.0,10.0,-31711.19544701632,70,70,3.207128046778589,5.862495132632444,-75697.3289480581,0.0,75697.3289480581,14276.655287225622,790.0809188810268,0.0,True
843896,144,2,18.56608641203773,13.892441348451465,-21582.279934578663,54,54,2.3782221848931377,4.400505987697088,-63947.671025664895,1279.696607874339,65227.36763353923,12473.894407247953,607.0718855864417,68.92656747760365,True
843896,144,3,10.0,17.741027553745052,425015.7617967181,162,162,6.0,6.0,-49683.234815900876,16457.286539120985,66140.52135502186,10110.26574761927,1923.6490771156894,1645.7286539120985,False
843896,144,4,11.0,10.5,-51699.58803100586,75,75,3.2696671903197827,5.9,-78844.78193915129,0.0,78844.78193915129,14812.49721282024,869.560772920843,0.0,True
843896,144,5,10.0,13.925625447624187,-17437.625980911886,74,74,2.866278651765272,5.580179845317385,-66016.73291011862,0.0,66016.73291011862,12303.42331445966,883.553254037477,0.0,True
843896,144,6,10.0,10.5,-21134.716294715137,75,75,3.366544052695526,6.0,-67657.40687359788,9.414691248821322e-14,67657.40687359788,12560.338268822126,867.5444538927729,9.414691248821322e-15,True
843896,144,7,15.858157889895693,18.6320895147834,-61025.74807177164,56,56,2.708748607377742,4.723721144819263,-73524.19925056428,0.0,73524.19925056428,14049.562774014694,653.333961314198,0.0,True
843896,144,8,10.0,10.149086863888211,700157.3156360708,155,155,6.0,6.0,12194.86302513533,26519.48956163657,14324.626536501239,0.0,1765.5783170626548,2651.948956163657,False
843896,144,9,10.0,11.252785588268896,-45986.69415318356,71,71,3.13256444702339,6.0,-61138.620447504014,0.0,61138.620447504014,11317.370900708924,847.873609552665,0.0,True
843896,145,0,10.0,10.856632474791542,567698.6814876418,154,154,6.0,6.0,21149.87334068717,35657.96037178849,14508.087031101322,0.0,1788.5108788876653,3565.796037178849,False
843896,145,1,10.0,10.0,-31711.19544701632,70,70,3.207128046778589,5.862495132632444,-75697.3289480581,0.0,75697.3289480581,14276.655287225622,790.0809188810268,0.0,True
843896,145,2,18.56608641203773,13.892441348451465,-21582.279934578663,54,54,2.3782221848931377,4.400505987697088,-63947.671025664895,1279.696607874339,65227.36763353923,12473.894407247953,607.0718855864417,68.92656747760365,True
843896,145,3,10.0,19.51513030911956,356364.4791078816,163,163,6.0,6.0,-64670.316448453676,7494.088839006122,72164.4052874598,11296.250784400687,1935.3939206820453,749.4088839006122,False
843896,145,4,11.0,10.5,-51699.58803100586,75,75,3.2696671903197827,5.9,-78844.78193915129,0.0,78844.78193915129,14812.49721282024,869.560772920843,0.0,True
843896,145,5,10.0,13.925625447624187,-17437.625980911886,74,74,2.866278651765272,5.580179845317385,-66016.73291011862,0.0,66016.73291011862,12303.42331445966,883.553254037477,0.0,True
843896,145,6,10.0,10.5,-21134.716294715137,75,75,3.366544052695526,6.0,-67657.40687359788,9.414691248821322e-14,67657.40687359788,12560.338268822126,867.5444538927729,9.414691248821322e-15,True
843896,145,7,15.858157889895693,18.6320895147834,-61025.74807177164,56,56,2.708748607377742,4.723721144819263,-73524.19925056428,0.0,73524.19925056428,14049.562774014694,653.333961314198,0.0,True
843896,145,8,11.0,10.0,674503.8111645281,156,156,6.0,6.0,-23293.504471542667,8.881784197001247e-14,23293.504471542667,1776.4234208878975,1776.4234208878975,8.074349270001134e-15,False
843896,145,9,10.0,11.252785588268896,-45986.69415318356,71,71,3.13256444702339,6.0,-61138.620447504014,0.0,61138.620447504014,11317.370900708924,847.873609552665,0.0,True
843896,146,0,10.0,10.313800851051965,568699.4985557515,155,155,6.0,6.0,3399.4562000146943,17997.281000073443,14597.824800058748,0.0,1799.7281000073435,1799.7281000073442,False
843896,146,1,10.0,10.0,-31711.19544701632,70,70,3.207128046778589,5.862495132632444,-75697.3289480581,0.0,75697.3289480581,14276.655287225622,790.0809188810268,0.0,True
843896,146,2,18.56608641203773,13.892441348451465,-21582.279934578663,54,54,2.3782221848931377,4.400505987697088,-63947.671025664895,1279.696607874339,65227.36763353923,12473.894407247953,607.0718855864417,68.92656747760365,True
843896,146,3,10.0,18.539373793663582,270629.96679821145,164,164,6.0,5.9,-81994.05500751332,2.629008122312364e-13,81994.05500751332,13243.38932943991,1947.138545039222,2.6290081223123642e-14,False
843896,146,4,11.0,10.5,-51699.58803100586,75,75,3.2696671903197827,5.9,-78844.78193915129,0.0,78844.78193915129,14812.49721282024,869.560772920843,0.0,True
843896,146,5,10.0,13.925625447624187,-17437.625980911886,74,74,2.866278651765272,5.580179845317385,-66016.73291011862,0.0,66016.73291011862,12303.42331445966,883.553254037477,0.0,True
843896,146,6,10.0,10.5,-21134.716294715137,75,75,3.366544052695526,6.0,-67657.40687359788,9.414691248821322e-14,67657.40687359788,12560.338268822126,867.5444538927729,9.414691248821322e-15,True
843896,146,7,15.858157889895693,18.6320895147834,-61025.74807177164,56,56,2.708748607377742,4.723721144819263,-73524.19925056428,0.0,73524.19925056428,14049.562774014694,653.333961314198,0.0,True
843896,146,8,10.0,10.0,676829.7752811245,157,157,6.0,6.0,4695.964116596391,24674.99783135397,19979.033714757577,1096.1863705213511,1787.2627327688529,2467.4997831353967,False
843896,146,9,10.0,11.252785588268896,-45986.69415318356,71,71,3.13256444702339,6.0,-61138.620447504014,0.0,61138.620447504014,11317.370900708924,847.873609552665,0.0,True
843896,147,0,11.0,11.345180936157163,542387.3907241604,156,156,6.0,6.0,-23742.25960555051,1.367794766338192e-13,23742.25960555051,1810.9430465808084,1810.9430465808084,1.2434497875801745e-14,False
843896,147,1,10.0,10.0,-31711.19544701632,70,70,3.207128046778589,5.862495132632444,-75697.3289480581,0.0,75697.3289480581,14276.655287225622,790.0809188810268,0.0,True
843896,147,2,18.56608641203773,13.892441348451465,-21582.279934578663,54,54,2.3782221848931377,4.400505987697088,-63947.671025664895,1279.696607874339,65227.36763353923,12473.894407247953,607.0718855864417,68.92656747760365,True
843896,147,3,10.0,17.612405103980404,195342.61269592657,165,165,6.0,6.0,-71581.30726012809,13534.073081321514,85115.3803414496,13848.864347070119,1958.8823257623765,1353.4073081321515,False
843896,147,4,11.0,10.5,-51699.58803100586,75,75,3.2696671903197827,5.9,-78844.78193915129,0.0,78844.78193915129,14812.49721282024,869.560772920843,0.0,True
843896,147,5,10.0,13.925625447624187,-17437.625980911886,74,74,2.866278651765272,5.580179845317385,-66016.73291011862,0.0,66016.73291011862,12303.42331445966,883.553254037477,0.0,True
843896,147,6,10.0,10.5,-21134.716294715137,75,75,3.366544052695526,6.0,-67657.40687359788,9.414691248821322e-14,67657.40687359788,12560.338268822126,867.5444538927729,9.414691248821322e-15,True
843896,147,7,15.858157889895693,18.6320895147834,-61025.74807177164,56,56,2.708748607377742,4.723721144819263,-73524.19925056428,0.0,73524.19925056428,14049.562774014694,653.333961314198,0.0,True
843896,147,8,10.0,11.0,688649.8305427835,158,158,6.0,6.0,14358.05526165902,28942.821487441208,14584.766225782188,0.0,1798.0957782227736,2894.2821487441206,False
843896,147,9,10.0,11.252785588268896,-45986.69415318356,71,71,3.13256444702339,6.0,-61138.620447504014,0.0,61138.620447504014,11317.370900708924,847.873609552665,0.0,True
843896,148,0,10.0,10.777921889349305,561448.9980684402,157,157,6.0,6.0,21553.74108090419,36330.983541289184,14777.242460384994,0.0,1822.1553075481243,3633.0983541289183,False
843896,148,1,10.0,10.0,-31711.19544701632,70,70,3.207128046778589,5.862495132632444,-75697.3289480581,0.0,75697.3289480581,14276.655287225622,790.0809188810268,0.0,True
843896,148,2,18.56608641203773,13.892441348451465,-21582.279934578663,54,54,2.3782221848931377,4.400505987697088,-63947.671025664895,1279.696607874339,65227.36763353923,12473.894407247953,607.0718855864417,68.92656747760365,True
843896,148,3,10.0,19.373645614378447,106262.3257242361,166,166,6.0,6.0,-85064.26179970555,6665.461518285828,91729.72331799137,15152.943759994123,1970.6255647525961,666.5461518285828,False
843896,148,4,11.0,10.5,-51699.58803100586,75,75,3.2696671903197827,5.9,-78844.78193915129,0.0,78844.78193915129,14812.49721282024,869.560772920843,0.0,True
843896,148,5,10.0,13.925625447624187,-17437.625980911886,74,74,2.866278651765272,5.580179845317385,-66016.73291011862,0.0,66016.73291011862,12303.42331445966,883.553254037477,0.0,True
843896,148,6,10.0,10.5,-21134.716294715137,75,75,3.366544052695526,6.0,-67657.40687359788,9.414691248821322e-14,67657.40687359788,12560.338268822126,867.5444538927729,9.414691248821322e-15,True
843896,148,7,15.858157889895693,18.6320895147834,-61025.74807177164,56,56,2.708748607377742,4.723721144819263,-73524.19925056428,0.0,73524.19925056428,14049.562774014694,653.333961314198,0.0,True
843896,148,8,11.0,10.45,662472.3267839317,159,159,6.0,6.0,-23715.953758859177,7.283063041541023e-14,23715.953758859177,1808.9195199122446,1808.9195199122446,6.62096640140093e-15,False
843896,148,9,10.0,11.252785588268896,-45986.69415318356,71,71,3.13256444702339,6.0,-61138.620447504014,0.0,61138.620447504014,11317.370900708924,847.873609552665,0.0,True
843896,149,0,10.0,10.239025794881838,562497.9627207225,158,158,6.0,6.0,3466.730727876653,18333.653639383443,14866.92291150679,0.0,1833.3653639383488,1833.3653639383444,False
843896,149,1,10.0,10.0,-31711.19544701632,70,70,3.207128046778589,5.862495132632444,-75697.3289480581,0.0,75697.3289480581,14276.655287225622,790.0809188810268,0.0,True
843896,149,2,18.56608641203773,13.892441348451465,-21582.279934578663,54,54,2.3782221848931377,4.400505987697088,-63947.671025664895,1279.696607874339,65227.36763353923,12473.894407247953,607.0718855864417,68.92656747760365,True
843896,149,3,10.0,18.404963333659524,653.1977527081181,167,167,6.0,6.0,-101735.49909480769,2.629008122312364e-13,101735.49909480769,17135.31147498159,1982.367714987467,2.6290081223123642e-14,False
843896,149,4,11.0,10.5,-51699.58803100586,75,75,3.2696671903197827,5.9,-78844.78193915129,0.0,78844.78193915129,14812.49721282024,869.560772920843,0.0,True
843896,149,5,10.0,13.925625447624187,-17437.625980911886,74,74,2.866278651765272,5.580179845317385,-66016.73291011862,0.0,66016.73291011862,12303.42331445966,883.553254037477,0.0,True
843896,149,6,10.0,10.5,-21134.716294715137,75,75,3.366544052695526,6.0,-67657.40687359788,9.414691248821322e-14,67657.40687359788,12560.338268822126,867.5444538927729,9.414691248821322e-15,True
843896,149,7,15.858157889895693,18.6320895147834,-61025.74807177164,56,56,2.708748607377742,4.723721144819263,-73524.19925056428,0.0,73524.19925056428,14049.562774014694,653.333961314198,0.0,True
843896,149,8,10.0,10.0,663396.2366862765,160,160,6.0,6.0,3323.909902344829,24150.077760659373,20826.167858314544,1213.6509083911444,1819.7391645448529,2415.0077760659374,False
843896,149,9,10.0,11.252785588268896,-45986.69415318356,71,71,3.13256444702339,6.0,-61138.620447504014,0.0,61138.620447504014,11317.370900708924,847.873609552665,0.0,True
843896,150,0,11.0,11.262928374370023,535724.236423332,159,159,6.0,6.0,-24182.92068586975,1.5987211554602247e-13,24182.92068586975,1844.8400527592114,1844.8400527592114,1.4533828686002043e-14,False
843896,150,1,10.0,10.0,-31711.19544701632,70,70,3.207128046778589,5.862495132632444,-75697.3289480581,0.0,75697.3289480581,14276.655287225622,790.0809188810268,0.0,True
843896,150,2,18.56608641203773,13.892441348451465,-21582.279934578663,54,54,2.3782221848931377,4.400505987697088,-63947.671025664895,1279.696607874339,65227.36763353923,12473.894407247953,607.0718855864417,68.92656747760365,True
843896,150,3,10.5,20.24545966702548,-94948.85271081199,167,167,6.0,6.0,-91921.05869912685,13362.96317364467,105284.02187277153,17845.016030574356,1982.367714987467,1272.6631593947304,True
843896,150,4,11.0,10.5,-51699.58803100586,75,75,3.2696671903197827,5.9,-78844.78193915129,0.0,78844.78193915129,14812.49721282024,869.560772920843,0.0,True
843896,150,5,10.0,13.925625447624187,-17437.625980911886,74,74,2.866278651765272,5.580179845317385,-66016.73291011862,0.0,66016.73291011862,12303.42331445966,883.553254037477,0.0,True
843896,150,6,10.0,10.5,-21134.716294715137,75,75,3.366544052695526,6.0,-67657.40687359788,9.414691248821322e-14,67657.40687359788,12560.338268822126,867.5444538927729,9.414691248821322e-15,True
843896,150,7,15.858157889895693,18.6320895147834,-61025.74807177164,56,56,2.708748607377742,4.723721144819263,-73524.19925056428,0.0,73524.19925056428,14049.562774014694,653.333961314198,0.0,True
843896,150,8,10.0,11.0,676423.2914737497,161,161,6.0,6.0,15598.054787473167,30444.23760172002,14846.182814246851,0.0,1830.7728517808564,3044.423760172002,False
843896,150,9,10.0,11.252785588268896,-45986.69415318356,71,71,3.13256444702339,6.0,-61138.620447504014,0.0,61138.620447504014,11317.370900708924,847.873609552665,0.0,True
843896,151,0,10.0,10.699781955651522,555175.9822232953,160,160,6.0,6.0,21963.710912872873,37024.95245399613,15061.241541123254,0.0,1857.6551926404068,3702.495245399613,False
843896,151,1,10.0,10.0,-31711.19544701632,70,70,3.207128046778589,5.862495132632444,-75697.3289480581,0.0,75697.3289480581,14276.655287225622,790.0809188810268,0.0,True
843896,151,2,18.56608641203773,13.892441348451465,-21582.279934578663,54,54,2.3782221848931377,4.400505987697088,-63947.671025664895,1279.696607874339,65227.36763353923,12473.894407247953,607.0718855864417,68.92656747760365,True
843896,151,3,10.5,20.24545966702548,-94948.85271081199,167,167,6.0,6.0,-91921.05869912685,13362.96317364467,105284.02187277153,17845.016030574356,1982.367714987467,1272.6631593947304,True
843896,151,4,11.0,10.5,-51699.58803100586,75,75,3.2696671903197827,5.9,-78844.78193915129,0.0,78844.78193915129,14812.49721282024,869.560772920843,0.0,True
843896,151,5,10.0,13.925625447624187,-17437.625980911886,74,74,2.866278651765272,5.580179845317385,-66016.73291011862,0.0,66016.73291011862,12303.42331445966,883.553254037477,0.0,True
843896,151,6,10.0,10.5,-21134.716294715137,75,75,3.366544052695526,6.0,-67657.40687359788,9.414691248821322e-14,67657.40687359788,12560.338268822126,867.5444538927729,9.414691248821322e-15,True
843896,151,7,15.858157889895693,18.6320895147834,-61025.74807177164,56,56,2.708748607377742,4.723721144819263,-73524.19925056428,0.0,73524.19925056428,14049.562774014694,653.333961314198,0.0,True
843896,151,8,10.0,12.100000000000001,652799.1450566472,162,162,6.0,6.0,-20863.946417106177,2895.6610569318573,23759.607474038035,1634.0829714225038,1923.6490771156894,289.5661056931857,False
843896,151,9,10.0,11.252785588268896,-45986.69415318356,71,71,3.13256444702339,6.0,-61138.620447504014,0.0,61138.620447504014,11317.370900708924,847.873609552665,0.0,True
843896,152,0,10.0,10.164792857868946,556277.1767380998,161,161,6.0,6.0,3537.7261649154225,18688.6308245771,15150.904659661677,0.0,1868.8630824577097,1868.8630824577099,False
843896,152,1,10.0,10.0,-31711.19544701632,70,70,3.207128046778589,5.862495132632444,-75697.3289480581,0.0,75697.3289480581,14276.655287225622,790.0809188810268,0.0,True
843896,152,2,18.56608641203773,13.892441348451465,-21582.279934578663,54,54,2.3782221848931377,4.400505987697088,-63947.671025664895,1279.696607874339,65227.36763353923,12473.894407247953,607.0718855864417,68.92656747760365,True
843896,152,3,10.5,20.24545966702548,-94948.85271081199,167,167,6.0,6.0,-91921.05869912685,13362.96317364467,105284.02187277153,17845.016030574356,1982.367714987467,1272.6631593947304,True
843896,152,4,11.0,10.5,-51699.58803100586,75,75,3.2696671903197827,5.9,-78844.78193915129,0.0,78844.78193915129,14812.49721282024,869.560772920843,0.0,True
843896,152,5,10.0,13.925625447624187,-17437.625980911886,74,74,2.866278651765272,5.580179845317385,-66016.73291011862,0.0,66016.73291011862,12303.42331445966,883.553254037477,0.0,True
843896,152,6,10.0,10.5,-21134.716294715137,75,75,3.366544052695526,6.0,-67657.40687359788,9.414691248821322e-14,67657.40687359788,12560.338268822126,867.5444538927729,9.414691248821322e-15,True
843896,152,7,15.858157889895693,18.6320895147834,-61025.74807177164,56,56,2.708748607377742,4.723721144819263,-73524.19925056428,0.0,73524.19925056428,14049.562774014694,653.333961314198,0.0,True
843896,152,8,10.0,11.495000000000001,643956.0476176688,163,163,6.0,6.0,-6169.412438979285,18240.748924666517,24410.161363645802,1745.401999637888,1935.3939206820453,1824.0748924666516,False
843896,152,9,10.0,11.252785588268896,-45986.69415318356,71,71,3.13256444702339,6.0,-61138.620447504014,0.0,61138.620447504014,11317.370900708924,847.873609552665,0.0,True
843896,153,0,11.0,11.18127214365584,529024.9107556373,162,162,6.0,6.0,-24640.899895196933,6.30606677987087e-13,24640.899895196933,1880.0692227074562,1880.0692227074562,5.732787981700791e-14,False
843896,153,1,10.0,10.0,-31711.19544701632,70,70,3.207128046778589,5.862495132632444,-75697.3289480581,0.0,75697.3289480581,14276.655287225622,790.0809188810268,0.0,True
843896,153,2,18.56608641203773,13.892441348451465,-21582.279934578663,54,54,2.3782221848931377,4.400505987697088,-63947.671025664895,1279.696607874339,65227.36763353923,12473.894407247953,607.0718855864417,68.92656747760365,True
843896,153,3,10.5,20.24545966702548,-94948.85271081199,167,167,6.0,6.0,-91921.05869912685,13362.96317364467,105284.02187277153,17845.016030574356,1982.367714987467,1272.6631593947304,True
843896,153,4,11.0,10.5,-51699.58803100586,75,75,3.2696671903197827,5.9,-78844.78193915129,0.0,78844.78193915129,14812.49721282024,869.560772920843,0.0,True
843896,153,5,10.0,13.925625447624187,-17437.625980911886,74,74,2.866278651765272,5.580179845317385,-66016.73291011862,0.0,66016.73291011862,12303.42331445966,883.553254037477,0.0,True
843896,153,6,10.0,10.5,-21134.716294715137,75,75,3.366544052695526,6.0,-67657.40687359788,9.414691248821322e-14,67657.40687359788,12560.338268822126,867.5444538927729,9.414691248821322e-15,True
843896,153,7,15.858157889895693,18.6320895147834,-61025.74807177164,56,56,2.708748607377742,4.723721144819263,-73524.19925056428,0.0,73524.19925056428,14049.562774014694,653.333961314198,0.0,True
843896,153,8,10.0,12.644500000000003,661426.1112192236,164,164,6.0,6.0,20343.761601563554,36389.04845684195,16045.286855278395,53.635698992923885,1947.138545039222,3638.904845684195,False
843896,153,9,10.0,11.252785588268896,-45986.69415318356,71,71,3.13256444702339,6.0,-61138.620447504014,0.0,61138.620447504014,11317.370900708924,847.873609552665,0.0,True
843896,154,0,10.0,10.622208536473048,545339.7353319023,163,163,6.0,6.0,18846.244567712158,35355.41359811722,16509.169030405064,235.7993795054515,1891.271516609726,3535.5413598117225,False
843896,154,1,10.0,10.0,-31711.19544701632,70,70,3.207128046778589,5.862495132632444,-75697.3289480581,0.0,75697.3289480581,14276.655287225622,790.0809188810268,0.0,True
843896,154,2,18.56608641203773,13.892441348451465,-21582.279934578663,54,54,2.3782221848931377,4.400505987697088,-63947.671025664895,1279.696607874339,65227.36763353923,12473.894407247953,607.0718855864417,68.92656747760365,True
843896,154,3,10.5,20.24545966702548,-94948.85271081199,167,167,6.0,6.0,-91921.05869912685,13362.96317364467,105284.02187277153,17845.016030574356,1982.367714987467,1272.6631593947304,True
843896,154,4,11.0,10.5,-51699.58803100586,75,75,3.2696671903197827,5.9,-78844.78193915129,0.0,78844.78193915129,14812.49721282024,869.560772920843,0.0,True
843896,154,5,10.0,13.925625447624187,-17437.625980911886,74,74,2.866278651765272,5.580179845317385,-66016.73291011862,0.0,66016.73291011862,12303.42331445966,883.553254037477,0.0,True
843896,154,6,10.0,10.5,-21134.716294715137,75,75,3.366544052695526,6.0,-67657.40687359788,9.414691248821322e-14,67657.40687359788,12560.338268822126,867.5444538927729,9.414691248821322e-15,True
843896,154,7,15.858157889895693,18.6320895147834,-61025.74807177164,56,56,2.708748607377742,4.723721144819263,-73524.19925056428,0.0,73524.19925056428,14049.562774014694,653.333961314198,0.0,True
843896,154,8,10.0,12.012275000000002,632710.4371143503,165,165,6.0,6.0,-25933.648729875513,4.227729277772608e-13,25933.648729875513,2012.5180247553003,1958.8823257623765,4.227729277772608e-14,False
843896,154,9,10.0,11.252785588268896,-45986.69415318356,71,71,3.13256444702339,6.0,-61138.620447504014,0.0,61138.620447504014,11317.370900708924,847.873609552665,0.0,True
843896,155,0,10.0,10.091098109649394,548847.7297379533,164,164,6.0,6.0,5962.934496026948,21382.69729991678,15419.762803889833,0.0,1902.470350486229,2138.269729991678,False
843896,155,1,10.0,10.0,-31711.19544701632,70,70,3.207128046778589,5.862495132632444,-75697.3289480581,0.0,75697.3289480581,14276.655287225622,790.0809188810268,0.0,True
843896,155,2,18.56608641203773,13.892441348451465,-21582.279934578663,54,54,2.3782221848931377,4.400505987697088,-63947.671025664895,1279.696607874339,65227.36763353923,12473.894407247953,607.0718855864417,68.92656747760365,True
843896,155,3,10.5,20.24545966702548,-94948.85271081199,167,167,6.0,6.0,-91921.05869912685,13362.96317364467,105284.02187277153,17845.016030574356,1982.367714987467,1272.6631593947304,True
843896,155,4,11.0,10.5,-51699.58803100586,75,75,3.2696671903197827,5.9,-78844.78193915129,0.0,78844.78193915129,14812.49721282024,869.560772920843,0.0,True
843896,155,5,10.0,13.925625447624187,-17437.625980911886,74,74,2.866278651765272,5.580179845317385,-66016.73291011862,0.0,66016.73291011862,12303.42331445966,883.553254037477,0.0,True
843896,155,6,10.0,10.5,-21134.716294715137,75,75,3.366544052695526,6.0,-67657.40687359788,9.414691248821322e-14,67657.40687359788,12560.338268822126,867.5444538927729,9.414691248821322e-15,True
843896,155,7,15.858157889895693,18.6320895147834,-61025.74807177164,56,56,2.708748607377742,4.723721144819263,-73524.19925056428,0.0,73524.19925056428,14049.562774014694,653.333961314198,0.0,True
843896,155,8,10.0,11.411661250000002,613158.1443422897,166,166,6.0,6.0,-16857.95700455214,12681.843640672065,29539.800645224204,2714.9592254406866,1970.6255647525961,1268.1843640672064,False
843896,155,9,10.0,11.252785588268896,-45986.69415318356,71,71,3.13256444702339,6.0,-61138.620447504014,0.0,61138.620447504014,11317.370900708924,847.873609552665,0.0,True
843896,156,0,11.0,11.100207920614334,521138.5120311643,165,165,6.0,6.0,-25077.683399881418,3.570477247194511e-13,25077.683399881418,1913.667953837032,1913.667953837032,3.245888406540465e-14,False
843896,156,1,10.0,10.0,-31711.19544701632,70,70,3.207128046778589,5.862495132632444,-75697.3289480581,0.0,75697.3289480581,14276.655287225622,790.0809188810268,0.0,True
843896,156,2,18.56608641203773,13.892441348451465,-21582.279934578663,54,54,2.3782221848931377,4.400505987697088,-63947.671025664895,1279.696607874339,65227.36763353923,12473.894407247953,607.0718855864417,68.92656747760365,True
843896,156,3,10.5,20.24545966702548,-94948.85271081199,167,167,6.0,6.0,-91921.05869912685,13362.96317364467,105284.02187277153,17845.016030574356,1982.367714987467,1272.6631593947304,True
843896,156,4,11.0,10.5,-51699.58803100586,75,75,3.2696671903197827,5.9,-78844.78193915129,0.0,78844.78193915129,14812.49721282024,869.560772920843,0.0,True
843896,156,5,10.0,13.925625447624187,-17437.625980911886,74,74,2.866278651765272,5.580179845317385,-66016.73291011862,0.0,66016.73291011862,12303.42331445966,883.553254037477,0.0,True
843896,156,6,10.0,10.5,-21134.716294715137,75,75,3.366544052695526,6.0,-67657.40687359788,9.414691248821322e-14,67657.40687359788,12560.338268822126,867.5444538927729,9.414691248821322e-15,True
843896,156,7,15.858157889895693,18.6320895147834,-61025.74807177164,56,56,2.708748607377742,4.723721144819263,-73524.19925056428,0.0,73524.19925056428,14049.562774014694,653.333961314198,0.0,True
843896,156,8,10.0,12.552827375000003,622517.98179557,167,167,6.0,6.0,12256.159624906926,34534.49069796497,22278.33107305804,1243.8778706316614,1982.367714987467,3453.449069796497,False
843896,156,9,10.0,11.252785588268896,-45986.69415318356,71,71,3.13256444702339,6.0,-61138.620447504014,0.0,61138.620447504014,11317.370900708924,847.873609552665,0.0,True
843896,157,0,10.0,10.545197524583617,536621.70589693,166,166,6.0,6.0,18033.696654848532,35216.82115292402,17183.12449807549,316.84701587943704,1924.8611773347882,3521.682115292402,False
843896,157,1,10.0,10.0,-31711.19544701632,70,70,3.207128046778589,5.862495132632444,-75697.3289480581,0.0,75697.3289480581,14276.655287225622,790.0809188810268,0.0,True
843896,157,2,18.56608641203773,13.892441348451465,-21582.279934578663,54,54,2.3782221848931377,4.400505987697088,-63947.671025664895,1279.696607874339,65227.36763353923,12473.894407247953,607.0718855864417,68.92656747760365,True
843896,157,3,10.5,20.24545966702548,-94948.85271081199,167,167,6.0,6.0,-91921.05869912685,13362.96317364467,105284.02187277153,17845.016030574356,1982.367714987467,1272.6631593947304,True
843896,157,4,11.0,10.5,-51699.58803100586,75,75,3.2696671903197827,5.9,-78844.78193915129,0.0,78844.78193915129,14812.49721282024,869.560772920843,0.0,True
843896,157,5,10.0,13.925625447624187,-17437.625980911886,74,74,2.866278651765272,5.580179845317385,-66016.73291011862,0.0,66016.73291011862,12303.42331445966,883.553254037477,0.0,True
843896,157,6,10.0,10.5,-21134.716294715137,75,75,3.366544052695526,6.0,-67657.40687359788,9.414691248821322e-14,67657.40687359788,12560.338268822126,867.5444538927729,9.414691248821322e-15,True
843896,157,7,15.858157889895693,18.6320895147834,-61025.74807177164,56,56,2.708748607377742,4.723721144819263,-73524.19925056428,0.0,73524.19925056428,14049.562774014694,653.333961314198,0.0,True
843896,157,8,10.0,13.808110112500005,587055.4069655704,168,168,6.0,6.0,-32342.812331090034,3.3395508580724704e-13,32342.812331090034,3237.9873304725634,1994.109459840902,3.3395508580724704e-14,False
843896,157,9,10.0,11.252785588268896,-45986.69415318356,71,71,3.13256444702339,6.0,-61138.620447504014,0.0,61138.620447504014,11317.370900708924,847.873609552665,0.0,True
843896,158,0,10.0,10.017937648354437,540989.2862573719,167,167,6.0,6.0,6840.575947715244,22528.999103398673,15688.42315568343,0.0,1936.0528944604287,2252.8999103398673,False
843896,158,1,10.0,10.0,-31711.19544701632,70,70,3.207128046778589,5.862495132632444,-75697.3289480581,0.0,75697.3289480581,14276.655287225622,790.0809188810268,0.0,True
843896,158,2,18.56608641203773,13.892441348451465,-21582.279934578663,54,54,2.3782221848931377,4.400505987697088,-63947.671025664895,1279.696607874339,65227.36763353923,12473.894407247953,607.0718855864417,68.92656747760365,True
843896,158,3,10.5,20.24545966702548,-94948.85271081199,167,167,6.0,6.0,-91921.05869912685,13362.96317364467,105284.02187277153,17845.016030574356,1982.367714987467,1272.6631593947304,True
843896,158,4,11.0,10.5,-51699.58803100586,75,75,3.2696671903197827,5.9,-78844.78193915129,0.0,78844.78193915129,14812.49721282024,869.560772920843,0.0,True
843896,158,5,10.0,13.925625447624187,-17437.625980911886,74,74,2.866278651765272,5.580179845317385,-66016.73291011862,0.0,66016.73291011862,12303.42331445966,883.553254037477,0.0,True
843896,158,6,10.0,10.5,-21134.716294715137,75,75,3.366544052695526,6.0,-67657.40687359788,9.414691248821322e-14,67657.40687359788,12560.338268822126,867.5444538927729,9.414691248821322e-15,True
843896,158,7,15.858157889895693,18.6320895147834,-61025.74807177164,56,56,2.708748607377742,4.723721144819263,-73524.19925056428,0.0,73524.19925056428,14049.562774014694,653.333961314198,0.0,True
843896,158,8,10.0,13.117704606875003,560146.5345220423,169,169,6.0,6.0,-23891.9803649709,12382.674512905234,36274.654877876135,4005.5703008717182,2005.8504216896931,1238.2674512905235,False
843896,158,9,10.0,11.252785588268896,-45986.69415318356,71,71,3.13256444702339,6.0,-61138.620447504014,0.0,61138.620447504014,11317.370900708924,847.873609552665,0.0,True
843896,159,0,11.0,11.01973141318988,512823.75043017796,168,168,6.0,6.0,-25514.22094977236,5.258016244624731e-13,25514.22094977236,1947.2477653671044,1947.2477653671044,4.7800147678406647e-14,False
843896,159,1,10.0,10.0,-31711.19544701632,70,70,3.207128046778589,5.862495132632444,-75697.3289480581,0.0,75697.3289480581,14276.655287225622,790.0809188810268,0.0,True
843896,159,2,18.56608641203773,13.892441348451465,-21582.279934578663,54,54,2.3782221848931377,4.400505987697088,-63947.671025664895,1279.696607874339,65227.36763353923,12473.894407247953,607.0718855864417,68.92656747760365,True
843896,159,3,10.5,20.24545966702548,-94948.85271081199,167,167,6.0,6.0,-91921.05869912685,13362.96317364467,105284.02187277153,17845.016030574356,1982.367714987467,1272.6631593947304,True
843896,159,4,11.0,10.5,-51699.58803100586,75,75,3.2696671903197827,5.9,-78844.78193915129,0.0,78844.78193915129,14812.49721282024,869.560772920843,0.0,True
843896,159,5,10.0,13.925625447624187,-17437.625980911886,74,74,2.866278651765272,5.580179845317385,-66016.73291011862,0.0,66016.73291011862,12303.42331445966,883.553254037477,0.0,True
843896,159,6,10.0,10.5,-21134.716294715137,75,75,3.366544052695526,6.0,-67657.40687359788,9.414691248821322e-14,67657.40687359788,12560.338268822126,867.5444538927729,9.414691248821322e-15,True
843896,159,7,15.858157889895693,18.6320895147834,-61025.74807177164,56,56,2.708748607377742,4.723721144819263,-73524.19925056428,0.0,73524.19925056428,14049.562774014694,653.333961314198,0.0,True
843896,159,8,10.0,14.429475067562505,564553.3389081741,170,170,6.0,6.0,7659.815147612335,36077.52923055844,28417.714082946102,2415.4040850364145,2017.5867072205037,3607.752923055844,False
843896,159,9,10.0,11.252785588268896,-45986.69415318356,71,71,3.13256444702339,6.0,-61138.620447504014,0.0,61138.620447504014,11317.370900708924,847.873609552665,0.0,True
843896,160,0,10.0,10.468744842530386,530804.7146348492,169,169,6.0,6.0,20550.182083055442,37297.38896875966,16747.206885704218,175.9444487410159,1958.4355802498922,3729.738896875966,False
843896,160,1,10.0,10.0,-31711.19544701632,70,70,3.207128046778589,5.862495132632444,-75697.3289480581,0.0,75697.3289480581,14276.655287225622,790.0809188810268,0.0,True
843896,160,2,18.56608641203773,13.892441348451465,-21582.279934578663,54,54,2.3782221848931377,4.400505987697088,-63947.671025664895,1279.696607874339,65227.36763353923,12473.894407247953,607.0718855864417,68.92656747760365,True
843896,160,3,10.5,20.24545966702548,-94948.85271081199,167,167,6.0,6.0,-91921.05869912685,13362.96317364467,105284.02187277153,17845.016030574356,1982.367714987467,1272.6631593947304,True
843896,160,4,11.0,10.5,-51699.58803100586,75,75,3.2696671903197827,5.9,-78844.78193915129,0.0,78844.78193915129,14812.49721282024,869.560772920843,0.0,True
843896,160,5,10.0,13.925625447624187,-17437.625980911886,74,74,2.866278651765272,5.580179845317385,-66016.73291011862,0.0,66016.73291011862,12303.42331445966,883.553254037477,0.0,True
843896,160,6,10.0,10.5,-21134.716294715137,75,75,3.366544052695526,6.0,-67657.40687359788,9.414691248821322e-14,67657.40687359788,12560.338268822126,867.5444538927729,9.414691248821322e-15,True
843896,160,7,15.858157889895693,18.6320895147834,-61025.74807177164,56,56,2.708748607377742,4.723721144819263,-73524.19925056428,0.0,73524.19925056428,14049.562774014694,653.333961314198,0.0,True
843896,160,8,10.0,15.872422574318756,522380.95151866623,171,171,6.0,6.0,-38658.203129299014,3.9968028886505726e-13,38658.203129299014,4444.725831506948,2029.3217464705335,3.9968028886505724e-14,False
843896,160,9,10.0,11.252785588268896,-45986.69415318356,71,71,3.13256444702339,6.0,-61138.620447504014,0.0,61138.620447504014,11317.370900708924,847.873609552665,0.0,True
843896,161,0,10.0,10.0,533803.4064578392,170,170,6.0,6.0,5498.691822989962,21455.681165309237,15956.989342319275,0.0,1969.6236677899094,2145.568116530924,False
843896,161,1,10.0,10.0,-31711.19544701632,70,70,3.207128046778589,5.862495132632444,-75697.3289480581,0.0,75697.3289480581,14276.655287225622,790.0809188810268,0.0,True
843896,161,2,18.56608641203773,13.892441348451465,-21582.279934578663,54,54,2.3782221848931377,4.400505987697088,-63947.671025664895,1279.696607874339,65227.36763353923,12473.894407247953,607.0718855864417,68.92656747760365,True
843896,161,3,10.5,20.24545966702548,-94948.85271081199,167,167,6.0,6.0,-91921.05869912685,13362.96317364467,105284.02187277153,17845.016030574356,1982.367714987467,1272.6631593947304,True
843896,161,4,11.0,10.5,-51699.58803100586,75,75,3.2696671903197827,5.9,-78844.78193915129,0.0,78844.78193915129,14812.49721282024,869.560772920843,0.0,True
843896,161,5,10.0,13.925625447624187,-17437.625980911886,74,74,2.866278651765272,5.580179845317385,-66016.73291011862,0.0,66016.73291011862,12303.42331445966,883.553254037477,0.0,True
843896,161,6,10.0,10.5,-21134.716294715137,75,75,3.366544052695526,6.0,-67657.40687359788,9.414691248821322e-14,67657.40687359788,12560.338268822126,867.5444538927729,9.414691248821322e-15,True
843896,161,7,15.858157889895693,18.6320895147834,-61025.74807177164,56,56,2.708748607377742,4.723721144819263,-73524.19925056428,0.0,73524.19925056428,14049.562774014694,653.333961314198,0.0,True
843896,161,8,10.0,15.078801445602817,493790.82038735924,172,172,6.0,6.0,-25196.577282662947,15840.457341173524,41037.03462383647,4901.728877150285,2041.0487797606309,1584.0457341173524,False
843896,161,9,10.0,11.252785588268896,-45986.69415318356,71,71,3.13256444702339,6.0,-61138.620447504014,0.0,61138.620447504014,11317.370900708924,847.873609552665,0.0,True
843896,162,0,11.0,11.0,505171.8428962939,171,171,6.0,6.0,-25950.56356154529,8.650857807879267e-13,25950.56356154529,1980.81258165733,1980.81258165733,7.864416188981152e-14,False
843896,162,1,10.0,10.0,-31711.19544701632,70,70,3.207128046778589,5.862495132632444,-75697.3289480581,0.0,75697.3289480581,14276.655287225622,790.0809188810268,0.0,True
843896,162,2,18.56608641203773,13.892441348451465,-21582.279934578663,54,54,2.3782221848931377,4.400505987697088,-63947.671025664895,1279.696607874339,65227.36763353923,12473.894407247953,607.0718855864417,68.92656747760365,True
843896,162,3,10.5,20.24545966702548,-94948.85271081199,167,167,6.0,6.0,-91921.05869912685,13362.96317364467,105284.02187277153,17845.016030574356,1982.367714987467,1272.6631593947304,True
843896,162,4,11.0,10.5,-51699.58803100586,75,75,3.2696671903197827,5.9,-78844.78193915129,0.0,78844.78193915129,14812.49721282024,869.560772920843,0.0,True
843896,162,5,10.0,13.925625447624187,-17437.625980911886,74,74,2.866278651765272,5.580179845317385,-66016.73291011862,0.0,66016.73291011862,12303.42331445966,883.553254037477,0.0,True
843896,162,6,10.0,10.5,-21134.716294715137,75,75,3.366544052695526,6.0,-67657.40687359788,9.414691248821322e-14,67657.40687359788,12560.338268822126,867.5444538927729,9.414691248821322e-15,True
843896,162,7,15.858157889895693,18.6320895147834,-61025.74807177164,56,56,2.708748607377742,4.723721144819263,-73524.19925056428,0.0,73524.19925056428,14049.562774014694,653.333961314198,0.0,True
843896,162,8,10.0,16.5866815901631,496873.1444445952,173,173,6.0,6.0,6751.819972337566,38764.33580296501,32012.515830627446,3078.0675542660933,2052.7722574121226,3876.433580296501,False
843896,162,9,10.0,11.252785588268896,-45986.69415318356,71,71,3.13256444702339,6.0,-61138.620447504014,0.0,61138.620447504014,11317.370900708924,847.873609552665,0.0,True
843896,163,0,10.0,10.45,526166.5619883658,172,172,6.0,6.0,23592.11909207388,39728.092194076446,16135.973102002563,0.0,1991.9966377503204,3972.8092194076444,False
843896,163,1,10.0,10.0,-31711.19544701632,70,70,3.207128046778589,5.862495132632444,-75697.3289480581,0.0,75697.3289480581,14276.655287225622,790.0809188810268,0.0,True
843896,163,2,18.56608641203773,13.892441348451465,-21582.279934578663,54,54,2.3782221848931377,4.400505987697088,-63947.671025664895,1279.696607874339,65227.36763353923,12473.894407247953,607.0718855864417,68.92656747760365,True
843896,163,3,10.5,20.24545966702548,-94948.85271081199,167,167,6.0,6.0,-91921.05869912685,13362.96317364467,105284.02187277153,17845.016030574356,1982.367714987467,1272.6631593947304,True
843896,163,4,11.0,10.5,-51699.58803100586,75,75,3.2696671903197827,5.9,-78844.78193915129,0.0,78844.78193915129,14812.49721282024,869.560772920843,0.0,True
843896,163,5,10.0,13.925625447624187,-17437.625980911886,74,74,2.866278651765272,5.580179845317385,-66016.73291011862,0.0,66016.73291011862,12303.42331445966,883.553254037477,0.0,True
843896,163,6,10.0,10.5,-21134.716294715137,75,75,3.366544052695526,6.0,-67657.40687359788,9.414691248821322e-14,67657.40687359788,12560.338268822126,867.5444538927729,9.414691248821322e-15,True
843896,163,7,15.858157889895693,18.6320895147834,-61025.74807177164,56,56,2.708748607377742,4.723721144819263,-73524.19925056428,0.0,73524.19925056428,14049.562774014694,653.333961314198,0.0,True
843896,163,8,10.0,18.24534974917941,451323.01780149835,174,174,6.0,6.0,-41575.43578674197,568.8879635458975,42144.32375028786,5085.673370275379,2064.4946123638715,56.88879635458975,False
843896,163,9,10.0,11.252785588268896,-45986.69415318356,71,71,3.13256444702339,6.0,-61138.620447504014,0.0,61138.620447504014,11317.370900708924,847.873609552665,0.0,True
843896,164,0,10.0,10.0,527442.920131422,173,173,6.0,6.0,3806.3581430561335,20031.79071528062,16225.432572224485,0.0,2003.1790715280606,2003.179071528062,False
843896,164,1,10.0,10.0,-31711.19544701632,70,70,3.207128046778589,5.862495132632444,-75697.3289480581,0.0,75697.3289480581,14276.655287225622,790.0809188810268,0.0,True
843896,164,2,18.56608641203773,13.892441348451465,-21582.279934578663,54,54,2.3782221848931377,4.400505987697088,-63947.671025664895,1279.696607874339,65227.36763353923,12473.894407247953,607.0718855864417,68.92656747760365,True
843896,164,3,10.5,20.24545966702548,-94948.85271081199,167,167,6.0,6.0,-91921.05869912685,13362.96317364467,105284.02187277153,17845.016030574356,1982.367714987467,1272.6631593947304,True
843896,164,4,11.0,10.5,-51699.58803100586,75,75,3.2696671903197827,5.9,-78844.78193915129,0.0,78844.78193915129,14812.49721282024,869.560772920843,0.0,True
843896,164,5,10.0,13.925625447624187,-17437.625980911886,74,74,2.866278651765272,5.580179845317385,-66016.73291011862,0.0,66016.73291011862,12303.42331445966,883.553254037477,0.0,True
843896,164,6,10.0,10.5,-21134.716294715137,75,75,3.366544052695526,6.0,-67657.40687359788,9.414691248821322e-14,67657.40687359788,12560.338268822126,867.5444538927729,9.414691248821322e-15,True
843896,164,7,15.858157889895693,18.6320895147834,-61025.74807177164,56,56,2.708748607377742,4.723721144819263,-73524.19925056428,0.0,73524.19925056428,14049.562774014694,653.333961314198,0.0,True
843896,164,8,10.0,17.33308226172044,425464.0373150032,175,175,6.0,6.0,-22025.691090692737,20395.654797821087,42421.345888513824,5122.323770189198,2076.2158796959793,2039.565479782109,False
843896,164,9,10.0,11.252785588268896,-45986.69415318356,71,71,3.13256444702339,6.0,-61138.620447504014,0.0,61138.620447504014,11317.370900708924,847.873609552665,0.0,True
843896,165,0,11.0,11.0,498342.169913927,174,174,6.0,6.0,-26386.750217495017,3.0375701953744404e-13,26386.750217495017,2014.3654013457706,2014.3654013457706,2.7614274503404003e-14,False
843896,165,1,10.0,10.0,-31711.19544701632,70,70,3.207128046778589,5.862495132632444,-75697.3289480581,0.0,75697.3289480581,14276.655287225622,790.0809188810268,0.0,True
843896,165,2,18.56608641203773,13.892441348451465,-21582.279934578663,54,54,2.3782221848931377,4.400505987697088,-63947.671025664895,1279.696607874339,65227.36763353923,12473.894407247953,607.0718855864417,68.92656747760365,True
843896,165,3,10.5,20.24545966702548,-94948.85271081199,167,167,6.0,6.0,-91921.05869912685,13362.96317364467,105284.02187277153,17845.016030574356,1982.367714987467,1272.6631593947304,True
843896,165,4,11.0,10.5,-51699.58803100586,75,75,3.2696671903197827,5.9,-78844.78193915129,0.0,78844.78193915129,14812.49721282024,869.560772920843,0.0,True
843896,165,5,10.0,13.925625447624187,-17437.625980911886,74,74,2.866278651765272,5.580179845317385,-66016.73291011862,0.0,66016.73291011862,12303.42331445966,883.553254037477,0.0,True
843896,165,6,10.0,10.5,-21134.716294715137,75,75,3.366544052695526,6.0,-67657.40687359788,9.414691248821322e-14,67657.40687359788,12560.338268822126,867.5444538927729,9.414691248821322e-15,True
843896,165,7,15.858157889895693,18.6320895147834,-61025.74807177164,56,56,2.708748607377742,4.723721144819263,-73524.19925056428,0.0,73524.19925056428,14049.562774014694,653.333961314198,0.0,True
843896,165,8,10.0,19.066390487892484,431516.9778624905,176,176,6.0,6.0,10208.625273355781,42108.90160848577,31900.27633512999,2999.365016142827,2087.931406801982,4210.890160848578,False
843896,165,9,10.0,11.252785588268896,-45986.69415318356,71,71,3.13256444702339,6.0,-61138.620447504014,0.0,61138.620447504014,11317.370900708924,847.873609552665,0.0,True
843896,166,0,10.0,10.45,519708.18864378467,175,175,6.0,6.0,23994.768729859756,40399.22759546841,16404.458865608653,0.0,2025.5573582010816,4039.922759546841,False
843896,166,1,10.0,10.0,-31711.19544701632,70,70,3.207128046778589,5.862495132632444,-75697.3289480581,0.0,75697.3289480581,14276.655287225622,790.0809188810268,0.0,True
843896,166,2,18.56608641203773,13.892441348451465,-21582.279934578663,54,54,2.3782221848931377,4.400505987697088,-63947.671025664895,1279.696607874339,65227.36763353923,12473.894407247953,607.0718855864417,68.92656747760365,True
843896,166,3,10.5,20.24545966702548,-94948.85271081199,167,167,6.0,6.0,-91921.05869912685,13362.96317364467,105284.02187277153,17845.016030574356,1982.367714987467,1272.6631593947304,True
843896,166,4,11.0,10.5,-51699.58803100586,75,75,3.2696671903197827,5.9,-78844.78193915129,0.0,78844.78193915129,14812.49721282024,869.560772920843,0.0,True
843896,166,5,10.0,13.925625447624187,-17437.625980911886,74,74,2.866278651765272,5.580179845317385,-66016.73291011862,0.0,66016.73291011862,12303.42331445966,883.553254037477,0.0,True
843896,166,6,10.0,10.5,-21134.716294715137,75,75,3.366544052695526,6.0,-67657.40687359788,9.414691248821322e-14,67657.40687359788,12560.338268822126,867.5444538927729,9.414691248821322e-15,True
843896,166,7,15.858157889895693,18.6320895147834,-61025.74807177164,56,56,2.708748607377742,4.723721144819263,-73524.19925056428,0.0,73524.19925056428,14049.562774014694,653.333961314198,0.0,True
843896,166,8,10.0,20.973029536681732,389789.22227158264,177,177,6.0,6.0,-37215.529362918925,3517.73682013026,40733.266183049185,4747.230527391367,2099.6391932615434,351.773682013026,False
843896,166,9,10.0,11.252785588268896,-45986.69415318356,71,71,3.13256444702339,6.0,-61138.620447504014,0.0,61138.620447504014,11317.370900708924,847.873609552665,0.0,True
843896,167,0,10.0,10.0,521021.6853479569,176,176,6.0,6.0,3873.496704172201,20367.48352086099,16493.98681668879,0.0,2036.748352086099,2036.7483520860992,False
843896,167,1,10.0,10.0,-31711.19544701632,70,70,3.207128046778589,5.862495132632444,-75697.3289480581,0.0,75697.3289480581,14276.655287225622,790.0809188810268,0.0,True
843896,167,2,18.56608641203773,13.892441348451465,-21582.279934578663,54,54,2.3782221848931377,4.400505987697088,-63947.671025664895,1279.696607874339,65227.36763353923,12473.894407247953,607.0718855864417,68.92656747760365,True
843896,167,3,10.5,20.24545966702548,-94948.85271081199,167,167,6.0,6.0,-91921.05869912685,13362.96317364467,105284.02187277153,17845.016030574356,1982.367714987467,1272.6631593947304,True
843896,167,4,11.0,10.5,-51699.58803100586,75,75,3.2696671903197827,5.9,-78844.78193915129,0.0,78844.78193915129,14812.49721282024,869.560772920843,0.0,True
843896,167,5,10.0,13.925625447624187,-17437.625980911886,74,74,2.866278651765272,5.580179845317385,-66016.73291011862,0.0,66016.73291011862,12303.42331445966,883.553254037477,0.0,True
843896,167,6,10.0,10.5,-21134.716294715137,75,75,3.366544052695526,6.0,-67657.40687359788,9.414691248821322e-14,67657.40687359788,12560.338268822126,867.5444538927729,9.414691248821322e-15,True
843896,167,7,15.858157889895693,18.6320895147834,-61025.74807177164,56,56,2.708748607377742,4.723721144819263,-73524.19925056428,0.0,73524.19925056428,14049.562774014694,653.333961314198,0.0,True
843896,167,8,10.0,19.924378059847644,369711.74564334785,178,178,6.0,6.0,-15730.937333579226,23768.469269937857,39499.40660351708,4481.728877438307,2111.3452770406943,2376.846926993786,False
843896,167,9,10.0,11.252785588268896,-45986.69415318356,71,71,3.13256444702339,6.0,-61138.620447504014,0.0,61138.620447504014,11317.370900708924,847.873609552665,0.0,True
843896,168,0,11.0,11.0,491451.56689948053,177,177,6.0,6.0,-26823.11844847634,4.5474735088646407e-13,26823.11844847634,2047.9321883443338,2047.9321883443338,4.1340668262405824e-14,False
843896,168,1,10.0,10.0,-31711.19544701632,70,70,3.207128046778589,5.862495132632444,-75697.3289480581,0.0,75697.3289480581,14276.655287225622,790.0809188810268,0.0,True
843896,168,2,18.56608641203773,13.892441348451465,-21582.279934578663,54,54,2.3782221848931377,4.400505987697088,-63947.671025664895,1279.696607874339,65227.36763353923,12473.894407247953,607.0718855864417,68.92656747760365,True
843896,168,3,10.5,20.24545966702548,-94948.85271081199,167,167,6.0,6.0,-91921.05869912685,13362.96317364467,105284.02187277153,17845.016030574356,1982.367714987467,1272.6631593947304,True
843896,168,4,11.0,10.5,-51699.58803100586,75,75,3.2696671903197827,5.9,-78844.78193915129,0.0,78844.78193915129,14812.49721282024,869.560772920843,0.0,True
843896,168,5,10.0,13.925625447624187,-17437.625980911886,74,74,2.866278651765272,5.580179845317385,-66016.73291011862,0.0,66016.73291011862,12303.42331445966,883.553254037477,0.0,True
843896,168,6,10.0,10.5,-21134.716294715137,75,75,3.366544052695526,6.0,-67657.40687359788,9.414691248821322e-14,67657.40687359788,12560.338268822126,867.5444538927729,9.414691248821322e-15,True
843896,168,7,15.858157889895693,18.6320895147834,-61025.74807177164,56,56,2.708748607377742,4.723721144819263,-73524.19925056428,0.0,73524.19925056428,14049.562774014694,653.333961314198,0.0,True
843896,168,8,10.0,21.91681586583241,383818.48393699236,179,179,6.0,6.0,18829.84833363039,46025.438633899976,27195.590300269585,2002.2361855888412,2123.0511715406724,4602.543863389998,False
843896,168,9,10.0,11.252785588268896,-45986.69415318356,71,71,3.13256444702339,6.0,-61138.620447504014,0.0,61138.620447504014,11317.370900708924,847.873609552665,0.0,True
843896,169,0,10.0,10.45,513189.0102379669,178,178,6.0,6.0,24397.54333848843,41070.429158668696,16672.885820180265,0.0,2059.110727522533,4107.042915866869,False
843896,169,1,10.0,10.0,-31711.19544701632,70,70,3.207128046778589,5.862495132632444,-75697.3289480581,0.0,75697.3289480581,14276.655287225622,790.0809188810268,0.0,True
843896,169,2,18.56608641203773,13.892441348451465,-21582.279934578663,54,54,2.3782221848931377,4.400505987697088,-63947.671025664895,1279.696607874339,65227.36763353923,12473.894407247953,607.0718855864417,68.92656747760365,True
843896,169,3,10.5,20.24545966702548,-94948.85271081199,167,167,6.0,6.0,-91921.05869912685,13362.96317364467,105284.02187277153,17845.016030574356,1982.367714987467,1272.6631593947304,True
843896,169,4,11.0,10.5,-51699.58803100586,75,75,3.2696671903197827,5.9,-78844.78193915129,0.0,78844.78193915129,14812.49721282024,869.560772920843,0.0,True
843896,169,5,10.0,13.925625447624187,-17437.625980911886,74,74,2.866278651765272,5.580179845317385,-66016.73291011862,0.0,66016.73291011862,12303.42331445966,883.553254037477,0.0,True
843896,169,6,10.0,10.5,-21134.716294715137,75,75,3.366544052695526,6.0,-67657.40687359788,9.414691248821322e-14,67657.40687359788,12560.338268822126,867.5444538927729,9.414691248821322e-15,True
843896,169,7,15.858157889895693,18.6320895147834,-61025.74807177164,56,56,2.708748607377742,4.723721144819263,-73524.19925056428,0.0,73524.19925056428,14049.562774014694,653.333961314198,0.0,True
843896,169,8,10.0,24.108497452415655,351300.3149515905,180,180,6.0,6.0,-27378.639443970173,7056.245295047248,34434.88473901742,3431.367537514651,2134.755881430521,705.6245295047248,False
843896,169,9,10.0,11.252785588268896,-45986.69415318356,71,71,3.13256444702339,6.0,-61138.620447504014,0.0,61138.620447504014,11317.370900708924,847.873609552665,0.0,True
843896,170,0,10.0,10.0,514539.5815955292,179,179,6.0,6.0,3940.571357562323,20702.85678781154,16762.285430249216,0.0,2070.285678781152,2070.285678781154,False
843896,170,1,10.0,10.0,-31711.19544701632,70,70,3.207128046778589,5.862495132632444,-75697.3289480581,0.0,75697.3289480581,14276.655287225622,790.0809188810268,0.0,True
843896,170,2,18.56608641203773,13.892441348451465,-21582.279934578663,54,54,2.3782221848931377,4.400505987697088,-63947.671025664895,1279.696607874339,65227.36763353923,12473.894407247953,607.0718855864417,68.92656747760365,True
843896,170,3,10.5,20.24545966702548,-94948.85271081199,167,167,6.0,6.0,-91921.05869912685,13362.96317364467,105284.02187277153,17845.016030574356,1982.367714987467,1272.6631593947304,True
843896,170,4,11.0,10.5,-51699.58803100586,75,75,3.2696671903197827,5.9,-78844.78193915129,0.0,78844.78193915129,14812.49721282024,869.560772920843,0.0,True
843896,170,5,10.0,13.925625447624187,-17437.625980911886,74,74,2.866278651765272,5.580179845317385,-66016.73291011862,0.0,66016.73291011862,12303.42331445966,883.553254037477,0.0,True
843896,170,6,10.0,10.5,-21134.716294715137,75,75,3.366544052695526,6.0,-67657.40687359788,9.414691248821322e-14,67657.40687359788,12560.338268822126,867.5444538927729,9.414691248821322e-15,True
843896,170,7,15.858157889895693,18.6320895147834,-61025.74807177164,56,56,2.708748607377742,4.723721144819263,-73524.19925056428,0.0,73524.19925056428,14049.562774014694,653.333961314198,0.0,True
843896,170,8,10.0,22.90307257979487,342687.95197783876,181,181,6.0,6.0,-3666.906836803937,27729.265740588602,31396.17257739254,2804.9000219260824,2146.459058470266,2772.9265740588603,False
843896,170,9,10.0,11.252785588268896,-45986.69415318356,71,71,3.13256444702339,6.0,-61138.620447504014,0.0,61138.620447504014,11317.370900708924,847.873609552665,0.0,True
843896,171,0,11.0,11.0,485835.71422413446,180,180,6.0,6.0,-25923.867371394757,917.8634783482348,26841.73084974299,1998.0149057369727,2081.4570401322662,83.44213439529408,False
843896,171,1,10.0,10.0,-31711.19544701632,70,70,3.207128046778589,5.862495132632444,-75697.3289480581,0.0,75697.3289480581,14276.655287225622,790.0809188810268,0.0,True
843896,171,2,18.56608641203773,13.892441348451465,-21582.279934578663,54,54,2.3782221848931377,4.400505987697088,-63947.671025664895,1279.696607874339,65227.36763353923,12473.894407247953,607.0718855864417,68.92656747760365,True
843896,171,3,10.5,20.24545966702548,-94948.85271081199,167,167,6.0,6.0,-91921.05869912685,13362.96317364467,105284.02187277153,17845.016030574356,1982.367714987467,1272.6631593947304,True
843896,171,4,11.0,10.5,-51699.58803100586,75,75,3.2696671903197827,5.9,-78844.78193915129,0.0,78844.78193915129,14812.49721282024,869.560772920843,0.0,True
843896,171,5,10.0,13.925625447624187,-17437.625980911886,74,74,2.866278651765272,5.580179845317385,-66016.73291011862,0.0,66016.73291011862,12303.42331445966,883.553254037477,0.0,True
843896,171,6,10.0,10.5,-21134.716294715137,75,75,3.366544052695526,6.0,-67657.40687359788,9.414691248821322e-14,67657.40687359788,12560.338268822126,867.5444538927729,9.414691248821322e-15,True
843896,171,7,15.858157889895693,18.6320895147834,-61025.74807177164,56,56,2.708748607377742,4.723721144819263,-73524.19925056428,0.0,73524.19925056428,14049.562774014694,653.333961314198,0.0,True
843896,171,8,10.0,25.19337983777436,369468.08116009115,182,182,6.0,6.0,32165.324312729586,49630.62068660475,17465.296373875164,0.0,2158.1620467343955,4963.062068660475,False
843896,171,9,10.0,11.252785588268896,-45986.69415318356,71,71,3.13256444702339,6.0,-61138.620447504014,0.0,61138.620447504014,11317.370900708924,847.873609552665,0.0,True
843896,172,0,10.0,10.45,507109.671910416,181,181,6.0,6.0,23965.40768628363,40906.44220193953,16941.034515655898,0.0,2092.6293144569872,4090.644220193953,False
843896,172,1,10.0,10.0,-31711.19544701632,70,70,3.207128046778589,5.862495132632444,-75697.3289480581,0.0,75697.3289480581,14276.655287225622,790.0809188810268,0.0,True
843896,172,2,18.56608641203773,13.892441348451465,-21582.279934578663,54,54,2.3782221848931377,4.400505987697088,-63947.671025664895,1279.696607874339,65227.36763353923,12473.894407247953,607.0718855864417,68.92656747760365,True
843896,172,3,10.5,20.24545966702548,-94948.85271081199,167,167,6.0,6.0,-91921.05869912685,13362.96317364467,105284.02187277153,17845.016030574356,1982.367714987467,1272.6631593947304,True
843896,172,4,11.0,10.5,-51699.58803100586,75,75,3.2696671903197827,5.9,-78844.78193915129,0.0,78844.78193915129,14812.49721282024,869.560772920843,0.0,True
843896,172,5,10.0,13.925625447624187,-17437.625980911886,74,74,2.866278651765272,5.580179845317385,-66016.73291011862,0.0,66016.73291011862,12303.42331445966,883.553254037477,0.0,True
843896,172,6,10.0,10.5,-21134.716294715137,75,75,3.366544052695526,6.0,-67657.40687359788,9.414691248821322e-14,67657.40687359788,12560.338268822126,867.5444538927729,9.414691248821322e-15,True
843896,172,7,15.858157889895693,18.6320895147834,-61025.74807177164,56,56,2.708748607377742,4.723721144819263,-73524.19925056428,0.0,73524.19925056428,14049.562774014694,653.333961314198,0.0,True
843896,172,8,10.0,23.93371084588564,350685.1565804207,183,183,6.0,6.0,-13603.05549487335,9870.07875322378,23473.13424809713,1182.8516342706262,2169.859509593,987.0078753223779,False
843896,172,9,10.0,11.252785588268896,-45986.69415318356,71,71,3.13256444702339,6.0,-61138.620447504014,0.0,61138.620447504014,11317.370900708924,847.873609552665,0.0,True
843896,173,0,10.0,10.0,508497.25564683153,182,182,6.0,6.0,4007.583736415523,21037.918682077543,17030.33494566202,0.0,2103.7918682077525,2103.7918682077543,False
843896,173,1,10.0,10.0,-31711.19544701632,70,70,3.207128046778589,5.862495132632444,-75697.3289480581,0.0,75697.3289480581,14276.655287225622,790.0809188810268,0.0,True
843896,173,2,18.56608641203773,13.892441348451465,-21582.279934578663,54,54,2.3782221848931377,4.400505987697088,-63947.671025664895,1279.696607874339,65227.36763353923,12473.894407247953,607.0718855864417,68.92656747760365,True
843896,173,3,10.5,20.24545966702548,-94948.85271081199,167,167,6.0,6.0,-91921.05869912685,13362.96317364467,105284.02187277153,17845.016030574356,1982.367714987467,1272.6631593947304,True
843896,173,4,11.0,10.5,-51699.58803100586,75,75,3.2696671903197827,5.9,-78844.78193915129,0.0,78844.78193915129,14812.49721282024,869.560772920843,0.0,True
843896,173,5,10.0,13.925625447624187,-17437.625980911886,74,74,2.866278651765272,5.580179845317385,-66016.73291011862,0.0,66016.73291011862,12303.42331445966,883.553254037477,0.0,True
843896,173,6,10.0,10.5,-21134.716294715137,75,75,3.366544052695526,6.0,-67657.40687359788,9.414691248821322e-14,67657.40687359788,12560.338268822126,867.5444538927729,9.414691248821322e-15,True
843896,173,7,15.858157889895693,18.6320895147834,-61025.74807177164,56,56,2.708748607377742,4.723721144819263,-73524.19925056428,0.0,73524.19925056428,14049.562774014694,653.333961314198,0.0,True
843896,173,8,10.0,22.737025303591356,354615.80914640747,184,184,6.0,6.0,8914.265221847607,28925.840111623034,20011.574889775427,471.8242980493861,2181.5566749410623,2892.5840111623033,False
843896,173,9,10.0,11.252785588268896,-45986.69415318356,71,71,3.13256444702339,6.0,-61138.620447504014,0.0,61138.620447504014,11317.370900708924,847.873609552665,0.0,True
843896,174,0,11.0,11.0,511055.4905658991,183,183,6.0,6.0,5371.234919067585,22732.59983857315,17361.364919505566,48.35115668514491,2114.9511420099802,2066.599985324832,False
843896,174,1,10.0,10.0,-31711.19544701632,70,70,3.207128046778589,5.862495132632444,-75697.3289480581,0.0,75697.3289480581,14276.655287225622,790.0809188810268,0.0,True
843896,174,2,18.56608641203773,13.892441348451465,-21582.279934578663,54,54,2.3782221848931377,4.400505987697088,-63947.671025664895,1279.696607874339,65227.36763353923,12473.894407247953,607.0718855864417,68.92656747760365,True
843896,174,3,10.5,20.24545966702548,-94948.85271081199,167,167,6.0,6.0,-91921.05869912685,13362.96317364467,105284.02187277153,17845.016030574356,1982.367714987467,1272.6631593947304,True
843896,174,4,11.0,10.5,-51699.58803100586,75,75,3.2696671903197827,5.9,-78844.78193915129,0.0,78844.78193915129,14812.49721282024,869.560772920843,0.0,True
843896,174,5,10.0,13.925625447624187,-17437.625980911886,74,74,2.866278651765272,5.580179845317385,-66016.73291011862,0.0,66016.73291011862,12303.42331445966,883.553254037477,0.0,True
843896,174,6,10.0,10.5,-21134.716294715137,75,75,3.366544052695526,6.0,-67657.40687359788,9.414691248821322e-14,67657.40687359788,12560.338268822126,867.5444538927729,9.414691248821322e-15,True
843896,174,7,15.858157889895693,18.6320895147834,-61025.74807177164,56,56,2.708748607377742,4.723721144819263,-73524.19925056428,0.0,73524.19925056428,14049.562774014694,653.333961314198,0.0,True
843896,174,8,10.0,21.600174038411787,358724.5274669187,185,185,6.0,6.0,8904.750517622291,26650.78066613613,17746.030148513837,0.0,2193.2537685642296,2665.078066613613,False
843896,174,9,10.0,11.252785588268896,-45986.69415318356,71,71,3.13256444702339,6.0,-61138.620447504014,0.0,61138.620447504014,11317.370900708924,847.873609552665,0.0,True
843896,175,0,12.100000000000001,10.45,513823.57641546155,184,184,6.0,6.0,5490.8858495645545,23755.651099406303,18264.76524984175,211.18145387766492,2126.107247556678,1963.276950364157,False
843896,175,1,10.0,10.0,-31711.19544701632,70,70,3.207128046778589,5.862495132632444,-75697.3289480581,0.0,75697.3289480581,14276.655287225622,790.0809188810268,0.0,True
843896,175,2,18.56608641203773,13.892441348451465,-21582.279934578663,54,54,2.3782221848931377,4.400505987697088,-63947.671025664895,1279.696607874339,65227.36763353923,12473.894407247953,607.0718855864417,68.92656747760365,True
843896,175,3,10.5,20.24545966702548,-94948.85271081199,167,167,6.0,6.0,-91921.05869912685,13362.96317364467,105284.02187277153,17845.016030574356,1982.367714987467,1272.6631593947304,True
843896,175,4,11.0,10.5,-51699.58803100586,75,75,3.2696671903197827,5.9,-78844.78193915129,0.0,78844.78193915129,14812.49721282024,869.560772920843,0.0,True
843896,175,5,10.0,13.925625447624187,-17437.625980911886,74,74,2.866278651765272,5.580179845317385,-66016.73291011862,0.0,66016.73291011862,12303.42331445966,883.553254037477,0.0,True
843896,175,6,10.0,10.5,-21134.716294715137,75,75,3.366544052695526,6.0,-67657.40687359788,9.414691248821322e-14,67657.40687359788,12560.338268822126,867.5444538927729,9.414691248821322e-15,True
843896,175,7,15.858157889895693,18.6320895147834,-61025.74807177164,56,56,2.708748607377742,4.723721144819263,-73524.19925056428,0.0,73524.19925056428,14049.562774014694,653.333961314198,0.0,True
843896,175,8,11.0,20.520165336491196,360522.6254987778,186,186,6.0,6.0,6414.848784446778,24254.44554297152,17839.59675852474,0.0,2204.9495948155927,2204.9495948155927,False
843896,175,9,10.0,11.252785588268896,-45986.69415318356,71,71,3.13256444702339,6.0,-61138.620447504014,0.0,61138.620447504014,11317.370900708924,847.873609552665,0.0,True
843896,176,0,10.890000000000002,10.0,519450.02728690533,185,185,6.0,6.0,8276.450871443776,25574.54039038074,17298.089518936962,0.0,2137.2611898671203,2348.4426437447873,False
843896,176,1,10.0,10.0,-31711.19544701632,70,70,3.207128046778589,5.862495132632444,-75697.3289480581,0.0,75697.3289480581,14276.655287225622,790.0809188810268,0.0,True
843896,176,2,18.56608641203773,13.892441348451465,-21582.279934578663,54,54,2.3782221848931377,4.400505987697088,-63947.671025664895,1279.696607874339,65227.36763353923,12473.894407247953,607.0718855864417,68.92656747760365,True
843896,176,3,10.5,20.24545966702548,-94948.85271081199,167,167,6.0,6.0,-91921.05869912685,13362.96317364467,105284.02187277153,17845.016030574356,1982.367714987467,1272.6631593947304,True
843896,176,4,11.0,10.5,-51699.58803100586,75,75,3.2696671903197827,5.9,-78844.78193915129,0.0,78844.78193915129,14812.49721282024,869.560772920843,0.0,True
843896,176,5,10.0,13.925625447624187,-17437.625980911886,74,74,2.866278651765272,5.580179845317385,-66016.73291011862,0.0,66016.73291011862,12303.42331445966,883.553254037477,0.0,True
843896,176,6,10.0,10.5,-21134.716294715137,75,75,3.366544052695526,6.0,-67657.40687359788,9.414691248821322e-14,67657.40687359788,12560.338268822126,867.5444538927729,9.414691248821322e-15,True
843896,176,7,15.858157889895693,18.6320895147834,-61025.74807177164,56,56,2.708748607377742,4.723721144819263,-73524.19925056428,0.0,73524.19925056428,14049.562774014694,653.333961314198,0.0,True
843896,176,8,12.100000000000001,19.494157069666635,356503.4234722867,187,187,6.0,6.0,426.2053455342211,20833.633405381424,20407.428059847203,494.8557678391579,2216.6436525814265,1721.7878847422662,False
843896,176,9,10.0,11.252785588268896,-45986.69415318356,71,71,3.13256444702339,6.0,-61138.620447504014,0.0,61138.620447504014,11317.370900708924,847.873609552665,0.0,True
843896,177,0,11.979000000000003,11.0,510875.8857014684,186,186,6.0,6.0,-5728.141585436959,15804.467372553958,21532.608957990917,829.0635774614592,2148.4113838354524,1319.347806373984,False
843896,177,1,10.0,10.0,-31711.19544701632,70,70,3.207128046778589,5.862495132632444,-75697.3289480581,0.0,75697.3289480581,14276.655287225622,790.0809188810268,0.0,True
843896,177,2,18.56608641203773,13.892441348451465,-21582.279934578663,54,54,2.3782221848931377,4.400505987697088,-63947.671025664895,1279.696607874339,65227.36763353923,12473.894407247953,607.0718855864417,68.92656747760365,True
843896,177,3,10.5,20.24545966702548,-94948.85271081199,167,167,6.0,6.0,-91921.05869912685,13362.96317364467,105284.02187277153,17845.016030574356,1982.367714987467,1272.6631593947304,True
843896,177,4,11.0,10.5,-51699.58803100586,75,75,3.2696671903197827,5.9,-78844.78193915129,0.0,78844.78193915129,14812.49721282024,869.560772920843,0.0,True
843896,177,5,10.0,13.925625447624187,-17437.625980911886,74,74,2.866278651765272,5.580179845317385,-66016.73291011862,0.0,66016.73291011862,12303.42331445966,883.553254037477,0.0,True
843896,177,6,10.0,10.5,-21134.716294715137,75,75,3.366544052695526,6.0,-67657.40687359788,9.414691248821322e-14,67657.40687359788,12560.338268822126,867.5444538927729,9.414691248821322e-15,True
843896,177,7,15.858157889895693,18.6320895147834,-61025.74807177164,56,56,2.708748607377742,4.723721144819263,-73524.19925056428,0.0,73524.19925056428,14049.562774014694,653.333961314198,0.0,True
843896,177,8,10.890000000000002,18.5194492161833,363850.6390213217,188,188,6.0,6.0,11628.872001680065,29655.56456890958,18026.692567229515,0.0,2228.3365709036893,2723.192338742844,False
843896,177,9,10.0,11.252785588268896,-45986.69415318356,71,71,3.13256444702339,6.0,-61138.620447504014,0.0,61138.620447504014,11317.370900708924,847.873609552665,0.0,True
843896,178,0,10.781100000000002,10.45,522865.9091883698,187,187,6.0,6.0,14744.173486903608,32220.66452119613,17476.49103429252,0.0,2159.561379286565,2988.624956748024,False
843896,178,1,10.0,10.0,-31711.19544701632,70,70,3.207128046778589,5.862495132632444,-75697.3289480581,0.0,75697.3289480581,14276.655287225622,790.0809188810268,0.0,True
843896,178,2,18.56608641203773,13.892441348451465,-21582.279934578663,54,54,2.3782221848931377,4.400505987697088,-63947.671025664895,1279.696607874339,65227.36763353923,12473.894407247953,607.0718855864417,68.92656747760365,True
843896,178,3,10.5,20.24545966702548,-94948.85271081199,167,167,6.0,6.0,-91921.05869912685,13362.96317364467,105284.02187277153,17845.016030574356,1982.367714987467,1272.6631593947304,True
843896,178,4,11.0,10.5,-51699.58803100586,75,75,3.2696671903197827,5.9,-78844.78193915129,0.0,78844.78193915129,14812.49721282024,869.560772920843,0.0,True
843896,178,5,10.0,13.925625447624187,-17437.625980911886,74,74,2.866278651765272,5.580179845317385,-66016.73291011862,0.0,66016.73291011862,12303.42331445966,883.553254037477,0.0,True
843896,178,6,10.0,10.5,-21134.716294715137,75,75,3.366544052695526,6.0,-67657.40687359788,9.414691248821322e-14,67657.40687359788,12560.338268822126,867.5444538927729,9.414691248821322e-15,True
843896,178,7,15.858157889895693,18.6320895147834,-61025.74807177164,56,56,2.708748607377742,4.723721144819263,-73524.19925056428,0.0,73524.19925056428,14049.562774014694,653.333961314198,0.0,True
843896,178,8,10.890000000000002,20.371394137801634,349439.4767046904,189,189,6.0,6.0,-9760.968824588363,13404.775298324697,23165.74412291306,1009.1032783211404,2240.0284664134197,1230.9251880922584,False
843896,178,9,10.0,11.252785588268896,-45986.69415318356,71,71,3.13256444702339,6.0,-61138.620447504014,0.0,61138.620447504014,11317.370900708924,847.873609552665,0.0,True
843896,179,0,10.242045000000001,10.0,510240.9250147169,188,188,6.0,6.0,-9944.984173652909,12413.967708870845,22358.951882523754,958.6520049513576,2170.7114822208705,1212.0594772695144,False
843896,179,1,10.0,10.0,-31711.19544701632,70,70,3.207128046778589,5.862495132632444,-75697.3289480581,0.0,75697.3289480581,14276.655287225622,790.0809188810268,0.0,True
843896,179,2,18.56608641203773,13.892441348451465,-21582.279934578663,54,54,2.3782221848931377,4.400505987697088,-63947.671025664895,1279.696607874339,65227.36763353923,12473.894407247953,607.0718855864417,68.92656747760365,True
843896,179,3,10.5,20.24545966702548,-94948.85271081199,167,167,6.0,6.0,-91921.05869912685,13362.96317364467,105284.02187277153,17845.016030574356,1982.367714987467,1272.6631593947304,True
843896,179,4,11.0,10.5,-51699.58803100586,75,75,3.2696671903197827,5.9,-78844.78193915129,0.0,78844.78193915129,14812.49721282024,869.560772920843,0.0,True
843896,179,5,10.0,13.925625447624187,-17437.625980911886,74,74,2.866278651765272,5.580179845317385,-66016.73291011862,0.0,66016.73291011862,12303.42331445966,883.553254037477,0.0,True
843896,179,6,10.0,10.5,-21134.716294715137,75,75,3.366544052695526,6.0,-67657.40687359788,9.414691248821322e-14,67657.40687359788,12560.338268822126,867.5444538927729,9.414691248821322e-15,True
843896,179,7,15.858157889895693,18.6320895147834,-61025.74807177164,56,56,2.708748607377742,4.723721144819263,-73524.19925056428,0.0,73524.19925056428,14049.562774014694,653.333961314198,0.0,True
843896,179,8,10.0,19.35282443091155,359356.9110330417,190,190,6.0,6.0,14394.470970224738,32608.223718278285,18213.752748053546,0.0,2251.7190935066933,3260.8223718278286,False
843896,179,9,10.0,11.252785588268896,-45986.69415318356,71,71,3.13256444702339,6.0,-61138.620447504014,0.0,61138.620447504014,11317.370900708924,847.873609552665,0.0,True
843896,180,0,10.0,10.0,521301.16472116753,189,189,6.0,6.0,13750.23970645059,31405.118334198007,17654.878627747417,0.0,2181.859828468427,3140.5118334198005,False
843896,180,1,10.0,10.0,-31711.19544701632,70,70,3.207128046778589,5.862495132632444,-75697.3289480581,0.0,75697.3289480581,14276.655287225622,790.0809188810268,0.0,True
843896,180,2,18.56608641203773,13.892441348451465,-21582.279934578663,54,54,2.3782221848931377,4.400505987697088,-63947.671025664895,1279.696607874339,65227.36763353923,12473.894407247953,607.0718855864417,68.92656747760365,True
843896,180,3,10.5,20.24545966702548,-94948.85271081199,167,167,6.0,6.0,-91921.05869912685,13362.96317364467,105284.02187277153,17845.016030574356,1982.367714987467,1272.6631593947304,True
843896,180,4,11.0,10.5,-51699.58803100586,75,75,3.2696671903197827,5.9,-78844.78193915129,0.0,78844.78193915129,14812.49721282024,869.560772920843,0.0,True
843896,180,5,10.0,13.925625447624187,-17437.625980911886,74,74,2.866278651765272,5.580179845317385,-66016.73291011862,0.0,66016.73291011862,12303.42331445966,883.553254037477,0.0,True
843896,180,6,10.0,10.5,-21134.716294715137,75,75,3.366544052695526,6.0,-67657.40687359788,9.414691248821322e-14,67657.40687359788,12560.338268822126,867.5444538927729,9.414691248821322e-15,True
843896,180,7,15.858157889895693,18.6320895147834,-61025.74807177164,56,56,2.708748607377742,4.723721144819263,-73524.19925056428,0.0,73524.19925056428,14049.562774014694,653.333961314198,0.0,True
843896,180,8,10.0,18.385183209365973,344240.2615034662,191,191,6.0,6.0,-10805.079536584206,12546.157201803355,23351.23673838756,1008.7931520726769,2263.408872253022,1254.6157201803355,False
843896,180,9,10.0,11.252785588268896,-45986.69415318356,71,71,3.13256444702339,6.0,-61138.620447504014,0.0,61138.620447504014,11317.370900708924,847.873609552665,0.0,True
843896,181,0,10.0,10.0,522787.1666783248,190,190,6.0,6.0,4186.0019571572775,21930.00978578622,17744.007828628943,0.0,2193.000978578618,2193.000978578622,False
843896,181,1,10.0,10.0,-31711.19544701632,70,70,3.207128046778589,5.862495132632444,-75697.3289480581,0.0,75697.3289480581,14276.655287225622,790.0809188810268,0.0,True
843896,181,2,18.56608641203773,13.892441348451465,-21582.279934578663,54,54,2.3782221848931377,4.400505987697088,-63947.671025664895,1279.696607874339,65227.36763353923,12473.894407247953,607.0718855864417,68.92656747760365,True
843896,181,3,10.5,20.24545966702548,-94948.85271081199,167,167,6.0,6.0,-91921.05869912685,13362.96317364467,105284.02187277153,17845.016030574356,1982.367714987467,1272.6631593947304,True
843896,181,4,11.0,10.5,-51699.58803100586,75,75,3.2696671903197827,5.9,-78844.78193915129,0.0,78844.78193915129,14812.49721282024,869.560772920843,0.0,True
843896,181,5,10.0,13.925625447624187,-17437.625980911886,74,74,2.866278651765272,5.580179845317385,-66016.73291011862,0.0,66016.73291011862,12303.42331445966,883.553254037477,0.0,True
843896,181,6,10.0,10.5,-21134.716294715137,75,75,3.366544052695526,6.0,-67657.40687359788,9.414691248821322e-14,67657.40687359788,12560.338268822126,867.5444538927729,9.414691248821322e-15,True
843896,181,7,15.858157889895693,18.6320895147834,-61025.74807177164,56,56,2.708748607377742,4.723721144819263,-73524.19925056428,0.0,73524.19925056428,14049.562774014694,653.333961314198,0.0,True
843896,181,8,10.0,17.465924048897673,336521.3291484077,192,192,6.0,6.0,-3565.47493766727,20836.510780252705,24401.985717919975,1200.2401777152907,2275.0981036679404,2083.6510780252706,False
843896,181,9,10.0,11.252785588268896,-45986.69415318356,71,71,3.13256444702339,6.0,-61138.620447504014,0.0,61138.620447504014,11317.370900708924,847.873609552665,0.0,True
843896,182,0,11.0,11.0,503806.0974269492,191,191,6.0,6.0,-16080.069251375597,8781.910961682624,24861.98021305822,1405.779682868391,2204.1352248395333,798.3555419711477,False
843896,182,1,10.0,10.0,-31711.19544701632,70,70,3.207128046778589,5.862495132632444,-75697.3289480581,0.0,75697.3289480581,14276.655287225622,790.0809188810268,0.0,True
843896,182,2,18.56608641203773,13.892441348451465,-21582.279934578663,54,54,2.3782221848931377,4.400505987697088,-63947.671025664895,1279.696607874339,65227.36763353923,12473.894407247953,607.0718855864417,68.92656747760365,True
843896,182,3,10.5,20.24545966702548,-94948.85271081199,167,167,6.0,6.0,-91921.05869912685,13362.96317364467,105284.02187277153,17845.016030574356,1982.367714987467,1272.6631593947304,True
843896,182,4,11.0,10.5,-51699.58803100586,75,75,3.2696671903197827,5.9,-78844.78193915129,0.0,78844.78193915129,14812.49721282024,869.560772920843,0.0,True
843896,182,5,10.0,13.925625447624187,-17437.625980911886,74,74,2.866278651765272,5.580179845317385,-66016.73291011862,0.0,66016.73291011862,12303.42331445966,883.553254037477,0.0,True
843896,182,6,10.0,10.5,-21134.716294715137,75,75,3.366544052695526,6.0,-67657.40687359788,9.414691248821322e-14,67657.40687359788,12560.338268822126,867.5444538927729,9.414691248821322e-15,True
843896,182,7,15.858157889895693,18.6320895147834,-61025.74807177164,56,56,2.708748607377742,4.723721144819263,-73524.19925056428,0.0,73524.19925056428,14049.562774014694,653.333961314198,0.0,True
843896,182,8,10.0,19.21251645378744,348389.28693552373,193,193,6.0,6.0,16375.973462702495,34870.260204900704,18494.28674219821,0.0,2286.785842774776,3487.0260204900706,False
843896,182,9,10.0,11.252785588268896,-45986.69415318356,71,71,3.13256444702339,6.0,-61138.620447504014,0.0,61138.620447504014,11317.370900708924,847.873609552665,0.0,True
843896,183,0,10.0,10.45,519288.01550146844,192,192,6.0,6.0,18288.3180745215,36210.40305787213,17922.08498335063,0.0,2215.2606229188286,3621.040305787213,False
843896,183,1,10.0,10.0,-31711.19544701632,70,70,3.207128046778589,5.862495132632444,-75697.3289480581,0.0,75697.3289480581,14276.655287225622,790.0809188810268,0.0,True
843896,183,2,18.56608641203773,13.892441348451465,-21582.279934578663,54,54,2.3782221848931377,4.400505987697088,-63947.671025664895,1279.696607874339,65227.36763353923,12473.894407247953,607.0718855864417,68.92656747760365,True
843896,183,3,10.5,20.24545966702548,-94948.85271081199,167,167,6.0,6.0,-91921.05869912685,13362.96317364467,105284.02187277153,17845.016030574356,1982.367714987467,1272.6631593947304,True
843896,183,4,11.0,10.5,-51699.58803100586,75,75,3.2696671903197827,5.9,-78844.78193915129,0.0,78844.78193915129,14812.49721282024,869.560772920843,0.0,True
843896,183,5,10.0,13.925625447624187,-17437.625980911886,74,74,2.866278651765272,5.580179845317385,-66016.73291011862,0.0,66016.73291011862,12303.42331445966,883.553254037477,0.0,True
843896,183,6,10.0,10.5,-21134.716294715137,75,75,3.366544052695526,6.0,-67657.40687359788,9.414691248821322e-14,67657.40687359788,12560.338268822126,867.5444538927729,9.414691248821322e-15,True
843896,183,7,15.858157889895693,18.6320895147834,-61025.74807177164,56,56,2.708748607377742,4.723721144819263,-73524.19925056428,0.0,73524.19925056428,14049.562774014694,653.333961314198,0.0,True
843896,183,8,10.0,21.133768099166186,326566.14165289945,194,194,6.0,6.0,-16923.1942713823,8771.301776014972,25694.496047397275,1421.3426635834808,2298.472841184984,877.1301776014973,False
843896,183,9,10.0,11.252785588268896,-45986.69415318356,71,71,3.13256444702339,6.0,-61138.620447504014,0.0,61138.620447504014,11317.370900708924,847.873609552665,0.0,True
843896,184,0,10.0,10.0,520810.76985475596,193,193,6.0,6.0,4252.754353287488,22263.77176643732,18011.01741314983,0.0,2226.377176643729,2226.377176643732,False
843896,184,1,10.0,10.0,-31711.19544701632,70,70,3.207128046778589,5.862495132632444,-75697.3289480581,0.0,75697.3289480581,14276.655287225622,790.0809188810268,0.0,True
843896,184,2,18.56608641203773,13.892441348451465,-21582.279934578663,54,54,2.3782221848931377,4.400505987697088,-63947.671025664895,1279.696607874339,65227.36763353923,12473.894407247953,607.0718855864417,68.92656747760365,True
843896,184,3,10.5,20.24545966702548,-94948.85271081199,167,167,6.0,6.0,-91921.05869912685,13362.96317364467,105284.02187277153,17845.016030574356,1982.367714987467,1272.6631593947304,True
843896,184,4,11.0,10.5,-51699.58803100586,75,75,3.2696671903197827,5.9,-78844.78193915129,0.0,78844.78193915129,14812.49721282024,869.560772920843,0.0,True
843896,184,5,10.0,13.925625447624187,-17437.625980911886,74,74,2.866278651765272,5.580179845317385,-66016.73291011862,0.0,66016.73291011862,12303.42331445966,883.553254037477,0.0,True
843896,184,6,10.0,10.5,-21134.716294715137,75,75,3.366544052695526,6.0,-67657.40687359788,9.414691248821322e-14,67657.40687359788,12560.338268822126,867.5444538927729,9.414691248821322e-15,True
843896,184,7,15.858157889895693,18.6320895147834,-61025.74807177164,56,56,2.708748607377742,4.723721144819263,-73524.19925056428,0.0,73524.19925056428,14049.562774014694,653.333961314198,0.0,True
843896,184,8,10.0,20.077079694207875,318462.88996829843,195,195,6.0,6.0,-3388.2211442331427,22633.709870877192,26021.931015110335,1468.1311097751097,2310.1594332793484,2263.370987087719,False
843896,184,9,10.0,11.252785588268896,-45986.69415318356,71,71,3.13256444702339,6.0,-61138.620447504014,0.0,61138.620447504014,11317.370900708924,847.873609552665,0.0,True
843896,185,0,11.0,11.0,501220.7113493499,194,194,6.0,6.0,-16656.058505406087,8684.027570925444,25340.086076331532,1448.033050854858,2237.4901027571555,789.4570519023131,False
843896,185,1,10.0,10.0,-31711.19544701632,70,70,3.207128046778589,5.862495132632444,-75697.3289480581,0.0,75697.3289480581,14276.655287225622,790.0809188810268,0.0,True
843896,185,2,18.56608641203773,13.892441348451465,-21582.279934578663,54,54,2.3782221848931377,4.400505987697088,-63947.671025664895,1279.696607874339,65227.36763353923,12473.894407247953,607.0718855864417,68.92656747760365,True
843896,185,3,10.5,20.24545966702548,-94948.85271081199,167,167,6.0,6.0,-91921.05869912685,13362.96317364467,105284.02187277153,17845.016030574356,1982.367714987467,1272.6631593947304,True
843896,185,4,11.0,10.5,-51699.58803100586,75,75,3.2696671903197827,5.9,-78844.78193915129,0.0,78844.78193915129,14812.49721282024,869.560772920843,0.0,True
843896,185,5,10.0,13.925625447624187,-17437.625980911886,74,74,2.866278651765272,5.580179845317385,-66016.73291011862,0.0,66016.73291011862,12303.42331445966,883.553254037477,0.0,True
843896,185,6,10.0,10.5,-21134.716294715137,75,75,3.366544052695526,6.0,-67657.40687359788,9.414691248821322e-14,67657.40687359788,12560.338268822126,867.5444538927729,9.414691248821322e-15,True
843896,185,7,15.858157889895693,18.6320895147834,-61025.74807177164,56,56,2.708748607377742,4.723721144819263,-73524.19925056428,0.0,73524.19925056428,14049.562774014694,653.333961314198,0.0,True
843896,185,8,10.0,22.084787663628664,332459.27214350685,196,196,6.0,6.0,19125.000557284682,37899.75839541908,18774.757838134396,0.0,2321.8447297667994,3789.975839541908,False
843896,185,9,10.0,11.252785588268896,-45986.69415318356,71,71,3.13256444702339,6.0,-61138.620447504014,0.0,61138.620447504014,11317.370900708924,847.873609552665,0.0,True
843896,186,0,10.0,10.45,517160.49084856804,195,195,6.0,6.0,18777.529499220436,36966.3254619077,18188.79596268726,0.0,2248.5994953359077,3696.63254619077,False
843896,186,1,10.0,10.0,-31711.19544701632,70,70,3.207128046778589,5.862495132632444,-75697.3289480581,0.0,75697.3289480581,14276.655287225622,790.0809188810268,0.0,True
843896,186,2,18.56608641203773,13.892441348451465,-21582.279934578663,54,54,2.3782221848931377,4.400505987697088,-63947.671025664895,1279.696607874339,65227.36763353923,12473.894407247953,607.0718855864417,68.92656747760365,True
843896,186,3,10.5,20.24545966702548,-94948.85271081199,167,167,6.0,6.0,-91921.05869912685,13362.96317364467,105284.02187277153,17845.016030574356,1982.367714987467,1272.6631593947304,True
843896,186,4,11.0,10.5,-51699.58803100586,75,75,3.2696671903197827,5.9,-78844.78193915129,0.0,78844.78193915129,14812.49721282024,869.560772920843,0.0,True
843896,186,5,10.0,13.925625447624187,-17437.625980911886,74,74,2.866278651765272,5.580179845317385,-66016.73291011862,0.0,66016.73291011862,12303.42331445966,883.553254037477,0.0,True
843896,186,6,10.0,10.5,-21134.716294715137,75,75,3.366544052695526,6.0,-67657.40687359788,9.414691248821322e-14,67657.40687359788,12560.338268822126,867.5444538927729,9.414691248821322e-15,True
843896,186,7,15.858157889895693,18.6320895147834,-61025.74807177164,56,56,2.708748607377742,4.723721144819263,-73524.19925056428,0.0,73524.19925056428,14049.562774014694,653.333961314198,0.0,True
843896,186,8,10.0,20.98054828044723,311552.89827352343,197,197,6.0,6.0,-15973.20585873163,9708.452564198595,25681.658422930224,1362.6843362747338,2333.529592694569,970.8452564198595,False
843896,186,9,10.0,11.252785588268896,-45986.69415318356,71,71,3.13256444702339,6.0,-61138.620447504014,0.0,61138.620447504014,11317.370900708924,847.873609552665,0.0,True
843896,187,0,10.0,10.0,518719.90596499306,196,196,6.0,6.0,4319.415116425018,22597.075582124984,18277.660465699966,0.0,2259.7075582124958,2259.7075582124985,False
843896,187,1,10.0,10.0,-31711.19544701632,70,70,3.207128046778589,5.862495132632444,-75697.3289480581,0.0,75697.3289480581,14276.655287225622,790.0809188810268,0.0,True
843896,187,2,18.56608641203773,13.892441348451465,-21582.279934578663,54,54,2.3782221848931377,4.400505987697088,-63947.671025664895,1279.696607874339,65227.36763353923,12473.894407247953,607.0718855864417,68.92656747760365,True
843896,187,3,10.5,20.24545966702548,-94948.85271081199,167,167,6.0,6.0,-91921.05869912685,13362.96317364467,105284.02187277153,17845.016030574356,1982.367714987467,1272.6631593947304,True
843896,187,4,11.0,10.5,-51699.58803100586,75,75,3.2696671903197827,5.9,-78844.78193915129,0.0,78844.78193915129,14812.49721282024,869.560772920843,0.0,True
843896,187,5,10.0,13.925625447624187,-17437.625980911886,74,74,2.866278651765272,5.580179845317385,-66016.73291011862,0.0,66016.73291011862,12303.42331445966,883.553254037477,0.0,True
843896,187,6,10.0,10.5,-21134.716294715137,75,75,3.366544052695526,6.0,-67657.40687359788,9.414691248821322e-14,67657.40687359788,12560.338268822126,867.5444538927729,9.414691248821322e-15,True
843896,187,7,15.858157889895693,18.6320895147834,-61025.74807177164,56,56,2.708748607377742,4.723721144819263,-73524.19925056428,0.0,73524.19925056428,14049.562774014694,653.333961314198,0.0,True
843896,187,8,10.0,19.93152086642487,304168.742381428,198,198,6.0,6.0,-2637.714760547242,23242.318618006047,25880.03337855329,1383.6656287958808,2345.2131543217356,2324.2318618006047,False
843896,187,9,10.0,11.252785588268896,-45986.69415318356,71,71,3.13256444702339,6.0,-61138.620447504014,0.0,61138.620447504014,11317.370900708924,847.873609552665,0.0,True
843896,188,0,11.0,11.0,500092.15967493824,197,197,6.0,6.0,-15660.746290054796,9666.118825652555,25326.86511570735,1392.0738857871484,2270.8119608464513,878.7380750593231,False
843896,188,1,10.0,10.0,-31711.19544701632,70,70,3.207128046778589,5.862495132632444,-75697.3289480581,0.0,75697.3289480581,14276.655287225622,790.0809188810268,0.0,True
843896,188,2,18.56608641203773,13.892441348451465,-21582.279934578663,54,54,2.3782221848931377,4.400505987697088,-63947.671025664895,1279.696607874339,65227.36763353923,12473.894407247953,607.0718855864417,68.92656747760365,True
843896,188,3,10.5,20.24545966702548,-94948.85271081199,167,167,6.0,6.0,-91921.05869912685,13362.96317364467,105284.02187277153,17845.016030574356,1982.367714987467,1272.6631593947304,True
843896,188,4,11.0,10.5,-51699.58803100586,75,75,3.2696671903197827,5.9,-78844.78193915129,0.0,78844.78193915129,14812.49721282024,869.560772920843,0.0,True
843896,188,5,10.0,13.925625447624187,-17437.625980911886,74,74,2.866278651765272,5.580179845317385,-66016.73291011862,0.0,66016.73291011862,12303.42331445966,883.553254037477,0.0,True
843896,188,6,10.0,10.5,-21134.716294715137,75,75,3.366544052695526,6.0,-67657.40687359788,9.414691248821322e-14,67657.40687359788,12560.338268822126,867.5444538927729,9.414691248821322e-15,True
843896,188,7,15.858157889895693,18.6320895147834,-61025.74807177164,56,56,2.708748607377742,4.723721144819263,-73524.19925056428,0.0,73524.19925056428,14049.562774014694,653.333961314198,0.0,True
843896,188,8,10.0,21.924672953067358,317356.1807973828,199,199,6.0,6.0,18350.448333618897,37405.61651625903,19055.168182640136,0.0,2356.896022830017,3740.5616516259033,False
843896,188,9,10.0,11.252785588268896,-45986.69415318356,71,71,3.13256444702339,6.0,-61138.620447504014,0.0,61138.620447504014,11317.370900708924,847.873609552665,0.0,True
843896,189,0,10.0,10.45,515507.6103441641,198,198,6.0,6.0,18284.55066922816,36739.79791465464,18455.247245426483,0.0,2281.9059056783103,3673.979791465464,False
843896,189,1,10.0,10.0,-31711.19544701632,70,70,3.207128046778589,5.862495132632444,-75697.3289480581,0.0,75697.3289480581,14276.655287225622,790.0809188810268,0.0,True
843896,189,2,18.56608641203773,13.892441348451465,-21582.279934578663,54,54,2.3782221848931377,4.400505987697088,-63947.671025664895,1279.696607874339,65227.36763353923,12473.894407247953,607.0718855864417,68.92656747760365,True
843896,189,3,10.5,20.24545966702548,-94948.85271081199,167,167,6.0,6.0,-91921.05869912685,13362.96317364467,105284.02187277153,17845.016030574356,1982.367714987467,1272.6631593947304,True
843896,189,4,11.0,10.5,-51699.58803100586,75,75,3.2696671903197827,5.9,-78844.78193915129,0.0,78844.78193915129,14812.49721282024,869.560772920843,0.0,True
843896,189,5,10.0,13.925625447624187,-17437.625980911886,74,74,2.866278651765272,5.580179845317385,-66016.73291011862,0.0,66016.73291011862,12303.42331445966,883.553254037477,0.0,True
843896,189,6,10.0,10.5,-21134.716294715137,75,75,3.366544052695526,6.0,-67657.40687359788,9.414691248821322e-14,67657.40687359788,12560.338268822126,867.5444538927729,9.414691248821322e-15,True
843896,189,7,15.858157889895693,18.6320895147834,-61025.74807177164,56,56,2.708748607377742,4.723721144819263,-73524.19925056428,0.0,73524.19925056428,14049.562774014694,653.333961314198,0.0,True
843896,189,8,10.0,20.82843930541399,296611.02224407985,200,200,6.0,6.0,-15779.470692218893,10141.354175319666,25920.82486753856,1354.4416559448173,2368.577073476809,1014.1354175319666,False
843896,189,9,10.0,11.252785588268896,-45986.69415318356,71,71,3.13256444702339,6.0,-61138.620447504014,0.0,61138.620447504014,11317.370900708924,847.873609552665,0.0,True
843896,190,0,10.0,10.0,517103.602451119,199,199,6.0,6.0,4385.992106954938,22929.960534774804,18543.968427819866,0.0,2292.996053477483,2292.9960534774805,False
843896,190,1,10.0,10.0,-31711.19544701632,70,70,3.207128046778589,5.862495132632444,-75697.3289480581,0.0,75697.3289480581,14276.655287225622,790.0809188810268,0.0,True
843896,190,2,18.56608641203773,13.892441348451465,-21582.279934578663,54,54,2.3782221848931377,4.400505987697088,-63947.671025664895,1279.696607874339,65227.36763353923,12473.894407247953,607.0718855864417,68.92656747760365,True
843896,190,3,10.5,20.24545966702548,-94948.85271081199,167,167,6.0,6.0,-91921.05869912685,13362.96317364467,105284.02187277153,17845.016030574356,1982.367714987467,1272.6631593947304,True
843896,190,4,11.0,10.5,-51699.58803100586,75,75,3.2696671903197827,5.9,-78844.78193915129,0.0,78844.78193915129,14812.49721282024,869.560772920843,0.0,True
843896,190,5,10.0,13.925625447624187,-17437.625980911886,74,74,2.866278651765272,5.580179845317385,-66016.73291011862,0.0,66016.73291011862,12303.42331445966,883.553254037477,0.0,True
843896,190,6,10.0,10.5,-21134.716294715137,75,75,3.366544052695526,6.0,-67657.40687359788,9.414691248821322e-14,67657.40687359788,12560.338268822126,867.5444538927729,9.414691248821322e-15,True
843896,190,7,15.858157889895693,18.6320895147834,-61025.74807177164,56,56,2.708748607377742,4.723721144819263,-73524.19925056428,0.0,73524.19925056428,14049.562774014694,653.333961314198,0.0,True
843896,190,8,10.0,19.78701734014329,288352.9690388415,201,201,6.0,6.0,-3480.8627198719223,22956.465624381,26437.32834425292,1439.0530071005664,2380.257913593761,2295.6465624381,False
843896,190,9,10.0,11.252785588268896,-45986.69415318356,71,71,3.13256444702339,6.0,-61138.620447504014,0.0,61138.620447504014,11317.370900708924,847.873609552665,0.0,True
843896,191,0,11.0,11.0,496633.30751906475,200,200,6.0,6.0,-17470.294932054243,8719.434237961952,26189.729170016195,1511.4094193460292,2304.0852591607563,792.675839814723,False
843896,191,1,10.0,10.0,-31711.19544701632,70,70,3.207128046778589,5.862495132632444,-75697.3289480581,0.0,75697.3289480581,14276.655287225622,790.0809188810268,0.0,True
843896,191,2,18.56608641203773,13.892441348451465,-21582.279934578663,54,54,2.3782221848931377,4.400505987697088,-63947.671025664895,1279.696607874339,65227.36763353923,12473.894407247953,607.0718855864417,68.92656747760365,True
843896,191,3,10.5,20.24545966702548,-94948.85271081199,167,167,6.0,6.0,-91921.05869912685,13362.96317364467,105284.02187277153,17845.016030574356,1982.367714987467,1272.6631593947304,True
843896,191,4,11.0,10.5,-51699.58803100586,75,75,3.2696671903197827,5.9,-78844.78193915129,0.0,78844.78193915129,14812.49721282024,869.560772920843,0.0,True
843896,191,5,10.0,13.925625447624187,-17437.625980911886,74,74,2.866278651765272,5.580179845317385,-66016.73291011862,0.0,66016.73291011862,12303.42331445966,883.553254037477,0.0,True
843896,191,6,10.0,10.5,-21134.716294715137,75,75,3.366544052695526,6.0,-67657.40687359788,9.414691248821322e-14,67657.40687359788,12560.338268822126,867.5444538927729,9.414691248821322e-15,True
843896,191,7,15.858157889895693,18.6320895147834,-61025.74807177164,56,56,2.708748607377742,4.723721144819263,-73524.19925056428,0.0,73524.19925056428,14049.562774014694,653.333961314198,0.0,True
843896,191,8,10.0,21.76571907415762,302130.69640703854,202,202,6.0,6.0,18974.402621180183,38309.89282187811,19335.490200697925,0.0,2391.9362750872406,3830.989282187811,False
843896,191,9,10.0,11.252785588268896,-45986.69415318356,71,71,3.13256444702339,6.0,-61138.620447504014,0.0,61138.620447504014,11317.370900708924,847.873609552665,0.0,True
843896,192,0,10.0,10.45,513277.293900701,201,201,6.0,6.0,19544.436381638563,38265.80513435175,18721.368752713188,0.0,2315.1710940891485,3826.580513435175,False
843896,192,1,10.0,10.0,-31711.19544701632,70,70,3.207128046778589,5.862495132632444,-75697.3289480581,0.0,75697.3289480581,14276.655287225622,790.0809188810268,0.0,True
843896,192,2,18.56608641203773,13.892441348451465,-21582.279934578663,54,54,2.3782221848931377,4.400505987697088,-63947.671025664895,1279.696607874339,65227.36763353923,12473.894407247953,607.0718855864417,68.92656747760365,True
843896,192,3,10.5,20.24545966702548,-94948.85271081199,167,167,6.0,6.0,-91921.05869912685,13362.96317364467,105284.02187277153,17845.016030574356,1982.367714987467,1272.6631593947304,True
843896,192,4,11.0,10.5,-51699.58803100586,75,75,3.2696671903197827,5.9,-78844.78193915129,0.0,78844.78193915129,14812.49721282024,869.560772920843,0.0,True
843896,192,5,10.0,13.925625447624187,-17437.625980911886,74,74,2.866278651765272,5.580179845317385,-66016.73291011862,0.0,66016.73291011862,12303.42331445966,883.553254037477,0.0,True
843896,192,6,10.0,10.5,-21134.716294715137,75,75,3.366544052695526,6.0,-67657.40687359788,9.414691248821322e-14,67657.40687359788,12560.338268822126,867.5444538927729,9.414691248821322e-15,True
843896,192,7,15.858157889895693,18.6320895147834,-61025.74807177164,56,56,2.708748607377742,4.723721144819263,-73524.19925056428,0.0,73524.19925056428,14049.562774014694,653.333961314198,0.0,True
843896,192,8,10.0,20.677433120449738,278423.22582965076,203,203,6.0,6.0,-18709.951653939235,8491.35133069876,27201.302984637998,1554.4786092368508,2403.613742306718,849.135133069876,False
843896,192,9,10.0,11.252785588268896,-45986.69415318356,71,71,3.13256444702339,6.0,-61138.620447504014,0.0,61138.620447504014,11317.370900708924,847.873609552665,0.0,True
843896,193,0,10.0,10.0,514909.7948163589,202,202,6.0,6.0,4452.5009156579035,23262.504578289478,18810.003662631574,0.0,2326.2504578289468,2326.2504578289477,False
843896,193,1,10.0,10.0,-31711.19544701632,70,70,3.207128046778589,5.862495132632444,-75697.3289480581,0.0,75697.3289480581,14276.655287225622,790.0809188810268,0.0,True
843896,193,2,18.56608641203773,13.892441348451465,-21582.279934578663,54,54,2.3782221848931377,4.400505987697088,-63947.671025664895,1279.696607874339,65227.36763353923,12473.894407247953,607.0718855864417,68.92656747760365,True
843896,193,3,10.5,20.24545966702548,-94948.85271081199,167,167,6.0,6.0,-91921.05869912685,13362.96317364467,105284.02187277153,17845.016030574356,1982.367714987467,1272.6631593947304,True
843896,193,4,11.0,10.5,-51699.58803100586,75,75,3.2696671903197827,5.9,-78844.78193915129,0.0,78844.78193915129,14812.49721282024,869.560772920843,0.0,True
843896,193,5,10.0,13.925625447624187,-17437.625980911886,74,74,2.866278651765272,5.580179845317385,-66016.73291011862,0.0,66016.73291011862,12303.42331445966,883.553254037477,0.0,True
843896,193,6,10.0,10.5,-21134.716294715137,75,75,3.366544052695526,6.0,-67657.40687359788,9.414691248821322e-14,67657.40687359788,12560.338268822126,867.5444538927729,9.414691248821322e-15,True
843896,193,7,15.858157889895693,18.6320895147834,-61025.74807177164,56,56,2.708748607377742,4.723721144819263,-73524.19925056428,0.0,73524.19925056428,14049.562774014694,653.333961314198,0.0,True
843896,193,8,10.0,19.64356146442725,267945.64217564935,204,204,6.0,6.0,-5670.297115254998,22467.248497397595,28137.545612652593,1723.0442837406722,2415.290524243654,2246.7248497397595,False
843896,193,9,10.0,11.252785588268896,-45986.69415318356,71,71,3.13256444702339,6.0,-61138.620447504014,0.0,61138.620447504014,11317.370900708924,847.873609552665,0.0,True
843896,194,0,11.0,11.0,489041.9600348865,203,203,6.0,6.0,-22834.834781472382,5328.394482599334,28163.229264071717,1852.9256366712884,2337.3251350894093,484.39949841812125,False
843896,194,1,10.0,10.0,-31711.19544701632,70,70,3.207128046778589,5.862495132632444,-75697.3289480581,0.0,75697.3289480581,14276.655287225622,790.0809188810268,0.0,True
843896,194,2,18.56608641203773,13.892441348451465,-21582.279934578663,54,54,2.3782221848931377,4.400505987697088,-63947.671025664895,1279.696607874339,65227.36763353923,12473.894407247953,607.0718855864417,68.92656747760365,True
843896,194,3,10.5,20.24545966702548,-94948.85271081199,167,167,6.0,6.0,-91921.05869912685,13362.96317364467,105284.02187277153,17845.016030574356,1982.367714987467,1272.6631593947304,True
843896,194,4,11.0,10.5,-51699.58803100586,75,75,3.2696671903197827,5.9,-78844.78193915129,0.0,78844.78193915129,14812.49721282024,869.560772920843,0.0,True
843896,194,5,10.0,13.925625447624187,-17437.625980911886,74,74,2.866278651765272,5.580179845317385,-66016.73291011862,0.0,66016.73291011862,12303.42331445966,883.553254037477,0.0,True
843896,194,6,10.0,10.5,-21134.716294715137,75,75,3.366544052695526,6.0,-67657.40687359788,9.414691248821322e-14,67657.40687359788,12560.338268822126,867.5444538927729,9.414691248821322e-15,True
843896,194,7,15.858157889895693,18.6320895147834,-61025.74807177164,56,56,2.708748607377742,4.723721144819263,-73524.19925056428,0.0,73524.19925056428,14049.562774014694,653.333961314198,0.0,True
843896,194,8,10.0,21.607917610869976,284600.39506925497,205,205,6.0,6.0,21884.376003829257,41500.10866951951,19615.732665690255,0.0,2426.966583211282,4150.010866951951,False
843896,194,9,10.0,11.252785588268896,-45986.69415318356,71,71,3.13256444702339,6.0,-61138.620447504014,0.0,61138.620447504014,11317.370900708924,847.873609552665,0.0,True
843896,195,0,10.0,10.45,509136.2079819339,204,204,6.0,6.0,23026.04794704976,42013.21426839691,18987.166321347147,0.0,2348.3957901683934,4201.3214268396905,False
843896,195,1,10.0,10.0,-31711.19544701632,70,70,3.207128046778589,5.862495132632444,-75697.3289480581,0.0,75697.3289480581,14276.655287225622,790.0809188810268,0.0,True
843896,195,2,18.56608641203773,13.892441348451465,-21582.279934578663,54,54,2.3782221848931377,4.400505987697088,-63947.671025664895,1279.696607874339,65227.36763353923,12473.894407247953,607.0718855864417,68.92656747760365,True
843896,195,3,10.5,20.24545966702548,-94948.85271081199,167,167,6.0,6.0,-91921.05869912685,13362.96317364467,105284.02187277153,17845.016030574356,1982.367714987467,1272.6631593947304,True
843896,195,4,11.0,10.5,-51699.58803100586,75,75,3.2696671903197827,5.9,-78844.78193915129,0.0,78844.78193915129,14812.49721282024,869.560772920843,0.0,True
843896,195,5,10.0,13.925625447624187,-17437.625980911886,74,74,2.866278651765272,5.580179845317385,-66016.73291011862,0.0,66016.73291011862,12303.42331445966,883.553254037477,0.0,True
843896,195,6,10.0,10.5,-21134.716294715137,75,75,3.366544052695526,6.0,-67657.40687359788,9.414691248821322e-14,67657.40687359788,12560.338268822126,867.5444538927729,9.414691248821322e-15,True
843896,195,7,15.858157889895693,18.6320895147834,-61025.74807177164,56,56,2.708748607377742,4.723721144819263,-73524.19925056428,0.0,73524.19925056428,14049.562774014694,653.333961314198,0.0,True
843896,195,8,10.0,20.527521730326477,254499.07285354048,206,206,6.0,6.0,-25072.65273926396,4553.1334413925715,29625.78618065653,1983.329186734044,2438.6425308732887,455.31334413925714,False
843896,195,9,10.0,11.252785588268896,-45986.69415318356,71,71,3.13256444702339,6.0,-61138.620447504014,0.0,61138.620447504014,11317.370900708924,847.873609552665,0.0,True
843896,196,0,10.0,10.0,510805.1371151767,205,205,6.0,6.0,4518.9291332428,23594.645666214088,19075.716532971288,0.0,2359.464566621411,2359.4645666214087,False
843896,196,1,10.0,10.0,-31711.19544701632,70,70,3.207128046778589,5.862495132632444,-75697.3289480581,0.0,75697.3289480581,14276.655287225622,790.0809188810268,0.0,True
843896,196,2,18.56608641203773,13.892441348451465,-21582.279934578663,54,54,2.3782221848931377,4.400505987697088,-63947.671025664895,1279.696607874339,65227.36763353923,12473.894407247953,607.0718855864417,68.92656747760365,True
843896,196,3,10.5,20.24545966702548,-94948.85271081199,167,167,6.0,6.0,-91921.05869912685,13362.96317364467,105284.02187277153,17845.016030574356,1982.367714987467,1272.6631593947304,True
843896,196,4,11.0,10.5,-51699.58803100586,75,75,3.2696671903197827,5.9,-78844.78193915129,0.0,78844.78193915129,14812.49721282024,869.560772920843,0.0,True
843896,196,5,10.0,13.925625447624187,-17437.625980911886,74,74,2.866278651765272,5.580179845317385,-66016.73291011862,0.0,66016.73291011862,12303.42331445966,883.553254037477,0.0,True
843896,196,6,10.0,10.5,-21134.716294715137,75,75,3.366544052695526,6.0,-67657.40687359788,9.414691248821322e-14,67657.40687359788,12560.338268822126,867.5444538927729,9.414691248821322e-15,True
843896,196,7,15.858157889895693,18.6320895147834,-61025.74807177164,56,56,2.708748607377742,4.723721144819263,-73524.19925056428,0.0,73524.19925056428,14049.562774014694,653.333961314198,0.0,True
843896,196,8,10.0,19.50114564381015,240595.64337586277,207,207,6.0,6.0,-9066.692329406465,21936.045945079284,31002.73827448575,2240.0411547919402,2450.316562565756,2193.6045945079286,False
843896,196,9,10.0,11.252785588268896,-45986.69415318356,71,71,3.13256444702339,6.0,-61138.620447504014,0.0,61138.620447504014,11317.370900708924,847.873609552665,0.0,True
843896,197,0,11.0,11.0,476722.24314653507,206,206,6.0,6.0,-31016.893968641638,5.32907051820075e-14,31016.893968641638,2370.530305280126,2370.530305280126,4.844609562000682e-15,False
843896,197,1,10.0,10.0,-31711.19544701632,70,70,3.207128046778589,5.862495132632444,-75697.3289480581,0.0,75697.3289480581,14276.655287225622,790.0809188810268,0.0,True
843896,197,2,18.56608641203773,13.892441348451465,-21582.279934578663,54,54,2.3782221848931377,4.400505987697088,-63947.671025664895,1279.696607874339,65227.36763353923,12473.894407247953,607.0718855864417,68.92656747760365,True
843896,197,3,10.5,20.24545966702548,-94948.85271081199,167,167,6.0,6.0,-91921.05869912685,13362.96317364467,105284.02187277153,17845.016030574356,1982.367714987467,1272.6631593947304,True
843896,197,4,11.0,10.5,-51699.58803100586,75,75,3.2696671903197827,5.9,-78844.78193915129,0.0,78844.78193915129,14812.49721282024,869.560772920843,0.0,True
843896,197,5,10.0,13.925625447624187,-17437.625980911886,74,74,2.866278651765272,5.580179845317385,-66016.73291011862,0.0,66016.73291011862,12303.42331445966,883.553254037477,0.0,True
843896,197,6,10.0,10.5,-21134.716294715137,75,75,3.366544052695526,6.0,-67657.40687359788,9.414691248821322e-14,67657.40687359788,12560.338268822126,867.5444538927729,9.414691248821322e-15,True
843896,197,7,15.858157889895693,18.6320895147834,-61025.74807177164,56,56,2.708748607377742,4.723721144819263,-73524.19925056428,0.0,73524.19925056428,14049.562774014694,653.333961314198,0.0,True
843896,197,8,10.0,21.45126020819117,261874.49164393352,208,208,6.0,6.0,26540.710391372464,46631.18182458724,20090.471433214778,38.91193937542528,2461.9889670422062,4663.118182458724,False
843896,197,9,10.0,11.252785588268896,-45986.69415318356,71,71,3.13256444702339,6.0,-61138.620447504014,0.0,61138.620447504014,11317.370900708924,847.873609552665,0.0,True
843896,198,0,10.0,10.45,500256.4838628785,207,207,6.0,6.0,26497.390716345857,46340.50032961043,19843.109613264576,118.0732147551769,2381.5929424360866,4634.050032961043,False
843896,198,1,10.0,10.0,-31711.19544701632,70,70,3.207128046778589,5.862495132632444,-75697.3289480581,0.0,75697.3289480581,14276.655287225622,790.0809188810268,0.0,True
843896,198,2,18.56608641203773,13.892441348451465,-21582.279934578663,54,54,2.3782221848931377,4.400505987697088,-63947.671025664895,1279.696607874339,65227.36763353923,12473.894407247953,607.0718855864417,68.92656747760365,True
843896,198,3,10.5,20.24545966702548,-94948.85271081199,167,167,6.0,6.0,-91921.05869912685,13362.96317364467,105284.02187277153,17845.016030574356,1982.367714987467,1272.6631593947304,True
843896,198,4,11.0,10.5,-51699.58803100586,75,75,3.2696671903197827,5.9,-78844.78193915129,0.0,78844.78193915129,14812.49721282024,869.560772920843,0.0,True
843896,198,5,10.0,13.925625447624187,-17437.625980911886,74,74,2.866278651765272,5.580179845317385,-66016.73291011862,0.0,66016.73291011862,12303.42331445966,883.553254037477,0.0,True
843896,198,6,10.0,10.5,-21134.716294715137,75,75,3.366544052695526,6.0,-67657.40687359788,9.414691248821322e-14,67657.40687359788,12560.338268822126,867.5444538927729,9.414691248821322e-15,True
843896,198,7,15.858157889895693,18.6320895147834,-61025.74807177164,56,56,2.708748607377742,4.723721144819263,-73524.19925056428,0.0,73524.19925056428,14049.562774014694,653.333961314198,0.0,True
843896,198,8,10.0,20.37869719778161,224263.2034062738,209,209,6.0,6.0,-32552.14052332625,4.796163466380678e-14,32552.14052332625,2512.5720029484346,2473.660063573009,4.796163466380678e-15,False
843896,198,9,10.0,11.252785588268896,-45986.69415318356,71,71,3.13256444702339,6.0,-61138.620447504014,0.0,61138.620447504014,11317.370900708924,847.873609552665,0.0,True
843896,199,0,10.0,10.0,503142.5187077404,208,208,6.0,6.0,5766.03484486189,25107.245634102408,19341.21078924052,0.0,2392.651348655065,2510.724563410241,False
843896,199,1,10.0,10.0,-31711.19544701632,70,70,3.207128046778589,5.862495132632444,-75697.3289480581,0.0,75697.3289480581,14276.655287225622,790.0809188810268,0.0,True
843896,199,2,18.56608641203773,13.892441348451465,-21582.279934578663,54,54,2.3782221848931377,4.400505987697088,-63947.671025664895,1279.696607874339,65227.36763353923,12473.894407247953,607.0718855864417,68.92656747760365,True
843896,199,3,10.5,20.24545966702548,-94948.85271081199,167,167,6.0,6.0,-91921.05869912685,13362.96317364467,105284.02187277153,17845.016030574356,1982.367714987467,1272.6631593947304,True
843896,199,4,11.0,10.5,-51699.58803100586,75,75,3.2696671903197827,5.9,-78844.78193915129,0.0,78844.78193915129,14812.49721282024,869.560772920843,0.0,True
843896,199,5,10.0,13.925625447624187,-17437.625980911886,74,74,2.866278651765272,5.580179845317385,-66016.73291011862,0.0,66016.73291011862,12303.42331445966,883.553254037477,0.0,True
843896,199,6,10.0,10.5,-21134.716294715137,75,75,3.366544052695526,6.0,-67657.40687359788,9.414691248821322e-14,67657.40687359788,12560.338268822126,867.5444538927729,9.414691248821322e-15,True
843896,199,7,15.858157889895693,18.6320895147834,-61025.74807177164,56,56,2.708748607377742,4.723721144819263,-73524.19925056428,0.0,73524.19925056428,14049.562774014694,653.333961314198,0.0,True
843896,199,8,10.0,19.359762337892526,204630.8554866254,210,210,6.0,6.0,-14766.797828688803,20203.53984392141,34970.337672610214,2977.544755466311,2485.3267369098326,2020.353984392141,False
843896,199,9,10.0,11.252785588268896,-45986.69415318356,71,71,3.13256444702339,6.0,-61138.620447504014,0.0,61138.620447504014,11317.370900708924,847.873609552665,0.0,True
843896,200,0,11.0,11.0,468595.36059459316,209,209,6.0,6.0,-31448.158113147245,1.9184653865522725e-13,31448.158113147245,2403.704470242096,2403.704470242096,1.7440594423202478e-14,False
843896,200,1,10.0,10.0,-31711.19544701632,70,70,3.207128046778589,5.862495132632444,-75697.3289480581,0.0,75697.3289480581,14276.655287225622,790.0809188810268,0.0,True
843896,200,2,18.56608641203773,13.892441348451465,-21582.279934578663,54,54,2.3782221848931377,4.400505987697088,-63947.671025664895,1279.696607874339,65227.36763353923,12473.894407247953,607.0718855864417,68.92656747760365,True
843896,200,3,10.5,20.24545966702548,-94948.85271081199,167,167,6.0,6.0,-91921.05869912685,13362.96317364467,105284.02187277153,17845.016030574356,1982.367714987467,1272.6631593947304,True
843896,200,4,11.0,10.5,-51699.58803100586,75,75,3.2696671903197827,5.9,-78844.78193915129,0.0,78844.78193915129,14812.49721282024,869.560772920843,0.0,True
843896,200,5,10.0,13.925625447624187,-17437.625980911886,74,74,2.866278651765272,5.580179845317385,-66016.73291011862,0.0,66016.73291011862,12303.42331445966,883.553254037477,0.0,True
843896,200,6,10.0,10.5,-21134.716294715137,75,75,3.366544052695526,6.0,-67657.40687359788,9.414691248821322e-14,67657.40687359788,12560.338268822126,867.5444538927729,9.414691248821322e-15,True
843896,200,7,15.858157889895693,18.6320895147834,-61025.74807177164,56,56,2.708748607377742,4.723721144819263,-73524.19925056428,0.0,73524.19925056428,14049.562774014694,653.333961314198,0.0,True
843896,200,8,10.0,21.29573857168178,221399.66283615134,211,211,6.0,6.0,22062.208188148896,46407.21924223085,24345.011054081955,833.8149003099016,2496.992069066556,4640.721924223085,False
843896,200,9,10.0,11.252785588268896,-45986.69415318356,71,71,3.13256444702339,6.0,-61138.620447504014,0.0,61138.620447504014,11317.370900708924,847.873609552665,0.0,True
843896,201,0,10.0,10.45,491171.1280029538,210,210,6.0,6.0,25570.267408363055,46120.41671600622,20550.149307643165,206.41936129038604,2414.7565626489045,4612.041671600622,False
843896,201,1,10.0,10.0,-31711.19544701632,70,70,3.207128046778589,5.862495132632444,-75697.3289480581,0.0,75697.3289480581,14276.655287225622,790.0809188810268,0.0,True
843896,201,2,18.56608641203773,13.892441348451465,-21582.279934578663,54,54,2.3782221848931377,4.400505987697088,-63947.671025664895,1279.696607874339,65227.36763353923,12473.894407247953,607.0718855864417,68.92656747760365,True
843896,201,3,10.5,20.24545966702548,-94948.85271081199,167,167,6.0,6.0,-91921.05869912685,13362.96317364467,105284.02187277153,17845.016030574356,1982.367714987467,1272.6631593947304,True
843896,201,4,11.0,10.5,-51699.58803100586,75,75,3.2696671903197827,5.9,-78844.78193915129,0.0,78844.78193915129,14812.49721282024,869.560772920843,0.0,True
843896,201,5,10.0,13.925625447624187,-17437.625980911886,74,74,2.866278651765272,5.580179845317385,-66016.73291011862,0.0,66016.73291011862,12303.42331445966,883.553254037477,0.0,True
843896,201,6,10.0,10.5,-21134.716294715137,75,75,3.366544052695526,6.0,-67657.40687359788,9.414691248821322e-14,67657.40687359788,12560.338268822126,867.5444538927729,9.414691248821322e-15,True
843896,201,7,15.858157889895693,18.6320895147834,-61025.74807177164,56,56,2.708748607377742,4.723721144819263,-73524.19925056428,0.0,73524.19925056428,14049.562774014694,653.333961314198,0.0,True
843896,201,8,10.0,20.23095164309769,179329.09845897098,212,212,6.0,6.0,-36981.60262884671,4.600764214046666e-13,36981.60262884671,3342.470910101994,2508.6560097920924,4.6007642140466655e-14,False
843896,201,9,10.0,11.252785588268896,-45986.69415318356,71,71,3.13256444702339,6.0,-61138.620447504014,0.0,61138.620447504014,11317.370900708924,847.873609552665,0.0,True
843896,202,0,10.0,10.0,494976.9275510334,211,211,6.0,6.0,6715.799548079587,26322.223288782312,19606.423740702725,0.0,2425.8029675878406,2632.222328878231,False
843896,202,1,10.0,10.0,-31711.19544701632,70,70,3.207128046778589,5.862495132632444,-75697.3289480581,0.0,75697.3289480581,14276.655287225622,790.0809188810268,0.0,True
843896,202,2,18.56608641203773,13.892441348451465,-21582.279934578663,54,54,2.3782221848931377,4.400505987697088,-63947.671025664895,1279.696607874339,65227.36763353923,12473.894407247953,607.0718855864417,68.92656747760365,True
843896,202,3,10.5,20.24545966702548,-94948.85271081199,167,167,6.0,6.0,-91921.05869912685,13362.96317364467,105284.02187277153,17845.016030574356,1982.367714987467,1272.6631593947304,True
843896,202,4,11.0,10.5,-51699.58803100586,75,75,3.2696671903197827,5.9,-78844.78193915129,0.0,78844.78193915129,14812.49721282024,869.560772920843,0.0,True
843896,202,5,10.0,13.925625447624187,-17437.625980911886,74,74,2.866278651765272,5.580179845317385,-66016.73291011862,0.0,66016.73291011862,12303.42331445966,883.553254037477,0.0,True
843896,202,6,10.0,10.5,-21134.716294715137,75,75,3.366544052695526,6.0,-67657.40687359788,9.414691248821322e-14,67657.40687359788,12560.338268822126,867.5444538927729,9.414691248821322e-15,True
843896,202,7,15.858157889895693,18.6320895147834,-61025.74807177164,56,56,2.708748607377742,4.723721144819263,-73524.19925056428,0.0,73524.19925056428,14049.562774014694,653.333961314198,0.0,True
843896,202,8,10.0,19.219404060942804,152918.36863588658,213,213,6.0,6.0,-21516.996758102792,18773.00118726282,40289.99794536561,3985.4895597207474,2520.3187683452343,1877.3001187262819,False
843896,202,9,10.0,11.252785588268896,-45986.69415318356,71,71,3.13256444702339,6.0,-61138.620447504014,0.0,61138.620447504014,11317.370900708924,847.873609552665,0.0,True
843896,203,0,11.0,11.0,459965.9243761253,212,212,6.0,6.0,-31879.00317490811,1.0835776720341522e-13,31879.00317490811,2436.846398069855,2436.846398069855,9.850706109401383e-15,False
843896,203,1,10.0,10.0,-31711.19544701632,70,70,3.207128046778589,5.862495132632444,-75697.3289480581,0.0,75697.3289480581,14276.655287225622,790.0809188810268,0.0,True
843896,203,2,18.56608641203773,13.892441348451465,-21582.279934578663,54,54,2.3782221848931377,4.400505987697088,-63947.671025664895,1279.696607874339,65227.36763353923,12473.894407247953,607.0718855864417,68.92656747760365,True
843896,203,3,10.5,20.24545966702548,-94948.85271081199,167,167,6.0,6.0,-91921.05869912685,13362.96317364467,105284.02187277153,17845.016030574356,1982.367714987467,1272.6631593947304,True
843896,203,4,11.0,10.5,-51699.58803100586,75,75,3.2696671903197827,5.9,-78844.78193915129,0.0,78844.78193915129,14812.49721282024,869.560772920843,0.0,True
843896,203,5,10.0,13.925625447624187,-17437.625980911886,74,74,2.866278651765272,5.580179845317385,-66016.73291011862,0.0,66016.73291011862,12303.42331445966,883.553254037477,0.0,True
843896,203,6,10.0,10.5,-21134.716294715137,75,75,3.366544052695526,6.0,-67657.40687359788,9.414691248821322e-14,67657.40687359788,12560.338268822126,867.5444538927729,9.414691248821322e-15,True
843896,203,7,15.858157889895693,18.6320895147834,-61025.74807177164,56,56,2.708748607377742,4.723721144819263,-73524.19925056428,0.0,73524.19925056428,14049.562774014694,653.333961314198,0.0,True
843896,203,8,10.0,21.141344467037086,163831.2786736386,214,214,6.0,6.0,16237.157753696956,46186.89909379155,29949.741340094595,1898.7798879097586,2531.980237568225,4618.689909379155,False
843896,203,9,10.0,11.252785588268896,-45986.69415318356,71,71,3.13256444702339,6.0,-61138.620447504014,0.0,61138.620447504014,11317.370900708924,847.873609552665,0.0,True
843896,204,0,10.0,10.45,484369.23849622766,213,213,6.0,6.0,27429.164120104855,47757.203485513935,20328.03936540908,109.00367396590907,2447.877624447442,4775.720348551394,False
843896,204,1,10.0,10.0,-31711.19544701632,70,70,3.207128046778589,5.862495132632444,-75697.3289480581,0.0,75697.3289480581,14276.655287225622,790.0809188810268,0.0,True
843896,204,2,18.56608641203773,13.892441348451465,-21582.279934578663,54,54,2.3782221848931377,4.400505987697088,-63947.671025664895,1279.696607874339,65227.36763353923,12473.894407247953,607.0718855864417,68.92656747760365,True
843896,204,3,10.5,20.24545966702548,-94948.85271081199,167,167,6.0,6.0,-91921.05869912685,13362.96317364467,105284.02187277153,17845.016030574356,1982.367714987467,1272.6631593947304,True
843896,204,4,11.0,10.5,-51699.58803100586,75,75,3.2696671903197827,5.9,-78844.78193915129,0.0,78844.78193915129,14812.49721282024,869.560772920843,0.0,True
843896,204,5,10.0,13.925625447624187,-17437.625980911886,74,74,2.866278651765272,5.580179845317385,-66016.73291011862,0.0,66016.73291011862,12303.42331445966,883.553254037477,0.0,True
843896,204,6,10.0,10.5,-21134.716294715137,75,75,3.366544052695526,6.0,-67657.40687359788,9.414691248821322e-14,67657.40687359788,12560.338268822126,867.5444538927729,9.414691248821322e-15,True
843896,204,7,15.858157889895693,18.6320895147834,-61025.74807177164,56,56,2.708748607377742,4.723721144819263,-73524.19925056428,0.0,73524.19925056428,14049.562774014694,653.333961314198,0.0,True
843896,204,8,10.0,23.2554789137408,115270.13500027829,215,215,6.0,6.0,-42761.215706904,1.0658141036401495e-13,42761.215706904,4442.419600783236,2543.6397128734775,1.0658141036401495e-14,False
843896,204,9,10.0,11.252785588268896,-45986.69415318356,71,71,3.13256444702339,6.0,-61138.620447504014,0.0,61138.620447504014,11317.370900708924,847.873609552665,0.0,True
843896,205,0,10.0,10.0,487237.080691915,214,214,6.0,6.0,5807.842195687372,25679.064019800535,19871.221824113163,0.0,2458.9027280141454,2567.9064019800535,False
843896,205,1,10.0,10.0,-31711.19544701632,70,70,3.207128046778589,5.862495132632444,-75697.3289480581,0.0,75697.3289480581,14276.655287225622,790.0809188810268,0.0,True
843896,205,2,18.56608641203773,13.892441348451465,-21582.279934578663,54,54,2.3782221848931377,4.400505987697088,-63947.671025664895,1279.696607874339,65227.36763353923,12473.894407247953,607.0718855864417,68.92656747760365,True
843896,205,3,10.5,20.24545966702548,-94948.85271081199,167,167,6.0,6.0,-91921.05869912685,13362.96317364467,105284.02187277153,17845.016030574356,1982.367714987467,1272.6631593947304,True
843896,205,4,11.0,10.5,-51699.58803100586,75,75,3.2696671903197827,5.9,-78844.78193915129,0.0,78844.78193915129,14812.49721282024,869.560772920843,0.0,True
843896,205,5,10.0,13.925625447624187,-17437.625980911886,74,74,2.866278651765272,5.580179845317385,-66016.73291011862,0.0,66016.73291011862,12303.42331445966,883.553254037477,0.0,True
843896,205,6,10.0,10.5,-21134.716294715137,75,75,3.366544052695526,6.0,-67657.40687359788,9.414691248821322e-14,67657.40687359788,12560.338268822126,867.5444538927729,9.414691248821322e-15,True
843896,205,7,15.858157889895693,18.6320895147834,-61025.74807177164,56,56,2.708748607377742,4.723721144819263,-73524.19925056428,0.0,73524.19925056428,14049.562774014694,653.333961314198,0.0,True
843896,205,8,10.0,22.09270496805376,87182.82923041075,216,216,6.0,6.0,-22515.28149676945,22077.132524403896,44592.41402117335,4790.004985224339,2555.298636881457,2207.7132524403896,False
843896,205,9,10.0,11.252785588268896,-45986.69415318356,71,71,3.13256444702339,6.0,-61138.620447504014,0.0,61138.620447504014,11317.370900708924,847.873609552665,0.0,True
843896,206,0,11.0,11.0,451763.1190423709,215,215,6.0,6.0,-32308.961649544108,3.375077994860475e-14,32308.961649544108,2469.9201268880083,2469.9201268880083,3.068252722600432e-15,False
843896,206,1,10.0,10.0,-31711.19544701632,70,70,3.207128046778589,5.862495132632444,-75697.3289480581,0.0,75697.3289480581,14276.655287225622,790.0809188810268,0.0,True
843896,206,2,18.56608641203773,13.892441348451465,-21582.279934578663,54,54,2.3782221848931377,4.400505987697088,-63947.671025664895,1279.696607874339,65227.36763353923,12473.894407247953,607.0718855864417,68.92656747760365,True
843896,206,3,10.5,20.24545966702548,-94948.85271081199,167,167,6.0,6.0,-91921.05869912685,13362.96317364467,105284.02187277153,17845.016030574356,1982.367714987467,1272.6631593947304,True
843896,206,4,11.0,10.5,-51699.58803100586,75,75,3.2696671903197827,5.9,-78844.78193915129,0.0,78844.78193915129,14812.49721282024,869.560772920843,0.0,True
843896,206,5,10.0,13.925625447624187,-17437.625980911886,74,74,2.866278651765272,5.580179845317385,-66016.73291011862,0.0,66016.73291011862,12303.42331445966,883.553254037477,0.0,True
843896,206,6,10.0,10.5,-21134.716294715137,75,75,3.366544052695526,6.0,-67657.40687359788,9.414691248821322e-14,67657.40687359788,12560.338268822126,867.5444538927729,9.414691248821322e-15,True
843896,206,7,15.858157889895693,18.6320895147834,-61025.74807177164,56,56,2.708748607377742,4.723721144819263,-73524.19925056428,0.0,73524.19925056428,14049.562774014694,653.333961314198,0.0,True
843896,206,8,10.0,24.301975464859137,98040.5630521804,217,217,6.0,6.0,16931.262497643365,49634.489884968585,32703.22738732522,2393.5134893187865,2566.957492591411,4963.448988496859,False
843896,206,9,10.0,11.252785588268896,-45986.69415318356,71,71,3.13256444702339,6.0,-61138.620447504014,0.0,61138.620447504014,11317.370900708924,847.873609552665,0.0,True
843896,207,0,10.0,10.45,478166.98604655784,216,216,6.0,6.0,29461.06700418947,49508.529945427,20047.46294123753,0.0,2480.932867654691,4950.8529945427,False
843896,207,1,10.0,10.0,-31711.19544701632,70,70,3.207128046778589,5.862495132632444,-75697.3289480581,0.0,75697.3289480581,14276.655287225622,790.0809188810268,0.0,True
843896,207,2,18.56608641203773,13.892441348451465,-21582.279934578663,54,54,2.3782221848931377,4.400505987697088,-63947.671025664895,1279.696607874339,65227.36763353923,12473.894407247953,607.0718855864417,68.92656747760365,True
843896,207,3,10.5,20.24545966702548,-94948.85271081199,167,167,6.0,6.0,-91921.05869912685,13362.96317364467,105284.02187277153,17845.016030574356,1982.367714987467,1272.6631593947304,True
843896,207,4,11.0,10.5,-51699.58803100586,75,75,3.2696671903197827,5.9,-78844.78193915129,0.0,78844.78193915129,14812.49721282024,869.560772920843,0.0,True
843896,207,5,10.0,13.925625447624187,-17437.625980911886,74,74,2.866278651765272,5.580179845317385,-66016.73291011862,0.0,66016.73291011862,12303.42331445966,883.553254037477,0.0,True
843896,207,6,10.0,10.5,-21134.716294715137,75,75,3.366544052695526,6.0,-67657.40687359788,9.414691248821322e-14,67657.40687359788,12560.338268822126,867.5444538927729,9.414691248821322e-15,True
843896,207,7,15.858157889895693,18.6320895147834,-61025.74807177164,56,56,2.708748607377742,4.723721144819263,-73524.19925056428,0.0,73524.19925056428,14049.562774014694,653.333961314198,0.0,True
843896,207,8,10.0,23.08687669161618,46856.85400366613,218,218,6.0,6.0,-45350.76992974327,225.85902735959448,45576.62895710286,4949.54228075119,2578.614694168364,22.585902735959447,False
843896,207,9,10.0,11.252785588268896,-45986.69415318356,71,71,3.13256444702339,6.0,-61138.620447504014,0.0,61138.620447504014,11317.370900708924,847.873609552665,0.0,True
843896,208,0,10.0,10.0,479980.864546532,217,217,6.0,6.0,4783.878499974122,24919.392499870715,20135.513999896593,0.0,2491.939249987074,2491.9392499870714,False
843896,208,1,10.0,10.0,-31711.19544701632,70,70,3.207128046778589,5.862495132632444,-75697.3289480581,0.0,75697.3289480581,14276.655287225622,790.0809188810268,0.0,True
843896,208,2,18.56608641203773,13.892441348451465,-21582.279934578663,54,54,2.3782221848931377,4.400505987697088,-63947.671025664895,1279.696607874339,65227.36763353923,12473.894407247953,607.0718855864417,68.92656747760365,True
843896,208,3,10.5,20.24545966702548,-94948.85271081199,167,167,6.0,6.0,-91921.05869912685,13362.96317364467,105284.02187277153,17845.016030574356,1982.367714987467,1272.6631593947304,True
843896,208,4,11.0,10.5,-51699.58803100586,75,75,3.2696671903197827,5.9,-78844.78193915129,0.0,78844.78193915129,14812.49721282024,869.560772920843,0.0,True
843896,208,5,10.0,13.925625447624187,-17437.625980911886,74,74,2.866278651765272,5.580179845317385,-66016.73291011862,0.0,66016.73291011862,12303.42331445966,883.553254037477,0.0,True
843896,208,6,10.0,10.5,-21134.716294715137,75,75,3.366544052695526,6.0,-67657.40687359788,9.414691248821322e-14,67657.40687359788,12560.338268822126,867.5444538927729,9.414691248821322e-15,True
843896,208,7,15.858157889895693,18.6320895147834,-61025.74807177164,56,56,2.708748607377742,4.723721144819263,-73524.19925056428,0.0,73524.19925056428,14049.562774014694,653.333961314198,0.0,True
843896,208,8,10.0,21.93253285703537,18753.087501013964,219,219,6.0,6.0,-22700.54180696173,23947.133640935397,46647.67544789713,5145.100521627428,2590.271604969999,2394.71336409354,False
843896,208,9,10.0,11.252785588268896,-45986.69415318356,71,71,3.13256444702339,6.0,-61138.620447504014,0.0,61138.620447504014,11317.370900708924,847.873609552665,0.0,True
843896,209,0,11.0,11.0,444040.3473191155,218,218,6.0,6.0,-32742.51722741651,5.506706202140775e-14,32742.51722741651,2503.270555955116,2503.270555955116,5.0060965474007046e-15,False
843896,209,1,10.0,10.0,-31711.19544701632,70,70,3.207128046778589,5.862495132632444,-75697.3289480581,0.0,75697.3289480581,14276.655287225622,790.0809188810268,0.0,True
843896,209,2,18.56608641203773,13.892441348451465,-21582.279934578663,54,54,2.3782221848931377,4.400505987697088,-63947.671025664895,1279.696607874339,65227.36763353923,12473.894407247953,607.0718855864417,68.92656747760365,True
843896,209,3,10.5,20.24545966702548,-94948.85271081199,167,167,6.0,6.0,-91921.05869912685,13362.96317364467,105284.02187277153,17845.016030574356,1982.367714987467,1272.6631593947304,True
843896,209,4,11.0,10.5,-51699.58803100586,75,75,3.2696671903197827,5.9,-78844.78193915129,0.0,78844.78193915129,14812.49721282024,869.560772920843,0.0,True
843896,209,5,10.0,13.925625447624187,-17437.625980911886,74,74,2.866278651765272,5.580179845317385,-66016.73291011862,0.0,66016.73291011862,12303.42331445966,883.553254037477,0.0,True
843896,209,6,10.0,10.5,-21134.716294715137,75,75,3.366544052695526,6.0,-67657.40687359788,9.414691248821322e-14,67657.40687359788,12560.338268822126,867.5444538927729,9.414691248821322e-15,True
843896,209,7,15.858157889895693,18.6320895147834,-61025.74807177164,56,56,2.708748607377742,4.723721144819263,-73524.19925056428,0.0,73524.19925056428,14049.562774014694,653.333961314198,0.0,True
843896,209,8,10.0,19.73927957133183,26200.147926560552,219,219,6.0,6.0,11869.962651668138,47645.99741627691,35776.03476460877,2970.772384969756,2590.271604969999,4764.5997416276905,False
843896,209,9,10.0,11.252785588268896,-45986.69415318356,71,71,3.13256444702339,6.0,-61138.620447504014,0.0,61138.620447504014,11317.370900708924,847.873609552665,0.0,True
843896,210,0,10.0,10.45,467175.94949916063,219,219,6.0,6.0,26224.15218004768,47750.70311728919,21526.550937241507,242.47329931160036,2514.273055085438,4775.070311728919,False
843896,210,1,10.0,10.0,-31711.19544701632,70,70,3.207128046778589,5.862495132632444,-75697.3289480581,0.0,75697.3289480581,14276.655287225622,790.0809188810268,0.0,True
843896,210,2,18.56608641203773,13.892441348451465,-21582.279934578663,54,54,2.3782221848931377,4.400505987697088,-63947.671025664895,1279.696607874339,65227.36763353923,12473.894407247953,607.0718855864417,68.92656747760365,True
843896,210,3,10.5,20.24545966702548,-94948.85271081199,167,167,6.0,6.0,-91921.05869912685,13362.96317364467,105284.02187277153,17845.016030574356,1982.367714987467,1272.6631593947304,True
843896,210,4,11.0,10.5,-51699.58803100586,75,75,3.2696671903197827,5.9,-78844.78193915129,0.0,78844.78193915129,14812.49721282024,869.560772920843,0.0,True
843896,210,5,10.0,13.925625447624187,-17437.625980911886,74,74,2.866278651765272,5.580179845317385,-66016.73291011862,0.0,66016.73291011862,12303.42331445966,883.553254037477,0.0,True
843896,210,6,10.0,10.5,-21134.716294715137,75,75,3.366544052695526,6.0,-67657.40687359788,9.414691248821322e-14,67657.40687359788,12560.338268822126,867.5444538927729,9.414691248821322e-15,True
843896,210,7,15.858157889895693,18.6320895147834,-61025.74807177164,56,56,2.708748607377742,4.723721144819263,-73524.19925056428,0.0,73524.19925056428,14049.562774014694,653.333961314198,0.0,True
843896,210,8,10.0,21.713207528465016,-28155.684850579673,220,220,6.0,6.0,-48878.927120878056,1.296740492762182e-13,48878.927120878056,5572.700476972008,2601.9280920022525,1.296740492762182e-14,True
843896,210,9,10.0,11.252785588268896,-45986.69415318356,71,71,3.13256444702339,6.0,-61138.620447504014,0.0,61138.620447504014,11317.370900708924,847.873609552665,0.0,True
843896,211,0,10.0,10.0,471604.53867628117,220,220,6.0,6.0,7428.589177120517,28444.013913138537,21015.42473601802,0.0,2601.9280920022525,2844.4013913138538,False
843896,211,1,10.0,10.0,-31711.19544701632,70,70,3.207128046778589,5.862495132632444,-75697.3289480581,0.0,75697.3289480581,14276.655287225622,790.0809188810268,0.0,True
843896,211,2,18.56608641203773,13.892441348451465,-21582.279934578663,54,54,2.3782221848931377,4.400505987697088,-63947.671025664895,1279.696607874339,65227.36763353923,12473.894407247953,607.0718855864417,68.92656747760365,True
843896,211,3,10.5,20.24545966702548,-94948.85271081199,167,167,6.0,6.0,-91921.05869912685,13362.96317364467,105284.02187277153,17845.016030574356,1982.367714987467,1272.6631593947304,True
843896,211,4,11.0,10.5,-51699.58803100586,75,75,3.2696671903197827,5.9,-78844.78193915129,0.0,78844.78193915129,14812.49721282024,869.560772920843,0.0,True
843896,211,5,10.0,13.925625447624187,-17437.625980911886,74,74,2.866278651765272,5.580179845317385,-66016.73291011862,0.0,66016.73291011862,12303.42331445966,883.553254037477,0.0,True
843896,211,6,10.0,10.5,-21134.716294715137,75,75,3.366544052695526,6.0,-67657.40687359788,9.414691248821322e-14,67657.40687359788,12560.338268822126,867.5444538927729,9.414691248821322e-15,True
843896,211,7,15.858157889895693,18.6320895147834,-61025.74807177164,56,56,2.708748607377742,4.723721144819263,-73524.19925056428,0.0,73524.19925056428,14049.562774014694,653.333961314198,0.0,True
843896,211,8,10.0,21.713207528465016,-28155.684850579673,220,220,6.0,6.0,-48878.927120878056,1.296740492762182e-13,48878.927120878056,5572.700476972008,2601.9280920022525,1.296740492762182e-14,True
843896,211,9,10.0,11.252785588268896,-45986.69415318356,71,71,3.13256444702339,6.0,-61138.620447504014,0.0,61138.620447504014,11317.370900708924,847.873609552665,0.0,True
843896,212,0,11.0,11.0,476014.29240497644,221,221,6.0,6.0,7640.75372869525,28749.43033854913,21108.67660985388,0.0,2613.584576231735,2613.584576231739,False
843896,212,1,10.0,10.0,-31711.19544701632,70,70,3.207128046778589,5.862495132632444,-75697.3289480581,0.0,75697.3289480581,14276.655287225622,790.0809188810268,0.0,True
843896,212,2,18.56608641203773,13.892441348451465,-21582.279934578663,54,54,2.3782221848931377,4.400505987697088,-63947.671025664895,1279.696607874339,65227.36763353923,12473.894407247953,607.0718855864417,68.92656747760365,True
843896,212,3,10.5,20.24545966702548,-94948.85271081199,167,167,6.0,6.0,-91921.05869912685,13362.96317364467,105284.02187277153,17845.016030574356,1982.367714987467,1272.6631593947304,True
843896,212,4,11.0,10.5,-51699.58803100586,75,75,3.2696671903197827,5.9,-78844.78193915129,0.0,78844.78193915129,14812.49721282024,869.560772920843,0.0,True
843896,212,5,10.0,13.925625447624187,-17437.625980911886,74,74,2.866278651765272,5.580179845317385,-66016.73291011862,0.0,66016.73291011862,12303.42331445966,883.553254037477,0.0,True
843896,212,6,10.0,10.5,-21134.716294715137,75,75,3.366544052695526,6.0,-67657.40687359788,9.414691248821322e-14,67657.40687359788,12560.338268822126,867.5444538927729,9.414691248821322e-15,True
843896,212,7,15.858157889895693,18.6320895147834,-61025.74807177164,56,56,2.708748607377742,4.723721144819263,-73524.19925056428,0.0,73524.19925056428,14049.562774014694,653.333961314198,0.0,True
843896,212,8,10.0,21.713207528465016,-28155.684850579673,220,220,6.0,6.0,-48878.927120878056,1.296740492762182e-13,48878.927120878056,5572.700476972008,2601.9280920022525,1.296740492762182e-14,True
843896,212,9,10.0,11.252785588268896,-45986.69415318356,71,71,3.13256444702339,6.0,-61138.620447504014,0.0,61138.620447504014,11317.370900708924,847.873609552665,0.0,True
843896,213,0,12.100000000000001,12.100000000000001,483091.5740379019,222,222,6.0,6.0,10563.481632920284,31765.39701422831,21201.915381308027,0.0,2625.2394226635033,2625.2394226634965,False
843896,213,1,10.0,10.0,-31711.19544701632,70,70,3.207128046778589,5.862495132632444,-75697.3289480581,0.0,75697.3289480581,14276.655287225622,790.0809188810268,0.0,True
843896,213,2,18.56608641203773,13.892441348451465,-21582.279934578663,54,54,2.3782221848931377,4.400505987697088,-63947.671025664895,1279.696607874339,65227.36763353923,12473.894407247953,607.0718855864417,68.92656747760365,True
843896,213,3,10.5,20.24545966702548,-94948.85271081199,167,167,6.0,6.0,-91921.05869912685,13362.96317364467,105284.02187277153,17845.016030574356,1982.367714987467,1272.6631593947304,True
843896,213,4,11.0,10.5,-51699.58803100586,75,75,3.2696671903197827,5.9,-78844.78193915129,0.0,78844.78193915129,14812.49721282024,869.560772920843,0.0,True
843896,213,5,10.0,13.925625447624187,-17437.625980911886,74,74,2.866278651765272,5.580179845317385,-66016.73291011862,0.0,66016.73291011862,12303.42331445966,883.553254037477,0.0,True
843896,213,6,10.0,10.5,-21134.716294715137,75,75,3.366544052695526,6.0,-67657.40687359788,9.414691248821322e-14,67657.40687359788,12560.338268822126,867.5444538927729,9.414691248821322e-15,True
843896,213,7,15.858157889895693,18.6320895147834,-61025.74807177164,56,56,2.708748607377742,4.723721144819263,-73524.19925056428,0.0,73524.19925056428,14049.562774014694,653.333961314198,0.0,True
843896,213,8,10.0,21.713207528465016,-28155.684850579673,220,220,6.0,6.0,-48878.927120878056,1.296740492762182e-13,48878.927120878056,5572.700476972008,2601.9280920022525,1.296740492762182e-14,True
843896,213,9,10.0,11.252785588268896,-45986.69415318356,71,71,3.13256444702339,6.0,-61138.620447504014,0.0,61138.620447504014,11317.370900708924,847.873609552665,0.0,True
843896,214,0,13.310000000000002,13.310000000000002,493125.3444813426,223,223,6.0,6.0,13801.900443440205,35097.04235446125,21295.141911021045,0.0,2636.8927388776306,2636.892738877629,False
843896,214,1,10.0,10.0,-31711.19544701632,70,70,3.207128046778589,5.862495132632444,-75697.3289480581,0.0,75697.3289480581,14276.655287225622,790.0809188810268,0.0,True
843896,214,2,18.56608641203773,13.892441348451465,-21582.279934578663,54,54,2.3782221848931377,4.400505987697088,-63947.671025664895,1279.696607874339,65227.36763353923,12473.894407247953,607.0718855864417,68.92656747760365,True
843896,214,3,10.5,20.24545966702548,-94948.85271081199,167,167,6.0,6.0,-91921.05869912685,13362.96317364467,105284.02187277153,17845.016030574356,1982.367714987467,1272.6631593947304,True
843896,214,4,11.0,10.5,-51699.58803100586,75,75,3.2696671903197827,5.9,-78844.78193915129,0.0,78844.78193915129,14812.49721282024,869.560772920843,0.0,True
843896,214,5,10.0,13.925625447624187,-17437.625980911886,74,74,2.866278651765272,5.580179845317385,-66016.73291011862,0.0,66016.73291011862,12303.42331445966,883.553254037477,0.0,True
843896,214,6,10.0,10.5,-21134.716294715137,75,75,3.366544052695526,6.0,-67657.40687359788,9.414691248821322e-14,67657.40687359788,12560.338268822126,867.5444538927729,9.414691248821322e-15,True
843896,214,7,15.858157889895693,18.6320895147834,-61025.74807177164,56,56,2.708748607377742,4.723721144819263,-73524.19925056428,0.0,73524.19925056428,14049.562774014694,653.333961314198,0.0,True
843896,214,8,10.0,21.713207528465016,-28155.684850579673,220,220,6.0,6.0,-48878.927120878056,1.296740492762182e-13,48878.927120878056,5572.700476972008,2601.9280920022525,1.296740492762182e-14,True
843896,214,9,10.0,11.252785588268896,-45986.69415318356,71,71,3.13256444702339,6.0,-61138.620447504014,0.0,61138.620447504014,11317.370900708924,847.873609552665,0.0,True
843896,215,0,14.641000000000004,14.641000000000004,506434.75207377493,224,224,6.0,6.0,17388.991592433074,38777.356709051746,21388.365116618672,0.0,2648.545639577334,2648.5456395773335,False
843896,215,1,10.0,10.0,-31711.19544701632,70,70,3.207128046778589,5.862495132632444,-75697.3289480581,0.0,75697.3289480581,14276.655287225622,790.0809188810268,0.0,True
843896,215,2,18.56608641203773,13.892441348451465,-21582.279934578663,54,54,2.3782221848931377,4.400505987697088,-63947.671025664895,1279.696607874339,65227.36763353923,12473.894407247953,607.0718855864417,68.92656747760365,True
843896,215,3,10.5,20.24545966702548,-94948.85271081199,167,167,6.0,6.0,-91921.05869912685,13362.96317364467,105284.02187277153,17845.016030574356,1982.367714987467,1272.6631593947304,True
843896,215,4,11.0,10.5,-51699.58803100586,75,75,3.2696671903197827,5.9,-78844.78193915129,0.0,78844.78193915129,14812.49721282024,869.560772920843,0.0,True
843896,215,5,10.0,13.925625447624187,-17437.625980911886,74,74,2.866278651765272,5.580179845317385,-66016.73291011862,0.0,66016.73291011862,12303.42331445966,883.553254037477,0.0,True
843896,215,6,10.0,10.5,-21134.716294715137,75,75,3.366544052695526,6.0,-67657.40687359788,9.414691248821322e-14,67657.40687359788,12560.338268822126,867.5444538927729,9.414691248821322e-15,True
843896,215,7,15.858157889895693,18.6320895147834,-61025.74807177164,56,56,2.708748607377742,4.723721144819263,-73524.19925056428,0.0,73524.19925056428,14049.562774014694,653.333961314198,0.0,True
843896,215,8,10.0,21.713207528465016,-28155.684850579673,220,220,6.0,6.0,-48878.927120878056,1.296740492762182e-13,48878.927120878056,5572.700476972008,2601.9280920022525,1.296740492762182e-14,True
843896,215,9,10.0,11.252785588268896,-45986.69415318356,71,71,3.13256444702339,6.0,-61138.620447504014,0.0,61138.620447504014,11317.370900708924,847.873609552665,0.0,True
843896,216,0,16.105100000000004,16.105100000000004,523372.2758360362,225,225,6.0,6.0,21361.171262258118,42842.75570884912,21481.584446591005,0.0,2660.1980558238756,2660.1980558238765,False
843896,216,1,10.0,10.0,-31711.19544701632,70,70,3.207128046778589,5.862495132632444,-75697.3289480581,0.0,75697.3289480581,14276.655287225622,790.0809188810268,0.0,True
843896,216,2,18.56608641203773,13.892441348451465,-21582.279934578663,54,54,2.3782221848931377,4.400505987697088,-63947.671025664895,1279.696607874339,65227.36763353923,12473.894407247953,607.0718855864417,68.92656747760365,True
843896,216,3,10.5,20.24545966702548,-94948.85271081199,167,167,6.0,6.0,-91921.05869912685,13362.96317364467,105284.02187277153,17845.016030574356,1982.367714987467,1272.6631593947304,True
843896,216,4,11.0,10.5,-51699.58803100586,75,75,3.2696671903197827,5.9,-78844.78193915129,0.0,78844.78193915129,14812.49721282024,869.560772920843,0.0,True
843896,216,5,10.0,13.925625447624187,-17437.625980911886,74,74,2.866278651765272,5.580179845317385,-66016.73291011862,0.0,66016.73291011862,12303.42331445966,883.553254037477,0.0,True
843896,216,6,10.0,10.5,-21134.716294715137,75,75,3.366544052695526,6.0,-67657.40687359788,9.414691248821322e-14,67657.40687359788,12560.338268822126,867.5444538927729,9.414691248821322e-15,True
843896,216,7,15.858157889895693,18.6320895147834,-61025.74807177164,56,56,2.708748607377742,4.723721144819263,-73524.19925056428,0.0,73524.19925056428,14049.562774014694,653.333961314198,0.0,True
843896,216,8,10.0,21.713207528465016,-28155.684850579673,220,220,6.0,6.0,-48878.927120878056,1.296740492762182e-13,48878.927120878056,5572.700476972008,2601.9280920022525,1.296740492762182e-14,True
843896,216,9,10.0,11.252785588268896,-45986.69415318356,71,71,3.13256444702339,6.0,-61138.620447504014,0.0,61138.620447504014,11317.370900708924,847.873609552665,0.0,True
843896,217,0,17.715610000000005,17.715610000000005,544327.178704761,226,226,6.0,6.0,25758.630728727963,47333.41273725058,21574.78200852262,0.0,2671.8477510653274,2671.8477510653356,False
843896,217,1,10.0,10.0,-31711.19544701632,70,70,3.207128046778589,5.862495132632444,-75697.3289480581,0.0,75697.3289480581,14276.655287225622,790.0809188810268,0.0,True
843896,217,2,18.56608641203773,13.892441348451465,-21582.279934578663,54,54,2.3782221848931377,4.400505987697088,-63947.671025664895,1279.696607874339,65227.36763353923,12473.894407247953,607.0718855864417,68.92656747760365,True
843896,217,3,10.5,20.24545966702548,-94948.85271081199,167,167,6.0,6.0,-91921.05869912685,13362.96317364467,105284.02187277153,17845.016030574356,1982.367714987467,1272.6631593947304,True
843896,217,4,11.0,10.5,-51699.58803100586,75,75,3.2696671903197827,5.9,-78844.78193915129,0.0,78844.78193915129,14812.49721282024,869.560772920843,0.0,True
843896,217,5,10.0,13.925625447624187,-17437.625980911886,74,74,2.866278651765272,5.580179845317385,-66016.73291011862,0.0,66016.73291011862,12303.42331445966,883.553254037477,0.0,True
843896,217,6,10.0,10.5,-21134.716294715137,75,75,3.366544052695526,6.0,-67657.40687359788,9.414691248821322e-14,67657.40687359788,12560.338268822126,867.5444538927729,9.414691248821322e-15,True
843896,217,7,15.858157889895693,18.6320895147834,-61025.74807177164,56,56,2.708748607377742,4.723721144819263,-73524.19925056428,0.0,73524.19925056428,14049.562774014694,653.333961314198,0.0,True
843896,217,8,10.0,21.713207528465016,-28155.684850579673,220,220,6.0,6.0,-48878.927120878056,1.296740492762182e-13,48878.927120878056,5572.700476972008,2601.9280920022525,1.296740492762182e-14,True
843896,217,9,10.0,11.252785588268896,-45986.69415318356,71,71,3.13256444702339,6.0,-61138.620447504014,0.0,61138.620447504014,11317.370900708924,847.873609552665,0.0,True
843896,218,0,19.487171000000007,19.487171000000007,569729.3594179845,227,227,6.0,6.0,30625.768530220324,52293.73033228299,21667.961802062666,0.0,2683.495225257833,2683.495225257836,False
843896,218,1,10.0,10.0,-31711.19544701632,70,70,3.207128046778589,5.862495132632444,-75697.3289480581,0.0,75697.3289480581,14276.655287225622,790.0809188810268,0.0,True
843896,218,2,18.56608641203773,13.892441348451465,-21582.279934578663,54,54,2.3782221848931377,4.400505987697088,-63947.671025664895,1279.696607874339,65227.36763353923,12473.894407247953,607.0718855864417,68.92656747760365,True
843896,218,3,10.5,20.24545966702548,-94948.85271081199,167,167,6.0,6.0,-91921.05869912685,13362.96317364467,105284.02187277153,17845.016030574356,1982.367714987467,1272.6631593947304,True
843896,218,4,11.0,10.5,-51699.58803100586,75,75,3.2696671903197827,5.9,-78844.78193915129,0.0,78844.78193915129,14812.49721282024,869.560772920843,0.0,True
843896,218,5,10.0,13.925625447624187,-17437.625980911886,74,74,2.866278651765272,5.580179845317385,-66016.73291011862,0.0,66016.73291011862,12303.42331445966,883.553254037477,0.0,True
843896,218,6,10.0,10.5,-21134.716294715137,75,75,3.366544052695526,6.0,-67657.40687359788,9.414691248821322e-14,67657.40687359788,12560.338268822126,867.5444538927729,9.414691248821322e-15,True
843896,218,7,15.858157889895693,18.6320895147834,-61025.74807177164,56,56,2.708748607377742,4.723721144819263,-73524.19925056428,0.0,73524.19925056428,14049.562774014694,653.333961314198,0.0,True
843896,218,8,10.0,21.713207528465016,-28155.684850579673,220,220,6.0,6.0,-48878.927120878056,1.296740492762182e-13,48878.927120878056,5572.700476972008,2601.9280920022525,1.296740492762182e-14,True
843896,218,9,10.0,11.252785588268896,-45986.69415318356,71,71,3.13256444702339,6.0,-61138.620447504014,0.0,61138.620447504014,11317.370900708924,847.873609552665,0.0,True
843896,219,0,21.43588810000001,21.43588810000001,600053.6115541382,228,228,6.0,6.0,36011.63462294234,57772.77556334198,21761.140940399637,0.0,2695.1426175499546,2695.142617549956,False
843896,219,1,10.0,10.0,-31711.19544701632,70,70,3.207128046778589,5.862495132632444,-75697.3289480581,0.0,75697.3289480581,14276.655287225622,790.0809188810268,0.0,True
843896,219,2,18.56608641203773,13.892441348451465,-21582.279934578663,54,54,2.3782221848931377,4.400505987697088,-63947.671025664895,1279.696607874339,65227.36763353923,12473.894407247953,607.0718855864417,68.92656747760365,True
843896,219,3,10.5,20.24545966702548,-94948.85271081199,167,167,6.0,6.0,-91921.05869912685,13362.96317364467,105284.02187277153,17845.016030574356,1982.367714987467,1272.6631593947304,True
843896,219,4,11.0,10.5,-51699.58803100586,75,75,3.2696671903197827,5.9,-78844.78193915129,0.0,78844.78193915129,14812.49721282024,869.560772920843,0.0,True
843896,219,5,10.0,13.925625447624187,-17437.625980911886,74,74,2.866278651765272,5.580179845317385,-66016.73291011862,0.0,66016.73291011862,12303.42331445966,883.553254037477,0.0,True
843896,219,6,10.0,10.5,-21134.716294715137,75,75,3.366544052695526,6.0,-67657.40687359788,9.414691248821322e-14,67657.40687359788,12560.338268822126,867.5444538927729,9.414691248821322e-15,True
843896,219,7,15.858157889895693,18.6320895147834,-61025.74807177164,56,56,2.708748607377742,4.723721144819263,-73524.19925056428,0.0,73524.19925056428,14049.562774014694,653.333961314198,0.0,True
843896,219,8,10.0,21.713207528465016,-28155.684850579673,220,220,6.0,6.0,-48878.927120878056,1.296740492762182e-13,48878.927120878056,5572.700476972008,2601.9280920022525,1.296740492762182e-14,True
843896,219,9,10.0,11.252785588268896,-45986.69415318356,71,71,3.13256444702339,6.0,-61138.620447504014,0.0,61138.620447504014,11317.370900708924,847.873609552665,0.0,True
843896,220,0,23.579476910000015,23.579476910000015,635824.2821890726,229,229,6.0,6.0,41970.370847311686,63824.69009868206,21854.31925137038,0.0,2706.7899064212975,2706.7899064212966,False
843896,220,1,10.0,10.0,-31711.19544701632,70,70,3.207128046778589,5.862495132632444,-75697.3289480581,0.0,75697.3289480581,14276.655287225622,790.0809188810268,0.0,True
843896,220,2,18.56608641203773,13.892441348451465,-21582.279934578663,54,54,2.3782221848931377,4.400505987697088,-63947.671025664895,1279.696607874339,65227.36763353923,12473.894407247953,607.0718855864417,68.92656747760365,True
843896,220,3,10.5,20.24545966702548,-94948.85271081199,167,167,6.0,6.0,-91921.05869912685,13362.96317364467,105284.02187277153,17845.016030574356,1982.367714987467,1272.6631593947304,True
843896,220,4,11.0,10.5,-51699.58803100586,75,75,3.2696671903197827,5.9,-78844.78193915129,0.0,78844.78193915129,14812.49721282024,869.560772920843,0.0,True
843896,220,5,10.0,13.925625447624187,-17437.625980911886,74,74,2.866278651765272,5.580179845317385,-66016.73291011862,0.0,66016.73291011862,12303.42331445966,883.553254037477,0.0,True
843896,220,6,10.0,10.5,-21134.716294715137,75,75,3.366544052695526,6.0,-67657.40687359788,9.414691248821322e-14,67657.40687359788,12560.338268822126,867.5444538927729,9.414691248821322e-15,True
843896,220,7,15.858157889895693,18.6320895147834,-61025.74807177164,56,56,2.708748607377742,4.723721144819263,-73524.19925056428,0.0,73524.19925056428,14049.562774014694,653.333961314198,0.0,True
843896,220,8,10.0,21.713207528465016,-28155.684850579673,220,220,6.0,6.0,-48878.927120878056,1.296740492762182e-13,48878.927120878056,5572.700476972008,2601.9280920022525,1.296740492762182e-14,True
843896,220,9,10.0,11.252785588268896,-45986.69415318356,71,71,3.13256444702339,6.0,-61138.620447504014,0.0,61138.620447504014,11317.370900708924,847.873609552665,0.0,True
843896,221,0,25.937424601000018,25.937424601000018,677620.4170527537,230,230,6.0,6.0,48561.74252192398,70509.23129763397,21947.48877570999,0.0,2718.4360969637487,2718.436096963748,False
843896,221,1,10.0,10.0,-31711.19544701632,70,70,3.207128046778589,5.862495132632444,-75697.3289480581,0.0,75697.3289480581,14276.655287225622,790.0809188810268,0.0,True
843896,221,2,18.56608641203773,13.892441348451465,-21582.279934578663,54,54,2.3782221848931377,4.400505987697088,-63947.671025664895,1279.696607874339,65227.36763353923,12473.894407247953,607.0718855864417,68.92656747760365,True
843896,221,3,10.5,20.24545966702548,-94948.85271081199,167,167,6.0,6.0,-91921.05869912685,13362.96317364467,105284.02187277153,17845.016030574356,1982.367714987467,1272.6631593947304,True
843896,221,4,11.0,10.5,-51699.58803100586,75,75,3.2696671903197827,5.9,-78844.78193915129,0.0,78844.78193915129,14812.49721282024,869.560772920843,0.0,True
843896,221,5,10.0,13.925625447624187,-17437.625980911886,74,74,2.866278651765272,5.580179845317385,-66016.73291011862,0.0,66016.73291011862,12303.42331445966,883.553254037477,0.0,True
843896,221,6,10.0,10.5,-21134.716294715137,75,75,3.366544052695526,6.0,-67657.40687359788,9.414691248821322e-14,67657.40687359788,12560.338268822126,867.5444538927729,9.414691248821322e-15,True
843896,221,7,15.858157889895693,18.6320895147834,-61025.74807177164,56,56,2.708748607377742,4.723721144819263,-73524.19925056428,0.0,73524.19925056428,14049.562774014694,653.333961314198,0.0,True
843896,221,8,10.0,21.713207528465016,-28155.684850579673,220,220,6.0,6.0,-48878.927120878056,1.296740492762182e-13,48878.927120878056,5572.700476972008,2601.9280920022525,1.296740492762182e-14,True
843896,221,9,10.0,11.252785588268896,-45986.69415318356,71,71,3.13256444702339,6.0,-61138.620447504014,0.0,61138.620447504014,11317.370900708924,847.873609552665,0.0,True
843896,222,0,28.53116706110002,28.53116706110002,726081.4131017887,231,231,6.0,6.0,55851.69564014177,77892.32280890772,22040.627168765943,0.0,2730.078396095743,2730.0783960957456,False
843896,222,1,10.0,10.0,-31711.19544701632,70,70,3.207128046778589,5.862495132632444,-75697.3289480581,0.0,75697.3289480581,14276.655287225622,790.0809188810268,0.0,True
843896,222,2,18.56608641203773,13.892441348451465,-21582.279934578663,54,54,2.3782221848931377,4.400505987697088,-63947.671025664895,1279.696607874339,65227.36763353923,12473.894407247953,607.0718855864417,68.92656747760365,True
843896,222,3,10.5,20.24545966702548,-94948.85271081199,167,167,6.0,6.0,-91921.05869912685,13362.96317364467,105284.02187277153,17845.016030574356,1982.367714987467,1272.6631593947304,True
843896,222,4,11.0,10.5,-51699.58803100586,75,75,3.2696671903197827,5.9,-78844.78193915129,0.0,78844.78193915129,14812.49721282024,869.560772920843,0.0,True
843896,222,5,10.0,13.925625447624187,-17437.625980911886,74,74,2.866278651765272,5.580179845317385,-66016.73291011862,0.0,66016.73291011862,12303.42331445966,883.553254037477,0.0,True
843896,222,6,10.0,10.5,-21134.716294715137,75,75,3.366544052695526,6.0,-67657.40687359788,9.414691248821322e-14,67657.40687359788,12560.338268822126,867.5444538927729,9.414691248821322e-15,True
843896,222,7,15.858157889895693,18.6320895147834,-61025.74807177164,56,56,2.708748607377742,4.723721144819263,-73524.19925056428,0.0,73524.19925056428,14049.562774014694,653.333961314198,0.0,True
843896,222,8,10.0,21.713207528465016,-28155.684850579673,220,220,6.0,6.0,-48878.927120878056,1.296740492762182e-13,48878.927120878056,5572.700476972008,2601.9280920022525,1.296740492762182e-14,True
843896,222,9,10.0,11.252785588268896,-45986.69415318356,71,71,3.13256444702339,6.0,-61138.620447504014,0.0,61138.620447504014,11317.370900708924,847.873609552665,0.0,True
843896,223,0,31.384283767210025,31.384283767210025,780663.903822716,232,232,6.0,6.0,62663.64455491725,84969.11348555546,22305.46893063821,34.34203404744752,2741.7198450501214,2707.377811002662,False
843896,223,1,10.0,10.0,-31711.19544701632,70,70,3.207128046778589,5.862495132632444,-75697.3289480581,0.0,75697.3289480581,14276.655287225622,790.0809188810268,0.0,True
843896,223,2,18.56608641203773,13.892441348451465,-21582.279934578663,54,54,2.3782221848931377,4.400505987697088,-63947.671025664895,1279.696607874339,65227.36763353923,12473.894407247953,607.0718855864417,68.92656747760365,True
843896,223,3,10.5,20.24545966702548,-94948.85271081199,167,167,6.0,6.0,-91921.05869912685,13362.96317364467,105284.02187277153,17845.016030574356,1982.367714987467,1272.6631593947304,True
843896,223,4,11.0,10.5,-51699.58803100586,75,75,3.2696671903197827,5.9,-78844.78193915129,0.0,78844.78193915129,14812.49721282024,869.560772920843,0.0,True
843896,223,5,10.0,13.925625447624187,-17437.625980911886,74,74,2.866278651765272,5.580179845317385,-66016.73291011862,0.0,66016.73291011862,12303.42331445966,883.553254037477,0.0,True
843896,223,6,10.0,10.5,-21134.716294715137,75,75,3.366544052695526,6.0,-67657.40687359788,9.414691248821322e-14,67657.40687359788,12560.338268822126,867.5444538927729,9.414691248821322e-15,True
843896,223,7,15.858157889895693,18.6320895147834,-61025.74807177164,56,56,2.708748607377742,4.723721144819263,-73524.19925056428,0.0,73524.19925056428,14049.562774014694,653.333961314198,0.0,True
843896,223,8,10.0,21.713207528465016,-28155.684850579673,220,220,6.0,6.0,-48878.927120878056,1.296740492762182e-13,48878.927120878056,5572.700476972008,2601.9280920022525,1.296740492762182e-14,True
843896,223,9,10.0,11.252785588268896,-45986.69415318356,71,71,3.13256444702339,6.0,-61138.620447504014,0.0,61138.620447504014,11317.370900708924,847.873609552665,0.0,True
843896,224,0,34.52271214393103,34.52271214393103,839097.6416683311,233,233,6.0,6.0,67277.52977515616,90356.3892950886,23078.859519932437,170.3979864603998,2753.3586984538047,2617.302746040853,False
843896,224,1,10.0,10.0,-31711.19544701632,70,70,3.207128046778589,5.862495132632444,-75697.3289480581,0.0,75697.3289480581,14276.655287225622,790.0809188810268,0.0,True
843896,224,2,18.56608641203773,13.892441348451465,-21582.279934578663,54,54,2.3782221848931377,4.400505987697088,-63947.671025664895,1279.696607874339,65227.36763353923,12473.894407247953,607.0718855864417,68.92656747760365,True
843896,224,3,10.5,20.24545966702548,-94948.85271081199,167,167,6.0,6.0,-91921.05869912685,13362.96317364467,105284.02187277153,17845.016030574356,1982.367714987467,1272.6631593947304,True
843896,224,4,11.0,10.5,-51699.58803100586,75,75,3.2696671903197827,5.9,-78844.78193915129,0.0,78844.78193915129,14812.49721282024,869.560772920843,0.0,True
843896,224,5,10.0,13.925625447624187,-17437.625980911886,74,74,2.866278651765272,5.580179845317385,-66016.73291011862,0.0,66016.73291011862,12303.42331445966,883.553254037477,0.0,True
843896,224,6,10.0,10.5,-21134.716294715137,75,75,3.366544052695526,6.0,-67657.40687359788,9.414691248821322e-14,67657.40687359788,12560.338268822126,867.5444538927729,9.414691248821322e-15,True
843896,224,7,15.858157889895693,18.6320895147834,-61025.74807177164,56,56,2.708748607377742,4.723721144819263,-73524.19925056428,0.0,73524.19925056428,14049.562774014694,653.333961314198,0.0,True
843896,224,8,10.0,21.713207528465016,-28155.684850579673,220,220,6.0,6.0,-48878.927120878056,1.296740492762182e-13,48878.927120878056,5572.700476972008,2601.9280920022525,1.296740492762182e-14,True
843896,224,9,10.0,11.252785588268896,-45986.69415318356,71,71,3.13256444702339,6.0,-61138.620447504014,0.0,61138.620447504014,11317.370900708924,847.873609552665,0.0,True
843896,225,0,31.070440929537927,32.79657653673448,899507.0967869202,234,234,6.0,6.0,68883.85402818298,91203.76535547136,22319.911327288377,0.0,2764.988915911047,2935.386902371447,False
843896,225,1,10.0,10.0,-31711.19544701632,70,70,3.207128046778589,5.862495132632444,-75697.3289480581,0.0,75697.3289480581,14276.655287225622,790.0809188810268,0.0,True
843896,225,2,18.56608641203773,13.892441348451465,-21582.279934578663,54,54,2.3782221848931377,4.400505987697088,-63947.671025664895,1279.696607874339,65227.36763353923,12473.894407247953,607.0718855864417,68.92656747760365,True
843896,225,3,10.5,20.24545966702548,-94948.85271081199,167,167,6.0,6.0,-91921.05869912685,13362.96317364467,105284.02187277153,17845.016030574356,1982.367714987467,1272.6631593947304,True
843896,225,4,11.0,10.5,-51699.58803100586,75,75,3.2696671903197827,5.9,-78844.78193915129,0.0,78844.78193915129,14812.49721282024,869.560772920843,0.0,True
843896,225,5,10.0,13.925625447624187,-17437.625980911886,74,74,2.866278651765272,5.580179845317385,-66016.73291011862,0.0,66016.73291011862,12303.42331445966,883.553254037477,0.0,True
843896,225,6,10.0,10.5,-21134.716294715137,75,75,3.366544052695526,6.0,-67657.40687359788,9.414691248821322e-14,67657.40687359788,12560.338268822126,867.5444538927729,9.414691248821322e-15,True
843896,225,7,15.858157889895693,18.6320895147834,-61025.74807177164,56,56,2.708748607377742,4.723721144819263,-73524.19925056428,0.0,73524.19925056428,14049.562774014694,653.333961314198,0.0,True
843896,225,8,10.0,21.713207528465016,-28155.684850579673,220,220,6.0,6.0,-48878.927120878056,1.296740492762182e-13,48878.927120878056,5572.700476972008,2601.9280920022525,1.296740492762182e-14,True
843896,225,9,10.0,11.252785588268896,-45986.69415318356,71,71,3.13256444702339,6.0,-61138.620447504014,0.0,61138.620447504014,11317.370900708924,847.873609552665,0.0,True
843896,226,0,34.17748502249172,36.07623419040793,962714.0410488715,235,235,6.0,6.0,72484.85929668948,94897.79815899453,22412.938862305054,0.0,2776.617357788132,2776.617357788135,False
843896,226,1,10.0,10.0,-31711.19544701632,70,70,3.207128046778589,5.862495132632444,-75697.3289480581,0.0,75697.3289480581,14276.655287225622,790.0809188810268,0.0,True
843896,226,2,18.56608641203773,13.892441348451465,-21582.279934578663,54,54,2.3782221848931377,4.400505987697088,-63947.671025664895,1279.696607874339,65227.36763353923,12473.894407247953,607.0718855864417,68.92656747760365,True
843896,226,3,10.5,20.24545966702548,-94948.85271081199,167,167,6.0,6.0,-91921.05869912685,13362.96317364467,105284.02187277153,17845.016030574356,1982.367714987467,1272.6631593947304,True
843896,226,4,11.0,10.5,-51699.58803100586,75,75,3.2696671903197827,5.9,-78844.78193915129,0.0,78844.78193915129,14812.49721282024,869.560772920843,0.0,True
843896,226,5,10.0,13.925625447624187,-17437.625980911886,74,74,2.866278651765272,5.580179845317385,-66016.73291011862,0.0,66016.73291011862,12303.42331445966,883.553254037477,0.0,True
843896,226,6,10.0,10.5,-21134.716294715137,75,75,3.366544052695526,6.0,-67657.40687359788,9.414691248821322e-14,67657.40687359788,12560.338268822126,867.5444538927729,9.414691248821322e-15,True
843896,226,7,15.858157889895693,18.6320895147834,-61025.74807177164,56,56,2.708748607377742,4.723721144819263,-73524.19925056428,0.0,73524.19925056428,14049.562774014694,653.333961314198,0.0,True
843896,226,8,10.0,21.713207528465016,-28155.684850579673,220,220,6.0,6.0,-48878.927120878056,1.296740492762182e-13,48878.927120878056,5572.700476972008,2601.9280920022525,1.296740492762182e-14,True
843896,226,9,10.0,11.252785588268896,-45986.69415318356,71,71,3.13256444702339,6.0,-61138.620447504014,0.0,61138.620447504014,11317.370900708924,847.873609552665,0.0,True
843896,227,0,37.5952335247409,39.68385760944873,1034867.4174375996,236,236,6.0,6.0,82318.76678454693,104824.72810512593,22505.961320579012,0.0,2788.2451650723765,2788.245165072382,False
843896,227,1,10.0,10.0,-31711.19544701632,70,70,3.207128046778589,5.862495132632444,-75697.3289480581,0.0,75697.3289480581,14276.655287225622,790.0809188810268,0.0,True
843896,227,2,18.56608641203773,13.892441348451465,-21582.279934578663,54,54,2.3782221848931377,4.400505987697088,-63947.671025664895,1279.696607874339,65227.36763353923,12473.894407247953,607.0718855864417,68.92656747760365,True
843896,227,3,10.5,20.24545966702548,-94948.85271081199,167,167,6.0,6.0,-91921.05869912685,13362.96317364467,105284.02187277153,17845.016030574356,1982.367714987467,1272.6631593947304,True
843896,227,4,11.0,10.5,-51699.58803100586,75,75,3.2696671903197827,5.9,-78844.78193915129,0.0,78844.78193915129,14812.49721282024,869.560772920843,0.0,True
843896,227,5,10.0,13.925625447624187,-17437.625980911886,74,74,2.866278651765272,5.580179845317385,-66016.73291011862,0.0,66016.73291011862,12303.42331445966,883.553254037477,0.0,True
843896,227,6,10.0,10.5,-21134.716294715137,75,75,3.366544052695526,6.0,-67657.40687359788,9.414691248821322e-14,67657.40687359788,12560.338268822126,867.5444538927729,9.414691248821322e-15,True
843896,227,7,15.858157889895693,18.6320895147834,-61025.74807177164,56,56,2.708748607377742,4.723721144819263,-73524.19925056428,0.0,73524.19925056428,14049.562774014694,653.333961314198,0.0,True
843896,227,8,10.0,21.713207528465016,-28155.684850579673,220,220,6.0,6.0,-48878.927120878056,1.296740492762182e-13,48878.927120878056,5572.700476972008,2601.9280920022525,1.296740492762182e-14,True
843896,227,9,10.0,11.252785588268896,-45986.69415318356,71,71,3.13256444702339,6.0,-61138.620447504014,0.0,61138.620447504014,11317.370900708924,847.873609552665,0.0,True
843896,228,0,41.35475687721499,43.652243370393606,1113427.6917487746,237,237,6.0,6.0,89705.85598996529,112680.53015359366,22974.67416362837,75.14133582082194,2799.8709355655324,2724.729599744707,False
843896,228,1,10.0,10.0,-31711.19544701632,70,70,3.207128046778589,5.862495132632444,-75697.3289480581,0.0,75697.3289480581,14276.655287225622,790.0809188810268,0.0,True
843896,228,2,18.56608641203773,13.892441348451465,-21582.279934578663,54,54,2.3782221848931377,4.400505987697088,-63947.671025664895,1279.696607874339,65227.36763353923,12473.894407247953,607.0718855864417,68.92656747760365,True
843896,228,3,10.5,20.24545966702548,-94948.85271081199,167,167,6.0,6.0,-91921.05869912685,13362.96317364467,105284.02187277153,17845.016030574356,1982.367714987467,1272.6631593947304,True
843896,228,4,11.0,10.5,-51699.58803100586,75,75,3.2696671903197827,5.9,-78844.78193915129,0.0,78844.78193915129,14812.49721282024,869.560772920843,0.0,True
843896,228,5,10.0,13.925625447624187,-17437.625980911886,74,74,2.866278651765272,5.580179845317385,-66016.73291011862,0.0,66016.73291011862,12303.42331445966,883.553254037477,0.0,True
843896,228,6,10.0,10.5,-21134.716294715137,75,75,3.366544052695526,6.0,-67657.40687359788,9.414691248821322e-14,67657.40687359788,12560.338268822126,867.5444538927729,9.414691248821322e-15,True
843896,228,7,15.858157889895693,18.6320895147834,-61025.74807177164,56,56,2.708748607377742,4.723721144819263,-73524.19925056428,0.0,73524.19925056428,14049.562774014694,653.333961314198,0.0,True
843896,228,8,10.0,21.713207528465016,-28155.684850579673,220,220,6.0,6.0,-48878.927120878056,1.296740492762182e-13,48878.927120878056,5572.700476972008,2601.9280920022525,1.296740492762182e-14,True
843896,228,9,10.0,11.252785588268896,-45986.69415318356,71,71,3.13256444702339,6.0,-61138.620447504014,0.0,61138.620447504014,11317.370900708924,847.873609552665,0.0,True
843896,229,0,45.49023256493649,41.46963120187392,1192946.2783315356,238,238,6.0,6.0,90188.35880879425,114705.7766972019,24517.417888407654,365.0899648037812,2811.4960080485935,2521.547379065637,False
843896,229,1,10.0,10.0,-31711.19544701632,70,70,3.207128046778589,5.862495132632444,-75697.3289480581,0.0,75697.3289480581,14276.655287225622,790.0809188810268,0.0,True
843896,229,2,18.56608641203773,13.892441348451465,-21582.279934578663,54,54,2.3782221848931377,4.400505987697088,-63947.671025664895,1279.696607874339,65227.36763353923,12473.894407247953,607.0718855864417,68.92656747760365,True
843896,229,3,10.5,20.24545966702548,-94948.85271081199,167,167,6.0,6.0,-91921.05869912685,13362.96317364467,105284.02187277153,17845.016030574356,1982.367714987467,1272.6631593947304,True
843896,229,4,11.0,10.5,-51699.58803100586,75,75,3.2696671903197827,5.9,-78844.78193915129,0.0,78844.78193915129,14812.49721282024,869.560772920843,0.0,True
843896,229,5,10.0,13.925625447624187,-17437.625980911886,74,74,2.866278651765272,5.580179845317385,-66016.73291011862,0.0,66016.73291011862,12303.42331445966,883.553254037477,0.0,True
843896,229,6,10.0,10.5,-21134.716294715137,75,75,3.366544052695526,6.0,-67657.40687359788,9.414691248821322e-14,67657.40687359788,12560.338268822126,867.5444538927729,9.414691248821322e-15,True
843896,229,7,15.858157889895693,18.6320895147834,-61025.74807177164,56,56,2.708748607377742,4.723721144819263,-73524.19925056428,0.0,73524.19925056428,14049.562774014694,653.333961314198,0.0,True
843896,229,8,10.0,21.713207528465016,-28155.684850579673,220,220,6.0,6.0,-48878.927120878056,1.296740492762182e-13,48878.927120878056,5572.700476972008,2601.9280920022525,1.296740492762182e-14,True
843896,229,9,10.0,11.252785588268896,-45986.69415318356,71,71,3.13256444702339,6.0,-61138.620447504014,0.0,61138.620447504014,11317.370900708924,847.873609552665,0.0,True
843896,230,0,40.94120930844284,39.39614964178023,1272650.9992897962,239,239,6.0,6.0,89920.4007226589,114645.09376652479,24724.693043865882,387.9627581813324,2823.1099066199026,2800.2371132423496,False
843896,230,1,10.0,10.0,-31711.19544701632,70,70,3.207128046778589,5.862495132632444,-75697.3289480581,0.0,75697.3289480581,14276.655287225622,790.0809188810268,0.0,True
843896,230,2,18.56608641203773,13.892441348451465,-21582.279934578663,54,54,2.3782221848931377,4.400505987697088,-63947.671025664895,1279.696607874339,65227.36763353923,12473.894407247953,607.0718855864417,68.92656747760365,True
843896,230,3,10.5,20.24545966702548,-94948.85271081199,167,167,6.0,6.0,-91921.05869912685,13362.96317364467,105284.02187277153,17845.016030574356,1982.367714987467,1272.6631593947304,True
843896,230,4,11.0,10.5,-51699.58803100586,75,75,3.2696671903197827,5.9,-78844.78193915129,0.0,78844.78193915129,14812.49721282024,869.560772920843,0.0,True
843896,230,5,10.0,13.925625447624187,-17437.625980911886,74,74,2.866278651765272,5.580179845317385,-66016.73291011862,0.0,66016.73291011862,12303.42331445966,883.553254037477,0.0,True
843896,230,6,10.0,10.5,-21134.716294715137,75,75,3.366544052695526,6.0,-67657.40687359788,9.414691248821322e-14,67657.40687359788,12560.338268822126,867.5444538927729,9.414691248821322e-15,True
843896,230,7,15.858157889895693,18.6320895147834,-61025.74807177164,56,56,2.708748607377742,4.723721144819263,-73524.19925056428,0.0,73524.19925056428,14049.562774014694,653.333961314198,0.0,True
843896,230,8,10.0,21.713207528465016,-28155.684850579673,220,220,6.0,6.0,-48878.927120878056,1.296740492762182e-13,48878.927120878056,5572.700476972008,2601.9280920022525,1.296740492762182e-14,True
843896,230,9,10.0,11.252785588268896,-45986.69415318356,71,71,3.13256444702339,6.0,-61138.620447504014,0.0,61138.620447504014,11317.370900708924,847.873609552665,0.0,True
843896,231,0,36.84708837759856,37.42634215969122,1351841.4888882814,240,240,6.0,6.0,88972.81171682342,112674.5445198827,23701.732803059273,164.79008715162956,2834.722795912641,3057.8954669423474,False
843896,231,1,10.0,10.0,-31711.19544701632,70,70,3.207128046778589,5.862495132632444,-75697.3289480581,0.0,75697.3289480581,14276.655287225622,790.0809188810268,0.0,True
843896,231,2,18.56608641203773,13.892441348451465,-21582.279934578663,54,54,2.3782221848931377,4.400505987697088,-63947.671025664895,1279.696607874339,65227.36763353923,12473.894407247953,607.0718855864417,68.92656747760365,True
843896,231,3,10.5,20.24545966702548,-94948.85271081199,167,167,6.0,6.0,-91921.05869912685,13362.96317364467,105284.02187277153,17845.016030574356,1982.367714987467,1272.6631593947304,True
843896,231,4,11.0,10.5,-51699.58803100586,75,75,3.2696671903197827,5.9,-78844.78193915129,0.0,78844.78193915129,14812.49721282024,869.560772920843,0.0,True
843896,231,5,10.0,13.925625447624187,-17437.625980911886,74,74,2.866278651765272,5.580179845317385,-66016.73291011862,0.0,66016.73291011862,12303.42331445966,883.553254037477,0.0,True
843896,231,6,10.0,10.5,-21134.716294715137,75,75,3.366544052695526,6.0,-67657.40687359788,9.414691248821322e-14,67657.40687359788,12560.338268822126,867.5444538927729,9.414691248821322e-15,True
843896,231,7,15.858157889895693,18.6320895147834,-61025.74807177164,56,56,2.708748607377742,4.723721144819263,-73524.19925056428,0.0,73524.19925056428,14049.562774014694,653.333961314198,0.0,True
843896,231,8,10.0,21.713207528465016,-28155.684850579673,220,220,6.0,6.0,-48878.927120878056,1.296740492762182e-13,48878.927120878056,5572.700476972008,2601.9280920022525,1.296740492762182e-14,True
843896,231,9,10.0,11.252785588268896,-45986.69415318356,71,71,3.13256444702339,6.0,-61138.620447504014,0.0,61138.620447504014,11317.370900708924,847.873609552665,0.0,True
843896,232,0,33.1623795398387,35.55502505170666,1419358.1219527943,241,241,6.0,6.0,76885.39410199993,99856.07445807049,22970.680356070556,0.0,2846.3350445088195,3011.1251316604457,False
843896,232,1,10.0,10.0,-31711.19544701632,70,70,3.207128046778589,5.862495132632444,-75697.3289480581,0.0,75697.3289480581,14276.655287225622,790.0809188810268,0.0,True
843896,232,2,18.56608641203773,13.892441348451465,-21582.279934578663,54,54,2.3782221848931377,4.400505987697088,-63947.671025664895,1279.696607874339,65227.36763353923,12473.894407247953,607.0718855864417,68.92656747760365,True
843896,232,3,10.5,20.24545966702548,-94948.85271081199,167,167,6.0,6.0,-91921.05869912685,13362.96317364467,105284.02187277153,17845.016030574356,1982.367714987467,1272.6631593947304,True
843896,232,4,11.0,10.5,-51699.58803100586,75,75,3.2696671903197827,5.9,-78844.78193915129,0.0,78844.78193915129,14812.49721282024,869.560772920843,0.0,True
843896,232,5,10.0,13.925625447624187,-17437.625980911886,74,74,2.866278651765272,5.580179845317385,-66016.73291011862,0.0,66016.73291011862,12303.42331445966,883.553254037477,0.0,True
843896,232,6,10.0,10.5,-21134.716294715137,75,75,3.366544052695526,6.0,-67657.40687359788,9.414691248821322e-14,67657.40687359788,12560.338268822126,867.5444538927729,9.414691248821322e-15,True
843896,232,7,15.858157889895693,18.6320895147834,-61025.74807177164,56,56,2.708748607377742,4.723721144819263,-73524.19925056428,0.0,73524.19925056428,14049.562774014694,653.333961314198,0.0,True
843896,232,8,10.0,21.713207528465016,-28155.684850579673,220,220,6.0,6.0,-48878.927120878056,1.296740492762182e-13,48878.927120878056,5572.700476972008,2601.9280920022525,1.296740492762182e-14,True
843896,232,9,10.0,11.252785588268896,-45986.69415318356,71,71,3.13256444702339,6.0,-61138.620447504014,0.0,61138.620447504014,11317.370900708924,847.873609552665,0.0,True
843896,233,0,36.478617493822576,39.11052755687733,1490283.717955872,242,242,6.0,6.0,81190.34367183672,104253.90962674766,23063.565954910933,0.0,2857.9457443638667,2857.9457443638703,False
843896,233,1,10.0,10.0,-31711.19544701632,70,70,3.207128046778589,5.862495132632444,-75697.3289480581,0.0,75697.3289480581,14276.655287225622,790.0809188810268,0.0,True
843896,233,2,18.56608641203773,13.892441348451465,-21582.279934578663,54,54,2.3782221848931377,4.400505987697088,-63947.671025664895,1279.696607874339,65227.36763353923,12473.894407247953,607.0718855864417,68.92656747760365,True
843896,233,3,10.5,20.24545966702548,-94948.85271081199,167,167,6.0,6.0,-91921.05869912685,13362.96317364467,105284.02187277153,17845.016030574356,1982.367714987467,1272.6631593947304,True
843896,233,4,11.0,10.5,-51699.58803100586,75,75,3.2696671903197827,5.9,-78844.78193915129,0.0,78844.78193915129,14812.49721282024,869.560772920843,0.0,True
843896,233,5,10.0,13.925625447624187,-17437.625980911886,74,74,2.866278651765272,5.580179845317385,-66016.73291011862,0.0,66016.73291011862,12303.42331445966,883.553254037477,0.0,True
843896,233,6,10.0,10.5,-21134.716294715137,75,75,3.366544052695526,6.0,-67657.40687359788,9.414691248821322e-14,67657.40687359788,12560.338268822126,867.5444538927729,9.414691248821322e-15,True
843896,233,7,15.858157889895693,18.6320895147834,-61025.74807177164,56,56,2.708748607377742,4.723721144819263,-73524.19925056428,0.0,73524.19925056428,14049.562774014694,653.333961314198,0.0,True
843896,233,8,10.0,21.713207528465016,-28155.684850579673,220,220,6.0,6.0,-48878.927120878056,1.296740492762182e-13,48878.927120878056,5572.700476972008,2601.9280920022525,1.296740492762182e-14,True
843896,233,9,10.0,11.252785588268896,-45986.69415318356,71,71,3.13256444702339,6.0,-61138.620447504014,0.0,61138.620447504014,11317.370900708924,847.873609552665,0.0,True
843896,234,0,40.126479243204834,43.021580312565064,1571018.1470180927,243,243,6.0,6.0,91988.67307819084,115145.10658721029,23156.43350901945,0.0,2869.5541886274314,2869.554188627436,False
843896,234,1,10.0,10.0,-31711.19544701632,70,70,3.207128046778589,5.862495132632444,-75697.3289480581,0.0,75697.3289480581,14276.655287225622,790.0809188810268,0.0,True
843896,234,2,18.56608641203773,13.892441348451465,-21582.279934578663,54,54,2.3782221848931377,4.400505987697088,-63947.671025664895,1279.696607874339,65227.36763353923,12473.894407247953,607.0718855864417,68.92656747760365,True
843896,234,3,10.5,20.24545966702548,-94948.85271081199,167,167,6.0,6.0,-91921.05869912685,13362.96317364467,105284.02187277153,17845.016030574356,1982.367714987467,1272.6631593947304,True
843896,234,4,11.0,10.5,-51699.58803100586,75,75,3.2696671903197827,5.9,-78844.78193915129,0.0,78844.78193915129,14812.49721282024,869.560772920843,0.0,True
843896,234,5,10.0,13.925625447624187,-17437.625980911886,74,74,2.866278651765272,5.580179845317385,-66016.73291011862,0.0,66016.73291011862,12303.42331445966,883.553254037477,0.0,True
843896,234,6,10.0,10.5,-21134.716294715137,75,75,3.366544052695526,6.0,-67657.40687359788,9.414691248821322e-14,67657.40687359788,12560.338268822126,867.5444538927729,9.414691248821322e-15,True
843896,234,7,15.858157889895693,18.6320895147834,-61025.74807177164,56,56,2.708748607377742,4.723721144819263,-73524.19925056428,0.0,73524.19925056428,14049.562774014694,653.333961314198,0.0,True
843896,234,8,10.0,21.713207528465016,-28155.684850579673,220,220,6.0,6.0,-48878.927120878056,1.296740492762182e-13,48878.927120878056,5572.700476972008,2601.9280920022525,1.296740492762182e-14,True
843896,234,9,10.0,11.252785588268896,-45986.69415318356,71,71,3.13256444702339,6.0,-61138.620447504014,0.0,61138.620447504014,11317.370900708924,847.873609552665,0.0,True
843896,235,0,44.139127167525324,47.323738343821574,1662593.774974562,244,244,6.0,6.0,103922.62011235181,127171.90287553186,23249.28276318004,0.0,2881.160345397505,2881.1603453975094,False
843896,235,1,10.0,10.0,-31711.19544701632,70,70,3.207128046778589,5.862495132632444,-75697.3289480581,0.0,75697.3289480581,14276.655287225622,790.0809188810268,0.0,True
843896,235,2,18.56608641203773,13.892441348451465,-21582.279934578663,54,54,2.3782221848931377,4.400505987697088,-63947.671025664895,1279.696607874339,65227.36763353923,12473.894407247953,607.0718855864417,68.92656747760365,True
843896,235,3,10.5,20.24545966702548,-94948.85271081199,167,167,6.0,6.0,-91921.05869912685,13362.96317364467,105284.02187277153,17845.016030574356,1982.367714987467,1272.6631593947304,True
843896,235,4,11.0,10.5,-51699.58803100586,75,75,3.2696671903197827,5.9,-78844.78193915129,0.0,78844.78193915129,14812.49721282024,869.560772920843,0.0,True
843896,235,5,10.0,13.925625447624187,-17437.625980911886,74,74,2.866278651765272,5.580179845317385,-66016.73291011862,0.0,66016.73291011862,12303.42331445966,883.553254037477,0.0,True
843896,235,6,10.0,10.5,-21134.716294715137,75,75,3.366544052695526,6.0,-67657.40687359788,9.414691248821322e-14,67657.40687359788,12560.338268822126,867.5444538927729,9.414691248821322e-15,True
843896,235,7,15.858157889895693,18.6320895147834,-61025.74807177164,56,56,2.708748607377742,4.723721144819263,-73524.19925056428,0.0,73524.19925056428,14049.562774014694,653.333961314198,0.0,True
843896,235,8,10.0,21.713207528465016,-28155.684850579673,220,220,6.0,6.0,-48878.927120878056,1.296740492762182e-13,48878.927120878056,5572.700476972008,2601.9280920022525,1.296740492762182e-14,True
843896,235,9,10.0,11.252785588268896,-45986.69415318356,71,71,3.13256444702339,6.0,-61138.620447504014,0.0,61138.620447504014,11317.370900708924,847.873609552665,0.0,True
843896,236,0,48.55303988427786,44.957551426630495,1755917.9053295942,245,245,6.0,6.0,105138.73045457847,129598.57512247121,24459.844667892736,223.54712908273737,2892.763627809881,2669.2164987271376,False
843896,236,1,10.0,10.0,-31711.19544701632,70,70,3.207128046778589,5.862495132632444,-75697.3289480581,0.0,75697.3289480581,14276.655287225622,790.0809188810268,0.0,True
843896,236,2,18.56608641203773,13.892441348451465,-21582.279934578663,54,54,2.3782221848931377,4.400505987697088,-63947.671025664895,1279.696607874339,65227.36763353923,12473.894407247953,607.0718855864417,68.92656747760365,True
843896,236,3,10.5,20.24545966702548,-94948.85271081199,167,167,6.0,6.0,-91921.05869912685,13362.96317364467,105284.02187277153,17845.016030574356,1982.367714987467,1272.6631593947304,True
843896,236,4,11.0,10.5,-51699.58803100586,75,75,3.2696671903197827,5.9,-78844.78193915129,0.0,78844.78193915129,14812.49721282024,869.560772920843,0.0,True
843896,236,5,10.0,13.925625447624187,-17437.625980911886,74,74,2.866278651765272,5.580179845317385,-66016.73291011862,0.0,66016.73291011862,12303.42331445966,883.553254037477,0.0,True
843896,236,6,10.0,10.5,-21134.716294715137,75,75,3.366544052695526,6.0,-67657.40687359788,9.414691248821322e-14,67657.40687359788,12560.338268822126,867.5444538927729,9.414691248821322e-15,True
843896,236,7,15.858157889895693,18.6320895147834,-61025.74807177164,56,56,2.708748607377742,4.723721144819263,-73524.19925056428,0.0,73524.19925056428,14049.562774014694,653.333961314198,0.0,True
843896,236,8,10.0,21.713207528465016,-28155.684850579673,220,220,6.0,6.0,-48878.927120878056,1.296740492762182e-13,48878.927120878056,5572.700476972008,2601.9280920022525,1.296740492762182e-14,True
843896,236,9,10.0,11.252785588268896,-45986.69415318356,71,71,3.13256444702339,6.0,-61138.620447504014,0.0,61138.620447504014,11317.370900708924,847.873609552665,0.0,True
843896,237,0,43.69773589585007,42.709673855298966,1847626.4916208056,246,246,6.0,6.0,103015.16605959568,127500.69167711727,24485.525617521584,210.1235046723655,2904.3635117699696,2917.787136180341,False
843896,237,1,10.0,10.0,-31711.19544701632,70,70,3.207128046778589,5.862495132632444,-75697.3289480581,0.0,75697.3289480581,14276.655287225622,790.0809188810268,0.0,True
843896,237,2,18.56608641203773,13.892441348451465,-21582.279934578663,54,54,2.3782221848931377,4.400505987697088,-63947.671025664895,1279.696607874339,65227.36763353923,12473.894407247953,607.0718855864417,68.92656747760365,True
843896,237,3,10.5,20.24545966702548,-94948.85271081199,167,167,6.0,6.0,-91921.05869912685,13362.96317364467,105284.02187277153,17845.016030574356,1982.367714987467,1272.6631593947304,True
843896,237,4,11.0,10.5,-51699.58803100586,75,75,3.2696671903197827,5.9,-78844.78193915129,0.0,78844.78193915129,14812.49721282024,869.560772920843,0.0,True
843896,237,5,10.0,13.925625447624187,-17437.625980911886,74,74,2.866278651765272,5.580179845317385,-66016.73291011862,0.0,66016.73291011862,12303.42331445966,883.553254037477,0.0,True
843896,237,6,10.0,10.5,-21134.716294715137,75,75,3.366544052695526,6.0,-67657.40687359788,9.414691248821322e-14,67657.40687359788,12560.338268822126,867.5444538927729,9.414691248821322e-15,True
843896,237,7,15.858157889895693,18.6320895147834,-61025.74807177164,56,56,2.708748607377742,4.723721144819263,-73524.19925056428,0.0,73524.19925056428,14049.562774014694,653.333961314198,0.0,True
843896,237,8,10.0,21.713207528465016,-28155.684850579673,220,220,6.0,6.0,-48878.927120878056,1.296740492762182e-13,48878.927120878056,5572.700476972008,2601.9280920022525,1.296740492762182e-14,True
843896,237,9,10.0,11.252785588268896,-45986.69415318356,71,71,3.13256444702339,6.0,-61138.620447504014,0.0,61138.620447504014,11317.370900708924,847.873609552665,0.0,True
843896,238,0,39.327962306265064,40.574190162534016,1936219.5617705225,247,247,6.0,6.0,99414.8951198761,122942.59577411046,23527.70065423436,0.0,2915.962581779295,3126.0860864516576,False
843896,238,1,10.0,10.0,-31711.19544701632,70,70,3.207128046778589,5.862495132632444,-75697.3289480581,0.0,75697.3289480581,14276.655287225622,790.0809188810268,0.0,True
843896,238,2,18.56608641203773,13.892441348451465,-21582.279934578663,54,54,2.3782221848931377,4.400505987697088,-63947.671025664895,1279.696607874339,65227.36763353923,12473.894407247953,607.0718855864417,68.92656747760365,True
843896,238,3,10.5,20.24545966702548,-94948.85271081199,167,167,6.0,6.0,-91921.05869912685,13362.96317364467,105284.02187277153,17845.016030574356,1982.367714987467,1272.6631593947304,True
843896,238,4,11.0,10.5,-51699.58803100586,75,75,3.2696671903197827,5.9,-78844.78193915129,0.0,78844.78193915129,14812.49721282024,869.560772920843,0.0,True
843896,238,5,10.0,13.925625447624187,-17437.625980911886,74,74,2.866278651765272,5.580179845317385,-66016.73291011862,0.0,66016.73291011862,12303.42331445966,883.553254037477,0.0,True
843896,238,6,10.0,10.5,-21134.716294715137,75,75,3.366544052695526,6.0,-67657.40687359788,9.414691248821322e-14,67657.40687359788,12560.338268822126,867.5444538927729,9.414691248821322e-15,True
843896,238,7,15.858157889895693,18.6320895147834,-61025.74807177164,56,56,2.708748607377742,4.723721144819263,-73524.19925056428,0.0,73524.19925056428,14049.562774014694,653.333961314198,0.0,True
843896,238,8,10.0,21.713207528465016,-28155.684850579673,220,220,6.0,6.0,-48878.927120878056,1.296740492762182e-13,48878.927120878056,5572.700476972008,2601.9280920022525,1.296740492762182e-14,True
843896,238,9,10.0,11.252785588268896,-45986.69415318356,71,71,3.13256444702339,6.0,-61138.620447504014,0.0,61138.620447504014,11317.370900708924,847.873609552665,0.0,True
843896,239,0,43.26075853689157,38.545480654407314,2020160.9067272316,248,248,6.0,6.0,94300.62415898585,118825.29761396727,24524.67345498141,180.837975520759,2927.5604471722017,2746.7224716514474,False
843896,239,1,10.0,10.0,-31711.19544701632,70,70,3.207128046778589,5.862495132632444,-75697.3289480581,0.0,75697.3289480581,14276.655287225622,790.0809188810268,0.0,True
843896,239,2,18.56608641203773,13.892441348451465,-21582.279934578663,54,54,2.3782221848931377,4.400505987697088,-63947.671025664895,1279.696607874339,65227.36763353923,12473.894407247953,607.0718855864417,68.92656747760365,True
843896,239,3,10.5,20.24545966702548,-94948.85271081199,167,167,6.0,6.0,-91921.05869912685,13362.96317364467,105284.02187277153,17845.016030574356,1982.367714987467,1272.6631593947304,True
843896,239,4,11.0,10.5,-51699.58803100586,75,75,3.2696671903197827,5.9,-78844.78193915129,0.0,78844.78193915129,14812.49721282024,869.560772920843,0.0,True
843896,239,5,10.0,13.925625447624187,-17437.625980911886,74,74,2.866278651765272,5.580179845317385,-66016.73291011862,0.0,66016.73291011862,12303.42331445966,883.553254037477,0.0,True
843896,239,6,10.0,10.5,-21134.716294715137,75,75,3.366544052695526,6.0,-67657.40687359788,9.414691248821322e-14,67657.40687359788,12560.338268822126,867.5444538927729,9.414691248821322e-15,True
843896,239,7,15.858157889895693,18.6320895147834,-61025.74807177164,56,56,2.708748607377742,4.723721144819263,-73524.19925056428,0.0,73524.19925056428,14049.562774014694,653.333961314198,0.0,True
843896,239,8,10.0,21.713207528465016,-28155.684850579673,220,220,6.0,6.0,-48878.927120878056,1.296740492762182e-13,48878.927120878056,5572.700476972008,2601.9280920022525,1.296740492762182e-14,True
843896,239,9,10.0,11.252785588268896,-45986.69415318356,71,71,3.13256444702339,6.0,-61138.620447504014,0.0,61138.620447504014,11317.370900708924,847.873609552665,0.0,True
843896,240,0,38.93468268320242,36.618206621686944,2100407.6846779194,249,249,6.0,6.0,90164.7113994695,114742.58516341085,24577.873763941367,172.93470401526795,2939.1500304831284,2947.0533019886207,False
843896,240,1,10.0,10.0,-31711.19544701632,70,70,3.207128046778589,5.862495132632444,-75697.3289480581,0.0,75697.3289480581,14276.655287225622,790.0809188810268,0.0,True
843896,240,2,18.56608641203773,13.892441348451465,-21582.279934578663,54,54,2.3782221848931377,4.400505987697088,-63947.671025664895,1279.696607874339,65227.36763353923,12473.894407247953,607.0718855864417,68.92656747760365,True
843896,240,3,10.5,20.24545966702548,-94948.85271081199,167,167,6.0,6.0,-91921.05869912685,13362.96317364467,105284.02187277153,17845.016030574356,1982.367714987467,1272.6631593947304,True
843896,240,4,11.0,10.5,-51699.58803100586,75,75,3.2696671903197827,5.9,-78844.78193915129,0.0,78844.78193915129,14812.49721282024,869.560772920843,0.0,True
843896,240,5,10.0,13.925625447624187,-17437.625980911886,74,74,2.866278651765272,5.580179845317385,-66016.73291011862,0.0,66016.73291011862,12303.42331445966,883.553254037477,0.0,True
843896,240,6,10.0,10.5,-21134.716294715137,75,75,3.366544052695526,6.0,-67657.40687359788,9.414691248821322e-14,67657.40687359788,12560.338268822126,867.5444538927729,9.414691248821322e-15,True
843896,240,7,15.858157889895693,18.6320895147834,-61025.74807177164,56,56,2.708748607377742,4.723721144819263,-73524.19925056428,0.0,73524.19925056428,14049.562774014694,653.333961314198,0.0,True
843896,240,8,10.0,21.713207528465016,-28155.684850579673,220,220,6.0,6.0,-48878.927120878056,1.296740492762182e-13,48878.927120878056,5572.700476972008,2601.9280920022525,1.296740492762182e-14,True
843896,240,9,10.0,11.252785588268896,-45986.69415318356,71,71,3.13256444702339,6.0,-61138.620447504014,0.0,61138.620447504014,11317.370900708924,847.873609552665,0.0,True
843896,241,0,35.04121441488218,34.7872962906026,2176562.2228214843,250,250,6.0,6.0,85651.36221619246,109457.26066403909,23805.89844784663,0.0,2950.7373059808288,3123.6720099960935,False
843896,241,1,10.0,10.0,-31711.19544701632,70,70,3.207128046778589,5.862495132632444,-75697.3289480581,0.0,75697.3289480581,14276.655287225622,790.0809188810268,0.0,True
843896,241,2,18.56608641203773,13.892441348451465,-21582.279934578663,54,54,2.3782221848931377,4.400505987697088,-63947.671025664895,1279.696607874339,65227.36763353923,12473.894407247953,607.0718855864417,68.92656747760365,True
843896,241,3,10.5,20.24545966702548,-94948.85271081199,167,167,6.0,6.0,-91921.05869912685,13362.96317364467,105284.02187277153,17845.016030574356,1982.367714987467,1272.6631593947304,True
843896,241,4,11.0,10.5,-51699.58803100586,75,75,3.2696671903197827,5.9,-78844.78193915129,0.0,78844.78193915129,14812.49721282024,869.560772920843,0.0,True
843896,241,5,10.0,13.925625447624187,-17437.625980911886,74,74,2.866278651765272,5.580179845317385,-66016.73291011862,0.0,66016.73291011862,12303.42331445966,883.553254037477,0.0,True
843896,241,6,10.0,10.5,-21134.716294715137,75,75,3.366544052695526,6.0,-67657.40687359788,9.414691248821322e-14,67657.40687359788,12560.338268822126,867.5444538927729,9.414691248821322e-15,True
843896,241,7,15.858157889895693,18.6320895147834,-61025.74807177164,56,56,2.708748607377742,4.723721144819263,-73524.19925056428,0.0,73524.19925056428,14049.562774014694,653.333961314198,0.0,True
843896,241,8,10.0,21.713207528465016,-28155.684850579673,220,220,6.0,6.0,-48878.927120878056,1.296740492762182e-13,48878.927120878056,5572.700476972008,2601.9280920022525,1.296740492762182e-14,True
843896,241,9,10.0,11.252785588268896,-45986.69415318356,71,71,3.13256444702339,6.0,-61138.620447504014,0.0,61138.620447504014,11317.370900708924,847.873609552665,0.0,True
843896,242,0,38.5453358563704,38.26602591966286,2252298.1212482452,250,250,6.0,6.0,85602.4049066278,109905.35511023038,24302.950203602584,99.41035115119074,2950.7373059808288,2851.3269548296407,False
843896,242,1,10.0,10.0,-31711.19544701632,70,70,3.207128046778589,5.862495132632444,-75697.3289480581,0.0,75697.3289480581,14276.655287225622,790.0809188810268,0.0,True
843896,242,2,18.56608641203773,13.892441348451465,-21582.279934578663,54,54,2.3782221848931377,4.400505987697088,-63947.671025664895,1279.696607874339,65227.36763353923,12473.894407247953,607.0718855864417,68.92656747760365,True
843896,242,3,10.5,20.24545966702548,-94948.85271081199,167,167,6.0,6.0,-91921.05869912685,13362.96317364467,105284.02187277153,17845.016030574356,1982.367714987467,1272.6631593947304,True
843896,242,4,11.0,10.5,-51699.58803100586,75,75,3.2696671903197827,5.9,-78844.78193915129,0.0,78844.78193915129,14812.49721282024,869.560772920843,0.0,True
843896,242,5,10.0,13.925625447624187,-17437.625980911886,74,74,2.866278651765272,5.580179845317385,-66016.73291011862,0.0,66016.73291011862,12303.42331445966,883.553254037477,0.0,True
843896,242,6,10.0,10.5,-21134.716294715137,75,75,3.366544052695526,6.0,-67657.40687359788,9.414691248821322e-14,67657.40687359788,12560.338268822126,867.5444538927729,9.414691248821322e-15,True
843896,242,7,15.858157889895693,18.6320895147834,-61025.74807177164,56,56,2.708748607377742,4.723721144819263,-73524.19925056428,0.0,73524.19925056428,14049.562774014694,653.333961314198,0.0,True
843896,242,8,10.0,21.713207528465016,-28155.684850579673,220,220,6.0,6.0,-48878.927120878056,1.296740492762182e-13,48878.927120878056,5572.700476972008,2601.9280920022525,1.296740492762182e-14,True
843896,242,9,10.0,11.252785588268896,-45986.69415318356,71,71,3.13256444702339,6.0,-61138.620447504014,0.0,61138.620447504014,11317.370900708924,847.873609552665,0.0,True
843896,243,0,42.39986944200744,36.35272462367971,2324007.7672045133,250,250,6.0,6.0,81097.82711223478,107479.90743237967,26382.08032014489,515.2363744596524,2950.7373059808288,2534.9112826723594,False
843896,243,1,10.0,10.0,-31711.19544701632,70,70,3.207128046778589,5.862495132632444,-75697.3289480581,0.0,75697.3289480581,14276.655287225622,790.0809188810268,0.0,True
843896,243,2,18.56608641203773,13.892441348451465,-21582.279934578663,54,54,2.3782221848931377,4.400505987697088,-63947.671025664895,1279.696607874339,65227.36763353923,12473.894407247953,607.0718855864417,68.92656747760365,True
843896,243,3,10.5,20.24545966702548,-94948.85271081199,167,167,6.0,6.0,-91921.05869912685,13362.96317364467,105284.02187277153,17845.016030574356,1982.367714987467,1272.6631593947304,True
843896,243,4,11.0,10.5,-51699.58803100586,75,75,3.2696671903197827,5.9,-78844.78193915129,0.0,78844.78193915129,14812.49721282024,869.560772920843,0.0,True
843896,243,5,10.0,13.925625447624187,-17437.625980911886,74,74,2.866278651765272,5.580179845317385,-66016.73291011862,0.0,66016.73291011862,12303.42331445966,883.553254037477,0.0,True
843896,243,6,10.0,10.5,-21134.716294715137,75,75,3.366544052695526,6.0,-67657.40687359788,9.414691248821322e-14,67657.40687359788,12560.338268822126,867.5444538927729,9.414691248821322e-15,True
843896,243,7,15.858157889895693,18.6320895147834,-61025.74807177164,56,56,2.708748607377742,4.723721144819263,-73524.19925056428,0.0,73524.19925056428,14049.562774014694,653.333961314198,0.0,True
843896,243,8,10.0,21.713207528465016,-28155.684850579673,220,220,6.0,6.0,-48878.927120878056,1.296740492762182e-13,48878.927120878056,5572.700476972008,2601.9280920022525,1.296740492762182e-14,True
843896,243,9,10.0,11.252785588268896,-45986.69415318356,71,71,3.13256444702339,6.0,-61138.620447504014,0.0,61138.620447504014,11317.370900708924,847.873609552665,0.0,True
843896,244,0,38.1598824978067,34.53508839249572,2392785.0050075715,250,250,6.0,6.0,77711.00990116838,105078.57699334537,27367.567092176996,712.3337288660734,2950.7373059808288,2753.6399515744038,False
843896,244,1,10.0,10.0,-31711.19544701632,70,70,3.207128046778589,5.862495132632444,-75697.3289480581,0.0,75697.3289480581,14276.655287225622,790.0809188810268,0.0,True
843896,244,2,18.56608641203773,13.892441348451465,-21582.279934578663,54,54,2.3782221848931377,4.400505987697088,-63947.671025664895,1279.696607874339,65227.36763353923,12473.894407247953,607.0718855864417,68.92656747760365,True
843896,244,3,10.5,20.24545966702548,-94948.85271081199,167,167,6.0,6.0,-91921.05869912685,13362.96317364467,105284.02187277153,17845.016030574356,1982.367714987467,1272.6631593947304,True
843896,244,4,11.0,10.5,-51699.58803100586,75,75,3.2696671903197827,5.9,-78844.78193915129,0.0,78844.78193915129,14812.49721282024,869.560772920843,0.0,True
843896,244,5,10.0,13.925625447624187,-17437.625980911886,74,74,2.866278651765272,5.580179845317385,-66016.73291011862,0.0,66016.73291011862,12303.42331445966,883.553254037477,0.0,True
843896,244,6,10.0,10.5,-21134.716294715137,75,75,3.366544052695526,6.0,-67657.40687359788,9.414691248821322e-14,67657.40687359788,12560.338268822126,867.5444538927729,9.414691248821322e-15,True
843896,244,7,15.858157889895693,18.6320895147834,-61025.74807177164,56,56,2.708748607377742,4.723721144819263,-73524.19925056428,0.0,73524.19925056428,14049.562774014694,653.333961314198,0.0,True
843896,244,8,10.0,21.713207528465016,-28155.684850579673,220,220,6.0,6.0,-48878.927120878056,1.296740492762182e-13,48878.927120878056,5572.700476972008,2601.9280920022525,1.296740492762182e-14,True
843896,244,9,10.0,11.252785588268896,-45986.69415318356,71,71,3.13256444702339,6.0,-61138.620447504014,0.0,61138.620447504014,11317.370900708924,847.873609552665,0.0,True
843896,245,0,34.34389424802603,32.80833397287093,2459435.76446535,250,250,6.0,6.0,75152.84295101218,102370.37404961984,27217.531098607666,682.3265301522075,2950.7373059808288,2980.7445046947096,False
843896,245,1,10.0,10.0,-31711.19544701632,70,70,3.207128046778589,5.862495132632444,-75697.3289480581,0.0,75697.3289480581,14276.655287225622,790.0809188810268,0.0,True
843896,245,2,18.56608641203773,13.892441348451465,-21582.279934578663,54,54,2.3782221848931377,4.400505987697088,-63947.671025664895,1279.696607874339,65227.36763353923,12473.894407247953,607.0718855864417,68.92656747760365,True
843896,245,3,10.5,20.24545966702548,-94948.85271081199,167,167,6.0,6.0,-91921.05869912685,13362.96317364467,105284.02187277153,17845.016030574356,1982.367714987467,1272.6631593947304,True
843896,245,4,11.0,10.5,-51699.58803100586,75,75,3.2696671903197827,5.9,-78844.78193915129,0.0,78844.78193915129,14812.49721282024,869.560772920843,0.0,True
843896,245,5,10.0,13.925625447624187,-17437.625980911886,74,74,2.866278651765272,5.580179845317385,-66016.73291011862,0.0,66016.73291011862,12303.42331445966,883.553254037477,0.0,True
843896,245,6,10.0,10.5,-21134.716294715137,75,75,3.366544052695526,6.0,-67657.40687359788,9.414691248821322e-14,67657.40687359788,12560.338268822126,867.5444538927729,9.414691248821322e-15,True
843896,245,7,15.858157889895693,18.6320895147834,-61025.74807177164,56,56,2.708748607377742,4.723721144819263,-73524.19925056428,0.0,73524.19925056428,14049.562774014694,653.333961314198,0.0,True
843896,245,8,10.0,21.713207528465016,-28155.684850579673,220,220,6.0,6.0,-48878.927120878056,1.296740492762182e-13,48878.927120878056,5572.700476972008,2601.9280920022525,1.296740492762182e-14,True
843896,245,9,10.0,11.252785588268896,-45986.69415318356,71,71,3.13256444702339,6.0,-61138.620447504014,0.0,61138.620447504014,11317.370900708924,847.873609552665,0.0,True
843896,246,0,30.90950482322343,31.167917274227385,2530100.0110178813,250,250,6.0,6.0,78756.22587113238,103917.48690264217,25161.26103150978,271.07251673263005,2950.7373059808288,3361.9913194004066,False
843896,246,1,10.0,10.0,-31711.19544701632,70,70,3.207128046778589,5.862495132632444,-75697.3289480581,0.0,75697.3289480581,14276.655287225622,790.0809188810268,0.0,True
843896,246,2,18.56608641203773,13.892441348451465,-21582.279934578663,54,54,2.3782221848931377,4.400505987697088,-63947.671025664895,1279.696607874339,65227.36763353923,12473.894407247953,607.0718855864417,68.92656747760365,True
843896,246,3,10.5,20.24545966702548,-94948.85271081199,167,167,6.0,6.0,-91921.05869912685,13362.96317364467,105284.02187277153,17845.016030574356,1982.367714987467,1272.6631593947304,True
843896,246,4,11.0,10.5,-51699.58803100586,75,75,3.2696671903197827,5.9,-78844.78193915129,0.0,78844.78193915129,14812.49721282024,869.560772920843,0.0,True
843896,246,5,10.0,13.925625447624187,-17437.625980911886,74,74,2.866278651765272,5.580179845317385,-66016.73291011862,0.0,66016.73291011862,12303.42331445966,883.553254037477,0.0,True
843896,246,6,10.0,10.5,-21134.716294715137,75,75,3.366544052695526,6.0,-67657.40687359788,9.414691248821322e-14,67657.40687359788,12560.338268822126,867.5444538927729,9.414691248821322e-15,True
843896,246,7,15.858157889895693,18.6320895147834,-61025.74807177164,56,56,2.708748607377742,4.723721144819263,-73524.19925056428,0.0,73524.19925056428,14049.562774014694,653.333961314198,0.0,True
843896,246,8,10.0,21.713207528465016,-28155.684850579673,220,220,6.0,6.0,-48878.927120878056,1.296740492762182e-13,48878.927120878056,5572.700476972008,2601.9280920022525,1.296740492762182e-14,True
843896,246,9,10.0,11.252785588268896,-45986.69415318356,71,71,3.13256444702339,6.0,-61138.620447504014,0.0,61138.620447504014,11317.370900708924,847.873609552665,0.0,True
843896,247,0,27.818554340901088,29.609521410516013,2588217.8238466308,250,250,6.0,6.0,65820.1931813566,89626.09162920323,23805.89844784663,0.0,2950.7373059808288,3221.8098227134583,False
843896,247,1,10.0,10.0,-31711.19544701632,70,70,3.207128046778589,5.862495132632444,-75697.3289480581,0.0,75697.3289480581,14276.655287225622,790.0809188810268,0.0,True
843896,247,2,18.56608641203773,13.892441348451465,-21582.279934578663,54,54,2.3782221848931377,4.400505987697088,-63947.671025664895,1279.696607874339,65227.36763353923,12473.894407247953,607.0718855864417,68.92656747760365,True
843896,247,3,10.5,20.24545966702548,-94948.85271081199,167,167,6.0,6.0,-91921.05869912685,13362.96317364467,105284.02187277153,17845.016030574356,1982.367714987467,1272.6631593947304,True
843896,247,4,11.0,10.5,-51699.58803100586,75,75,3.2696671903197827,5.9,-78844.78193915129,0.0,78844.78193915129,14812.49721282024,869.560772920843,0.0,True
843896,247,5,10.0,13.925625447624187,-17437.625980911886,74,74,2.866278651765272,5.580179845317385,-66016.73291011862,0.0,66016.73291011862,12303.42331445966,883.553254037477,0.0,True
843896,247,6,10.0,10.5,-21134.716294715137,75,75,3.366544052695526,6.0,-67657.40687359788,9.414691248821322e-14,67657.40687359788,12560.338268822126,867.5444538927729,9.414691248821322e-15,True
843896,247,7,15.858157889895693,18.6320895147834,-61025.74807177164,56,56,2.708748607377742,4.723721144819263,-73524.19925056428,0.0,73524.19925056428,14049.562774014694,653.333961314198,0.0,True
843896,247,8,10.0,21.713207528465016,-28155.684850579673,220,220,6.0,6.0,-48878.927120878056,1.296740492762182e-13,48878.927120878056,5572.700476972008,2601.9280920022525,1.296740492762182e-14,True
843896,247,9,10.0,11.252785588268896,-45986.69415318356,71,71,3.13256444702339,6.0,-61138.620447504014,0.0,61138.620447504014,11317.370900708924,847.873609552665,0.0,True
843896,248,0,30.6004097749912,32.570473551567616,2646263.0777122136,250,250,6.0,6.0,66487.8722535204,90293.77070136703,23805.89844784663,0.0,2950.7373059808288,2950.7373059808315,False
843896,248,1,10.0,10.0,-31711.19544701632,70,70,3.207128046778589,5.862495132632444,-75697.3289480581,0.0,75697.3289480581,14276.655287225622,790.0809188810268,0.0,True
843896,248,2,18.56608641203773,13.892441348451465,-21582.279934578663,54,54,2.3782221848931377,4.400505987697088,-63947.671025664895,1279.696607874339,65227.36763353923,12473.894407247953,607.0718855864417,68.92656747760365,True
843896,248,3,10.5,20.24545966702548,-94948.85271081199,167,167,6.0,6.0,-91921.05869912685,13362.96317364467,105284.02187277153,17845.016030574356,1982.367714987467,1272.6631593947304,True
843896,248,4,11.0,10.5,-51699.58803100586,75,75,3.2696671903197827,5.9,-78844.78193915129,0.0,78844.78193915129,14812.49721282024,869.560772920843,0.0,True
843896,248,5,10.0,13.925625447624187,-17437.625980911886,74,74,2.866278651765272,5.580179845317385,-66016.73291011862,0.0,66016.73291011862,12303.42331445966,883.553254037477,0.0,True
843896,248,6,10.0,10.5,-21134.716294715137,75,75,3.366544052695526,6.0,-67657.40687359788,9.414691248821322e-14,67657.40687359788,12560.338268822126,867.5444538927729,9.414691248821322e-15,True
843896,248,7,15.858157889895693,18.6320895147834,-61025.74807177164,56,56,2.708748607377742,4.723721144819263,-73524.19925056428,0.0,73524.19925056428,14049.562774014694,653.333961314198,0.0,True
843896,248,8,10.0,21.713207528465016,-28155.684850579673,220,220,6.0,6.0,-48878.927120878056,1.296740492762182e-13,48878.927120878056,5572.700476972008,2601.9280920022525,1.296740492762182e-14,True
843896,248,9,10.0,11.252785588268896,-45986.69415318356,71,71,3.13256444702339,6.0,-61138.620447504014,0.0,61138.620447504014,11317.370900708924,847.873609552665,0.0,True
843896,249,0,33.66045075249032,35.82752090672438,2712523.4468091396,250,250,6.0,6.0,75517.24932365735,99323.14777150398,23805.89844784663,0.0,2950.7373059808288,2950.7373059808388,False
843896,249,1,10.0,10.0,-31711.19544701632,70,70,3.207128046778589,5.862495132632444,-75697.3289480581,0.0,75697.3289480581,14276.655287225622,790.0809188810268,0.0,True
843896,249,2,18.56608641203773,13.892441348451465,-21582.279934578663,54,54,2.3782221848931377,4.400505987697088,-63947.671025664895,1279.696607874339,65227.36763353923,12473.894407247953,607.0718855864417,68.92656747760365,True
843896,249,3,10.5,20.24545966702548,-94948.85271081199,167,167,6.0,6.0,-91921.05869912685,13362.96317364467,105284.02187277153,17845.016030574356,1982.367714987467,1272.6631593947304,True
843896,249,4,11.0,10.5,-51699.58803100586,75,75,3.2696671903197827,5.9,-78844.78193915129,0.0,78844.78193915129,14812.49721282024,869.560772920843,0.0,True
843896,249,5,10.0,13.925625447624187,-17437.625980911886,74,74,2.866278651765272,5.580179845317385,-66016.73291011862,0.0,66016.73291011862,12303.42331445966,883.553254037477,0.0,True
843896,249,6,10.0,10.5,-21134.716294715137,75,75,3.366544052695526,6.0,-67657.40687359788,9.414691248821322e-14,67657.40687359788,12560.338268822126,867.5444538927729,9.414691248821322e-15,True
843896,249,7,15.858157889895693,18.6320895147834,-61025.74807177164,56,56,2.708748607377742,4.723721144819263,-73524.19925056428,0.0,73524.19925056428,14049.562774014694,653.333961314198,0.0,True
843896,249,8,10.0,21.713207528465016,-28155.684850579673,220,220,6.0,6.0,-48878.927120878056,1.296740492762182e-13,48878.927120878056,5572.700476972008,2601.9280920022525,1.296740492762182e-14,True
843896,249,9,10.0,11.252785588268896,-45986.69415318356,71,71,3.13256444702339,6.0,-61138.620447504014,0.0,61138.620447504014,11317.370900708924,847.873609552665,0.0,True
843896,250,0,37.02649582773935,39.410272997396824,2787820.4426606125,250,250,6.0,6.0,85449.56410080753,109255.46254865416,23805.89844784663,0.0,2950.7373059808288,2950.737305980833,False
843896,250,1,10.0,10.0,-31711.19544701632,70,70,3.207128046778589,5.862495132632444,-75697.3289480581,0.0,75697.3289480581,14276.655287225622,790.0809188810268,0.0,True
843896,250,2,18.56608641203773,13.892441348451465,-21582.279934578663,54,54,2.3782221848931377,4.400505987697088,-63947.671025664895,1279.696607874339,65227.36763353923,12473.894407247953,607.0718855864417,68.92656747760365,True
843896,250,3,10.5,20.24545966702548,-94948.85271081199,167,167,6.0,6.0,-91921.05869912685,13362.96317364467,105284.02187277153,17845.016030574356,1982.367714987467,1272.6631593947304,True
843896,250,4,11.0,10.5,-51699.58803100586,75,75,3.2696671903197827,5.9,-78844.78193915129,0.0,78844.78193915129,14812.49721282024,869.560772920843,0.0,True
843896,250,5,10.0,13.925625447624187,-17437.625980911886,74,74,2.866278651765272,5.580179845317385,-66016.73291011862,0.0,66016.73291011862,12303.42331445966,883.553254037477,0.0,True
843896,250,6,10.0,10.5,-21134.716294715137,75,75,3.366544052695526,6.0,-67657.40687359788,9.414691248821322e-14,67657.40687359788,12560.338268822126,867.5444538927729,9.414691248821322e-15,True
843896,250,7,15.858157889895693,18.6320895147834,-61025.74807177164,56,56,2.708748607377742,4.723721144819263,-73524.19925056428,0.0,73524.19925056428,14049.562774014694,653.333961314198,0.0,True
843896,250,8,10.0,21.713207528465016,-28155.684850579673,220,220,6.0,6.0,-48878.927120878056,1.296740492762182e-13,48878.927120878056,5572.700476972008,2601.9280920022525,1.296740492762182e-14,True
843896,250,9,10.0,11.252785588268896,-45986.69415318356,71,71,3.13256444702339,6.0,-61138.620447504014,0.0,61138.620447504014,11317.370900708924,847.873609552665,0.0,True
843896,251,0,40.72914541051329,43.35130029713651,2868163.6178253135,250,250,6.0,6.0,91481.00023902705,115822.0180372039,24341.017798176854,107.023870066045,2950.7373059808288,2843.7134359147913,False
843896,251,1,10.0,10.0,-31711.19544701632,70,70,3.207128046778589,5.862495132632444,-75697.3289480581,0.0,75697.3289480581,14276.655287225622,790.0809188810268,0.0,True
843896,251,2,18.56608641203773,13.892441348451465,-21582.279934578663,54,54,2.3782221848931377,4.400505987697088,-63947.671025664895,1279.696607874339,65227.36763353923,12473.894407247953,607.0718855864417,68.92656747760365,True
843896,251,3,10.5,20.24545966702548,-94948.85271081199,167,167,6.0,6.0,-91921.05869912685,13362.96317364467,105284.02187277153,17845.016030574356,1982.367714987467,1272.6631593947304,True
843896,251,4,11.0,10.5,-51699.58803100586,75,75,3.2696671903197827,5.9,-78844.78193915129,0.0,78844.78193915129,14812.49721282024,869.560772920843,0.0,True
843896,251,5,10.0,13.925625447624187,-17437.625980911886,74,74,2.866278651765272,5.580179845317385,-66016.73291011862,0.0,66016.73291011862,12303.42331445966,883.553254037477,0.0,True
843896,251,6,10.0,10.5,-21134.716294715137,75,75,3.366544052695526,6.0,-67657.40687359788,9.414691248821322e-14,67657.40687359788,12560.338268822126,867.5444538927729,9.414691248821322e-15,True
843896,251,7,15.858157889895693,18.6320895147834,-61025.74807177164,56,56,2.708748607377742,4.723721144819263,-73524.19925056428,0.0,73524.19925056428,14049.562774014694,653.333961314198,0.0,True
843896,251,8,10.0,21.713207528465016,-28155.684850579673,220,220,6.0,6.0,-48878.927120878056,1.296740492762182e-13,48878.927120878056,5572.700476972008,2601.9280920022525,1.296740492762182e-14,True
843896,251,9,10.0,11.252785588268896,-45986.69415318356,71,71,3.13256444702339,6.0,-61138.620447504014,0.0,61138.620447504014,11317.370900708924,847.873609552665,0.0,True
843896,252,0,44.80205995156462,41.183735282279684,2947736.676306811,250,250,6.0,6.0,90168.99230203754,116285.95065376385,26116.95835172631,462.21198077593596,2950.7373059808288,2595.5491952709376,False
843896,252,1,10.0,10.0,-31711.19544701632,70,70,3.207128046778589,5.862495132632444,-75697.3289480581,0.0,75697.3289480581,14276.655287225622,790.0809188810268,0.0,True
843896,252,2,18.56608641203773,13.892441348451465,-21582.279934578663,54,54,2.3782221848931377,4.400505987697088,-63947.671025664895,1279.696607874339,65227.36763353923,12473.894407247953,607.0718855864417,68.92656747760365,True
843896,252,3,10.5,20.24545966702548,-94948.85271081199,167,167,6.0,6.0,-91921.05869912685,13362.96317364467,105284.02187277153,17845.016030574356,1982.367714987467,1272.6631593947304,True
843896,252,4,11.0,10.5,-51699.58803100586,75,75,3.2696671903197827,5.9,-78844.78193915129,0.0,78844.78193915129,14812.49721282024,869.560772920843,0.0,True
843896,252,5,10.0,13.925625447624187,-17437.625980911886,74,74,2.866278651765272,5.580179845317385,-66016.73291011862,0.0,66016.73291011862,12303.42331445966,883.553254037477,0.0,True
843896,252,6,10.0,10.5,-21134.716294715137,75,75,3.366544052695526,6.0,-67657.40687359788,9.414691248821322e-14,67657.40687359788,12560.338268822126,867.5444538927729,9.414691248821322e-15,True
843896,252,7,15.858157889895693,18.6320895147834,-61025.74807177164,56,56,2.708748607377742,4.723721144819263,-73524.19925056428,0.0,73524.19925056428,14049.562774014694,653.333961314198,0.0,True
843896,252,8,10.0,21.713207528465016,-28155.684850579673,220,220,6.0,6.0,-48878.927120878056,1.296740492762182e-13,48878.927120878056,5572.700476972008,2601.9280920022525,1.296740492762182e-14,True
843896,252,9,10.0,11.252785588268896,-45986.69415318356,71,71,3.13256444702339,6.0,-61138.620447504014,0.0,61138.620447504014,11317.370900708924,847.873609552665,0.0,True
843896,253,0,40.32185395640816,39.124548518165696,3026598.6504618614,250,250,6.0,6.0,88943.11128457478,115492.43600451636,26549.324719941585,548.6852544189908,2950.7373059808288,2864.2640323377714,False
843896,253,1,10.0,10.0,-31711.19544701632,70,70,3.207128046778589,5.862495132632444,-75697.3289480581,0.0,75697.3289480581,14276.655287225622,790.0809188810268,0.0,True
843896,253,2,18.56608641203773,13.892441348451465,-21582.279934578663,54,54,2.3782221848931377,4.400505987697088,-63947.671025664895,1279.696607874339,65227.36763353923,12473.894407247953,607.0718855864417,68.92656747760365,True
843896,253,3,10.5,20.24545966702548,-94948.85271081199,167,167,6.0,6.0,-91921.05869912685,13362.96317364467,105284.02187277153,17845.016030574356,1982.367714987467,1272.6631593947304,True
843896,253,4,11.0,10.5,-51699.58803100586,75,75,3.2696671903197827,5.9,-78844.78193915129,0.0,78844.78193915129,14812.49721282024,869.560772920843,0.0,True
843896,253,5,10.0,13.925625447624187,-17437.625980911886,74,74,2.866278651765272,5.580179845317385,-66016.73291011862,0.0,66016.73291011862,12303.42331445966,883.553254037477,0.0,True
843896,253,6,10.0,10.5,-21134.716294715137,75,75,3.366544052695526,6.0,-67657.40687359788,9.414691248821322e-14,67657.40687359788,12560.338268822126,867.5444538927729,9.414691248821322e-15,True
843896,253,7,15.858157889895693,18.6320895147834,-61025.74807177164,56,56,2.708748607377742,4.723721144819263,-73524.19925056428,0.0,73524.19925056428,14049.562774014694,653.333961314198,0.0,True
843896,253,8,10.0,21.713207528465016,-28155.684850579673,220,220,6.0,6.0,-48878.927120878056,1.296740492762182e-13,48878.927120878056,5572.700476972008,2601.9280920022525,1.296740492762182e-14,True
843896,253,9,10.0,11.252785588268896,-45986.69415318356,71,71,3.13256444702339,6.0,-61138.620447504014,0.0,61138.620447504014,11317.370900708924,847.873609552665,0.0,True
843896,254,0,36.289668560767346,37.16832109225741,3103956.2797722607,250,250,6.0,6.0,86949.70958343624,112721.87191831329,25772.162334877048,393.25277740608345,2950.7373059808288,3106.1697829937357,False
843896,254,1,10.0,10.0,-31711.19544701632,70,70,3.207128046778589,5.862495132632444,-75697.3289480581,0.0,75697.3289480581,14276.655287225622,790.0809188810268,0.0,True
843896,254,2,18.56608641203773,13.892441348451465,-21582.279934578663,54,54,2.3782221848931377,4.400505987697088,-63947.671025664895,1279.696607874339,65227.36763353923,12473.894407247953,607.0718855864417,68.92656747760365,True
843896,254,3,10.5,20.24545966702548,-94948.85271081199,167,167,6.0,6.0,-91921.05869912685,13362.96317364467,105284.02187277153,17845.016030574356,1982.367714987467,1272.6631593947304,True
843896,254,4,11.0,10.5,-51699.58803100586,75,75,3.2696671903197827,5.9,-78844.78193915129,0.0,78844.78193915129,14812.49721282024,869.560772920843,0.0,True
843896,254,5,10.0,13.925625447624187,-17437.625980911886,74,74,2.866278651765272,5.580179845317385,-66016.73291011862,0.0,66016.73291011862,12303.42331445966,883.553254037477,0.0,True
843896,254,6,10.0,10.5,-21134.716294715137,75,75,3.366544052695526,6.0,-67657.40687359788,9.414691248821322e-14,67657.40687359788,12560.338268822126,867.5444538927729,9.414691248821322e-15,True
843896,254,7,15.858157889895693,18.6320895147834,-61025.74807177164,56,56,2.708748607377742,4.723721144819263,-73524.19925056428,0.0,73524.19925056428,14049.562774014694,653.333961314198,0.0,True
843896,254,8,10.0,21.713207528465016,-28155.684850579673,220,220,6.0,6.0,-48878.927120878056,1.296740492762182e-13,48878.927120878056,5572.700476972008,2601.9280920022525,1.296740492762182e-14,True
843896,254,9,10.0,11.252785588268896,-45986.69415318356,71,71,3.13256444702339,6.0,-61138.620447504014,0.0,61138.620447504014,11317.370900708924,847.873609552665,0.0,True
843896,255,0,32.66070170469061,35.30990503764453,3180239.96768192,250,250,6.0,6.0,85411.16416909696,109217.06261694359,23805.89844784663,0.0,2950.7373059808288,3343.9900833869174,False
843896,255,1,10.0,10.0,-31711.19544701632,70,70,3.207128046778589,5.862495132632444,-75697.3289480581,0.0,75697.3289480581,14276.655287225622,790.0809188810268,0.0,True
843896,255,2,18.56608641203773,13.892441348451465,-21582.279934578663,54,54,2.3782221848931377,4.400505987697088,-63947.671025664895,1279.696607874339,65227.36763353923,12473.894407247953,607.0718855864417,68.92656747760365,True
843896,255,3,10.5,20.24545966702548,-94948.85271081199,167,167,6.0,6.0,-91921.05869912685,13362.96317364467,105284.02187277153,17845.016030574356,1982.367714987467,1272.6631593947304,True
843896,255,4,11.0,10.5,-51699.58803100586,75,75,3.2696671903197827,5.9,-78844.78193915129,0.0,78844.78193915129,14812.49721282024,869.560772920843,0.0,True
843896,255,5,10.0,13.925625447624187,-17437.625980911886,74,74,2.866278651765272,5.580179845317385,-66016.73291011862,0.0,66016.73291011862,12303.42331445966,883.553254037477,0.0,True
843896,255,6,10.0,10.5,-21134.716294715137,75,75,3.366544052695526,6.0,-67657.40687359788,9.414691248821322e-14,67657.40687359788,12560.338268822126,867.5444538927729,9.414691248821322e-15,True
843896,255,7,15.858157889895693,18.6320895147834,-61025.74807177164,56,56,2.708748607377742,4.723721144819263,-73524.19925056428,0.0,73524.19925056428,14049.562774014694,653.333961314198,0.0,True
843896,255,8,10.0,21.713207528465016,-28155.684850579673,220,220,6.0,6.0,-48878.927120878056,1.296740492762182e-13,48878.927120878056,5572.700476972008,2601.9280920022525,1.296740492762182e-14,True
843896,255,9,10.0,11.252785588268896,-45986.69415318356,71,71,3.13256444702339,6.0,-61138.620447504014,0.0,61138.620447504014,11317.370900708924,847.873609552665,0.0,True
843896,256,0,35.92677187515967,38.84089554140899,3252434.3114042007,250,250,6.0,6.0,82204.56760764997,106010.4660554966,23805.89844784663,0.0,2950.7373059808288,2950.7373059808324,False
843896,256,1,10.0,10.0,-31711.19544701632,70,70,3.207128046778589,5.862495132632444,-75697.3289480581,0.0,75697.3289480581,14276.655287225622,790.0809188810268,0.0,True
843896,256,2,18.56608641203773,13.892441348451465,-21582.279934578663,54,54,2.3782221848931377,4.400505987697088,-63947.671025664895,1279.696607874339,65227.36763353923,12473.894407247953,607.0718855864417,68.92656747760365,True
843896,256,3,10.5,20.24545966702548,-94948.85271081199,167,167,6.0,6.0,-91921.05869912685,13362.96317364467,105284.02187277153,17845.016030574356,1982.367714987467,1272.6631593947304,True
843896,256,4,11.0,10.5,-51699.58803100586,75,75,3.2696671903197827,5.9,-78844.78193915129,0.0,78844.78193915129,14812.49721282024,869.560772920843,0.0,True
843896,256,5,10.0,13.925625447624187,-17437.625980911886,74,74,2.866278651765272,5.580179845317385,-66016.73291011862,0.0,66016.73291011862,12303.42331445966,883.553254037477,0.0,True
843896,256,6,10.0,10.5,-21134.716294715137,75,75,3.366544052695526,6.0,-67657.40687359788,9.414691248821322e-14,67657.40687359788,12560.338268822126,867.5444538927729,9.414691248821322e-15,True
843896,256,7,15.858157889895693,18.6320895147834,-61025.74807177164,56,56,2.708748607377742,4.723721144819263,-73524.19925056428,0.0,73524.19925056428,14049.562774014694,653.333961314198,0.0,True
843896,256,8,10.0,21.713207528465016,-28155.684850579673,220,220,6.0,6.0,-48878.927120878056,1.296740492762182e-13,48878.927120878056,5572.700476972008,2601.9280920022525,1.296740492762182e-14,True
843896,256,9,10.0,11.252785588268896,-45986.69415318356,71,71,3.13256444702339,6.0,-61138.620447504014,0.0,61138.620447504014,11317.370900708924,847.873609552665,0.0,True
843896,257,0,39.51944906267564,36.89885076433854,3329071.3783951947,250,250,6.0,6.0,86161.77968203084,110713.85027160989,24552.070589579045,149.23442834648333,2950.7373059808288,2801.5028776343493,False
843896,257,1,10.0,10.0,-31711.19544701632,70,70,3.207128046778589,5.862495132632444,-75697.3289480581,0.0,75697.3289480581,14276.655287225622,790.0809188810268,0.0,True
843896,257,2,18.56608641203773,13.892441348451465,-21582.279934578663,54,54,2.3782221848931377,4.400505987697088,-63947.671025664895,1279.696607874339,65227.36763353923,12473.894407247953,607.0718855864417,68.92656747760365,True
843896,257,3,10.5,20.24545966702548,-94948.85271081199,167,167,6.0,6.0,-91921.05869912685,13362.96317364467,105284.02187277153,17845.016030574356,1982.367714987467,1272.6631593947304,True
843896,257,4,11.0,10.5,-51699.58803100586,75,75,3.2696671903197827,5.9,-78844.78193915129,0.0,78844.78193915129,14812.49721282024,869.560772920843,0.0,True
843896,257,5,10.0,13.925625447624187,-17437.625980911886,74,74,2.866278651765272,5.580179845317385,-66016.73291011862,0.0,66016.73291011862,12303.42331445966,883.553254037477,0.0,True
843896,257,6,10.0,10.5,-21134.716294715137,75,75,3.366544052695526,6.0,-67657.40687359788,9.414691248821322e-14,67657.40687359788,12560.338268822126,867.5444538927729,9.414691248821322e-15,True
843896,257,7,15.858157889895693,18.6320895147834,-61025.74807177164,56,56,2.708748607377742,4.723721144819263,-73524.19925056428,0.0,73524.19925056428,14049.562774014694,653.333961314198,0.0,True
843896,257,8,10.0,21.713207528465016,-28155.684850579673,220,220,6.0,6.0,-48878.927120878056,1.296740492762182e-13,48878.927120878056,5572.700476972008,2601.9280920022525,1.296740492762182e-14,True
843896,257,9,10.0,11.252785588268896,-45986.69415318356,71,71,3.13256444702339,6.0,-61138.620447504014,0.0,61138.620447504014,11317.370900708924,847.873609552665,0.0,True
843896,258,0,35.56750415640808,35.053908226121614,3403054.822779089,250,250,6.0,6.0,83046.92144041475,107272.54470594341,24225.62326552866,83.94496353640541,2950.7373059808288,3016.026770790901,False
843896,258,1,10.0,10.0,-31711.19544701632,70,70,3.207128046778589,5.862495132632444,-75697.3289480581,0.0,75697.3289480581,14276.655287225622,790.0809188810268,0.0,True
843896,258,2,18.56608641203773,13.892441348451465,-21582.279934578663,54,54,2.3782221848931377,4.400505987697088,-63947.671025664895,1279.696607874339,65227.36763353923,12473.894407247953,607.0718855864417,68.92656747760365,True
843896,258,3,10.5,20.24545966702548,-94948.85271081199,167,167,6.0,6.0,-91921.05869912685,13362.96317364467,105284.02187277153,17845.016030574356,1982.367714987467,1272.6631593947304,True
843896,258,4,11.0,10.5,-51699.58803100586,75,75,3.2696671903197827,5.9,-78844.78193915129,0.0,78844.78193915129,14812.49721282024,869.560772920843,0.0,True
843896,258,5,10.0,13.925625447624187,-17437.625980911886,74,74,2.866278651765272,5.580179845317385,-66016.73291011862,0.0,66016.73291011862,12303.42331445966,883.553254037477,0.0,True
843896,258,6,10.0,10.5,-21134.716294715137,75,75,3.366544052695526,6.0,-67657.40687359788,9.414691248821322e-14,67657.40687359788,12560.338268822126,867.5444538927729,9.414691248821322e-15,True
843896,258,7,15.858157889895693,18.6320895147834,-61025.74807177164,56,56,2.708748607377742,4.723721144819263,-73524.19925056428,0.0,73524.19925056428,14049.562774014694,653.333961314198,0.0,True
843896,258,8,10.0,21.713207528465016,-28155.684850579673,220,220,6.0,6.0,-48878.927120878056,1.296740492762182e-13,48878.927120878056,5572.700476972008,2601.9280920022525,1.296740492762182e-14,True
843896,258,9,10.0,11.252785588268896,-45986.69415318356,71,71,3.13256444702339,6.0,-61138.620447504014,0.0,61138.620447504014,11317.370900708924,847.873609552665,0.0,True
843896,259,0,39.12425457204889,33.30121281481553,3471257.270809054,250,250,6.0,6.0,76827.75123362395,102684.22619000476,25856.47495638081,410.11530170683625,2950.7373059808288,2624.566967810406,False
843896,259,1,10.0,10.0,-31711.19544701632,70,70,3.207128046778589,5.862495132632444,-75697.3289480581,0.0,75697.3289480581,14276.655287225622,790.0809188810268,0.0,True
843896,259,2,18.56608641203773,13.892441348451465,-21582.279934578663,54,54,2.3782221848931377,4.400505987697088,-63947.671025664895,1279.696607874339,65227.36763353923,12473.894407247953,607.0718855864417,68.92656747760365,True
843896,259,3,10.5,20.24545966702548,-94948.85271081199,167,167,6.0,6.0,-91921.05869912685,13362.96317364467,105284.02187277153,17845.016030574356,1982.367714987467,1272.6631593947304,True
843896,259,4,11.0,10.5,-51699.58803100586,75,75,3.2696671903197827,5.9,-78844.78193915129,0.0,78844.78193915129,14812.49721282024,869.560772920843,0.0,True
843896,259,5,10.0,13.925625447624187,-17437.625980911886,74,74,2.866278651765272,5.580179845317385,-66016.73291011862,0.0,66016.73291011862,12303.42331445966,883.553254037477,0.0,True
843896,259,6,10.0,10.5,-21134.716294715137,75,75,3.366544052695526,6.0,-67657.40687359788,9.414691248821322e-14,67657.40687359788,12560.338268822126,867.5444538927729,9.414691248821322e-15,True
843896,259,7,15.858157889895693,18.6320895147834,-61025.74807177164,56,56,2.708748607377742,4.723721144819263,-73524.19925056428,0.0,73524.19925056428,14049.562774014694,653.333961314198,0.0,True
843896,259,8,10.0,21.713207528465016,-28155.684850579673,220,220,6.0,6.0,-48878.927120878056,1.296740492762182e-13,48878.927120878056,5572.700476972008,2601.9280920022525,1.296740492762182e-14,True
843896,259,9,10.0,11.252785588268896,-45986.69415318356,71,71,3.13256444702339,6.0,-61138.620447504014,0.0,61138.620447504014,11317.370900708924,847.873609552665,0.0,True
843896,260,0,35.211829114844,31.636152174074752,3535013.8137883674,250,250,6.0,6.0,71965.58102277796,98577.90344191318,26612.322419135224,561.2847942577187,2950.7373059808288,2799.5678134299587,False
843896,260,1,10.0,10.0,-31711.19544701632,70,70,3.207128046778589,5.862495132632444,-75697.3289480581,0.0,75697.3289480581,14276.655287225622,790.0809188810268,0.0,True
843896,260,2,18.56608641203773,13.892441348451465,-21582.279934578663,54,54,2.3782221848931377,4.400505987697088,-63947.671025664895,1279.696607874339,65227.36763353923,12473.894407247953,607.0718855864417,68.92656747760365,True
843896,260,3,10.5,20.24545966702548,-94948.85271081199,167,167,6.0,6.0,-91921.05869912685,13362.96317364467,105284.02187277153,17845.016030574356,1982.367714987467,1272.6631593947304,True
843896,260,4,11.0,10.5,-51699.58803100586,75,75,3.2696671903197827,5.9,-78844.78193915129,0.0,78844.78193915129,14812.49721282024,869.560772920843,0.0,True
843896,260,5,10.0,13.925625447624187,-17437.625980911886,74,74,2.866278651765272,5.580179845317385,-66016.73291011862,0.0,66016.73291011862,12303.42331445966,883.553254037477,0.0,True
843896,260,6,10.0,10.5,-21134.716294715137,75,75,3.366544052695526,6.0,-67657.40687359788,9.414691248821322e-14,67657.40687359788,12560.338268822126,867.5444538927729,9.414691248821322e-15,True
843896,260,7,15.858157889895693,18.6320895147834,-61025.74807177164,56,56,2.708748607377742,4.723721144819263,-73524.19925056428,0.0,73524.19925056428,14049.562774014694,653.333961314198,0.0,True
843896,260,8,10.0,21.713207528465016,-28155.684850579673,220,220,6.0,6.0,-48878.927120878056,1.296740492762182e-13,48878.927120878056,5572.700476972008,2601.9280920022525,1.296740492762182e-14,True
843896,260,9,10.0,11.252785588268896,-45986.69415318356,71,71,3.13256444702339,6.0,-61138.620447504014,0.0,61138.620447504014,11317.370900708924,847.873609552665,0.0,True
843896,261,0,31.690646203359602,30.054344565371014,3598852.128615186,250,250,6.0,6.0,71651.90096810414,97616.44910738611,25964.54813928198,431.72993828706933,2950.7373059808288,3080.292161951483,False
843896,261,1,10.0,10.0,-31711.19544701632,70,70,3.207128046778589,5.862495132632444,-75697.3289480581,0.0,75697.3289480581,14276.655287225622,790.0809188810268,0.0,True
843896,261,2,18.56608641203773,13.892441348451465,-21582.279934578663,54,54,2.3782221848931377,4.400505987697088,-63947.671025664895,1279.696607874339,65227.36763353923,12473.894407247953,607.0718855864417,68.92656747760365,True
843896,261,3,10.5,20.24545966702548,-94948.85271081199,167,167,6.0,6.0,-91921.05869912685,13362.96317364467,105284.02187277153,17845.016030574356,1982.367714987467,1272.6631593947304,True
843896,261,4,11.0,10.5,-51699.58803100586,75,75,3.2696671903197827,5.9,-78844.78193915129,0.0,78844.78193915129,14812.49721282024,869.560772920843,0.0,True
843896,261,5,10.0,13.925625447624187,-17437.625980911886,74,74,2.866278651765272,5.580179845317385,-66016.73291011862,0.0,66016.73291011862,12303.42331445966,883.553254037477,0.0,True
843896,261,6,10.0,10.5,-21134.716294715137,75,75,3.366544052695526,6.0,-67657.40687359788,9.414691248821322e-14,67657.40687359788,12560.338268822126,867.5444538927729,9.414691248821322e-15,True
843896,261,7,15.858157889895693,18.6320895147834,-61025.74807177164,56,56,2.708748607377742,4.723721144819263,-73524.19925056428,0.0,73524.19925056428,14049.562774014694,653.333961314198,0.0,True
843896,261,8,10.0,21.713207528465016,-28155.684850579673,220,220,6.0,6.0,-48878.927120878056,1.296740492762182e-13,48878.927120878056,5572.700476972008,2601.9280920022525,1.296740492762182e-14,True
843896,261,9,10.0,11.252785588268896,-45986.69415318356,71,71,3.13256444702339,6.0,-61138.620447504014,0.0,61138.620447504014,11317.370900708924,847.873609552665,0.0,True
843896,262,0,28.521581583023643,28.551627337102463,3664081.638792381,250,250,6.0,6.0,72667.41701144549,96473.31545929212,23805.89844784663,0.0,2950.7373059808288,3382.4672442679016,False
843896,262,1,10.0,10.0,-31711.19544701632,70,70,3.207128046778589,5.862495132632444,-75697.3289480581,0.0,75697.3289480581,14276.655287225622,790.0809188810268,0.0,True
843896,262,2,18.56608641203773,13.892441348451465,-21582.279934578663,54,54,2.3782221848931377,4.400505987697088,-63947.671025664895,1279.696607874339,65227.36763353923,12473.894407247953,607.0718855864417,68.92656747760365,True
843896,262,3,10.5,20.24545966702548,-94948.85271081199,167,167,6.0,6.0,-91921.05869912685,13362.96317364467,105284.02187277153,17845.016030574356,1982.367714987467,1272.6631593947304,True
843896,262,4,11.0,10.5,-51699.58803100586,75,75,3.2696671903197827,5.9,-78844.78193915129,0.0,78844.78193915129,14812.49721282024,869.560772920843,0.0,True
843896,262,5,10.0,13.925625447624187,-17437.625980911886,74,74,2.866278651765272,5.580179845317385,-66016.73291011862,0.0,66016.73291011862,12303.42331445966,883.553254037477,0.0,True
843896,262,6,10.0,10.5,-21134.716294715137,75,75,3.366544052695526,6.0,-67657.40687359788,9.414691248821322e-14,67657.40687359788,12560.338268822126,867.5444538927729,9.414691248821322e-15,True
843896,262,7,15.858157889895693,18.6320895147834,-61025.74807177164,56,56,2.708748607377742,4.723721144819263,-73524.19925056428,0.0,73524.19925056428,14049.562774014694,653.333961314198,0.0,True
843896,262,8,10.0,21.713207528465016,-28155.684850579673,220,220,6.0,6.0,-48878.927120878056,1.296740492762182e-13,48878.927120878056,5572.700476972008,2601.9280920022525,1.296740492762182e-14,True
843896,262,9,10.0,11.252785588268896,-45986.69415318356,71,71,3.13256444702339,6.0,-61138.620447504014,0.0,61138.620447504014,11317.370900708924,847.873609552665,0.0,True
843896,263,0,31.37373974132601,31.40679007081271,3724699.707109723,250,250,6.0,6.0,68769.76583501697,92575.6642828636,23805.89844784663,0.0,2950.7373059808288,2950.737305980817,False
843896,263,1,10.0,10.0,-31711.19544701632,70,70,3.207128046778589,5.862495132632444,-75697.3289480581,0.0,75697.3289480581,14276.655287225622,790.0809188810268,0.0,True
843896,263,2,18.56608641203773,13.892441348451465,-21582.279934578663,54,54,2.3782221848931377,4.400505987697088,-63947.671025664895,1279.696607874339,65227.36763353923,12473.894407247953,607.0718855864417,68.92656747760365,True
843896,263,3,10.5,20.24545966702548,-94948.85271081199,167,167,6.0,6.0,-91921.05869912685,13362.96317364467,105284.02187277153,17845.016030574356,1982.367714987467,1272.6631593947304,True
843896,263,4,11.0,10.5,-51699.58803100586,75,75,3.2696671903197827,5.9,-78844.78193915129,0.0,78844.78193915129,14812.49721282024,869.560772920843,0.0,True
843896,263,5,10.0,13.925625447624187,-17437.625980911886,74,74,2.866278651765272,5.580179845317385,-66016.73291011862,0.0,66016.73291011862,12303.42331445966,883.553254037477,0.0,True
843896,263,6,10.0,10.5,-21134.716294715137,75,75,3.366544052695526,6.0,-67657.40687359788,9.414691248821322e-14,67657.40687359788,12560.338268822126,867.5444538927729,9.414691248821322e-15,True
843896,263,7,15.858157889895693,18.6320895147834,-61025.74807177164,56,56,2.708748607377742,4.723721144819263,-73524.19925056428,0.0,73524.19925056428,14049.562774014694,653.333961314198,0.0,True
843896,263,8,10.0,21.713207528465016,-28155.684850579673,220,220,6.0,6.0,-48878.927120878056,1.296740492762182e-13,48878.927120878056,5572.700476972008,2601.9280920022525,1.296740492762182e-14,True
843896,263,9,10.0,11.252785588268896,-45986.69415318356,71,71,3.13256444702339,6.0,-61138.620447504014,0.0,61138.620447504014,11317.370900708924,847.873609552665,0.0,True
843896,264,0,34.51111371545861,34.547469077893986,3786003.5794066647,250,250,6.0,6.0,70240.7395664661,95032.00541662305,24791.26585015696,197.07348046206576,2950.7373059808288,2753.66382551877,False
843896,264,1,10.0,10.0,-31711.19544701632,70,70,3.207128046778589,5.862495132632444,-75697.3289480581,0.0,75697.3289480581,14276.655287225622,790.0809188810268,0.0,True
843896,264,2,18.56608641203773,13.892441348451465,-21582.279934578663,54,54,2.3782221848931377,4.400505987697088,-63947.671025664895,1279.696607874339,65227.36763353923,12473.894407247953,607.0718855864417,68.92656747760365,True
843896,264,3,10.5,20.24545966702548,-94948.85271081199,167,167,6.0,6.0,-91921.05869912685,13362.96317364467,105284.02187277153,17845.016030574356,1982.367714987467,1272.6631593947304,True
843896,264,4,11.0,10.5,-51699.58803100586,75,75,3.2696671903197827,5.9,-78844.78193915129,0.0,78844.78193915129,14812.49721282024,869.560772920843,0.0,True
843896,264,5,10.0,13.925625447624187,-17437.625980911886,74,74,2.866278651765272,5.580179845317385,-66016.73291011862,0.0,66016.73291011862,12303.42331445966,883.553254037477,0.0,True
843896,264,6,10.0,10.5,-21134.716294715137,75,75,3.366544052695526,6.0,-67657.40687359788,9.414691248821322e-14,67657.40687359788,12560.338268822126,867.5444538927729,9.414691248821322e-15,True
843896,264,7,15.858157889895693,18.6320895147834,-61025.74807177164,56,56,2.708748607377742,4.723721144819263,-73524.19925056428,0.0,73524.19925056428,14049.562774014694,653.333961314198,0.0,True
843896,264,8,10.0,21.713207528465016,-28155.684850579673,220,220,6.0,6.0,-48878.927120878056,1.296740492762182e-13,48878.927120878056,5572.700476972008,2601.9280920022525,1.296740492762182e-14,True
843896,264,9,10.0,11.252785588268896,-45986.69415318356,71,71,3.13256444702339,6.0,-61138.620447504014,0.0,61138.620447504014,11317.370900708924,847.873609552665,0.0,True
843896,265,0,31.060002343912753,32.820095623999286,3850451.91304436,250,250,6.0,6.0,72953.35754365608,96899.54361599562,23946.186072339544,28.057524898582876,2950.7373059808288,3119.7532615443065,False
843896,265,1,10.0,10.0,-31711.19544701632,70,70,3.207128046778589,5.862495132632444,-75697.3289480581,0.0,75697.3289480581,14276.655287225622,790.0809188810268,0.0,True
843896,265,2,18.56608641203773,13.892441348451465,-21582.279934578663,54,54,2.3782221848931377,4.400505987697088,-63947.671025664895,1279.696607874339,65227.36763353923,12473.894407247953,607.0718855864417,68.92656747760365,True
843896,265,3,10.5,20.24545966702548,-94948.85271081199,167,167,6.0,6.0,-91921.05869912685,13362.96317364467,105284.02187277153,17845.016030574356,1982.367714987467,1272.6631593947304,True
843896,265,4,11.0,10.5,-51699.58803100586,75,75,3.2696671903197827,5.9,-78844.78193915129,0.0,78844.78193915129,14812.49721282024,869.560772920843,0.0,True
843896,265,5,10.0,13.925625447624187,-17437.625980911886,74,74,2.866278651765272,5.580179845317385,-66016.73291011862,0.0,66016.73291011862,12303.42331445966,883.553254037477,0.0,True
843896,265,6,10.0,10.5,-21134.716294715137,75,75,3.366544052695526,6.0,-67657.40687359788,9.414691248821322e-14,67657.40687359788,12560.338268822126,867.5444538927729,9.414691248821322e-15,True
843896,265,7,15.858157889895693,18.6320895147834,-61025.74807177164,56,56,2.708748607377742,4.723721144819263,-73524.19925056428,0.0,73524.19925056428,14049.562774014694,653.333961314198,0.0,True
843896,265,8,10.0,21.713207528465016,-28155.684850579673,220,220,6.0,6.0,-48878.927120878056,1.296740492762182e-13,48878.927120878056,5572.700476972008,2601.9280920022525,1.296740492762182e-14,True
843896,265,9,10.0,11.252785588268896,-45986.69415318356,71,71,3.13256444702339,6.0,-61138.620447504014,0.0,61138.620447504014,11317.370900708924,847.873609552665,0.0,True
843896,266,0,34.16600257830403,36.10210518639922,3915583.2896812493,250,250,6.0,6.0,74456.90293346974,98710.98478779613,24254.081854326396,89.63668129595298,2950.7373059808288,2889.158149583446,False
843896,266,1,10.0,10.0,-31711.19544701632,70,70,3.207128046778589,5.862495132632444,-75697.3289480581,0.0,75697.3289480581,14276.655287225622,790.0809188810268,0.0,True
843896,266,2,18.56608641203773,13.892441348451465,-21582.279934578663,54,54,2.3782221848931377,4.400505987697088,-63947.671025664895,1279.696607874339,65227.36763353923,12473.894407247953,607.0718855864417,68.92656747760365,True
843896,266,3,10.5,20.24545966702548,-94948.85271081199,167,167,6.0,6.0,-91921.05869912685,13362.96317364467,105284.02187277153,17845.016030574356,1982.367714987467,1272.6631593947304,True
843896,266,4,11.0,10.5,-51699.58803100586,75,75,3.2696671903197827,5.9,-78844.78193915129,0.0,78844.78193915129,14812.49721282024,869.560772920843,0.0,True
843896,266,5,10.0,13.925625447624187,-17437.625980911886,74,74,2.866278651765272,5.580179845317385,-66016.73291011862,0.0,66016.73291011862,12303.42331445966,883.553254037477,0.0,True
843896,266,6,10.0,10.5,-21134.716294715137,75,75,3.366544052695526,6.0,-67657.40687359788,9.414691248821322e-14,67657.40687359788,12560.338268822126,867.5444538927729,9.414691248821322e-15,True
843896,266,7,15.858157889895693,18.6320895147834,-61025.74807177164,56,56,2.708748607377742,4.723721144819263,-73524.19925056428,0.0,73524.19925056428,14049.562774014694,653.333961314198,0.0,True
843896,266,8,10.0,21.713207528465016,-28155.684850579673,220,220,6.0,6.0,-48878.927120878056,1.296740492762182e-13,48878.927120878056,5572.700476972008,2601.9280920022525,1.296740492762182e-14,True
843896,266,9,10.0,11.252785588268896,-45986.69415318356,71,71,3.13256444702339,6.0,-61138.620447504014,0.0,61138.620447504014,11317.370900708924,847.873609552665,0.0,True
843896,267,0,37.582602836134434,34.296999927079256,3979450.1449679057,250,250,6.0,6.0,72741.10526844248,98627.45008884076,25886.34482039828,416.08927451033026,2950.7373059808288,2624.2847127664536,False
843896,267,1,10.0,10.0,-31711.19544701632,70,70,3.207128046778589,5.862495132632444,-75697.3289480581,0.0,75697.3289480581,14276.655287225622,790.0809188810268,0.0,True
843896,267,2,18.56608641203773,13.892441348451465,-21582.279934578663,54,54,2.3782221848931377,4.400505987697088,-63947.671025664895,1279.696607874339,65227.36763353923,12473.894407247953,607.0718855864417,68.92656747760365,True
843896,267,3,10.5,20.24545966702548,-94948.85271081199,167,167,6.0,6.0,-91921.05869912685,13362.96317364467,105284.02187277153,17845.016030574356,1982.367714987467,1272.6631593947304,True
843896,267,4,11.0,10.5,-51699.58803100586,75,75,3.2696671903197827,5.9,-78844.78193915129,0.0,78844.78193915129,14812.49721282024,869.560772920843,0.0,True
843896,267,5,10.0,13.925625447624187,-17437.625980911886,74,74,2.866278651765272,5.580179845317385,-66016.73291011862,0.0,66016.73291011862,12303.42331445966,883.553254037477,0.0,True
843896,267,6,10.0,10.5,-21134.716294715137,75,75,3.366544052695526,6.0,-67657.40687359788,9.414691248821322e-14,67657.40687359788,12560.338268822126,867.5444538927729,9.414691248821322e-15,True
843896,267,7,15.858157889895693,18.6320895147834,-61025.74807177164,56,56,2.708748607377742,4.723721144819263,-73524.19925056428,0.0,73524.19925056428,14049.562774014694,653.333961314198,0.0,True
843896,267,8,10.0,21.713207528465016,-28155.684850579673,220,220,6.0,6.0,-48878.927120878056,1.296740492762182e-13,48878.927120878056,5572.700476972008,2601.9280920022525,1.296740492762182e-14,True
843896,267,9,10.0,11.252785588268896,-45986.69415318356,71,71,3.13256444702339,6.0,-61138.620447504014,0.0,61138.620447504014,11317.370900708924,847.873609552665,0.0,True
843896,268,0,33.82434255252099,32.58214993072529,4042148.1183879594,250,250,6.0,6.0,71143.51090274485,97387.47848173833,26243.967578993488,487.61382622937134,2950.7373059808288,2879.212754261793,False
843896,268,1,10.0,10.0,-31711.19544701632,70,70,3.207128046778589,5.862495132632444,-75697.3289480581,0.0,75697.3289480581,14276.655287225622,790.0809188810268,0.0,True
843896,268,2,18.56608641203773,13.892441348451465,-21582.279934578663,54,54,2.3782221848931377,4.400505987697088,-63947.671025664895,1279.696607874339,65227.36763353923,12473.894407247953,607.0718855864417,68.92656747760365,True
843896,268,3,10.5,20.24545966702548,-94948.85271081199,167,167,6.0,6.0,-91921.05869912685,13362.96317364467,105284.02187277153,17845.016030574356,1982.367714987467,1272.6631593947304,True
843896,268,4,11.0,10.5,-51699.58803100586,75,75,3.2696671903197827,5.9,-78844.78193915129,0.0,78844.78193915129,14812.49721282024,869.560772920843,0.0,True
843896,268,5,10.0,13.925625447624187,-17437.625980911886,74,74,2.866278651765272,5.580179845317385,-66016.73291011862,0.0,66016.73291011862,12303.42331445966,883.553254037477,0.0,True
843896,268,6,10.0,10.5,-21134.716294715137,75,75,3.366544052695526,6.0,-67657.40687359788,9.414691248821322e-14,67657.40687359788,12560.338268822126,867.5444538927729,9.414691248821322e-15,True
843896,268,7,15.858157889895693,18.6320895147834,-61025.74807177164,56,56,2.708748607377742,4.723721144819263,-73524.19925056428,0.0,73524.19925056428,14049.562774014694,653.333961314198,0.0,True
843896,268,8,10.0,21.713207528465016,-28155.684850579673,220,220,6.0,6.0,-48878.927120878056,1.296740492762182e-13,48878.927120878056,5572.700476972008,2601.9280920022525,1.296740492762182e-14,True
843896,268,9,10.0,11.252785588268896,-45986.69415318356,71,71,3.13256444702339,6.0,-61138.620447504014,0.0,61138.620447504014,11317.370900708924,847.873609552665,0.0,True
843896,269,0,30.441908297268892,30.953042434189026,4105777.175074883,250,250,6.0,6.0,71667.31729543884,96770.6563382064,25103.33904276757,259.4881189841875,2950.7373059808288,3178.8630132260214,False
843896,269,1,10.0,10.0,-31711.19544701632,70,70,3.207128046778589,5.862495132632444,-75697.3289480581,0.0,75697.3289480581,14276.655287225622,790.0809188810268,0.0,True
843896,269,2,18.56608641203773,13.892441348451465,-21582.279934578663,54,54,2.3782221848931377,4.400505987697088,-63947.671025664895,1279.696607874339,65227.36763353923,12473.894407247953,607.0718855864417,68.92656747760365,True
843896,269,3,10.5,20.24545966702548,-94948.85271081199,167,167,6.0,6.0,-91921.05869912685,13362.96317364467,105284.02187277153,17845.016030574356,1982.367714987467,1272.6631593947304,True
843896,269,4,11.0,10.5,-51699.58803100586,75,75,3.2696671903197827,5.9,-78844.78193915129,0.0,78844.78193915129,14812.49721282024,869.560772920843,0.0,True
843896,269,5,10.0,13.925625447624187,-17437.625980911886,74,74,2.866278651765272,5.580179845317385,-66016.73291011862,0.0,66016.73291011862,12303.42331445966,883.553254037477,0.0,True
843896,269,6,10.0,10.5,-21134.716294715137,75,75,3.366544052695526,6.0,-67657.40687359788,9.414691248821322e-14,67657.40687359788,12560.338268822126,867.5444538927729,9.414691248821322e-15,True
843896,269,7,15.858157889895693,18.6320895147834,-61025.74807177164,56,56,2.708748607377742,4.723721144819263,-73524.19925056428,0.0,73524.19925056428,14049.562774014694,653.333961314198,0.0,True
843896,269,8,10.0,21.713207528465016,-28155.684850579673,220,220,6.0,6.0,-48878.927120878056,1.296740492762182e-13,48878.927120878056,5572.700476972008,2601.9280920022525,1.296740492762182e-14,True
843896,269,9,10.0,11.252785588268896,-45986.69415318356,71,71,3.13256444702339,6.0,-61138.620447504014,0.0,61138.620447504014,11317.370900708924,847.873609552665,0.0,True
843896,270,0,27.397717467542,29.40539031247957,4162272.7782492405,250,250,6.0,6.0,64146.95075246507,87952.8492003117,23805.89844784663,0.0,2950.7373059808288,3210.2254249650246,False
843896,270,1,10.0,10.0,-31711.19544701632,70,70,3.207128046778589,5.862495132632444,-75697.3289480581,0.0,75697.3289480581,14276.655287225622,790.0809188810268,0.0,True
843896,270,2,18.56608641203773,13.892441348451465,-21582.279934578663,54,54,2.3782221848931377,4.400505987697088,-63947.671025664895,1279.696607874339,65227.36763353923,12473.894407247953,607.0718855864417,68.92656747760365,True
843896,270,3,10.5,20.24545966702548,-94948.85271081199,167,167,6.0,6.0,-91921.05869912685,13362.96317364467,105284.02187277153,17845.016030574356,1982.367714987467,1272.6631593947304,True
843896,270,4,11.0,10.5,-51699.58803100586,75,75,3.2696671903197827,5.9,-78844.78193915129,0.0,78844.78193915129,14812.49721282024,869.560772920843,0.0,True
843896,270,5,10.0,13.925625447624187,-17437.625980911886,74,74,2.866278651765272,5.580179845317385,-66016.73291011862,0.0,66016.73291011862,12303.42331445966,883.553254037477,0.0,True
843896,270,6,10.0,10.5,-21134.716294715137,75,75,3.366544052695526,6.0,-67657.40687359788,9.414691248821322e-14,67657.40687359788,12560.338268822126,867.5444538927729,9.414691248821322e-15,True
843896,270,7,15.858157889895693,18.6320895147834,-61025.74807177164,56,56,2.708748607377742,4.723721144819263,-73524.19925056428,0.0,73524.19925056428,14049.562774014694,653.333961314198,0.0,True
843896,270,8,10.0,21.713207528465016,-28155.684850579673,220,220,6.0,6.0,-48878.927120878056,1.296740492762182e-13,48878.927120878056,5572.700476972008,2601.9280920022525,1.296740492762182e-14,True
843896,270,9,10.0,11.252785588268896,-45986.69415318356,71,71,3.13256444702339,6.0,-61138.620447504014,0.0,61138.620447504014,11317.370900708924,847.873609552665,0.0,True
843896,271,0,30.137489214296203,32.34592934372753,4219008.211198683,250,250,6.0,6.0,65121.91528537184,88927.81373321847,23805.89844784663,0.0,2950.7373059808288,2950.7373059808224,False
843896,271,1,10.0,10.0,-31711.19544701632,70,70,3.207128046778589,5.862495132632444,-75697.3289480581,0.0,75697.3289480581,14276.655287225622,790.0809188810268,0.0,True
843896,271,2,18.56608641203773,13.892441348451465,-21582.279934578663,54,54,2.3782221848931377,4.400505987697088,-63947.671025664895,1279.696607874339,65227.36763353923,12473.894407247953,607.0718855864417,68.92656747760365,True
843896,271,3,10.5,20.24545966702548,-94948.85271081199,167,167,6.0,6.0,-91921.05869912685,13362.96317364467,105284.02187277153,17845.016030574356,1982.367714987467,1272.6631593947304,True
843896,271,4,11.0,10.5,-51699.58803100586,75,75,3.2696671903197827,5.9,-78844.78193915129,0.0,78844.78193915129,14812.49721282024,869.560772920843,0.0,True
843896,271,5,10.0,13.925625447624187,-17437.625980911886,74,74,2.866278651765272,5.580179845317385,-66016.73291011862,0.0,66016.73291011862,12303.42331445966,883.553254037477,0.0,True
843896,271,6,10.0,10.5,-21134.716294715137,75,75,3.366544052695526,6.0,-67657.40687359788,9.414691248821322e-14,67657.40687359788,12560.338268822126,867.5444538927729,9.414691248821322e-15,True
843896,271,7,15.858157889895693,18.6320895147834,-61025.74807177164,56,56,2.708748607377742,4.723721144819263,-73524.19925056428,0.0,73524.19925056428,14049.562774014694,653.333961314198,0.0,True
843896,271,8,10.0,21.713207528465016,-28155.684850579673,220,220,6.0,6.0,-48878.927120878056,1.296740492762182e-13,48878.927120878056,5572.700476972008,2601.9280920022525,1.296740492762182e-14,True
843896,271,9,10.0,11.252785588268896,-45986.69415318356,71,71,3.13256444702339,6.0,-61138.620447504014,0.0,61138.620447504014,11317.370900708924,847.873609552665,0.0,True
843896,272,0,33.151238135725826,35.58052227810029,4283827.777287796,250,250,6.0,6.0,74014.69665869388,97820.59510654051,23805.89844784663,0.0,2950.7373059808288,2950.737305980828,False
843896,272,1,10.0,10.0,-31711.19544701632,70,70,3.207128046778589,5.862495132632444,-75697.3289480581,0.0,75697.3289480581,14276.655287225622,790.0809188810268,0.0,True
843896,272,2,18.56608641203773,13.892441348451465,-21582.279934578663,54,54,2.3782221848931377,4.400505987697088,-63947.671025664895,1279.696607874339,65227.36763353923,12473.894407247953,607.0718855864417,68.92656747760365,True
843896,272,3,10.5,20.24545966702548,-94948.85271081199,167,167,6.0,6.0,-91921.05869912685,13362.96317364467,105284.02187277153,17845.016030574356,1982.367714987467,1272.6631593947304,True
843896,272,4,11.0,10.5,-51699.58803100586,75,75,3.2696671903197827,5.9,-78844.78193915129,0.0,78844.78193915129,14812.49721282024,869.560772920843,0.0,True
843896,272,5,10.0,13.925625447624187,-17437.625980911886,74,74,2.866278651765272,5.580179845317385,-66016.73291011862,0.0,66016.73291011862,12303.42331445966,883.553254037477,0.0,True
843896,272,6,10.0,10.5,-21134.716294715137,75,75,3.366544052695526,6.0,-67657.40687359788,9.414691248821322e-14,67657.40687359788,12560.338268822126,867.5444538927729,9.414691248821322e-15,True
843896,272,7,15.858157889895693,18.6320895147834,-61025.74807177164,56,56,2.708748607377742,4.723721144819263,-73524.19925056428,0.0,73524.19925056428,14049.562774014694,653.333961314198,0.0,True
843896,272,8,10.0,21.713207528465016,-28155.684850579673,220,220,6.0,6.0,-48878.927120878056,1.296740492762182e-13,48878.927120878056,5572.700476972008,2601.9280920022525,1.296740492762182e-14,True
843896,272,9,10.0,11.252785588268896,-45986.69415318356,71,71,3.13256444702339,6.0,-61138.620447504014,0.0,61138.620447504014,11317.370900708924,847.873609552665,0.0,True
843896,273,0,36.46636194929841,39.13857450591032,4357234.415473848,250,250,6.0,6.0,83491.28181259095,107334.01425580111,23842.732443210167,7.366799072707339,2950.7373059808288,2943.370506908111,False
843896,273,1,10.0,10.0,-31711.19544701632,70,70,3.207128046778589,5.862495132632444,-75697.3289480581,0.0,75697.3289480581,14276.655287225622,790.0809188810268,0.0,True
843896,273,2,18.56608641203773,13.892441348451465,-21582.279934578663,54,54,2.3782221848931377,4.400505987697088,-63947.671025664895,1279.696607874339,65227.36763353923,12473.894407247953,607.0718855864417,68.92656747760365,True
843896,273,3,10.5,20.24545966702548,-94948.85271081199,167,167,6.0,6.0,-91921.05869912685,13362.96317364467,105284.02187277153,17845.016030574356,1982.367714987467,1272.6631593947304,True
843896,273,4,11.0,10.5,-51699.58803100586,75,75,3.2696671903197827,5.9,-78844.78193915129,0.0,78844.78193915129,14812.49721282024,869.560772920843,0.0,True
843896,273,5,10.0,13.925625447624187,-17437.625980911886,74,74,2.866278651765272,5.580179845317385,-66016.73291011862,0.0,66016.73291011862,12303.42331445966,883.553254037477,0.0,True
843896,273,6,10.0,10.5,-21134.716294715137,75,75,3.366544052695526,6.0,-67657.40687359788,9.414691248821322e-14,67657.40687359788,12560.338268822126,867.5444538927729,9.414691248821322e-15,True
843896,273,7,15.858157889895693,18.6320895147834,-61025.74807177164,56,56,2.708748607377742,4.723721144819263,-73524.19925056428,0.0,73524.19925056428,14049.562774014694,653.333961314198,0.0,True
843896,273,8,10.0,21.713207528465016,-28155.684850579673,220,220,6.0,6.0,-48878.927120878056,1.296740492762182e-13,48878.927120878056,5572.700476972008,2601.9280920022525,1.296740492762182e-14,True
843896,273,9,10.0,11.252785588268896,-45986.69415318356,71,71,3.13256444702339,6.0,-61138.620447504014,0.0,61138.620447504014,11317.370900708924,847.873609552665,0.0,True
843896,274,0,40.11299814422826,43.05243195650136,4435419.729921173,250,250,6.0,6.0,89248.42243654141,113675.4393893189,24427.016952777478,124.22370098616922,2950.7373059808288,2833.8804040673617,False
843896,274,1,10.0,10.0,-31711.19544701632,70,70,3.207128046778589,5.862495132632444,-75697.3289480581,0.0,75697.3289480581,14276.655287225622,790.0809188810268,0.0,True
843896,274,2,18.56608641203773,13.892441348451465,-21582.279934578663,54,54,2.3782221848931377,4.400505987697088,-63947.671025664895,1279.696607874339,65227.36763353923,12473.894407247953,607.0718855864417,68.92656747760365,True
843896,274,3,10.5,20.24545966702548,-94948.85271081199,167,167,6.0,6.0,-91921.05869912685,13362.96317364467,105284.02187277153,17845.016030574356,1982.367714987467,1272.6631593947304,True
843896,274,4,11.0,10.5,-51699.58803100586,75,75,3.2696671903197827,5.9,-78844.78193915129,0.0,78844.78193915129,14812.49721282024,869.560772920843,0.0,True
843896,274,5,10.0,13.925625447624187,-17437.625980911886,74,74,2.866278651765272,5.580179845317385,-66016.73291011862,0.0,66016.73291011862,12303.42331445966,883.553254037477,0.0,True
843896,274,6,10.0,10.5,-21134.716294715137,75,75,3.366544052695526,6.0,-67657.40687359788,9.414691248821322e-14,67657.40687359788,12560.338268822126,867.5444538927729,9.414691248821322e-15,True
843896,274,7,15.858157889895693,18.6320895147834,-61025.74807177164,56,56,2.708748607377742,4.723721144819263,-73524.19925056428,0.0,73524.19925056428,14049.562774014694,653.333961314198,0.0,True
843896,274,8,10.0,21.713207528465016,-28155.684850579673,220,220,6.0,6.0,-48878.927120878056,1.296740492762182e-13,48878.927120878056,5572.700476972008,2601.9280920022525,1.296740492762182e-14,True
843896,274,9,10.0,11.252785588268896,-45986.69415318356,71,71,3.13256444702339,6.0,-61138.620447504014,0.0,61138.620447504014,11317.370900708924,847.873609552665,0.0,True
843896,275,0,36.10169832980543,40.89981035867629,4512100.193533043,250,250,6.0,6.0,87205.41620159047,111011.3146494371,23805.89844784663,0.0,2950.7373059808288,3074.9610069669925,False
843896,275,1,10.0,10.0,-31711.19544701632,70,70,3.207128046778589,5.862495132632444,-75697.3289480581,0.0,75697.3289480581,14276.655287225622,790.0809188810268,0.0,True
843896,275,2,18.56608641203773,13.892441348451465,-21582.279934578663,54,54,2.3782221848931377,4.400505987697088,-63947.671025664895,1279.696607874339,65227.36763353923,12473.894407247953,607.0718855864417,68.92656747760365,True
843896,275,3,10.5,20.24545966702548,-94948.85271081199,167,167,6.0,6.0,-91921.05869912685,13362.96317364467,105284.02187277153,17845.016030574356,1982.367714987467,1272.6631593947304,True
843896,275,4,11.0,10.5,-51699.58803100586,75,75,3.2696671903197827,5.9,-78844.78193915129,0.0,78844.78193915129,14812.49721282024,869.560772920843,0.0,True
843896,275,5,10.0,13.925625447624187,-17437.625980911886,74,74,2.866278651765272,5.580179845317385,-66016.73291011862,0.0,66016.73291011862,12303.42331445966,883.553254037477,0.0,True
843896,275,6,10.0,10.5,-21134.716294715137,75,75,3.366544052695526,6.0,-67657.40687359788,9.414691248821322e-14,67657.40687359788,12560.338268822126,867.5444538927729,9.414691248821322e-15,True
843896,275,7,15.858157889895693,18.6320895147834,-61025.74807177164,56,56,2.708748607377742,4.723721144819263,-73524.19925056428,0.0,73524.19925056428,14049.562774014694,653.333961314198,0.0,True
843896,275,8,10.0,21.713207528465016,-28155.684850579673,220,220,6.0,6.0,-48878.927120878056,1.296740492762182e-13,48878.927120878056,5572.700476972008,2601.9280920022525,1.296740492762182e-14,True
843896,275,9,10.0,11.252785588268896,-45986.69415318356,71,71,3.13256444702339,6.0,-61138.620447504014,0.0,61138.620447504014,11317.370900708924,847.873609552665,0.0,True
843896,276,0,39.711868162785976,44.98979139454392,4593926.138114769,250,250,6.0,6.0,93373.39243027818,117179.29087812481,23805.89844784663,0.0,2950.7373059808288,2950.7373059808256,False
843896,276,1,10.0,10.0,-31711.19544701632,70,70,3.207128046778589,5.862495132632444,-75697.3289480581,0.0,75697.3289480581,14276.655287225622,790.0809188810268,0.0,True
843896,276,2,18.56608641203773,13.892441348451465,-21582.279934578663,54,54,2.3782221848931377,4.400505987697088,-63947.671025664895,1279.696607874339,65227.36763353923,12473.894407247953,607.0718855864417,68.92656747760365,True
843896,276,3,10.5,20.24545966702548,-94948.85271081199,167,167,6.0,6.0,-91921.05869912685,13362.96317364467,105284.02187277153,17845.016030574356,1982.367714987467,1272.6631593947304,True
843896,276,4,11.0,10.5,-51699.58803100586,75,75,3.2696671903197827,5.9,-78844.78193915129,0.0,78844.78193915129,14812.49721282024,869.560772920843,0.0,True
843896,276,5,10.0,13.925625447624187,-17437.625980911886,74,74,2.866278651765272,5.580179845317385,-66016.73291011862,0.0,66016.73291011862,12303.42331445966,883.553254037477,0.0,True
843896,276,6,10.0,10.5,-21134.716294715137,75,75,3.366544052695526,6.0,-67657.40687359788,9.414691248821322e-14,67657.40687359788,12560.338268822126,867.5444538927729,9.414691248821322e-15,True
843896,276,7,15.858157889895693,18.6320895147834,-61025.74807177164,56,56,2.708748607377742,4.723721144819263,-73524.19925056428,0.0,73524.19925056428,14049.562774014694,653.333961314198,0.0,True
843896,276,8,10.0,21.713207528465016,-28155.684850579673,220,220,6.0,6.0,-48878.927120878056,1.296740492762182e-13,48878.927120878056,5572.700476972008,2601.9280920022525,1.296740492762182e-14,True
843896,276,9,10.0,11.252785588268896,-45986.69415318356,71,71,3.13256444702339,6.0,-61138.620447504014,0.0,61138.620447504014,11317.370900708924,847.873609552665,0.0,True
843896,277,0,43.68305497906458,49.48877053399832,4686345.266999289,250,250,6.0,6.0,105091.32151809114,128897.21996593777,23805.89844784663,0.0,2950.7373059808288,2950.737305980836,False
843896,277,1,10.0,10.0,-31711.19544701632,70,70,3.207128046778589,5.862495132632444,-75697.3289480581,0.0,75697.3289480581,14276.655287225622,790.0809188810268,0.0,True
843896,277,2,18.56608641203773,13.892441348451465,-21582.279934578663,54,54,2.3782221848931377,4.400505987697088,-63947.671025664895,1279.696607874339,65227.36763353923,12473.894407247953,607.0718855864417,68.92656747760365,True
843896,277,3,10.5,20.24545966702548,-94948.85271081199,167,167,6.0,6.0,-91921.05869912685,13362.96317364467,105284.02187277153,17845.016030574356,1982.367714987467,1272.6631593947304,True
843896,277,4,11.0,10.5,-51699.58803100586,75,75,3.2696671903197827,5.9,-78844.78193915129,0.0,78844.78193915129,14812.49721282024,869.560772920843,0.0,True
843896,277,5,10.0,13.925625447624187,-17437.625980911886,74,74,2.866278651765272,5.580179845317385,-66016.73291011862,0.0,66016.73291011862,12303.42331445966,883.553254037477,0.0,True
843896,277,6,10.0,10.5,-21134.716294715137,75,75,3.366544052695526,6.0,-67657.40687359788,9.414691248821322e-14,67657.40687359788,12560.338268822126,867.5444538927729,9.414691248821322e-15,True
843896,277,7,15.858157889895693,18.6320895147834,-61025.74807177164,56,56,2.708748607377742,4.723721144819263,-73524.19925056428,0.0,73524.19925056428,14049.562774014694,653.333961314198,0.0,True
843896,277,8,10.0,21.713207528465016,-28155.684850579673,220,220,6.0,6.0,-48878.927120878056,1.296740492762182e-13,48878.927120878056,5572.700476972008,2601.9280920022525,1.296740492762182e-14,True
843896,277,9,10.0,11.252785588268896,-45986.69415318356,71,71,3.13256444702339,6.0,-61138.620447504014,0.0,61138.620447504014,11317.370900708924,847.873609552665,0.0,True
843896,278,0,48.05136047697104,47.0143320072984,4783381.600059805,250,250,6.0,6.0,109089.91606242053,133733.7880676205,24643.872005199984,167.59471147067066,2950.7373059808288,2783.1425945101673,False
843896,278,1,10.0,10.0,-31711.19544701632,70,70,3.207128046778589,5.862495132632444,-75697.3289480581,0.0,75697.3289480581,14276.655287225622,790.0809188810268,0.0,True
843896,278,2,18.56608641203773,13.892441348451465,-21582.279934578663,54,54,2.3782221848931377,4.400505987697088,-63947.671025664895,1279.696607874339,65227.36763353923,12473.894407247953,607.0718855864417,68.92656747760365,True
843896,278,3,10.5,20.24545966702548,-94948.85271081199,167,167,6.0,6.0,-91921.05869912685,13362.96317364467,105284.02187277153,17845.016030574356,1982.367714987467,1272.6631593947304,True
843896,278,4,11.0,10.5,-51699.58803100586,75,75,3.2696671903197827,5.9,-78844.78193915129,0.0,78844.78193915129,14812.49721282024,869.560772920843,0.0,True
843896,278,5,10.0,13.925625447624187,-17437.625980911886,74,74,2.866278651765272,5.580179845317385,-66016.73291011862,0.0,66016.73291011862,12303.42331445966,883.553254037477,0.0,True
843896,278,6,10.0,10.5,-21134.716294715137,75,75,3.366544052695526,6.0,-67657.40687359788,9.414691248821322e-14,67657.40687359788,12560.338268822126,867.5444538927729,9.414691248821322e-15,True
843896,278,7,15.858157889895693,18.6320895147834,-61025.74807177164,56,56,2.708748607377742,4.723721144819263,-73524.19925056428,0.0,73524.19925056428,14049.562774014694,653.333961314198,0.0,True
843896,278,8,10.0,21.713207528465016,-28155.684850579673,220,220,6.0,6.0,-48878.927120878056,1.296740492762182e-13,48878.927120878056,5572.700476972008,2601.9280920022525,1.296740492762182e-14,True
843896,278,9,10.0,11.252785588268896,-45986.69415318356,71,71,3.13256444702339,6.0,-61138.620447504014,0.0,61138.620447504014,11317.370900708924,847.873609552665,0.0,True
843896,279,0,43.24622442927394,44.66361540693348,4879912.136538419,250,250,6.0,6.0,107996.44033023632,132118.8140598008,24122.37372956447,63.295056343568426,2950.7373059808288,3055.036961107935,False
843896,279,1,10.0,10.0,-31711.19544701632,70,70,3.207128046778589,5.862495132632444,-75697.3289480581,0.0,75697.3289480581,14276.655287225622,790.0809188810268,0.0,True
843896,279,2,18.56608641203773,13.892441348451465,-21582.279934578663,54,54,2.3782221848931377,4.400505987697088,-63947.671025664895,1279.696607874339,65227.36763353923,12473.894407247953,607.0718855864417,68.92656747760365,True
843896,279,3,10.5,20.24545966702548,-94948.85271081199,167,167,6.0,6.0,-91921.05869912685,13362.96317364467,105284.02187277153,17845.016030574356,1982.367714987467,1272.6631593947304,True
843896,279,4,11.0,10.5,-51699.58803100586,75,75,3.2696671903197827,5.9,-78844.78193915129,0.0,78844.78193915129,14812.49721282024,869.560772920843,0.0,True
843896,279,5,10.0,13.925625447624187,-17437.625980911886,74,74,2.866278651765272,5.580179845317385,-66016.73291011862,0.0,66016.73291011862,12303.42331445966,883.553254037477,0.0,True
843896,279,6,10.0,10.5,-21134.716294715137,75,75,3.366544052695526,6.0,-67657.40687359788,9.414691248821322e-14,67657.40687359788,12560.338268822126,867.5444538927729,9.414691248821322e-15,True
843896,279,7,15.858157889895693,18.6320895147834,-61025.74807177164,56,56,2.708748607377742,4.723721144819263,-73524.19925056428,0.0,73524.19925056428,14049.562774014694,653.333961314198,0.0,True
843896,279,8,10.0,21.713207528465016,-28155.684850579673,220,220,6.0,6.0,-48878.927120878056,1.296740492762182e-13,48878.927120878056,5572.700476972008,2601.9280920022525,1.296740492762182e-14,True
843896,279,9,10.0,11.252785588268896,-45986.69415318356,71,71,3.13256444702339,6.0,-61138.620447504014,0.0,61138.620447504014,11317.370900708924,847.873609552665,0.0,True
843896,280,0,47.57084687220134,42.4304346365868,4970816.108525118,250,250,6.0,6.0,101811.58064589139,127306.87482721698,25495.294181325593,337.87914669579243,2950.7373059808288,2676.1532156285925,False
843896,280,1,10.0,10.0,-31711.19544701632,70,70,3.207128046778589,5.862495132632444,-75697.3289480581,0.0,75697.3289480581,14276.655287225622,790.0809188810268,0.0,True
843896,280,2,18.56608641203773,13.892441348451465,-21582.279934578663,54,54,2.3782221848931377,4.400505987697088,-63947.671025664895,1279.696607874339,65227.36763353923,12473.894407247953,607.0718855864417,68.92656747760365,True
843896,280,3,10.5,20.24545966702548,-94948.85271081199,167,167,6.0,6.0,-91921.05869912685,13362.96317364467,105284.02187277153,17845.016030574356,1982.367714987467,1272.6631593947304,True
843896,280,4,11.0,10.5,-51699.58803100586,75,75,3.2696671903197827,5.9,-78844.78193915129,0.0,78844.78193915129,14812.49721282024,869.560772920843,0.0,True
843896,280,5,10.0,13.925625447624187,-17437.625980911886,74,74,2.866278651765272,5.580179845317385,-66016.73291011862,0.0,66016.73291011862,12303.42331445966,883.553254037477,0.0,True
843896,280,6,10.0,10.5,-21134.716294715137,75,75,3.366544052695526,6.0,-67657.40687359788,9.414691248821322e-14,67657.40687359788,12560.338268822126,867.5444538927729,9.414691248821322e-15,True
843896,280,7,15.858157889895693,18.6320895147834,-61025.74807177164,56,56,2.708748607377742,4.723721144819263,-73524.19925056428,0.0,73524.19925056428,14049.562774014694,653.333961314198,0.0,True
843896,280,8,10.0,21.713207528465016,-28155.684850579673,220,220,6.0,6.0,-48878.927120878056,1.296740492762182e-13,48878.927120878056,5572.700476972008,2601.9280920022525,1.296740492762182e-14,True
843896,280,9,10.0,11.252785588268896,-45986.69415318356,71,71,3.13256444702339,6.0,-61138.620447504014,0.0,61138.620447504014,11317.370900708924,847.873609552665,0.0,True
843896,281,0,42.8137621849812,40.30891290475746,5058464.638198194,250,250,6.0,6.0,98025.75789930995,123815.01694341963,25789.25904410968,396.67211925261023,2950.7373059808288,2891.944333424012,False
843896,281,1,10.0,10.0,-31711.19544701632,70,70,3.207128046778589,5.862495132632444,-75697.3289480581,0.0,75697.3289480581,14276.655287225622,790.0809188810268,0.0,True
843896,281,2,18.56608641203773,13.892441348451465,-21582.279934578663,54,54,2.3782221848931377,4.400505987697088,-63947.671025664895,1279.696607874339,65227.36763353923,12473.894407247953,607.0718855864417,68.92656747760365,True
843896,281,3,10.5,20.24545966702548,-94948.85271081199,167,167,6.0,6.0,-91921.05869912685,13362.96317364467,105284.02187277153,17845.016030574356,1982.367714987467,1272.6631593947304,True
843896,281,4,11.0,10.5,-51699.58803100586,75,75,3.2696671903197827,5.9,-78844.78193915129,0.0,78844.78193915129,14812.49721282024,869.560772920843,0.0,True
843896,281,5,10.0,13.925625447624187,-17437.625980911886,74,74,2.866278651765272,5.580179845317385,-66016.73291011862,0.0,66016.73291011862,12303.42331445966,883.553254037477,0.0,True
843896,281,6,10.0,10.5,-21134.716294715137,75,75,3.366544052695526,6.0,-67657.40687359788,9.414691248821322e-14,67657.40687359788,12560.338268822126,867.5444538927729,9.414691248821322e-15,True
843896,281,7,15.858157889895693,18.6320895147834,-61025.74807177164,56,56,2.708748607377742,4.723721144819263,-73524.19925056428,0.0,73524.19925056428,14049.562774014694,653.333961314198,0.0,True
843896,281,8,10.0,21.713207528465016,-28155.684850579673,220,220,6.0,6.0,-48878.927120878056,1.296740492762182e-13,48878.927120878056,5572.700476972008,2601.9280920022525,1.296740492762182e-14,True
843896,281,9,10.0,11.252785588268896,-45986.69415318356,71,71,3.13256444702339,6.0,-61138.620447504014,0.0,61138.620447504014,11317.370900708924,847.873609552665,0.0,True
843896,282,0,38.53238596648308,38.29346725951959,5143420.642167614,250,250,6.0,6.0,94829.37078441138,119823.85590157678,24994.485117165405,237.71733386375462,2950.7373059808288,3109.6920913696877,False
843896,282,1,10.0,10.0,-31711.19544701632,70,70,3.207128046778589,5.862495132632444,-75697.3289480581,0.0,75697.3289480581,14276.655287225622,790.0809188810268,0.0,True
843896,282,2,18.56608641203773,13.892441348451465,-21582.279934578663,54,54,2.3782221848931377,4.400505987697088,-63947.671025664895,1279.696607874339,65227.36763353923,12473.894407247953,607.0718855864417,68.92656747760365,True
843896,282,3,10.5,20.24545966702548,-94948.85271081199,167,167,6.0,6.0,-91921.05869912685,13362.96317364467,105284.02187277153,17845.016030574356,1982.367714987467,1272.6631593947304,True
843896,282,4,11.0,10.5,-51699.58803100586,75,75,3.2696671903197827,5.9,-78844.78193915129,0.0,78844.78193915129,14812.49721282024,869.560772920843,0.0,True
843896,282,5,10.0,13.925625447624187,-17437.625980911886,74,74,2.866278651765272,5.580179845317385,-66016.73291011862,0.0,66016.73291011862,12303.42331445966,883.553254037477,0.0,True
843896,282,6,10.0,10.5,-21134.716294715137,75,75,3.366544052695526,6.0,-67657.40687359788,9.414691248821322e-14,67657.40687359788,12560.338268822126,867.5444538927729,9.414691248821322e-15,True
843896,282,7,15.858157889895693,18.6320895147834,-61025.74807177164,56,56,2.708748607377742,4.723721144819263,-73524.19925056428,0.0,73524.19925056428,14049.562774014694,653.333961314198,0.0,True
843896,282,8,10.0,21.713207528465016,-28155.684850579673,220,220,6.0,6.0,-48878.927120878056,1.296740492762182e-13,48878.927120878056,5572.700476972008,2601.9280920022525,1.296740492762182e-14,True
843896,282,9,10.0,11.252785588268896,-45986.69415318356,71,71,3.13256444702339,6.0,-61138.620447504014,0.0,61138.620447504014,11317.370900708924,847.873609552665,0.0,True
843896,283,0,34.67914736983477,36.378793896543606,5220792.933582927,250,250,6.0,6.0,86766.98988935725,110572.88833720388,23805.89844784663,0.0,2950.7373059808288,3188.454639844587,False
843896,283,1,10.0,10.0,-31711.19544701632,70,70,3.207128046778589,5.862495132632444,-75697.3289480581,0.0,75697.3289480581,14276.655287225622,790.0809188810268,0.0,True
843896,283,2,18.56608641203773,13.892441348451465,-21582.279934578663,54,54,2.3782221848931377,4.400505987697088,-63947.671025664895,1279.696607874339,65227.36763353923,12473.894407247953,607.0718855864417,68.92656747760365,True
843896,283,3,10.5,20.24545966702548,-94948.85271081199,167,167,6.0,6.0,-91921.05869912685,13362.96317364467,105284.02187277153,17845.016030574356,1982.367714987467,1272.6631593947304,True
843896,283,4,11.0,10.5,-51699.58803100586,75,75,3.2696671903197827,5.9,-78844.78193915129,0.0,78844.78193915129,14812.49721282024,869.560772920843,0.0,True
843896,283,5,10.0,13.925625447624187,-17437.625980911886,74,74,2.866278651765272,5.580179845317385,-66016.73291011862,0.0,66016.73291011862,12303.42331445966,883.553254037477,0.0,True
843896,283,6,10.0,10.5,-21134.716294715137,75,75,3.366544052695526,6.0,-67657.40687359788,9.414691248821322e-14,67657.40687359788,12560.338268822126,867.5444538927729,9.414691248821322e-15,True
843896,283,7,15.858157889895693,18.6320895147834,-61025.74807177164,56,56,2.708748607377742,4.723721144819263,-73524.19925056428,0.0,73524.19925056428,14049.562774014694,653.333961314198,0.0,True
843896,283,8,10.0,21.713207528465016,-28155.684850579673,220,220,6.0,6.0,-48878.927120878056,1.296740492762182e-13,48878.927120878056,5572.700476972008,2601.9280920022525,1.296740492762182e-14,True
843896,283,9,10.0,11.252785588268896,-45986.69415318356,71,71,3.13256444702339,6.0,-61138.620447504014,0.0,61138.620447504014,11317.370900708924,847.873609552665,0.0,True
843896,284,0,38.147062106818254,40.01667328619797,5299244.826085625,250,250,6.0,6.0,88756.06082430974,112561.95927215637,23805.89844784663,0.0,2950.7373059808288,2950.737305980832,False
843896,284,1,10.0,10.0,-31711.19544701632,70,70,3.207128046778589,5.862495132632444,-75697.3289480581,0.0,75697.3289480581,14276.655287225622,790.0809188810268,0.0,True
843896,284,2,18.56608641203773,13.892441348451465,-21582.279934578663,54,54,2.3782221848931377,4.400505987697088,-63947.671025664895,1279.696607874339,65227.36763353923,12473.894407247953,607.0718855864417,68.92656747760365,True
843896,284,3,10.5,20.24545966702548,-94948.85271081199,167,167,6.0,6.0,-91921.05869912685,13362.96317364467,105284.02187277153,17845.016030574356,1982.367714987467,1272.6631593947304,True
843896,284,4,11.0,10.5,-51699.58803100586,75,75,3.2696671903197827,5.9,-78844.78193915129,0.0,78844.78193915129,14812.49721282024,869.560772920843,0.0,True
843896,284,5,10.0,13.925625447624187,-17437.625980911886,74,74,2.866278651765272,5.580179845317385,-66016.73291011862,0.0,66016.73291011862,12303.42331445966,883.553254037477,0.0,True
843896,284,6,10.0,10.5,-21134.716294715137,75,75,3.366544052695526,6.0,-67657.40687359788,9.414691248821322e-14,67657.40687359788,12560.338268822126,867.5444538927729,9.414691248821322e-15,True
843896,284,7,15.858157889895693,18.6320895147834,-61025.74807177164,56,56,2.708748607377742,4.723721144819263,-73524.19925056428,0.0,73524.19925056428,14049.562774014694,653.333961314198,0.0,True
843896,284,8,10.0,21.713207528465016,-28155.684850579673,220,220,6.0,6.0,-48878.927120878056,1.296740492762182e-13,48878.927120878056,5572.700476972008,2601.9280920022525,1.296740492762182e-14,True
843896,284,9,10.0,11.252785588268896,-45986.69415318356,71,71,3.13256444702339,6.0,-61138.620447504014,0.0,61138.620447504014,11317.370900708924,847.873609552665,0.0,True
843896,285,0,41.96176831750008,44.018340614817774,5385453.270756675,250,250,6.0,6.0,97513.02982470534,121585.0199271425,24071.99010243715,53.21833091810394,2950.7373059808288,2897.5189750627283,False
843896,285,1,10.0,10.0,-31711.19544701632,70,70,3.207128046778589,5.862495132632444,-75697.3289480581,0.0,75697.3289480581,14276.655287225622,790.0809188810268,0.0,True
843896,285,2,18.56608641203773,13.892441348451465,-21582.279934578663,54,54,2.3782221848931377,4.400505987697088,-63947.671025664895,1279.696607874339,65227.36763353923,12473.894407247953,607.0718855864417,68.92656747760365,True
843896,285,3,10.5,20.24545966702548,-94948.85271081199,167,167,6.0,6.0,-91921.05869912685,13362.96317364467,105284.02187277153,17845.016030574356,1982.367714987467,1272.6631593947304,True
843896,285,4,11.0,10.5,-51699.58803100586,75,75,3.2696671903197827,5.9,-78844.78193915129,0.0,78844.78193915129,14812.49721282024,869.560772920843,0.0,True
843896,285,5,10.0,13.925625447624187,-17437.625980911886,74,74,2.866278651765272,5.580179845317385,-66016.73291011862,0.0,66016.73291011862,12303.42331445966,883.553254037477,0.0,True
843896,285,6,10.0,10.5,-21134.716294715137,75,75,3.366544052695526,6.0,-67657.40687359788,9.414691248821322e-14,67657.40687359788,12560.338268822126,867.5444538927729,9.414691248821322e-15,True
843896,285,7,15.858157889895693,18.6320895147834,-61025.74807177164,56,56,2.708748607377742,4.723721144819263,-73524.19925056428,0.0,73524.19925056428,14049.562774014694,653.333961314198,0.0,True
843896,285,8,10.0,21.713207528465016,-28155.684850579673,220,220,6.0,6.0,-48878.927120878056,1.296740492762182e-13,48878.927120878056,5572.700476972008,2601.9280920022525,1.296740492762182e-14,True
843896,285,9,10.0,11.252785588268896,-45986.69415318356,71,71,3.13256444702339,6.0,-61138.620447504014,0.0,61138.620447504014,11317.370900708924,847.873609552665,0.0,True
843896,286,0,46.15794514925009,41.817423584076884,5469374.494408223,250,250,6.0,6.0,94675.57954753257,120453.30675673032,25777.727209197747,394.3657522702231,2950.7373059808288,2609.58988462872,False
843896,286,1,10.0,10.0,-31711.19544701632,70,70,3.207128046778589,5.862495132632444,-75697.3289480581,0.0,75697.3289480581,14276.655287225622,790.0809188810268,0.0,True
843896,286,2,18.56608641203773,13.892441348451465,-21582.279934578663,54,54,2.3782221848931377,4.400505987697088,-63947.671025664895,1279.696607874339,65227.36763353923,12473.894407247953,607.0718855864417,68.92656747760365,True
843896,286,3,10.5,20.24545966702548,-94948.85271081199,167,167,6.0,6.0,-91921.05869912685,13362.96317364467,105284.02187277153,17845.016030574356,1982.367714987467,1272.6631593947304,True
843896,286,4,11.0,10.5,-51699.58803100586,75,75,3.2696671903197827,5.9,-78844.78193915129,0.0,78844.78193915129,14812.49721282024,869.560772920843,0.0,True
843896,286,5,10.0,13.925625447624187,-17437.625980911886,74,74,2.866278651765272,5.580179845317385,-66016.73291011862,0.0,66016.73291011862,12303.42331445966,883.553254037477,0.0,True
843896,286,6,10.0,10.5,-21134.716294715137,75,75,3.366544052695526,6.0,-67657.40687359788,9.414691248821322e-14,67657.40687359788,12560.338268822126,867.5444538927729,9.414691248821322e-15,True
843896,286,7,15.858157889895693,18.6320895147834,-61025.74807177164,56,56,2.708748607377742,4.723721144819263,-73524.19925056428,0.0,73524.19925056428,14049.562774014694,653.333961314198,0.0,True
843896,286,8,10.0,21.713207528465016,-28155.684850579673,220,220,6.0,6.0,-48878.927120878056,1.296740492762182e-13,48878.927120878056,5572.700476972008,2601.9280920022525,1.296740492762182e-14,True
843896,286,9,10.0,11.252785588268896,-45986.69415318356,71,71,3.13256444702339,6.0,-61138.620447504014,0.0,61138.620447504014,11317.370900708924,847.873609552665,0.0,True
843896,287,0,41.54215063432508,39.72655240487304,5551518.798625213,250,250,6.0,6.0,92375.94231810632,118629.18516847532,26253.242850369003,489.4688805044748,2950.7373059808288,2855.6341777465764,False
843896,287,1,10.0,10.0,-31711.19544701632,70,70,3.207128046778589,5.862495132632444,-75697.3289480581,0.0,75697.3289480581,14276.655287225622,790.0809188810268,0.0,True
843896,287,2,18.56608641203773,13.892441348451465,-21582.279934578663,54,54,2.3782221848931377,4.400505987697088,-63947.671025664895,1279.696607874339,65227.36763353923,12473.894407247953,607.0718855864417,68.92656747760365,True
843896,287,3,10.5,20.24545966702548,-94948.85271081199,167,167,6.0,6.0,-91921.05869912685,13362.96317364467,105284.02187277153,17845.016030574356,1982.367714987467,1272.6631593947304,True
843896,287,4,11.0,10.5,-51699.58803100586,75,75,3.2696671903197827,5.9,-78844.78193915129,0.0,78844.78193915129,14812.49721282024,869.560772920843,0.0,True
843896,287,5,10.0,13.925625447624187,-17437.625980911886,74,74,2.866278651765272,5.580179845317385,-66016.73291011862,0.0,66016.73291011862,12303.42331445966,883.553254037477,0.0,True
843896,287,6,10.0,10.5,-21134.716294715137,75,75,3.366544052695526,6.0,-67657.40687359788,9.414691248821322e-14,67657.40687359788,12560.338268822126,867.5444538927729,9.414691248821322e-15,True
843896,287,7,15.858157889895693,18.6320895147834,-61025.74807177164,56,56,2.708748607377742,4.723721144819263,-73524.19925056428,0.0,73524.19925056428,14049.562774014694,653.333961314198,0.0,True
843896,287,8,10.0,21.713207528465016,-28155.684850579673,220,220,6.0,6.0,-48878.927120878056,1.296740492762182e-13,48878.927120878056,5572.700476972008,2601.9280920022525,1.296740492762182e-14,True
843896,287,9,10.0,11.252785588268896,-45986.69415318356,71,71,3.13256444702339,6.0,-61138.620447504014,0.0,61138.620447504014,11317.370900708924,847.873609552665,0.0,True
843896,288,0,37.38793557089257,37.74022478462938,5631939.38069068,250,250,6.0,6.0,90155.6382615265,115690.88143259114,25535.24317106463,345.86894464360023,2950.7373059808288,3094.337241841706,False
843896,288,1,10.0,10.0,-31711.19544701632,70,70,3.207128046778589,5.862495132632444,-75697.3289480581,0.0,75697.3289480581,14276.655287225622,790.0809188810268,0.0,True
843896,288,2,18.56608641203773,13.892441348451465,-21582.279934578663,54,54,2.3782221848931377,4.400505987697088,-63947.671025664895,1279.696607874339,65227.36763353923,12473.894407247953,607.0718855864417,68.92656747760365,True
843896,288,3,10.5,20.24545966702548,-94948.85271081199,167,167,6.0,6.0,-91921.05869912685,13362.96317364467,105284.02187277153,17845.016030574356,1982.367714987467,1272.6631593947304,True
843896,288,4,11.0,10.5,-51699.58803100586,75,75,3.2696671903197827,5.9,-78844.78193915129,0.0,78844.78193915129,14812.49721282024,869.560772920843,0.0,True
843896,288,5,10.0,13.925625447624187,-17437.625980911886,74,74,2.866278651765272,5.580179845317385,-66016.73291011862,0.0,66016.73291011862,12303.42331445966,883.553254037477,0.0,True
843896,288,6,10.0,10.5,-21134.716294715137,75,75,3.366544052695526,6.0,-67657.40687359788,9.414691248821322e-14,67657.40687359788,12560.338268822126,867.5444538927729,9.414691248821322e-15,True
843896,288,7,15.858157889895693,18.6320895147834,-61025.74807177164,56,56,2.708748607377742,4.723721144819263,-73524.19925056428,0.0,73524.19925056428,14049.562774014694,653.333961314198,0.0,True
843896,288,8,10.0,21.713207528465016,-28155.684850579673,220,220,6.0,6.0,-48878.927120878056,1.296740492762182e-13,48878.927120878056,5572.700476972008,2601.9280920022525,1.296740492762182e-14,True
843896,288,9,10.0,11.252785588268896,-45986.69415318356,71,71,3.13256444702339,6.0,-61138.620447504014,0.0,61138.620447504014,11317.370900708924,847.873609552665,0.0,True
843896,289,0,33.64914201380331,35.853213545397914,5709798.150747453,250,250,6.0,6.0,87122.07344300636,110927.97189085299,23805.89844784663,0.0,2950.7373059808288,3296.606250624426,False
843896,289,1,10.0,10.0,-31711.19544701632,70,70,3.207128046778589,5.862495132632444,-75697.3289480581,0.0,75697.3289480581,14276.655287225622,790.0809188810268,0.0,True
843896,289,2,18.56608641203773,13.892441348451465,-21582.279934578663,54,54,2.3782221848931377,4.400505987697088,-63947.671025664895,1279.696607874339,65227.36763353923,12473.894407247953,607.0718855864417,68.92656747760365,True
843896,289,3,10.5,20.24545966702548,-94948.85271081199,167,167,6.0,6.0,-91921.05869912685,13362.96317364467,105284.02187277153,17845.016030574356,1982.367714987467,1272.6631593947304,True
843896,289,4,11.0,10.5,-51699.58803100586,75,75,3.2696671903197827,5.9,-78844.78193915129,0.0,78844.78193915129,14812.49721282024,869.560772920843,0.0,True
843896,289,5,10.0,13.925625447624187,-17437.625980911886,74,74,2.866278651765272,5.580179845317385,-66016.73291011862,0.0,66016.73291011862,12303.42331445966,883.553254037477,0.0,True
843896,289,6,10.0,10.5,-21134.716294715137,75,75,3.366544052695526,6.0,-67657.40687359788,9.414691248821322e-14,67657.40687359788,12560.338268822126,867.5444538927729,9.414691248821322e-15,True
843896,289,7,15.858157889895693,18.6320895147834,-61025.74807177164,56,56,2.708748607377742,4.723721144819263,-73524.19925056428,0.0,73524.19925056428,14049.562774014694,653.333961314198,0.0,True
843896,289,8,10.0,21.713207528465016,-28155.684850579673,220,220,6.0,6.0,-48878.927120878056,1.296740492762182e-13,48878.927120878056,5572.700476972008,2601.9280920022525,1.296740492762182e-14,True
843896,289,9,10.0,11.252785588268896,-45986.69415318356,71,71,3.13256444702339,6.0,-61138.620447504014,0.0,61138.620447504014,11317.370900708924,847.873609552665,0.0,True
843896,290,0,37.01405621518365,39.43853489993771,5785051.375094516,250,250,6.0,6.0,85412.8580719675,109218.75651981412,23805.89844784663,0.0,2950.7373059808288,2950.7373059808333,False
843896,290,1,10.0,10.0,-31711.19544701632,70,70,3.207128046778589,5.862495132632444,-75697.3289480581,0.0,75697.3289480581,14276.655287225622,790.0809188810268,0.0,True
843896,290,2,18.56608641203773,13.892441348451465,-21582.279934578663,54,54,2.3782221848931377,4.400505987697088,-63947.671025664895,1279.696607874339,65227.36763353923,12473.894407247953,607.0718855864417,68.92656747760365,True
843896,290,3,10.5,20.24545966702548,-94948.85271081199,167,167,6.0,6.0,-91921.05869912685,13362.96317364467,105284.02187277153,17845.016030574356,1982.367714987467,1272.6631593947304,True
843896,290,4,11.0,10.5,-51699.58803100586,75,75,3.2696671903197827,5.9,-78844.78193915129,0.0,78844.78193915129,14812.49721282024,869.560772920843,0.0,True
843896,290,5,10.0,13.925625447624187,-17437.625980911886,74,74,2.866278651765272,5.580179845317385,-66016.73291011862,0.0,66016.73291011862,12303.42331445966,883.553254037477,0.0,True
843896,290,6,10.0,10.5,-21134.716294715137,75,75,3.366544052695526,6.0,-67657.40687359788,9.414691248821322e-14,67657.40687359788,12560.338268822126,867.5444538927729,9.414691248821322e-15,True
843896,290,7,15.858157889895693,18.6320895147834,-61025.74807177164,56,56,2.708748607377742,4.723721144819263,-73524.19925056428,0.0,73524.19925056428,14049.562774014694,653.333961314198,0.0,True
843896,290,8,10.0,21.713207528465016,-28155.684850579673,220,220,6.0,6.0,-48878.927120878056,1.296740492762182e-13,48878.927120878056,5572.700476972008,2601.9280920022525,1.296740492762182e-14,True
843896,290,9,10.0,11.252785588268896,-45986.69415318356,71,71,3.13256444702339,6.0,-61138.620447504014,0.0,61138.620447504014,11317.370900708924,847.873609552665,0.0,True
843896,291,0,40.71546183670202,37.46660815494082,5862976.708675293,250,250,6.0,6.0,87591.98561942426,112354.09754005112,24762.11192062686,191.24269455604556,2950.7373059808288,2759.4946114247955,False
843896,291,1,10.0,10.0,-31711.19544701632,70,70,3.207128046778589,5.862495132632444,-75697.3289480581,0.0,75697.3289480581,14276.655287225622,790.0809188810268,0.0,True
843896,291,2,18.56608641203773,13.892441348451465,-21582.279934578663,54,54,2.3782221848931377,4.400505987697088,-63947.671025664895,1279.696607874339,65227.36763353923,12473.894407247953,607.0718855864417,68.92656747760365,True
843896,291,3,10.5,20.24545966702548,-94948.85271081199,167,167,6.0,6.0,-91921.05869912685,13362.96317364467,105284.02187277153,17845.016030574356,1982.367714987467,1272.6631593947304,True
843896,291,4,11.0,10.5,-51699.58803100586,75,75,3.2696671903197827,5.9,-78844.78193915129,0.0,78844.78193915129,14812.49721282024,869.560772920843,0.0,True
843896,291,5,10.0,13.925625447624187,-17437.625980911886,74,74,2.866278651765272,5.580179845317385,-66016.73291011862,0.0,66016.73291011862,12303.42331445966,883.553254037477,0.0,True
843896,291,6,10.0,10.5,-21134.716294715137,75,75,3.366544052695526,6.0,-67657.40687359788,9.414691248821322e-14,67657.40687359788,12560.338268822126,867.5444538927729,9.414691248821322e-15,True
843896,291,7,15.858157889895693,18.6320895147834,-61025.74807177164,56,56,2.708748607377742,4.723721144819263,-73524.19925056428,0.0,73524.19925056428,14049.562774014694,653.333961314198,0.0,True
843896,291,8,10.0,21.713207528465016,-28155.684850579673,220,220,6.0,6.0,-48878.927120878056,1.296740492762182e-13,48878.927120878056,5572.700476972008,2601.9280920022525,1.296740492762182e-14,True
843896,291,9,10.0,11.252785588268896,-45986.69415318356,71,71,3.13256444702339,6.0,-61138.620447504014,0.0,61138.620447504014,11317.370900708924,847.873609552665,0.0,True
843896,292,0,36.64391565303182,35.59327774719378,5938376.562504086,250,250,6.0,6.0,84598.17326549554,109212.15835748966,24613.98509199413,161.61732882949997,2950.7373059808288,2980.3626717073766,False
843896,292,1,10.0,10.0,-31711.19544701632,70,70,3.207128046778589,5.862495132632444,-75697.3289480581,0.0,75697.3289480581,14276.655287225622,790.0809188810268,0.0,True
843896,292,2,18.56608641203773,13.892441348451465,-21582.279934578663,54,54,2.3782221848931377,4.400505987697088,-63947.671025664895,1279.696607874339,65227.36763353923,12473.894407247953,607.0718855864417,68.92656747760365,True
843896,292,3,10.5,20.24545966702548,-94948.85271081199,167,167,6.0,6.0,-91921.05869912685,13362.96317364467,105284.02187277153,17845.016030574356,1982.367714987467,1272.6631593947304,True
843896,292,4,11.0,10.5,-51699.58803100586,75,75,3.2696671903197827,5.9,-78844.78193915129,0.0,78844.78193915129,14812.49721282024,869.560772920843,0.0,True
843896,292,5,10.0,13.925625447624187,-17437.625980911886,74,74,2.866278651765272,5.580179845317385,-66016.73291011862,0.0,66016.73291011862,12303.42331445966,883.553254037477,0.0,True
843896,292,6,10.0,10.5,-21134.716294715137,75,75,3.366544052695526,6.0,-67657.40687359788,9.414691248821322e-14,67657.40687359788,12560.338268822126,867.5444538927729,9.414691248821322e-15,True
843896,292,7,15.858157889895693,18.6320895147834,-61025.74807177164,56,56,2.708748607377742,4.723721144819263,-73524.19925056428,0.0,73524.19925056428,14049.562774014694,653.333961314198,0.0,True
843896,292,8,10.0,21.713207528465016,-28155.684850579673,220,220,6.0,6.0,-48878.927120878056,1.296740492762182e-13,48878.927120878056,5572.700476972008,2601.9280920022525,1.296740492762182e-14,True
843896,292,9,10.0,11.252785588268896,-45986.69415318356,71,71,3.13256444702339,6.0,-61138.620447504014,0.0,61138.620447504014,11317.370900708924,847.873609552665,0.0,True
843896,293,0,32.979524087728635,33.81361385983409,6008461.2352395365,250,250,6.0,6.0,78838.07620043484,102643.97464828147,23805.89844784663,0.0,2950.7373059808288,3112.35463481034,False
843896,293,1,10.0,10.0,-31711.19544701632,70,70,3.207128046778589,5.862495132632444,-75697.3289480581,0.0,75697.3289480581,14276.655287225622,790.0809188810268,0.0,True
843896,293,2,18.56608641203773,13.892441348451465,-21582.279934578663,54,54,2.3782221848931377,4.400505987697088,-63947.671025664895,1279.696607874339,65227.36763353923,12473.894407247953,607.0718855864417,68.92656747760365,True
843896,293,3,10.5,20.24545966702548,-94948.85271081199,167,167,6.0,6.0,-91921.05869912685,13362.96317364467,105284.02187277153,17845.016030574356,1982.367714987467,1272.6631593947304,True
843896,293,4,11.0,10.5,-51699.58803100586,75,75,3.2696671903197827,5.9,-78844.78193915129,0.0,78844.78193915129,14812.49721282024,869.560772920843,0.0,True
843896,293,5,10.0,13.925625447624187,-17437.625980911886,74,74,2.866278651765272,5.580179845317385,-66016.73291011862,0.0,66016.73291011862,12303.42331445966,883.553254037477,0.0,True
843896,293,6,10.0,10.5,-21134.716294715137,75,75,3.366544052695526,6.0,-67657.40687359788,9.414691248821322e-14,67657.40687359788,12560.338268822126,867.5444538927729,9.414691248821322e-15,True
843896,293,7,15.858157889895693,18.6320895147834,-61025.74807177164,56,56,2.708748607377742,4.723721144819263,-73524.19925056428,0.0,73524.19925056428,14049.562774014694,653.333961314198,0.0,True
843896,293,8,10.0,21.713207528465016,-28155.684850579673,220,220,6.0,6.0,-48878.927120878056,1.296740492762182e-13,48878.927120878056,5572.700476972008,2601.9280920022525,1.296740492762182e-14,True
843896,293,9,10.0,11.252785588268896,-45986.69415318356,71,71,3.13256444702339,6.0,-61138.620447504014,0.0,61138.620447504014,11317.370900708924,847.873609552665,0.0,True
843896,294,0,36.2774764965015,37.1949752458175,6082101.896245323,250,250,6.0,6.0,83239.4048172229,107045.30326506952,23805.89844784663,0.0,2950.7373059808288,2950.7373059808247,False
843896,294,1,10.0,10.0,-31711.19544701632,70,70,3.207128046778589,5.862495132632444,-75697.3289480581,0.0,75697.3289480581,14276.655287225622,790.0809188810268,0.0,True
843896,294,2,18.56608641203773,13.892441348451465,-21582.279934578663,54,54,2.3782221848931377,4.400505987697088,-63947.671025664895,1279.696607874339,65227.36763353923,12473.894407247953,607.0718855864417,68.92656747760365,True
843896,294,3,10.5,20.24545966702548,-94948.85271081199,167,167,6.0,6.0,-91921.05869912685,13362.96317364467,105284.02187277153,17845.016030574356,1982.367714987467,1272.6631593947304,True
843896,294,4,11.0,10.5,-51699.58803100586,75,75,3.2696671903197827,5.9,-78844.78193915129,0.0,78844.78193915129,14812.49721282024,869.560772920843,0.0,True
843896,294,5,10.0,13.925625447624187,-17437.625980911886,74,74,2.866278651765272,5.580179845317385,-66016.73291011862,0.0,66016.73291011862,12303.42331445966,883.553254037477,0.0,True
843896,294,6,10.0,10.5,-21134.716294715137,75,75,3.366544052695526,6.0,-67657.40687359788,9.414691248821322e-14,67657.40687359788,12560.338268822126,867.5444538927729,9.414691248821322e-15,True
843896,294,7,15.858157889895693,18.6320895147834,-61025.74807177164,56,56,2.708748607377742,4.723721144819263,-73524.19925056428,0.0,73524.19925056428,14049.562774014694,653.333961314198,0.0,True
843896,294,8,10.0,21.713207528465016,-28155.684850579673,220,220,6.0,6.0,-48878.927120878056,1.296740492762182e-13,48878.927120878056,5572.700476972008,2601.9280920022525,1.296740492762182e-14,True
843896,294,9,10.0,11.252785588268896,-45986.69415318356,71,71,3.13256444702339,6.0,-61138.620447504014,0.0,61138.620447504014,11317.370900708924,847.873609552665,0.0,True
843896,295,0,39.90522414615165,40.91447277039926,6159107.046351633,250,250,6.0,6.0,87533.76829879667,112053.41074489956,24519.64244610289,142.74879965125194,2950.7373059808288,2807.9885063295824,False
843896,295,1,10.0,10.0,-31711.19544701632,70,70,3.207128046778589,5.862495132632444,-75697.3289480581,0.0,75697.3289480581,14276.655287225622,790.0809188810268,0.0,True
843896,295,2,18.56608641203773,13.892441348451465,-21582.279934578663,54,54,2.3782221848931377,4.400505987697088,-63947.671025664895,1279.696607874339,65227.36763353923,12473.894407247953,607.0718855864417,68.92656747760365,True
843896,295,3,10.5,20.24545966702548,-94948.85271081199,167,167,6.0,6.0,-91921.05869912685,13362.96317364467,105284.02187277153,17845.016030574356,1982.367714987467,1272.6631593947304,True
843896,295,4,11.0,10.5,-51699.58803100586,75,75,3.2696671903197827,5.9,-78844.78193915129,0.0,78844.78193915129,14812.49721282024,869.560772920843,0.0,True
843896,295,5,10.0,13.925625447624187,-17437.625980911886,74,74,2.866278651765272,5.580179845317385,-66016.73291011862,0.0,66016.73291011862,12303.42331445966,883.553254037477,0.0,True
843896,295,6,10.0,10.5,-21134.716294715137,75,75,3.366544052695526,6.0,-67657.40687359788,9.414691248821322e-14,67657.40687359788,12560.338268822126,867.5444538927729,9.414691248821322e-15,True
843896,295,7,15.858157889895693,18.6320895147834,-61025.74807177164,56,56,2.708748607377742,4.723721144819263,-73524.19925056428,0.0,73524.19925056428,14049.562774014694,653.333961314198,0.0,True
843896,295,8,10.0,21.713207528465016,-28155.684850579673,220,220,6.0,6.0,-48878.927120878056,1.296740492762182e-13,48878.927120878056,5572.700476972008,2601.9280920022525,1.296740492762182e-14,True
843896,295,9,10.0,11.252785588268896,-45986.69415318356,71,71,3.13256444702339,6.0,-61138.620447504014,0.0,61138.620447504014,11317.370900708924,847.873609552665,0.0,True
843896,296,0,35.91470173153649,38.86874913187929,6236385.591415353,250,250,6.0,6.0,87295.73234658255,111101.63079442918,23805.89844784663,0.0,2950.7373059808288,3093.486105632098,False
843896,296,1,10.0,10.0,-31711.19544701632,70,70,3.207128046778589,5.862495132632444,-75697.3289480581,0.0,75697.3289480581,14276.655287225622,790.0809188810268,0.0,True
843896,296,2,18.56608641203773,13.892441348451465,-21582.279934578663,54,54,2.3782221848931377,4.400505987697088,-63947.671025664895,1279.696607874339,65227.36763353923,12473.894407247953,607.0718855864417,68.92656747760365,True
843896,296,3,10.5,20.24545966702548,-94948.85271081199,167,167,6.0,6.0,-91921.05869912685,13362.96317364467,105284.02187277153,17845.016030574356,1982.367714987467,1272.6631593947304,True
843896,296,4,11.0,10.5,-51699.58803100586,75,75,3.2696671903197827,5.9,-78844.78193915129,0.0,78844.78193915129,14812.49721282024,869.560772920843,0.0,True
843896,296,5,10.0,13.925625447624187,-17437.625980911886,74,74,2.866278651765272,5.580179845317385,-66016.73291011862,0.0,66016.73291011862,12303.42331445966,883.553254037477,0.0,True
843896,296,6,10.0,10.5,-21134.716294715137,75,75,3.366544052695526,6.0,-67657.40687359788,9.414691248821322e-14,67657.40687359788,12560.338268822126,867.5444538927729,9.414691248821322e-15,True
843896,296,7,15.858157889895693,18.6320895147834,-61025.74807177164,56,56,2.708748607377742,4.723721144819263,-73524.19925056428,0.0,73524.19925056428,14049.562774014694,653.333961314198,0.0,True
843896,296,8,10.0,21.713207528465016,-28155.684850579673,220,220,6.0,6.0,-48878.927120878056,1.296740492762182e-13,48878.927120878056,5572.700476972008,2601.9280920022525,1.296740492762182e-14,True
843896,296,9,10.0,11.252785588268896,-45986.69415318356,71,71,3.13256444702339,6.0,-61138.620447504014,0.0,61138.620447504014,11317.370900708924,847.873609552665,0.0,True
843896,297,0,39.50617190469014,42.75562404506722,6318163.122211996,250,250,6.0,6.0,92766.4368078141,116572.33525566073,23805.89844784663,0.0,2950.7373059808288,2950.7373059808247,False
843896,297,1,10.0,10.0,-31711.19544701632,70,70,3.207128046778589,5.862495132632444,-75697.3289480581,0.0,75697.3289480581,14276.655287225622,790.0809188810268,0.0,True
843896,297,2,18.56608641203773,13.892441348451465,-21582.279934578663,54,54,2.3782221848931377,4.400505987697088,-63947.671025664895,1279.696607874339,65227.36763353923,12473.894407247953,607.0718855864417,68.92656747760365,True
843896,297,3,10.5,20.24545966702548,-94948.85271081199,167,167,6.0,6.0,-91921.05869912685,13362.96317364467,105284.02187277153,17845.016030574356,1982.367714987467,1272.6631593947304,True
843896,297,4,11.0,10.5,-51699.58803100586,75,75,3.2696671903197827,5.9,-78844.78193915129,0.0,78844.78193915129,14812.49721282024,869.560772920843,0.0,True
843896,297,5,10.0,13.925625447624187,-17437.625980911886,74,74,2.866278651765272,5.580179845317385,-66016.73291011862,0.0,66016.73291011862,12303.42331445966,883.553254037477,0.0,True
843896,297,6,10.0,10.5,-21134.716294715137,75,75,3.366544052695526,6.0,-67657.40687359788,9.414691248821322e-14,67657.40687359788,12560.338268822126,867.5444538927729,9.414691248821322e-15,True
843896,297,7,15.858157889895693,18.6320895147834,-61025.74807177164,56,56,2.708748607377742,4.723721144819263,-73524.19925056428,0.0,73524.19925056428,14049.562774014694,653.333961314198,0.0,True
843896,297,8,10.0,21.713207528465016,-28155.684850579673,220,220,6.0,6.0,-48878.927120878056,1.296740492762182e-13,48878.927120878056,5572.700476972008,2601.9280920022525,1.296740492762182e-14,True
843896,297,9,10.0,11.252785588268896,-45986.69415318356,71,71,3.13256444702339,6.0,-61138.620447504014,0.0,61138.620447504014,11317.370900708924,847.873609552665,0.0,True
843896,298,0,43.45678909515916,47.03118644957395,6405719.891027255,250,250,6.0,6.0,99614.56542759524,123916.68999726983,24302.124569674586,99.24522436559148,2950.7373059808288,2851.4920816152394,False
843896,298,1,10.0,10.0,-31711.19544701632,70,70,3.207128046778589,5.862495132632444,-75697.3289480581,0.0,75697.3289480581,14276.655287225622,790.0809188810268,0.0,True
843896,298,2,18.56608641203773,13.892441348451465,-21582.279934578663,54,54,2.3782221848931377,4.400505987697088,-63947.671025664895,1279.696607874339,65227.36763353923,12473.894407247953,607.0718855864417,68.92656747760365,True
843896,298,3,10.5,20.24545966702548,-94948.85271081199,167,167,6.0,6.0,-91921.05869912685,13362.96317364467,105284.02187277153,17845.016030574356,1982.367714987467,1272.6631593947304,True
843896,298,4,11.0,10.5,-51699.58803100586,75,75,3.2696671903197827,5.9,-78844.78193915129,0.0,78844.78193915129,14812.49721282024,869.560772920843,0.0,True
843896,298,5,10.0,13.925625447624187,-17437.625980911886,74,74,2.866278651765272,5.580179845317385,-66016.73291011862,0.0,66016.73291011862,12303.42331445966,883.553254037477,0.0,True
843896,298,6,10.0,10.5,-21134.716294715137,75,75,3.366544052695526,6.0,-67657.40687359788,9.414691248821322e-14,67657.40687359788,12560.338268822126,867.5444538927729,9.414691248821322e-15,True
843896,298,7,15.858157889895693,18.6320895147834,-61025.74807177164,56,56,2.708748607377742,4.723721144819263,-73524.19925056428,0.0,73524.19925056428,14049.562774014694,653.333961314198,0.0,True
843896,298,8,10.0,21.713207528465016,-28155.684850579673,220,220,6.0,6.0,-48878.927120878056,1.296740492762182e-13,48878.927120878056,5572.700476972008,2601.9280920022525,1.296740492762182e-14,True
843896,298,9,10.0,11.252785588268896,-45986.69415318356,71,71,3.13256444702339,6.0,-61138.620447504014,0.0,61138.620447504014,11317.370900708924,847.873609552665,0.0,True
843896,299,0,47.80246800467508,44.67962712709525,6493257.382664475,250,250,6.0,6.0,99007.39841897332,124989.6530413882,25982.25462241488,435.2712349136501,2950.7373059808288,2614.7112954327845,False
843896,299,1,10.0,10.0,-31711.19544701632,70,70,3.207128046778589,5.862495132632444,-75697.3289480581,0.0,75697.3289480581,14276.655287225622,790.0809188810268,0.0,True
843896,299,2,18.56608641203773,13.892441348451465,-21582.279934578663,54,54,2.3782221848931377,4.400505987697088,-63947.671025664895,1279.696607874339,65227.36763353923,12473.894407247953,607.0718855864417,68.92656747760365,True
843896,299,3,10.5,20.24545966702548,-94948.85271081199,167,167,6.0,6.0,-91921.05869912685,13362.96317364467,105284.02187277153,17845.016030574356,1982.367714987467,1272.6631593947304,True
843896,299,4,11.0,10.5,-51699.58803100586,75,75,3.2696671903197827,5.9,-78844.78193915129,0.0,78844.78193915129,14812.49721282024,869.560772920843,0.0,True
843896,299,5,10.0,13.925625447624187,-17437.625980911886,74,74,2.866278651765272,5.580179845317385,-66016.73291011862,0.0,66016.73291011862,12303.42331445966,883.553254037477,0.0,True
843896,299,6,10.0,10.5,-21134.716294715137,75,75,3.366544052695526,6.0,-67657.40687359788,9.414691248821322e-14,67657.40687359788,12560.338268822126,867.5444538927729,9.414691248821322e-15,True
843896,299,7,15.858157889895693,18.6320895147834,-61025.74807177164,56,56,2.708748607377742,4.723721144819263,-73524.19925056428,0.0,73524.19925056428,14049.562774014694,653.333961314198,0.0,True
843896,299,8,10.0,21.713207528465016,-28155.684850579673,220,220,6.0,6.0,-48878.927120878056,1.296740492762182e-13,48878.927120878056,5572.700476972008,2601.9280920022525,1.296740492762182e-14,True
843896,299,9,10.0,11.252785588268896,-45986.69415318356,71,71,3.13256444702339,6.0,-61138.620447504014,0.0,61138.620447504014,11317.370900708924,847.873609552665,0.0,True
843896,300,0,43.02222120420757,42.445645770740484,6580505.697700337,250,250,6.0,6.0,98159.72647860888,124434.06379962094,26274.337321012055,493.68777463308544,2950.7373059808288,2892.320766261397,False
843896,300,1,10.0,10.0,-31711.19544701632,70,70,3.207128046778589,5.862495132632444,-75697.3289480581,0.0,75697.3289480581,14276.655287225622,790.0809188810268,0.0,True
843896,300,2,18.56608641203773,13.892441348451465,-21582.279934578663,54,54,2.3782221848931377,4.400505987697088,-63947.671025664895,1279.696607874339,65227.36763353923,12473.894407247953,607.0718855864417,68.92656747760365,True
843896,300,3,10.5,20.24545966702548,-94948.85271081199,167,167,6.0,6.0,-91921.05869912685,13362.96317364467,105284.02187277153,17845.016030574356,1982.367714987467,1272.6631593947304,True
843896,300,4,11.0,10.5,-51699.58803100586,75,75,3.2696671903197827,5.9,-78844.78193915129,0.0,78844.78193915129,14812.49721282024,869.560772920843,0.0,True
843896,300,5,10.0,13.925625447624187,-17437.625980911886,74,74,2.866278651765272,5.580179845317385,-66016.73291011862,0.0,66016.73291011862,12303.42331445966,883.553254037477,0.0,True
843896,300,6,10.0,10.5,-21134.716294715137,75,75,3.366544052695526,6.0,-67657.40687359788,9.414691248821322e-14,67657.40687359788,12560.338268822126,867.5444538927729,9.414691248821322e-15,True
843896,300,7,15.858157889895693,18.6320895147834,-61025.74807177164,56,56,2.708748607377742,4.723721144819263,-73524.19925056428,0.0,73524.19925056428,14049.562774014694,653.333961314198,0.0,True
843896,300,8,10.0,21.713207528465016,-28155.684850579673,220,220,6.0,6.0,-48878.927120878056,1.296740492762182e-13,48878.927120878056,5572.700476972008,2601.9280920022525,1.296740492762182e-14,True
843896,300,9,10.0,11.252785588268896,-45986.69415318356,71,71,3.13256444702339,6.0,-61138.620447504014,0.0,61138.620447504014,11317.370900708924,847.873609552665,0.0,True
843896,301,0,38.71999908378681,40.323363482203455,6667007.7345630005,250,250,6.0,6.0,96882.87773316957,122138.84023067766,25255.962497508077,290.01280993228966,2950.7373059808288,3154.412270681606,False
843896,301,1,10.0,10.0,-31711.19544701632,70,70,3.207128046778589,5.862495132632444,-75697.3289480581,0.0,75697.3289480581,14276.655287225622,790.0809188810268,0.0,True
843896,301,2,18.56608641203773,13.892441348451465,-21582.279934578663,54,54,2.3782221848931377,4.400505987697088,-63947.671025664895,1279.696607874339,65227.36763353923,12473.894407247953,607.0718855864417,68.92656747760365,True
843896,301,3,10.5,20.24545966702548,-94948.85271081199,167,167,6.0,6.0,-91921.05869912685,13362.96317364467,105284.02187277153,17845.016030574356,1982.367714987467,1272.6631593947304,True
843896,301,4,11.0,10.5,-51699.58803100586,75,75,3.2696671903197827,5.9,-78844.78193915129,0.0,78844.78193915129,14812.49721282024,869.560772920843,0.0,True
843896,301,5,10.0,13.925625447624187,-17437.625980911886,74,74,2.866278651765272,5.580179845317385,-66016.73291011862,0.0,66016.73291011862,12303.42331445966,883.553254037477,0.0,True
843896,301,6,10.0,10.5,-21134.716294715137,75,75,3.366544052695526,6.0,-67657.40687359788,9.414691248821322e-14,67657.40687359788,12560.338268822126,867.5444538927729,9.414691248821322e-15,True
843896,301,7,15.858157889895693,18.6320895147834,-61025.74807177164,56,56,2.708748607377742,4.723721144819263,-73524.19925056428,0.0,73524.19925056428,14049.562774014694,653.333961314198,0.0,True
843896,301,8,10.0,21.713207528465016,-28155.684850579673,220,220,6.0,6.0,-48878.927120878056,1.296740492762182e-13,48878.927120878056,5572.700476972008,2601.9280920022525,1.296740492762182e-14,True
843896,301,9,10.0,11.252785588268896,-45986.69415318356,71,71,3.13256444702339,6.0,-61138.620447504014,0.0,61138.620447504014,11317.370900708924,847.873609552665,0.0,True
843896,302,0,34.84799917540813,38.30719530809328,6746258.694655276,250,250,6.0,6.0,89127.75891919747,112933.6573670441,23805.89844784663,0.0,2950.7373059808288,3240.750115913117,False
843896,302,1,10.0,10.0,-31711.19544701632,70,70,3.207128046778589,5.862495132632444,-75697.3289480581,0.0,75697.3289480581,14276.655287225622,790.0809188810268,0.0,True
843896,302,2,18.56608641203773,13.892441348451465,-21582.279934578663,54,54,2.3782221848931377,4.400505987697088,-63947.671025664895,1279.696607874339,65227.36763353923,12473.894407247953,607.0718855864417,68.92656747760365,True
843896,302,3,10.5,20.24545966702548,-94948.85271081199,167,167,6.0,6.0,-91921.05869912685,13362.96317364467,105284.02187277153,17845.016030574356,1982.367714987467,1272.6631593947304,True
843896,302,4,11.0,10.5,-51699.58803100586,75,75,3.2696671903197827,5.9,-78844.78193915129,0.0,78844.78193915129,14812.49721282024,869.560772920843,0.0,True
843896,302,5,10.0,13.925625447624187,-17437.625980911886,74,74,2.866278651765272,5.580179845317385,-66016.73291011862,0.0,66016.73291011862,12303.42331445966,883.553254037477,0.0,True
843896,302,6,10.0,10.5,-21134.716294715137,75,75,3.366544052695526,6.0,-67657.40687359788,9.414691248821322e-14,67657.40687359788,12560.338268822126,867.5444538927729,9.414691248821322e-15,True
843896,302,7,15.858157889895693,18.6320895147834,-61025.74807177164,56,56,2.708748607377742,4.723721144819263,-73524.19925056428,0.0,73524.19925056428,14049.562774014694,653.333961314198,0.0,True
843896,302,8,10.0,21.713207528465016,-28155.684850579673,220,220,6.0,6.0,-48878.927120878056,1.296740492762182e-13,48878.927120878056,5572.700476972008,2601.9280920022525,1.296740492762182e-14,True
843896,302,9,10.0,11.252785588268896,-45986.69415318356,71,71,3.13256444702339,6.0,-61138.620447504014,0.0,61138.620447504014,11317.370900708924,847.873609552665,0.0,True
843896,303,0,38.332799092948946,42.13791483890261,6824728.337823861,250,250,6.0,6.0,89304.12187838551,113110.02032623214,23805.89844784663,0.0,2950.7373059808288,2950.7373059808187,False
843896,303,1,10.0,10.0,-31711.19544701632,70,70,3.207128046778589,5.862495132632444,-75697.3289480581,0.0,75697.3289480581,14276.655287225622,790.0809188810268,0.0,True
843896,303,2,18.56608641203773,13.892441348451465,-21582.279934578663,54,54,2.3782221848931377,4.400505987697088,-63947.671025664895,1279.696607874339,65227.36763353923,12473.894407247953,607.0718855864417,68.92656747760365,True
843896,303,3,10.5,20.24545966702548,-94948.85271081199,167,167,6.0,6.0,-91921.05869912685,13362.96317364467,105284.02187277153,17845.016030574356,1982.367714987467,1272.6631593947304,True
843896,303,4,11.0,10.5,-51699.58803100586,75,75,3.2696671903197827,5.9,-78844.78193915129,0.0,78844.78193915129,14812.49721282024,869.560772920843,0.0,True
843896,303,5,10.0,13.925625447624187,-17437.625980911886,74,74,2.866278651765272,5.580179845317385,-66016.73291011862,0.0,66016.73291011862,12303.42331445966,883.553254037477,0.0,True
843896,303,6,10.0,10.5,-21134.716294715137,75,75,3.366544052695526,6.0,-67657.40687359788,9.414691248821322e-14,67657.40687359788,12560.338268822126,867.5444538927729,9.414691248821322e-15,True
843896,303,7,15.858157889895693,18.6320895147834,-61025.74807177164,56,56,2.708748607377742,4.723721144819263,-73524.19925056428,0.0,73524.19925056428,14049.562774014694,653.333961314198,0.0,True
843896,303,8,10.0,21.713207528465016,-28155.684850579673,220,220,6.0,6.0,-48878.927120878056,1.296740492762182e-13,48878.927120878056,5572.700476972008,2601.9280920022525,1.296740492762182e-14,True
843896,303,9,10.0,11.252785588268896,-45986.69415318356,71,71,3.13256444702339,6.0,-61138.620447504014,0.0,61138.620447504014,11317.370900708924,847.873609552665,0.0,True
843896,304,0,42.16607900224384,46.35170632279287,6913455.535154067,250,250,6.0,6.0,100615.12391100921,124421.02235885584,23805.89844784663,0.0,2950.7373059808288,2950.73730598083,False
843896,304,1,10.0,10.0,-31711.19544701632,70,70,3.207128046778589,5.862495132632444,-75697.3289480581,0.0,75697.3289480581,14276.655287225622,790.0809188810268,0.0,True
843896,304,2,18.56608641203773,13.892441348451465,-21582.279934578663,54,54,2.3782221848931377,4.400505987697088,-63947.671025664895,1279.696607874339,65227.36763353923,12473.894407247953,607.0718855864417,68.92656747760365,True
843896,304,3,10.5,20.24545966702548,-94948.85271081199,167,167,6.0,6.0,-91921.05869912685,13362.96317364467,105284.02187277153,17845.016030574356,1982.367714987467,1272.6631593947304,True
843896,304,4,11.0,10.5,-51699.58803100586,75,75,3.2696671903197827,5.9,-78844.78193915129,0.0,78844.78193915129,14812.49721282024,869.560772920843,0.0,True
843896,304,5,10.0,13.925625447624187,-17437.625980911886,74,74,2.866278651765272,5.580179845317385,-66016.73291011862,0.0,66016.73291011862,12303.42331445966,883.553254037477,0.0,True
843896,304,6,10.0,10.5,-21134.716294715137,75,75,3.366544052695526,6.0,-67657.40687359788,9.414691248821322e-14,67657.40687359788,12560.338268822126,867.5444538927729,9.414691248821322e-15,True
843896,304,7,15.858157889895693,18.6320895147834,-61025.74807177164,56,56,2.708748607377742,4.723721144819263,-73524.19925056428,0.0,73524.19925056428,14049.562774014694,653.333961314198,0.0,True
843896,304,8,10.0,21.713207528465016,-28155.684850579673,220,220,6.0,6.0,-48878.927120878056,1.296740492762182e-13,48878.927120878056,5572.700476972008,2601.9280920022525,1.296740492762182e-14,True
843896,304,9,10.0,11.252785588268896,-45986.69415318356,71,71,3.13256444702339,6.0,-61138.620447504014,0.0,61138.620447504014,11317.370900708924,847.873609552665,0.0,True
843896,305,0,46.38268690246823,50.98687695507216,7013466.0420621475,250,250,6.0,6.0,113057.22614689455,136863.12459474118,23805.89844784663,0.0,2950.7373059808288,2950.7373059808247,False
843896,305,1,10.0,10.0,-31711.19544701632,70,70,3.207128046778589,5.862495132632444,-75697.3289480581,0.0,75697.3289480581,14276.655287225622,790.0809188810268,0.0,True
843896,305,2,18.56608641203773,13.892441348451465,-21582.279934578663,54,54,2.3782221848931377,4.400505987697088,-63947.671025664895,1279.696607874339,65227.36763353923,12473.894407247953,607.0718855864417,68.92656747760365,True
843896,305,3,10.5,20.24545966702548,-94948.85271081199,167,167,6.0,6.0,-91921.05869912685,13362.96317364467,105284.02187277153,17845.016030574356,1982.367714987467,1272.6631593947304,True
843896,305,4,11.0,10.5,-51699.58803100586,75,75,3.2696671903197827,5.9,-78844.78193915129,0.0,78844.78193915129,14812.49721282024,869.560772920843,0.0,True
843896,305,5,10.0,13.925625447624187,-17437.625980911886,74,74,2.866278651765272,5.580179845317385,-66016.73291011862,0.0,66016.73291011862,12303.42331445966,883.553254037477,0.0,True
843896,305,6,10.0,10.5,-21134.716294715137,75,75,3.366544052695526,6.0,-67657.40687359788,9.414691248821322e-14,67657.40687359788,12560.338268822126,867.5444538927729,9.414691248821322e-15,True
843896,305,7,15.858157889895693,18.6320895147834,-61025.74807177164,56,56,2.708748607377742,4.723721144819263,-73524.19925056428,0.0,73524.19925056428,14049.562774014694,653.333961314198,0.0,True
843896,305,8,10.0,21.713207528465016,-28155.684850579673,220,220,6.0,6.0,-48878.927120878056,1.296740492762182e-13,48878.927120878056,5572.700476972008,2601.9280920022525,1.296740492762182e-14,True
843896,305,9,10.0,11.252785588268896,-45986.69415318356,71,71,3.13256444702339,6.0,-61138.620447504014,0.0,61138.620447504014,11317.370900708924,847.873609552665,0.0,True
843896,306,0,51.020955592715055,48.43753310731855,7112912.493906951,250,250,6.0,6.0,111855.83512169968,136990.49557718736,25134.660455487687,265.75240152821135,2950.7373059808288,2684.9849044526195,False
843896,306,1,10.0,10.0,-31711.19544701632,70,70,3.207128046778589,5.862495132632444,-75697.3289480581,0.0,75697.3289480581,14276.655287225622,790.0809188810268,0.0,True
843896,306,2,18.56608641203773,13.892441348451465,-21582.279934578663,54,54,2.3782221848931377,4.400505987697088,-63947.671025664895,1279.696607874339,65227.36763353923,12473.894407247953,607.0718855864417,68.92656747760365,True
843896,306,3,10.5,20.24545966702548,-94948.85271081199,167,167,6.0,6.0,-91921.05869912685,13362.96317364467,105284.02187277153,17845.016030574356,1982.367714987467,1272.6631593947304,True
843896,306,4,11.0,10.5,-51699.58803100586,75,75,3.2696671903197827,5.9,-78844.78193915129,0.0,78844.78193915129,14812.49721282024,869.560772920843,0.0,True
843896,306,5,10.0,13.925625447624187,-17437.625980911886,74,74,2.866278651765272,5.580179845317385,-66016.73291011862,0.0,66016.73291011862,12303.42331445966,883.553254037477,0.0,True
843896,306,6,10.0,10.5,-21134.716294715137,75,75,3.366544052695526,6.0,-67657.40687359788,9.414691248821322e-14,67657.40687359788,12560.338268822126,867.5444538927729,9.414691248821322e-15,True
843896,306,7,15.858157889895693,18.6320895147834,-61025.74807177164,56,56,2.708748607377742,4.723721144819263,-73524.19925056428,0.0,73524.19925056428,14049.562774014694,653.333961314198,0.0,True
843896,306,8,10.0,21.713207528465016,-28155.684850579673,220,220,6.0,6.0,-48878.927120878056,1.296740492762182e-13,48878.927120878056,5572.700476972008,2601.9280920022525,1.296740492762182e-14,True
843896,306,9,10.0,11.252785588268896,-45986.69415318356,71,71,3.13256444702339,6.0,-61138.620447504014,0.0,61138.620447504014,11317.370900708924,847.873609552665,0.0,True
843896,307,0,45.91886003344355,46.01565645195262,7211557.5172129925,250,250,6.0,6.0,110448.93741896571,135574.84821611457,25125.910797148863,264.0024698604468,2950.7373059808288,2952.4872376486023,False
843896,307,1,10.0,10.0,-31711.19544701632,70,70,3.207128046778589,5.862495132632444,-75697.3289480581,0.0,75697.3289480581,14276.655287225622,790.0809188810268,0.0,True
843896,307,2,18.56608641203773,13.892441348451465,-21582.279934578663,54,54,2.3782221848931377,4.400505987697088,-63947.671025664895,1279.696607874339,65227.36763353923,12473.894407247953,607.0718855864417,68.92656747760365,True
843896,307,3,10.5,20.24545966702548,-94948.85271081199,167,167,6.0,6.0,-91921.05869912685,13362.96317364467,105284.02187277153,17845.016030574356,1982.367714987467,1272.6631593947304,True
843896,307,4,11.0,10.5,-51699.58803100586,75,75,3.2696671903197827,5.9,-78844.78193915129,0.0,78844.78193915129,14812.49721282024,869.560772920843,0.0,True
843896,307,5,10.0,13.925625447624187,-17437.625980911886,74,74,2.866278651765272,5.580179845317385,-66016.73291011862,0.0,66016.73291011862,12303.42331445966,883.553254037477,0.0,True
843896,307,6,10.0,10.5,-21134.716294715137,75,75,3.366544052695526,6.0,-67657.40687359788,9.414691248821322e-14,67657.40687359788,12560.338268822126,867.5444538927729,9.414691248821322e-15,True
843896,307,7,15.858157889895693,18.6320895147834,-61025.74807177164,56,56,2.708748607377742,4.723721144819263,-73524.19925056428,0.0,73524.19925056428,14049.562774014694,653.333961314198,0.0,True
843896,307,8,10.0,21.713207528465016,-28155.684850579673,220,220,6.0,6.0,-48878.927120878056,1.296740492762182e-13,48878.927120878056,5572.700476972008,2601.9280920022525,1.296740492762182e-14,True
843896,307,9,10.0,11.252785588268896,-45986.69415318356,71,71,3.13256444702339,6.0,-61138.620447504014,0.0,61138.620447504014,11317.370900708924,847.873609552665,0.0,True
843896,308,0,41.326974030099194,43.71487362935499,7309337.798314693,250,250,6.0,6.0,109008.99950910627,132819.2765369935,23810.27702788724,0.8757160081224136,2950.7373059808288,3213.864059833144,False
843896,308,1,10.0,10.0,-31711.19544701632,70,70,3.207128046778589,5.862495132632444,-75697.3289480581,0.0,75697.3289480581,14276.655287225622,790.0809188810268,0.0,True
843896,308,2,18.56608641203773,13.892441348451465,-21582.279934578663,54,54,2.3782221848931377,4.400505987697088,-63947.671025664895,1279.696607874339,65227.36763353923,12473.894407247953,607.0718855864417,68.92656747760365,True
843896,308,3,10.5,20.24545966702548,-94948.85271081199,167,167,6.0,6.0,-91921.05869912685,13362.96317364467,105284.02187277153,17845.016030574356,1982.367714987467,1272.6631593947304,True
843896,308,4,11.0,10.5,-51699.58803100586,75,75,3.2696671903197827,5.9,-78844.78193915129,0.0,78844.78193915129,14812.49721282024,869.560772920843,0.0,True
843896,308,5,10.0,13.925625447624187,-17437.625980911886,74,74,2.866278651765272,5.580179845317385,-66016.73291011862,0.0,66016.73291011862,12303.42331445966,883.553254037477,0.0,True
843896,308,6,10.0,10.5,-21134.716294715137,75,75,3.366544052695526,6.0,-67657.40687359788,9.414691248821322e-14,67657.40687359788,12560.338268822126,867.5444538927729,9.414691248821322e-15,True
843896,308,7,15.858157889895693,18.6320895147834,-61025.74807177164,56,56,2.708748607377742,4.723721144819263,-73524.19925056428,0.0,73524.19925056428,14049.562774014694,653.333961314198,0.0,True
843896,308,8,10.0,21.713207528465016,-28155.684850579673,220,220,6.0,6.0,-48878.927120878056,1.296740492762182e-13,48878.927120878056,5572.700476972008,2601.9280920022525,1.296740492762182e-14,True
843896,308,9,10.0,11.252785588268896,-45986.69415318356,71,71,3.13256444702339,6.0,-61138.620447504014,0.0,61138.620447504014,11317.370900708924,847.873609552665,0.0,True
843896,309,0,45.459671433109115,41.52912994788724,7400706.717161356,250,250,6.0,6.0,102051.201333546,126681.74431033529,24630.542976789282,164.92890578853041,2950.7373059808288,2786.684116200423,False
843896,309,1,10.0,10.0,-31711.19544701632,70,70,3.207128046778589,5.862495132632444,-75697.3289480581,0.0,75697.3289480581,14276.655287225622,790.0809188810268,0.0,True
843896,309,2,18.56608641203773,13.892441348451465,-21582.279934578663,54,54,2.3782221848931377,4.400505987697088,-63947.671025664895,1279.696607874339,65227.36763353923,12473.894407247953,607.0718855864417,68.92656747760365,True
843896,309,3,10.5,20.24545966702548,-94948.85271081199,167,167,6.0,6.0,-91921.05869912685,13362.96317364467,105284.02187277153,17845.016030574356,1982.367714987467,1272.6631593947304,True
843896,309,4,11.0,10.5,-51699.58803100586,75,75,3.2696671903197827,5.9,-78844.78193915129,0.0,78844.78193915129,14812.49721282024,869.560772920843,0.0,True
843896,309,5,10.0,13.925625447624187,-17437.625980911886,74,74,2.866278651765272,5.580179845317385,-66016.73291011862,0.0,66016.73291011862,12303.42331445966,883.553254037477,0.0,True
843896,309,6,10.0,10.5,-21134.716294715137,75,75,3.366544052695526,6.0,-67657.40687359788,9.414691248821322e-14,67657.40687359788,12560.338268822126,867.5444538927729,9.414691248821322e-15,True
843896,309,7,15.858157889895693,18.6320895147834,-61025.74807177164,56,56,2.708748607377742,4.723721144819263,-73524.19925056428,0.0,73524.19925056428,14049.562774014694,653.333961314198,0.0,True
843896,309,8,10.0,21.713207528465016,-28155.684850579673,220,220,6.0,6.0,-48878.927120878056,1.296740492762182e-13,48878.927120878056,5572.700476972008,2601.9280920022525,1.296740492762182e-14,True
843896,309,9,10.0,11.252785588268896,-45986.69415318356,71,71,3.13256444702339,6.0,-61138.620447504014,0.0,61138.620447504014,11317.370900708924,847.873609552665,0.0,True
843896,310,0,40.913704289798204,39.45267345049288,7488906.286390334,250,250,6.0,6.0,98362.73759150707,122746.32957298917,24383.591981482095,115.538706727093,2950.7373059808288,3000.127505042262,False
843896,310,1,10.0,10.0,-31711.19544701632,70,70,3.207128046778589,5.862495132632444,-75697.3289480581,0.0,75697.3289480581,14276.655287225622,790.0809188810268,0.0,True
843896,310,2,18.56608641203773,13.892441348451465,-21582.279934578663,54,54,2.3782221848931377,4.400505987697088,-63947.671025664895,1279.696607874339,65227.36763353923,12473.894407247953,607.0718855864417,68.92656747760365,True
843896,310,3,10.5,20.24545966702548,-94948.85271081199,167,167,6.0,6.0,-91921.05869912685,13362.96317364467,105284.02187277153,17845.016030574356,1982.367714987467,1272.6631593947304,True
843896,310,4,11.0,10.5,-51699.58803100586,75,75,3.2696671903197827,5.9,-78844.78193915129,0.0,78844.78193915129,14812.49721282024,869.560772920843,0.0,True
843896,310,5,10.0,13.925625447624187,-17437.625980911886,74,74,2.866278651765272,5.580179845317385,-66016.73291011862,0.0,66016.73291011862,12303.42331445966,883.553254037477,0.0,True
843896,310,6,10.0,10.5,-21134.716294715137,75,75,3.366544052695526,6.0,-67657.40687359788,9.414691248821322e-14,67657.40687359788,12560.338268822126,867.5444538927729,9.414691248821322e-15,True
843896,310,7,15.858157889895693,18.6320895147834,-61025.74807177164,56,56,2.708748607377742,4.723721144819263,-73524.19925056428,0.0,73524.19925056428,14049.562774014694,653.333961314198,0.0,True
843896,310,8,10.0,21.713207528465016,-28155.684850579673,220,220,6.0,6.0,-48878.927120878056,1.296740492762182e-13,48878.927120878056,5572.700476972008,2601.9280920022525,1.296740492762182e-14,True
843896,310,9,10.0,11.252785588268896,-45986.69415318356,71,71,3.13256444702339,6.0,-61138.620447504014,0.0,61138.620447504014,11317.370900708924,847.873609552665,0.0,True
843896,311,0,36.82233386081838,37.48003977796824,7568337.817047296,250,250,6.0,6.0,89101.54060150354,112907.43904935017,23805.89844784663,0.0,2950.7373059808288,3066.276012707924,False
843896,311,1,10.0,10.0,-31711.19544701632,70,70,3.207128046778589,5.862495132632444,-75697.3289480581,0.0,75697.3289480581,14276.655287225622,790.0809188810268,0.0,True
843896,311,2,18.56608641203773,13.892441348451465,-21582.279934578663,54,54,2.3782221848931377,4.400505987697088,-63947.671025664895,1279.696607874339,65227.36763353923,12473.894407247953,607.0718855864417,68.92656747760365,True
843896,311,3,10.5,20.24545966702548,-94948.85271081199,167,167,6.0,6.0,-91921.05869912685,13362.96317364467,105284.02187277153,17845.016030574356,1982.367714987467,1272.6631593947304,True
843896,311,4,11.0,10.5,-51699.58803100586,75,75,3.2696671903197827,5.9,-78844.78193915129,0.0,78844.78193915129,14812.49721282024,869.560772920843,0.0,True
843896,311,5,10.0,13.925625447624187,-17437.625980911886,74,74,2.866278651765272,5.580179845317385,-66016.73291011862,0.0,66016.73291011862,12303.42331445966,883.553254037477,0.0,True
843896,311,6,10.0,10.5,-21134.716294715137,75,75,3.366544052695526,6.0,-67657.40687359788,9.414691248821322e-14,67657.40687359788,12560.338268822126,867.5444538927729,9.414691248821322e-15,True
843896,311,7,15.858157889895693,18.6320895147834,-61025.74807177164,56,56,2.708748607377742,4.723721144819263,-73524.19925056428,0.0,73524.19925056428,14049.562774014694,653.333961314198,0.0,True
843896,311,8,10.0,21.713207528465016,-28155.684850579673,220,220,6.0,6.0,-48878.927120878056,1.296740492762182e-13,48878.927120878056,5572.700476972008,2601.9280920022525,1.296740492762182e-14,True
843896,311,9,10.0,11.252785588268896,-45986.69415318356,71,71,3.13256444702339,6.0,-61138.620447504014,0.0,61138.620447504014,11317.370900708924,847.873609552665,0.0,True
843896,312,0,40.50456724690022,41.228043755765064,7653443.245298608,250,250,6.0,6.0,95712.43919019114,119518.33763803777,23805.89844784663,0.0,2950.7373059808288,2950.737305980831,False
843896,312,1,10.0,10.0,-31711.19544701632,70,70,3.207128046778589,5.862495132632444,-75697.3289480581,0.0,75697.3289480581,14276.655287225622,790.0809188810268,0.0,True
843896,312,2,18.56608641203773,13.892441348451465,-21582.279934578663,54,54,2.3782221848931377,4.400505987697088,-63947.671025664895,1279.696607874339,65227.36763353923,12473.894407247953,607.0718855864417,68.92656747760365,True
843896,312,3,10.5,20.24545966702548,-94948.85271081199,167,167,6.0,6.0,-91921.05869912685,13362.96317364467,105284.02187277153,17845.016030574356,1982.367714987467,1272.6631593947304,True
843896,312,4,11.0,10.5,-51699.58803100586,75,75,3.2696671903197827,5.9,-78844.78193915129,0.0,78844.78193915129,14812.49721282024,869.560772920843,0.0,True
843896,312,5,10.0,13.925625447624187,-17437.625980911886,74,74,2.866278651765272,5.580179845317385,-66016.73291011862,0.0,66016.73291011862,12303.42331445966,883.553254037477,0.0,True
843896,312,6,10.0,10.5,-21134.716294715137,75,75,3.366544052695526,6.0,-67657.40687359788,9.414691248821322e-14,67657.40687359788,12560.338268822126,867.5444538927729,9.414691248821322e-15,True
843896,312,7,15.858157889895693,18.6320895147834,-61025.74807177164,56,56,2.708748607377742,4.723721144819263,-73524.19925056428,0.0,73524.19925056428,14049.562774014694,653.333961314198,0.0,True
843896,312,8,10.0,21.713207528465016,-28155.684850579673,220,220,6.0,6.0,-48878.927120878056,1.296740492762182e-13,48878.927120878056,5572.700476972008,2601.9280920022525,1.296740492762182e-14,True
843896,312,9,10.0,11.252785588268896,-45986.69415318356,71,71,3.13256444702339,6.0,-61138.620447504014,0.0,61138.620447504014,11317.370900708924,847.873609552665,0.0,True
843896,313,0,44.55502397159025,45.35084813134157,7740988.481716928,250,250,6.0,6.0,99182.94845104075,123844.59509788091,24661.646646840156,171.14963979870507,2950.7373059808288,2779.587666182119,False
843896,313,1,10.0,10.0,-31711.19544701632,70,70,3.207128046778589,5.862495132632444,-75697.3289480581,0.0,75697.3289480581,14276.655287225622,790.0809188810268,0.0,True
843896,313,2,18.56608641203773,13.892441348451465,-21582.279934578663,54,54,2.3782221848931377,4.400505987697088,-63947.671025664895,1279.696607874339,65227.36763353923,12473.894407247953,607.0718855864417,68.92656747760365,True
843896,313,3,10.5,20.24545966702548,-94948.85271081199,167,167,6.0,6.0,-91921.05869912685,13362.96317364467,105284.02187277153,17845.016030574356,1982.367714987467,1272.6631593947304,True
843896,313,4,11.0,10.5,-51699.58803100586,75,75,3.2696671903197827,5.9,-78844.78193915129,0.0,78844.78193915129,14812.49721282024,869.560772920843,0.0,True
843896,313,5,10.0,13.925625447624187,-17437.625980911886,74,74,2.866278651765272,5.580179845317385,-66016.73291011862,0.0,66016.73291011862,12303.42331445966,883.553254037477,0.0,True
843896,313,6,10.0,10.5,-21134.716294715137,75,75,3.366544052695526,6.0,-67657.40687359788,9.414691248821322e-14,67657.40687359788,12560.338268822126,867.5444538927729,9.414691248821322e-15,True
843896,313,7,15.858157889895693,18.6320895147834,-61025.74807177164,56,56,2.708748607377742,4.723721144819263,-73524.19925056428,0.0,73524.19925056428,14049.562774014694,653.333961314198,0.0,True
843896,313,8,10.0,21.713207528465016,-28155.684850579673,220,220,6.0,6.0,-48878.927120878056,1.296740492762182e-13,48878.927120878056,5572.700476972008,2601.9280920022525,1.296740492762182e-14,True
843896,313,9,10.0,11.252785588268896,-45986.69415318356,71,71,3.13256444702339,6.0,-61138.620447504014,0.0,61138.620447504014,11317.370900708924,847.873609552665,0.0,True
843896,314,0,40.09952157443123,43.08330572477449,7831031.285641422,250,250,6.0,6.0,101113.63035571725,124949.09055082296,23835.460195105716,5.91234945181747,2950.7373059808288,3115.974596327718,False
843896,314,1,10.0,10.0,-31711.19544701632,70,70,3.207128046778589,5.862495132632444,-75697.3289480581,0.0,75697.3289480581,14276.655287225622,790.0809188810268,0.0,True
843896,314,2,18.56608641203773,13.892441348451465,-21582.279934578663,54,54,2.3782221848931377,4.400505987697088,-63947.671025664895,1279.696607874339,65227.36763353923,12473.894407247953,607.0718855864417,68.92656747760365,True
843896,314,3,10.5,20.24545966702548,-94948.85271081199,167,167,6.0,6.0,-91921.05869912685,13362.96317364467,105284.02187277153,17845.016030574356,1982.367714987467,1272.6631593947304,True
843896,314,4,11.0,10.5,-51699.58803100586,75,75,3.2696671903197827,5.9,-78844.78193915129,0.0,78844.78193915129,14812.49721282024,869.560772920843,0.0,True
843896,314,5,10.0,13.925625447624187,-17437.625980911886,74,74,2.866278651765272,5.580179845317385,-66016.73291011862,0.0,66016.73291011862,12303.42331445966,883.553254037477,0.0,True
843896,314,6,10.0,10.5,-21134.716294715137,75,75,3.366544052695526,6.0,-67657.40687359788,9.414691248821322e-14,67657.40687359788,12560.338268822126,867.5444538927729,9.414691248821322e-15,True
843896,314,7,15.858157889895693,18.6320895147834,-61025.74807177164,56,56,2.708748607377742,4.723721144819263,-73524.19925056428,0.0,73524.19925056428,14049.562774014694,653.333961314198,0.0,True
843896,314,8,10.0,21.713207528465016,-28155.684850579673,220,220,6.0,6.0,-48878.927120878056,1.296740492762182e-13,48878.927120878056,5572.700476972008,2601.9280920022525,1.296740492762182e-14,True
843896,314,9,10.0,11.252785588268896,-45986.69415318356,71,71,3.13256444702339,6.0,-61138.620447504014,0.0,61138.620447504014,11317.370900708924,847.873609552665,0.0,True
843896,315,0,44.10947373187435,40.92914043853576,7916987.9345970685,250,250,6.0,6.0,96488.93406522866,121325.32897622688,24836.394910998224,206.09929263031864,2950.7373059808288,2750.5503628023307,False
843896,315,1,10.0,10.0,-31711.19544701632,70,70,3.207128046778589,5.862495132632444,-75697.3289480581,0.0,75697.3289480581,14276.655287225622,790.0809188810268,0.0,True
843896,315,2,18.56608641203773,13.892441348451465,-21582.279934578663,54,54,2.3782221848931377,4.400505987697088,-63947.671025664895,1279.696607874339,65227.36763353923,12473.894407247953,607.0718855864417,68.92656747760365,True
843896,315,3,10.5,20.24545966702548,-94948.85271081199,167,167,6.0,6.0,-91921.05869912685,13362.96317364467,105284.02187277153,17845.016030574356,1982.367714987467,1272.6631593947304,True
843896,315,4,11.0,10.5,-51699.58803100586,75,75,3.2696671903197827,5.9,-78844.78193915129,0.0,78844.78193915129,14812.49721282024,869.560772920843,0.0,True
843896,315,5,10.0,13.925625447624187,-17437.625980911886,74,74,2.866278651765272,5.580179845317385,-66016.73291011862,0.0,66016.73291011862,12303.42331445966,883.553254037477,0.0,True
843896,315,6,10.0,10.5,-21134.716294715137,75,75,3.366544052695526,6.0,-67657.40687359788,9.414691248821322e-14,67657.40687359788,12560.338268822126,867.5444538927729,9.414691248821322e-15,True
843896,315,7,15.858157889895693,18.6320895147834,-61025.74807177164,56,56,2.708748607377742,4.723721144819263,-73524.19925056428,0.0,73524.19925056428,14049.562774014694,653.333961314198,0.0,True
843896,315,8,10.0,21.713207528465016,-28155.684850579673,220,220,6.0,6.0,-48878.927120878056,1.296740492762182e-13,48878.927120878056,5572.700476972008,2601.9280920022525,1.296740492762182e-14,True
843896,315,9,10.0,11.252785588268896,-45986.69415318356,71,71,3.13256444702339,6.0,-61138.620447504014,0.0,61138.620447504014,11317.370900708924,847.873609552665,0.0,True
843896,316,0,39.69852635868692,38.88268341660897,8001079.476487132,250,250,6.0,6.0,94112.21274427015,118746.28723404084,24634.074489770694,165.6352083848129,2950.7373059808288,2991.201390226328,False
843896,316,1,10.0,10.0,-31711.19544701632,70,70,3.207128046778589,5.862495132632444,-75697.3289480581,0.0,75697.3289480581,14276.655287225622,790.0809188810268,0.0,True
843896,316,2,18.56608641203773,13.892441348451465,-21582.279934578663,54,54,2.3782221848931377,4.400505987697088,-63947.671025664895,1279.696607874339,65227.36763353923,12473.894407247953,607.0718855864417,68.92656747760365,True
843896,316,3,10.5,20.24545966702548,-94948.85271081199,167,167,6.0,6.0,-91921.05869912685,13362.96317364467,105284.02187277153,17845.016030574356,1982.367714987467,1272.6631593947304,True
843896,316,4,11.0,10.5,-51699.58803100586,75,75,3.2696671903197827,5.9,-78844.78193915129,0.0,78844.78193915129,14812.49721282024,869.560772920843,0.0,True
843896,316,5,10.0,13.925625447624187,-17437.625980911886,74,74,2.866278651765272,5.580179845317385,-66016.73291011862,0.0,66016.73291011862,12303.42331445966,883.553254037477,0.0,True
843896,316,6,10.0,10.5,-21134.716294715137,75,75,3.366544052695526,6.0,-67657.40687359788,9.414691248821322e-14,67657.40687359788,12560.338268822126,867.5444538927729,9.414691248821322e-15,True
843896,316,7,15.858157889895693,18.6320895147834,-61025.74807177164,56,56,2.708748607377742,4.723721144819263,-73524.19925056428,0.0,73524.19925056428,14049.562774014694,653.333961314198,0.0,True
843896,316,8,10.0,21.713207528465016,-28155.684850579673,220,220,6.0,6.0,-48878.927120878056,1.296740492762182e-13,48878.927120878056,5572.700476972008,2601.9280920022525,1.296740492762182e-14,True
843896,316,9,10.0,11.252785588268896,-45986.69415318356,71,71,3.13256444702339,6.0,-61138.620447504014,0.0,61138.620447504014,11317.370900708924,847.873609552665,0.0,True
843896,317,0,35.72867372281823,36.93854924577852,8079082.797492387,250,250,6.0,6.0,87537.95831668202,111343.85676452865,23805.89844784663,0.0,2950.7373059808288,3116.372514365641,False
843896,317,1,10.0,10.0,-31711.19544701632,70,70,3.207128046778589,5.862495132632444,-75697.3289480581,0.0,75697.3289480581,14276.655287225622,790.0809188810268,0.0,True
843896,317,2,18.56608641203773,13.892441348451465,-21582.279934578663,54,54,2.3782221848931377,4.400505987697088,-63947.671025664895,1279.696607874339,65227.36763353923,12473.894407247953,607.0718855864417,68.92656747760365,True
843896,317,3,10.5,20.24545966702548,-94948.85271081199,167,167,6.0,6.0,-91921.05869912685,13362.96317364467,105284.02187277153,17845.016030574356,1982.367714987467,1272.6631593947304,True
843896,317,4,11.0,10.5,-51699.58803100586,75,75,3.2696671903197827,5.9,-78844.78193915129,0.0,78844.78193915129,14812.49721282024,869.560772920843,0.0,True
843896,317,5,10.0,13.925625447624187,-17437.625980911886,74,74,2.866278651765272,5.580179845317385,-66016.73291011862,0.0,66016.73291011862,12303.42331445966,883.553254037477,0.0,True
843896,317,6,10.0,10.5,-21134.716294715137,75,75,3.366544052695526,6.0,-67657.40687359788,9.414691248821322e-14,67657.40687359788,12560.338268822126,867.5444538927729,9.414691248821322e-15,True
843896,317,7,15.858157889895693,18.6320895147834,-61025.74807177164,56,56,2.708748607377742,4.723721144819263,-73524.19925056428,0.0,73524.19925056428,14049.562774014694,653.333961314198,0.0,True
843896,317,8,10.0,21.713207528465016,-28155.684850579673,220,220,6.0,6.0,-48878.927120878056,1.296740492762182e-13,48878.927120878056,5572.700476972008,2601.9280920022525,1.296740492762182e-14,True
843896,317,9,10.0,11.252785588268896,-45986.69415318356,71,71,3.13256444702339,6.0,-61138.620447504014,0.0,61138.620447504014,11317.370900708924,847.873609552665,0.0,True
843896,318,0,39.301541095100056,40.632404170356374,8160787.321493891,250,250,6.0,6.0,92162.62504400383,115968.52349185046,23805.89844784663,0.0,2950.7373059808288,2950.737305980831,False
843896,318,1,10.0,10.0,-31711.19544701632,70,70,3.207128046778589,5.862495132632444,-75697.3289480581,0.0,75697.3289480581,14276.655287225622,790.0809188810268,0.0,True
843896,318,2,18.56608641203773,13.892441348451465,-21582.279934578663,54,54,2.3782221848931377,4.400505987697088,-63947.671025664895,1279.696607874339,65227.36763353923,12473.894407247953,607.0718855864417,68.92656747760365,True
843896,318,3,10.5,20.24545966702548,-94948.85271081199,167,167,6.0,6.0,-91921.05869912685,13362.96317364467,105284.02187277153,17845.016030574356,1982.367714987467,1272.6631593947304,True
843896,318,4,11.0,10.5,-51699.58803100586,75,75,3.2696671903197827,5.9,-78844.78193915129,0.0,78844.78193915129,14812.49721282024,869.560772920843,0.0,True
843896,318,5,10.0,13.925625447624187,-17437.625980911886,74,74,2.866278651765272,5.580179845317385,-66016.73291011862,0.0,66016.73291011862,12303.42331445966,883.553254037477,0.0,True
843896,318,6,10.0,10.5,-21134.716294715137,75,75,3.366544052695526,6.0,-67657.40687359788,9.414691248821322e-14,67657.40687359788,12560.338268822126,867.5444538927729,9.414691248821322e-15,True
843896,318,7,15.858157889895693,18.6320895147834,-61025.74807177164,56,56,2.708748607377742,4.723721144819263,-73524.19925056428,0.0,73524.19925056428,14049.562774014694,653.333961314198,0.0,True
843896,318,8,10.0,21.713207528465016,-28155.684850579673,220,220,6.0,6.0,-48878.927120878056,1.296740492762182e-13,48878.927120878056,5572.700476972008,2601.9280920022525,1.296740492762182e-14,True
843896,318,9,10.0,11.252785588268896,-45986.69415318356,71,71,3.13256444702339,6.0,-61138.620447504014,0.0,61138.620447504014,11317.370900708924,847.873609552665,0.0,True
843896,319,0,43.23169520461006,44.69564458739202,8246163.741406845,250,250,6.0,6.0,96850.33105977366,121372.4749458228,24522.143886049143,143.24908764050247,2950.7373059808288,2807.488218340328,False
843896,319,1,10.0,10.0,-31711.19544701632,70,70,3.207128046778589,5.862495132632444,-75697.3289480581,0.0,75697.3289480581,14276.655287225622,790.0809188810268,0.0,True
843896,319,2,18.56608641203773,13.892441348451465,-21582.279934578663,54,54,2.3782221848931377,4.400505987697088,-63947.671025664895,1279.696607874339,65227.36763353923,12473.894407247953,607.0718855864417,68.92656747760365,True
843896,319,3,10.5,20.24545966702548,-94948.85271081199,167,167,6.0,6.0,-91921.05869912685,13362.96317364467,105284.02187277153,17845.016030574356,1982.367714987467,1272.6631593947304,True
843896,319,4,11.0,10.5,-51699.58803100586,75,75,3.2696671903197827,5.9,-78844.78193915129,0.0,78844.78193915129,14812.49721282024,869.560772920843,0.0,True
843896,319,5,10.0,13.925625447624187,-17437.625980911886,74,74,2.866278651765272,5.580179845317385,-66016.73291011862,0.0,66016.73291011862,12303.42331445966,883.553254037477,0.0,True
843896,319,6,10.0,10.5,-21134.716294715137,75,75,3.366544052695526,6.0,-67657.40687359788,9.414691248821322e-14,67657.40687359788,12560.338268822126,867.5444538927729,9.414691248821322e-15,True
843896,319,7,15.858157889895693,18.6320895147834,-61025.74807177164,56,56,2.708748607377742,4.723721144819263,-73524.19925056428,0.0,73524.19925056428,14049.562774014694,653.333961314198,0.0,True
843896,319,8,10.0,21.713207528465016,-28155.684850579673,220,220,6.0,6.0,-48878.927120878056,1.296740492762182e-13,48878.927120878056,5572.700476972008,2601.9280920022525,1.296740492762182e-14,True
843896,319,9,10.0,11.252785588268896,-45986.69415318356,71,71,3.13256444702339,6.0,-61138.620447504014,0.0,61138.620447504014,11317.370900708924,847.873609552665,0.0,True
843896,320,0,38.908525684149055,42.46086235802242,8331825.076432097,250,250,6.0,6.0,96576.55061477706,120382.4490626237,23805.89844784663,0.0,2950.7373059808288,3093.986393621342,False
843896,320,1,10.0,10.0,-31711.19544701632,70,70,3.207128046778589,5.862495132632444,-75697.3289480581,0.0,75697.3289480581,14276.655287225622,790.0809188810268,0.0,True
843896,320,2,18.56608641203773,13.892441348451465,-21582.279934578663,54,54,2.3782221848931377,4.400505987697088,-63947.671025664895,1279.696607874339,65227.36763353923,12473.894407247953,607.0718855864417,68.92656747760365,True
843896,320,3,10.5,20.24545966702548,-94948.85271081199,167,167,6.0,6.0,-91921.05869912685,13362.96317364467,105284.02187277153,17845.016030574356,1982.367714987467,1272.6631593947304,True
843896,320,4,11.0,10.5,-51699.58803100586,75,75,3.2696671903197827,5.9,-78844.78193915129,0.0,78844.78193915129,14812.49721282024,869.560772920843,0.0,True
843896,320,5,10.0,13.925625447624187,-17437.625980911886,74,74,2.866278651765272,5.580179845317385,-66016.73291011862,0.0,66016.73291011862,12303.42331445966,883.553254037477,0.0,True
843896,320,6,10.0,10.5,-21134.716294715137,75,75,3.366544052695526,6.0,-67657.40687359788,9.414691248821322e-14,67657.40687359788,12560.338268822126,867.5444538927729,9.414691248821322e-15,True
843896,320,7,15.858157889895693,18.6320895147834,-61025.74807177164,56,56,2.708748607377742,4.723721144819263,-73524.19925056428,0.0,73524.19925056428,14049.562774014694,653.333961314198,0.0,True
843896,320,8,10.0,21.713207528465016,-28155.684850579673,220,220,6.0,6.0,-48878.927120878056,1.296740492762182e-13,48878.927120878056,5572.700476972008,2601.9280920022525,1.296740492762182e-14,True
843896,320,9,10.0,11.252785588268896,-45986.69415318356,71,71,3.13256444702339,6.0,-61138.620447504014,0.0,61138.620447504014,11317.370900708924,847.873609552665,0.0,True
843896,321,0,42.79937825256396,40.33781924012129,8417330.101057447,250,250,6.0,6.0,95889.4794353638,120385.17181364304,24495.692378279244,137.9587860865224,2950.7373059808288,2812.7785198942975,False
843896,321,1,10.0,10.0,-31711.19544701632,70,70,3.207128046778589,5.862495132632444,-75697.3289480581,0.0,75697.3289480581,14276.655287225622,790.0809188810268,0.0,True
843896,321,2,18.56608641203773,13.892441348451465,-21582.279934578663,54,54,2.3782221848931377,4.400505987697088,-63947.671025664895,1279.696607874339,65227.36763353923,12473.894407247953,607.0718855864417,68.92656747760365,True
843896,321,3,10.5,20.24545966702548,-94948.85271081199,167,167,6.0,6.0,-91921.05869912685,13362.96317364467,105284.02187277153,17845.016030574356,1982.367714987467,1272.6631593947304,True
843896,321,4,11.0,10.5,-51699.58803100586,75,75,3.2696671903197827,5.9,-78844.78193915129,0.0,78844.78193915129,14812.49721282024,869.560772920843,0.0,True
843896,321,5,10.0,13.925625447624187,-17437.625980911886,74,74,2.866278651765272,5.580179845317385,-66016.73291011862,0.0,66016.73291011862,12303.42331445966,883.553254037477,0.0,True
843896,321,6,10.0,10.5,-21134.716294715137,75,75,3.366544052695526,6.0,-67657.40687359788,9.414691248821322e-14,67657.40687359788,12560.338268822126,867.5444538927729,9.414691248821322e-15,True
843896,321,7,15.858157889895693,18.6320895147834,-61025.74807177164,56,56,2.708748607377742,4.723721144819263,-73524.19925056428,0.0,73524.19925056428,14049.562774014694,653.333961314198,0.0,True
843896,321,8,10.0,21.713207528465016,-28155.684850579673,220,220,6.0,6.0,-48878.927120878056,1.296740492762182e-13,48878.927120878056,5572.700476972008,2601.9280920022525,1.296740492762182e-14,True
843896,321,9,10.0,11.252785588268896,-45986.69415318356,71,71,3.13256444702339,6.0,-61138.620447504014,0.0,61138.620447504014,11317.370900708924,847.873609552665,0.0,True
843896,322,0,38.519440427307565,38.320928278115225,8500640.527988603,250,250,6.0,6.0,93190.65900051726,117223.84525912821,24033.186258610946,45.45756215286332,2950.7373059808288,3043.238529914489,False
843896,322,1,10.0,10.0,-31711.19544701632,70,70,3.207128046778589,5.862495132632444,-75697.3289480581,0.0,75697.3289480581,14276.655287225622,790.0809188810268,0.0,True
843896,322,2,18.56608641203773,13.892441348451465,-21582.279934578663,54,54,2.3782221848931377,4.400505987697088,-63947.671025664895,1279.696607874339,65227.36763353923,12473.894407247953,607.0718855864417,68.92656747760365,True
843896,322,3,10.5,20.24545966702548,-94948.85271081199,167,167,6.0,6.0,-91921.05869912685,13362.96317364467,105284.02187277153,17845.016030574356,1982.367714987467,1272.6631593947304,True
843896,322,4,11.0,10.5,-51699.58803100586,75,75,3.2696671903197827,5.9,-78844.78193915129,0.0,78844.78193915129,14812.49721282024,869.560772920843,0.0,True
843896,322,5,10.0,13.925625447624187,-17437.625980911886,74,74,2.866278651765272,5.580179845317385,-66016.73291011862,0.0,66016.73291011862,12303.42331445966,883.553254037477,0.0,True
843896,322,6,10.0,10.5,-21134.716294715137,75,75,3.366544052695526,6.0,-67657.40687359788,9.414691248821322e-14,67657.40687359788,12560.338268822126,867.5444538927729,9.414691248821322e-15,True
843896,322,7,15.858157889895693,18.6320895147834,-61025.74807177164,56,56,2.708748607377742,4.723721144819263,-73524.19925056428,0.0,73524.19925056428,14049.562774014694,653.333961314198,0.0,True
843896,322,8,10.0,21.713207528465016,-28155.684850579673,220,220,6.0,6.0,-48878.927120878056,1.296740492762182e-13,48878.927120878056,5572.700476972008,2601.9280920022525,1.296740492762182e-14,True
843896,322,9,10.0,11.252785588268896,-45986.69415318356,71,71,3.13256444702339,6.0,-61138.620447504014,0.0,61138.620447504014,11317.370900708924,847.873609552665,0.0,True
843896,323,0,42.37138447003832,36.404881864209464,8577464.942524157,250,250,6.0,6.0,86225.63500175033,111817.56856811384,25591.933566363514,357.2070237033769,2950.7373059808288,2638.987844430298,False
843896,323,1,10.0,10.0,-31711.19544701632,70,70,3.207128046778589,5.862495132632444,-75697.3289480581,0.0,75697.3289480581,14276.655287225622,790.0809188810268,0.0,True
843896,323,2,18.56608641203773,13.892441348451465,-21582.279934578663,54,54,2.3782221848931377,4.400505987697088,-63947.671025664895,1279.696607874339,65227.36763353923,12473.894407247953,607.0718855864417,68.92656747760365,True
843896,323,3,10.5,20.24545966702548,-94948.85271081199,167,167,6.0,6.0,-91921.05869912685,13362.96317364467,105284.02187277153,17845.016030574356,1982.367714987467,1272.6631593947304,True
843896,323,4,11.0,10.5,-51699.58803100586,75,75,3.2696671903197827,5.9,-78844.78193915129,0.0,78844.78193915129,14812.49721282024,869.560772920843,0.0,True
843896,323,5,10.0,13.925625447624187,-17437.625980911886,74,74,2.866278651765272,5.580179845317385,-66016.73291011862,0.0,66016.73291011862,12303.42331445966,883.553254037477,0.0,True
843896,323,6,10.0,10.5,-21134.716294715137,75,75,3.366544052695526,6.0,-67657.40687359788,9.414691248821322e-14,67657.40687359788,12560.338268822126,867.5444538927729,9.414691248821322e-15,True
843896,323,7,15.858157889895693,18.6320895147834,-61025.74807177164,56,56,2.708748607377742,4.723721144819263,-73524.19925056428,0.0,73524.19925056428,14049.562774014694,653.333961314198,0.0,True
843896,323,8,10.0,21.713207528465016,-28155.684850579673,220,220,6.0,6.0,-48878.927120878056,1.296740492762182e-13,48878.927120878056,5572.700476972008,2601.9280920022525,1.296740492762182e-14,True
843896,323,9,10.0,11.252785588268896,-45986.69415318356,71,71,3.13256444702339,6.0,-61138.620447504014,0.0,61138.620447504014,11317.370900708924,847.873609552665,0.0,True
843896,324,0,38.13424602303449,34.58463777099899,8650369.011871401,250,250,6.0,6.0,81850.22878985015,108031.25112997946,26181.022340129308,475.02477845653544,2950.7373059808288,2832.919551227644,False
843896,324,1,10.0,10.0,-31711.19544701632,70,70,3.207128046778589,5.862495132632444,-75697.3289480581,0.0,75697.3289480581,14276.655287225622,790.0809188810268,0.0,True
843896,324,2,18.56608641203773,13.892441348451465,-21582.279934578663,54,54,2.3782221848931377,4.400505987697088,-63947.671025664895,1279.696607874339,65227.36763353923,12473.894407247953,607.0718855864417,68.92656747760365,True
843896,324,3,10.5,20.24545966702548,-94948.85271081199,167,167,6.0,6.0,-91921.05869912685,13362.96317364467,105284.02187277153,17845.016030574356,1982.367714987467,1272.6631593947304,True
843896,324,4,11.0,10.5,-51699.58803100586,75,75,3.2696671903197827,5.9,-78844.78193915129,0.0,78844.78193915129,14812.49721282024,869.560772920843,0.0,True
843896,324,5,10.0,13.925625447624187,-17437.625980911886,74,74,2.866278651765272,5.580179845317385,-66016.73291011862,0.0,66016.73291011862,12303.42331445966,883.553254037477,0.0,True
843896,324,6,10.0,10.5,-21134.716294715137,75,75,3.366544052695526,6.0,-67657.40687359788,9.414691248821322e-14,67657.40687359788,12560.338268822126,867.5444538927729,9.414691248821322e-15,True
843896,324,7,15.858157889895693,18.6320895147834,-61025.74807177164,56,56,2.708748607377742,4.723721144819263,-73524.19925056428,0.0,73524.19925056428,14049.562774014694,653.333961314198,0.0,True
843896,324,8,10.0,21.713207528465016,-28155.684850579673,220,220,6.0,6.0,-48878.927120878056,1.296740492762182e-13,48878.927120878056,5572.700476972008,2601.9280920022525,1.296740492762182e-14,True
843896,324,9,10.0,11.252785588268896,-45986.69415318356,71,71,3.13256444702339,6.0,-61138.620447504014,0.0,61138.620447504014,11317.370900708924,847.873609552665,0.0,True
843896,325,0,34.32082142073104,32.855405882449034,8722045.673082907,250,250,6.0,6.0,80190.51268200579,105723.04820270801,25532.53552070223,345.32741457111973,2950.7373059808288,3080.434669866246,False
843896,325,1,10.0,10.0,-31711.19544701632,70,70,3.207128046778589,5.862495132632444,-75697.3289480581,0.0,75697.3289480581,14276.655287225622,790.0809188810268,0.0,True
843896,325,2,18.56608641203773,13.892441348451465,-21582.279934578663,54,54,2.3782221848931377,4.400505987697088,-63947.671025664895,1279.696607874339,65227.36763353923,12473.894407247953,607.0718855864417,68.92656747760365,True
843896,325,3,10.5,20.24545966702548,-94948.85271081199,167,167,6.0,6.0,-91921.05869912685,13362.96317364467,105284.02187277153,17845.016030574356,1982.367714987467,1272.6631593947304,True
843896,325,4,11.0,10.5,-51699.58803100586,75,75,3.2696671903197827,5.9,-78844.78193915129,0.0,78844.78193915129,14812.49721282024,869.560772920843,0.0,True
843896,325,5,10.0,13.925625447624187,-17437.625980911886,74,74,2.866278651765272,5.580179845317385,-66016.73291011862,0.0,66016.73291011862,12303.42331445966,883.553254037477,0.0,True
843896,325,6,10.0,10.5,-21134.716294715137,75,75,3.366544052695526,6.0,-67657.40687359788,9.414691248821322e-14,67657.40687359788,12560.338268822126,867.5444538927729,9.414691248821322e-15,True
843896,325,7,15.858157889895693,18.6320895147834,-61025.74807177164,56,56,2.708748607377742,4.723721144819263,-73524.19925056428,0.0,73524.19925056428,14049.562774014694,653.333961314198,0.0,True
843896,325,8,10.0,21.713207528465016,-28155.684850579673,220,220,6.0,6.0,-48878.927120878056,1.296740492762182e-13,48878.927120878056,5572.700476972008,2601.9280920022525,1.296740492762182e-14,True
843896,325,9,10.0,11.252785588268896,-45986.69415318356,71,71,3.13256444702339,6.0,-61138.620447504014,0.0,61138.620447504014,11317.370900708924,847.873609552665,0.0,True
843896,326,0,30.88873927865794,31.21263558832658,8791947.899536796,250,250,6.0,6.0,78005.38535086498,101811.2837987116,23805.89844784663,0.0,2950.7373059808288,3296.0647205519463,False
843896,326,1,10.0,10.0,-31711.19544701632,70,70,3.207128046778589,5.862495132632444,-75697.3289480581,0.0,75697.3289480581,14276.655287225622,790.0809188810268,0.0,True
843896,326,2,18.56608641203773,13.892441348451465,-21582.279934578663,54,54,2.3782221848931377,4.400505987697088,-63947.671025664895,1279.696607874339,65227.36763353923,12473.894407247953,607.0718855864417,68.92656747760365,True
843896,326,3,10.5,20.24545966702548,-94948.85271081199,167,167,6.0,6.0,-91921.05869912685,13362.96317364467,105284.02187277153,17845.016030574356,1982.367714987467,1272.6631593947304,True
843896,326,4,11.0,10.5,-51699.58803100586,75,75,3.2696671903197827,5.9,-78844.78193915129,0.0,78844.78193915129,14812.49721282024,869.560772920843,0.0,True
843896,326,5,10.0,13.925625447624187,-17437.625980911886,74,74,2.866278651765272,5.580179845317385,-66016.73291011862,0.0,66016.73291011862,12303.42331445966,883.553254037477,0.0,True
843896,326,6,10.0,10.5,-21134.716294715137,75,75,3.366544052695526,6.0,-67657.40687359788,9.414691248821322e-14,67657.40687359788,12560.338268822126,867.5444538927729,9.414691248821322e-15,True
843896,326,7,15.858157889895693,18.6320895147834,-61025.74807177164,56,56,2.708748607377742,4.723721144819263,-73524.19925056428,0.0,73524.19925056428,14049.562774014694,653.333961314198,0.0,True
843896,326,8,10.0,21.713207528465016,-28155.684850579673,220,220,6.0,6.0,-48878.927120878056,1.296740492762182e-13,48878.927120878056,5572.700476972008,2601.9280920022525,1.296740492762182e-14,True
843896,326,9,10.0,11.252785588268896,-45986.69415318356,71,71,3.13256444702339,6.0,-61138.620447504014,0.0,61138.620447504014,11317.370900708924,847.873609552665,0.0,True
843896,327,0,33.977613206523735,34.333899147159244,8859517.537158674,250,250,6.0,6.0,76453.11240882962,100259.01085667625,23805.89844784663,0.0,2950.7373059808288,2950.7373059808224,False
843896,327,1,10.0,10.0,-31711.19544701632,70,70,3.207128046778589,5.862495132632444,-75697.3289480581,0.0,75697.3289480581,14276.655287225622,790.0809188810268,0.0,True
843896,327,2,18.56608641203773,13.892441348451465,-21582.279934578663,54,54,2.3782221848931377,4.400505987697088,-63947.671025664895,1279.696607874339,65227.36763353923,12473.894407247953,607.0718855864417,68.92656747760365,True
843896,327,3,10.5,20.24545966702548,-94948.85271081199,167,167,6.0,6.0,-91921.05869912685,13362.96317364467,105284.02187277153,17845.016030574356,1982.367714987467,1272.6631593947304,True
843896,327,4,11.0,10.5,-51699.58803100586,75,75,3.2696671903197827,5.9,-78844.78193915129,0.0,78844.78193915129,14812.49721282024,869.560772920843,0.0,True
843896,327,5,10.0,13.925625447624187,-17437.625980911886,74,74,2.866278651765272,5.580179845317385,-66016.73291011862,0.0,66016.73291011862,12303.42331445966,883.553254037477,0.0,True
843896,327,6,10.0,10.5,-21134.716294715137,75,75,3.366544052695526,6.0,-67657.40687359788,9.414691248821322e-14,67657.40687359788,12560.338268822126,867.5444538927729,9.414691248821322e-15,True
843896,327,7,15.858157889895693,18.6320895147834,-61025.74807177164,56,56,2.708748607377742,4.723721144819263,-73524.19925056428,0.0,73524.19925056428,14049.562774014694,653.333961314198,0.0,True
843896,327,8,10.0,21.713207528465016,-28155.684850579673,220,220,6.0,6.0,-48878.927120878056,1.296740492762182e-13,48878.927120878056,5572.700476972008,2601.9280920022525,1.296740492762182e-14,True
843896,327,9,10.0,11.252785588268896,-45986.69415318356,71,71,3.13256444702339,6.0,-61138.620447504014,0.0,61138.620447504014,11317.370900708924,847.873609552665,0.0,True
843896,328,0,37.37537452717611,37.76728906187517,8932684.597128745,250,250,6.0,6.0,82908.88223534654,107136.03138586973,24227.149150523193,84.25014053531271,2950.7373059808288,2866.4871654455196,False
843896,328,1,10.0,10.0,-31711.19544701632,70,70,3.207128046778589,5.862495132632444,-75697.3289480581,0.0,75697.3289480581,14276.655287225622,790.0809188810268,0.0,True
843896,328,2,18.56608641203773,13.892441348451465,-21582.279934578663,54,54,2.3782221848931377,4.400505987697088,-63947.671025664895,1279.696607874339,65227.36763353923,12473.894407247953,607.0718855864417,68.92656747760365,True
843896,328,3,10.5,20.24545966702548,-94948.85271081199,167,167,6.0,6.0,-91921.05869912685,13362.96317364467,105284.02187277153,17845.016030574356,1982.367714987467,1272.6631593947304,True
843896,328,4,11.0,10.5,-51699.58803100586,75,75,3.2696671903197827,5.9,-78844.78193915129,0.0,78844.78193915129,14812.49721282024,869.560772920843,0.0,True
843896,328,5,10.0,13.925625447624187,-17437.625980911886,74,74,2.866278651765272,5.580179845317385,-66016.73291011862,0.0,66016.73291011862,12303.42331445966,883.553254037477,0.0,True
843896,328,6,10.0,10.5,-21134.716294715137,75,75,3.366544052695526,6.0,-67657.40687359788,9.414691248821322e-14,67657.40687359788,12560.338268822126,867.5444538927729,9.414691248821322e-15,True
843896,328,7,15.858157889895693,18.6320895147834,-61025.74807177164,56,56,2.708748607377742,4.723721144819263,-73524.19925056428,0.0,73524.19925056428,14049.562774014694,653.333961314198,0.0,True
843896,328,8,10.0,21.713207528465016,-28155.684850579673,220,220,6.0,6.0,-48878.927120878056,1.296740492762182e-13,48878.927120878056,5572.700476972008,2601.9280920022525,1.296740492762182e-14,True
843896,328,9,10.0,11.252785588268896,-45986.69415318356,71,71,3.13256444702339,6.0,-61138.620447504014,0.0,61138.620447504014,11317.370900708924,847.873609552665,0.0,True
843896,329,0,41.11291197989373,35.87892460878141,9002640.163517438,250,250,6.0,6.0,79225.2975407497,105389.10127221685,26163.803731467153,471.58105672410454,2950.7373059808288,2563.406389792029,False
843896,329,1,10.0,10.0,-31711.19544701632,70,70,3.207128046778589,5.862495132632444,-75697.3289480581,0.0,75697.3289480581,14276.655287225622,790.0809188810268,0.0,True
843896,329,2,18.56608641203773,13.892441348451465,-21582.279934578663,54,54,2.3782221848931377,4.400505987697088,-63947.671025664895,1279.696607874339,65227.36763353923,12473.894407247953,607.0718855864417,68.92656747760365,True
843896,329,3,10.5,20.24545966702548,-94948.85271081199,167,167,6.0,6.0,-91921.05869912685,13362.96317364467,105284.02187277153,17845.016030574356,1982.367714987467,1272.6631593947304,True
843896,329,4,11.0,10.5,-51699.58803100586,75,75,3.2696671903197827,5.9,-78844.78193915129,0.0,78844.78193915129,14812.49721282024,869.560772920843,0.0,True
843896,329,5,10.0,13.925625447624187,-17437.625980911886,74,74,2.866278651765272,5.580179845317385,-66016.73291011862,0.0,66016.73291011862,12303.42331445966,883.553254037477,0.0,True
843896,329,6,10.0,10.5,-21134.716294715137,75,75,3.366544052695526,6.0,-67657.40687359788,9.414691248821322e-14,67657.40687359788,12560.338268822126,867.5444538927729,9.414691248821322e-15,True
843896,329,7,15.858157889895693,18.6320895147834,-61025.74807177164,56,56,2.708748607377742,4.723721144819263,-73524.19925056428,0.0,73524.19925056428,14049.562774014694,653.333961314198,0.0,True
843896,329,8,10.0,21.713207528465016,-28155.684850579673,220,220,6.0,6.0,-48878.927120878056,1.296740492762182e-13,48878.927120878056,5572.700476972008,2601.9280920022525,1.296740492762182e-14,True
843896,329,9,10.0,11.252785588268896,-45986.69415318356,71,71,3.13256444702339,6.0,-61138.620447504014,0.0,61138.620447504014,11317.370900708924,847.873609552665,0.0,True
843896,330,0,37.00162078190436,34.08497837834234,9069942.172370464,250,250,6.0,6.0,76123.25344738805,103107.85950930187,26984.606061913815,635.741522813437,2950.7373059808288,2786.5768398914774,False
843896,330,1,10.0,10.0,-31711.19544701632,70,70,3.207128046778589,5.862495132632444,-75697.3289480581,0.0,75697.3289480581,14276.655287225622,790.0809188810268,0.0,True
843896,330,2,18.56608641203773,13.892441348451465,-21582.279934578663,54,54,2.3782221848931377,4.400505987697088,-63947.671025664895,1279.696607874339,65227.36763353923,12473.894407247953,607.0718855864417,68.92656747760365,True
843896,330,3,10.5,20.24545966702548,-94948.85271081199,167,167,6.0,6.0,-91921.05869912685,13362.96317364467,105284.02187277153,17845.016030574356,1982.367714987467,1272.6631593947304,True
843896,330,4,11.0,10.5,-51699.58803100586,75,75,3.2696671903197827,5.9,-78844.78193915129,0.0,78844.78193915129,14812.49721282024,869.560772920843,0.0,True
843896,330,5,10.0,13.925625447624187,-17437.625980911886,74,74,2.866278651765272,5.580179845317385,-66016.73291011862,0.0,66016.73291011862,12303.42331445966,883.553254037477,0.0,True
843896,330,6,10.0,10.5,-21134.716294715137,75,75,3.366544052695526,6.0,-67657.40687359788,9.414691248821322e-14,67657.40687359788,12560.338268822126,867.5444538927729,9.414691248821322e-15,True
843896,330,7,15.858157889895693,18.6320895147834,-61025.74807177164,56,56,2.708748607377742,4.723721144819263,-73524.19925056428,0.0,73524.19925056428,14049.562774014694,653.333961314198,0.0,True
843896,330,8,10.0,21.713207528465016,-28155.684850579673,220,220,6.0,6.0,-48878.927120878056,1.296740492762182e-13,48878.927120878056,5572.700476972008,2601.9280920022525,1.296740492762182e-14,True
843896,330,9,10.0,11.252785588268896,-45986.69415318356,71,71,3.13256444702339,6.0,-61138.620447504014,0.0,61138.620447504014,11317.370900708924,847.873609552665,0.0,True
843896,331,0,33.30145870371392,32.380729459425226,9138583.785702333,250,250,6.0,6.0,77036.79569667568,103269.79262765557,26232.996930979887,485.4196966266514,2950.7373059808288,3101.0591321676393,False
843896,331,1,10.0,10.0,-31711.19544701632,70,70,3.207128046778589,5.862495132632444,-75697.3289480581,0.0,75697.3289480581,14276.655287225622,790.0809188810268,0.0,True
843896,331,2,18.56608641203773,13.892441348451465,-21582.279934578663,54,54,2.3782221848931377,4.400505987697088,-63947.671025664895,1279.696607874339,65227.36763353923,12473.894407247953,607.0718855864417,68.92656747760365,True
843896,331,3,10.5,20.24545966702548,-94948.85271081199,167,167,6.0,6.0,-91921.05869912685,13362.96317364467,105284.02187277153,17845.016030574356,1982.367714987467,1272.6631593947304,True
843896,331,4,11.0,10.5,-51699.58803100586,75,75,3.2696671903197827,5.9,-78844.78193915129,0.0,78844.78193915129,14812.49721282024,869.560772920843,0.0,True
843896,331,5,10.0,13.925625447624187,-17437.625980911886,74,74,2.866278651765272,5.580179845317385,-66016.73291011862,0.0,66016.73291011862,12303.42331445966,883.553254037477,0.0,True
843896,331,6,10.0,10.5,-21134.716294715137,75,75,3.366544052695526,6.0,-67657.40687359788,9.414691248821322e-14,67657.40687359788,12560.338268822126,867.5444538927729,9.414691248821322e-15,True
843896,331,7,15.858157889895693,18.6320895147834,-61025.74807177164,56,56,2.708748607377742,4.723721144819263,-73524.19925056428,0.0,73524.19925056428,14049.562774014694,653.333961314198,0.0,True
843896,331,8,10.0,21.713207528465016,-28155.684850579673,220,220,6.0,6.0,-48878.927120878056,1.296740492762182e-13,48878.927120878056,5572.700476972008,2601.9280920022525,1.296740492762182e-14,True
843896,331,9,10.0,11.252785588268896,-45986.69415318356,71,71,3.13256444702339,6.0,-61138.620447504014,0.0,61138.620447504014,11317.370900708924,847.873609552665,0.0,True
843896,332,0,29.971312833342527,30.761692986453962,9209773.600477643,250,250,6.0,6.0,79180.2380217826,102986.13646962923,23805.89844784663,0.0,2950.7373059808288,3436.157002607476,False
843896,332,1,10.0,10.0,-31711.19544701632,70,70,3.207128046778589,5.862495132632444,-75697.3289480581,0.0,75697.3289480581,14276.655287225622,790.0809188810268,0.0,True
843896,332,2,18.56608641203773,13.892441348451465,-21582.279934578663,54,54,2.3782221848931377,4.400505987697088,-63947.671025664895,1279.696607874339,65227.36763353923,12473.894407247953,607.0718855864417,68.92656747760365,True
843896,332,3,10.5,20.24545966702548,-94948.85271081199,167,167,6.0,6.0,-91921.05869912685,13362.96317364467,105284.02187277153,17845.016030574356,1982.367714987467,1272.6631593947304,True
843896,332,4,11.0,10.5,-51699.58803100586,75,75,3.2696671903197827,5.9,-78844.78193915129,0.0,78844.78193915129,14812.49721282024,869.560772920843,0.0,True
843896,332,5,10.0,13.925625447624187,-17437.625980911886,74,74,2.866278651765272,5.580179845317385,-66016.73291011862,0.0,66016.73291011862,12303.42331445966,883.553254037477,0.0,True
843896,332,6,10.0,10.5,-21134.716294715137,75,75,3.366544052695526,6.0,-67657.40687359788,9.414691248821322e-14,67657.40687359788,12560.338268822126,867.5444538927729,9.414691248821322e-15,True
843896,332,7,15.858157889895693,18.6320895147834,-61025.74807177164,56,56,2.708748607377742,4.723721144819263,-73524.19925056428,0.0,73524.19925056428,14049.562774014694,653.333961314198,0.0,True
843896,332,8,10.0,21.713207528465016,-28155.684850579673,220,220,6.0,6.0,-48878.927120878056,1.296740492762182e-13,48878.927120878056,5572.700476972008,2601.9280920022525,1.296740492762182e-14,True
843896,332,9,10.0,11.252785588268896,-45986.69415318356,71,71,3.13256444702339,6.0,-61138.620447504014,0.0,61138.620447504014,11317.370900708924,847.873609552665,0.0,True
843896,333,0,32.968444116676785,33.83786228509936,9274489.454433806,250,250,6.0,6.0,73475.319527376,97281.21797522264,23805.89844784663,0.0,2950.7373059808288,2950.737305980837,False
843896,333,1,10.0,10.0,-31711.19544701632,70,70,3.207128046778589,5.862495132632444,-75697.3289480581,0.0,75697.3289480581,14276.655287225622,790.0809188810268,0.0,True
843896,333,2,18.56608641203773,13.892441348451465,-21582.279934578663,54,54,2.3782221848931377,4.400505987697088,-63947.671025664895,1279.696607874339,65227.36763353923,12473.894407247953,607.0718855864417,68.92656747760365,True
843896,333,3,10.5,20.24545966702548,-94948.85271081199,167,167,6.0,6.0,-91921.05869912685,13362.96317364467,105284.02187277153,17845.016030574356,1982.367714987467,1272.6631593947304,True
843896,333,4,11.0,10.5,-51699.58803100586,75,75,3.2696671903197827,5.9,-78844.78193915129,0.0,78844.78193915129,14812.49721282024,869.560772920843,0.0,True
843896,333,5,10.0,13.925625447624187,-17437.625980911886,74,74,2.866278651765272,5.580179845317385,-66016.73291011862,0.0,66016.73291011862,12303.42331445966,883.553254037477,0.0,True
843896,333,6,10.0,10.5,-21134.716294715137,75,75,3.366544052695526,6.0,-67657.40687359788,9.414691248821322e-14,67657.40687359788,12560.338268822126,867.5444538927729,9.414691248821322e-15,True
843896,333,7,15.858157889895693,18.6320895147834,-61025.74807177164,56,56,2.708748607377742,4.723721144819263,-73524.19925056428,0.0,73524.19925056428,14049.562774014694,653.333961314198,0.0,True
843896,333,8,10.0,21.713207528465016,-28155.684850579673,220,220,6.0,6.0,-48878.927120878056,1.296740492762182e-13,48878.927120878056,5572.700476972008,2601.9280920022525,1.296740492762182e-14,True
843896,333,9,10.0,11.252785588268896,-45986.69415318356,71,71,3.13256444702339,6.0,-61138.620447504014,0.0,61138.620447504014,11317.370900708924,847.873609552665,0.0,True
843896,334,0,36.26528852834447,37.2216485136093,9344762.486558348,250,250,6.0,6.0,79878.44425310989,104087.22332900594,24208.779075896044,80.57612560988255,2950.7373059808288,2870.1611803709416,False
843896,334,1,10.0,10.0,-31711.19544701632,70,70,3.207128046778589,5.862495132632444,-75697.3289480581,0.0,75697.3289480581,14276.655287225622,790.0809188810268,0.0,True
843896,334,2,18.56608641203773,13.892441348451465,-21582.279934578663,54,54,2.3782221848931377,4.400505987697088,-63947.671025664895,1279.696607874339,65227.36763353923,12473.894407247953,607.0718855864417,68.92656747760365,True
843896,334,3,10.5,20.24545966702548,-94948.85271081199,167,167,6.0,6.0,-91921.05869912685,13362.96317364467,105284.02187277153,17845.016030574356,1982.367714987467,1272.6631593947304,True
843896,334,4,11.0,10.5,-51699.58803100586,75,75,3.2696671903197827,5.9,-78844.78193915129,0.0,78844.78193915129,14812.49721282024,869.560772920843,0.0,True
843896,334,5,10.0,13.925625447624187,-17437.625980911886,74,74,2.866278651765272,5.580179845317385,-66016.73291011862,0.0,66016.73291011862,12303.42331445966,883.553254037477,0.0,True
843896,334,6,10.0,10.5,-21134.716294715137,75,75,3.366544052695526,6.0,-67657.40687359788,9.414691248821322e-14,67657.40687359788,12560.338268822126,867.5444538927729,9.414691248821322e-15,True
843896,334,7,15.858157889895693,18.6320895147834,-61025.74807177164,56,56,2.708748607377742,4.723721144819263,-73524.19925056428,0.0,73524.19925056428,14049.562774014694,653.333961314198,0.0,True
843896,334,8,10.0,21.713207528465016,-28155.684850579673,220,220,6.0,6.0,-48878.927120878056,1.296740492762182e-13,48878.927120878056,5572.700476972008,2601.9280920022525,1.296740492762182e-14,True
843896,334,9,10.0,11.252785588268896,-45986.69415318356,71,71,3.13256444702339,6.0,-61138.620447504014,0.0,61138.620447504014,11317.370900708924,847.873609552665,0.0,True
843896,335,0,39.89181738117892,35.36056608792884,9412602.40091289,250,250,6.0,6.0,76980.05587630959,103028.97417596763,26048.91829965803,448.60397036228017,2950.7373059808288,2582.7094612284327,False
843896,335,1,10.0,10.0,-31711.19544701632,70,70,3.207128046778589,5.862495132632444,-75697.3289480581,0.0,75697.3289480581,14276.655287225622,790.0809188810268,0.0,True
843896,335,2,18.56608641203773,13.892441348451465,-21582.279934578663,54,54,2.3782221848931377,4.400505987697088,-63947.671025664895,1279.696607874339,65227.36763353923,12473.894407247953,607.0718855864417,68.92656747760365,True
843896,335,3,10.5,20.24545966702548,-94948.85271081199,167,167,6.0,6.0,-91921.05869912685,13362.96317364467,105284.02187277153,17845.016030574356,1982.367714987467,1272.6631593947304,True
843896,335,4,11.0,10.5,-51699.58803100586,75,75,3.2696671903197827,5.9,-78844.78193915129,0.0,78844.78193915129,14812.49721282024,869.560772920843,0.0,True
843896,335,5,10.0,13.925625447624187,-17437.625980911886,74,74,2.866278651765272,5.580179845317385,-66016.73291011862,0.0,66016.73291011862,12303.42331445966,883.553254037477,0.0,True
843896,335,6,10.0,10.5,-21134.716294715137,75,75,3.366544052695526,6.0,-67657.40687359788,9.414691248821322e-14,67657.40687359788,12560.338268822126,867.5444538927729,9.414691248821322e-15,True
843896,335,7,15.858157889895693,18.6320895147834,-61025.74807177164,56,56,2.708748607377742,4.723721144819263,-73524.19925056428,0.0,73524.19925056428,14049.562774014694,653.333961314198,0.0,True
843896,335,8,10.0,21.713207528465016,-28155.684850579673,220,220,6.0,6.0,-48878.927120878056,1.296740492762182e-13,48878.927120878056,5572.700476972008,2601.9280920022525,1.296740492762182e-14,True
843896,335,9,10.0,11.252785588268896,-45986.69415318356,71,71,3.13256444702339,6.0,-61138.620447504014,0.0,61138.620447504014,11317.370900708924,847.873609552665,0.0,True
843896,336,0,35.902635643061025,33.59253778353239,9478115.643772388,250,250,6.0,6.0,74211.37730526947,100954.49913005583,26743.12182478636,587.4446753879466,2950.7373059808288,2811.896600955187,False
843896,336,1,10.0,10.0,-31711.19544701632,70,70,3.207128046778589,5.862495132632444,-75697.3289480581,0.0,75697.3289480581,14276.655287225622,790.0809188810268,0.0,True
843896,336,2,18.56608641203773,13.892441348451465,-21582.279934578663,54,54,2.3782221848931377,4.400505987697088,-63947.671025664895,1279.696607874339,65227.36763353923,12473.894407247953,607.0718855864417,68.92656747760365,True
843896,336,3,10.5,20.24545966702548,-94948.85271081199,167,167,6.0,6.0,-91921.05869912685,13362.96317364467,105284.02187277153,17845.016030574356,1982.367714987467,1272.6631593947304,True
843896,336,4,11.0,10.5,-51699.58803100586,75,75,3.2696671903197827,5.9,-78844.78193915129,0.0,78844.78193915129,14812.49721282024,869.560772920843,0.0,True
843896,336,5,10.0,13.925625447624187,-17437.625980911886,74,74,2.866278651765272,5.580179845317385,-66016.73291011862,0.0,66016.73291011862,12303.42331445966,883.553254037477,0.0,True
843896,336,6,10.0,10.5,-21134.716294715137,75,75,3.366544052695526,6.0,-67657.40687359788,9.414691248821322e-14,67657.40687359788,12560.338268822126,867.5444538927729,9.414691248821322e-15,True
843896,336,7,15.858157889895693,18.6320895147834,-61025.74807177164,56,56,2.708748607377742,4.723721144819263,-73524.19925056428,0.0,73524.19925056428,14049.562774014694,653.333961314198,0.0,True
843896,336,8,10.0,21.713207528465016,-28155.684850579673,220,220,6.0,6.0,-48878.927120878056,1.296740492762182e-13,48878.927120878056,5572.700476972008,2601.9280920022525,1.296740492762182e-14,True
843896,336,9,10.0,11.252785588268896,-45986.69415318356,71,71,3.13256444702339,6.0,-61138.620447504014,0.0,61138.620447504014,11317.370900708924,847.873609552665,0.0,True
843896,337,0,32.312372078754926,31.91291089435577,9544631.163167298,250,250,6.0,6.0,74793.74711830055,100707.17803084698,25913.430912546413,421.50649293995696,2950.7373059808288,3116.6754884288107,False
843896,337,1,10.0,10.0,-31711.19544701632,70,70,3.207128046778589,5.862495132632444,-75697.3289480581,0.0,75697.3289480581,14276.655287225622,790.0809188810268,0.0,True
843896,337,2,18.56608641203773,13.892441348451465,-21582.279934578663,54,54,2.3782221848931377,4.400505987697088,-63947.671025664895,1279.696607874339,65227.36763353923,12473.894407247953,607.0718855864417,68.92656747760365,True
843896,337,3,10.5,20.24545966702548,-94948.85271081199,167,167,6.0,6.0,-91921.05869912685,13362.96317364467,105284.02187277153,17845.016030574356,1982.367714987467,1272.6631593947304,True
843896,337,4,11.0,10.5,-51699.58803100586,75,75,3.2696671903197827,5.9,-78844.78193915129,0.0,78844.78193915129,14812.49721282024,869.560772920843,0.0,True
843896,337,5,10.0,13.925625447624187,-17437.625980911886,74,74,2.866278651765272,5.580179845317385,-66016.73291011862,0.0,66016.73291011862,12303.42331445966,883.553254037477,0.0,True
843896,337,6,10.0,10.5,-21134.716294715137,75,75,3.366544052695526,6.0,-67657.40687359788,9.414691248821322e-14,67657.40687359788,12560.338268822126,867.5444538927729,9.414691248821322e-15,True
843896,337,7,15.858157889895693,18.6320895147834,-61025.74807177164,56,56,2.708748607377742,4.723721144819263,-73524.19925056428,0.0,73524.19925056428,14049.562774014694,653.333961314198,0.0,True
843896,337,8,10.0,21.713207528465016,-28155.684850579673,220,220,6.0,6.0,-48878.927120878056,1.296740492762182e-13,48878.927120878056,5572.700476972008,2601.9280920022525,1.296740492762182e-14,True
843896,337,9,10.0,11.252785588268896,-45986.69415318356,71,71,3.13256444702339,6.0,-61138.620447504014,0.0,61138.620447504014,11317.370900708924,847.873609552665,0.0,True
843896,338,0,29.081134870879435,30.31726534963798,9611014.625115762,250,250,6.0,6.0,74262.7782860557,98068.67673390234,23805.89844784663,0.0,2950.7373059808288,3372.2437989207906,False
843896,338,1,10.0,10.0,-31711.19544701632,70,70,3.207128046778589,5.862495132632444,-75697.3289480581,0.0,75697.3289480581,14276.655287225622,790.0809188810268,0.0,True
843896,338,2,18.56608641203773,13.892441348451465,-21582.279934578663,54,54,2.3782221848931377,4.400505987697088,-63947.671025664895,1279.696607874339,65227.36763353923,12473.894407247953,607.0718855864417,68.92656747760365,True
843896,338,3,10.5,20.24545966702548,-94948.85271081199,167,167,6.0,6.0,-91921.05869912685,13362.96317364467,105284.02187277153,17845.016030574356,1982.367714987467,1272.6631593947304,True
843896,338,4,11.0,10.5,-51699.58803100586,75,75,3.2696671903197827,5.9,-78844.78193915129,0.0,78844.78193915129,14812.49721282024,869.560772920843,0.0,True
843896,338,5,10.0,13.925625447624187,-17437.625980911886,74,74,2.866278651765272,5.580179845317385,-66016.73291011862,0.0,66016.73291011862,12303.42331445966,883.553254037477,0.0,True
843896,338,6,10.0,10.5,-21134.716294715137,75,75,3.366544052695526,6.0,-67657.40687359788,9.414691248821322e-14,67657.40687359788,12560.338268822126,867.5444538927729,9.414691248821322e-15,True
843896,338,7,15.858157889895693,18.6320895147834,-61025.74807177164,56,56,2.708748607377742,4.723721144819263,-73524.19925056428,0.0,73524.19925056428,14049.562774014694,653.333961314198,0.0,True
843896,338,8,10.0,21.713207528465016,-28155.684850579673,220,220,6.0,6.0,-48878.927120878056,1.296740492762182e-13,48878.927120878056,5572.700476972008,2601.9280920022525,1.296740492762182e-14,True
843896,338,9,10.0,11.252785588268896,-45986.69415318356,71,71,3.13256444702339,6.0,-61138.620447504014,0.0,61138.620447504014,11317.370900708924,847.873609552665,0.0,True
843896,339,0,31.98924835796738,33.34899188460178,9672963.347217076,250,250,6.0,6.0,70585.97007229396,94391.86852014059,23805.89844784663,0.0,2950.7373059808288,2950.7373059808374,False
843896,339,1,10.0,10.0,-31711.19544701632,70,70,3.207128046778589,5.862495132632444,-75697.3289480581,0.0,75697.3289480581,14276.655287225622,790.0809188810268,0.0,True
843896,339,2,18.56608641203773,13.892441348451465,-21582.279934578663,54,54,2.3782221848931377,4.400505987697088,-63947.671025664895,1279.696607874339,65227.36763353923,12473.894407247953,607.0718855864417,68.92656747760365,True
843896,339,3,10.5,20.24545966702548,-94948.85271081199,167,167,6.0,6.0,-91921.05869912685,13362.96317364467,105284.02187277153,17845.016030574356,1982.367714987467,1272.6631593947304,True
843896,339,4,11.0,10.5,-51699.58803100586,75,75,3.2696671903197827,5.9,-78844.78193915129,0.0,78844.78193915129,14812.49721282024,869.560772920843,0.0,True
843896,339,5,10.0,13.925625447624187,-17437.625980911886,74,74,2.866278651765272,5.580179845317385,-66016.73291011862,0.0,66016.73291011862,12303.42331445966,883.553254037477,0.0,True
843896,339,6,10.0,10.5,-21134.716294715137,75,75,3.366544052695526,6.0,-67657.40687359788,9.414691248821322e-14,67657.40687359788,12560.338268822126,867.5444538927729,9.414691248821322e-15,True
843896,339,7,15.858157889895693,18.6320895147834,-61025.74807177164,56,56,2.708748607377742,4.723721144819263,-73524.19925056428,0.0,73524.19925056428,14049.562774014694,653.333961314198,0.0,True
843896,339,8,10.0,21.713207528465016,-28155.684850579673,220,220,6.0,6.0,-48878.927120878056,1.296740492762182e-13,48878.927120878056,5572.700476972008,2601.9280920022525,1.296740492762182e-14,True
843896,339,9,10.0,11.252785588268896,-45986.69415318356,71,71,3.13256444702339,6.0,-61138.620447504014,0.0,61138.620447504014,11317.370900708924,847.873609552665,0.0,True
843896,340,0,35.18817319376412,36.683891073061965,9743517.531373166,250,250,6.0,6.0,80025.15692430777,103831.0553721544,23805.89844784663,0.0,2950.7373059808288,2950.7373059808297,False
843896,340,1,10.0,10.0,-31711.19544701632,70,70,3.207128046778589,5.862495132632444,-75697.3289480581,0.0,75697.3289480581,14276.655287225622,790.0809188810268,0.0,True
843896,340,2,18.56608641203773,13.892441348451465,-21582.279934578663,54,54,2.3782221848931377,4.400505987697088,-63947.671025664895,1279.696607874339,65227.36763353923,12473.894407247953,607.0718855864417,68.92656747760365,True
843896,340,3,10.5,20.24545966702548,-94948.85271081199,167,167,6.0,6.0,-91921.05869912685,13362.96317364467,105284.02187277153,17845.016030574356,1982.367714987467,1272.6631593947304,True
843896,340,4,11.0,10.5,-51699.58803100586,75,75,3.2696671903197827,5.9,-78844.78193915129,0.0,78844.78193915129,14812.49721282024,869.560772920843,0.0,True
843896,340,5,10.0,13.925625447624187,-17437.625980911886,74,74,2.866278651765272,5.580179845317385,-66016.73291011862,0.0,66016.73291011862,12303.42331445966,883.553254037477,0.0,True
843896,340,6,10.0,10.5,-21134.716294715137,75,75,3.366544052695526,6.0,-67657.40687359788,9.414691248821322e-14,67657.40687359788,12560.338268822126,867.5444538927729,9.414691248821322e-15,True
843896,340,7,15.858157889895693,18.6320895147834,-61025.74807177164,56,56,2.708748607377742,4.723721144819263,-73524.19925056428,0.0,73524.19925056428,14049.562774014694,653.333961314198,0.0,True
843896,340,8,10.0,21.713207528465016,-28155.684850579673,220,220,6.0,6.0,-48878.927120878056,1.296740492762182e-13,48878.927120878056,5572.700476972008,2601.9280920022525,1.296740492762182e-14,True
843896,340,9,10.0,11.252785588268896,-45986.69415318356,71,71,3.13256444702339,6.0,-61138.620447504014,0.0,61138.620447504014,11317.370900708924,847.873609552665,0.0,True
843896,341,0,38.70699051314054,40.35228018036816,9819137.623408109,250,250,6.0,6.0,86008.1620801682,110317.42398654806,24309.261906379856,100.67269170664522,2950.7373059808288,2850.0646142741757,False
843896,341,1,10.0,10.0,-31711.19544701632,70,70,3.207128046778589,5.862495132632444,-75697.3289480581,0.0,75697.3289480581,14276.655287225622,790.0809188810268,0.0,True
843896,341,2,18.56608641203773,13.892441348451465,-21582.279934578663,54,54,2.3782221848931377,4.400505987697088,-63947.671025664895,1279.696607874339,65227.36763353923,12473.894407247953,607.0718855864417,68.92656747760365,True
843896,341,3,10.5,20.24545966702548,-94948.85271081199,167,167,6.0,6.0,-91921.05869912685,13362.96317364467,105284.02187277153,17845.016030574356,1982.367714987467,1272.6631593947304,True
843896,341,4,11.0,10.5,-51699.58803100586,75,75,3.2696671903197827,5.9,-78844.78193915129,0.0,78844.78193915129,14812.49721282024,869.560772920843,0.0,True
843896,341,5,10.0,13.925625447624187,-17437.625980911886,74,74,2.866278651765272,5.580179845317385,-66016.73291011862,0.0,66016.73291011862,12303.42331445966,883.553254037477,0.0,True
843896,341,6,10.0,10.5,-21134.716294715137,75,75,3.366544052695526,6.0,-67657.40687359788,9.414691248821322e-14,67657.40687359788,12560.338268822126,867.5444538927729,9.414691248821322e-15,True
843896,341,7,15.858157889895693,18.6320895147834,-61025.74807177164,56,56,2.708748607377742,4.723721144819263,-73524.19925056428,0.0,73524.19925056428,14049.562774014694,653.333961314198,0.0,True
843896,341,8,10.0,21.713207528465016,-28155.684850579673,220,220,6.0,6.0,-48878.927120878056,1.296740492762182e-13,48878.927120878056,5572.700476972008,2601.9280920022525,1.296740492762182e-14,True
843896,341,9,10.0,11.252785588268896,-45986.69415318356,71,71,3.13256444702339,6.0,-61138.620447504014,0.0,61138.620447504014,11317.370900708924,847.873609552665,0.0,True
843896,342,0,42.577689564454595,38.33466617134975,9893099.863997435,250,250,6.0,6.0,83845.90713233614,109992.20737765323,26146.300245317085,468.08035949409077,2950.7373059808288,2583.3296381933965,False
843896,342,1,10.0,10.0,-31711.19544701632,70,70,3.207128046778589,5.862495132632444,-75697.3289480581,0.0,75697.3289480581,14276.655287225622,790.0809188810268,0.0,True
843896,342,2,18.56608641203773,13.892441348451465,-21582.279934578663,54,54,2.3782221848931377,4.400505987697088,-63947.671025664895,1279.696607874339,65227.36763353923,12473.894407247953,607.0718855864417,68.92656747760365,True
843896,342,3,10.5,20.24545966702548,-94948.85271081199,167,167,6.0,6.0,-91921.05869912685,13362.96317364467,105284.02187277153,17845.016030574356,1982.367714987467,1272.6631593947304,True
843896,342,4,11.0,10.5,-51699.58803100586,75,75,3.2696671903197827,5.9,-78844.78193915129,0.0,78844.78193915129,14812.49721282024,869.560772920843,0.0,True
843896,342,5,10.0,13.925625447624187,-17437.625980911886,74,74,2.866278651765272,5.580179845317385,-66016.73291011862,0.0,66016.73291011862,12303.42331445966,883.553254037477,0.0,True
843896,342,6,10.0,10.5,-21134.716294715137,75,75,3.366544052695526,6.0,-67657.40687359788,9.414691248821322e-14,67657.40687359788,12560.338268822126,867.5444538927729,9.414691248821322e-15,True
843896,342,7,15.858157889895693,18.6320895147834,-61025.74807177164,56,56,2.708748607377742,4.723721144819263,-73524.19925056428,0.0,73524.19925056428,14049.562774014694,653.333961314198,0.0,True
843896,342,8,10.0,21.713207528465016,-28155.684850579673,220,220,6.0,6.0,-48878.927120878056,1.296740492762182e-13,48878.927120878056,5572.700476972008,2601.9280920022525,1.296740492762182e-14,True
843896,342,9,10.0,11.252785588268896,-45986.69415318356,71,71,3.13256444702339,6.0,-61138.620447504014,0.0,61138.620447504014,11317.370900708924,847.873609552665,0.0,True
843896,343,0,38.319920608009134,36.417932862782266,9965424.755443685,250,250,6.0,6.0,81729.37466185428,108475.43874793721,26746.064086082926,588.0331276472591,2950.7373059808288,2830.784537827698,False
843896,343,1,10.0,10.0,-31711.19544701632,70,70,3.207128046778589,5.862495132632444,-75697.3289480581,0.0,75697.3289480581,14276.655287225622,790.0809188810268,0.0,True
843896,343,2,18.56608641203773,13.892441348451465,-21582.279934578663,54,54,2.3782221848931377,4.400505987697088,-63947.671025664895,1279.696607874339,65227.36763353923,12473.894407247953,607.0718855864417,68.92656747760365,True
843896,343,3,10.5,20.24545966702548,-94948.85271081199,167,167,6.0,6.0,-91921.05869912685,13362.96317364467,105284.02187277153,17845.016030574356,1982.367714987467,1272.6631593947304,True
843896,343,4,11.0,10.5,-51699.58803100586,75,75,3.2696671903197827,5.9,-78844.78193915129,0.0,78844.78193915129,14812.49721282024,869.560772920843,0.0,True
843896,343,5,10.0,13.925625447624187,-17437.625980911886,74,74,2.866278651765272,5.580179845317385,-66016.73291011862,0.0,66016.73291011862,12303.42331445966,883.553254037477,0.0,True
843896,343,6,10.0,10.5,-21134.716294715137,75,75,3.366544052695526,6.0,-67657.40687359788,9.414691248821322e-14,67657.40687359788,12560.338268822126,867.5444538927729,9.414691248821322e-15,True
843896,343,7,15.858157889895693,18.6320895147834,-61025.74807177164,56,56,2.708748607377742,4.723721144819263,-73524.19925056428,0.0,73524.19925056428,14049.562774014694,653.333961314198,0.0,True
843896,343,8,10.0,21.713207528465016,-28155.684850579673,220,220,6.0,6.0,-48878.927120878056,1.296740492762182e-13,48878.927120878056,5572.700476972008,2601.9280920022525,1.296740492762182e-14,True
843896,343,9,10.0,11.252785588268896,-45986.69415318356,71,71,3.13256444702339,6.0,-61138.620447504014,0.0,61138.620447504014,11317.370900708924,847.873609552665,0.0,True
843896,344,0,34.48792854720822,34.59703621964315,10035871.164730724,250,250,6.0,6.0,79395.66834207287,105587.5231775142,26191.854835441336,477.1912775189411,2950.7373059808288,3061.579156109144,False
843896,344,1,10.0,10.0,-31711.19544701632,70,70,3.207128046778589,5.862495132632444,-75697.3289480581,0.0,75697.3289480581,14276.655287225622,790.0809188810268,0.0,True
843896,344,2,18.56608641203773,13.892441348451465,-21582.279934578663,54,54,2.3782221848931377,4.400505987697088,-63947.671025664895,1279.696607874339,65227.36763353923,12473.894407247953,607.0718855864417,68.92656747760365,True
843896,344,3,10.5,20.24545966702548,-94948.85271081199,167,167,6.0,6.0,-91921.05869912685,13362.96317364467,105284.02187277153,17845.016030574356,1982.367714987467,1272.6631593947304,True
843896,344,4,11.0,10.5,-51699.58803100586,75,75,3.2696671903197827,5.9,-78844.78193915129,0.0,78844.78193915129,14812.49721282024,869.560772920843,0.0,True
843896,344,5,10.0,13.925625447624187,-17437.625980911886,74,74,2.866278651765272,5.580179845317385,-66016.73291011862,0.0,66016.73291011862,12303.42331445966,883.553254037477,0.0,True
843896,344,6,10.0,10.5,-21134.716294715137,75,75,3.366544052695526,6.0,-67657.40687359788,9.414691248821322e-14,67657.40687359788,12560.338268822126,867.5444538927729,9.414691248821322e-15,True
843896,344,7,15.858157889895693,18.6320895147834,-61025.74807177164,56,56,2.708748607377742,4.723721144819263,-73524.19925056428,0.0,73524.19925056428,14049.562774014694,653.333961314198,0.0,True
843896,344,8,10.0,21.713207528465016,-28155.684850579673,220,220,6.0,6.0,-48878.927120878056,1.296740492762182e-13,48878.927120878056,5572.700476972008,2601.9280920022525,1.296740492762182e-14,True
843896,344,9,10.0,11.252785588268896,-45986.69415318356,71,71,3.13256444702339,6.0,-61138.620447504014,0.0,61138.620447504014,11317.370900708924,847.873609552665,0.0,True
843896,345,0,31.0391356924874,32.86718440866099,10109948.410628282,250,250,6.0,6.0,82594.04199955892,106399.94044740555,23805.89844784663,0.0,2950.7373059808288,3427.9285834997722,False
843896,345,1,10.0,10.0,-31711.19544701632,70,70,3.207128046778589,5.862495132632444,-75697.3289480581,0.0,75697.3289480581,14276.655287225622,790.0809188810268,0.0,True
843896,345,2,18.56608641203773,13.892441348451465,-21582.279934578663,54,54,2.3782221848931377,4.400505987697088,-63947.671025664895,1279.696607874339,65227.36763353923,12473.894407247953,607.0718855864417,68.92656747760365,True
843896,345,3,10.5,20.24545966702548,-94948.85271081199,167,167,6.0,6.0,-91921.05869912685,13362.96317364467,105284.02187277153,17845.016030574356,1982.367714987467,1272.6631593947304,True
843896,345,4,11.0,10.5,-51699.58803100586,75,75,3.2696671903197827,5.9,-78844.78193915129,0.0,78844.78193915129,14812.49721282024,869.560772920843,0.0,True
843896,345,5,10.0,13.925625447624187,-17437.625980911886,74,74,2.866278651765272,5.580179845317385,-66016.73291011862,0.0,66016.73291011862,12303.42331445966,883.553254037477,0.0,True
843896,345,6,10.0,10.5,-21134.716294715137,75,75,3.366544052695526,6.0,-67657.40687359788,9.414691248821322e-14,67657.40687359788,12560.338268822126,867.5444538927729,9.414691248821322e-15,True
843896,345,7,15.858157889895693,18.6320895147834,-61025.74807177164,56,56,2.708748607377742,4.723721144819263,-73524.19925056428,0.0,73524.19925056428,14049.562774014694,653.333961314198,0.0,True
843896,345,8,10.0,21.713207528465016,-28155.684850579673,220,220,6.0,6.0,-48878.927120878056,1.296740492762182e-13,48878.927120878056,5572.700476972008,2601.9280920022525,1.296740492762182e-14,True
843896,345,9,10.0,11.252785588268896,-45986.69415318356,71,71,3.13256444702339,6.0,-61138.620447504014,0.0,61138.620447504014,11317.370900708924,847.873609552665,0.0,True
843896,346,0,34.14304926173614,36.15390284952709,10177551.205664685,250,250,6.0,6.0,76941.27074869965,100747.16919654628,23805.89844784663,0.0,2950.7373059808288,2950.7373059808365,False
843896,346,1,10.0,10.0,-31711.19544701632,70,70,3.207128046778589,5.862495132632444,-75697.3289480581,0.0,75697.3289480581,14276.655287225622,790.0809188810268,0.0,True
843896,346,2,18.56608641203773,13.892441348451465,-21582.279934578663,54,54,2.3782221848931377,4.400505987697088,-63947.671025664895,1279.696607874339,65227.36763353923,12473.894407247953,607.0718855864417,68.92656747760365,True
843896,346,3,10.5,20.24545966702548,-94948.85271081199,167,167,6.0,6.0,-91921.05869912685,13362.96317364467,105284.02187277153,17845.016030574356,1982.367714987467,1272.6631593947304,True
843896,346,4,11.0,10.5,-51699.58803100586,75,75,3.2696671903197827,5.9,-78844.78193915129,0.0,78844.78193915129,14812.49721282024,869.560772920843,0.0,True
843896,346,5,10.0,13.925625447624187,-17437.625980911886,74,74,2.866278651765272,5.580179845317385,-66016.73291011862,0.0,66016.73291011862,12303.42331445966,883.553254037477,0.0,True
843896,346,6,10.0,10.5,-21134.716294715137,75,75,3.366544052695526,6.0,-67657.40687359788,9.414691248821322e-14,67657.40687359788,12560.338268822126,867.5444538927729,9.414691248821322e-15,True
843896,346,7,15.858157889895693,18.6320895147834,-61025.74807177164,56,56,2.708748607377742,4.723721144819263,-73524.19925056428,0.0,73524.19925056428,14049.562774014694,653.333961314198,0.0,True
843896,346,8,10.0,21.713207528465016,-28155.684850579673,220,220,6.0,6.0,-48878.927120878056,1.296740492762182e-13,48878.927120878056,5572.700476972008,2601.9280920022525,1.296740492762182e-14,True
843896,346,9,10.0,11.252785588268896,-45986.69415318356,71,71,3.13256444702339,6.0,-61138.620447504014,0.0,61138.620447504014,11317.370900708924,847.873609552665,0.0,True
843896,347,0,37.55735418790975,39.7692931344798,10251497.151374886,250,250,6.0,6.0,84188.26899395822,108326.39188671629,24138.122892758074,66.44488898228903,2950.7373059808288,2884.2924169985354,False
843896,347,1,10.0,10.0,-31711.19544701632,70,70,3.207128046778589,5.862495132632444,-75697.3289480581,0.0,75697.3289480581,14276.655287225622,790.0809188810268,0.0,True
843896,347,2,18.56608641203773,13.892441348451465,-21582.279934578663,54,54,2.3782221848931377,4.400505987697088,-63947.671025664895,1279.696607874339,65227.36763353923,12473.894407247953,607.0718855864417,68.92656747760365,True
843896,347,3,10.5,20.24545966702548,-94948.85271081199,167,167,6.0,6.0,-91921.05869912685,13362.96317364467,105284.02187277153,17845.016030574356,1982.367714987467,1272.6631593947304,True
843896,347,4,11.0,10.5,-51699.58803100586,75,75,3.2696671903197827,5.9,-78844.78193915129,0.0,78844.78193915129,14812.49721282024,869.560772920843,0.0,True
843896,347,5,10.0,13.925625447624187,-17437.625980911886,74,74,2.866278651765272,5.580179845317385,-66016.73291011862,0.0,66016.73291011862,12303.42331445966,883.553254037477,0.0,True
843896,347,6,10.0,10.5,-21134.716294715137,75,75,3.366544052695526,6.0,-67657.40687359788,9.414691248821322e-14,67657.40687359788,12560.338268822126,867.5444538927729,9.414691248821322e-15,True
843896,347,7,15.858157889895693,18.6320895147834,-61025.74807177164,56,56,2.708748607377742,4.723721144819263,-73524.19925056428,0.0,73524.19925056428,14049.562774014694,653.333961314198,0.0,True
843896,347,8,10.0,21.713207528465016,-28155.684850579673,220,220,6.0,6.0,-48878.927120878056,1.296740492762182e-13,48878.927120878056,5572.700476972008,2601.9280920022525,1.296740492762182e-14,True
843896,347,9,10.0,11.252785588268896,-45986.69415318356,71,71,3.13256444702339,6.0,-61138.620447504014,0.0,61138.620447504014,11317.370900708924,847.873609552665,0.0,True
843896,348,0,41.31308960670073,37.78082847775581,10324171.569250956,250,250,6.0,6.0,82419.62499552396,108214.55020592721,25794.925210403246,397.8053525113234,2950.7373059808288,2619.3768424517802,False
843896,348,1,10.0,10.0,-31711.19544701632,70,70,3.207128046778589,5.862495132632444,-75697.3289480581,0.0,75697.3289480581,14276.655287225622,790.0809188810268,0.0,True
843896,348,2,18.56608641203773,13.892441348451465,-21582.279934578663,54,54,2.3782221848931377,4.400505987697088,-63947.671025664895,1279.696607874339,65227.36763353923,12473.894407247953,607.0718855864417,68.92656747760365,True
843896,348,3,10.5,20.24545966702548,-94948.85271081199,167,167,6.0,6.0,-91921.05869912685,13362.96317364467,105284.02187277153,17845.016030574356,1982.367714987467,1272.6631593947304,True
843896,348,4,11.0,10.5,-51699.58803100586,75,75,3.2696671903197827,5.9,-78844.78193915129,0.0,78844.78193915129,14812.49721282024,869.560772920843,0.0,True
843896,348,5,10.0,13.925625447624187,-17437.625980911886,74,74,2.866278651765272,5.580179845317385,-66016.73291011862,0.0,66016.73291011862,12303.42331445966,883.553254037477,0.0,True
843896,348,6,10.0,10.5,-21134.716294715137,75,75,3.366544052695526,6.0,-67657.40687359788,9.414691248821322e-14,67657.40687359788,12560.338268822126,867.5444538927729,9.414691248821322e-15,True
843896,348,7,15.858157889895693,18.6320895147834,-61025.74807177164,56,56,2.708748607377742,4.723721144819263,-73524.19925056428,0.0,73524.19925056428,14049.562774014694,653.333961314198,0.0,True
843896,348,8,10.0,21.713207528465016,-28155.684850579673,220,220,6.0,6.0,-48878.927120878056,1.296740492762182e-13,48878.927120878056,5572.700476972008,2601.9280920022525,1.296740492762182e-14,True
843896,348,9,10.0,11.252785588268896,-45986.69415318356,71,71,3.13256444702339,6.0,-61138.620447504014,0.0,61138.620447504014,11317.370900708924,847.873609552665,0.0,True
843896,349,0,37.18178064603066,35.89178705386802,10395519.888909852,250,250,6.0,6.0,80621.26642240064,106807.05654790845,26185.790125507803,475.9783355322349,2950.7373059808288,2872.5643229598963,False
843896,349,1,10.0,10.0,-31711.19544701632,70,70,3.207128046778589,5.862495132632444,-75697.3289480581,0.0,75697.3289480581,14276.655287225622,790.0809188810268,0.0,True
843896,349,2,18.56608641203773,13.892441348451465,-21582.279934578663,54,54,2.3782221848931377,4.400505987697088,-63947.671025664895,1279.696607874339,65227.36763353923,12473.894407247953,607.0718855864417,68.92656747760365,True
843896,349,3,10.5,20.24545966702548,-94948.85271081199,167,167,6.0,6.0,-91921.05869912685,13362.96317364467,105284.02187277153,17845.016030574356,1982.367714987467,1272.6631593947304,True
843896,349,4,11.0,10.5,-51699.58803100586,75,75,3.2696671903197827,5.9,-78844.78193915129,0.0,78844.78193915129,14812.49721282024,869.560772920843,0.0,True
843896,349,5,10.0,13.925625447624187,-17437.625980911886,74,74,2.866278651765272,5.580179845317385,-66016.73291011862,0.0,66016.73291011862,12303.42331445966,883.553254037477,0.0,True
843896,349,6,10.0,10.5,-21134.716294715137,75,75,3.366544052695526,6.0,-67657.40687359788,9.414691248821322e-14,67657.40687359788,12560.338268822126,867.5444538927729,9.414691248821322e-15,True
843896,349,7,15.858157889895693,18.6320895147834,-61025.74807177164,56,56,2.708748607377742,4.723721144819263,-73524.19925056428,0.0,73524.19925056428,14049.562774014694,653.333961314198,0.0,True
843896,349,8,10.0,21.713207528465016,-28155.684850579673,220,220,6.0,6.0,-48878.927120878056,1.296740492762182e-13,48878.927120878056,5572.700476972008,2601.9280920022525,1.296740492762182e-14,True
843896,349,9,10.0,11.252785588268896,-45986.69415318356,71,71,3.13256444702339,6.0,-61138.620447504014,0.0,61138.620447504014,11317.370900708924,847.873609552665,0.0,True
843896,350,0,33.463602581427594,34.09719770117462,10465944.945872828,250,250,6.0,6.0,79249.35638804904,104565.12322727559,25315.766839226544,301.9736782759831,2950.7373059808288,3124.7419632370834,False
843896,350,1,10.0,10.0,-31711.19544701632,70,70,3.207128046778589,5.862495132632444,-75697.3289480581,0.0,75697.3289480581,14276.655287225622,790.0809188810268,0.0,True
843896,350,2,18.56608641203773,13.892441348451465,-21582.279934578663,54,54,2.3782221848931377,4.400505987697088,-63947.671025664895,1279.696607874339,65227.36763353923,12473.894407247953,607.0718855864417,68.92656747760365,True
843896,350,3,10.5,20.24545966702548,-94948.85271081199,167,167,6.0,6.0,-91921.05869912685,13362.96317364467,105284.02187277153,17845.016030574356,1982.367714987467,1272.6631593947304,True
843896,350,4,11.0,10.5,-51699.58803100586,75,75,3.2696671903197827,5.9,-78844.78193915129,0.0,78844.78193915129,14812.49721282024,869.560772920843,0.0,True
843896,350,5,10.0,13.925625447624187,-17437.625980911886,74,74,2.866278651765272,5.580179845317385,-66016.73291011862,0.0,66016.73291011862,12303.42331445966,883.553254037477,0.0,True
843896,350,6,10.0,10.5,-21134.716294715137,75,75,3.366544052695526,6.0,-67657.40687359788,9.414691248821322e-14,67657.40687359788,12560.338268822126,867.5444538927729,9.414691248821322e-15,True
843896,350,7,15.858157889895693,18.6320895147834,-61025.74807177164,56,56,2.708748607377742,4.723721144819263,-73524.19925056428,0.0,73524.19925056428,14049.562774014694,653.333961314198,0.0,True
843896,350,8,10.0,21.713207528465016,-28155.684850579673,220,220,6.0,6.0,-48878.927120878056,1.296740492762182e-13,48878.927120878056,5572.700476972008,2601.9280920022525,1.296740492762182e-14,True
843896,350,9,10.0,11.252785588268896,-45986.69415318356,71,71,3.13256444702339,6.0,-61138.620447504014,0.0,61138.620447504014,11317.370900708924,847.873609552665,0.0,True
843896,351,0,30.117242323284835,32.39233781611589,10531703.647891495,250,250,6.0,6.0,74156.7864726262,97962.68492047284,23805.89844784663,0.0,2950.7373059808288,3252.7109842568157,False
843896,351,1,10.0,10.0,-31711.19544701632,70,70,3.207128046778589,5.862495132632444,-75697.3289480581,0.0,75697.3289480581,14276.655287225622,790.0809188810268,0.0,True
843896,351,2,18.56608641203773,13.892441348451465,-21582.279934578663,54,54,2.3782221848931377,4.400505987697088,-63947.671025664895,1279.696607874339,65227.36763353923,12473.894407247953,607.0718855864417,68.92656747760365,True
843896,351,3,10.5,20.24545966702548,-94948.85271081199,167,167,6.0,6.0,-91921.05869912685,13362.96317364467,105284.02187277153,17845.016030574356,1982.367714987467,1272.6631593947304,True
843896,351,4,11.0,10.5,-51699.58803100586,75,75,3.2696671903197827,5.9,-78844.78193915129,0.0,78844.78193915129,14812.49721282024,869.560772920843,0.0,True
843896,351,5,10.0,13.925625447624187,-17437.625980911886,74,74,2.866278651765272,5.580179845317385,-66016.73291011862,0.0,66016.73291011862,12303.42331445966,883.553254037477,0.0,True
843896,351,6,10.0,10.5,-21134.716294715137,75,75,3.366544052695526,6.0,-67657.40687359788,9.414691248821322e-14,67657.40687359788,12560.338268822126,867.5444538927729,9.414691248821322e-15,True
843896,351,7,15.858157889895693,18.6320895147834,-61025.74807177164,56,56,2.708748607377742,4.723721144819263,-73524.19925056428,0.0,73524.19925056428,14049.562774014694,653.333961314198,0.0,True
843896,351,8,10.0,21.713207528465016,-28155.684850579673,220,220,6.0,6.0,-48878.927120878056,1.296740492762182e-13,48878.927120878056,5572.700476972008,2601.9280920022525,1.296740492762182e-14,True
843896,351,9,10.0,11.252785588268896,-45986.69415318356,71,71,3.13256444702339,6.0,-61138.620447504014,0.0,61138.620447504014,11317.370900708924,847.873609552665,0.0,True
843896,352,0,33.12896655561332,35.631571597727486,10596444.7340683,250,250,6.0,6.0,73948.97907639273,97754.87752423936,23805.89844784663,0.0,2950.7373059808288,2950.737305980827,False
843896,352,1,10.0,10.0,-31711.19544701632,70,70,3.207128046778589,5.862495132632444,-75697.3289480581,0.0,75697.3289480581,14276.655287225622,790.0809188810268,0.0,True
843896,352,2,18.56608641203773,13.892441348451465,-21582.279934578663,54,54,2.3782221848931377,4.400505987697088,-63947.671025664895,1279.696607874339,65227.36763353923,12473.894407247953,607.0718855864417,68.92656747760365,True
843896,352,3,10.5,20.24545966702548,-94948.85271081199,167,167,6.0,6.0,-91921.05869912685,13362.96317364467,105284.02187277153,17845.016030574356,1982.367714987467,1272.6631593947304,True
843896,352,4,11.0,10.5,-51699.58803100586,75,75,3.2696671903197827,5.9,-78844.78193915129,0.0,78844.78193915129,14812.49721282024,869.560772920843,0.0,True
843896,352,5,10.0,13.925625447624187,-17437.625980911886,74,74,2.866278651765272,5.580179845317385,-66016.73291011862,0.0,66016.73291011862,12303.42331445966,883.553254037477,0.0,True
843896,352,6,10.0,10.5,-21134.716294715137,75,75,3.366544052695526,6.0,-67657.40687359788,9.414691248821322e-14,67657.40687359788,12560.338268822126,867.5444538927729,9.414691248821322e-15,True
843896,352,7,15.858157889895693,18.6320895147834,-61025.74807177164,56,56,2.708748607377742,4.723721144819263,-73524.19925056428,0.0,73524.19925056428,14049.562774014694,653.333961314198,0.0,True
843896,352,8,10.0,21.713207528465016,-28155.684850579673,220,220,6.0,6.0,-48878.927120878056,1.296740492762182e-13,48878.927120878056,5572.700476972008,2601.9280920022525,1.296740492762182e-14,True
843896,352,9,10.0,11.252785588268896,-45986.69415318356,71,71,3.13256444702339,6.0,-61138.620447504014,0.0,61138.620447504014,11317.370900708924,847.873609552665,0.0,True
843896,353,0,36.44186321117465,39.194728757500236,10670070.518707572,250,250,6.0,6.0,83724.46682881686,107530.36527666349,23805.89844784663,0.0,2950.7373059808288,2950.7373059808324,False
843896,353,1,10.0,10.0,-31711.19544701632,70,70,3.207128046778589,5.862495132632444,-75697.3289480581,0.0,75697.3289480581,14276.655287225622,790.0809188810268,0.0,True
843896,353,2,18.56608641203773,13.892441348451465,-21582.279934578663,54,54,2.3782221848931377,4.400505987697088,-63947.671025664895,1279.696607874339,65227.36763353923,12473.894407247953,607.0718855864417,68.92656747760365,True
843896,353,3,10.5,20.24545966702548,-94948.85271081199,167,167,6.0,6.0,-91921.05869912685,13362.96317364467,105284.02187277153,17845.016030574356,1982.367714987467,1272.6631593947304,True
843896,353,4,11.0,10.5,-51699.58803100586,75,75,3.2696671903197827,5.9,-78844.78193915129,0.0,78844.78193915129,14812.49721282024,869.560772920843,0.0,True
843896,353,5,10.0,13.925625447624187,-17437.625980911886,74,74,2.866278651765272,5.580179845317385,-66016.73291011862,0.0,66016.73291011862,12303.42331445966,883.553254037477,0.0,True
843896,353,6,10.0,10.5,-21134.716294715137,75,75,3.366544052695526,6.0,-67657.40687359788,9.414691248821322e-14,67657.40687359788,12560.338268822126,867.5444538927729,9.414691248821322e-15,True
843896,353,7,15.858157889895693,18.6320895147834,-61025.74807177164,56,56,2.708748607377742,4.723721144819263,-73524.19925056428,0.0,73524.19925056428,14049.562774014694,653.333961314198,0.0,True
843896,353,8,10.0,21.713207528465016,-28155.684850579673,220,220,6.0,6.0,-48878.927120878056,1.296740492762182e-13,48878.927120878056,5572.700476972008,2601.9280920022525,1.296740492762182e-14,True
843896,353,9,10.0,11.252785588268896,-45986.69415318356,71,71,3.13256444702339,6.0,-61138.620447504014,0.0,61138.620447504014,11317.370900708924,847.873609552665,0.0,True
843896,354,0,40.086049532292115,43.11420163325026,10751880.185658898,250,250,6.0,6.0,92888.21735964224,116870.36611255302,23982.14875291078,35.250061012829796,2950.7373059808288,2915.4872449679974,False
843896,354,1,10.0,10.0,-31711.19544701632,70,70,3.207128046778589,5.862495132632444,-75697.3289480581,0.0,75697.3289480581,14276.655287225622,790.0809188810268,0.0,True
843896,354,2,18.56608641203773,13.892441348451465,-21582.279934578663,54,54,2.3782221848931377,4.400505987697088,-63947.671025664895,1279.696607874339,65227.36763353923,12473.894407247953,607.0718855864417,68.92656747760365,True
843896,354,3,10.5,20.24545966702548,-94948.85271081199,167,167,6.0,6.0,-91921.05869912685,13362.96317364467,105284.02187277153,17845.016030574356,1982.367714987467,1272.6631593947304,True
843896,354,4,11.0,10.5,-51699.58803100586,75,75,3.2696671903197827,5.9,-78844.78193915129,0.0,78844.78193915129,14812.49721282024,869.560772920843,0.0,True
843896,354,5,10.0,13.925625447624187,-17437.625980911886,74,74,2.866278651765272,5.580179845317385,-66016.73291011862,0.0,66016.73291011862,12303.42331445966,883.553254037477,0.0,True
843896,354,6,10.0,10.5,-21134.716294715137,75,75,3.366544052695526,6.0,-67657.40687359788,9.414691248821322e-14,67657.40687359788,12560.338268822126,867.5444538927729,9.414691248821322e-15,True
843896,354,7,15.858157889895693,18.6320895147834,-61025.74807177164,56,56,2.708748607377742,4.723721144819263,-73524.19925056428,0.0,73524.19925056428,14049.562774014694,653.333961314198,0.0,True
843896,354,8,10.0,21.713207528465016,-28155.684850579673,220,220,6.0,6.0,-48878.927120878056,1.296740492762182e-13,48878.927120878056,5572.700476972008,2601.9280920022525,1.296740492762182e-14,True
843896,354,9,10.0,11.252785588268896,-45986.69415318356,71,71,3.13256444702339,6.0,-61138.620447504014,0.0,61138.620447504014,11317.370900708924,847.873609552665,0.0,True
843896,355,0,44.09465448552133,40.95849155158775,10832598.347757038,250,250,6.0,6.0,91257.7849858288,116754.5393920301,25496.7544062013,338.17119167093375,2950.7373059808288,2647.816175322724,False
843896,355,1,10.0,10.0,-31711.19544701632,70,70,3.207128046778589,5.862495132632444,-75697.3289480581,0.0,75697.3289480581,14276.655287225622,790.0809188810268,0.0,True
843896,355,2,18.56608641203773,13.892441348451465,-21582.279934578663,54,54,2.3782221848931377,4.400505987697088,-63947.671025664895,1279.696607874339,65227.36763353923,12473.894407247953,607.0718855864417,68.92656747760365,True
843896,355,3,10.5,20.24545966702548,-94948.85271081199,167,167,6.0,6.0,-91921.05869912685,13362.96317364467,105284.02187277153,17845.016030574356,1982.367714987467,1272.6631593947304,True
843896,355,4,11.0,10.5,-51699.58803100586,75,75,3.2696671903197827,5.9,-78844.78193915129,0.0,78844.78193915129,14812.49721282024,869.560772920843,0.0,True
843896,355,5,10.0,13.925625447624187,-17437.625980911886,74,74,2.866278651765272,5.580179845317385,-66016.73291011862,0.0,66016.73291011862,12303.42331445966,883.553254037477,0.0,True
843896,355,6,10.0,10.5,-21134.716294715137,75,75,3.366544052695526,6.0,-67657.40687359788,9.414691248821322e-14,67657.40687359788,12560.338268822126,867.5444538927729,9.414691248821322e-15,True
843896,355,7,15.858157889895693,18.6320895147834,-61025.74807177164,56,56,2.708748607377742,4.723721144819263,-73524.19925056428,0.0,73524.19925056428,14049.562774014694,653.333961314198,0.0,True
843896,355,8,10.0,21.713207528465016,-28155.684850579673,220,220,6.0,6.0,-48878.927120878056,1.296740492762182e-13,48878.927120878056,5572.700476972008,2601.9280920022525,1.296740492762182e-14,True
843896,355,9,10.0,11.252785588268896,-45986.69415318356,71,71,3.13256444702339,6.0,-61138.620447504014,0.0,61138.620447504014,11317.370900708924,847.873609552665,0.0,True
843896,356,0,39.6851890369692,38.91056697400836,10912333.17193195,250,250,6.0,6.0,89762.46591852125,115465.25587041979,25702.78995189854,379.37830081038214,2950.7373059808288,2909.5301968413655,False
843896,356,1,10.0,10.0,-31711.19544701632,70,70,3.207128046778589,5.862495132632444,-75697.3289480581,0.0,75697.3289480581,14276.655287225622,790.0809188810268,0.0,True
843896,356,2,18.56608641203773,13.892441348451465,-21582.279934578663,54,54,2.3782221848931377,4.400505987697088,-63947.671025664895,1279.696607874339,65227.36763353923,12473.894407247953,607.0718855864417,68.92656747760365,True
843896,356,3,10.5,20.24545966702548,-94948.85271081199,167,167,6.0,6.0,-91921.05869912685,13362.96317364467,105284.02187277153,17845.016030574356,1982.367714987467,1272.6631593947304,True
843896,356,4,11.0,10.5,-51699.58803100586,75,75,3.2696671903197827,5.9,-78844.78193915129,0.0,78844.78193915129,14812.49721282024,869.560772920843,0.0,True
843896,356,5,10.0,13.925625447624187,-17437.625980911886,74,74,2.866278651765272,5.580179845317385,-66016.73291011862,0.0,66016.73291011862,12303.42331445966,883.553254037477,0.0,True
843896,356,6,10.0,10.5,-21134.716294715137,75,75,3.366544052695526,6.0,-67657.40687359788,9.414691248821322e-14,67657.40687359788,12560.338268822126,867.5444538927729,9.414691248821322e-15,True
843896,356,7,15.858157889895693,18.6320895147834,-61025.74807177164,56,56,2.708748607377742,4.723721144819263,-73524.19925056428,0.0,73524.19925056428,14049.562774014694,653.333961314198,0.0,True
843896,356,8,10.0,21.713207528465016,-28155.684850579673,220,220,6.0,6.0,-48878.927120878056,1.296740492762182e-13,48878.927120878056,5572.700476972008,2601.9280920022525,1.296740492762182e-14,True
843896,356,9,10.0,11.252785588268896,-45986.69415318356,71,71,3.13256444702339,6.0,-61138.620447504014,0.0,61138.620447504014,11317.370900708924,847.873609552665,0.0,True
843896,357,0,35.71667013327228,36.96503862530794,10990586.208807316,250,250,6.0,6.0,87794.29653174708,112501.60042726461,24707.30389551753,180.28108953417976,2950.7373059808288,3149.8345172570394,False
843896,357,1,10.0,10.0,-31711.19544701632,70,70,3.207128046778589,5.862495132632444,-75697.3289480581,0.0,75697.3289480581,14276.655287225622,790.0809188810268,0.0,True
843896,357,2,18.56608641203773,13.892441348451465,-21582.279934578663,54,54,2.3782221848931377,4.400505987697088,-63947.671025664895,1279.696607874339,65227.36763353923,12473.894407247953,607.0718855864417,68.92656747760365,True
843896,357,3,10.5,20.24545966702548,-94948.85271081199,167,167,6.0,6.0,-91921.05869912685,13362.96317364467,105284.02187277153,17845.016030574356,1982.367714987467,1272.6631593947304,True
843896,357,4,11.0,10.5,-51699.58803100586,75,75,3.2696671903197827,5.9,-78844.78193915129,0.0,78844.78193915129,14812.49721282024,869.560772920843,0.0,True
843896,357,5,10.0,13.925625447624187,-17437.625980911886,74,74,2.866278651765272,5.580179845317385,-66016.73291011862,0.0,66016.73291011862,12303.42331445966,883.553254037477,0.0,True
843896,357,6,10.0,10.5,-21134.716294715137,75,75,3.366544052695526,6.0,-67657.40687359788,9.414691248821322e-14,67657.40687359788,12560.338268822126,867.5444538927729,9.414691248821322e-15,True
843896,357,7,15.858157889895693,18.6320895147834,-61025.74807177164,56,56,2.708748607377742,4.723721144819263,-73524.19925056428,0.0,73524.19925056428,14049.562774014694,653.333961314198,0.0,True
843896,357,8,10.0,21.713207528465016,-28155.684850579673,220,220,6.0,6.0,-48878.927120878056,1.296740492762182e-13,48878.927120878056,5572.700476972008,2601.9280920022525,1.296740492762182e-14,True
843896,357,9,10.0,11.252785588268896,-45986.69415318356,71,71,3.13256444702339,6.0,-61138.620447504014,0.0,61138.620447504014,11317.370900708924,847.873609552665,0.0,True
843896,358,0,32.14500311994505,35.11678669404254,11058347.709778367,250,250,6.0,6.0,76840.69764458889,100646.59609243552,23805.89844784663,0.0,2950.7373059808288,3131.018395515015,False
843896,358,1,10.0,10.0,-31711.19544701632,70,70,3.207128046778589,5.862495132632444,-75697.3289480581,0.0,75697.3289480581,14276.655287225622,790.0809188810268,0.0,True
843896,358,2,18.56608641203773,13.892441348451465,-21582.279934578663,54,54,2.3782221848931377,4.400505987697088,-63947.671025664895,1279.696607874339,65227.36763353923,12473.894407247953,607.0718855864417,68.92656747760365,True
843896,358,3,10.5,20.24545966702548,-94948.85271081199,167,167,6.0,6.0,-91921.05869912685,13362.96317364467,105284.02187277153,17845.016030574356,1982.367714987467,1272.6631593947304,True
843896,358,4,11.0,10.5,-51699.58803100586,75,75,3.2696671903197827,5.9,-78844.78193915129,0.0,78844.78193915129,14812.49721282024,869.560772920843,0.0,True
843896,358,5,10.0,13.925625447624187,-17437.625980911886,74,74,2.866278651765272,5.580179845317385,-66016.73291011862,0.0,66016.73291011862,12303.42331445966,883.553254037477,0.0,True
843896,358,6,10.0,10.5,-21134.716294715137,75,75,3.366544052695526,6.0,-67657.40687359788,9.414691248821322e-14,67657.40687359788,12560.338268822126,867.5444538927729,9.414691248821322e-15,True
843896,358,7,15.858157889895693,18.6320895147834,-61025.74807177164,56,56,2.708748607377742,4.723721144819263,-73524.19925056428,0.0,73524.19925056428,14049.562774014694,653.333961314198,0.0,True
843896,358,8,10.0,21.713207528465016,-28155.684850579673,220,220,6.0,6.0,-48878.927120878056,1.296740492762182e-13,48878.927120878056,5572.700476972008,2601.9280920022525,1.296740492762182e-14,True
843896,358,9,10.0,11.252785588268896,-45986.69415318356,71,71,3.13256444702339,6.0,-61138.620447504014,0.0,61138.620447504014,11317.370900708924,847.873609552665,0.0,True
843896,359,0,35.35950343193956,38.62846536344679,11128921.300887162,250,250,6.0,6.0,80530.7074497345,104336.60589758113,23805.89844784663,0.0,2950.7373059808288,2950.737305980827,False
843896,359,1,10.0,10.0,-31711.19544701632,70,70,3.207128046778589,5.862495132632444,-75697.3289480581,0.0,75697.3289480581,14276.655287225622,790.0809188810268,0.0,True
843896,359,2,18.56608641203773,13.892441348451465,-21582.279934578663,54,54,2.3782221848931377,4.400505987697088,-63947.671025664895,1279.696607874339,65227.36763353923,12473.894407247953,607.0718855864417,68.92656747760365,True
843896,359,3,10.5,20.24545966702548,-94948.85271081199,167,167,6.0,6.0,-91921.05869912685,13362.96317364467,105284.02187277153,17845.016030574356,1982.367714987467,1272.6631593947304,True
843896,359,4,11.0,10.5,-51699.58803100586,75,75,3.2696671903197827,5.9,-78844.78193915129,0.0,78844.78193915129,14812.49721282024,869.560772920843,0.0,True
843896,359,5,10.0,13.925625447624187,-17437.625980911886,74,74,2.866278651765272,5.580179845317385,-66016.73291011862,0.0,66016.73291011862,12303.42331445966,883.553254037477,0.0,True
843896,359,6,10.0,10.5,-21134.716294715137,75,75,3.366544052695526,6.0,-67657.40687359788,9.414691248821322e-14,67657.40687359788,12560.338268822126,867.5444538927729,9.414691248821322e-15,True
843896,359,7,15.858157889895693,18.6320895147834,-61025.74807177164,56,56,2.708748607377742,4.723721144819263,-73524.19925056428,0.0,73524.19925056428,14049.562774014694,653.333961314198,0.0,True
843896,359,8,10.0,21.713207528465016,-28155.684850579673,220,220,6.0,6.0,-48878.927120878056,1.296740492762182e-13,48878.927120878056,5572.700476972008,2601.9280920022525,1.296740492762182e-14,True
843896,359,9,10.0,11.252785588268896,-45986.69415318356,71,71,3.13256444702339,6.0,-61138.620447504014,0.0,61138.620447504014,11317.370900708924,847.873609552665,0.0,True
843896,360,0,38.89545377513352,42.49131189979148,11208962.840951575,250,250,6.0,6.0,90964.3680394928,114770.26648733942,23805.89844784663,0.0,2950.7373059808288,2950.737305980831,False
843896,360,1,10.0,10.0,-31711.19544701632,70,70,3.207128046778589,5.862495132632444,-75697.3289480581,0.0,75697.3289480581,14276.655287225622,790.0809188810268,0.0,True
843896,360,2,18.56608641203773,13.892441348451465,-21582.279934578663,54,54,2.3782221848931377,4.400505987697088,-63947.671025664895,1279.696607874339,65227.36763353923,12473.894407247953,607.0718855864417,68.92656747760365,True
843896,360,3,10.5,20.24545966702548,-94948.85271081199,167,167,6.0,6.0,-91921.05869912685,13362.96317364467,105284.02187277153,17845.016030574356,1982.367714987467,1272.6631593947304,True
843896,360,4,11.0,10.5,-51699.58803100586,75,75,3.2696671903197827,5.9,-78844.78193915129,0.0,78844.78193915129,14812.49721282024,869.560772920843,0.0,True
843896,360,5,10.0,13.925625447624187,-17437.625980911886,74,74,2.866278651765272,5.580179845317385,-66016.73291011862,0.0,66016.73291011862,12303.42331445966,883.553254037477,0.0,True
843896,360,6,10.0,10.5,-21134.716294715137,75,75,3.366544052695526,6.0,-67657.40687359788,9.414691248821322e-14,67657.40687359788,12560.338268822126,867.5444538927729,9.414691248821322e-15,True
843896,360,7,15.858157889895693,18.6320895147834,-61025.74807177164,56,56,2.708748607377742,4.723721144819263,-73524.19925056428,0.0,73524.19925056428,14049.562774014694,653.333961314198,0.0,True
843896,360,8,10.0,21.713207528465016,-28155.684850579673,220,220,6.0,6.0,-48878.927120878056,1.296740492762182e-13,48878.927120878056,5572.700476972008,2601.9280920022525,1.296740492762182e-14,True
843896,360,9,10.0,11.252785588268896,-45986.69415318356,71,71,3.13256444702339,6.0,-61138.620447504014,0.0,61138.620447504014,11317.370900708924,847.873609552665,0.0,True
843896,361,0,42.784999152646876,46.74044308977063,11299419.124867307,250,250,6.0,6.0,102441.39468822704,126247.29313607367,23805.89844784663,0.0,2950.7373059808288,2950.737305980838,False
843896,361,1,10.0,10.0,-31711.19544701632,70,70,3.207128046778589,5.862495132632444,-75697.3289480581,0.0,75697.3289480581,14276.655287225622,790.0809188810268,0.0,True
843896,361,2,18.56608641203773,13.892441348451465,-21582.279934578663,54,54,2.3782221848931377,4.400505987697088,-63947.671025664895,1279.696607874339,65227.36763353923,12473.894407247953,607.0718855864417,68.92656747760365,True
843896,361,3,10.5,20.24545966702548,-94948.85271081199,167,167,6.0,6.0,-91921.05869912685,13362.96317364467,105284.02187277153,17845.016030574356,1982.367714987467,1272.6631593947304,True
843896,361,4,11.0,10.5,-51699.58803100586,75,75,3.2696671903197827,5.9,-78844.78193915129,0.0,78844.78193915129,14812.49721282024,869.560772920843,0.0,True
843896,361,5,10.0,13.925625447624187,-17437.625980911886,74,74,2.866278651765272,5.580179845317385,-66016.73291011862,0.0,66016.73291011862,12303.42331445966,883.553254037477,0.0,True
843896,361,6,10.0,10.5,-21134.716294715137,75,75,3.366544052695526,6.0,-67657.40687359788,9.414691248821322e-14,67657.40687359788,12560.338268822126,867.5444538927729,9.414691248821322e-15,True
843896,361,7,15.858157889895693,18.6320895147834,-61025.74807177164,56,56,2.708748607377742,4.723721144819263,-73524.19925056428,0.0,73524.19925056428,14049.562774014694,653.333961314198,0.0,True
843896,361,8,10.0,21.713207528465016,-28155.684850579673,220,220,6.0,6.0,-48878.927120878056,1.296740492762182e-13,48878.927120878056,5572.700476972008,2601.9280920022525,1.296740492762182e-14,True
843896,361,9,10.0,11.252785588268896,-45986.69415318356,71,71,3.13256444702339,6.0,-61138.620447504014,0.0,61138.620447504014,11317.370900708924,847.873609552665,0.0,True
843896,362,0,47.063499067911565,51.414487398747696,11397591.551009191,250,250,6.0,6.0,111326.04799167442,135491.1305202223,24165.08252854788,71.83681614025002,2950.7373059808288,2878.9004898405806,False
843896,362,1,10.0,10.0,-31711.19544701632,70,70,3.207128046778589,5.862495132632444,-75697.3289480581,0.0,75697.3289480581,14276.655287225622,790.0809188810268,0.0,True
843896,362,2,18.56608641203773,13.892441348451465,-21582.279934578663,54,54,2.3782221848931377,4.400505987697088,-63947.671025664895,1279.696607874339,65227.36763353923,12473.894407247953,607.0718855864417,68.92656747760365,True
843896,362,3,10.5,20.24545966702548,-94948.85271081199,167,167,6.0,6.0,-91921.05869912685,13362.96317364467,105284.02187277153,17845.016030574356,1982.367714987467,1272.6631593947304,True
843896,362,4,11.0,10.5,-51699.58803100586,75,75,3.2696671903197827,5.9,-78844.78193915129,0.0,78844.78193915129,14812.49721282024,869.560772920843,0.0,True
843896,362,5,10.0,13.925625447624187,-17437.625980911886,74,74,2.866278651765272,5.580179845317385,-66016.73291011862,0.0,66016.73291011862,12303.42331445966,883.553254037477,0.0,True
843896,362,6,10.0,10.5,-21134.716294715137,75,75,3.366544052695526,6.0,-67657.40687359788,9.414691248821322e-14,67657.40687359788,12560.338268822126,867.5444538927729,9.414691248821322e-15,True
843896,362,7,15.858157889895693,18.6320895147834,-61025.74807177164,56,56,2.708748607377742,4.723721144819263,-73524.19925056428,0.0,73524.19925056428,14049.562774014694,653.333961314198,0.0,True
843896,362,8,10.0,21.713207528465016,-28155.684850579673,220,220,6.0,6.0,-48878.927120878056,1.296740492762182e-13,48878.927120878056,5572.700476972008,2601.9280920022525,1.296740492762182e-14,True
843896,362,9,10.0,11.252785588268896,-45986.69415318356,71,71,3.13256444702339,6.0,-61138.620447504014,0.0,61138.620447504014,11317.370900708924,847.873609552665,0.0,True
843896,363,0,51.769848974702725,48.84376302881031,11495677.374777444,250,250,6.0,6.0,110596.76452555385,136346.96467953053,25750.20015397667,388.86034122600796,2950.7373059808288,2633.7137808950597,False
843896,363,1,10.0,10.0,-31711.19544701632,70,70,3.207128046778589,5.862495132632444,-75697.3289480581,0.0,75697.3289480581,14276.655287225622,790.0809188810268,0.0,True
843896,363,2,18.56608641203773,13.892441348451465,-21582.279934578663,54,54,2.3782221848931377,4.400505987697088,-63947.671025664895,1279.696607874339,65227.36763353923,12473.894407247953,607.0718855864417,68.92656747760365,True
843896,363,3,10.5,20.24545966702548,-94948.85271081199,167,167,6.0,6.0,-91921.05869912685,13362.96317364467,105284.02187277153,17845.016030574356,1982.367714987467,1272.6631593947304,True
843896,363,4,11.0,10.5,-51699.58803100586,75,75,3.2696671903197827,5.9,-78844.78193915129,0.0,78844.78193915129,14812.49721282024,869.560772920843,0.0,True
843896,363,5,10.0,13.925625447624187,-17437.625980911886,74,74,2.866278651765272,5.580179845317385,-66016.73291011862,0.0,66016.73291011862,12303.42331445966,883.553254037477,0.0,True
843896,363,6,10.0,10.5,-21134.716294715137,75,75,3.366544052695526,6.0,-67657.40687359788,9.414691248821322e-14,67657.40687359788,12560.338268822126,867.5444538927729,9.414691248821322e-15,True
843896,363,7,15.858157889895693,18.6320895147834,-61025.74807177164,56,56,2.708748607377742,4.723721144819263,-73524.19925056428,0.0,73524.19925056428,14049.562774014694,653.333961314198,0.0,True
843896,363,8,10.0,21.713207528465016,-28155.684850579673,220,220,6.0,6.0,-48878.927120878056,1.296740492762182e-13,48878.927120878056,5572.700476972008,2601.9280920022525,1.296740492762182e-14,True
843896,363,9,10.0,11.252785588268896,-45986.69415318356,71,71,3.13256444702339,6.0,-61138.620447504014,0.0,61138.620447504014,11317.370900708924,847.873609552665,0.0,True
843896,364,0,46.592864077232456,46.40157487736979,11593519.91707395,250,250,6.0,6.0,109742.9360160122,135686.00839086587,25943.07237485367,427.4347854014079,2950.7373059808288,2912.1628618054556,False
843896,364,1,10.0,10.0,-31711.19544701632,70,70,3.207128046778589,5.862495132632444,-75697.3289480581,0.0,75697.3289480581,14276.655287225622,790.0809188810268,0.0,True
843896,364,2,18.56608641203773,13.892441348451465,-21582.279934578663,54,54,2.3782221848931377,4.400505987697088,-63947.671025664895,1279.696607874339,65227.36763353923,12473.894407247953,607.0718855864417,68.92656747760365,True
843896,364,3,10.5,20.24545966702548,-94948.85271081199,167,167,6.0,6.0,-91921.05869912685,13362.96317364467,105284.02187277153,17845.016030574356,1982.367714987467,1272.6631593947304,True
843896,364,4,11.0,10.5,-51699.58803100586,75,75,3.2696671903197827,5.9,-78844.78193915129,0.0,78844.78193915129,14812.49721282024,869.560772920843,0.0,True
843896,364,5,10.0,13.925625447624187,-17437.625980911886,74,74,2.866278651765272,5.580179845317385,-66016.73291011862,0.0,66016.73291011862,12303.42331445966,883.553254037477,0.0,True
843896,364,6,10.0,10.5,-21134.716294715137,75,75,3.366544052695526,6.0,-67657.40687359788,9.414691248821322e-14,67657.40687359788,12560.338268822126,867.5444538927729,9.414691248821322e-15,True
843896,364,7,15.858157889895693,18.6320895147834,-61025.74807177164,56,56,2.708748607377742,4.723721144819263,-73524.19925056428,0.0,73524.19925056428,14049.562774014694,653.333961314198,0.0,True
843896,364,8,10.0,21.713207528465016,-28155.684850579673,220,220,6.0,6.0,-48878.927120878056,1.296740492762182e-13,48878.927120878056,5572.700476972008,2601.9280920022525,1.296740492762182e-14,True
843896,364,9,10.0,11.252785588268896,-45986.69415318356,71,71,3.13256444702339,6.0,-61138.620447504014,0.0,61138.620447504014,11317.370900708924,847.873609552665,0.0,True
843896,365,0,41.93357766950921,44.0814961335013,11690840.836604767,250,250,6.0,6.0,108641.29356441679,133428.54163657158,24787.248072154784,196.2699248616305,2950.7373059808288,3181.9021665206087,False
843896,365,1,10.0,10.0,-31711.19544701632,70,70,3.207128046778589,5.862495132632444,-75697.3289480581,0.0,75697.3289480581,14276.655287225622,790.0809188810268,0.0,True
843896,365,2,18.56608641203773,13.892441348451465,-21582.279934578663,54,54,2.3782221848931377,4.400505987697088,-63947.671025664895,1279.696607874339,65227.36763353923,12473.894407247953,607.0718855864417,68.92656747760365,True
843896,365,3,10.5,20.24545966702548,-94948.85271081199,167,167,6.0,6.0,-91921.05869912685,13362.96317364467,105284.02187277153,17845.016030574356,1982.367714987467,1272.6631593947304,True
843896,365,4,11.0,10.5,-51699.58803100586,75,75,3.2696671903197827,5.9,-78844.78193915129,0.0,78844.78193915129,14812.49721282024,869.560772920843,0.0,True
843896,365,5,10.0,13.925625447624187,-17437.625980911886,74,74,2.866278651765272,5.580179845317385,-66016.73291011862,0.0,66016.73291011862,12303.42331445966,883.553254037477,0.0,True
843896,365,6,10.0,10.5,-21134.716294715137,75,75,3.366544052695526,6.0,-67657.40687359788,9.414691248821322e-14,67657.40687359788,12560.338268822126,867.5444538927729,9.414691248821322e-15,True
843896,365,7,15.858157889895693,18.6320895147834,-61025.74807177164,56,56,2.708748607377742,4.723721144819263,-73524.19925056428,0.0,73524.19925056428,14049.562774014694,653.333961314198,0.0,True
843896,365,8,10.0,21.713207528465016,-28155.684850579673,220,220,6.0,6.0,-48878.927120878056,1.296740492762182e-13,48878.927120878056,5572.700476972008,2601.9280920022525,1.296740492762182e-14,True
843896,365,9,10.0,11.252785588268896,-45986.69415318356,71,71,3.13256444702339,6.0,-61138.620447504014,0.0,61138.620447504014,11317.370900708924,847.873609552665,0.0,True
