seed,firm_id,step,price,wage,employees,inventory,production,capital,profit,revenue,costs,sales,quality,marketing,bankrupt
711189,firm_0,1,42.29,18.26,23,0,263,97322.95,10327.89,11122.27,794.38,263,0.26,0.59,False
711189,firm_0,2,46.52,16.43,24,0,274,108355.87,11927.24,12746.48,819.24,274,0.26,0.59,False
711189,firm_0,3,51.17,15.61,24,0,274,121082.57,13201.34,14020.58,819.24,274,0.26,0.69,False
711189,firm_0,4,56.29,17.17,25,0,285,135351.87,15198.55,16042.65,844.1,285,0.26,0.59,False
711189,firm_0,5,53.48,15.45,26,0,297,149147.66,14997.49,15883.56,886.07,297,0.31,0.69,False
711189,firm_0,6,58.83,14.68,27,0,308,165244.06,17192.76,18119.64,926.88,308,0.36,0.59,False
711189,firm_0,7,61.77,16.15,28,0,319,182943.65,18751.79,19704.63,952.84,319,0.36,0.69,False
711189,firm_0,8,67.95,17.76,29,0,331,203122.35,21493.74,22491.45,997.71,331,0.41,0.79,False
711189,firm_0,9,64.55,18.65,30,0,342,222897.63,21034.78,22076.1,1041.32,342,0.46,0.69,False
711189,firm_0,10,61.32,20.52,31,0,355,242356.81,20695.3,21768.6,1073.3,355,0.46,0.79,False
711189,firm_0,11,58.25,22.57,31,0,355,261262.59,19605.45,20678.75,1073.3,355,0.46,0.79,False
711189,firm_0,12,58.25,23.7,32,0,366,280123.33,20219.14,21319.5,1100.36,366,0.46,0.89,False
711189,firm_0,13,55.34,23.7,33,0,378,298629.87,19788.64,20918.52,1129.88,378,0.46,0.79,False
711189,firm_0,14,60.87,24.88,34,0,389,319805.44,22521.49,23678.43,1156.94,389,0.46,0.69,False
711189,firm_0,15,66.96,23.64,34,0,389,343672.73,24871.05,26047.44,1176.39,389,0.51,0.69,False
711189,firm_0,16,60.26,26.0,33,0,378,364444.23,21629.5,22778.28,1148.78,378,0.51,0.59,False
711189,firm_0,17,57.25,23.4,34,0,389,384023.04,21074.41,22270.25,1195.84,389,0.56,0.59,False
711189,firm_0,18,62.98,21.06,33,0,376,405627.18,22499.12,23680.48,1181.36,376,0.61,0.59,False
711189,firm_0,19,59.83,23.17,32,0,366,425409.96,20724.22,21897.78,1173.56,366,0.66,0.49,False
711189,firm_0,20,62.82,25.49,31,0,355,445676.57,21156.8,22301.1,1144.3,355,0.66,0.59,False
711189,firm_0,21,65.96,28.04,32,0,368,467373.69,23094.4,24273.28,1178.88,368,0.66,0.49,False
711189,firm_0,22,65.96,26.64,32,0,368,489297.21,23076.0,24273.28,1197.28,368,0.71,0.59,False
711189,firm_0,23,69.26,26.64,32,0,368,512416.73,24272.0,25487.68,1215.68,368,0.76,0.69,False
711189,firm_0,24,62.33,26.64,32,0,368,533286.01,21721.76,22937.44,1215.68,368,0.76,0.59,False
711189,firm_0,25,59.21,25.31,33,0,379,552926.38,21175.6,22440.59,1264.99,379,0.81,0.59,False
711189,firm_0,26,53.29,25.31,32,0,368,570393.1,18376.64,19610.72,1234.08,368,0.81,0.69,False
711189,firm_0,27,55.95,27.84,32,0,368,588539.34,19337.12,20589.6,1252.48,368,0.86,0.79,False
711189,firm_0,28,53.15,25.06,33,0,378,605703.08,18790.72,20090.7,1299.98,378,0.91,0.89,False
711189,firm_0,29,53.15,22.55,32,0,366,622851.02,18169.54,19452.9,1283.36,366,0.96,0.99,False
711189,firm_0,30,58.46,20.3,33,0,378,642460.12,20779.0,22097.88,1318.88,378,0.96,0.99,False
711189,firm_0,31,61.38,21.32,32,0,366,662959.6,21181.72,22465.08,1283.36,366,0.96,0.89,False
711189,firm_0,32,58.31,20.25,33,0,378,682513.65,20722.3,22041.18,1318.88,378,0.96,0.89,False
711189,firm_0,33,61.23,19.24,34,0,389,703826.52,22467.03,23818.47,1351.44,389,0.96,0.79,False
711189,firm_0,34,64.29,20.2,35,0,401,727012.85,24393.33,25780.29,1386.96,401,0.96,0.79,False
711189,firm_0,35,67.5,19.19,35,0,401,751801.69,25660.49,27067.5,1407.01,401,1.01,0.79,False
711189,firm_0,36,64.12,18.23,36,0,412,775402.13,24956.72,26417.44,1460.72,412,1.06,0.79,False
711189,firm_0,37,57.71,18.23,37,0,424,796978.02,22950.4,24469.04,1518.64,424,1.11,0.79,False
711189,firm_0,38,51.94,16.41,36,0,411,815935.84,19848.58,21347.34,1498.76,411,1.16,0.89,False
711189,firm_0,39,54.54,17.23,35,0,399,835413.46,20280.67,21761.46,1480.79,399,1.21,0.89,False
711189,firm_0,40,57.27,18.09,35,0,400,855884.31,21404.0,22908.0,1504.0,400,1.26,0.99,False
711189,firm_0,41,51.54,16.28,36,0,411,874220.76,19622.53,21182.94,1560.41,411,1.31,0.99,False
711189,firm_0,42,56.69,17.09,37,0,422,895193.69,22305.26,23923.18,1617.92,422,1.36,0.99,False
711189,firm_0,43,53.86,17.09,38,0,434,915439.57,21695.3,23375.24,1679.94,434,1.41,1.09,False
711189,firm_0,44,51.17,18.8,38,0,436,935126.73,20601.56,22310.12,1708.56,436,1.46,1.09,False
711189,firm_0,45,48.61,16.92,39,0,446,953903.75,19936.9,21680.06,1743.16,446,1.46,0.99,False
711189,firm_0,46,48.61,15.23,40,0,457,973228.1,20433.55,22214.77,1781.22,457,1.46,0.89,False
711189,firm_0,47,46.18,15.99,41,0,469,991908.19,19835.68,21658.42,1822.74,469,1.46,0.89,False
711189,firm_0,48,50.8,15.19,41,0,469,1013064.41,21979.01,23825.2,1846.19,469,1.51,0.89,False
711189,firm_0,49,48.26,13.67,42,0,480,1033170.27,21280.0,23164.8,1884.8,480,1.51,0.99,False
711189,firm_0,50,43.43,15.04,43,0,492,1051464.19,19440.64,21367.56,1926.92,492,1.51,0.89,False
711189,firm_0,51,45.6,13.54,44,0,503,1071114.55,20946.12,22936.8,1990.68,503,1.56,0.89,False
711189,firm_0,52,47.88,12.86,44,0,503,1092541.67,22092.96,24083.64,1990.68,503,1.56,0.99,False
711189,firm_0,53,52.67,11.57,44,0,503,1116534.92,24502.33,26493.01,1990.68,503,1.56,0.99,False
711189,firm_0,54,55.3,11.57,45,0,514,1141582.93,26368.66,28424.2,2055.54,514,1.61,1.09,False
711189,firm_0,55,58.06,10.99,46,0,526,1168918.09,28440.7,30539.56,2098.86,526,1.61,1.19,False
711189,firm_0,56,58.06,10.0,47,0,537,1196887.74,29039.65,31178.22,2138.57,537,1.61,1.29,False
711189,firm_0,57,63.87,11.0,47,0,537,1228303.51,32132.77,34298.19,2165.42,537,1.66,1.19,False
711189,firm_0,58,67.06,10.45,48,0,548,1261617.71,34515.8,36748.88,2233.08,548,1.71,1.19,False
711189,firm_0,59,70.41,11.5,49,0,560,1297478.21,37124.0,39429.6,2305.6,560,1.76,1.19,False
711189,firm_0,60,66.89,12.08,50,0,571,1332121.44,35847.23,38194.19,2346.96,571,1.76,1.29,False
711189,firm_0,61,70.23,11.48,50,0,571,1369201.81,37754.37,40101.33,2346.96,571,1.76,1.39,False
711189,firm_0,62,63.21,10.33,51,0,583,1402405.18,34430.2,36851.43,2421.23,583,1.81,1.29,False
711189,firm_0,63,56.89,10.0,50,0,571,1431685.31,30080.13,32484.19,2404.06,571,1.86,1.39,False
711189,firm_0,64,54.05,10.5,51,0,583,1459710.58,29060.77,31511.15,2450.38,583,1.86,1.29,False
711189,firm_0,65,56.75,10.5,52,0,594,1489551.54,31186.96,33709.5,2522.54,594,1.91,1.39,False
711189,firm_0,66,53.91,10.0,53,0,605,1518471.54,30050.0,32615.55,2565.55,605,1.91,1.49,False
711189,firm_0,67,53.91,10.5,54,0,616,1547773.74,30569.2,33208.56,2639.36,616,1.96,1.39,False
711189,firm_0,68,48.52,10.0,54,0,616,1574151.9,27218.16,29888.32,2670.16,616,2.01,1.49,False
711189,firm_0,69,48.52,11.0,54,0,616,1600545.26,27187.36,29888.32,2700.96,616,2.06,1.39,False
711189,firm_0,70,43.67,10.45,54,0,616,1623949.92,24168.96,26900.72,2731.76,616,2.11,1.39,False
711189,firm_0,71,48.04,10.0,55,0,628,1650056.56,27356.64,30169.12,2812.48,628,2.16,1.39,False
711189,firm_0,72,48.04,11.0,55,0,628,1676576.8,27325.24,30169.12,2843.88,628,2.21,1.29,False
711189,firm_0,73,43.24,10.45,55,0,627,1699942.51,24240.46,27111.48,2871.02,627,2.26,1.39,False
711189,firm_0,74,38.92,10.0,55,0,628,1720627.59,21535.08,24441.76,2906.68,628,2.31,1.49,False
711189,firm_0,75,38.92,10.0,54,0,616,1740976.55,21088.96,23974.72,2885.76,616,2.36,1.39,False
711189,firm_0,76,36.97,10.5,54,0,616,1760197.31,19887.76,22773.52,2885.76,616,2.36,1.49,False
711189,firm_0,77,35.12,10.0,54,0,616,1778074.67,18717.36,21633.92,2916.56,616,2.41,1.59,False
711189,firm_0,78,33.36,10.0,54,0,616,1794937.07,17602.4,20549.76,2947.36,616,2.46,1.49,False
711189,firm_0,79,30.02,10.5,55,0,628,1809479.85,15820.28,18852.56,3032.28,628,2.51,1.49,False
711189,firm_0,80,33.02,11.55,54,0,616,1825887.51,17331.36,20340.32,3008.96,616,2.56,1.59,False
711189,firm_0,81,29.72,10.97,54,0,616,1840362.89,15267.76,18307.52,3039.76,616,2.61,1.59,False
711189,firm_0,82,28.23,12.07,54,0,616,1853961.03,14349.92,17389.68,3039.76,616,2.61,1.69,False
711189,firm_0,83,25.41,12.67,54,0,616,1865558.85,12582.0,15652.56,3070.56,616,2.66,1.79,False
711189,firm_0,84,24.14,12.67,54,0,616,1876443.55,11768.88,14870.24,3101.36,616,2.71,1.79,False
711189,firm_0,85,21.73,12.04,54,0,616,1885846.91,10253.52,13385.68,3132.16,616,2.76,1.79,False
711189,firm_0,86,23.9,12.64,54,0,616,1896654.59,11590.24,14722.4,3132.16,616,2.76,1.89,False
711189,firm_0,87,23.9,12.01,54,0,616,1907365.49,11559.44,14722.4,3162.96,616,2.81,1.89,False
711189,firm_0,88,25.1,11.41,54,0,616,1918947.99,12298.64,15461.6,3162.96,616,2.81,1.99,False
711189,firm_0,89,26.36,10.84,53,0,604,1931189.67,12816.2,15921.44,3105.24,604,2.81,1.99,False
711189,firm_0,90,29.0,10.3,54,0,616,1944503.71,14670.24,17864.0,3193.76,616,2.86,2.09,False
711189,firm_0,91,31.9,10.82,54,0,616,1960276.07,16456.64,19650.4,3193.76,616,2.86,2.19,False
711189,firm_0,92,35.09,10.82,55,0,627,1977835.18,18754.21,22001.43,3247.22,627,2.86,2.29,False
711189,firm_0,93,31.58,10.0,55,0,627,1993838.62,16553.44,19800.66,3247.22,627,2.86,2.19,False
711189,firm_0,94,33.16,11.0,55,0,627,2010777.72,17544.1,20791.32,3247.22,627,2.86,2.19,False
711189,firm_0,95,29.84,10.45,55,0,627,2025665.43,15462.46,18709.68,3247.22,627,2.86,2.09,False
711189,firm_0,96,29.84,10.97,56,0,638,2040056.45,15705.34,19037.92,3332.58,638,2.91,1.99,False
711189,firm_0,97,28.35,10.42,56,0,638,2053895.75,14722.82,18087.3,3364.48,638,2.96,2.09,False
711189,firm_0,98,26.93,10.0,56,0,638,2067152.61,13816.86,17181.34,3364.48,638,2.96,2.09,False
711189,firm_0,99,24.24,10.0,55,0,627,2078391.17,11888.56,15198.48,3309.92,627,2.96,2.19,False
711189,firm_0,100,24.24,10.5,55,0,627,2089470.88,11857.21,15198.48,3341.27,627,3.01,2.19,False
711189,firm_0,101,23.03,11.02,55,0,627,2099731.97,11067.19,14439.81,3372.62,627,3.06,2.19,False
711189,firm_0,102,20.73,11.02,56,0,638,2108180.41,9765.56,13225.74,3460.18,638,3.11,2.09,False
711189,firm_0,103,22.8,11.57,57,0,651,2118004.56,11283.64,14842.8,3559.16,651,3.16,2.19,False
711189,firm_0,104,20.52,10.99,58,0,661,2126587.05,9919.91,13563.72,3643.81,661,3.21,2.09,False
711189,firm_0,105,22.57,10.44,59,0,672,2136937.01,11465.92,15167.04,3701.12,672,3.21,2.09,False
711189,firm_0,106,23.7,11.48,59,0,673,2148169.81,12210.12,15950.1,3739.98,673,3.26,2.19,False
711189,firm_0,107,24.88,12.63,60,0,684,2159797.89,13185.88,17017.92,3832.04,684,3.31,2.29,False
711189,firm_0,108,23.64,12.63,61,0,695,2170832.06,12504.6,16429.8,3925.2,695,3.36,2.29,False
711189,firm_0,109,23.64,12.0,60,0,682,2182144.92,12232.86,16122.48,3889.62,682,3.41,2.19,False
711189,firm_0,110,23.64,13.2,60,0,683,2193369.86,12216.94,16146.12,3929.18,683,3.46,2.09,False
711189,firm_0,111,22.46,12.54,59,0,672,2203620.4,11190.4,15093.12,3902.72,672,3.51,2.09,False
711189,firm_0,112,20.21,13.17,59,0,672,2212188.17,9644.8,13581.12,3936.32,672,3.56,2.19,False
711189,firm_0,113,22.23,12.51,60,0,682,2221872.41,11134.84,15160.86,4026.02,682,3.61,2.09,False
711189,firm_0,114,21.12,13.76,61,0,693,2231081.48,10548.43,14636.16,4087.73,693,3.61,1.99,False
711189,firm_0,115,22.18,12.38,60,0,682,2241439.42,11100.74,15126.76,4026.02,682,3.61,1.99,False
711189,firm_0,116,19.96,11.14,59,0,671,2250111.01,9428.85,13393.16,3964.31,671,3.61,2.09,False
711189,firm_0,117,17.96,10.58,59,0,671,2257573.64,8086.85,12051.16,3964.31,671,3.61,1.99,False
711189,firm_0,118,17.96,11.64,60,0,682,2264263.84,8188.6,12248.72,4060.12,682,3.66,2.09,False
711189,firm_0,119,16.16,12.8,60,0,685,2270254.09,6958.25,11069.6,4111.35,685,3.71,2.09,False
711189,firm_0,120,16.97,12.16,60,0,682,2277003.81,7479.32,11573.54,4094.22,682,3.71,2.09,False
711189,firm_0,121,16.97,11.55,60,0,682,2283790.13,7479.32,11573.54,4094.22,682,3.71,1.99,False
711189,firm_0,122,16.97,10.4,60,0,682,2290411.35,7445.22,11573.54,4128.32,682,3.76,1.89,False
711189,firm_0,123,15.27,10.92,60,0,682,2296041.97,6285.82,10414.14,4128.32,682,3.76,1.89,False
711189,firm_0,124,15.27,10.0,61,0,693,2301322.4,6390.43,10582.11,4191.68,693,3.76,1.79,False
711189,firm_0,125,16.8,10.5,61,0,694,2307908.96,7427.06,11659.2,4232.14,694,3.81,1.79,False
711189,firm_0,126,18.48,11.02,62,0,705,2315458.07,8732.35,13028.4,4296.05,705,3.81,1.79,False
711189,firm_0,127,16.63,11.57,63,0,716,2321540.48,7511.32,11907.08,4395.76,716,3.86,1.69,False
711189,firm_0,128,15.8,12.73,63,0,720,2327595.29,6956.8,11376.0,4419.2,720,3.86,1.79,False
711189,firm_0,129,17.38,11.46,64,0,727,2334536.89,8175.04,12635.26,4460.22,727,3.86,1.79,False
711189,firm_0,130,15.64,12.61,64,0,736,2340491.13,6961.28,11511.04,4549.76,736,3.91,1.69,False
711189,firm_0,131,16.42,12.61,64,0,735,2347108.94,7524.85,12068.7,4543.85,735,3.91,1.79,False
711189,firm_0,132,17.24,11.35,64,0,731,2354128.22,8045.68,12602.44,4556.76,731,3.96,1.89,False
711189,firm_0,133,15.52,12.49,63,0,720,2359788.55,6647.2,11174.4,4527.2,720,4.01,1.89,False
711189,firm_0,134,17.07,13.74,63,0,725,2366505.18,7782.25,12375.75,4593.5,725,4.06,1.89,False
711189,firm_0,135,17.07,14.43,62,0,708,2372870.2,7559.68,12085.56,4525.88,708,4.11,1.99,False
711189,firm_0,136,17.92,13.71,61,0,697,2379965.46,8031.57,12490.24,4458.67,697,4.11,2.09,False
711189,firm_0,137,19.71,14.4,62,0,709,2387779.61,9406.95,13974.39,4567.44,709,4.16,2.09,False
711189,firm_0,138,19.71,15.84,61,0,701,2396111.92,9298.55,13816.71,4518.16,701,4.16,1.99,False
711189,firm_0,139,19.71,16.63,62,0,712,2403792.86,9412.0,14033.52,4621.52,712,4.21,1.99,False
711189,firm_0,140,20.7,17.46,62,0,712,2412827.22,10116.88,14738.4,4621.52,712,4.21,1.99,False
711189,firm_0,141,18.63,17.46,63,0,724,2419683.12,8755.88,13488.12,4732.24,724,4.26,2.09,False
711189,firm_0,142,20.49,15.71,62,0,712,2428405.26,9896.16,14588.88,4692.72,712,4.31,1.99,False
711189,firm_0,143,21.51,14.92,62,0,712,2437767.02,10586.8,15315.12,4728.32,712,4.36,2.09,False
711189,firm_0,144,21.51,16.41,63,0,724,2446901.79,10768.6,15573.24,4804.64,724,4.36,2.19,False
711189,firm_0,145,23.66,14.77,63,0,720,2457991.28,12220.0,17035.2,4815.2,720,4.41,2.19,False
711189,firm_0,146,21.29,13.29,62,0,708,2467402.34,10335.04,15073.32,4738.28,708,4.41,2.29,False
711189,firm_0,147,22.35,13.29,61,0,697,2477266.98,10875.33,15577.95,4702.62,697,4.46,2.19,False
711189,firm_0,148,21.23,12.63,61,0,697,2486356.39,10059.84,14797.31,4737.47,697,4.51,2.09,False
711189,firm_0,149,19.11,13.26,62,0,708,2493655.07,8720.8,13529.88,4809.08,708,4.51,2.19,False
711189,firm_0,150,19.11,13.92,63,0,720,2500914.11,8836.0,13759.2,4923.2,720,4.56,2.09,False
711189,firm_0,151,19.11,13.92,64,0,731,2508497.28,8974.05,13969.41,4995.36,731,4.56,1.99,False
711189,firm_0,152,18.15,14.62,65,0,744,2515469.94,8422.96,13503.6,5080.64,744,4.56,1.89,False
711189,firm_0,153,19.96,13.16,65,0,744,2524384.14,9769.6,14850.24,5080.64,744,4.56,1.79,False
711189,firm_0,154,20.96,11.84,66,0,748,2533436.5,10533.8,15678.08,5144.28,748,4.61,1.69,False
711189,firm_0,155,23.06,12.43,67,0,765,2544487.94,12384.25,17640.9,5256.65,765,4.61,1.59,False
711189,firm_0,156,20.75,13.67,66,0,753,2554033.14,10447.42,15624.75,5177.33,753,4.61,1.59,False
711189,firm_0,157,22.83,12.99,67,0,759,2564535.84,12073.03,17327.97,5254.94,759,4.66,1.49,False
711189,firm_0,158,25.11,11.69,67,0,758,2577537.71,13785.1,19033.38,5248.28,758,4.66,1.39,False
711189,firm_0,159,27.62,11.11,68,0,769,2591962.02,15879.79,21239.78,5359.99,769,4.71,1.29,False
711189,firm_0,160,26.24,11.67,69,0,784,2605768.31,15111.52,20572.16,5460.64,784,4.71,1.29,False
711189,firm_0,161,24.93,11.09,69,0,780,2618914.7,14011.6,19445.4,5433.8,780,4.71,1.39,False
711189,firm_0,162,26.18,12.2,70,0,792,2632541.34,15180.64,20734.56,5553.92,792,4.76,1.29,False
711189,firm_0,163,28.8,13.42,71,0,807,2648434.45,17545.93,23241.6,5695.67,807,4.81,1.29,False
711189,firm_0,164,30.24,14.09,72,0,824,2665785.09,19065.12,24917.76,5852.64,824,4.86,1.29,False
711189,firm_0,165,30.24,14.79,71,0,809,2683349.42,18714.42,24464.16,5749.74,809,4.86,1.39,False
711189,firm_0,166,27.22,15.53,71,0,813,2698599.47,16352.68,22129.86,5777.18,813,4.86,1.29,False
711189,firm_0,167,25.86,14.75,72,0,824,2712393.47,15456.0,21308.64,5852.64,824,4.86,1.39,False
711189,firm_0,168,25.86,16.23,71,0,821,2726299.09,15357.95,21231.06,5873.11,821,4.91,1.49,False
711189,firm_0,169,24.57,17.85,72,0,832,2738907.01,14493.12,20442.24,5949.12,832,4.91,1.59,False
711189,firm_0,170,24.57,16.96,73,0,838,2751768.01,14599.08,20589.66,5990.58,838,4.91,1.49,False
711189,firm_0,171,22.11,18.66,74,0,855,2762583.17,12796.0,18904.05,6108.05,855,4.91,1.59,False
711189,firm_0,172,23.22,20.53,74,0,855,2774566.25,13702.3,19853.1,6150.8,855,4.96,1.49,False
711189,firm_0,173,25.54,21.56,73,0,844,2788131.69,15439.32,21555.76,6116.44,844,5.01,1.59,False
711189,firm_0,174,28.09,20.48,73,0,844,2804128.17,17591.52,23707.96,6116.44,844,5.01,1.69,False
711189,firm_0,175,30.9,21.5,73,0,844,2822521.83,19963.16,26079.6,6116.44,844,5.01,1.59,False
711189,firm_0,176,27.81,19.35,73,0,844,2838122.28,17313.0,23471.64,6158.64,844,5.06,1.69,False
711189,firm_0,177,30.59,19.35,73,0,844,2856126.85,19617.12,25817.96,6200.84,844,5.11,1.59,False
711189,firm_0,178,27.53,19.35,72,0,832,2871423.09,16789.44,22904.96,6115.52,832,5.11,1.69,False
711189,firm_0,179,26.15,21.29,71,0,820,2884983.3,15371.8,21443.0,6071.2,820,5.16,1.79,False
711189,firm_0,180,28.76,21.29,72,0,832,2900480.02,17729.6,23928.32,6198.72,832,5.21,1.69,False
711189,firm_0,181,27.32,22.35,73,0,843,2914859.05,16710.58,23030.76,6320.18,843,5.26,1.59,False
711189,firm_0,182,27.32,21.23,74,0,855,2929739.33,16951.3,23358.6,6407.3,855,5.26,1.49,False
711189,firm_0,183,27.32,20.17,74,0,855,2944855.3,16908.55,23358.6,6450.05,855,5.31,1.59,False
711189,firm_0,184,28.69,22.19,75,0,867,2960927.51,18336.46,24874.23,6537.77,867,5.31,1.69,False
711189,firm_0,185,27.26,23.3,76,0,878,2975728.91,17272.2,23934.28,6662.08,878,5.36,1.59,False
711189,firm_0,186,28.62,22.14,75,0,867,2992200.83,18232.42,24813.54,6581.12,867,5.36,1.69,False
711189,firm_0,187,27.19,23.25,75,0,867,3007449.69,16992.61,23573.73,6581.12,867,5.36,1.69,False
711189,firm_0,188,29.91,20.92,75,0,867,3024888.19,19307.5,25931.97,6624.47,867,5.41,1.79,False
711189,firm_0,189,26.92,19.87,74,0,856,3039575.57,16457.76,23043.52,6585.76,856,5.46,1.89,False
711189,firm_0,190,29.61,18.88,75,0,863,3056231.87,18872.3,25553.43,6681.13,863,5.51,1.99,False
711189,firm_0,191,31.09,20.77,76,0,878,3074556.59,20503.24,27297.02,6793.78,878,5.51,2.09,False
711189,firm_0,192,34.2,19.73,77,0,890,3095846.98,23509.6,30438.0,6928.4,890,5.56,2.09,False
711189,firm_0,193,34.2,21.7,76,0,879,3117314.34,23216.56,30061.8,6845.24,879,5.56,2.19,False
711189,firm_0,194,34.2,19.53,77,0,890,3138820.13,23509.6,30438.0,6928.4,890,5.56,2.19,False
711189,firm_0,195,34.2,21.48,78,0,901,3160202.28,23757.59,30814.2,7056.61,901,5.61,2.19,False
711189,firm_0,196,32.49,20.41,77,0,890,3180329.41,21898.7,28916.1,7017.4,890,5.66,2.09,False
711189,firm_0,197,34.11,22.45,78,0,901,3201709.76,23631.45,30733.11,7101.66,901,5.66,2.09,False
711189,firm_0,198,35.82,20.2,79,0,913,3225024.04,25510.08,32703.66,7193.58,913,5.66,2.19,False
711189,firm_0,199,35.82,20.2,79,0,913,3248838.32,25510.08,32703.66,7193.58,913,5.66,2.29,False
711189,firm_0,200,39.4,19.19,80,0,920,3275703.92,29000.8,36248.0,7247.2,920,5.66,2.39,False
711189,firm_0,201,35.46,20.15,79,0,916,3299376.87,25264.8,32481.36,7216.56,916,5.66,2.29,False
711189,firm_0,202,35.46,18.13,78,0,894,3322371.23,24608.5,31701.24,7092.74,894,5.71,2.19,False
711189,firm_0,203,39.01,17.22,79,0,905,3348392.1,28081.25,35304.05,7222.8,905,5.76,2.19,False
711189,firm_0,204,37.06,16.36,80,0,916,3372876.3,26593.0,33946.96,7353.96,916,5.81,2.29,False
711189,firm_0,205,38.91,17.18,81,0,923,3399490.02,28505.3,35913.93,7408.63,923,5.81,2.19,False
711189,firm_0,206,36.96,18.04,82,0,942,3424770.04,27259.3,34816.32,7557.02,942,5.81,2.09,False
711189,firm_0,207,38.81,18.94,82,0,942,3452118.96,29002.0,36559.02,7557.02,942,5.81,2.19,False
711189,firm_0,208,34.93,19.89,82,0,942,3475835.02,25347.04,32904.06,7557.02,942,5.81,2.19,False
711189,firm_0,209,33.18,18.9,83,0,953,3497496.28,23929.96,31620.54,7690.58,953,5.86,2.09,False
711189,firm_0,210,34.84,17.95,84,0,956,3521081.36,25592.88,33307.04,7714.16,956,5.86,1.99,False
711189,firm_0,211,34.84,18.85,85,0,976,3545111.59,26132.48,34003.84,7871.36,976,5.86,1.89,False
711189,firm_0,212,33.1,20.74,84,0,964,3567400.79,24131.36,31908.4,7777.04,964,5.86,1.99,False
711189,firm_0,213,33.1,22.81,84,0,964,3589267.91,24083.16,31908.4,7825.24,964,5.91,2.09,False
711189,firm_0,214,34.76,22.81,85,0,975,3612707.81,25978.75,33891.0,7912.25,975,5.91,2.19,False
711189,firm_0,215,38.24,25.09,85,0,975,3639846.91,29371.75,37284.0,7912.25,975,5.91,2.29,False
711189,firm_0,216,42.06,27.6,84,0,964,3669900.91,32672.4,40545.84,7873.44,964,5.96,2.39,False
711189,firm_0,217,46.27,27.6,84,0,970,3704304.41,36921.9,44881.9,7960.0,970,6.0,2.29,False
711189,firm_0,218,46.27,28.98,85,0,984,3738598.79,37457.68,45529.68,8072.0,984,6.0,2.19,False
711189,firm_0,219,50.9,31.88,85,0,984,3777602.59,42013.6,50085.6,8072.0,984,6.0,2.29,False
711189,firm_0,220,48.36,30.29,85,0,984,3814342.18,39514.24,47586.24,8072.0,984,6.0,2.19,False
711189,firm_0,221,48.36,33.32,85,0,984,3851024.22,39514.24,47586.24,8072.0,984,6.0,2.09,False
711189,firm_0,222,48.36,29.99,84,0,973,3887475.34,39070.28,47054.28,7984.0,973,6.0,2.19,False
711189,firm_0,223,50.78,29.99,85,0,984,3926121.71,41895.52,49967.52,8072.0,984,6.0,2.09,False
711189,firm_0,224,50.78,31.49,86,0,989,3964822.99,42109.42,50221.42,8112.0,989,6.0,2.09,False
711189,firm_0,225,50.78,28.34,87,0,1000,4004237.41,42580.0,50780.0,8200.0,1000,6.0,1.99,False
711189,firm_0,226,55.86,31.17,88,0,1012,4049228.77,48234.32,56530.32,8296.0,1012,6.0,1.99,False
711189,firm_0,227,55.86,28.05,89,0,1023,4094993.1,48760.78,57144.78,8384.0,1023,6.0,1.89,False
711189,firm_0,228,50.27,25.24,90,0,1022,4134921.44,42999.94,51375.94,8376.0,1022,6.0,1.99,False
711189,firm_0,229,47.76,22.72,91,0,1033,4173126.0,40872.08,49336.08,8464.0,1033,6.0,2.09,False
711189,firm_0,230,52.54,24.99,91,0,1033,4216361.73,45809.82,54273.82,8464.0,1033,6.0,2.19,False
711189,firm_0,231,47.29,27.49,90,0,1031,4254095.62,40307.99,48755.99,8448.0,1031,6.0,2.29,False
711189,firm_0,232,47.29,26.12,91,0,1042,4291858.88,40740.18,49276.18,8536.0,1042,6.0,2.39,False
711189,firm_0,233,47.29,28.73,92,0,1054,4329727.38,41211.66,49843.66,8632.0,1054,6.0,2.29,False
711189,firm_0,234,49.65,31.6,91,0,1042,4369851.08,43199.3,51735.3,8536.0,1042,6.0,2.29,False
711189,firm_0,235,49.65,34.76,92,0,1056,4409935.56,43782.4,52430.4,8648.0,1056,6.0,2.19,False
711189,firm_0,236,52.13,31.28,92,0,1056,4453159.08,46401.28,55049.28,8648.0,1056,6.0,2.29,False
711189,firm_0,237,54.74,29.72,93,0,1065,4499473.22,49578.1,58298.1,8720.0,1065,6.0,2.19,False
711189,firm_0,238,49.27,28.23,94,0,1076,4540526.12,44206.52,53014.52,8808.0,1076,6.0,2.19,False
711189,firm_0,239,44.34,26.82,94,0,1076,4576706.88,38901.84,47709.84,8808.0,1076,6.0,2.09,False
711189,firm_0,240,48.77,24.14,94,0,1076,4618106.24,43668.52,52476.52,8808.0,1076,6.0,1.99,False
711189,firm_0,241,43.89,26.55,93,0,1065,4653659.94,38022.85,46742.85,8720.0,1065,6.0,1.89,False
711189,firm_0,242,48.28,23.9,94,0,1077,4694094.9,43181.56,51997.56,8816.0,1077,6.0,1.79,False
711189,firm_0,243,48.28,26.29,95,0,1088,4734721.99,43624.64,52528.64,8904.0,1088,6.0,1.69,False
711189,firm_0,244,45.87,24.98,96,0,1099,4773043.04,41419.13,50411.13,8992.0,1099,6.0,1.69,False
711189,firm_0,245,43.58,24.98,96,0,1099,4809347.38,38902.42,47894.42,8992.0,1099,6.0,1.69,False
711189,firm_0,246,45.76,24.98,97,0,1111,4847975.68,41751.36,50839.36,9088.0,1111,6.0,1.59,False
711189,firm_0,247,41.18,27.48,98,0,1122,4881510.6,37027.96,46203.96,9176.0,1122,6.0,1.69,False
711189,firm_0,248,39.12,26.11,98,0,1122,4913568.46,34716.64,43892.64,9176.0,1122,6.0,1.79,False
711189,firm_0,249,37.16,24.8,98,0,1122,4943655.58,32517.52,41693.52,9176.0,1122,6.0,1.79,False
711189,firm_0,250,35.3,22.32,98,0,1122,4971898.82,30430.6,39606.6,9176.0,1122,6.0,1.69,False
711189,firm_0,251,37.06,21.2,98,0,1122,5002026.54,32405.32,41581.32,9176.0,1122,6.0,1.69,False
711189,firm_0,252,38.91,19.08,99,0,1122,5033918.64,34481.02,43657.02,9176.0,1122,6.0,1.69,False
711189,firm_0,253,42.8,20.03,98,0,1121,5070766.5,38810.8,47978.8,9168.0,1121,6.0,1.59,False
711189,firm_0,254,44.94,21.03,99,0,1132,5109800.61,41616.08,50872.08,9256.0,1132,6.0,1.59,False
711189,firm_0,255,42.69,18.93,99,0,1121,5146614.03,38687.49,47855.49,9168.0,1121,6.0,1.59,False
711189,firm_0,256,40.56,17.98,100,0,1133,5180706.51,36690.48,45954.48,9264.0,1133,6.0,1.69,False
711189,firm_0,257,38.53,16.18,101,0,1132,5212832.29,34359.96,43615.96,9256.0,1132,6.0,1.79,False
711189,firm_0,258,40.46,15.37,102,0,1155,5247955.85,37291.3,46731.3,9440.0,1155,6.0,1.89,False
711189,firm_0,259,40.46,16.91,102,0,1155,5283522.33,37291.3,46731.3,9440.0,1155,6.0,1.89,False
711189,firm_0,260,38.44,16.06,102,0,1167,5317107.69,35323.48,44859.48,9536.0,1167,6.0,1.99,False
711189,firm_0,261,34.6,15.26,102,0,1160,5346207.17,30656.0,40136.0,9480.0,1160,6.0,1.89,False
711189,firm_0,262,34.6,14.5,103,0,1166,5374729.27,30815.6,40343.6,9528.0,1166,6.0,1.99,False
711189,firm_0,263,36.33,15.95,103,0,1178,5406059.16,33172.74,42796.74,9624.0,1178,6.0,1.99,False
711189,firm_0,264,39.96,16.75,103,0,1166,5441299.27,37065.36,46593.36,9528.0,1166,6.0,2.09,False
711189,firm_0,265,39.96,15.91,102,0,1148,5476066.53,36490.08,45874.08,9384.0,1148,6.0,2.19,False
711189,firm_0,266,43.96,14.32,102,0,1148,5515387.97,41082.08,50466.08,9384.0,1148,6.0,2.29,False
711189,firm_0,267,39.56,14.32,101,0,1136,5549593.81,35652.16,44940.16,9288.0,1136,6.0,2.19,False
711189,firm_0,268,39.56,15.75,101,0,1136,5583555.22,35652.16,44940.16,9288.0,1136,6.0,2.29,False
711189,firm_0,269,37.58,17.33,102,0,1147,5614815.82,33728.26,43104.26,9376.0,1147,6.0,2.19,False
711189,firm_0,270,39.46,15.6,102,0,1146,5648877.78,35853.16,45221.16,9368.0,1146,6.0,2.19,False
711189,firm_0,271,39.46,15.6,101,0,1135,5682809.28,35507.1,44787.1,9280.0,1135,6.0,2.09,False
711189,firm_0,272,41.43,14.04,100,0,1123,5718447.17,37341.89,46525.89,9184.0,1123,6.0,2.19,False
711189,firm_0,273,41.43,14.74,101,0,1135,5754201.48,37743.05,47023.05,9280.0,1135,6.0,2.19,False
711189,firm_0,274,39.36,16.21,102,0,1147,5787817.98,35769.92,45145.92,9376.0,1147,6.0,2.09,False
711189,firm_0,275,43.3,17.83,103,0,1158,5825858.89,40677.4,50141.4,9464.0,1158,6.0,2.19,False
711189,firm_0,276,43.3,18.72,103,0,1158,5864408.13,40677.4,50141.4,9464.0,1158,6.0,2.19,False
711189,firm_0,277,45.46,16.85,102,0,1146,5905318.59,42729.16,52097.16,9368.0,1146,6.0,2.29,False
711189,firm_0,278,45.46,15.16,101,0,1135,5946104.53,42317.1,51597.1,9280.0,1135,6.0,2.19,False
711189,firm_0,279,47.73,14.4,100,0,1124,5989121.05,44456.52,53648.52,9192.0,1124,6.0,2.19,False
711189,firm_0,280,50.12,13.68,100,0,1124,6034595.93,47142.88,56334.88,9192.0,1124,6.0,2.29,False
711189,firm_0,281,50.12,12.31,100,0,1124,6080307.81,47142.88,56334.88,9192.0,1124,6.0,2.29,False
711189,firm_0,282,52.63,13.54,101,0,1135,6128795.32,50455.05,59735.05,9280.0,1135,6.0,2.39,False
711189,firm_0,283,50.0,13.54,100,0,1123,6174207.32,46966.0,56150.0,9184.0,1123,6.0,2.39,False
711189,firm_0,284,47.5,13.54,100,0,1124,6217051.32,44198.0,53390.0,9192.0,1124,6.0,2.39,False
711189,firm_0,285,49.88,14.22,100,0,1123,6262360.56,46831.24,56015.24,9184.0,1123,6.0,2.49,False
711189,firm_0,286,44.89,13.51,101,0,1134,6302029.31,41633.26,50905.26,9272.0,1134,6.0,2.59,False
711189,firm_0,287,47.13,14.86,101,0,1134,6344401.87,44173.42,53445.42,9272.0,1134,6.0,2.69,False
711189,firm_0,288,42.42,14.86,101,0,1134,6381733.29,38832.28,48104.28,9272.0,1134,6.0,2.69,False
711189,firm_0,289,38.18,13.37,101,0,1134,6414207.04,34024.12,43296.12,9272.0,1134,6.0,2.69,False
711189,firm_0,290,40.09,13.37,101,0,1133,6448714.64,36157.97,45421.97,9264.0,1133,6.0,2.79,False
711189,firm_0,291,40.09,12.7,100,0,1122,6483249.62,35804.98,44980.98,9176.0,1122,6.0,2.69,False
711189,firm_0,292,38.09,13.34,101,0,1133,6515294.25,33891.97,43155.97,9264.0,1133,6.0,2.69,False
711189,firm_0,293,34.28,12.01,100,0,1111,6542790.33,28997.08,38085.08,9088.0,1111,6.0,2.79,False
711189,firm_0,294,35.99,13.21,101,0,1133,6572368.79,31512.67,40776.67,9264.0,1133,6.0,2.89,False
711189,firm_0,295,34.19,12.55,101,0,1133,6600574.51,29473.27,38737.27,9264.0,1133,6.0,2.89,False
711189,firm_0,296,34.19,13.18,101,0,1133,6628716.6,29473.27,38737.27,9264.0,1133,6.0,2.79,False
711189,firm_0,297,34.19,13.18,102,0,1144,6656633.6,29761.36,39113.36,9352.0,1144,6.0,2.79,False
711189,firm_0,298,32.48,11.86,102,0,1144,6683029.0,27805.12,37157.12,9352.0,1144,6.0,2.79,False
711189,firm_0,299,29.23,11.27,101,0,1133,6705744.32,23853.59,33117.59,9264.0,1133,6.0,2.79,False
711189,firm_0,300,26.31,10.14,102,0,1133,6724755.27,20545.23,29809.23,9264.0,1133,6.0,2.69,False
711189,firm_0,301,26.31,11.15,102,0,1133,6744063.2,20545.23,29809.23,9264.0,1133,6.0,2.79,False
711189,firm_0,302,24.99,12.26,101,0,1133,6761874.61,19049.67,28313.67,9264.0,1133,6.0,2.79,False
711189,firm_0,303,27.49,11.65,101,0,1133,6782580.13,21882.17,31146.17,9264.0,1133,6.0,2.69,False
711189,firm_0,304,30.24,12.82,101,0,1133,6806083.23,24997.92,34261.92,9264.0,1133,6.0,2.69,False
711189,firm_0,305,28.73,11.54,101,0,1132,6828084.05,23266.36,32522.36,9256.0,1132,6.0,2.79,False
711189,firm_0,306,30.17,11.54,100,0,1121,6851482.62,24652.57,33820.57,9168.0,1121,6.0,2.89,False
711189,firm_0,307,31.68,11.54,101,0,1132,6876122.84,26605.76,35861.76,9256.0,1132,6.0,2.99,False
711189,firm_0,308,30.1,10.96,102,0,1143,6899565.22,25060.3,34404.3,9344.0,1143,6.0,2.99,False
711189,firm_0,309,27.09,10.96,101,0,1121,6919658.15,21199.89,30367.89,9168.0,1121,6.0,2.89,False
711189,firm_0,310,25.74,10.0,101,0,1120,6938216.95,19668.8,28828.8,9160.0,1120,6.0,2.99,False
711189,firm_0,311,23.17,10.5,101,0,1131,6954113.72,16957.27,26205.27,9248.0,1131,6.0,2.89,False
711189,firm_0,312,23.17,10.0,100,0,1109,6969637.25,16623.53,25695.53,9072.0,1109,6.0,2.99,False
711189,firm_0,313,22.01,10.0,100,0,1109,6983974.34,15337.09,24409.09,9072.0,1109,6.0,2.89,False
711189,firm_0,314,20.91,10.0,101,0,1120,6996423.54,14259.2,23419.2,9160.0,1120,6.0,2.99,False
711189,firm_0,315,23.0,10.0,100,0,1109,7011558.54,16435.0,25507.0,9072.0,1109,6.0,3.09,False
711189,firm_0,316,23.0,10.5,101,0,1119,7026283.04,16585.0,25737.0,9152.0,1119,6.0,3.19,False
711189,firm_0,317,23.0,10.5,100,0,1108,7041653.04,16420.0,25484.0,9064.0,1108,6.0,3.09,False
711189,firm_0,318,20.7,10.5,99,0,1097,7054045.44,13731.9,22707.9,8976.0,1097,6.0,3.19,False
711189,firm_0,319,21.74,10.5,99,0,1097,7067578.72,14872.78,23848.78,8976.0,1097,6.0,3.29,False
711189,firm_0,320,19.57,10.0,99,0,1097,7078981.01,12492.29,21468.29,8976.0,1097,6.0,3.39,False
711189,firm_0,321,18.59,10.0,100,0,1107,7088704.14,11523.13,20579.13,9056.0,1107,6.0,3.49,False
711189,firm_0,322,18.59,10.0,100,0,1107,7099127.27,11523.13,20579.13,9056.0,1107,6.0,3.59,False
711189,firm_0,323,18.59,10.0,100,0,1107,7109650.4,11523.13,20579.13,9056.0,1107,6.0,3.49,False
711189,firm_0,324,18.59,11.0,101,0,1117,7119668.43,11629.03,20765.03,9136.0,1117,6.0,3.39,False
711189,firm_0,325,18.59,11.55,100,0,1118,7129853.05,11639.62,20783.62,9144.0,1118,6.0,3.49,False
711189,firm_0,326,18.59,10.97,101,0,1128,7139790.6,11745.52,20969.52,9224.0,1128,6.0,3.39,False
711189,firm_0,327,17.66,10.42,101,0,1116,7149218.74,10580.56,19708.56,9128.0,1116,6.0,3.49,False
711189,firm_0,328,18.54,10.0,100,0,1105,7159465.44,11446.7,20486.7,9040.0,1105,6.0,3.49,False
711189,firm_0,329,18.54,10.0,99,0,1095,7169816.74,11341.3,20301.3,8960.0,1095,6.0,3.39,False
711189,firm_0,330,16.69,10.0,100,0,1105,7177519.19,9402.45,18442.45,9040.0,1105,6.0,3.29,False
711189,firm_0,331,18.36,10.0,101,0,1116,7187370.95,11361.76,20489.76,9128.0,1116,6.0,3.19,False
711189,firm_0,332,18.36,11.0,100,0,1122,7197594.87,11423.92,20599.92,9176.0,1122,6.0,3.29,False
711189,firm_0,333,17.44,11.55,99,0,1111,7206639.26,10287.84,19375.84,9088.0,1111,6.0,3.39,False
711189,firm_0,334,16.57,12.13,99,0,1111,7214659.66,9321.27,18409.27,9088.0,1111,6.0,3.49,False
711189,firm_0,335,15.74,12.13,100,0,1122,7221430.94,8484.28,17660.28,9176.0,1122,6.0,3.49,False
711189,firm_0,336,14.95,11.52,101,0,1133,7227241.77,7674.35,16938.35,9264.0,1133,6.0,3.39,False
711189,firm_0,337,14.95,10.94,102,0,1126,7233251.59,7625.7,16833.7,9208.0,1126,6.0,3.39,False
711189,firm_0,338,14.2,10.39,103,0,1137,7238430.82,6849.4,16145.4,9296.0,1137,6.0,3.49,False
711189,firm_0,339,14.91,10.0,102,0,1126,7244891.48,7580.66,16788.66,9208.0,1126,6.0,3.59,False
711189,firm_0,340,14.91,10.0,101,0,1115,7251386.13,7504.65,16624.65,9120.0,1115,6.0,3.59,False
711189,firm_0,341,14.91,11.0,102,0,1143,7257362.26,7698.13,17042.13,9344.0,1143,6.0,3.69,False
711189,firm_0,342,15.66,10.45,102,0,1143,7264851.74,8555.38,17899.38,9344.0,1143,6.0,3.69,False
711189,firm_0,343,15.66,10.0,102,0,1125,7271949.24,8417.5,17617.5,9200.0,1125,6.0,3.79,False
711189,firm_0,344,17.23,10.0,103,0,1136,7280704.52,10285.28,19573.28,9288.0,1136,6.0,3.69,False
711189,firm_0,345,17.23,10.0,102,0,1125,7289568.27,10183.75,19383.75,9200.0,1125,6.0,3.79,False
711189,firm_0,346,16.37,10.0,102,0,1124,7297756.15,9207.88,18399.88,9192.0,1124,6.0,3.69,False
711189,firm_0,347,16.37,10.0,103,0,1135,7305526.1,9299.95,18579.95,9280.0,1135,6.0,3.59,False
711189,firm_0,348,16.37,10.0,102,0,1124,7313613.98,9207.88,18399.88,9192.0,1124,6.0,3.69,False
711189,firm_0,349,18.01,10.5,103,0,1147,7323213.95,11281.47,20657.47,9376.0,1147,6.0,3.79,False
711189,firm_0,350,17.11,10.0,103,0,1135,7332023.8,10139.85,19419.85,9280.0,1135,6.0,3.89,False
711189,firm_0,351,17.11,10.0,103,0,1135,7340933.65,10139.85,19419.85,9280.0,1135,6.0,3.89,False
711189,firm_0,352,17.97,11.0,103,0,1147,7350736.24,11235.59,20611.59,9376.0,1147,6.0,3.99,False
711189,firm_0,353,16.17,11.55,102,0,1146,7358520.96,9162.82,18530.82,9368.0,1146,6.0,3.89,False
711189,firm_0,354,14.55,10.97,101,0,1134,7364340.69,7227.7,16499.7,9272.0,1134,6.0,3.99,False
711189,firm_0,355,14.55,10.42,102,0,1145,7370077.6,7299.75,16659.75,9360.0,1145,6.0,3.89,False
711189,firm_0,356,14.55,10.0,103,0,1138,7375501.5,7253.9,16557.9,9304.0,1138,6.0,3.99,False
711189,firm_0,357,13.1,11.0,102,0,1145,7380019.0,5639.5,14999.5,9360.0,1145,6.0,3.99,False
711189,firm_0,358,13.76,10.0,103,0,1137,7384538.12,6349.12,15645.12,9296.0,1137,6.0,4.09,False
711189,firm_0,359,13.07,10.0,104,0,1149,7388323.55,5625.43,15017.43,9392.0,1149,6.0,4.19,False
711189,firm_0,360,12.42,11.0,104,0,1168,7392042.11,4962.56,14506.56,9544.0,1168,6.0,4.29,False
711189,firm_0,361,13.04,12.1,104,0,1182,7396540.99,5757.28,15413.28,9656.0,1182,6.0,4.19,False
711189,firm_0,362,12.39,11.5,105,0,1179,7399609.3,4975.81,14607.81,9632.0,1179,6.0,4.09,False
711189,firm_0,363,11.77,11.5,104,0,1167,7402412.89,4199.59,13735.59,9536.0,1167,6.0,4.09,False
711189,firm_0,364,11.18,10.35,104,0,1160,7404625.29,3488.8,12968.8,9480.0,1160,6.0,3.99,False
711189,firm_0,365,11.18,10.0,103,0,1137,7406910.95,3415.66,12711.66,9296.0,1137,6.0,4.09,False
711189,firm_1,1,54.91,35.95,24,0,277,102098.09,14378.51,15210.07,831.56,277,0.28,0.3,False
711189,firm_1,2,57.66,32.36,24,0,277,116247.86,15126.41,15971.82,845.41,277,0.33,0.2,False
711189,firm_1,3,54.78,29.12,24,0,277,129877.63,14328.65,15174.06,845.41,277,0.33,0.2,False
711189,firm_1,4,57.52,29.12,25,0,289,144399.54,15749.91,16623.28,873.37,289,0.33,0.2,False
711189,firm_1,5,63.27,30.58,24,0,277,160246.0,16680.38,17525.79,845.41,277,0.33,0.3,False
711189,firm_1,6,60.11,32.11,23,0,266,174676.95,15169.48,15989.26,819.78,266,0.33,0.3,False
711189,firm_1,7,60.11,32.11,23,0,266,189107.9,15169.48,15989.26,819.78,266,0.33,0.3,False
711189,firm_1,8,57.1,32.11,23,0,265,202583.42,14314.05,15131.5,817.45,265,0.33,0.4,False
711189,firm_1,9,51.39,32.11,22,0,254,214138.24,12261.24,13053.06,791.82,254,0.33,0.3,False
711189,firm_1,10,46.25,33.72,22,0,254,224039.38,10942.98,11747.5,804.52,254,0.38,0.4,False
711189,firm_1,11,46.25,37.09,23,0,266,233842.43,11456.12,12302.5,846.38,266,0.43,0.5,False
711189,firm_1,12,43.94,37.09,24,0,278,243792.05,11339.78,12215.32,875.54,278,0.43,0.4,False
711189,firm_1,13,43.94,38.94,23,0,266,253524.79,10828.36,11688.04,859.68,266,0.48,0.3,False
711189,firm_1,14,48.33,40.89,24,0,278,264375.83,12532.4,13435.74,903.34,278,0.53,0.2,False
711189,firm_1,15,50.75,36.8,23,0,266,276155.95,12626.52,13499.5,872.98,266,0.53,0.1,False
711189,firm_1,16,48.21,33.12,23,0,266,287031.77,11937.58,12823.86,886.28,266,0.58,0.2,False
711189,firm_1,17,53.03,36.43,23,0,266,299200.28,13206.4,14105.98,899.58,266,0.63,0.1,False
711189,firm_1,18,50.38,34.61,23,0,266,310905.75,12501.5,13401.08,899.58,266,0.63,0.1,False
711189,firm_1,19,50.38,34.61,23,0,266,322511.22,12501.5,13401.08,899.58,266,0.63,0.2,False
711189,firm_1,20,50.38,38.07,23,0,266,334037.11,12501.5,13401.08,899.58,266,0.63,0.3,False
711189,firm_1,21,50.38,39.97,23,0,266,345406.0,12488.2,13401.08,912.88,266,0.68,0.3,False
711189,firm_1,22,50.38,35.97,22,0,253,356270.11,11855.45,12746.14,890.69,253,0.73,0.2,False
711189,firm_1,23,47.86,37.77,23,0,266,366705.98,11804.58,12730.76,926.18,266,0.73,0.1,False
711189,firm_1,24,50.25,35.88,22,0,253,377526.53,11809.91,12713.25,903.34,253,0.78,0.1,False
711189,firm_1,25,45.22,37.67,21,0,243,386636.23,10100.77,10988.46,887.69,243,0.83,0.1,False
711189,firm_1,26,49.74,33.9,21,0,243,396911.31,11186.98,12086.82,899.84,243,0.88,0.1,False
711189,firm_1,27,44.77,33.9,22,0,254,406105.57,10440.06,11371.58,931.52,254,0.88,0.1,False
711189,firm_1,28,49.25,30.51,21,0,242,416174.3,11009.44,11918.5,909.06,242,0.93,0.2,False
711189,firm_1,29,49.25,30.51,22,0,253,426209.39,11506.31,12460.25,953.94,253,0.98,0.3,False
711189,firm_1,30,44.32,32.04,22,0,254,435592.17,10287.66,11257.28,969.62,254,1.03,0.2,False
711189,firm_1,31,39.89,32.04,23,0,266,443860.01,9604.76,10610.74,1005.98,266,1.03,0.3,False
711189,firm_1,32,43.88,30.44,24,0,278,453685.75,11156.3,12198.64,1042.34,278,1.03,0.4,False
711189,firm_1,33,43.88,28.92,24,0,278,464147.97,11156.3,12198.64,1042.34,278,1.03,0.3,False
711189,firm_1,34,43.88,27.47,24,0,277,474290.29,11101.6,12154.76,1053.16,277,1.08,0.4,False
711189,firm_1,35,43.88,24.72,24,0,277,484698.61,11101.6,12154.76,1053.16,277,1.08,0.5,False
711189,firm_1,36,41.69,24.72,23,0,264,493809.89,9979.84,11006.16,1026.32,264,1.13,0.6,False
711189,firm_1,37,45.86,22.25,24,0,276,504369.37,11593.48,12657.36,1063.88,276,1.13,0.6,False
711189,firm_1,38,41.27,22.25,25,0,288,513783.04,10769.92,11885.76,1115.84,288,1.18,0.7,False
711189,firm_1,39,41.27,24.48,24,0,276,523408.36,10312.84,11390.52,1077.68,276,1.18,0.8,False
711189,firm_1,40,45.4,24.48,24,0,277,534315.78,11494.94,12575.8,1080.86,277,1.18,0.7,False
711189,firm_1,41,43.13,23.26,23,0,265,543954.3,10373.5,11429.45,1055.95,265,1.23,0.7,False
711189,firm_1,42,43.13,20.93,22,0,253,553388.54,9894.7,10911.89,1017.19,253,1.23,0.7,False
711189,firm_1,43,45.29,18.84,22,0,253,563415.24,10441.18,11458.37,1017.19,253,1.23,0.6,False
711189,firm_1,44,47.55,18.84,21,0,241,573500.72,10481.12,11459.55,978.43,241,1.23,0.6,False
711189,firm_1,45,52.3,16.96,22,0,252,584793.24,12165.64,13179.6,1013.96,252,1.23,0.5,False
711189,firm_1,46,54.92,16.96,21,0,241,596694.37,12257.29,13235.72,978.43,241,1.23,0.4,False
711189,firm_1,47,57.67,17.81,20,0,229,608293.48,12255.31,13206.43,951.12,229,1.28,0.5,False
711189,firm_1,48,57.67,18.7,19,0,218,619595.2,11657.02,12572.06,915.04,218,1.28,0.5,False
711189,firm_1,49,54.79,18.7,18,0,206,629459.36,10400.76,11286.74,885.98,206,1.33,0.5,False
711189,firm_1,50,54.79,18.7,18,0,207,639574.98,10452.22,11341.53,889.31,207,1.33,0.4,False
711189,firm_1,51,49.31,17.76,17,0,195,647829.41,8756.35,9615.45,859.1,195,1.38,0.4,False
711189,firm_1,52,49.31,18.65,18,0,207,656201.22,9307.51,10207.17,899.66,207,1.38,0.5,False
711189,firm_1,53,54.24,19.58,18,0,207,665866.45,10317.67,11227.68,910.01,207,1.43,0.6,False
711189,firm_1,54,51.53,20.56,18,0,208,675301.17,9804.8,10718.24,913.44,208,1.43,0.6,False
711189,firm_1,55,48.95,18.5,17,0,196,683398.79,8712.12,9594.2,882.08,196,1.48,0.7,False
711189,firm_1,56,46.5,18.5,16,0,185,690861.49,7758.7,8602.5,843.8,185,1.48,0.6,False
711189,firm_1,57,46.5,16.65,15,0,172,697502.58,7190.84,7998.0,807.16,172,1.53,0.7,False
711189,firm_1,58,41.85,16.65,15,0,172,703335.27,6382.44,7198.2,815.76,172,1.58,0.8,False
711189,firm_1,59,39.76,18.32,14,0,161,708703.77,5624.98,6401.36,776.38,161,1.58,0.7,False
711189,firm_1,60,39.76,16.49,14,0,160,713753.71,5580.8,6361.6,780.8,160,1.63,0.8,False
711189,firm_1,61,37.77,18.14,14,0,160,718454.15,5254.4,6043.2,788.8,160,1.68,0.9,False
711189,firm_1,62,39.66,17.23,15,0,172,723375.66,5979.96,6821.52,841.56,172,1.73,1.0,False
711189,firm_1,63,39.66,15.51,14,0,160,728399.32,5540.8,6345.6,804.8,160,1.78,1.1,False
711189,firm_1,64,39.66,15.51,13,0,149,733343.81,5146.12,5909.34,763.22,149,1.78,1.0,False
711189,firm_1,65,41.64,14.73,14,0,160,738287.19,5849.6,6662.4,812.8,160,1.83,1.0,False
711189,firm_1,66,43.72,13.26,15,0,171,744209.48,6621.19,7476.12,854.93,171,1.83,1.0,False
711189,firm_1,67,39.35,14.59,16,0,183,749567.05,6291.01,7201.05,910.04,183,1.88,1.0,False
711189,firm_1,68,39.35,16.05,16,0,183,755292.11,6281.86,7201.05,919.19,183,1.93,1.1,False
711189,firm_1,69,41.32,16.85,16,0,184,761393.07,6670.56,7602.88,932.32,184,1.98,1.2,False
711189,firm_1,70,41.32,18.54,16,0,184,767766.99,6670.56,7602.88,932.32,184,1.98,1.2,False
711189,firm_1,71,43.39,17.61,15,0,172,773872.76,6569.92,7463.08,893.16,172,2.03,1.1,False
711189,firm_1,72,47.73,16.73,14,0,161,780266.19,6827.65,7684.53,856.88,161,2.08,1.1,False
711189,firm_1,73,42.96,18.4,15,0,172,785977.55,6487.36,7389.12,901.76,172,2.08,1.1,False
711189,firm_1,74,47.26,20.24,15,0,172,792592.31,7218.36,8128.72,910.36,172,2.13,1.2,False
711189,firm_1,75,51.99,21.25,16,0,185,800197.16,8644.85,9618.15,973.3,185,2.18,1.1,False
711189,firm_1,76,51.99,19.12,15,0,172,807933.68,8023.32,8942.28,918.96,172,2.18,1.0,False
711189,firm_1,77,51.99,17.21,14,0,161,815090.15,7497.41,8370.39,872.98,161,2.18,1.1,False
711189,firm_1,78,46.79,18.07,15,0,172,821239.42,7120.32,8047.88,927.56,172,2.23,1.1,False
711189,firm_1,79,51.47,18.07,15,0,172,828685.05,7916.68,8852.84,936.16,172,2.28,1.1,False
711189,firm_1,80,46.32,19.88,14,0,162,834809.11,6602.38,7503.84,901.46,162,2.33,1.0,False
711189,firm_1,81,41.69,20.87,13,0,150,839941.8,5404.0,6253.5,849.5,150,2.33,0.9,False
711189,firm_1,82,37.52,19.83,14,0,162,844032.86,5168.68,6078.24,909.56,162,2.38,1.0,False
711189,firm_1,83,33.77,21.81,15,0,173,847881.53,4875.82,5842.21,966.39,173,2.43,1.0,False
711189,firm_1,84,35.46,20.72,15,0,173,852430.27,5159.54,6134.58,975.04,173,2.48,1.1,False
711189,firm_1,85,39.01,18.65,16,0,184,857576.19,6144.32,7177.84,1033.52,184,2.53,1.1,False
711189,firm_1,86,35.11,16.78,16,0,183,862603.85,5396.14,6425.13,1028.99,183,2.53,1.2,False
711189,firm_1,87,31.6,15.1,16,0,183,866806.91,4744.66,5782.8,1038.14,183,2.58,1.3,False
711189,firm_1,88,28.44,13.59,15,0,171,870483.12,3880.06,4863.24,983.18,171,2.58,1.3,False
711189,firm_1,89,28.44,14.27,15,0,171,873940.58,3871.51,4863.24,991.73,171,2.63,1.3,False
711189,firm_1,90,25.6,12.84,14,0,160,876816.02,3155.2,4096.0,940.8,160,2.63,1.4,False
711189,firm_1,91,25.6,11.56,13,0,148,879569.3,2903.56,3788.8,885.24,148,2.63,1.3,False
711189,firm_1,92,26.88,12.14,14,0,160,882159.34,3360.0,4300.8,940.8,160,2.63,1.4,False
711189,firm_1,93,24.19,13.35,13,0,148,884680.67,2694.88,3580.12,885.24,148,2.63,1.4,False
711189,firm_1,94,24.19,12.68,13,0,148,886903.31,2687.48,3580.12,892.64,148,2.68,1.5,False
711189,firm_1,95,26.61,13.31,13,0,148,889568.52,3038.24,3938.28,900.04,148,2.73,1.5,False
711189,firm_1,96,27.94,12.64,12,0,137,892089.76,2972.92,3827.78,854.86,137,2.78,1.6,False
711189,firm_1,97,25.15,13.27,12,0,137,894314.36,2583.84,3445.55,861.71,137,2.83,1.5,False
711189,firm_1,98,26.41,12.61,11,0,126,896694.73,2519.08,3327.66,808.58,126,2.83,1.5,False
711189,firm_1,99,26.41,12.61,12,0,137,898493.02,2749.61,3618.17,868.56,137,2.88,1.6,False
711189,firm_1,100,27.73,11.98,12,0,137,901179.71,2930.45,3799.01,868.56,137,2.88,1.7,False
711189,firm_1,101,26.34,11.38,12,0,137,903576.32,2733.17,3608.58,875.41,137,2.93,1.6,False
711189,firm_1,102,28.97,12.52,13,0,148,906271.48,3357.92,4287.56,929.64,148,2.93,1.5,False
711189,firm_1,103,28.97,11.27,12,0,136,908898.88,3062.64,3939.92,877.28,136,2.98,1.6,False
711189,firm_1,104,31.87,11.83,12,0,137,912140.85,3483.93,4366.19,882.26,137,2.98,1.7,False
711189,firm_1,105,28.68,12.42,12,0,137,915038.71,3046.9,3929.16,882.26,137,2.98,1.7,False
711189,firm_1,106,27.25,11.18,11,0,124,917377.21,2561.48,3379.0,817.52,124,2.98,1.8,False
711189,firm_1,107,28.61,11.74,12,0,136,919650.01,3013.68,3890.96,877.28,136,2.98,1.9,False
711189,firm_1,108,31.47,11.74,13,0,147,922591.42,3694.03,4626.09,932.06,147,2.98,2.0,False
711189,firm_1,109,34.62,12.91,12,0,137,926297.18,3860.68,4742.94,882.26,137,2.98,1.9,False
711189,firm_1,110,31.16,11.62,12,0,136,929311.42,3353.68,4237.76,884.08,136,3.03,1.9,False
711189,firm_1,111,34.28,12.2,12,0,136,932843.02,3778.0,4662.08,884.08,136,3.03,2.0,False
711189,firm_1,112,35.99,12.81,12,0,136,936393.06,4003.76,4894.64,890.88,136,3.08,2.1,False
711189,firm_1,113,37.79,14.09,12,0,137,940405.25,4281.27,5177.23,895.96,137,3.08,2.2,False
711189,firm_1,114,41.57,14.79,12,0,138,944963.39,4835.62,5736.66,901.04,138,3.08,2.3,False
711189,firm_1,115,39.49,13.31,11,0,126,948646.34,4129.36,4975.74,846.38,126,3.13,2.4,False
711189,firm_1,116,35.54,12.64,10,0,114,951786.68,3266.74,4051.56,784.82,114,3.13,2.3,False
711189,firm_1,117,37.32,13.27,11,0,126,954996.65,3855.94,4702.32,846.38,126,3.13,2.2,False
711189,firm_1,118,41.05,13.93,11,0,126,959169.34,4325.92,5172.3,846.38,126,3.13,2.1,False
711189,firm_1,119,41.05,14.63,11,0,126,963128.03,4319.62,5172.3,852.68,126,3.18,2.1,False
711189,firm_1,120,36.94,16.09,12,0,137,966586.07,4151.12,5060.78,909.66,137,3.18,2.1,False
711189,firm_1,121,33.25,14.48,11,0,126,969663.61,3336.82,4189.5,852.68,126,3.18,2.2,False
711189,firm_1,122,33.25,13.76,11,0,126,972849.07,3336.82,4189.5,852.68,126,3.18,2.2,False
711189,firm_1,123,29.92,13.07,10,0,114,975133.03,2614.66,3410.88,796.22,114,3.23,2.1,False
711189,firm_1,124,32.91,13.72,9,0,103,977455.44,2645.89,3389.73,743.84,103,3.28,2.1,False
711189,firm_1,125,29.62,14.41,9,0,104,979557.11,2331.36,3080.48,749.12,104,3.28,2.2,False
711189,firm_1,126,28.14,15.13,9,0,103,981370.37,2149.43,2898.42,748.99,103,3.33,2.1,False
711189,firm_1,127,25.33,14.37,8,0,92,982590.81,1635.4,2330.36,694.96,92,3.38,2.2,False
711189,firm_1,128,27.86,12.93,9,0,103,983784.73,2110.29,2869.58,759.29,103,3.43,2.3,False
711189,firm_1,129,29.25,13.58,8,0,92,985462.93,1986.84,2691.0,704.16,92,3.48,2.2,False
711189,firm_1,130,32.18,12.22,9,0,103,987303.05,2550.1,3314.54,764.44,103,3.48,2.3,False
711189,firm_1,131,30.57,13.44,10,0,115,989254.0,2685.35,3515.55,830.2,115,3.48,2.4,False
711189,firm_1,132,27.51,13.44,10,0,115,991353.05,2333.45,3163.65,830.2,115,3.48,2.5,False
711189,firm_1,133,27.51,14.78,9,0,103,993189.12,2069.09,2833.53,764.44,103,3.48,2.6,False
711189,firm_1,134,24.76,13.3,9,0,102,994735.98,1766.56,2525.52,758.96,102,3.48,2.7,False
711189,firm_1,135,23.52,14.63,9,0,103,996057.28,1652.97,2422.56,769.59,103,3.53,2.6,False
711189,firm_1,136,23.52,16.09,8,0,92,997079.04,1450.48,2163.84,713.36,92,3.58,2.7,False
711189,firm_1,137,21.17,17.7,8,0,92,997967.12,1229.68,1947.64,717.96,92,3.63,2.6,False
711189,firm_1,138,21.17,16.81,8,0,92,998962.32,1229.68,1947.64,717.96,92,3.63,2.7,False
711189,firm_1,139,19.05,16.81,7,0,80,999414.25,869.6,1524.0,654.4,80,3.68,2.8,False
711189,firm_1,140,20.96,17.65,7,0,80,1000109.1,1018.4,1676.8,658.4,80,3.73,2.7,False
711189,firm_1,141,22.01,17.65,7,0,80,1000883.95,1098.4,1760.8,662.4,80,3.78,2.6,False
711189,firm_1,142,23.11,19.42,8,0,92,1001522.95,1394.36,2126.12,731.76,92,3.78,2.7,False
711189,firm_1,143,25.42,21.36,7,0,81,1002764.27,1390.84,2059.02,668.18,81,3.78,2.6,False
711189,firm_1,144,24.15,19.22,7,0,81,1003713.65,1283.92,1956.15,672.23,81,3.83,2.5,False
711189,firm_1,145,22.94,20.18,7,0,81,1004454.25,1181.86,1858.14,676.28,81,3.88,2.6,False
711189,firm_1,146,22.94,18.16,7,0,80,1005187.93,1160.8,1835.2,674.4,80,3.93,2.7,False
711189,firm_1,147,24.09,16.34,7,0,80,1006326.35,1252.8,1927.2,674.4,80,3.93,2.7,False
711189,firm_1,148,26.5,17.16,7,0,80,1007447.83,1441.6,2120.0,678.4,80,3.98,2.6,False
711189,firm_1,149,26.5,18.02,7,0,80,1008763.29,1441.6,2120.0,678.4,80,3.98,2.6,False
711189,firm_1,150,23.85,18.92,7,0,81,1009674.27,1243.42,1931.85,688.43,81,4.03,2.6,False
711189,firm_1,151,26.24,17.03,7,0,80,1010871.86,1416.8,2099.2,682.4,80,4.03,2.7,False
711189,firm_1,152,23.62,18.73,7,0,81,1011661.49,1220.74,1913.22,692.48,81,4.08,2.8,False
711189,firm_1,153,24.8,16.86,8,0,92,1012344.25,1517.64,2281.6,763.96,92,4.13,2.8,False
711189,firm_1,154,26.04,15.17,7,0,80,1013426.86,1388.8,2083.2,694.4,80,4.18,2.8,False
711189,firm_1,155,26.04,16.69,8,0,92,1014215.86,1622.52,2395.68,773.16,92,4.23,2.8,False
711189,firm_1,156,28.64,15.02,9,0,103,1015383.76,2103.08,2949.92,846.84,103,4.28,2.9,False
711189,firm_1,157,25.78,15.02,9,0,104,1016771.38,1822.8,2681.12,858.32,104,4.33,3.0,False
711189,firm_1,158,24.49,16.52,9,0,104,1018211.34,1688.64,2546.96,858.32,104,4.33,3.1,False
711189,firm_1,159,22.04,14.87,8,0,92,1019337.7,1245.32,2027.68,782.36,92,4.33,3.0,False
711189,firm_1,160,20.94,14.87,8,0,92,1020158.26,1139.52,1926.48,786.96,92,4.38,3.0,False
711189,firm_1,161,23.03,13.38,8,0,91,1021161.82,1310.6,2095.73,785.13,91,4.43,3.0,False
711189,firm_1,162,20.73,12.04,8,0,90,1021948.0,1082.5,1865.7,783.2,90,4.48,3.0,False
711189,firm_1,163,20.73,10.84,8,0,90,1022639.28,1078.0,1865.7,787.7,90,4.53,3.1,False
711189,firm_1,164,20.73,11.38,7,0,78,1023367.22,907.6,1616.94,709.34,78,4.53,3.2,False
711189,firm_1,165,18.66,10.81,8,0,90,1023367.94,887.2,1679.4,792.2,90,4.58,3.3,False
711189,firm_1,166,20.53,10.27,7,0,78,1024084.15,888.1,1601.34,713.24,78,4.58,3.4,False
711189,firm_1,167,19.5,10.0,8,0,90,1024262.45,958.3,1755.0,796.7,90,4.63,3.3,False
711189,firm_1,168,18.52,10.0,8,0,90,1024952.55,870.1,1666.8,796.7,90,4.63,3.4,False
711189,firm_1,169,19.45,11.0,7,0,79,1025588.33,812.78,1536.55,723.77,79,4.63,3.5,False
711189,firm_1,170,18.48,10.45,7,0,78,1025935.58,720.4,1441.44,721.04,78,4.68,3.6,False
711189,firm_1,171,17.56,10.45,8,0,89,1026120.3,768.32,1562.84,794.52,89,4.68,3.6,False
711189,firm_1,172,17.56,10.0,8,0,90,1026515.0,774.7,1580.4,805.7,90,4.73,3.7,False
711189,firm_1,173,18.44,10.0,8,0,90,1027084.4,849.4,1659.6,810.2,90,4.78,3.6,False
711189,firm_1,174,17.52,10.0,8,0,90,1027771.0,766.6,1576.8,810.2,90,4.78,3.5,False
711189,firm_1,175,16.64,10.0,7,0,78,1027966.18,565.18,1297.92,732.74,78,4.83,3.6,False
711189,firm_1,176,14.98,10.0,7,0,78,1028127.98,431.8,1168.44,736.64,78,4.88,3.5,False
711189,firm_1,177,13.48,11.0,6,0,67,1028204.18,242.2,903.16,660.96,67,4.88,3.6,False
711189,firm_1,178,14.83,10.45,5,0,56,1028397.13,245.2,830.48,585.28,56,4.88,3.6,False
711189,firm_1,179,13.35,10.0,6,0,67,1027767.27,230.14,894.45,664.31,67,4.93,3.7,False
711189,firm_1,180,12.02,10.0,6,0,67,1027748.3,141.03,805.34,664.31,67,4.93,3.8,False
711189,firm_1,181,12.02,10.5,5,0,56,1027578.04,82.24,673.12,590.88,56,4.98,3.7,False
711189,firm_1,182,11.42,11.02,4,0,44,1027429.32,-4.64,502.48,507.12,44,4.98,3.8,False
711189,firm_1,183,10.85,12.12,4,0,44,1027351.12,-29.72,477.4,507.12,44,4.98,3.7,False
711189,firm_1,184,11.94,12.12,5,0,56,1026768.28,77.76,668.64,590.88,56,4.98,3.8,False
711189,firm_1,185,12.54,11.51,6,0,67,1026371.74,172.52,840.18,667.66,67,4.98,3.8,False
711189,firm_1,186,13.79,10.36,5,0,56,1026198.5,178.56,772.24,593.68,56,5.03,3.9,False
711189,firm_1,187,13.1,10.0,4,0,44,1026125.58,67.08,576.4,509.32,44,5.03,4.0,False
711189,firm_1,188,11.79,11.0,5,0,56,1025637.14,66.56,660.24,593.68,56,5.03,3.9,False
711189,firm_1,189,12.97,10.45,4,0,44,1025454.5,59.16,570.68,511.52,44,5.08,3.9,False
711189,firm_1,190,12.32,10.45,3,0,33,1025296.07,-27.08,406.56,433.64,33,5.08,4.0,False
711189,firm_1,191,11.09,10.0,3,0,33,1025198.4,-67.67,365.97,433.64,33,5.08,3.9,False
711189,firm_1,192,10.0,10.0,3,0,33,1024964.76,-103.64,330.0,433.64,33,5.08,4.0,False
711189,firm_1,193,10.5,11.0,2,0,22,1024718.0,-124.76,231.0,355.76,22,5.08,4.1,False
711189,firm_1,194,11.02,10.0,2,0,22,1024484.68,-113.32,242.44,355.76,22,5.08,4.2,False
711189,firm_1,195,11.02,10.0,2,0,22,1024150.26,-114.42,242.44,356.86,22,5.13,4.1,False
711189,firm_1,196,10.0,11.0,2,0,22,1023991.4,-136.86,220.0,356.86,22,5.13,4.1,False
711189,firm_1,197,10.5,10.45,3,0,33,1023271.26,-88.79,346.5,435.29,33,5.13,4.2,False
711189,firm_1,198,10.5,11.5,2,0,22,1023122.4,-125.86,231.0,356.86,22,5.13,4.1,False
711189,firm_1,199,10.0,12.65,2,0,22,1022659.14,-137.96,220.0,357.96,22,5.18,4.2,False
711189,firm_1,200,10.0,12.02,1,0,11,1022277.59,-169.53,110.0,279.53,11,5.23,4.1,False
711189,firm_1,201,10.0,12.62,1,0,11,1022095.44,-169.53,110.0,279.53,11,5.23,4.1,False
711189,firm_1,202,10.0,11.36,1,0,11,1021914.55,-169.53,110.0,279.53,11,5.23,4.1,False
711189,firm_1,203,10.5,12.5,1,0,11,1021738.02,-164.03,115.5,279.53,11,5.23,4.1,False
711189,firm_1,204,10.0,12.5,1,0,11,1021355.44,-170.08,110.0,280.08,11,5.28,4.0,False
711189,firm_1,205,10.0,12.5,1,0,11,1021072.86,-170.08,110.0,280.08,11,5.28,4.1,False
711189,firm_1,206,10.0,11.25,1,0,11,1020791.53,-170.08,110.0,280.08,11,5.28,4.2,False
711189,firm_1,207,10.0,12.38,2,0,22,1020026.61,-140.16,220.0,360.16,22,5.28,4.3,False
711189,firm_1,208,11.0,11.14,1,0,11,1019856.39,-159.08,121.0,280.08,11,5.28,4.2,False
711189,firm_1,209,12.1,10.03,2,0,22,1019041.27,-95.06,266.2,361.26,22,5.33,4.1,False
711189,firm_1,210,13.31,10.0,2,0,22,1018852.83,-68.44,292.82,361.26,22,5.33,4.2,False
711189,firm_1,211,12.64,11.0,1,0,11,1018700.24,-141.59,139.04,280.63,11,5.33,4.2,False
711189,firm_1,212,13.9,10.0,1,0,11,1018562.51,-127.73,152.9,280.63,11,5.33,4.2,False
711189,firm_1,213,14.6,10.0,1,0,11,1018432.48,-120.03,160.6,280.63,11,5.33,4.1,False
711189,firm_1,214,16.06,10.0,1,0,11,1018318.51,-103.97,176.66,280.63,11,5.33,4.1,False
711189,firm_1,215,14.45,10.0,2,0,22,1017554.05,-44.46,317.9,362.36,22,5.38,4.1,False
711189,firm_1,216,14.45,10.0,3,0,33,1016957.36,33.31,476.85,443.54,33,5.38,4.2,False
711189,firm_1,217,13.0,10.5,3,0,33,1016811.32,-14.54,429.0,443.54,33,5.38,4.3,False
711189,firm_1,218,12.35,11.02,4,0,44,1016185.92,18.68,543.4,524.72,44,5.38,4.4,False
711189,firm_1,219,13.58,10.0,5,0,55,1015676.92,141.0,746.9,605.9,55,5.38,4.5,False
711189,firm_1,220,12.9,10.0,6,0,66,1015077.94,161.02,851.4,690.38,66,5.43,4.5,False
711189,firm_1,221,11.61,10.5,6,0,66,1014787.52,72.58,766.26,693.68,66,5.48,4.6,False
711189,firm_1,222,11.61,10.0,6,0,66,1014496.8,69.28,766.26,696.98,66,5.53,4.7,False
711189,firm_1,223,11.03,10.5,5,0,55,1014336.8,-7.5,606.65,614.15,55,5.53,4.8,False
711189,firm_1,224,10.0,11.55,4,0,44,1014099.28,-91.32,440.0,531.32,44,5.53,4.9,False
711189,firm_1,225,11.0,12.71,5,0,56,1013530.05,-5.68,616.0,621.68,56,5.53,4.9,False
711189,firm_1,226,10.0,13.35,4,0,44,1013183.13,-93.52,440.0,533.52,44,5.58,4.8,False
711189,firm_1,227,10.5,12.02,4,0,44,1012963.53,-71.52,462.0,533.52,44,5.58,4.9,False
711189,firm_1,228,11.55,12.62,5,0,56,1012322.75,22.32,646.8,624.48,56,5.58,5.0,False
711189,firm_1,229,12.71,13.25,4,0,45,1012300.6,30.85,571.95,541.1,45,5.58,5.0,False
711189,firm_1,230,12.07,13.91,4,0,45,1011944.76,-0.2,543.15,543.35,45,5.63,5.1,False
711189,firm_1,231,13.28,14.61,4,0,45,1011638.32,52.0,597.6,545.6,45,5.68,5.2,False
711189,firm_1,232,14.61,13.15,4,0,44,1011590.64,104.92,642.84,537.92,44,5.68,5.3,False
711189,firm_1,233,13.88,13.15,4,0,44,1011510.84,72.8,610.72,537.92,44,5.68,5.4,False
711189,firm_1,234,13.88,11.84,5,0,55,1010992.64,141.0,763.4,622.4,55,5.68,5.5,False
711189,firm_1,235,13.19,10.66,6,0,66,1010389.04,160.36,870.54,710.18,66,5.73,5.5,False
711189,firm_1,236,11.87,11.73,6,0,66,1010088.6,69.94,783.42,713.48,66,5.78,5.6,False
711189,firm_1,237,12.46,12.32,7,0,78,1009567.4,165.04,971.88,806.84,78,5.78,5.7,False
711189,firm_1,238,13.08,13.55,7,0,78,1009382.05,209.5,1020.24,810.74,78,5.83,5.8,False
711189,firm_1,239,13.08,13.55,7,0,78,1009396.7,209.5,1020.24,810.74,78,5.83,5.9,False
711189,firm_1,240,11.77,14.23,8,0,89,1008833.52,150.66,1047.53,896.87,89,5.83,6.0,False
711189,firm_1,241,11.18,15.65,8,0,90,1008709.82,101.5,1006.2,904.7,90,5.83,6.0,False
711189,firm_1,242,10.62,17.22,8,0,90,1008523.16,51.1,955.8,904.7,90,5.83,6.0,False
711189,firm_1,243,10.0,18.08,7,0,78,1008061.96,-34.64,780.0,814.64,78,5.88,6.0,False
711189,firm_1,244,10.0,18.08,6,0,67,1007895.52,-57.96,670.0,727.96,67,5.88,5.9,False
711189,firm_1,245,10.0,18.98,6,0,68,1007625.8,-55.84,680.0,735.84,68,5.88,6.0,False
711189,firm_1,246,10.5,20.88,6,0,68,1007478.68,-21.84,714.0,735.84,68,5.88,5.9,False
711189,firm_1,247,11.55,19.84,6,0,67,1007405.53,45.89,773.85,727.96,67,5.88,5.8,False
711189,firm_1,248,10.97,17.86,5,0,56,1007086.47,-29.76,614.32,644.08,56,5.93,5.7,False
711189,firm_1,249,10.42,17.86,4,0,45,1006827.08,-87.95,468.9,556.85,45,5.93,5.8,False
711189,firm_1,250,11.46,18.75,4,0,45,1006710.93,-41.15,515.7,556.85,45,5.93,5.8,False
711189,firm_1,251,11.46,19.69,3,0,34,1006370.18,-81.68,389.64,471.32,34,5.98,5.7,False
711189,firm_1,252,10.89,18.71,3,0,33,1005909.42,-104.63,359.37,464.0,33,6.0,5.8,False
711189,firm_1,253,11.98,20.58,3,0,34,1005783.0,-64.68,407.32,472.0,34,6.0,5.8,False
711189,firm_1,254,11.98,22.64,2,0,23,1005429.26,-108.46,275.54,384.0,23,6.0,5.7,False
711189,firm_1,255,11.38,21.51,2,0,23,1005063.98,-122.26,261.74,384.0,23,6.0,5.6,False
711189,firm_1,256,10.24,19.36,3,0,34,1004382.06,-123.84,348.16,472.0,34,6.0,5.6,False
711189,firm_1,257,10.0,21.3,4,0,46,1003688.86,-108.0,460.0,568.0,46,6.0,5.5,False
711189,firm_1,258,10.0,21.3,4,0,46,1003195.66,-108.0,460.0,568.0,46,6.0,5.6,False
711189,firm_1,259,11.0,23.43,5,0,57,1002549.51,-29.0,627.0,656.0,57,6.0,5.5,False
711189,firm_1,260,11.0,23.43,4,0,46,1002093.79,-62.0,506.0,568.0,46,6.0,5.6,False
711189,firm_1,261,12.1,22.26,3,0,34,1001666.41,-60.6,411.4,472.0,34,6.0,5.7,False
711189,firm_1,262,12.1,21.15,2,0,23,1001518.41,-105.7,278.3,384.0,23,6.0,5.7,False
711189,firm_1,263,12.1,20.09,3,0,34,1000897.54,-60.6,411.4,472.0,34,6.0,5.7,False
711189,firm_1,264,13.31,18.08,3,0,34,1000523.84,-19.46,452.54,472.0,34,6.0,5.8,False
711189,firm_1,265,13.31,16.27,3,0,34,1000255.57,-19.46,452.54,472.0,34,6.0,5.8,False
711189,firm_1,266,14.64,17.08,2,0,22,999967.49,-53.92,322.08,376.0,22,6.0,5.8,False
711189,firm_1,267,14.64,17.93,2,0,22,999677.71,-53.92,322.08,376.0,22,6.0,5.8,False
711189,firm_1,268,16.1,17.93,1,0,11,999348.88,-110.9,177.1,288.0,11,6.0,5.8,False
711189,firm_1,269,16.9,17.93,1,0,11,999128.85,-102.1,185.9,288.0,11,6.0,5.9,False
711189,firm_1,270,15.21,18.83,2,0,22,998349.81,-41.38,334.62,376.0,22,6.0,5.9,False
711189,firm_1,271,13.69,18.83,1,0,11,998193.57,-137.41,150.59,288.0,11,6.0,5.9,False
711189,firm_1,272,13.69,20.71,2,0,22,997377.33,-74.82,301.18,376.0,22,6.0,5.8,False
711189,firm_1,273,12.32,19.67,1,0,11,997005.18,-152.48,135.52,288.0,11,6.0,5.7,False
711189,firm_1,274,12.32,20.65,1,0,11,996832.05,-152.48,135.52,288.0,11,6.0,5.7,False
711189,firm_1,275,11.09,19.62,2,0,22,996160.79,-132.02,243.98,376.0,22,6.0,5.7,False
711189,firm_1,276,11.09,21.58,2,0,22,995685.61,-132.02,243.98,376.0,22,6.0,5.8,False
711189,firm_1,277,12.2,19.42,3,0,34,994970.15,-57.2,414.8,472.0,34,6.0,5.9,False
711189,firm_1,278,10.98,19.42,2,0,22,994496.87,-134.44,241.56,376.0,22,6.0,6.0,False
711189,firm_1,279,12.08,21.36,1,0,11,994320.39,-155.12,132.88,288.0,11,6.0,6.0,False
711189,firm_1,280,13.29,21.36,1,0,11,994057.22,-141.81,146.19,288.0,11,6.0,6.0,False
711189,firm_1,281,13.29,22.43,1,0,11,993892.98,-141.81,146.19,288.0,11,6.0,6.0,False
711189,firm_1,282,14.62,20.19,1,0,11,993745.61,-127.18,160.82,288.0,11,6.0,6.0,False
711189,firm_1,283,13.89,21.2,1,0,11,993589.2,-135.21,152.79,288.0,11,6.0,5.9,False
711189,firm_1,284,12.5,19.08,1,0,11,993219.62,-150.5,137.5,288.0,11,6.0,5.9,False
711189,firm_1,285,11.88,19.08,1,0,11,993043.22,-157.32,130.68,288.0,11,6.0,5.8,False
711189,firm_1,286,11.88,20.99,1,0,11,992864.91,-157.32,130.68,288.0,11,6.0,5.8,False
711189,firm_1,287,11.29,18.89,1,0,11,992382.21,-163.81,124.19,288.0,11,6.0,5.9,False
711189,firm_1,288,11.85,19.83,2,0,22,991727.25,-115.3,260.7,376.0,22,6.0,5.8,False
711189,firm_1,289,11.26,18.84,3,0,33,990778.31,-92.42,371.58,464.0,33,6.0,5.9,False
711189,firm_1,290,10.13,19.78,3,0,33,990589.26,-129.71,334.29,464.0,33,6.0,5.8,False
711189,firm_1,291,10.13,21.76,2,0,22,990192.6,-153.14,222.86,376.0,22,6.0,5.7,False
711189,firm_1,292,11.14,19.58,3,0,33,989437.48,-96.38,367.62,464.0,33,6.0,5.8,False
711189,firm_1,293,11.14,17.62,2,0,22,989271.32,-130.92,245.08,376.0,22,6.0,5.8,False
711189,firm_1,294,10.03,15.86,2,0,22,988784.26,-155.34,220.66,376.0,22,6.0,5.9,False
711189,firm_1,295,10.0,14.27,3,0,33,988007.45,-134.0,330.0,464.0,33,6.0,6.0,False
711189,firm_1,296,10.0,15.7,3,0,33,987726.35,-134.0,330.0,464.0,33,6.0,6.0,False
711189,firm_1,297,10.0,17.27,2,0,22,987235.81,-156.0,220.0,376.0,22,6.0,6.0,False
711189,firm_1,298,10.0,17.27,1,0,11,986840.54,-178.0,110.0,288.0,11,6.0,6.0,False
711189,firm_1,299,10.5,16.41,1,0,11,986551.63,-172.5,115.5,288.0,11,6.0,6.0,False
711189,firm_1,300,10.0,17.23,1,0,11,986156.4,-178.0,110.0,288.0,11,6.0,6.0,False
711189,firm_1,301,10.0,15.51,1,0,11,985762.89,-178.0,110.0,288.0,11,6.0,5.9,False
711189,firm_1,302,10.0,17.06,1,0,11,985567.83,-178.0,110.0,288.0,11,6.0,5.8,False
711189,firm_1,303,10.5,18.77,1,0,11,985076.56,-172.5,115.5,288.0,11,6.0,5.9,False
711189,firm_1,304,10.0,17.83,1,0,11,984780.73,-178.0,110.0,288.0,11,6.0,6.0,False
711189,firm_1,305,11.0,19.61,2,0,22,983807.51,-134.0,242.0,376.0,22,6.0,6.0,False
711189,firm_1,306,10.45,21.57,2,0,22,983518.27,-146.1,229.9,376.0,22,6.0,6.0,False
711189,firm_1,307,10.0,19.41,1,0,11,983220.86,-178.0,110.0,288.0,11,6.0,6.0,False
711189,firm_1,308,10.0,20.38,1,0,11,982922.48,-178.0,110.0,288.0,11,6.0,6.0,False
711189,firm_1,309,10.0,18.34,1,0,11,982726.14,-178.0,110.0,288.0,11,6.0,6.0,False
711189,firm_1,310,10.0,19.26,1,0,11,982428.88,-178.0,110.0,288.0,11,6.0,6.0,False
711189,firm_1,311,11.0,20.22,1,0,11,981941.66,-167.0,121.0,288.0,11,6.0,6.0,False
711189,firm_1,312,12.1,22.24,2,0,22,981187.38,-109.8,266.2,376.0,22,6.0,6.0,False
711189,firm_1,313,12.7,22.24,2,0,22,980746.3,-96.6,279.4,376.0,22,6.0,6.0,False
711189,firm_1,314,12.7,20.02,1,0,11,980477.98,-148.3,139.7,288.0,11,6.0,6.0,False
711189,firm_1,315,11.43,21.02,1,0,11,979994.69,-162.27,125.73,288.0,11,6.0,6.0,False
711189,firm_1,316,10.29,23.12,1,0,11,979696.76,-174.81,113.19,288.0,11,6.0,6.0,False
711189,firm_1,317,10.0,20.81,1,0,11,979397.95,-178.0,110.0,288.0,11,6.0,6.0,False
711189,firm_1,318,10.0,22.89,1,0,11,978997.06,-178.0,110.0,288.0,11,6.0,5.9,False
711189,firm_1,319,11.0,24.03,1,0,11,978806.03,-167.0,121.0,288.0,11,6.0,5.8,False
711189,firm_1,320,10.0,25.23,1,0,11,978402.8,-178.0,110.0,288.0,11,6.0,5.7,False
711189,firm_1,321,10.0,23.97,1,0,11,978100.83,-178.0,110.0,288.0,11,6.0,5.8,False
711189,firm_1,322,10.0,26.37,1,0,11,977896.46,-178.0,110.0,288.0,11,6.0,5.8,False
711189,firm_1,323,10.0,23.73,1,0,11,977394.73,-178.0,110.0,288.0,11,6.0,5.9,False
711189,firm_1,324,10.0,21.36,1,0,11,977195.37,-178.0,110.0,288.0,11,6.0,5.8,False
711189,firm_1,325,10.0,22.43,1,0,11,976794.94,-178.0,110.0,288.0,11,6.0,5.8,False
711189,firm_1,326,10.0,23.55,2,0,22,975991.84,-156.0,220.0,376.0,22,6.0,5.9,False
711189,firm_1,327,10.0,25.9,2,0,22,975684.04,-156.0,220.0,376.0,22,6.0,6.0,False
711189,firm_1,328,10.0,27.2,1,0,11,975478.84,-178.0,110.0,288.0,11,6.0,5.9,False
711189,firm_1,329,10.0,27.2,1,0,11,975073.64,-178.0,110.0,288.0,11,6.0,5.9,False
711189,firm_1,330,10.0,29.92,1,0,11,974565.72,-178.0,110.0,288.0,11,6.0,6.0,False
711189,firm_1,331,10.5,32.91,1,0,11,974260.31,-172.5,115.5,288.0,11,6.0,6.0,False
711189,firm_1,332,11.02,36.2,1,0,11,974057.33,-166.78,121.22,288.0,11,6.0,5.9,False
711189,firm_1,333,10.47,36.2,1,0,11,973648.3,-172.83,115.17,288.0,11,6.0,5.9,False
711189,firm_1,334,11.52,39.82,2,0,22,972946.1,-122.56,253.44,376.0,22,6.0,5.8,False
711189,firm_1,335,10.37,43.8,3,0,34,972195.28,-119.42,352.58,472.0,34,6.0,5.7,False
711189,firm_1,336,10.0,45.99,2,0,23,971949.3,-154.0,230.0,384.0,23,6.0,5.7,False
711189,firm_1,337,10.0,45.99,2,0,23,971603.32,-154.0,230.0,384.0,23,6.0,5.8,False
711189,firm_1,338,10.0,50.59,2,0,23,971348.14,-154.0,230.0,384.0,23,6.0,5.7,False
711189,firm_1,339,10.0,55.65,1,0,11,971014.49,-178.0,110.0,288.0,11,6.0,5.8,False
711189,firm_1,340,11.0,61.22,1,0,11,970786.27,-167.0,121.0,288.0,11,6.0,5.8,False
711189,firm_1,341,11.0,67.34,2,0,23,969820.59,-131.0,253.0,384.0,23,6.0,5.7,False
711189,firm_1,342,12.1,60.61,1,0,11,969505.08,-154.9,133.1,288.0,11,6.0,5.8,False
711189,firm_1,343,12.7,54.55,2,0,23,968604.08,-91.9,292.1,384.0,23,6.0,5.8,False
711189,firm_1,344,11.43,49.1,3,0,34,967573.4,-83.38,388.62,472.0,34,6.0,5.9,False
711189,firm_1,345,10.29,49.1,4,0,46,966582.34,-94.66,473.34,568.0,46,6.0,5.8,False
711189,firm_1,346,10.29,51.56,5,0,57,965755.07,-69.47,586.53,656.0,57,6.0,5.7,False
711189,firm_1,347,10.0,46.4,6,0,69,964714.67,-62.0,690.0,752.0,69,6.0,5.7,False
711189,firm_1,348,10.0,48.72,5,0,57,964285.07,-86.0,570.0,656.0,57,6.0,5.8,False
711189,firm_1,349,10.5,46.28,4,0,46,963714.95,-85.0,483.0,568.0,46,6.0,5.9,False
711189,firm_1,350,11.02,50.91,5,0,57,962732.54,-27.86,628.14,656.0,57,6.0,5.9,False
711189,firm_1,351,11.57,56.0,4,0,46,962472.76,-35.78,532.22,568.0,46,6.0,5.8,False
711189,firm_1,352,12.73,58.8,5,0,57,961548.37,69.61,725.61,656.0,57,6.0,5.8,False
711189,firm_1,353,12.73,58.8,4,0,46,961330.75,17.58,585.58,568.0,46,6.0,5.7,False
711189,firm_1,354,12.09,64.68,5,0,58,960444.57,37.22,701.22,664.0,58,6.0,5.8,False
711189,firm_1,355,10.88,61.45,5,0,58,960004.36,-32.96,631.04,664.0,58,6.0,5.9,False
711189,firm_1,356,10.34,61.45,4,0,46,959666.2,-92.36,475.64,568.0,46,6.0,5.9,False
711189,firm_1,357,11.37,55.31,5,0,58,958585.11,-4.54,659.46,664.0,58,6.0,6.0,False
711189,firm_1,358,10.23,49.78,4,0,46,957988.57,-97.42,470.58,568.0,46,6.0,6.0,False
711189,firm_1,359,11.25,44.8,3,0,34,957664.67,-89.5,382.5,472.0,34,6.0,6.0,False
711189,firm_1,360,10.69,40.32,3,0,34,957235.17,-108.54,363.46,472.0,34,6.0,5.9,False
711189,firm_1,361,11.22,36.29,2,0,22,956833.43,-129.16,246.84,376.0,22,6.0,5.8,False
711189,firm_1,362,11.22,32.66,3,0,34,956144.93,-90.52,381.48,472.0,34,6.0,5.7,False
711189,firm_1,363,10.1,29.39,2,0,22,955832.35,-153.8,222.2,376.0,22,6.0,5.8,False
711189,firm_1,364,10.0,32.33,2,0,22,955611.69,-156.0,220.0,376.0,22,6.0,5.8,False
711189,firm_1,365,10.0,29.1,1,0,11,955104.59,-178.0,110.0,288.0,11,6.0,5.9,False
711189,firm_2,1,35.57,46.98,16,0,186,117943.84,5958.46,6616.02,657.56,186,0.46,0.51,False
711189,firm_2,2,32.01,44.63,16,0,186,122426.06,5296.3,5953.86,657.56,186,0.46,0.61,False
711189,firm_2,3,33.61,42.4,16,0,185,127210.41,5562.75,6217.85,655.1,185,0.46,0.71,False
711189,firm_2,4,36.97,46.64,15,0,174,132315.55,5804.74,6432.78,628.04,174,0.46,0.71,False
711189,firm_2,5,40.67,51.3,14,0,163,137317.43,6020.08,6629.21,609.13,163,0.51,0.81,False
711189,firm_2,6,40.67,53.86,15,0,175,142387.53,6478.0,7117.25,639.25,175,0.51,0.91,False
711189,firm_2,7,40.67,53.86,14,0,163,147553.57,6020.08,6629.21,609.13,163,0.51,1.01,False
711189,firm_2,8,38.64,56.55,15,0,174,151983.24,6077.92,6723.36,645.44,174,0.56,1.11,False
711189,firm_2,9,42.5,50.9,16,0,186,157588.38,7219.54,7905.0,685.46,186,0.61,1.21,False
711189,firm_2,10,42.5,45.81,16,0,186,163865.66,7210.24,7905.0,694.76,186,0.66,1.11,False
711189,firm_2,11,44.62,45.81,15,0,174,170070.85,7092.34,7763.88,671.54,174,0.71,1.01,False
711189,firm_2,12,49.08,45.81,15,0,174,177252.08,7868.38,8539.92,671.54,174,0.71,0.91,False
711189,firm_2,13,44.17,43.52,15,0,174,183513.32,7014.04,7685.58,671.54,174,0.71,1.01,False
711189,firm_2,14,48.59,43.52,14,0,162,189828.5,7224.46,7871.58,647.12,162,0.76,1.11,False
711189,firm_2,15,53.45,45.7,14,0,162,196892.38,8003.68,8658.9,655.22,162,0.81,1.21,False
711189,firm_2,16,58.8,50.27,13,0,151,204285.81,8246.94,8878.8,631.86,151,0.86,1.11,False
711189,firm_2,17,61.74,50.27,13,0,151,212015.63,8683.33,9322.74,639.41,151,0.91,1.21,False
711189,firm_2,18,67.91,55.3,13,0,151,220704.18,9607.45,10254.41,646.96,151,0.96,1.11,False
711189,firm_2,19,61.12,60.83,12,0,140,227709.62,7935.4,8556.8,621.4,140,1.01,1.01,False
711189,firm_2,20,61.12,54.75,13,0,151,235072.48,8574.61,9229.12,654.51,151,1.01,1.01,False
711189,firm_2,21,55.01,52.01,14,0,163,241812.19,8267.85,8966.63,698.78,163,1.06,1.11,False
711189,firm_2,22,55.01,46.81,14,0,162,249164.65,8207.8,8911.62,703.82,162,1.11,1.01,False
711189,firm_2,23,60.51,51.49,15,0,175,257737.3,9845.0,10589.25,744.25,175,1.11,1.01,False
711189,firm_2,24,66.56,54.06,14,0,163,266814.66,10134.2,10849.28,715.08,163,1.16,1.11,False
711189,firm_2,25,73.22,54.06,13,0,152,276253.4,10441.52,11129.44,687.92,152,1.21,1.21,False
711189,firm_2,26,80.54,59.47,13,0,152,286826.85,11546.56,12242.08,695.52,152,1.26,1.11,False
711189,firm_2,27,84.57,56.5,12,0,140,297232.25,11183.4,11839.8,656.4,140,1.26,1.21,False
711189,firm_2,28,84.57,53.68,13,0,151,308012.22,12077.81,12770.07,692.26,151,1.26,1.31,False
711189,firm_2,29,80.34,53.68,13,0,151,318445.91,11431.53,12131.34,699.81,151,1.31,1.41,False
711189,firm_2,30,72.31,48.31,14,0,163,328316.57,11047.0,11786.53,739.53,163,1.31,1.41,False
711189,firm_2,31,72.31,48.31,14,0,162,338310.13,10969.9,11714.22,744.32,162,1.36,1.51,False
711189,firm_2,32,72.31,48.31,14,0,163,348364.49,11030.7,11786.53,755.83,163,1.41,1.61,False
711189,firm_2,33,68.69,53.14,13,0,151,357230.95,9657.28,10372.19,714.91,151,1.41,1.71,False
711189,firm_2,34,72.12,50.48,12,0,140,365737.59,9412.4,10096.8,684.4,140,1.46,1.81,False
711189,firm_2,35,79.33,47.96,11,0,128,374721.39,9511.36,10154.24,642.88,128,1.46,1.71,False
711189,firm_2,36,87.26,52.76,10,0,116,383714.59,9520.8,10122.16,601.36,116,1.46,1.61,False
711189,firm_2,37,78.53,58.04,11,0,128,391778.71,9402.56,10051.84,649.28,128,1.51,1.61,False
711189,firm_2,38,86.38,60.94,11,0,128,401415.73,10407.36,11056.64,649.28,128,1.51,1.71,False
711189,firm_2,39,82.06,63.99,10,0,116,409687.63,8911.8,9518.96,607.16,116,1.51,1.71,False
711189,firm_2,40,86.16,63.99,10,0,116,418229.33,9381.6,9994.56,612.96,116,1.56,1.61,False
711189,firm_2,41,81.85,60.79,9,0,105,425702.67,8020.45,8594.25,573.8,105,1.56,1.61,False
711189,firm_2,42,77.76,54.71,10,0,116,432856.97,8401.4,9020.16,618.76,116,1.61,1.61,False
711189,firm_2,43,85.54,54.71,9,0,105,440561.98,8397.4,8981.7,584.3,105,1.66,1.61,False
711189,firm_2,44,89.82,54.71,8,0,93,447837.18,7812.88,8353.26,540.38,93,1.66,1.71,False
711189,firm_2,45,80.84,49.24,7,0,81,453544.08,6051.58,6548.04,496.46,81,1.66,1.71,False
711189,firm_2,46,84.88,46.78,6,0,69,458464.13,5400.73,5856.72,455.99,69,1.71,1.71,False
711189,firm_2,47,84.88,44.44,6,0,69,463498.22,5400.73,5856.72,455.99,69,1.71,1.81,False
711189,firm_2,48,89.12,42.22,7,0,81,469420.89,6718.21,7218.72,500.51,81,1.71,1.71,False
711189,firm_2,49,80.21,44.33,6,0,69,474029.96,5075.05,5534.49,459.44,69,1.76,1.71,False
711189,firm_2,50,76.2,42.11,5,0,58,477820.93,4001.52,4419.6,418.08,58,1.76,1.61,False
711189,firm_2,51,72.39,44.22,5,0,58,481380.37,3780.54,4198.62,418.08,58,1.76,1.61,False
711189,firm_2,52,68.77,44.22,5,0,58,484729.85,3570.58,3988.66,418.08,58,1.76,1.51,False
711189,firm_2,53,68.77,39.8,5,0,58,487898.53,3567.68,3988.66,420.98,58,1.81,1.51,False
711189,firm_2,54,68.77,37.81,5,0,58,490974.26,3564.78,3988.66,423.88,58,1.86,1.61,False
711189,firm_2,55,61.89,37.81,4,0,46,492990.1,2467.08,2846.94,379.86,46,1.91,1.71,False
711189,firm_2,56,64.98,37.81,3,0,34,494451.35,1874.68,2209.32,334.64,34,1.96,1.81,False
711189,firm_2,57,61.73,37.81,3,0,34,495900.4,1762.48,2098.82,336.34,34,2.01,1.71,False
711189,firm_2,58,64.82,41.59,3,0,34,497341.47,1865.84,2203.88,338.04,34,2.06,1.81,False
711189,firm_2,59,58.34,45.75,2,0,23,498198.41,1048.44,1341.82,293.38,23,2.06,1.91,False
711189,firm_2,60,55.42,45.75,1,0,11,498417.62,364.96,609.62,244.66,11,2.06,2.01,False
711189,firm_2,61,49.88,45.75,2,0,23,498378.83,852.71,1147.24,294.53,23,2.11,2.11,False
711189,firm_2,62,49.88,50.32,2,0,23,499030.9,852.71,1147.24,294.53,23,2.11,2.21,False
711189,firm_2,63,49.88,52.84,1,0,11,498980.98,302.92,548.68,245.76,11,2.16,2.31,False
711189,firm_2,64,47.39,58.12,1,0,11,498997.84,274.98,521.29,246.31,11,2.21,2.21,False
711189,firm_2,65,42.65,55.21,1,0,11,498964.92,222.29,469.15,246.86,11,2.26,2.11,False
711189,firm_2,66,38.38,49.69,2,0,23,498649.15,583.61,882.74,299.13,23,2.31,2.21,False
711189,firm_2,67,36.46,54.66,1,0,11,498447.59,153.1,401.06,247.96,11,2.36,2.31,False
711189,firm_2,68,32.81,49.19,2,0,23,498303.56,454.35,754.63,300.28,23,2.36,2.31,False
711189,firm_2,69,34.45,46.73,2,0,23,498702.17,492.07,792.35,300.28,23,2.36,2.21,False
711189,firm_2,70,34.45,46.73,1,0,11,498686.43,130.99,378.95,247.96,11,2.36,2.31,False
711189,firm_2,71,32.73,44.39,1,0,11,498453.56,111.52,360.03,248.51,11,2.41,2.41,False
711189,firm_2,72,29.46,48.83,1,0,11,498380.28,75.55,324.06,248.51,11,2.41,2.51,False
711189,firm_2,73,27.99,43.95,2,0,23,497833.57,341.19,643.77,302.58,23,2.46,2.61,False
711189,firm_2,74,25.19,48.35,2,0,23,497812.51,275.64,579.37,303.73,23,2.51,2.61,False
711189,firm_2,75,22.67,53.19,2,0,23,497622.66,216.53,521.41,304.88,23,2.56,2.71,False
711189,firm_2,76,24.94,55.85,2,0,23,497478.55,267.59,573.62,306.03,23,2.61,2.81,False
711189,firm_2,77,27.43,50.26,1,0,11,497479.31,51.02,301.73,250.71,11,2.61,2.81,False
711189,firm_2,78,30.17,45.23,1,0,11,497415.24,81.16,331.87,250.71,11,2.61,2.91,False
711189,firm_2,79,33.19,47.49,2,0,23,497277.6,457.34,763.37,306.03,23,2.61,2.91,False
711189,firm_2,80,31.53,45.12,1,0,11,497128.05,95.57,346.83,251.26,11,2.66,2.81,False
711189,firm_2,81,28.38,42.86,2,0,23,496686.74,344.41,652.74,308.33,23,2.71,2.81,False
711189,firm_2,82,29.8,47.15,3,0,35,496421.69,676.4,1043.0,366.6,35,2.76,2.91,False
711189,firm_2,83,31.29,51.86,2,0,23,496427.01,409.04,719.67,310.63,23,2.81,3.01,False
711189,firm_2,84,34.42,57.05,2,0,23,496693.94,481.03,791.66,310.63,23,2.81,3.11,False
711189,firm_2,85,37.86,51.34,1,0,11,496605.6,163.0,416.46,253.46,11,2.86,3.11,False
711189,firm_2,86,37.86,46.21,1,0,11,496622.39,163.0,416.46,253.46,11,2.86,3.21,False
711189,firm_2,87,39.75,46.21,1,0,11,496759.97,183.79,437.25,253.46,11,2.86,3.11,False
711189,firm_2,88,39.75,50.83,1,0,11,496692.38,183.24,437.25,254.01,11,2.91,3.11,False
711189,firm_2,89,37.76,45.75,1,0,11,496807.98,161.35,415.36,254.01,11,2.91,3.11,False
711189,firm_2,90,41.54,48.04,1,0,11,496862.87,202.93,456.94,254.01,11,2.91,3.21,False
711189,firm_2,91,41.54,52.84,2,0,23,496698.53,641.34,955.42,314.08,23,2.96,3.21,False
711189,firm_2,92,39.46,58.12,3,0,34,496695.47,971.3,1341.64,370.34,34,3.01,3.31,False
711189,firm_2,93,35.51,55.21,4,0,46,497177.63,1203.0,1633.46,430.46,46,3.01,3.31,False
711189,firm_2,94,37.29,55.21,3,0,35,497740.05,928.05,1305.15,377.1,35,3.06,3.31,False
711189,firm_2,95,35.43,60.73,3,0,35,498219.06,861.2,1240.05,378.85,35,3.11,3.21,False
711189,firm_2,96,31.89,63.77,3,0,35,498463.3,735.55,1116.15,380.6,35,3.16,3.31,False
711189,firm_2,97,28.7,70.15,3,0,35,498776.75,623.9,1004.5,380.6,35,3.16,3.41,False
711189,firm_2,98,25.83,77.17,4,0,46,498416.59,748.52,1188.18,439.66,46,3.21,3.51,False
711189,firm_2,99,28.41,84.89,3,0,35,498472.17,610.25,994.35,384.1,35,3.26,3.61,False
711189,firm_2,100,31.25,84.89,2,0,23,498600.16,397.77,718.75,320.98,23,3.26,3.71,False
711189,firm_2,101,28.12,84.89,1,0,11,498366.18,50.91,309.32,258.41,11,3.31,3.71,False
711189,firm_2,102,28.12,76.4,1,0,11,498140.14,50.36,309.32,258.96,11,3.36,3.71,False
711189,firm_2,103,28.12,80.22,2,0,23,497803.18,323.48,646.76,323.28,23,3.36,3.61,False
711189,firm_2,104,26.71,76.21,1,0,11,497761.82,34.85,293.81,258.96,11,3.36,3.61,False
711189,firm_2,105,24.04,76.21,1,0,11,497591.09,5.48,264.44,258.96,11,3.36,3.71,False
711189,firm_2,106,25.24,68.59,1,0,11,497340.63,18.13,277.64,259.51,11,3.41,3.61,False
711189,firm_2,107,23.98,75.45,2,0,23,496916.84,227.11,551.54,324.43,23,3.41,3.51,False
711189,firm_2,108,23.98,67.9,3,0,35,496361.34,448.2,839.3,391.1,35,3.46,3.61,False
711189,firm_2,109,25.18,74.69,2,0,23,496264.37,252.41,579.14,326.73,23,3.51,3.51,False
711189,firm_2,110,22.66,82.16,2,0,23,496194.5,194.45,521.18,326.73,23,3.51,3.61,False
711189,firm_2,111,20.39,82.16,2,0,23,496172.42,142.24,468.97,326.73,23,3.51,3.61,False
711189,firm_2,112,19.37,73.94,1,0,11,495850.39,-48.09,213.07,261.16,11,3.56,3.51,False
711189,firm_2,113,17.43,81.33,2,0,23,495260.74,73.01,400.89,327.88,23,3.56,3.51,False
711189,firm_2,114,15.69,73.2,2,0,23,494846.18,31.84,360.87,329.03,23,3.61,3.61,False
711189,firm_2,115,15.69,80.52,3,0,35,494055.67,151.05,549.15,398.1,35,3.66,3.61,False
711189,firm_2,116,15.69,76.49,2,0,23,493933.38,30.69,360.87,330.18,23,3.66,3.51,False
711189,firm_2,117,17.26,84.14,3,0,35,493386.96,206.0,604.1,398.1,35,3.66,3.41,False
711189,firm_2,118,18.99,84.14,3,0,35,493301.09,266.55,664.65,398.1,35,3.66,3.51,False
711189,firm_2,119,20.89,92.55,2,0,23,493065.13,149.14,480.47,331.33,23,3.71,3.51,False
711189,firm_2,120,22.98,97.18,3,0,35,492578.04,404.45,804.3,399.85,35,3.71,3.61,False
711189,firm_2,121,24.13,106.9,2,0,23,492286.75,222.51,554.99,332.48,23,3.76,3.71,False
711189,firm_2,122,21.72,112.24,3,0,35,491606.88,356.85,760.2,403.35,35,3.81,3.61,False
711189,firm_2,123,19.55,106.63,2,0,23,491409.64,116.02,449.65,333.63,23,3.81,3.71,False
711189,firm_2,124,18.57,106.63,2,0,23,490988.71,92.33,427.11,334.78,23,3.86,3.81,False
711189,firm_2,125,16.71,101.3,1,0,11,490606.21,-81.2,183.81,265.01,11,3.91,3.81,False
711189,firm_2,126,17.55,106.36,2,0,23,489961.21,67.72,403.65,335.93,23,3.91,3.81,False
711189,firm_2,127,18.43,95.72,3,0,35,489412.25,238.2,645.05,406.85,35,3.91,3.71,False
711189,firm_2,128,20.27,90.93,2,0,23,489360.67,130.28,466.21,335.93,23,3.91,3.71,False
711189,firm_2,129,21.28,95.48,1,0,11,489234.26,-30.93,234.08,265.01,11,3.91,3.61,False
711189,firm_2,130,19.15,105.03,1,0,11,488774.32,-54.91,210.65,265.56,11,3.96,3.71,False
711189,firm_2,131,20.11,110.28,1,0,11,488419.14,-44.9,221.21,266.11,11,4.01,3.71,False
711189,firm_2,132,20.11,104.77,1,0,11,487968.92,-45.45,221.21,266.66,11,4.06,3.81,False
711189,firm_2,133,21.12,115.25,2,0,23,487384.8,146.38,485.76,339.38,23,4.06,3.81,False
711189,firm_2,134,21.12,126.78,1,0,11,487023.13,-34.89,232.32,267.21,11,4.11,3.81,False
711189,firm_2,135,21.12,114.1,2,0,23,486139.01,144.08,485.76,341.68,23,4.16,3.91,False
711189,firm_2,136,23.23,114.1,1,0,11,486012.68,-12.23,255.53,267.76,11,4.16,3.91,False
711189,firm_2,137,25.55,119.8,1,0,11,485906.17,13.29,281.05,267.76,11,4.16,3.81,False
711189,firm_2,138,26.83,107.82,2,0,23,485164.79,274.26,617.09,342.83,23,4.21,3.91,False
711189,firm_2,139,26.83,97.04,2,0,23,485043.82,273.11,617.09,343.98,23,4.26,3.81,False
711189,firm_2,140,24.15,106.74,3,0,35,484448.0,424.4,845.25,420.85,35,4.31,3.71,False
711189,firm_2,141,24.15,96.07,3,0,35,484382.44,422.65,845.25,422.6,35,4.36,3.71,False
711189,firm_2,142,21.74,105.68,4,0,46,483664.9,505.18,1000.04,494.86,46,4.41,3.81,False
711189,firm_2,143,21.74,110.96,3,0,35,483668.57,336.55,760.9,424.35,35,4.41,3.71,False
711189,firm_2,144,21.74,122.06,2,0,23,483577.04,152.59,500.02,347.43,23,4.41,3.71,False
711189,firm_2,145,22.83,122.06,3,0,35,482985.56,374.7,799.05,424.35,35,4.41,3.81,False
711189,firm_2,146,23.97,115.96,4,0,46,482529.48,607.76,1102.62,494.86,46,4.41,3.91,False
711189,firm_2,147,23.97,127.56,4,0,46,482627.0,607.76,1102.62,494.86,46,4.41,3.91,False
711189,firm_2,148,21.57,133.94,3,0,35,482354.03,328.85,754.95,426.1,35,4.46,3.81,False
711189,firm_2,149,19.41,147.33,3,0,35,482065.29,253.25,679.35,426.1,35,4.46,3.91,False
711189,firm_2,150,18.44,154.7,2,0,23,481630.28,74.39,424.12,349.73,23,4.51,3.91,False
711189,firm_2,151,17.52,170.17,3,0,35,480503.37,183.6,613.2,429.6,35,4.56,4.01,False
711189,firm_2,152,19.27,161.66,3,0,35,479961.49,243.1,674.45,431.35,35,4.61,4.11,False
711189,firm_2,153,21.2,145.49,3,0,35,479533.92,308.9,742.0,433.1,35,4.66,4.21,False
711189,firm_2,154,19.08,160.04,3,0,35,479086.75,232.95,667.8,434.85,35,4.71,4.11,False
711189,firm_2,155,19.08,152.04,2,0,23,478566.03,83.36,438.84,355.48,23,4.76,4.21,False
711189,firm_2,156,17.17,167.24,3,0,35,477426.91,162.6,600.95,438.35,35,4.81,4.31,False
711189,firm_2,157,15.45,158.88,2,0,23,476906.72,-2.43,355.35,357.78,23,4.86,4.21,False
711189,firm_2,158,13.9,142.99,3,0,35,475822.4,44.65,486.5,441.85,35,4.91,4.11,False
711189,firm_2,159,12.51,157.29,2,0,23,475436.62,-71.2,287.73,358.93,23,4.91,4.11,False
711189,firm_2,160,13.76,173.02,1,0,11,475138.95,-124.65,151.36,276.01,11,4.91,4.11,False
711189,firm_2,161,13.07,190.32,2,0,23,474099.99,-58.32,300.61,358.93,23,4.91,4.21,False
711189,firm_2,162,13.07,171.29,2,0,23,473599.09,-58.32,300.61,358.93,23,4.91,4.31,False
711189,firm_2,163,14.38,171.29,3,0,35,472444.92,59.7,503.3,443.6,35,4.96,4.31,False
711189,firm_2,164,13.66,162.73,3,0,35,471891.23,34.5,478.1,443.6,35,4.96,4.41,False
711189,firm_2,165,13.66,154.59,3,0,35,471461.96,34.5,478.1,443.6,35,4.96,4.41,False
711189,firm_2,166,12.29,170.05,2,0,23,470743.3,-78.56,282.67,361.23,23,5.01,4.51,False
711189,firm_2,167,12.9,153.05,3,0,35,469588.55,4.4,451.5,447.1,35,5.06,4.51,False
711189,firm_2,168,13.55,145.4,4,0,46,468303.19,96.24,623.3,527.06,46,5.11,4.61,False
711189,firm_2,169,12.87,159.94,3,0,35,467523.22,-0.15,450.45,450.6,35,5.16,4.71,False
711189,firm_2,170,12.23,143.95,2,0,23,466950.78,-84.54,281.29,365.83,23,5.21,4.71,False
711189,firm_2,171,13.45,158.34,1,0,11,466561.08,-131.36,147.95,279.31,11,5.21,4.81,False
711189,firm_2,172,12.1,166.26,1,0,11,466248.61,-146.21,133.1,279.31,11,5.21,4.81,False
711189,firm_2,173,12.1,157.95,1,0,11,465844.45,-146.21,133.1,279.31,11,5.21,4.91,False
711189,firm_2,174,10.89,173.74,1,0,11,465310.64,-160.07,119.79,279.86,11,5.26,4.91,False
711189,firm_2,175,10.0,173.74,1,0,11,464967.04,-169.86,110.0,279.86,11,5.26,4.81,False
711189,firm_2,176,11.0,165.05,1,0,11,464442.58,-159.41,121.0,280.41,11,5.31,4.81,False
711189,firm_2,177,11.0,173.3,1,0,11,463909.32,-159.96,121.0,280.96,11,5.36,4.81,False
711189,firm_2,178,10.45,164.64,1,0,11,463278.12,-166.56,114.95,281.51,11,5.41,4.91,False
711189,firm_2,179,10.0,164.64,1,0,11,462941.97,-171.51,110.0,281.51,11,5.41,4.81,False
711189,firm_2,180,10.0,172.87,1,0,11,462497.59,-171.51,110.0,281.51,11,5.41,4.91,False
711189,firm_2,181,10.5,190.16,1,0,11,462041.42,-166.01,115.5,281.51,11,5.41,5.01,False
711189,firm_2,182,10.5,209.18,1,0,11,461365.68,-166.56,115.5,282.06,11,5.46,5.11,False
711189,firm_2,183,10.5,188.26,1,0,11,460710.31,-167.11,115.5,282.61,11,5.51,5.21,False
711189,firm_2,184,10.0,197.67,1,0,11,460340.03,-172.61,110.0,282.61,11,5.51,5.11,False
711189,firm_2,185,10.0,207.55,1,0,11,459759.32,-173.16,110.0,283.16,11,5.56,5.11,False
711189,firm_2,186,10.0,197.17,2,0,23,458621.1,-143.88,230.0,373.88,23,5.56,5.21,False
711189,firm_2,187,10.0,197.17,2,0,23,457982.88,-143.88,230.0,373.88,23,5.56,5.31,False
711189,firm_2,188,10.0,197.17,1,0,11,457512.55,-173.16,110.0,283.16,11,5.56,5.41,False
711189,firm_2,189,10.0,187.31,2,0,23,456292.9,-145.03,230.0,375.03,23,5.61,5.31,False
711189,firm_2,190,10.0,187.31,2,0,23,455472.1,-146.18,230.0,376.18,23,5.66,5.41,False
711189,firm_2,191,10.0,206.04,2,0,23,454813.84,-146.18,230.0,376.18,23,5.66,5.51,False
711189,firm_2,192,10.0,226.64,2,0,23,453913.23,-147.33,230.0,377.33,23,5.71,5.61,False
711189,firm_2,193,11.0,226.64,1,0,11,453222.23,-164.36,121.0,285.36,11,5.76,5.71,False
711189,firm_2,194,10.0,226.64,1,0,11,452619.68,-175.91,110.0,285.91,11,5.81,5.61,False
711189,firm_2,195,11.0,203.98,1,0,11,451950.24,-165.46,121.0,286.46,11,5.86,5.71,False
711189,firm_2,196,10.0,193.78,2,0,23,450610.75,-151.93,230.0,381.93,23,5.91,5.81,False
711189,firm_2,197,11.0,174.4,1,0,11,450170.34,-166.01,121.0,287.01,11,5.91,5.91,False
711189,firm_2,198,11.55,183.12,1,0,11,449827.26,-159.96,127.05,287.01,11,5.91,5.91,False
711189,firm_2,199,11.55,201.43,2,0,23,448808.12,-116.28,265.65,381.93,23,5.91,5.91,False
711189,firm_2,200,11.55,221.57,1,0,11,448126.04,-160.51,127.05,287.56,11,5.96,6.0,False
711189,firm_2,201,11.55,243.73,1,0,11,447721.8,-160.51,127.05,287.56,11,5.96,5.9,False
711189,firm_2,202,11.55,219.36,1,0,11,447341.93,-160.51,127.05,287.56,11,5.96,5.8,False
711189,firm_2,203,10.4,208.39,1,0,11,446960.38,-173.16,114.4,287.56,11,5.96,5.8,False
711189,firm_2,204,10.4,218.81,2,0,23,445677.96,-144.8,239.2,384.0,23,6.0,5.8,False
711189,firm_2,205,10.92,240.69,2,0,23,444863.74,-132.84,251.16,384.0,23,6.0,5.8,False
711189,firm_2,206,12.01,264.76,1,0,11,444343.09,-155.89,132.11,288.0,11,6.0,5.9,False
711189,firm_2,207,12.61,238.28,1,0,11,443755.52,-149.29,138.71,288.0,11,6.0,5.9,False
711189,firm_2,208,11.98,250.19,1,0,11,443349.11,-156.22,131.78,288.0,11,6.0,5.8,False
711189,firm_2,209,11.38,250.19,1,0,11,442736.1,-162.82,125.18,288.0,11,6.0,5.7,False
711189,firm_2,210,11.38,237.68,2,0,23,441638.48,-122.26,261.74,384.0,23,6.0,5.7,False
711189,firm_2,211,12.52,249.56,3,0,35,440348.0,-41.8,438.2,480.0,35,6.0,5.6,False
711189,firm_2,212,11.89,237.08,4,0,46,438778.62,-21.06,546.94,568.0,46,6.0,5.7,False
711189,firm_2,213,13.08,260.79,5,0,58,436769.31,94.64,758.64,664.0,58,6.0,5.8,False
711189,firm_2,214,14.39,286.87,5,0,58,435305.58,170.62,834.62,664.0,58,6.0,5.8,False
711189,firm_2,215,13.67,258.18,4,0,46,434233.68,60.82,628.82,568.0,46,6.0,5.9,False
711189,firm_2,216,14.35,271.09,3,0,35,433242.66,22.25,502.25,480.0,35,6.0,5.8,False
711189,firm_2,217,14.35,271.09,3,0,35,432251.64,22.25,502.25,480.0,35,6.0,5.8,False
711189,firm_2,218,15.07,284.64,4,0,46,430738.3,125.22,693.22,568.0,46,6.0,5.7,False
711189,firm_2,219,13.56,298.87,3,0,35,429636.29,-5.4,474.6,480.0,35,6.0,5.6,False
711189,firm_2,220,12.88,298.87,3,0,35,428710.48,-29.2,450.8,480.0,35,6.0,5.5,False
711189,firm_2,221,13.52,283.93,2,0,23,427869.58,-73.04,310.96,384.0,23,6.0,5.4,False
711189,firm_2,222,12.84,255.54,1,0,11,427267.28,-146.76,141.24,288.0,11,6.0,5.3,False
711189,firm_2,223,12.84,281.09,1,0,11,426539.43,-146.76,141.24,288.0,11,6.0,5.4,False
711189,firm_2,224,12.2,267.04,2,0,23,425301.95,-103.4,280.6,384.0,23,6.0,5.5,False
711189,firm_2,225,10.98,293.74,1,0,11,424540.99,-167.22,120.78,288.0,11,6.0,5.6,False
711189,firm_2,226,10.0,279.05,1,0,11,423983.94,-178.0,110.0,288.0,11,6.0,5.7,False
711189,firm_2,227,10.0,265.1,2,0,23,422699.74,-154.0,230.0,384.0,23,6.0,5.8,False
711189,firm_2,228,10.0,251.84,1,0,11,422069.9,-178.0,110.0,288.0,11,6.0,5.7,False
711189,firm_2,229,10.0,251.84,2,0,23,420912.22,-154.0,230.0,384.0,23,6.0,5.6,False
711189,firm_2,230,10.0,251.84,2,0,23,420154.54,-154.0,230.0,384.0,23,6.0,5.7,False
711189,firm_2,231,10.0,277.02,2,0,23,419146.5,-154.0,230.0,384.0,23,6.0,5.8,False
711189,firm_2,232,10.0,304.72,3,0,35,417602.34,-130.0,350.0,480.0,35,6.0,5.8,False
711189,firm_2,233,10.0,335.19,2,0,23,416477.96,-154.0,230.0,384.0,23,6.0,5.9,False
711189,firm_2,234,10.0,368.71,1,0,11,415631.25,-178.0,110.0,288.0,11,6.0,6.0,False
711189,firm_2,235,10.5,350.27,2,0,23,413988.21,-142.5,241.5,384.0,23,6.0,6.0,False
711189,firm_2,236,10.0,385.3,2,0,23,412963.61,-154.0,230.0,384.0,23,6.0,6.0,False
711189,firm_2,237,10.5,404.57,3,0,35,411137.4,-112.5,367.5,480.0,35,6.0,5.9,False
711189,firm_2,238,10.5,404.57,3,0,35,409611.19,-112.5,367.5,480.0,35,6.0,5.9,False
711189,firm_2,239,11.02,424.8,4,0,46,407150.91,-61.08,506.92,568.0,46,6.0,5.9,False
711189,firm_2,240,11.57,467.28,3,0,35,405574.02,-75.05,404.95,480.0,35,6.0,6.0,False
711189,firm_2,241,12.73,500.0,2,0,23,404282.81,-91.21,292.79,384.0,23,6.0,6.0,False
711189,firm_2,242,13.37,500.0,2,0,23,403006.32,-76.49,307.51,384.0,23,6.0,5.9,False
711189,firm_2,243,14.71,500.0,1,0,11,402280.13,-126.19,161.81,288.0,11,6.0,6.0,False
711189,firm_2,244,15.45,500.0,2,0,23,400551.48,-28.65,355.35,384.0,23,6.0,6.0,False
711189,firm_2,245,15.45,500.0,3,0,35,398412.23,60.75,540.75,480.0,35,6.0,6.0,False
711189,firm_2,246,16.22,500.0,3,0,35,396899.93,87.7,567.7,480.0,35,6.0,6.0,False
711189,firm_2,247,15.41,450.0,2,0,23,395870.36,-29.57,354.43,384.0,23,6.0,6.0,False
711189,firm_2,248,14.64,495.0,1,0,11,394948.4,-126.96,161.04,288.0,11,6.0,6.0,False
711189,firm_2,249,16.1,500.0,2,0,23,393234.7,-13.7,370.3,384.0,23,6.0,6.0,False
711189,firm_2,250,16.1,450.0,1,0,11,392473.8,-110.9,177.1,288.0,11,6.0,5.9,False
711189,firm_2,251,16.1,495.0,2,0,23,390970.1,-13.7,370.3,384.0,23,6.0,5.8,False
711189,firm_2,252,14.49,495.0,3,0,35,388812.25,27.15,507.15,480.0,35,6.0,5.7,False
711189,firm_2,253,14.49,495.0,4,0,46,386330.79,98.54,666.54,568.0,46,6.0,5.8,False
711189,firm_2,254,13.04,500.0,4,0,46,384262.63,31.84,599.84,568.0,46,6.0,5.9,False
711189,firm_2,255,11.74,500.0,3,0,35,382693.53,-69.1,410.9,480.0,35,6.0,5.9,False
711189,firm_2,256,11.15,500.0,2,0,23,381465.98,-127.55,256.45,384.0,23,6.0,6.0,False
711189,firm_2,257,10.04,500.0,2,0,23,380312.9,-153.08,230.92,384.0,23,6.0,6.0,False
711189,firm_2,258,10.0,500.0,1,0,11,379634.9,-178.0,110.0,288.0,11,6.0,5.9,False
711189,firm_2,259,11.0,500.0,1,0,11,378767.9,-167.0,121.0,288.0,11,6.0,5.8,False
711189,firm_2,260,11.55,500.0,1,0,11,378006.95,-160.95,127.05,288.0,11,6.0,5.9,False
711189,firm_2,261,10.97,500.0,1,0,11,377139.62,-167.33,120.67,288.0,11,6.0,5.9,False
711189,firm_2,262,10.97,450.0,2,0,23,375607.93,-131.69,252.31,384.0,23,6.0,5.8,False
711189,firm_2,263,10.42,405.0,2,0,23,374553.59,-144.34,239.66,384.0,23,6.0,5.9,False
711189,firm_2,264,10.94,445.5,2,0,23,373330.21,-132.38,251.62,384.0,23,6.0,5.8,False
711189,firm_2,265,11.49,445.5,3,0,35,371315.86,-77.85,402.15,480.0,35,6.0,5.9,False
711189,firm_2,266,12.06,467.78,2,0,23,370073.68,-106.62,277.38,384.0,23,6.0,5.9,False
711189,firm_2,267,11.46,500.0,3,0,35,367694.78,-78.9,401.1,480.0,35,6.0,6.0,False
711189,firm_2,268,11.46,450.0,2,0,23,366474.36,-120.42,263.58,384.0,23,6.0,6.0,False
711189,firm_2,269,10.89,472.5,3,0,35,364258.01,-98.85,381.15,480.0,35,6.0,6.0,False
711189,firm_2,270,11.43,500.0,3,0,35,362578.06,-79.95,400.05,480.0,35,6.0,6.0,False
711189,firm_2,271,11.43,500.0,2,0,23,361156.95,-121.11,262.89,384.0,23,6.0,6.0,False
711189,firm_2,272,10.86,500.0,2,0,23,360022.73,-134.22,249.78,384.0,23,6.0,6.0,False
711189,firm_2,273,10.86,500.0,1,0,11,359354.19,-168.54,119.46,288.0,11,6.0,6.0,False
711189,firm_2,274,10.0,500.0,1,0,11,358676.19,-178.0,110.0,288.0,11,6.0,6.0,False
711189,firm_2,275,10.0,500.0,1,0,11,357998.19,-178.0,110.0,288.0,11,6.0,5.9,False
711189,firm_2,276,10.0,450.0,1,0,11,357370.19,-178.0,110.0,288.0,11,6.0,5.8,False
711189,firm_2,277,10.5,472.5,1,0,11,356725.19,-172.5,115.5,288.0,11,6.0,5.8,False
711189,firm_2,278,10.5,425.25,1,0,11,355927.44,-172.5,115.5,288.0,11,6.0,5.8,False
711189,firm_2,279,10.5,425.25,1,0,11,355229.69,-172.5,115.5,288.0,11,6.0,5.9,False
711189,firm_2,280,10.5,403.99,1,0,11,354653.2,-172.5,115.5,288.0,11,6.0,5.9,False
711189,firm_2,281,10.0,444.39,1,0,11,354030.81,-178.0,110.0,288.0,11,6.0,5.8,False
711189,firm_2,282,10.0,488.83,1,0,11,353163.98,-178.0,110.0,288.0,11,6.0,5.8,False
711189,firm_2,283,10.0,500.0,1,0,11,352485.98,-178.0,110.0,288.0,11,6.0,5.8,False
711189,firm_2,284,10.0,450.0,1,0,11,351757.98,-178.0,110.0,288.0,11,6.0,5.9,False
711189,firm_2,285,10.0,450.0,2,0,23,350003.98,-154.0,230.0,384.0,23,6.0,5.8,False
711189,firm_2,286,10.0,495.0,1,0,11,349230.98,-178.0,110.0,288.0,11,6.0,5.9,False
711189,firm_2,287,10.5,500.0,1,0,11,348558.48,-172.5,115.5,288.0,11,6.0,5.9,False
711189,firm_2,288,10.5,475.0,1,0,11,347710.98,-172.5,115.5,288.0,11,6.0,5.9,False
711189,firm_2,289,11.02,498.75,1,0,11,346945.45,-166.78,121.22,288.0,11,6.0,6.0,False
711189,firm_2,290,10.47,500.0,1,0,11,346272.62,-172.83,115.17,288.0,11,6.0,6.0,False
711189,firm_2,291,10.99,500.0,2,0,23,344341.39,-131.23,252.77,384.0,23,6.0,6.0,False
711189,firm_2,292,10.99,450.0,3,0,35,342196.04,-95.35,384.65,480.0,35,6.0,5.9,False
711189,firm_2,293,11.54,495.0,2,0,23,341087.46,-118.58,265.42,384.0,23,6.0,5.8,False
711189,firm_2,294,10.96,500.0,2,0,23,339955.54,-131.92,252.08,384.0,23,6.0,5.8,False
711189,firm_2,295,10.0,500.0,1,0,11,339277.54,-178.0,110.0,288.0,11,6.0,5.8,False
711189,firm_2,296,10.0,500.0,1,0,11,338399.54,-178.0,110.0,288.0,11,6.0,5.8,False
711189,firm_2,297,10.5,500.0,1,0,11,337627.04,-172.5,115.5,288.0,11,6.0,5.9,False
711189,firm_2,298,11.55,500.0,1,0,11,336966.09,-160.95,127.05,288.0,11,6.0,5.8,False
711189,firm_2,299,12.13,500.0,1,0,11,336211.52,-154.57,133.43,288.0,11,6.0,5.9,False
711189,firm_2,300,12.74,500.0,2,0,23,334320.54,-90.98,293.02,384.0,23,6.0,6.0,False
711189,firm_2,301,11.47,500.0,1,0,11,333658.71,-161.83,126.17,288.0,11,6.0,6.0,False
711189,firm_2,302,12.04,450.0,1,0,11,333053.15,-155.56,132.44,288.0,11,6.0,6.0,False
711189,firm_2,303,11.44,495.0,1,0,11,332295.99,-162.16,125.84,288.0,11,6.0,6.0,False
711189,firm_2,304,11.44,445.5,1,0,11,331488.33,-162.16,125.84,288.0,11,6.0,6.0,False
711189,firm_2,305,10.87,423.22,1,0,11,330796.68,-168.43,119.57,288.0,11,6.0,6.0,False
711189,firm_2,306,11.41,465.54,2,0,23,329044.03,-121.57,262.43,384.0,23,6.0,5.9,False
711189,firm_2,307,11.41,418.99,3,0,35,327006.41,-80.65,399.35,480.0,35,6.0,5.9,False
711189,firm_2,308,11.41,418.99,4,0,46,324787.31,-43.14,524.86,568.0,46,6.0,5.8,False
711189,firm_2,309,12.55,398.04,4,0,46,323004.45,9.3,577.3,568.0,46,6.0,5.8,False
711189,firm_2,310,12.55,417.94,3,0,35,321409.88,-40.75,439.25,480.0,35,6.0,5.9,False
711189,firm_2,311,11.92,376.15,4,0,46,319385.6,-19.68,548.32,568.0,46,6.0,5.8,False
711189,firm_2,312,11.92,413.76,4,0,46,317410.88,-19.68,548.32,568.0,46,6.0,5.9,False
711189,firm_2,313,10.73,393.07,4,0,46,315764.18,-74.42,493.58,568.0,46,6.0,5.9,False
711189,firm_2,314,10.73,353.76,3,0,35,314298.45,-104.45,375.55,480.0,35,6.0,6.0,False
711189,firm_2,315,10.0,371.45,4,0,46,312104.65,-108.0,460.0,568.0,46,6.0,6.0,False
711189,firm_2,316,10.0,408.6,5,0,58,309477.65,-84.0,580.0,664.0,58,6.0,6.0,False
711189,firm_2,317,10.0,388.17,5,0,58,307252.8,-84.0,580.0,664.0,58,6.0,6.0,False
711189,firm_2,318,10.5,426.99,4,0,46,305259.84,-85.0,483.0,568.0,46,6.0,5.9,False
711189,firm_2,319,10.5,469.69,4,0,46,302996.08,-85.0,483.0,568.0,46,6.0,6.0,False
711189,firm_2,320,10.0,469.69,5,0,58,299863.63,-84.0,580.0,664.0,58,6.0,5.9,False
711189,firm_2,321,11.0,493.17,5,0,58,297371.78,-26.0,638.0,664.0,58,6.0,5.8,False
711189,firm_2,322,10.45,500.0,5,0,58,294713.88,-57.9,606.1,664.0,58,6.0,5.9,False
711189,firm_2,323,10.45,475.0,4,0,46,292726.58,-87.3,480.7,568.0,46,6.0,5.9,False
711189,firm_2,324,10.0,475.0,3,0,35,290871.58,-130.0,350.0,480.0,35,6.0,6.0,False
711189,firm_2,325,10.0,427.5,3,0,35,289359.08,-130.0,350.0,480.0,35,6.0,6.0,False
711189,firm_2,326,10.5,470.25,4,0,46,286793.08,-85.0,483.0,568.0,46,6.0,6.0,False
711189,firm_2,327,11.02,500.0,3,0,35,285198.78,-94.3,385.7,480.0,35,6.0,5.9,False
711189,firm_2,328,10.47,500.0,2,0,23,284055.59,-143.19,240.81,384.0,23,6.0,5.9,False
711189,firm_2,329,10.0,500.0,2,0,23,282801.59,-154.0,230.0,384.0,23,6.0,6.0,False
711189,firm_2,330,10.0,500.0,1,0,11,282023.59,-178.0,110.0,288.0,11,6.0,6.0,False
711189,firm_2,331,10.0,500.0,1,0,11,281045.59,-178.0,110.0,288.0,11,6.0,6.0,False
711189,firm_2,332,11.0,500.0,1,0,11,280078.59,-167.0,121.0,288.0,11,6.0,6.0,False
711189,firm_2,333,11.0,500.0,1,0,11,279111.59,-167.0,121.0,288.0,11,6.0,6.0,False
711189,firm_2,334,10.45,500.0,1,0,11,278238.54,-173.05,114.95,288.0,11,6.0,6.0,False
711189,firm_2,335,10.97,500.0,1,0,11,277471.21,-167.33,120.67,288.0,11,6.0,6.0,False
711189,firm_2,336,12.07,500.0,2,0,23,275664.82,-106.39,277.61,384.0,23,6.0,5.9,False
711189,firm_2,337,12.07,475.0,2,0,23,274408.43,-106.39,277.61,384.0,23,6.0,5.9,False
711189,firm_2,338,10.86,500.0,1,0,11,273539.89,-168.54,119.46,288.0,11,6.0,5.8,False
711189,firm_2,339,10.32,500.0,1,0,11,272865.41,-174.48,113.52,288.0,11,6.0,5.7,False
711189,firm_2,340,10.0,475.0,1,0,11,272212.41,-178.0,110.0,288.0,11,6.0,5.7,False
711189,firm_2,341,10.0,427.5,1,0,11,271606.91,-178.0,110.0,288.0,11,6.0,5.7,False
711189,firm_2,342,11.0,470.25,1,0,11,270969.66,-167.0,121.0,288.0,11,6.0,5.7,False
711189,firm_2,343,11.55,493.76,1,0,11,270114.95,-160.95,127.05,288.0,11,6.0,5.7,False
711189,firm_2,344,11.55,500.0,2,0,23,268296.6,-118.35,265.65,384.0,23,6.0,5.7,False
711189,firm_2,345,10.97,475.0,3,0,34,266072.58,-99.02,372.98,472.0,34,6.0,5.6,False
711189,firm_2,346,10.42,427.5,4,0,46,263573.9,-88.68,479.32,568.0,46,6.0,5.6,False
711189,firm_2,347,11.46,427.5,3,0,34,261909.04,-82.36,389.64,472.0,34,6.0,5.7,False
711189,firm_2,348,11.46,448.88,3,0,34,260480.04,-82.36,389.64,472.0,34,6.0,5.6,False
711189,firm_2,349,10.31,493.77,2,0,23,259145.63,-146.87,237.13,384.0,23,6.0,5.5,False
711189,firm_2,350,10.0,493.77,1,0,11,258273.86,-178.0,110.0,288.0,11,6.0,5.5,False
711189,firm_2,351,11.0,500.0,1,0,11,257506.86,-167.0,121.0,288.0,11,6.0,5.6,False
711189,firm_2,352,12.1,500.0,1,0,11,256651.96,-154.9,133.1,288.0,11,6.0,5.5,False
711189,firm_2,353,10.89,500.0,1,0,11,255783.75,-168.21,119.79,288.0,11,6.0,5.4,False
711189,firm_2,354,10.0,475.0,1,0,11,255130.75,-178.0,110.0,288.0,11,6.0,5.4,False
711189,firm_2,355,10.0,498.75,1,0,11,254154.0,-178.0,110.0,288.0,11,6.0,5.5,False
711189,firm_2,356,10.0,500.0,1,0,11,253376.0,-178.0,110.0,288.0,11,6.0,5.6,False
711189,firm_2,357,10.0,500.0,1,0,11,252398.0,-178.0,110.0,288.0,11,6.0,5.7,False
711189,firm_2,358,10.0,450.0,2,0,23,250644.0,-154.0,230.0,384.0,23,6.0,5.6,False
711189,firm_2,359,10.0,495.0,2,0,23,249400.0,-154.0,230.0,384.0,23,6.0,5.7,False
711189,firm_2,360,10.5,445.5,1,0,11,248782.0,-172.5,115.5,288.0,11,6.0,5.6,False
711189,firm_2,361,10.0,490.05,1,0,11,248113.95,-178.0,110.0,288.0,11,6.0,5.6,False
711189,firm_2,362,10.0,500.0,1,0,11,247235.95,-178.0,110.0,288.0,11,6.0,5.6,False
711189,firm_2,363,10.0,450.0,2,0,23,245481.95,-154.0,230.0,384.0,23,6.0,5.5,False
711189,firm_2,364,11.0,472.5,1,0,11,244642.45,-167.0,121.0,288.0,11,6.0,5.5,False
711189,firm_2,365,11.0,500.0,1,0,11,243975.45,-167.0,121.0,288.0,11,6.0,5.5,False
711189,firm_3,1,62.52,28.09,25,0,288,131712.74,17100.16,18005.76,905.6,288,0.45,0.35,False
711189,firm_3,2,68.77,26.69,26,0,299,149833.53,19614.73,20562.23,947.5,299,0.5,0.45,False
711189,firm_3,3,72.21,25.36,27,0,311,170028.62,21479.81,22457.31,977.5,311,0.5,0.55,False
711189,firm_3,4,79.43,22.82,28,0,322,193461.12,24571.46,25576.46,1005.0,322,0.5,0.55,False
711189,firm_3,5,83.4,22.82,29,0,333,218822.39,26723.05,27772.2,1049.15,333,0.55,0.55,False
711189,firm_3,6,79.23,22.82,30,0,343,243521.88,26084.09,27175.89,1091.8,343,0.6,0.55,False
711189,firm_3,7,83.19,25.1,30,0,345,270155.18,27586.3,28700.55,1114.25,345,0.65,0.45,False
711189,firm_3,8,91.51,25.1,30,0,345,299858.88,30456.7,31570.95,1114.25,345,0.65,0.45,False
711189,firm_3,9,86.93,27.61,29,0,333,326923.43,27865.24,28947.69,1082.45,333,0.65,0.45,False
711189,firm_3,10,95.62,30.37,29,0,333,356801.71,30759.01,31841.46,1082.45,333,0.65,0.45,False
711189,firm_3,11,105.18,30.37,29,0,334,389966.0,34045.02,35130.12,1085.1,334,0.65,0.35,False
711189,firm_3,12,99.92,30.37,28,0,322,420020.48,31104.84,32174.24,1069.4,322,0.7,0.25,False
711189,firm_3,13,109.91,33.41,29,0,334,454159.73,35608.14,36709.94,1101.8,334,0.7,0.25,False
711189,firm_3,14,120.9,31.74,30,0,345,493069.28,40561.75,41710.5,1148.75,345,0.75,0.15,False
711189,firm_3,15,132.99,28.57,29,0,334,535540.91,43300.16,44418.66,1118.5,334,0.75,0.15,False
711189,firm_3,16,139.64,27.14,28,0,322,578343.47,43862.48,44964.08,1101.6,322,0.8,0.25,False
711189,firm_3,17,146.62,27.14,27,0,311,622138.71,44528.02,45598.82,1070.8,311,0.8,0.25,False
711189,firm_3,18,153.95,28.5,27,0,311,668076.86,46807.65,47878.45,1070.8,311,0.8,0.35,False
711189,firm_3,19,161.65,27.08,27,0,311,716332.5,49186.8,50273.15,1086.35,311,0.85,0.25,False
711189,firm_3,20,177.82,25.73,26,0,299,767779.55,52116.03,53168.18,1052.15,299,0.85,0.25,False
711189,firm_3,21,186.71,24.44,27,0,309,823232.41,56612.74,57693.39,1080.65,309,0.85,0.25,False
711189,firm_3,22,177.37,23.22,28,0,320,877512.65,55630.4,56758.4,1128.0,320,0.9,0.25,False
711189,firm_3,23,159.63,22.06,28,0,320,926848.57,49953.6,51081.6,1128.0,320,0.9,0.15,False
711189,firm_3,24,175.59,20.96,29,0,332,982873.81,57133.08,58295.88,1162.8,332,0.9,0.15,False
711189,firm_3,25,158.03,19.91,30,0,343,1034568.95,52992.44,54204.29,1211.85,343,0.95,0.15,False
711189,firm_3,26,173.83,19.91,29,0,331,1090352.84,56361.28,57537.73,1176.45,331,0.95,0.15,False
711189,firm_3,27,191.21,18.91,28,0,319,1149578.3,59854.94,60995.99,1141.05,319,0.95,0.25,False
711189,firm_3,28,191.21,19.86,27,0,308,1206510.76,57768.68,58892.68,1124.0,308,1.0,0.35,False
711189,firm_3,29,200.77,17.87,28,0,319,1268399.03,62888.63,64045.63,1157.0,319,1.0,0.25,False
711189,firm_3,30,200.77,18.76,27,0,308,1328390.27,60697.76,61837.16,1139.4,308,1.05,0.15,False
711189,firm_3,31,180.69,18.76,28,0,319,1383616.2,56451.21,57640.11,1188.9,319,1.1,0.15,False
711189,firm_3,32,198.76,16.88,27,0,308,1443008.32,60047.88,61218.08,1170.2,308,1.15,0.15,False
711189,firm_3,33,218.64,16.88,27,0,308,1508508.08,66155.52,67341.12,1185.6,308,1.2,0.15,False
711189,firm_3,34,229.57,17.72,27,0,307,1577009.88,69280.24,70477.99,1197.75,307,1.25,0.25,False
711189,firm_3,35,241.05,17.72,28,0,319,1651671.92,75658.2,76894.95,1236.75,319,1.25,0.25,False
711189,firm_3,36,265.16,16.83,29,0,331,1737076.06,86492.21,87767.96,1275.75,331,1.25,0.35,False
711189,firm_3,37,291.68,16.83,30,0,342,1834514.22,98443.06,99754.56,1311.5,342,1.25,0.35,False
711189,firm_3,38,306.26,16.83,29,0,332,1934208.87,100382.72,101678.32,1295.6,332,1.3,0.35,False
711189,firm_3,39,290.95,17.67,28,0,321,2025849.76,92135.65,93394.95,1259.3,321,1.3,0.25,False
711189,firm_3,40,276.4,18.55,29,0,332,2115181.01,90469.2,91764.8,1295.6,332,1.3,0.35,False
711189,firm_3,41,262.58,17.62,28,0,321,2197716.53,83028.88,84288.18,1259.3,321,1.3,0.35,False
711189,firm_3,42,236.32,18.5,29,0,332,2273842.67,77162.64,78458.24,1295.6,332,1.3,0.35,False
711189,firm_3,43,259.95,17.58,29,0,332,2358124.05,84991.2,86303.4,1312.2,332,1.35,0.35,False
711189,firm_3,44,272.95,17.58,28,0,320,2443487.81,86056.0,87344.0,1288.0,320,1.4,0.25,False
711189,firm_3,45,245.66,18.46,28,0,322,2520562.55,77791.62,79102.52,1310.9,322,1.45,0.15,False
711189,firm_3,46,257.94,19.38,27,0,311,2598770.13,78930.84,80219.34,1288.5,311,1.5,0.15,False
711189,firm_3,47,270.84,19.38,27,0,311,2681189.61,82942.74,84231.24,1288.5,311,1.5,0.1,False
711189,firm_3,48,284.38,21.32,26,0,299,2764418.41,83783.12,85029.62,1246.5,299,1.5,0.1,False
711189,firm_3,49,255.94,21.32,27,0,311,2841551.61,78308.84,79597.34,1288.5,311,1.5,0.2,False
711189,firm_3,50,268.74,20.25,26,0,299,2920031.87,79106.76,80353.26,1246.5,299,1.5,0.3,False
711189,firm_3,51,255.3,21.26,26,0,299,2994567.31,75088.2,76334.7,1246.5,299,1.5,0.2,False
711189,firm_3,52,280.83,20.2,26,0,299,3076548.83,82706.72,83968.17,1261.45,299,1.55,0.1,False
711189,firm_3,53,266.79,20.2,27,0,312,3157218.71,81915.28,83238.48,1323.2,312,1.6,0.1,False
711189,firm_3,54,280.13,18.18,28,0,323,3245328.86,89119.19,90481.99,1362.8,323,1.6,0.1,False
711189,firm_3,55,252.12,18.18,29,0,334,3327107.32,82805.68,84208.08,1402.4,334,1.6,0.1,False
711189,firm_3,56,264.73,17.27,29,0,334,3413623.91,87017.42,88419.82,1402.4,334,1.6,0.1,False
711189,firm_3,57,264.73,19.0,29,0,335,3500351.46,87278.55,88684.55,1406.0,335,1.6,0.1,False
711189,firm_3,58,251.49,20.9,30,0,347,3584824.94,85800.48,87267.03,1466.55,347,1.65,0.1,False
711189,firm_3,59,264.06,22.99,31,0,359,3676681.49,93269.24,94797.54,1528.3,359,1.7,0.1,False
711189,firm_3,60,290.47,21.84,31,234,359,3709614.9,33610.45,36308.75,2698.3,125,1.7,0.1,False
711189,firm_3,61,275.95,20.75,30,268,347,3792223.5,83531.1,86372.35,2841.25,313,1.75,0.2,False
711189,firm_3,62,248.36,20.75,31,170,358,3901622.01,110841.76,113252.16,2410.4,456,1.8,0.3,False
711189,firm_3,63,260.78,22.83,31,433,359,3922002.01,21287.73,25034.88,3747.15,96,1.85,0.2,False
711189,firm_3,64,247.74,23.97,30,477,347,3992109.83,71126.92,75065.22,3938.3,303,1.9,0.3,False
711189,firm_3,65,222.97,22.77,31,321,358,4102091.44,111387.48,114606.58,3219.1,514,1.95,0.2,False
711189,firm_3,66,234.12,22.77,32,529,370,4134483.74,33620.94,37927.44,4306.5,162,1.95,0.1,False
711189,firm_3,67,245.83,21.63,33,754,381,4165925.43,32855.48,38349.48,5494.0,156,2.0,0.1,False
711189,firm_3,68,221.25,20.55,34,720,392,4253391.63,88864.9,94252.5,5387.6,426,2.05,0.1,False
711189,firm_3,69,210.19,20.55,34,729,392,4327443.5,75050.57,80502.77,5452.2,383,2.1,0.2,False
711189,firm_3,70,189.17,19.52,33,587,381,4420819.1,94219.76,98935.91,4716.15,523,2.15,0.1,False
711189,firm_3,71,170.25,18.54,34,251,393,4540715.04,121026.3,124112.25,3085.95,729,2.15,0.1,False
711189,firm_3,72,161.74,18.54,33,0,381,4640222.7,100419.48,102219.68,1800.2,632,2.2,0.2,False
711189,firm_3,73,161.74,20.39,33,0,381,4699053.52,59803.69,61622.94,1819.25,381,2.25,0.3,False
711189,firm_3,74,145.57,21.41,34,0,393,4753164.34,55338.76,57209.01,1870.25,393,2.25,0.2,False
711189,firm_3,75,131.01,20.34,35,0,403,4802616.57,50864.13,52797.03,1932.9,403,2.3,0.2,False
711189,firm_3,76,117.91,21.36,36,0,415,4848075.01,46927.4,48932.65,2005.25,415,2.35,0.2,False
711189,firm_3,77,129.7,19.22,35,0,404,4897743.71,50441.4,52398.8,1957.4,404,2.35,0.3,False
711189,firm_3,78,129.7,19.22,34,0,393,4946152.78,49062.55,50972.1,1909.55,393,2.35,0.3,False
711189,firm_3,79,116.73,18.26,35,0,404,4989995.0,45181.32,47158.92,1977.6,404,2.4,0.2,False
711189,firm_3,80,128.4,17.35,36,0,415,5039909.65,51239.25,53286.0,2046.75,415,2.45,0.2,False
711189,firm_3,81,134.82,18.22,37,0,427,5093882.15,55446.64,57568.14,2121.5,427,2.5,0.3,False
711189,firm_3,82,141.56,18.22,38,333,438,5103717.59,11027.8,14863.8,3836.0,105,2.5,0.3,False
711189,firm_3,83,141.56,18.22,37,371,424,5153722.61,50679.16,54642.16,3963.0,386,2.5,0.2,False
711189,firm_3,84,127.4,18.22,38,525,436,5183670.05,31139.8,35926.8,4787.0,282,2.5,0.1,False
711189,firm_3,85,114.66,18.22,39,97,447,5280090.47,97631.0,100327.5,2696.5,875,2.5,0.1,False
711189,firm_3,86,120.39,17.31,39,0,448,5342811.93,63396.55,65612.55,2216.0,545,2.5,0.1,False
711189,firm_3,87,108.35,17.31,40,0,459,5388863.73,47444.2,49732.65,2288.45,459,2.55,0.1,False
711189,firm_3,88,97.52,18.18,41,0,473,5431393.16,43774.81,46126.96,2352.15,473,2.55,0.1,False
711189,firm_3,89,97.52,16.36,42,0,482,5474817.58,44611.54,47004.64,2393.1,482,2.55,0.1,False
711189,firm_3,90,92.64,18.0,42,0,485,5516360.98,42499.4,44930.4,2431.0,485,2.6,0.1,False
711189,firm_3,91,101.9,16.2,41,0,473,5561519.68,45822.9,48198.7,2375.8,473,2.6,0.1,False
711189,firm_3,92,112.09,15.39,42,0,482,5611883.48,51610.18,54027.38,2417.2,482,2.6,0.2,False
711189,firm_3,93,117.69,13.85,42,0,482,5665611.16,54309.38,56726.58,2417.2,482,2.6,0.1,False
711189,firm_3,94,129.46,13.85,43,0,494,5725896.45,61480.84,63953.24,2472.4,494,2.6,0.2,False
711189,firm_3,95,122.99,15.24,44,0,505,5784212.84,59586.95,62109.95,2523.0,505,2.6,0.3,False
711189,firm_3,96,135.29,13.72,43,0,494,5847759.04,64336.16,66833.26,2497.1,494,2.65,0.3,False
711189,firm_3,97,135.29,14.41,44,0,505,5912298.2,65773.2,68321.45,2548.25,505,2.65,0.4,False
711189,firm_3,98,135.29,14.41,43,0,494,5975690.03,64311.46,66833.26,2521.8,494,2.7,0.5,False
711189,firm_3,99,148.82,15.13,43,494,494,5969722.94,-5016.5,0.0,5016.5,0,2.75,0.6,False
711189,firm_3,100,148.82,15.13,42,616,482,6016869.08,47981.6,53575.2,5593.6,360,2.8,0.6,False
711189,firm_3,101,133.94,15.89,41,164,471,6136339.86,120322.27,123626.62,3304.35,923,2.85,0.5,False
711189,firm_3,102,133.94,15.89,40,60,459,6208286.33,72682.07,75408.22,2726.15,563,2.85,0.6,False
711189,firm_3,103,127.24,17.48,41,0,471,6271926.19,65056.54,67564.44,2507.9,531,2.9,0.5,False
711189,firm_3,104,133.6,16.61,42,482,482,6265756.77,-4971.8,0.0,4971.8,0,2.9,0.4,False
711189,firm_3,105,120.24,16.61,42,964,482,6257453.25,-7405.9,0.0,7405.9,0,2.95,0.3,False
711189,firm_3,106,108.22,16.61,42,157,482,6392780.31,136124.68,139495.58,3370.9,1289,2.95,0.4,False
711189,firm_3,107,119.04,18.27,41,627,470,6386369.74,-5661.5,0.0,5661.5,0,2.95,0.4,False
711189,firm_3,108,130.94,18.27,42,1110,483,6376961.55,-8140.85,0.0,8140.85,0,2.95,0.3,False
711189,firm_3,109,137.49,17.36,41,1581,471,6365713.34,-10436.45,0.0,10436.45,0,2.95,0.4,False
711189,firm_3,110,123.74,17.36,40,2040,459,6352023.94,-12695.0,0.0,12695.0,0,3.0,0.5,False
711189,firm_3,111,111.37,15.62,41,2036,471,6391049.27,40165.75,52900.75,12735.0,475,3.0,0.5,False
711189,firm_3,112,100.23,14.06,42,935,481,6541142.61,151283.86,158563.86,7280.0,1582,3.0,0.6,False
711189,firm_3,113,90.21,14.76,43,0,494,6666248.02,126240.09,128910.09,2670.0,1429,3.0,0.5,False
711189,firm_3,114,90.21,14.02,42,0,480,6706359.98,40700.8,43300.8,2600.0,480,3.0,0.4,False
711189,firm_3,115,85.7,13.32,43,0,494,6744728.32,39641.1,42335.8,2694.7,494,3.05,0.3,False
711189,firm_3,116,77.13,12.65,42,0,481,6778443.45,34446.43,37099.53,2653.1,481,3.1,0.2,False
711189,firm_3,117,77.13,12.02,41,0,469,6811432.7,33582.07,36173.97,2591.9,469,3.1,0.3,False
711189,firm_3,118,84.84,13.22,42,0,480,6848452.66,38075.2,40723.2,2648.0,480,3.1,0.3,False
711189,firm_3,119,93.32,11.9,43,0,488,6889967.92,42826.96,45540.16,2713.2,488,3.15,0.4,False
711189,firm_3,120,88.65,12.5,43,0,492,6930312.42,40882.0,43615.8,2733.8,492,3.15,0.3,False
711189,firm_3,121,97.52,13.12,42,0,480,6973674.98,44113.6,46809.6,2696.0,480,3.2,0.2,False
711189,firm_3,122,107.27,12.46,42,249,480,6993990.03,20838.37,24779.37,3941.0,231,3.2,0.1,False
711189,firm_3,123,96.54,12.46,43,265,492,7034823.89,41869.64,45953.04,4083.4,476,3.2,0.1,False
711189,firm_3,124,106.19,13.08,42,180,480,7090575.88,56401.35,59997.35,3596.0,565,3.2,0.2,False
711189,firm_3,125,106.19,13.73,43,492,492,7103381.29,13895.8,19114.2,5218.4,180,3.2,0.1,False
711189,firm_3,126,100.88,13.04,43,0,492,7199328.09,96507.52,99265.92,2758.4,984,3.2,0.1,False
711189,firm_3,127,110.97,13.04,42,86,480,7239152.59,40572.18,43722.18,3150.0,394,3.25,0.1,False
711189,firm_3,128,110.97,12.39,43,0,488,7298730.2,60910.38,63696.78,2786.4,574,3.3,0.2,False
711189,firm_3,129,105.42,11.77,44,0,503,7347872.68,50160.36,53026.26,2865.9,503,3.3,0.1,False
711189,firm_3,130,100.15,11.77,43,0,491,7393513.37,46346.8,49173.65,2826.85,491,3.35,0.1,False
711189,firm_3,131,105.16,12.36,42,0,479,7440603.24,47608.99,50371.64,2762.65,479,3.35,0.1,False
711189,firm_3,132,115.68,13.6,41,105,472,7479250.0,39204.36,42454.56,3250.2,367,3.35,0.1,False
711189,firm_3,133,121.46,13.6,42,588,483,7472230.6,-5748.2,0.0,5748.2,0,3.4,0.1,False
711189,firm_3,134,109.31,13.6,43,1041,491,7466918.63,-3927.17,4153.78,8080.95,38,3.45,0.2,False
711189,firm_3,135,98.38,14.96,44,255,506,7588634.65,122874.26,127106.96,4232.7,1292,3.45,0.2,False
711189,firm_3,136,108.22,15.71,45,650,518,7594139.76,7012.06,13311.06,6299.0,123,3.5,0.3,False
711189,firm_3,137,97.4,15.71,45,0,518,7704047.01,110714.2,113763.2,3049.0,1168,3.5,0.4,False
711189,firm_3,138,92.53,15.71,46,0,525,7748315.1,45490.75,48578.25,3087.5,525,3.5,0.3,False
711189,firm_3,139,101.78,15.71,47,0,536,7798256.01,51379.28,54554.08,3174.8,536,3.55,0.3,False
711189,firm_3,140,91.6,14.92,48,0,548,7843895.25,46955.4,50196.8,3241.4,548,3.55,0.4,False
711189,firm_3,141,100.76,15.67,48,0,548,7894890.77,51947.68,55216.48,3268.8,548,3.6,0.3,False
711189,firm_3,142,100.76,15.67,49,0,559,7946517.38,52994.44,56324.84,3330.4,559,3.6,0.4,False
711189,firm_3,143,110.84,14.89,49,559,559,7939434.42,-6153.35,0.0,6153.35,0,3.65,0.3,False
711189,firm_3,144,99.76,16.38,48,385,548,8005453.7,66805.52,72026.72,5221.2,722,3.65,0.2,False
711189,firm_3,145,94.77,15.56,47,0,540,8089033.63,84411.25,87662.25,3251.0,925,3.65,0.3,False
711189,firm_3,146,99.51,16.34,47,0,540,8138750.05,50484.4,53735.4,3251.0,540,3.65,0.3,False
711189,firm_3,147,104.49,15.52,48,0,552,8191537.17,54332.08,57678.48,3346.4,552,3.7,0.4,False
711189,firm_3,148,114.94,15.52,48,366,552,8206767.05,16174.84,21378.84,5204.0,186,3.75,0.4,False
711189,firm_3,149,114.94,15.52,47,388,540,8260331.53,54293.92,59538.92,5245.0,518,3.75,0.3,False
711189,firm_3,150,109.19,15.52,46,31,529,8352736.75,93319.14,96742.34,3423.2,886,3.8,0.2,False
711189,firm_3,151,120.11,17.07,47,416,542,8364641.03,13406.57,18857.27,5450.7,157,3.85,0.2,False
711189,firm_3,152,132.12,17.07,48,787,553,8379997.46,16675.79,24045.84,7370.05,182,3.85,0.1,False
711189,firm_3,153,118.91,18.78,48,108,556,8521957.27,142861.25,146853.85,3992.6,1235,3.85,0.1,False
711189,firm_3,154,124.86,17.84,49,295,568,8563056.97,42573.86,47571.66,4997.8,381,3.85,0.2,False
711189,firm_3,155,124.86,16.06,50,0,576,8666608.63,105154.66,108753.06,3598.4,871,3.9,0.3,False
711189,firm_3,156,131.1,15.26,50,167,576,8714932.13,49186.5,53619.9,4433.4,409,3.9,0.4,False
711189,firm_3,157,117.99,13.73,51,0,586,8798691.67,85159.77,88846.47,3686.7,753,3.95,0.4,False
711189,firm_3,158,106.19,13.04,52,0,595,8856856.39,59442.8,63183.05,3740.25,595,3.95,0.5,False
711189,firm_3,159,111.5,13.69,51,0,584,8917599.4,61441.2,65116.0,3674.8,584,3.95,0.4,False
711189,firm_3,160,117.08,14.37,50,0,577,8980802.91,63922.01,67555.16,3633.15,577,3.95,0.4,False
711189,firm_3,161,117.08,15.09,51,0,588,9044677.76,65144.44,68843.04,3698.6,588,3.95,0.4,False
711189,firm_3,162,122.93,15.09,51,0,588,9112263.01,68554.84,72282.84,3728.0,588,4.0,0.3,False
711189,firm_3,163,129.08,16.6,52,454,601,9123798.57,12898.76,18974.76,6076.0,147,4.0,0.2,False
711189,firm_3,164,122.63,17.43,53,919,613,9131951.02,9676.24,18149.24,8473.0,148,4.0,0.3,False
711189,firm_3,165,110.37,15.69,54,425,623,9247824.05,117220.29,123283.29,6063.0,1117,4.0,0.2,False
711189,firm_3,166,99.33,16.47,53,0,613,9346177.68,99226.54,103104.54,3878.0,1038,4.0,0.1,False
711189,firm_3,167,89.4,14.82,54,0,623,9396635.6,51758.2,55696.2,3938.0,623,4.0,0.1,False
711189,firm_3,168,80.46,15.56,53,0,608,9440552.2,45041.28,48919.68,3878.4,608,4.05,0.2,False
711189,firm_3,169,80.46,16.34,54,0,620,9485004.04,45934.2,49885.2,3951.0,620,4.05,0.3,False
711189,firm_3,170,80.46,17.16,55,0,636,9530685.0,47124.76,51172.56,4047.8,636,4.05,0.2,False
711189,firm_3,171,72.41,18.02,56,0,642,9571346.9,42371.02,46487.22,4116.2,642,4.1,0.1,False
711189,firm_3,172,76.03,18.02,57,0,654,9615353.98,45534.22,49723.62,4189.4,654,4.1,0.1,False
711189,firm_3,173,76.03,17.12,57,0,654,9659912.36,45534.22,49723.62,4189.4,654,4.1,0.1,False
711189,firm_3,174,83.63,16.26,58,0,662,9709361.04,51091.76,55363.06,4271.3,662,4.15,0.1,False
711189,firm_3,175,83.63,17.07,58,0,662,9759229.64,51058.66,55363.06,4304.4,662,4.2,0.1,False
711189,firm_3,176,83.63,16.22,59,0,673,9809583.05,51910.39,56282.99,4372.6,673,4.2,0.2,False
711189,firm_3,177,91.99,16.22,58,0,665,9865392.64,56850.35,61173.35,4323.0,665,4.2,0.3,False
711189,firm_3,178,82.79,17.03,59,0,677,9915205.45,51617.58,56048.83,4431.25,677,4.25,0.4,False
711189,firm_3,179,91.07,17.88,60,0,688,9971788.81,58156.16,62656.16,4500.0,688,4.25,0.4,False
711189,firm_3,180,81.96,17.88,61,0,700,10022995.13,52797.0,57372.0,4575.0,700,4.25,0.4,False
711189,firm_3,181,77.86,16.99,61,0,696,10071499.3,49640.56,54190.56,4550.0,696,4.25,0.5,False
711189,firm_3,182,85.65,17.84,61,0,700,10125791.06,55380.0,59955.0,4575.0,700,4.25,0.5,False
711189,firm_3,183,81.37,17.84,62,0,707,10177094.82,52909.84,57528.59,4618.75,707,4.25,0.5,False
711189,firm_3,184,89.51,16.95,62,0,707,10234473.39,58629.47,63283.57,4654.1,707,4.3,0.5,False
711189,firm_3,185,98.46,17.8,63,0,722,10299191.51,66339.52,71088.12,4748.6,722,4.3,0.4,False
711189,firm_3,186,103.38,17.8,64,0,734,10368272.33,71020.02,75880.92,4860.9,734,4.35,0.5,False
711189,firm_3,187,103.38,17.8,65,35,745,10434909.38,68294.05,73399.8,5105.75,710,4.35,0.4,False
711189,firm_3,188,98.21,17.8,64,0,734,10504432.77,70662.59,75523.49,4860.9,769,4.35,0.4,False
711189,firm_3,189,88.39,19.58,64,0,734,10563197.01,60017.36,64878.26,4860.9,734,4.35,0.3,False
711189,firm_3,190,83.97,18.6,65,0,741,10618467.38,57279.37,62221.77,4942.4,741,4.4,0.4,False
711189,firm_3,191,79.77,19.53,65,0,741,10671365.1,54167.17,59109.57,4942.4,741,4.4,0.3,False
711189,firm_3,192,79.77,17.58,66,0,752,10724579.06,54974.24,59987.04,5012.8,752,4.4,0.4,False
711189,firm_3,193,87.75,15.82,67,0,754,10783919.32,61100.2,66163.5,5063.3,754,4.45,0.3,False
711189,firm_3,194,87.75,14.24,67,0,754,10843727.74,61062.5,66163.5,5101.0,754,4.5,0.4,False
711189,firm_3,195,92.14,13.53,67,0,753,10907108.15,64286.92,69381.42,5094.5,753,4.5,0.4,False
711189,firm_3,196,101.35,12.85,68,0,765,10977856.35,72322.0,77532.75,5210.75,765,4.55,0.3,False
711189,firm_3,197,111.48,13.49,67,0,753,11055764.81,78812.29,83944.44,5132.15,753,4.55,0.2,False
711189,firm_3,198,117.05,14.16,68,492,772,11079120.73,25018.8,32774.0,7755.2,280,4.6,0.1,False
711189,firm_3,199,122.9,15.58,69,593,784,11152907.81,75562.1,83940.7,8378.6,683,4.65,0.1,False
711189,firm_3,200,110.61,17.14,68,0,772,11297391.14,145648.85,150982.65,5333.8,1365,4.65,0.1,False
711189,firm_3,201,121.67,18.85,68,523,775,11318562.68,22653.34,30660.84,8007.5,252,4.7,0.1,False
711189,firm_3,202,109.5,16.97,67,0,761,11452624.99,135299.3,140598.0,5298.7,1284,4.7,0.2,False
711189,firm_3,203,109.5,16.97,68,0,772,11530032.63,79161.6,84534.0,5372.4,772,4.7,0.3,False
711189,firm_3,204,109.5,16.12,67,0,761,11606983.39,78030.8,83329.5,5298.7,761,4.7,0.2,False
711189,firm_3,205,109.5,17.73,68,0,782,11685467.35,80189.6,85629.0,5439.4,782,4.7,0.2,False
711189,firm_3,206,120.45,17.73,69,684,785,11686929.93,3285.95,12165.45,8879.5,101,4.7,0.3,False
711189,firm_3,207,108.4,17.73,68,0,774,11838146.99,152622.7,158047.2,5424.5,1458,4.75,0.2,False
711189,firm_3,208,97.56,17.73,69,0,785,11907509.47,71085.85,76584.6,5498.75,785,4.75,0.1,False
711189,firm_3,209,87.8,18.62,69,0,785,11969409.69,63385.0,68923.0,5538.0,785,4.8,0.1,False
711189,firm_3,210,96.58,18.62,70,0,804,12039589.41,71983.12,77650.32,5667.2,804,4.8,0.1,False
711189,firm_3,211,91.75,17.69,71,0,807,12105947.72,68314.3,74042.25,5727.95,807,4.85,0.1,False
711189,firm_3,212,87.16,18.57,72,0,818,12169604.26,65493.58,71296.88,5803.3,818,4.85,0.1,False
711189,firm_3,213,91.52,18.57,73,0,829,12237498.63,69949.98,75870.08,5920.1,829,4.9,0.1,False
711189,firm_3,214,86.94,20.43,72,0,818,12301300.39,65272.72,71116.92,5844.2,818,4.9,0.1,False
711189,firm_3,215,95.63,22.47,71,0,807,12370869.78,71364.76,77173.41,5808.65,807,4.95,0.1,False
711189,firm_3,216,90.85,24.72,72,0,818,12437020.14,68430.2,74315.3,5885.1,818,4.95,0.1,False
711189,firm_3,217,86.31,23.48,71,0,807,12499196.58,63843.52,69652.17,5808.65,807,4.95,0.1,False
711189,firm_3,218,81.99,25.83,72,0,823,12558294.74,61557.92,67477.77,5919.85,823,4.95,0.2,False
711189,firm_3,219,90.19,24.54,71,0,812,12623702.68,67350.28,73234.28,5884.0,812,5.0,0.1,False
711189,firm_3,220,99.21,24.54,70,0,801,12695645.09,73660.21,79467.21,5807.0,801,5.0,0.1,False
711189,firm_3,221,109.13,26.99,71,0,812,12775717.76,82688.96,88613.56,5924.6,812,5.05,0.1,False
711189,firm_3,222,114.59,26.99,72,0,826,12861661.22,88586.74,94651.34,6064.6,826,5.1,0.1,False
711189,firm_3,223,120.32,28.34,72,0,820,12952261.14,92640.4,98662.4,6022.0,820,5.1,0.1,False
711189,firm_3,224,126.34,26.92,73,0,831,13048684.42,98888.44,104988.54,6100.1,831,5.1,0.1,False
711189,firm_3,225,113.71,25.57,73,0,831,13135210.72,88392.91,94493.01,6100.1,831,5.1,0.1,False
711189,firm_3,226,102.34,24.29,74,0,842,13212663.24,79949.98,86170.28,6220.3,842,5.15,0.1,False
711189,firm_3,227,112.57,24.29,74,0,840,13298976.58,88310.8,94558.8,6248.0,840,5.2,0.1,False
711189,firm_3,228,101.31,26.72,75,0,861,13377201.29,80828.71,87227.91,6399.2,861,5.2,0.2,False
711189,firm_3,229,106.38,25.38,75,0,861,13460248.72,85150.93,91593.18,6442.25,861,5.25,0.2,False
711189,firm_3,230,117.02,26.65,75,0,860,13552352.17,94202.2,100637.2,6435.0,860,5.25,0.3,False
711189,firm_3,231,111.17,25.32,76,0,862,13639063.79,89335.94,95828.54,6492.6,862,5.3,0.3,False
711189,firm_3,232,116.73,24.05,77,0,873,13731944.33,95332.39,101905.29,6572.9,873,5.3,0.4,False
711189,firm_3,233,110.89,22.85,78,0,884,13820791.39,91329.36,98026.76,6697.4,884,5.35,0.3,False
711189,firm_3,234,99.8,25.14,77,0,873,13899264.46,80508.85,87125.4,6616.55,873,5.35,0.4,False
711189,firm_3,235,94.81,25.14,78,0,884,13973818.18,77114.64,83812.04,6697.4,884,5.35,0.5,False
711189,firm_3,236,90.07,22.63,79,0,895,14045120.06,73789.65,80612.65,6823.0,895,5.4,0.5,False
711189,firm_3,237,85.57,22.63,80,0,906,14113431.68,70622.02,77526.42,6904.4,906,5.4,0.4,False
711189,firm_3,238,77.01,20.37,81,0,917,14174668.23,63586.52,70618.17,7031.65,917,5.45,0.4,False
711189,firm_3,239,69.31,22.41,81,0,917,14229132.79,56479.77,63557.27,7077.5,917,5.5,0.4,False
711189,firm_3,240,65.84,20.17,81,0,917,14280550.95,53251.93,60375.28,7123.35,917,5.55,0.4,False
711189,firm_3,241,59.26,19.16,81,0,918,14326022.87,47223.88,54400.68,7176.8,918,5.6,0.3,False
711189,firm_3,242,65.19,18.2,82,0,929,14377085.13,53254.66,60561.51,7306.85,929,5.65,0.2,False
711189,firm_3,243,58.67,18.2,81,0,918,14422001.39,46590.46,53859.06,7268.6,918,5.7,0.2,False
711189,firm_3,244,61.6,19.11,81,0,917,14469679.78,49226.3,56487.2,7260.9,917,5.7,0.1,False
711189,firm_3,245,67.76,18.15,80,0,905,14522036.83,54109.05,61322.8,7213.75,905,5.75,0.2,False
711189,firm_3,246,60.98,19.96,79,0,894,14567602.91,47342.92,54516.12,7173.2,894,5.8,0.1,False
711189,firm_3,247,54.88,21.96,80,0,906,14607800.59,42454.48,49721.28,7266.8,906,5.8,0.1,False
711189,firm_3,248,57.62,20.86,80,0,905,14650773.64,44841.85,52146.1,7304.25,905,5.85,0.1,False
711189,firm_3,249,63.38,21.9,79,0,894,14698142.66,49399.12,56661.72,7262.6,894,5.9,0.2,False
711189,firm_3,250,69.72,19.71,78,0,883,14750648.19,54342.91,61562.76,7219.85,883,5.95,0.3,False
711189,firm_3,251,66.23,17.74,77,0,871,14799500.54,50518.33,57686.33,7168.0,871,6.0,0.4,False
711189,firm_3,252,72.85,15.97,78,0,874,14854033.78,56478.9,63670.9,7192.0,874,6.0,0.4,False
711189,firm_3,253,76.49,15.97,78,0,874,14912248.38,59660.26,66852.26,7192.0,874,6.0,0.4,False
711189,firm_3,254,84.14,17.57,79,0,885,14977544.25,67183.9,74463.9,7280.0,885,6.0,0.4,False
711189,firm_3,255,92.55,15.81,80,0,896,15051136.25,75556.8,82924.8,7368.0,896,6.0,0.3,False
711189,firm_3,256,101.8,17.39,81,0,907,15133904.26,84876.6,92332.6,7456.0,907,6.0,0.2,False
711189,firm_3,257,96.71,16.52,82,0,929,15214061.21,82211.59,89843.59,7632.0,929,6.0,0.1,False
711189,firm_3,258,91.87,14.87,82,0,918,15289634.53,76792.66,84336.66,7544.0,918,6.0,0.1,False
711189,firm_3,259,101.06,13.38,83,0,925,15373804.49,85880.5,93480.5,7600.0,925,6.0,0.2,False
711189,firm_3,260,111.17,13.38,83,0,925,15467726.2,95232.25,102832.25,7600.0,925,6.0,0.2,False
711189,firm_3,261,116.73,13.38,83,0,925,15566890.91,100375.25,107975.25,7600.0,925,6.0,0.3,False
711189,firm_3,262,110.89,12.04,82,0,913,15659642.2,93738.57,101242.57,7504.0,913,6.0,0.3,False
711189,firm_3,263,110.89,10.84,83,0,925,15753015.73,94973.25,102573.25,7600.0,925,6.0,0.2,False
711189,firm_3,264,116.43,10.3,83,0,925,15852058.58,100097.75,107697.75,7600.0,925,6.0,0.2,False
711189,firm_3,265,110.61,10.0,83,0,924,15945640.22,94611.64,102203.64,7592.0,924,6.0,0.2,False
711189,firm_3,266,105.08,10.0,84,0,935,16034670.02,90569.8,98249.8,7680.0,935,6.0,0.1,False
711189,firm_3,267,115.59,10.0,85,0,946,16134900.16,101580.14,109348.14,7768.0,946,6.0,0.1,False
711189,firm_3,268,104.03,10.0,86,0,957,16225240.87,91700.71,99556.71,7856.0,957,6.0,0.1,False
711189,firm_3,269,98.83,10.0,85,0,946,16310116.05,85725.18,93493.18,7768.0,946,6.0,0.1,False
711189,firm_3,270,98.83,10.0,86,0,957,16395480.36,86724.31,94580.31,7856.0,957,6.0,0.1,False
711189,firm_3,271,103.77,10.0,86,0,957,16485872.25,91451.89,99307.89,7856.0,957,6.0,0.1,False
711189,firm_3,272,108.96,10.0,86,0,957,16581430.97,96418.72,104274.72,7856.0,957,6.0,0.1,False
711189,firm_3,273,98.06,10.0,87,0,968,16666839.05,86978.08,94922.08,7944.0,968,6.0,0.1,False
711189,firm_3,274,98.06,11.0,87,0,968,16752660.13,86978.08,94922.08,7944.0,968,6.0,0.1,False
711189,firm_3,275,93.16,10.45,86,0,957,16833059.55,81298.12,89154.12,7856.0,957,6.0,0.1,False
711189,firm_3,276,102.48,10.0,86,0,957,16922416.91,90217.36,98073.36,7856.0,957,6.0,0.1,False
711189,firm_3,277,112.73,10.5,85,0,946,17020198.99,98874.58,106642.58,7768.0,946,6.0,0.1,False
711189,firm_3,278,107.09,11.55,84,0,935,17111377.94,92449.15,100129.15,7680.0,935,6.0,0.2,False
711189,firm_3,279,117.8,12.13,84,0,935,17212722.02,102463.0,110143.0,7680.0,935,6.0,0.3,False
711189,firm_3,280,106.02,11.52,84,0,935,17303003.04,91448.7,99128.7,7680.0,935,6.0,0.3,False
711189,firm_3,281,116.62,11.52,85,0,946,17403978.36,102554.52,110322.52,7768.0,946,6.0,0.4,False
711189,firm_3,282,122.45,10.37,86,0,957,17511915.19,109328.65,117184.65,7856.0,957,6.0,0.4,False
711189,firm_3,283,116.33,11.41,87,0,968,17615085.96,104663.44,112607.44,7944.0,968,6.0,0.3,False
711189,firm_3,284,127.96,10.27,88,0,979,17730923.04,117240.84,125272.84,8032.0,979,6.0,0.2,False
711189,firm_3,285,121.56,11.3,89,0,990,17841641.74,112224.4,120344.4,8120.0,990,6.0,0.2,False
711189,firm_3,286,109.4,10.17,90,0,1001,17941527.84,101301.4,109509.4,8208.0,1001,6.0,0.2,False
711189,firm_3,287,120.34,10.0,90,0,1001,18052680.18,112252.34,120460.34,8208.0,1001,6.0,0.2,False
711189,firm_3,288,132.37,10.5,91,0,1012,18176687.12,125662.44,133958.44,8296.0,1012,6.0,0.1,False
711189,firm_3,289,145.61,11.02,91,0,1011,18314408.01,138923.71,147211.71,8288.0,1011,6.0,0.1,False
711189,firm_3,290,145.61,11.02,91,0,1011,18452128.9,138923.71,147211.71,8288.0,1011,6.0,0.1,False
711189,firm_3,291,138.33,11.02,90,0,1000,18581167.1,130130.0,138330.0,8200.0,1000,6.0,0.2,False
711189,firm_3,292,131.41,12.12,91,0,1011,18704031.69,124567.51,132855.51,8288.0,1011,6.0,0.3,False
711189,firm_3,293,124.84,12.12,92,0,1033,18822812.37,120495.72,128959.72,8464.0,1033,6.0,0.4,False
711189,firm_3,294,137.32,11.51,91,0,1011,18952107.48,130542.52,138830.52,8288.0,1011,6.0,0.3,False
711189,firm_3,295,137.32,10.36,90,0,1000,19080295.08,129120.0,137320.0,8200.0,1000,6.0,0.3,False
711189,firm_3,296,151.05,10.0,90,0,1000,19222045.08,142850.0,151050.0,8200.0,1000,6.0,0.3,False
711189,firm_3,297,166.16,10.0,91,0,1011,19380234.84,159699.76,167987.76,8288.0,1011,6.0,0.4,False
711189,firm_3,298,182.78,10.0,92,1022,1022,19365128.84,-13486.0,0.0,13486.0,0,6.0,0.3,False
711189,firm_3,299,182.78,11.0,93,1299,1033,19486828.52,123222.68,138181.68,14959.0,756,6.0,0.2,False
711189,firm_3,300,164.5,11.0,94,0,1055,19863587.52,378593.0,387233.0,8640.0,2354,6.0,0.3,False
711189,firm_3,301,172.72,12.1,94,37,1055,20029454.08,167003.96,175828.96,8825.0,1018,6.0,0.2,False
711189,firm_3,302,164.08,10.89,93,0,1033,20195542.91,167101.6,175565.6,8464.0,1070,6.0,0.1,False
711189,firm_3,303,180.49,10.89,93,0,1033,20372512.31,177982.17,186446.17,8464.0,1033,6.0,0.1,False
711189,firm_3,304,189.51,10.89,93,0,1033,20558599.37,187299.83,195763.83,8464.0,1033,6.0,0.1,False
711189,firm_3,305,198.99,10.35,94,1043,1043,20543367.47,-13759.0,0.0,13759.0,0,6.0,0.1,False
711189,firm_3,306,179.09,10.35,95,1947,1054,20550180.72,8496.5,26863.5,18367.0,150,6.0,0.1,False
711189,firm_3,307,197.0,10.0,95,3001,1054,20525393.72,-23637.0,0.0,23637.0,0,6.0,0.1,False
711189,firm_3,308,177.3,10.0,94,3572,1043,20581535.32,57281.6,83685.6,26404.0,472,6.0,0.1,False
711189,firm_3,309,159.57,11.0,93,2972,1042,20819130.26,238617.94,262013.94,23396.0,1642,6.0,0.1,False
711189,firm_3,310,143.61,11.0,94,0,1053,21386802.51,569406.25,578030.25,8624.0,4025,6.0,0.1,False
711189,firm_3,311,136.43,10.0,94,0,1042,21519286.57,133624.06,142160.06,8536.0,1042,6.0,0.1,False
711189,firm_3,312,136.43,10.0,94,0,1053,21653183.36,135036.79,143660.79,8624.0,1053,6.0,0.1,False
711189,firm_3,313,136.43,10.5,93,0,1041,21785702.49,133495.63,142023.63,8528.0,1041,6.0,0.1,False
711189,firm_3,314,150.07,11.02,92,0,1030,21930820.75,146132.1,154572.1,8440.0,1030,6.0,0.1,False
711189,firm_3,315,165.08,10.47,91,1019,1019,21916420.98,-13447.0,0.0,13447.0,0,6.0,0.1,False
711189,firm_3,316,148.57,10.99,91,1421,1018,21991391.01,76070.12,91519.12,15449.0,616,6.0,0.2,False
711189,firm_3,317,163.43,11.54,92,2450,1029,21968947.33,-20682.0,0.0,20682.0,0,6.0,0.2,False
711189,firm_3,318,155.26,11.54,93,2555,1040,22091247.21,123873.1,145168.1,21295.0,935,6.0,0.1,False
711189,firm_3,319,139.73,11.54,93,0,1040,22583983.34,493809.35,502329.35,8520.0,3595,6.0,0.1,False
711189,firm_3,320,132.74,10.39,93,0,1040,22712346.67,129529.6,138049.6,8520.0,1040,6.0,0.1,False
711189,firm_3,321,139.38,11.43,94,0,1051,22848652.63,137880.38,146488.38,8608.0,1051,6.0,0.1,False
711189,firm_3,322,153.32,12.0,94,916,1051,22854834.83,7510.2,20698.2,13188.0,135,6.0,0.1,False
711189,firm_3,323,137.99,12.0,94,0,1051,23116525.16,262818.33,271426.33,8608.0,1967,6.0,0.1,False
711189,firm_3,324,151.79,12.0,95,227,1062,23231498.81,116913.65,126744.65,9831.0,835,6.0,0.2,False
711189,firm_3,325,159.38,11.4,95,0,1051,23425295.45,195079.64,203687.64,8608.0,1278,6.0,0.1,False
711189,firm_3,326,159.38,10.26,96,772,1061,23457323.31,33512.82,46060.82,12548.0,289,6.0,0.1,False
711189,firm_3,327,143.44,10.77,96,0,1073,23711952.19,255862.8,264646.8,8784.0,1845,6.0,0.1,False
711189,firm_3,328,143.44,10.0,97,0,1084,23856899.15,146616.96,155488.96,8872.0,1084,6.0,0.1,False
711189,firm_3,329,129.1,10.5,96,0,1078,23986136.95,130345.8,139169.8,8824.0,1078,6.0,0.2,False
711189,firm_3,330,142.01,10.0,95,0,1062,24127305.57,142118.62,150814.62,8696.0,1062,6.0,0.2,False
711189,firm_3,331,156.21,10.0,96,0,1073,24284474.9,158829.33,167613.33,8784.0,1073,6.0,0.2,False
711189,firm_3,332,171.83,10.0,96,1017,1067,24278085.4,-5229.5,8591.5,13821.0,50,6.0,0.1,False
711189,firm_3,333,171.83,10.0,95,1965,1056,24276920.04,84.64,18557.64,18473.0,108,6.0,0.2,False
711189,firm_3,334,154.65,10.0,96,386,1066,24673851.29,398391.25,409049.25,10658.0,2645,6.0,0.1,False
711189,firm_3,335,146.92,10.0,97,220,1077,24844886.85,172705.56,182621.56,9916.0,1243,6.0,0.1,False
711189,firm_3,336,161.61,10.5,96,626,1066,24938683.45,94804.6,106662.6,11858.0,660,6.0,0.1,False
711189,firm_3,337,145.45,11.02,96,0,1077,25176210.88,238885.35,247701.35,8816.0,1703,6.0,0.2,False
711189,firm_3,338,152.72,10.47,96,0,1071,25330000.88,154795.12,163563.12,8768.0,1071,6.0,0.2,False
711189,firm_3,339,145.08,10.0,96,0,1077,25476276.04,147435.16,156251.16,8816.0,1077,6.0,0.1,False
711189,firm_3,340,159.59,10.0,96,0,1071,25637268.93,162152.89,170920.89,8768.0,1071,6.0,0.1,False
711189,firm_3,341,143.63,10.5,95,0,1054,25778825.45,142754.02,151386.02,8632.0,1054,6.0,0.1,False
711189,firm_3,342,157.99,10.0,94,0,1043,25933925.02,156239.57,164783.57,8544.0,1043,6.0,0.1,False
711189,firm_3,343,173.79,11.0,94,276,1054,26057787.64,125196.62,135208.62,10012.0,778,6.0,0.2,False
711189,firm_3,344,165.1,11.0,95,260,1059,26223753.14,167510.5,177482.5,9972.0,1075,6.0,0.2,False
711189,firm_3,345,181.61,11.55,94,718,1053,26318311.39,95843.95,108057.95,12214.0,595,6.0,0.1,False
711189,firm_3,346,163.45,10.97,94,0,1053,26598026.16,280845.95,289469.95,8624.0,1771,6.0,0.2,False
711189,firm_3,347,155.28,10.0,94,0,1047,26751088.32,154002.16,162578.16,8576.0,1047,6.0,0.2,False
711189,firm_3,348,170.81,10.0,95,0,1058,26921391.3,172052.98,180716.98,8664.0,1058,6.0,0.3,False
711189,firm_3,349,187.89,10.0,96,1011,1057,26914863.24,-5068.06,8642.94,13711.0,46,6.0,0.3,False
711189,firm_3,350,197.28,11.0,95,2069,1058,26894609.24,-19009.0,0.0,19009.0,0,6.0,0.3,False
711189,firm_3,351,187.42,10.45,96,3138,1069,26868464.04,-24442.0,0.0,24442.0,0,6.0,0.3,False
711189,firm_3,352,187.42,10.45,95,3929,1046,26887050.39,19579.1,47792.1,28213.0,255,6.0,0.2,False
711189,firm_3,353,178.05,10.0,95,4156,1049,27002885.49,116985.1,146357.1,29372.0,822,6.0,0.1,False
711189,firm_3,354,160.24,10.5,94,3216,1038,27294269.21,292370.72,316954.72,24584.0,1978,6.0,0.1,False
711189,firm_3,355,144.22,10.0,95,1612,1056,27659536.41,366917.2,383625.2,16708.0,2660,6.0,0.1,False
711189,firm_3,356,137.01,10.0,96,0,1078,28017809.31,359732.9,368556.9,8824.0,2690,6.0,0.1,False
711189,firm_3,357,123.31,10.0,95,0,1049,28137619.5,120760.19,129352.19,8592.0,1049,6.0,0.1,False
711189,firm_3,358,117.14,10.0,96,0,1078,28253612.42,117452.92,126276.92,8824.0,1078,6.0,0.1,False
711189,firm_3,359,128.85,11.0,97,0,1090,28383571.92,131526.5,140446.5,8920.0,1090,6.0,0.1,False
711189,firm_3,360,141.74,10.0,96,0,1067,28525112.5,142500.58,151236.58,8736.0,1067,6.0,0.1,False
711189,firm_3,361,155.91,10.0,97,0,1078,28682689.48,159246.98,168070.98,8824.0,1078,6.0,0.1,False
711189,firm_3,362,140.32,10.0,96,0,1059,28821656.36,139926.88,148598.88,8672.0,1059,6.0,0.1,False
711189,firm_3,363,154.35,10.0,96,0,1067,28976651.81,155955.45,164691.45,8736.0,1067,6.0,0.1,False
711189,firm_3,364,138.92,10.0,95,0,1048,29112405.97,137004.16,145588.16,8584.0,1048,6.0,0.2,False
711189,firm_3,365,152.81,10.0,95,0,1067,29265768.24,154312.27,163048.27,8736.0,1067,6.0,0.2,False
711189,firm_4,1,66.15,20.64,19,0,217,108892.11,13657.62,14354.55,696.93,217,0.29,0.29,False
711189,firm_4,2,69.46,22.7,18,0,206,121810.23,13626.72,14308.76,682.04,206,0.34,0.39,False
711189,firm_4,3,69.46,24.97,18,0,207,135054.61,13693.84,14378.22,684.38,207,0.34,0.29,False
711189,firm_4,4,69.46,27.47,18,0,207,147943.64,13683.49,14378.22,694.73,207,0.39,0.39,False
711189,firm_4,5,69.46,28.84,17,0,196,160089.28,12935.92,13614.16,678.24,196,0.44,0.49,False
711189,firm_4,6,62.51,27.4,16,0,184,170194.56,10843.68,11501.84,658.16,184,0.49,0.59,False
711189,firm_4,7,65.64,30.14,15,0,172,180195.66,10653.2,11290.08,636.88,172,0.54,0.59,False
711189,firm_4,8,68.92,33.15,15,0,173,190982.15,11283.74,11923.16,639.42,173,0.54,0.49,False
711189,firm_4,9,62.03,36.47,15,0,173,200218.22,10083.12,10731.19,648.07,173,0.59,0.59,False
711189,firm_4,10,68.23,40.12,15,0,174,210529.08,11212.66,11872.02,659.36,174,0.64,0.69,False
711189,firm_4,11,75.05,38.11,16,0,186,222478.28,13258.96,13959.3,700.34,186,0.69,0.69,False
711189,firm_4,12,82.56,41.92,15,0,174,235546.86,13697.38,14365.44,668.06,174,0.69,0.69,False
711189,firm_4,13,86.69,39.82,16,0,186,249624.44,15414.7,16124.34,709.64,186,0.74,0.59,False
711189,firm_4,14,91.02,43.8,16,0,186,265143.72,16220.08,16929.72,709.64,186,0.74,0.59,False
711189,firm_4,15,100.12,43.8,16,0,186,282046.3,17903.38,18622.32,718.94,186,0.79,0.69,False
711189,firm_4,16,105.13,39.42,16,0,185,299939.23,18723.65,19449.05,725.4,185,0.84,0.59,False
711189,firm_4,17,110.39,35.48,15,0,173,317813.18,18406.15,19097.47,691.32,173,0.84,0.49,False
711189,firm_4,18,115.91,35.48,16,0,185,337254.2,20708.7,21443.35,734.65,185,0.89,0.49,False
711189,firm_4,19,121.71,35.48,17,0,197,359148.73,23197.69,23976.87,779.18,197,0.94,0.49,False
711189,firm_4,20,109.54,33.71,17,0,196,379059.46,20683.8,21469.84,786.04,196,0.99,0.39,False
711189,firm_4,21,120.49,37.08,18,0,208,401921.62,24229.6,25061.92,832.32,208,1.04,0.29,False
711189,firm_4,22,126.51,38.93,17,0,197,425383.4,24123.59,24922.47,798.88,197,1.04,0.29,False
711189,firm_4,23,132.84,38.93,17,0,197,449882.34,25360.75,26169.48,808.73,197,1.09,0.29,False
711189,firm_4,24,132.84,40.88,18,0,209,475564.25,26917.75,27763.56,845.81,209,1.09,0.29,False
711189,firm_4,25,146.12,44.97,19,0,221,505619.45,31409.63,32292.52,882.89,221,1.09,0.19,False
711189,firm_4,26,131.51,40.47,20,0,231,533675.07,29465.02,30378.81,913.79,231,1.09,0.29,False
711189,firm_4,27,144.66,40.47,19,0,220,563540.54,30934.4,31825.2,890.8,220,1.14,0.39,False
711189,firm_4,28,159.13,36.42,19,0,220,596655.36,34106.8,35008.6,901.8,220,1.19,0.49,False
711189,firm_4,29,143.22,32.78,19,0,220,626539.14,30606.6,31508.4,901.8,220,1.19,0.59,False
711189,firm_4,30,136.06,31.14,20,0,230,655464.94,30348.6,31293.8,945.2,230,1.24,0.69,False
711189,firm_4,31,129.26,31.14,19,0,220,682186.68,27513.4,28437.2,923.8,220,1.29,0.69,False
711189,firm_4,32,135.72,28.03,19,0,219,710245.33,28791.22,29722.68,931.46,219,1.34,0.69,False
711189,firm_4,33,122.15,26.63,19,0,218,735229.04,25689.68,26628.7,939.02,218,1.39,0.69,False
711189,firm_4,34,128.26,29.29,20,0,231,762788.21,28644.97,29628.06,983.09,231,1.39,0.59,False
711189,firm_4,35,141.09,29.29,19,0,220,792114.7,30083.0,31039.8,956.8,220,1.44,0.59,False
711189,firm_4,36,126.98,27.83,19,0,220,818564.73,26978.8,27935.6,956.8,220,1.44,0.59,False
711189,firm_4,37,120.63,26.44,20,0,231,844195.27,26859.34,27865.53,1006.19,231,1.49,0.49,False
711189,firm_4,38,114.6,27.76,19,0,220,867701.03,24233.2,25212.0,978.8,220,1.54,0.49,False
711189,firm_4,39,103.14,27.76,20,0,231,889241.88,22796.05,23825.34,1029.29,231,1.59,0.39,False
711189,firm_4,40,108.3,26.37,19,0,220,911366.05,22825.2,23826.0,1000.8,220,1.64,0.29,False
711189,firm_4,41,102.88,26.37,20,0,231,932851.54,22712.89,23765.28,1052.39,231,1.69,0.29,False
711189,firm_4,42,113.17,29.01,19,0,220,955974.95,23874.6,24897.4,1022.8,220,1.74,0.19,False
711189,firm_4,43,124.49,31.91,19,0,221,981643.36,26474.7,27512.29,1037.59,221,1.79,0.19,False
711189,firm_4,44,130.71,31.91,18,0,209,1007295.26,26326.28,27318.39,992.11,209,1.79,0.29,False
711189,firm_4,45,137.25,35.1,17,0,197,1032480.33,26081.77,27038.25,956.48,197,1.84,0.39,False
711189,firm_4,46,150.98,36.86,17,0,197,1060540.29,28786.58,29743.06,956.48,197,1.84,0.49,False
711189,firm_4,47,158.53,33.17,17,0,197,1090040.48,30264.08,31230.41,966.33,197,1.89,0.49,False
711189,firm_4,48,166.46,33.17,16,0,186,1119547.78,30038.02,30961.56,923.54,186,1.89,0.39,False
711189,firm_4,49,183.11,36.49,15,0,174,1149676.01,30975.58,31861.14,885.56,174,1.94,0.49,False
711189,firm_4,50,183.11,32.84,15,0,174,1180158.99,30975.58,31861.14,885.56,174,1.94,0.49,False
711189,firm_4,51,183.11,31.2,15,0,174,1210457.87,30966.88,31861.14,894.26,174,1.99,0.49,False
711189,firm_4,52,164.8,34.32,14,0,162,1235620.51,25843.12,26697.6,854.48,162,2.04,0.49,False
711189,firm_4,53,173.04,36.04,15,0,174,1263685.91,29206.0,30108.96,902.96,174,2.04,0.59,False
711189,firm_4,54,155.74,39.64,16,0,186,1290358.57,28006.9,28967.64,960.74,186,2.09,0.49,False
711189,firm_4,55,171.31,37.66,16,0,186,1320449.63,30893.62,31863.66,970.04,186,2.14,0.39,False
711189,firm_4,56,188.44,37.66,17,0,197,1355416.51,36107.1,37122.68,1015.58,197,2.14,0.39,False
711189,firm_4,57,179.02,35.78,17,0,197,1388959.61,34251.36,35266.94,1015.58,197,2.14,0.49,False
711189,firm_4,58,170.07,39.36,18,0,209,1421920.05,34468.92,35544.63,1075.71,209,2.19,0.59,False
711189,firm_4,59,178.57,37.39,19,0,221,1459047.62,38337.98,39463.97,1125.99,221,2.19,0.49,False
711189,firm_4,60,187.5,33.65,20,0,232,1499990.94,42316.32,43500.0,1183.68,232,2.24,0.39,False
711189,firm_4,61,187.5,37.02,21,0,244,1543228.96,44515.44,45750.0,1234.56,244,2.24,0.39,False
711189,firm_4,62,196.88,40.72,20,0,232,1586695.44,44480.88,45676.16,1195.28,232,2.29,0.39,False
711189,firm_4,63,216.57,40.72,21,0,244,1636936.64,51596.32,52843.08,1246.76,244,2.29,0.39,False
711189,firm_4,64,194.91,44.79,21,0,244,1682307.33,46311.28,47558.04,1246.76,244,2.29,0.29,False
711189,firm_4,65,204.66,40.31,21,0,244,1729938.9,48678.08,49937.04,1258.96,244,2.34,0.19,False
711189,firm_4,66,194.43,44.34,22,0,256,1776613.66,48450.24,49774.08,1323.84,256,2.39,0.29,False
711189,firm_4,67,194.43,46.56,23,0,267,1825483.46,50540.68,51912.81,1372.13,267,2.39,0.39,False
711189,firm_4,68,204.15,46.56,24,0,279,1879299.06,55533.04,56957.85,1424.81,279,2.39,0.49,False
711189,firm_4,69,193.94,46.56,24,0,279,1930652.12,52670.5,54109.26,1438.76,279,2.44,0.49,False
711189,firm_4,70,174.55,48.89,25,0,291,1978017.33,49287.46,50794.05,1506.59,291,2.49,0.49,False
711189,firm_4,71,192.01,46.45,24,0,279,2028806.66,52104.13,53570.79,1466.66,279,2.54,0.49,False
711189,firm_4,72,192.01,41.81,25,245,291,2033133.18,6071.77,8832.46,2760.69,46,2.59,0.49,False
711189,firm_4,73,172.81,39.72,25,0,291,2123016.1,91075.92,92626.16,1550.24,536,2.64,0.39,False
711189,firm_4,74,155.53,43.69,24,0,279,2163551.9,41884.36,43392.87,1508.51,279,2.69,0.49,False
711189,firm_4,75,139.98,41.51,25,0,291,2200968.99,39154.84,40734.18,1579.34,291,2.74,0.49,False
711189,firm_4,76,146.98,43.59,25,12,291,2239147.32,39368.08,41007.42,1639.34,279,2.74,0.59,False
711189,firm_4,77,132.28,41.41,26,0,302,2277260.0,39889.34,41535.92,1646.58,314,2.79,0.49,False
711189,firm_4,78,132.28,39.34,25,0,291,2312961.54,36885.04,38493.48,1608.44,291,2.84,0.39,False
711189,firm_4,79,132.28,43.27,25,0,291,2348450.28,36870.49,38493.48,1622.99,291,2.89,0.49,False
711189,firm_4,80,138.89,43.27,24,0,279,2384383.85,37172.05,38750.31,1578.26,279,2.94,0.39,False
711189,firm_4,81,145.83,38.94,24,10,279,2420835.35,37586.06,39228.27,1642.21,269,2.99,0.39,False
711189,firm_4,82,138.54,42.83,25,0,291,2459313.05,40048.45,41700.54,1652.09,301,2.99,0.29,False
711189,firm_4,83,124.69,38.55,24,0,279,2491270.2,33182.35,34788.51,1606.16,279,3.04,0.39,False
711189,firm_4,84,124.69,42.4,24,0,279,2523221.0,33168.4,34788.51,1620.11,279,3.09,0.39,False
711189,firm_4,85,137.16,46.64,24,0,279,2558535.22,36633.58,38267.64,1634.06,279,3.14,0.39,False
711189,firm_4,86,150.88,41.98,24,278,279,2554554.52,-2873.18,150.88,3024.06,1,3.14,0.49,False
711189,firm_4,87,150.88,39.88,24,529,279,2553329.03,-68.37,4224.64,4293.01,28,3.19,0.39,False
711189,firm_4,88,150.88,39.88,23,408,267,2607327.5,54915.71,58541.44,3625.73,388,3.19,0.39,False
711189,firm_4,89,135.79,37.89,24,26,279,2693797.32,87979.18,89757.19,1778.01,661,3.19,0.49,False
711189,firm_4,90,129.0,34.1,23,0,267,2729124.29,36211.27,37797.0,1585.73,293,3.19,0.59,False
711189,firm_4,91,141.9,30.69,23,0,266,2764369.98,36151.56,37745.4,1593.84,266,3.24,0.49,False
711189,firm_4,92,127.71,29.16,22,0,255,2794445.56,31017.1,32566.05,1548.95,255,3.29,0.59,False
711189,firm_4,93,134.1,29.16,22,0,254,2826109.08,32505.04,34061.4,1556.36,254,3.34,0.49,False
711189,firm_4,94,134.1,32.08,21,0,244,2856652.84,31217.44,32720.4,1502.96,244,3.34,0.39,False
711189,firm_4,95,147.51,30.48,20,0,232,2888826.68,32783.44,34222.32,1438.88,232,3.34,0.39,False
711189,firm_4,96,154.89,32.0,21,0,244,2923844.88,36290.2,37793.16,1502.96,244,3.34,0.49,False
711189,firm_4,97,162.63,28.8,20,229,232,2920961.29,-2107.59,487.89,2595.48,3,3.39,0.49,False
711189,firm_4,98,154.5,27.36,21,336,244,2937758.07,17971.34,21166.5,3195.16,137,3.39,0.59,False
711189,firm_4,99,146.78,27.36,20,72,232,3008103.27,70992.4,72802.88,1810.48,496,3.39,0.69,False
711189,firm_4,100,139.44,25.99,21,0,244,3049393.16,42535.68,44063.04,1527.36,316,3.44,0.59,False
711189,firm_4,101,146.41,23.39,22,0,256,3084266.9,35888.32,37480.96,1592.64,256,3.44,0.49,False
711189,firm_4,102,146.41,22.22,21,0,244,3117784.76,34184.48,35724.04,1539.56,244,3.49,0.49,False
711189,firm_4,103,139.09,20.0,22,140,253,3130060.31,13415.55,15717.17,2301.62,113,3.54,0.39,False
711189,firm_4,104,146.04,22.0,23,401,267,3126033.02,-2821.29,876.24,3697.53,6,3.59,0.29,False
711189,firm_4,105,146.04,19.8,22,655,254,3120489.86,-4907.56,0.0,4907.56,0,3.64,0.19,False
711189,firm_4,106,138.74,20.79,22,909,254,3113542.22,-6190.26,0.0,6190.26,0,3.69,0.29,False
711189,firm_4,107,131.8,20.79,22,1162,253,3105635.27,-7449.57,0.0,7449.57,0,3.69,0.29,False
711189,firm_4,108,118.62,18.71,22,885,253,3161927.68,56804.03,62868.6,6064.57,530,3.69,0.39,False
711189,firm_4,109,112.69,17.77,21,320,242,3249218.36,87763.85,90940.83,3176.98,807,3.69,0.49,False
711189,firm_4,110,101.42,17.77,21,0,241,3304170.52,55325.33,56896.62,1571.29,561,3.69,0.39,False
711189,firm_4,111,111.56,17.77,20,0,230,3327753.72,24138.6,25658.8,1520.2,230,3.74,0.29,False
711189,firm_4,112,105.98,16.88,19,0,219,3349185.56,21752.56,23209.62,1457.06,219,3.74,0.19,False
711189,firm_4,113,105.98,18.57,20,0,230,3371069.36,22855.2,24375.4,1520.2,230,3.74,0.29,False
711189,firm_4,114,116.58,17.64,20,0,230,3395798.26,25281.7,26813.4,1531.7,230,3.79,0.29,False
711189,firm_4,115,110.75,19.4,20,0,231,3419244.47,24034.21,25583.25,1549.04,231,3.84,0.29,False
711189,firm_4,116,121.82,18.43,21,242,243,3415437.99,-2719.45,121.82,2841.27,1,3.89,0.29,False
711189,firm_4,117,115.73,19.35,21,165,243,3449608.97,34577.33,37033.6,2456.27,320,3.89,0.29,False
711189,firm_4,118,115.73,21.29,20,40,231,3488410.91,39427.74,41199.88,1772.14,356,3.94,0.19,False
711189,firm_4,119,115.73,20.23,20,0,232,3517595.19,29888.88,31478.56,1589.68,272,3.99,0.29,False
711189,firm_4,120,104.16,19.22,20,0,232,3539574.63,22563.84,24165.12,1601.28,232,4.04,0.19,False
711189,firm_4,121,104.16,19.22,21,0,243,3562102.02,23631.01,25310.88,1679.87,243,4.09,0.19,False
711189,firm_4,122,114.58,18.26,20,0,231,3586598.01,24861.19,26467.98,1606.79,231,4.09,0.19,False
711189,firm_4,123,103.12,17.35,21,0,243,3608899.8,23366.14,25058.16,1692.02,243,4.14,0.1,False
711189,firm_4,124,92.81,16.48,20,0,231,3628179.42,19809.22,21439.11,1629.89,231,4.19,0.1,False
711189,firm_4,125,83.53,18.13,20,0,231,3645270.81,17653.99,19295.43,1641.44,231,4.24,0.1,False
711189,firm_4,126,91.88,17.22,20,0,231,3664409.25,19582.84,21224.28,1641.44,231,4.24,0.2,False
711189,firm_4,127,91.88,16.36,20,0,231,3683664.89,19582.84,21224.28,1641.44,231,4.24,0.1,False
711189,firm_4,128,87.29,17.18,20,0,231,3701632.29,18511.0,20163.99,1652.99,231,4.29,0.1,False
711189,firm_4,129,78.56,16.32,21,0,243,3717839.03,17349.46,19090.08,1740.62,243,4.34,0.2,False
711189,firm_4,130,86.42,15.5,22,0,254,3736925.65,20127.62,21950.68,1823.06,254,4.39,0.1,False
711189,firm_4,131,86.42,17.05,22,0,254,3756678.17,20127.62,21950.68,1823.06,254,4.39,0.1,False
711189,firm_4,132,95.06,17.05,23,0,266,3778858.94,23372.92,25285.96,1913.04,266,4.44,0.2,False
711189,firm_4,133,104.57,16.2,22,0,254,3803127.56,24725.02,26560.78,1835.76,254,4.44,0.3,False
711189,firm_4,134,115.03,16.2,21,58,243,3821700.84,19213.48,21280.55,2067.07,185,4.49,0.4,False
711189,firm_4,135,120.78,17.01,20,108,231,3840771.08,19610.44,21861.18,2250.74,181,4.54,0.3,False
711189,firm_4,136,114.74,16.16,20,0,231,3877422.45,37174.57,38896.86,1722.29,339,4.59,0.2,False
711189,firm_4,137,126.21,17.78,20,45,231,3898594.62,21527.77,23475.06,1947.29,186,4.59,0.2,False
711189,firm_4,138,113.59,18.67,21,0,243,3928402.95,30900.4,32713.92,1813.52,288,4.64,0.1,False
711189,firm_4,139,124.95,17.74,22,0,254,3957363.41,29850.74,31737.3,1886.56,254,4.64,0.1,False
711189,firm_4,140,118.7,18.63,21,0,242,3983678.6,26906.42,28725.4,1818.98,242,4.69,0.1,False
711189,firm_4,141,130.57,17.7,20,107,231,3997234.89,13910.29,16190.68,2280.39,124,4.69,0.1,False
711189,firm_4,142,117.51,16.81,21,72,242,4026753.17,30371.29,32550.27,2178.98,277,4.69,0.1,False
711189,firm_4,143,129.26,15.97,22,325,253,4022171.61,-3530.22,0.0,3530.22,0,4.74,0.1,False
711189,firm_4,144,122.8,17.57,21,243,242,4058331.66,36729.02,39787.2,3058.18,324,4.79,0.1,False
711189,firm_4,145,135.08,17.57,21,481,242,4054042.73,-3719.96,540.32,4260.28,4,4.84,0.1,False
711189,firm_4,146,148.59,19.33,22,735,254,4047192.41,-5625.06,0.0,5625.06,0,4.89,0.2,False
711189,firm_4,147,148.59,17.4,21,958,242,4042992.84,-3834.17,2823.21,6657.38,19,4.89,0.2,False
711189,firm_4,148,133.73,18.27,21,1119,242,4045766.82,3357.65,10832.13,7474.48,81,4.94,0.1,False
711189,firm_4,149,127.04,18.27,21,109,242,4201700.65,156617.5,159054.08,2436.58,1252,4.99,0.2,False
711189,firm_4,150,114.34,17.36,20,0,231,4238202.81,37049.36,38875.6,1826.24,340,5.04,0.2,False
711189,firm_4,151,120.06,15.62,20,0,229,4263360.54,25670.13,27493.74,1823.61,229,5.09,0.1,False
711189,firm_4,152,114.06,14.06,20,0,228,4287057.1,24177.76,26005.68,1827.92,228,5.14,0.1,False
711189,firm_4,153,125.47,12.65,20,0,228,4313371.94,26767.84,28607.16,1839.32,228,5.19,0.1,False
711189,firm_4,154,138.02,13.92,19,0,218,4341217.5,28310.04,30088.36,1778.32,218,5.24,0.1,False
711189,firm_4,155,151.82,15.31,19,0,217,4371889.62,31163.01,32944.94,1781.93,217,5.29,0.1,False
711189,firm_4,156,151.82,13.78,20,0,229,4403699.94,32885.92,34766.78,1880.86,229,5.34,0.2,False
711189,firm_4,157,144.23,15.16,21,0,243,4435945.85,33064.27,35047.89,1983.62,243,5.34,0.1,False
711189,firm_4,158,158.65,13.64,22,125,253,4452670.95,17625.18,20307.2,2682.02,128,5.34,0.2,False
711189,firm_4,159,142.78,14.32,22,0,253,4504057.08,51901.17,53970.84,2069.67,378,5.39,0.1,False
711189,firm_4,160,128.5,15.75,23,0,266,4534996.79,32001.96,34181.0,2179.04,266,5.44,0.1,False
711189,firm_4,161,141.35,17.33,24,0,278,4570893.95,37013.08,39295.3,2282.22,278,5.49,0.1,False
711189,firm_4,162,134.28,16.46,25,0,289,4606210.31,36427.86,38806.92,2379.06,289,5.54,0.1,False
711189,firm_4,163,140.99,15.64,25,0,288,4643838.51,38219.2,40605.12,2385.92,288,5.59,0.1,False
711189,firm_4,164,155.09,17.2,25,288,288,4639368.19,-3840.32,0.0,3840.32,0,5.64,0.1,False
711189,firm_4,165,155.09,17.2,25,577,289,4633430.78,-5307.41,0.0,5307.41,0,5.69,0.1,False
711189,firm_4,166,147.34,16.34,25,813,288,4633989.84,1167.56,7661.68,6494.12,52,5.74,0.1,False
711189,firm_4,167,139.97,15.52,26,924,301,4652315.83,19429.51,26594.3,7164.79,190,5.79,0.1,False
711189,firm_4,168,139.97,13.97,26,1097,295,4660945.9,9093.29,17076.34,7983.05,122,5.79,0.2,False
711189,firm_4,169,125.97,15.37,27,420,306,4778960.38,119129.47,123828.51,4699.04,983,5.84,0.2,False
711189,firm_4,170,119.67,14.6,26,0,295,4861632.03,83051.25,85564.05,2512.8,715,5.84,0.2,False
711189,firm_4,171,113.69,13.87,27,0,306,4892732.34,32174.8,34789.14,2614.34,306,5.89,0.2,False
711189,firm_4,172,108.01,13.87,27,0,306,4922794.57,30436.72,33051.06,2614.34,306,5.89,0.2,False
711189,firm_4,173,118.81,14.56,26,0,295,4954622.66,32506.65,35048.95,2542.3,295,5.94,0.3,False
711189,firm_4,174,118.81,13.1,25,0,283,4985371.37,31176.21,33623.23,2447.02,283,5.94,0.4,False
711189,firm_4,175,130.69,13.1,26,0,295,5020327.27,35996.5,38553.55,2557.05,295,5.99,0.3,False
711189,firm_4,176,137.22,13.76,27,0,306,5058497.07,39341.32,41989.32,2648.0,306,6.0,0.4,False
711189,firm_4,177,130.36,12.38,28,0,317,5096038.55,38588.12,41324.12,2736.0,317,6.0,0.4,False
711189,firm_4,178,123.84,12.38,28,0,315,5131681.51,36289.6,39009.6,2720.0,315,6.0,0.5,False
711189,firm_4,179,130.03,11.76,29,0,326,5170222.25,39581.78,42389.78,2808.0,326,6.0,0.4,False
711189,firm_4,180,123.53,12.94,30,0,337,5207867.66,38733.61,41629.61,2896.0,337,6.0,0.4,False
711189,firm_4,181,135.88,14.23,30,0,340,5250719.96,43279.2,46199.2,2920.0,340,6.0,0.3,False
711189,firm_4,182,149.47,14.23,30,15,340,5295775.81,45582.75,48577.75,2995.0,325,6.0,0.4,False
711189,firm_4,183,149.47,12.81,30,0,337,5345108.95,49717.44,52613.44,2896.0,352,6.0,0.4,False
711189,firm_4,184,156.94,12.81,31,159,348,5369894.5,25882.66,29661.66,3779.0,189,6.0,0.4,False
711189,firm_4,185,156.94,12.17,30,263,337,5401785.42,32356.02,36567.02,4211.0,233,6.0,0.5,False
711189,firm_4,186,156.94,13.39,30,315,337,5441440.62,40256.9,44727.9,4471.0,285,6.0,0.5,False
711189,firm_4,187,141.25,13.39,30,0,337,5529937.92,89199.0,92095.0,2896.0,652,6.0,0.6,False
711189,firm_4,188,127.12,13.39,31,0,348,5570276.59,41253.76,44237.76,2984.0,348,6.0,0.6,False
711189,firm_4,189,133.48,14.06,30,0,337,5611841.55,42086.76,44982.76,2896.0,337,6.0,0.7,False
711189,firm_4,190,133.48,14.06,30,0,337,5653306.51,42086.76,44982.76,2896.0,337,6.0,0.7,False
711189,firm_4,191,146.83,15.47,31,0,348,5700339.78,48112.84,51096.84,2984.0,348,6.0,0.8,False
711189,firm_4,192,139.49,17.02,31,0,351,5745565.15,45952.99,48960.99,3008.0,351,6.0,0.8,False
711189,firm_4,193,153.44,18.72,31,0,356,5796261.47,51576.64,54624.64,3048.0,356,6.0,0.9,False
711189,firm_4,194,168.78,18.72,32,367,367,5789991.43,-4971.0,0.0,4971.0,0,6.0,0.9,False
711189,firm_4,195,160.34,18.72,32,734,367,5782386.39,-6806.0,0.0,6806.0,0,6.0,0.9,False
711189,firm_4,196,152.32,18.72,31,851,356,5810907.55,29101.48,36404.48,7303.0,239,6.0,0.8,False
711189,firm_4,197,144.7,16.85,31,0,354,5981716.7,171331.5,174363.5,3032.0,1205,6.0,0.7,False
711189,firm_4,198,144.7,18.54,31,0,354,6029333.76,48191.8,51223.8,3032.0,354,6.0,0.6,False
711189,firm_4,199,159.17,19.47,30,0,342,6079949.8,51500.14,54436.14,2936.0,342,6.0,0.7,False
711189,firm_4,200,151.21,17.52,30,19,342,6125034.03,45809.83,48840.83,3031.0,323,6.0,0.6,False
711189,firm_4,201,143.65,16.64,31,0,351,6173960.69,50142.5,53150.5,3008.0,370,6.0,0.5,False
711189,firm_4,202,136.47,18.3,31,0,357,6218857.18,45663.79,48719.79,3056.0,357,6.0,0.4,False
711189,firm_4,203,136.47,20.13,31,0,357,6263696.94,45663.79,48719.79,3056.0,357,6.0,0.3,False
711189,firm_4,204,150.12,18.12,32,55,368,6305985.66,43568.56,46987.56,3419.0,313,6.0,0.3,False
711189,firm_4,205,150.12,16.31,33,427,373,6299578.55,-5168.88,150.12,5319.0,1,6.0,0.2,False
711189,firm_4,206,142.61,15.49,33,797,370,6291722.38,-7145.0,0.0,7145.0,0,6.0,0.1,False
711189,firm_4,207,142.61,14.72,33,810,370,6334638.39,43701.77,50911.77,7210.0,357,6.0,0.2,False
711189,firm_4,208,156.87,14.72,33,1174,370,6326063.85,-8088.78,941.22,9030.0,6,6.0,0.1,False
711189,firm_4,209,141.18,15.46,34,386,381,6484599.63,159861.42,165039.42,5178.0,1169,6.0,0.2,False
711189,firm_4,210,127.06,15.46,34,0,384,6578638.19,94564.2,97836.2,3272.0,770,6.0,0.2,False
711189,firm_4,211,133.41,15.46,35,0,392,6626557.81,48960.72,52296.72,3336.0,392,6.0,0.1,False
711189,firm_4,212,146.75,13.91,35,167,391,6654779.96,28709.0,32872.0,4163.0,224,6.0,0.1,False
711189,firm_4,213,139.41,12.52,34,429,380,6665419.66,11065.38,16450.38,5385.0,118,6.0,0.1,False
711189,firm_4,214,146.38,13.77,35,820,391,6656809.71,-7428.0,0.0,7428.0,0,6.0,0.1,False
711189,firm_4,215,139.06,14.46,35,714,391,6718518.43,62214.82,69112.82,6898.0,497,6.0,0.1,False
711189,firm_4,216,152.97,14.46,35,531,391,6799834.11,81821.78,87804.78,5983.0,574,6.0,0.1,False
711189,firm_4,217,152.97,13.01,35,92,391,6922355.86,123177.1,126965.1,3788.0,830,6.0,0.1,False
711189,firm_4,218,145.32,14.31,35,0,391,6988516.57,66861.56,70189.56,3328.0,483,6.0,0.1,False
711189,firm_4,219,138.05,15.74,34,0,380,7037000.41,49219.0,52459.0,3240.0,380,6.0,0.1,False
711189,firm_4,220,138.05,14.17,35,0,391,7086454.01,50649.55,53977.55,3328.0,391,6.0,0.1,False
711189,firm_4,221,151.86,14.88,36,299,403,7096092.77,10874.44,15793.44,4919.0,104,6.0,0.1,False
711189,firm_4,222,144.27,13.39,37,129,414,7175194.02,80096.68,84253.68,4157.0,584,6.0,0.1,False
711189,firm_4,223,129.84,12.05,38,0,425,7242267.48,68331.36,71931.36,3600.0,554,6.0,0.2,False
711189,firm_4,224,142.82,11.45,38,0,424,7298496.06,56963.68,60555.68,3592.0,424,6.0,0.3,False
711189,firm_4,225,135.68,10.3,39,0,435,7352635.16,55340.8,59020.8,3680.0,435,6.0,0.4,False
711189,firm_4,226,149.25,10.0,40,0,446,7414532.66,62797.5,66565.5,3768.0,446,6.0,0.4,False
711189,firm_4,227,141.79,10.0,40,0,446,7473403.0,59470.34,63238.34,3768.0,446,6.0,0.4,False
711189,firm_4,228,127.61,11.0,41,0,457,7526913.77,54461.77,58317.77,3856.0,457,6.0,0.4,False
711189,firm_4,229,133.99,11.55,42,0,468,7584391.99,58763.32,62707.32,3944.0,468,6.0,0.5,False
711189,firm_4,230,140.69,11.55,43,0,479,7646453.85,63358.51,67390.51,4032.0,479,6.0,0.6,False
711189,firm_4,231,126.62,11.55,44,0,491,7703188.07,58042.42,62170.42,4128.0,491,6.0,0.7,False
711189,firm_4,232,120.29,11.55,45,0,502,7758137.9,56169.58,60385.58,4216.0,502,6.0,0.7,False
711189,firm_4,233,114.28,10.97,46,0,513,7811154.92,54321.64,58625.64,4304.0,513,6.0,0.8,False
711189,firm_4,234,114.28,10.0,46,0,513,7864716.56,54321.64,58625.64,4304.0,513,6.0,0.9,False
711189,firm_4,235,119.99,10.0,47,0,524,7922229.32,58482.76,62874.76,4392.0,524,6.0,0.9,False
711189,firm_4,236,131.99,10.0,46,378,513,7933093.97,11624.65,17818.65,6194.0,135,6.0,1.0,False
711189,firm_4,237,138.59,10.0,46,890,512,7923887.97,-8746.0,0.0,8746.0,0,6.0,1.0,False
711189,firm_4,238,124.73,10.0,47,1023,523,7961863.67,39145.7,48644.7,9499.0,390,6.0,0.9,False
711189,firm_4,239,118.49,10.0,47,0,523,8140195.21,178801.54,183185.54,4384.0,1546,6.0,0.9,False
711189,firm_4,240,106.64,10.0,46,0,512,8189938.89,50303.68,54599.68,4296.0,512,6.0,1.0,False
711189,firm_4,241,106.64,10.0,46,0,513,8239781.21,50402.32,54706.32,4304.0,513,6.0,1.1,False
711189,firm_4,242,117.3,10.0,47,0,523,8295475.11,56963.9,61347.9,4384.0,523,6.0,1.2,False
711189,firm_4,243,129.03,10.0,47,0,524,8357924.83,63219.72,67611.72,4392.0,524,6.0,1.3,False
711189,firm_4,244,141.93,11.0,47,0,523,8427253.22,69845.39,74229.39,4384.0,523,6.0,1.2,False
711189,firm_4,245,134.83,12.1,47,0,523,8492616.61,66132.09,70516.09,4384.0,523,6.0,1.1,False
711189,firm_4,246,148.31,11.5,46,0,512,8563726.33,71638.72,75934.72,4296.0,512,6.0,1.1,False
711189,firm_4,247,140.89,11.5,46,0,512,8630837.01,67839.68,72135.68,4296.0,512,6.0,1.1,False
711189,firm_4,248,154.98,10.35,47,0,523,8706521.1,76670.54,81054.54,4384.0,523,6.0,1.1,False
711189,firm_4,249,170.48,10.0,47,0,523,8790728.14,84777.04,89161.04,4384.0,523,6.0,1.2,False
711189,firm_4,250,170.48,11.0,47,0,523,8874788.18,84777.04,89161.04,4384.0,523,6.0,1.2,False
711189,firm_4,251,161.96,11.0,46,0,512,8952609.7,78627.52,82923.52,4296.0,512,6.0,1.3,False
711189,firm_4,252,170.06,11.0,47,0,523,9036150.08,84557.38,88941.38,4384.0,523,6.0,1.2,False
711189,firm_4,253,170.06,11.0,48,0,534,9121162.12,86340.04,90812.04,4472.0,534,6.0,1.3,False
711189,firm_4,254,187.07,10.45,48,0,534,9215783.9,95423.38,99895.38,4472.0,534,6.0,1.4,False
711189,firm_4,255,205.78,10.0,48,0,534,9320518.42,105414.52,109886.52,4472.0,534,6.0,1.3,False
711189,firm_4,256,216.07,11.0,48,0,534,9430799.8,110909.38,115381.38,4472.0,534,6.0,1.4,False
711189,firm_4,257,216.07,12.1,47,0,523,9538751.71,108620.61,113004.61,4384.0,523,6.0,1.5,False
711189,firm_4,258,216.07,13.31,48,0,534,9648422.21,110909.38,115381.38,4472.0,534,6.0,1.6,False
711189,firm_4,259,216.07,14.64,47,0,527,9756987.02,109452.89,113868.89,4416.0,527,6.0,1.6,False
711189,firm_4,260,194.46,14.64,47,0,527,9854063.36,98064.42,102480.42,4416.0,527,6.0,1.7,False
711189,firm_4,261,184.74,15.37,47,0,539,9948203.83,95062.86,99574.86,4512.0,539,6.0,1.7,False
711189,firm_4,262,203.21,13.83,46,0,516,10047896.01,100528.36,104856.36,4328.0,516,6.0,1.7,False
711189,firm_4,263,223.53,15.21,45,0,504,10155438.68,108427.12,112659.12,4232.0,504,6.0,1.6,False
711189,firm_4,264,234.71,16.73,46,0,516,10270751.46,116782.36,121110.36,4328.0,516,6.0,1.5,False
711189,firm_4,265,258.18,18.4,47,0,534,10402782.78,133396.12,137868.12,4472.0,534,6.0,1.4,False
711189,firm_4,266,271.09,17.48,48,0,545,10544427.79,143184.05,147744.05,4560.0,545,6.0,1.4,False
711189,firm_4,267,257.54,19.23,49,0,562,10682827.0,140041.48,144737.48,4696.0,562,6.0,1.4,False
711189,firm_4,268,231.79,21.15,49,0,562,10807160.63,125569.98,130265.98,4696.0,562,6.0,1.4,False
711189,firm_4,269,220.2,23.26,48,0,550,10922354.15,116510.0,121110.0,4600.0,550,6.0,1.4,False
711189,firm_4,270,231.21,23.26,49,0,562,11045758.43,125244.02,129940.02,4696.0,562,6.0,1.3,False
711189,firm_4,271,254.33,24.42,50,0,573,11184784.52,140947.09,145731.09,4784.0,573,6.0,1.2,False
711189,firm_4,272,279.76,24.42,51,0,585,11341618.7,158779.6,163659.6,4880.0,585,6.0,1.1,False
711189,firm_4,273,265.77,26.86,51,0,585,11490644.29,150595.45,155475.45,4880.0,585,6.0,1.0,False
711189,firm_4,274,239.19,29.55,50,0,573,11621238.66,132271.87,137055.87,4784.0,573,6.0,1.0,False
711189,firm_4,275,251.15,31.03,51,0,585,11760898.88,142042.75,146922.75,4880.0,585,6.0,1.1,False
711189,firm_4,276,238.59,31.03,52,0,596,11896016.96,137231.64,142199.64,4968.0,596,6.0,1.1,False
711189,firm_4,277,226.66,31.03,52,0,596,12024324.76,130121.36,135089.36,4968.0,596,6.0,1.0,False
711189,firm_4,278,203.99,34.13,53,0,608,12140777.79,118961.92,124025.92,5064.0,608,6.0,0.9,False
711189,firm_4,279,214.19,34.13,52,0,596,12261492.27,122689.24,127657.24,4968.0,596,6.0,0.8,False
711189,firm_4,280,203.48,34.13,53,0,608,12377835.22,118651.84,123715.84,5064.0,608,6.0,0.7,False
711189,firm_4,281,213.65,34.13,54,310,619,12434808.05,59315.85,66017.85,6702.0,309,6.0,0.7,False
711189,firm_4,282,235.02,34.13,54,929,619,12422968.03,-9797.0,0.0,9797.0,0,6.0,0.7,False
711189,firm_4,283,211.52,35.84,55,0,631,12745120.03,324723.2,329971.2,5248.0,1560,6.0,0.8,False
711189,firm_4,284,232.67,34.05,54,579,619,12744541.13,1259.8,9306.8,8047.0,40,6.0,0.7,False
711189,firm_4,285,244.3,37.46,54,1198,619,12731176.29,-11142.0,0.0,11142.0,0,6.0,0.7,False
711189,firm_4,286,256.52,39.33,55,1829,631,12714020.14,-14393.0,0.0,14393.0,0,6.0,0.8,False
711189,firm_4,287,230.87,41.3,55,2459,630,12694113.64,-17535.0,0.0,17535.0,0,6.0,0.9,False
711189,firm_4,288,230.87,41.3,55,3070,632,12675984.41,-15757.73,4848.27,20606.0,21,6.0,1.0,False
711189,firm_4,289,219.33,41.3,55,3465,630,12702690.46,28977.55,51542.55,22565.0,235,6.0,0.9,False
711189,firm_4,290,208.36,45.43,55,3977,630,12699553.29,-538.52,24586.48,25125.0,118,6.0,1.0,False
711189,firm_4,291,187.52,45.43,55,1746,632,13219638.4,522883.76,536869.76,13986.0,2863,6.0,1.1,False
711189,firm_4,292,187.52,40.89,56,1382,643,13393427.2,176578.64,188832.64,12254.0,1007,6.0,1.0,False
711189,firm_4,293,168.77,38.85,56,0,641,13727245.31,336093.71,341421.71,5328.0,2023,6.0,1.1,False
711189,firm_4,294,160.33,34.97,57,0,653,13823823.51,99271.49,104695.49,5424.0,653,6.0,1.1,False
711189,firm_4,295,160.33,34.97,58,0,664,13922142.37,100947.12,106459.12,5512.0,664,6.0,1.2,False
711189,firm_4,296,152.31,34.97,59,0,678,14017221.32,97642.18,103266.18,5624.0,678,6.0,1.1,False
711189,firm_4,297,137.08,34.97,59,0,678,14102274.33,87316.24,92940.24,5624.0,678,6.0,1.1,False
711189,firm_4,298,143.93,33.22,60,0,689,14193036.9,93455.77,99167.77,5712.0,689,6.0,1.0,False
711189,firm_4,299,151.13,29.9,59,0,675,14287385.55,96412.75,102012.75,5600.0,675,6.0,1.1,False
711189,firm_4,300,151.13,28.4,58,0,664,14380576.67,94838.32,100350.32,5512.0,664,6.0,1.0,False
711189,firm_4,301,143.57,31.24,59,0,678,14469949.97,91716.46,97340.46,5624.0,678,6.0,1.0,False
711189,firm_4,302,157.93,31.24,59,0,678,14569559.35,101452.54,107076.54,5624.0,678,6.0,1.0,False
711189,firm_4,303,150.03,28.12,58,0,660,14661268.19,93539.8,99019.8,5480.0,660,6.0,0.9,False
711189,firm_4,304,150.03,30.93,59,0,678,14754839.66,96096.34,101720.34,5624.0,678,6.0,0.8,False
711189,firm_4,305,142.53,29.38,60,0,689,14844868.03,92491.17,98203.17,5712.0,689,6.0,0.8,False
711189,firm_4,306,156.78,32.32,61,0,701,14946491.29,104094.78,109902.78,5808.0,701,6.0,0.7,False
711189,firm_4,307,172.46,35.55,61,573,701,14957524.62,13401.88,22074.88,8673.0,128,6.0,0.6,False
711189,firm_4,308,155.21,39.1,61,0,701,15146869.06,191929.54,197737.54,5808.0,1274,6.0,0.6,False
711189,firm_4,309,155.21,35.19,62,0,712,15248600.8,104613.52,110509.52,5896.0,712,6.0,0.5,False
711189,firm_4,310,147.45,35.19,63,0,723,15346506.18,100622.35,106606.35,5984.0,723,6.0,0.4,False
711189,firm_4,311,140.08,38.71,62,0,712,15437647.12,93840.96,99736.96,5896.0,712,6.0,0.5,False
711189,firm_4,312,140.08,38.71,62,0,712,15528888.06,93840.96,99736.96,5896.0,712,6.0,0.5,False
711189,firm_4,313,154.09,40.65,62,0,712,15629983.84,103816.08,109712.08,5896.0,712,6.0,0.5,False
711189,firm_4,314,146.39,40.65,63,0,723,15726478.86,99855.97,105839.97,5984.0,723,6.0,0.6,False
711189,firm_4,315,161.03,42.68,64,707,735,15718141.18,-5106.16,4508.84,9615.0,28,6.0,0.6,False
711189,firm_4,316,161.03,44.81,64,1447,740,15701818.34,-13355.0,0.0,13355.0,0,6.0,0.7,False
711189,firm_4,317,161.03,44.81,65,180,751,16015956.23,317850.54,324958.54,7108.0,2018,6.0,0.8,False
711189,firm_4,318,169.08,49.29,66,943,763,16000984.09,-11019.0,0.0,11019.0,0,6.0,0.7,False
711189,firm_4,319,169.08,49.29,66,1706,763,15982896.95,-14834.0,0.0,14834.0,0,6.0,0.7,False
711189,firm_4,320,160.63,54.22,66,1425,763,16133387.15,154268.72,167697.72,13429.0,1044,6.0,0.6,False
711189,firm_4,321,144.57,56.93,66,0,763,16439644.93,310015.16,316319.16,6304.0,2188,6.0,0.5,False
711189,firm_4,322,137.34,62.62,67,0,778,16535375.91,100426.52,106850.52,6424.0,778,6.0,0.5,False
711189,firm_4,323,123.61,65.75,67,0,778,16620715.24,89744.58,96168.58,6424.0,778,6.0,0.5,False
711189,firm_4,324,135.97,65.75,68,0,789,16716312.57,100768.33,107280.33,6512.0,789,6.0,0.5,False
711189,firm_4,325,142.77,62.46,68,0,786,16817494.51,105729.22,112217.22,6488.0,786,6.0,0.6,False
711189,firm_4,326,135.63,59.34,68,0,786,16913376.57,100117.18,106605.18,6488.0,786,6.0,0.6,False
711189,firm_4,327,149.19,59.34,68,0,786,17019916.79,110775.34,117263.34,6488.0,786,6.0,0.6,False
711189,firm_4,328,156.65,62.31,68,0,789,17132764.56,117084.85,123596.85,6512.0,789,6.0,0.5,False
711189,firm_4,329,156.65,68.54,68,0,789,17245188.69,117084.85,123596.85,6512.0,789,6.0,0.4,False
711189,firm_4,330,148.82,75.39,69,0,801,17352083.6,112596.82,119204.82,6608.0,801,6.0,0.4,False
711189,firm_4,331,163.7,71.62,70,455,813,17395995.8,49625.6,58604.6,8979.0,358,6.0,0.4,False
711189,firm_4,332,147.33,78.78,69,0,801,17568998.46,178438.48,185046.48,6608.0,1256,6.0,0.3,False
711189,firm_4,333,139.96,74.84,68,0,789,17667625.78,103916.44,110428.44,6512.0,789,6.0,0.2,False
711189,firm_4,334,132.96,74.84,69,0,801,17761854.78,99892.96,106500.96,6608.0,801,6.0,0.2,False
711189,firm_4,335,126.31,67.36,69,0,801,17851773.25,94566.31,101174.31,6608.0,801,6.0,0.2,False
711189,firm_4,336,126.31,70.73,68,0,789,17939910.2,93146.59,99658.59,6512.0,789,6.0,0.1,False
711189,firm_4,337,119.99,67.19,68,0,789,18023201.39,88160.11,94672.11,6512.0,789,6.0,0.2,False
711189,firm_4,338,113.99,67.19,69,0,798,18102245.3,84380.02,90964.02,6584.0,798,6.0,0.1,False
711189,firm_4,339,119.69,63.83,69,0,798,18186769.65,88928.62,95512.62,6584.0,798,6.0,0.1,False
711189,firm_4,340,131.66,60.64,69,0,797,18280642.51,98357.02,104933.02,6576.0,797,6.0,0.2,False
711189,firm_4,341,138.24,66.7,68,0,785,18377945.31,102038.4,108518.4,6480.0,785,6.0,0.1,False
711189,firm_4,342,131.33,66.7,68,0,786,18469947.09,96737.38,103225.38,6488.0,786,6.0,0.1,False
711189,firm_4,343,118.2,66.7,69,0,797,18552174.19,87629.4,94205.4,6576.0,797,6.0,0.2,False
711189,firm_4,344,124.11,63.36,70,0,809,18640971.98,93732.99,100404.99,6672.0,809,6.0,0.1,False
711189,firm_4,345,117.9,60.19,70,0,808,18725157.88,88599.2,95263.2,6664.0,808,6.0,0.1,False
711189,firm_4,346,123.8,66.21,70,0,808,18813589.58,93366.4,100030.4,6664.0,808,6.0,0.2,False
711189,firm_4,347,117.61,62.9,70,0,808,18897251.46,88364.88,95028.88,6664.0,808,6.0,0.3,False
711189,firm_4,348,117.61,62.9,70,0,808,18980913.34,88364.88,95028.88,6664.0,808,6.0,0.4,False
711189,firm_4,349,129.37,59.76,70,0,808,19074497.1,97866.96,104530.96,6664.0,808,6.0,0.5,False
711189,firm_4,350,135.84,59.76,70,0,808,19173208.62,103094.72,109758.72,6664.0,808,6.0,0.4,False
711189,firm_4,351,129.05,56.77,70,0,808,19266643.12,97608.4,104272.4,6664.0,808,6.0,0.3,False
711189,firm_4,352,122.6,62.45,71,0,820,19355281.17,93772.0,100532.0,6760.0,820,6.0,0.3,False
711189,firm_4,353,128.73,59.33,70,0,812,19448760.83,97832.76,104528.76,6696.0,812,6.0,0.3,False
711189,firm_4,354,141.6,53.4,70,0,811,19552872.43,108149.6,114837.6,6688.0,811,6.0,0.4,False
711189,firm_4,355,127.44,53.4,71,0,823,19646480.15,98099.12,104883.12,6784.0,823,6.0,0.4,False
711189,firm_4,356,140.18,56.07,71,0,823,19750983.32,108584.14,115368.14,6784.0,823,6.0,0.5,False
711189,firm_4,357,147.19,53.27,72,0,834,19862332.34,115884.46,122756.46,6872.0,834,6.0,0.5,False
711189,firm_4,358,161.91,53.27,73,0,846,19987751.49,130007.86,136975.86,6968.0,846,6.0,0.4,False
711189,firm_4,359,178.1,50.61,72,737,835,19990996.37,6888.8,17453.8,10565.0,98,6.0,0.3,False
711189,firm_4,360,187.0,53.14,72,832,835,20114510.29,127340.0,138380.0,11040.0,740,6.0,0.3,False
711189,firm_4,361,168.3,53.14,73,929,847,20224535.07,114604.0,126225.0,11621.0,750,6.0,0.3,False
711189,firm_4,362,151.47,53.14,72,0,835,20481022.07,260313.08,267193.08,6880.0,1764,6.0,0.2,False
711189,firm_4,363,166.62,53.14,72,0,835,20609443.69,132247.7,139127.7,6880.0,835,6.0,0.2,False
711189,firm_4,364,183.28,55.8,73,779,847,20606462.33,1592.04,12463.04,10871.0,68,6.0,0.2,False
711189,firm_4,365,174.12,55.8,73,1626,847,20587082.93,-15106.0,0.0,15106.0,0,6.0,0.2,False
711189,firm_5,1,29.49,29.07,10,0,115,107680.8,2925.7,3391.35,465.65,115,0.31,0.33,False
711189,firm_5,2,30.96,26.16,11,0,126,110202.94,3409.9,3900.96,491.06,126,0.31,0.43,False
711189,firm_5,3,27.86,27.47,11,0,126,112920.07,3019.3,3510.36,491.06,126,0.31,0.33,False
711189,firm_5,4,30.65,30.22,11,0,127,115780.48,3392.83,3892.55,499.72,127,0.36,0.23,False
711189,firm_5,5,33.72,28.71,11,0,126,119116.03,3751.36,4248.72,497.36,126,0.36,0.33,False
711189,firm_5,6,35.41,31.58,11,0,127,122766.0,3997.35,4497.07,499.72,127,0.36,0.23,False
711189,firm_5,7,35.41,33.16,11,0,127,126298.59,3997.35,4497.07,499.72,127,0.36,0.33,False
711189,firm_5,8,31.87,33.16,12,0,138,129173.05,3872.38,4398.06,525.68,138,0.36,0.43,False
711189,firm_5,9,35.06,29.84,13,0,149,132957.43,4672.3,5223.94,551.64,149,0.36,0.43,False
711189,firm_5,10,31.55,32.82,13,0,149,136680.08,4149.31,4700.95,551.64,149,0.36,0.33,False
711189,firm_5,11,34.71,32.82,12,0,138,140550.54,4264.3,4789.98,525.68,138,0.36,0.33,False
711189,firm_5,12,34.71,36.1,12,0,138,144281.64,4264.3,4789.98,525.68,138,0.36,0.43,False
711189,firm_5,13,31.24,36.1,13,0,150,147344.34,4132.0,4686.0,554.0,150,0.36,0.53,False
711189,firm_5,14,31.24,36.1,12,0,138,150696.58,3785.44,4311.12,525.68,138,0.36,0.53,False
711189,firm_5,15,28.12,39.71,13,0,150,153136.85,3656.5,4218.0,561.5,150,0.41,0.53,False
711189,firm_5,16,25.31,41.7,14,0,162,155354.75,3501.7,4100.22,598.52,162,0.46,0.43,False
711189,firm_5,17,22.78,39.62,15,0,174,157596.13,3335.68,3963.72,628.04,174,0.46,0.43,False
711189,firm_5,18,20.5,39.62,16,0,186,159517.65,3155.44,3813.0,657.56,186,0.46,0.53,False
711189,firm_5,19,22.55,43.58,15,0,174,161950.91,3286.96,3923.7,636.74,174,0.51,0.53,False
711189,firm_5,20,24.81,45.76,15,0,174,164636.01,3671.5,4316.94,645.44,174,0.56,0.63,False
711189,firm_5,21,23.57,43.47,14,0,162,167131.05,3203.62,3818.34,614.72,162,0.56,0.73,False
711189,firm_5,22,23.57,39.12,15,0,174,169191.29,3447.04,4101.18,654.14,174,0.61,0.83,False
711189,firm_5,23,23.57,39.12,15,0,174,171742.83,3438.34,4101.18,662.84,174,0.66,0.93,False
711189,firm_5,24,21.21,37.16,16,0,185,173670.77,3222.5,3923.85,701.35,185,0.71,0.83,False
711189,firm_5,25,23.33,35.3,15,0,172,176179.31,3338.04,4012.76,674.72,172,0.76,0.93,False
711189,firm_5,26,21.0,33.53,15,0,172,178305.04,2928.68,3612.0,683.32,172,0.81,1.03,False
711189,firm_5,27,19.95,33.53,16,0,184,180122.32,2953.76,3670.8,717.04,184,0.81,1.13,False
711189,firm_5,28,21.94,35.21,16,0,185,182688.76,3329.8,4058.9,729.1,185,0.86,1.03,False
711189,firm_5,29,19.75,33.45,17,0,197,184537.59,3117.48,3890.75,773.27,197,0.91,1.03,False
711189,firm_5,30,17.78,31.78,17,0,196,186711.85,2714.52,3484.88,770.36,196,0.91,1.03,False
711189,firm_5,31,16.0,28.6,16,0,184,188462.81,2208.56,2944.0,735.44,184,0.91,0.93,False
711189,firm_5,32,15.2,27.17,16,0,184,190089.45,2061.36,2796.8,735.44,184,0.91,0.93,False
711189,firm_5,33,15.2,27.17,15,0,172,191595.78,1913.88,2614.4,700.52,172,0.91,0.93,False
711189,firm_5,34,15.2,25.81,15,0,172,193122.51,1913.88,2614.4,700.52,172,0.91,0.83,False
711189,firm_5,35,13.68,28.39,15,0,173,194259.87,1663.21,2366.64,703.43,173,0.91,0.93,False
711189,firm_5,36,13.68,29.81,16,0,185,194975.36,1792.45,2530.8,738.35,185,0.91,1.03,False
711189,firm_5,37,15.05,32.79,15,0,174,196395.87,1912.36,2618.7,706.34,174,0.91,0.93,False
711189,firm_5,38,15.05,31.15,16,0,185,197343.37,2045.9,2784.25,738.35,185,0.91,1.03,False
711189,firm_5,39,16.56,28.04,17,0,197,198645.89,2479.2,3262.32,783.12,197,0.96,0.93,False
711189,firm_5,40,15.73,30.84,16,0,186,200227.67,2175.22,2925.78,750.56,186,0.96,1.03,False
711189,firm_5,41,14.16,33.92,17,0,197,200847.58,1996.55,2789.52,792.97,197,1.01,1.13,False
711189,firm_5,42,15.58,30.53,18,0,209,202125.17,2427.13,3256.22,829.09,209,1.01,1.23,False
711189,firm_5,43,16.36,27.48,18,0,208,204207.33,2576.8,3402.88,826.08,208,1.01,1.23,False
711189,firm_5,44,15.54,28.85,17,0,197,205985.29,2268.41,3061.38,792.97,197,1.01,1.23,False
711189,firm_5,45,17.09,25.97,16,0,185,207765.32,2395.55,3161.65,766.1,185,1.06,1.23,False
711189,firm_5,46,17.94,28.57,17,0,196,209496.11,2716.48,3516.24,799.76,196,1.06,1.13,False
711189,firm_5,47,17.94,30.0,16,0,186,211583.79,2567.68,3336.84,769.16,186,1.06,1.13,False
711189,firm_5,48,18.84,27.0,17,0,197,213223.6,2898.81,3711.48,812.67,197,1.11,1.23,False
711189,firm_5,49,18.84,25.65,17,0,196,215460.83,2873.28,3692.64,819.36,196,1.16,1.13,False
711189,firm_5,50,19.78,25.65,17,0,197,218098.92,3074.14,3896.66,822.52,197,1.16,1.03,False
711189,firm_5,51,21.76,25.65,17,0,197,221127.07,3464.2,4286.72,822.52,197,1.16,0.93,False
711189,firm_5,52,20.67,28.22,16,0,185,223405.65,3030.1,3823.95,793.85,185,1.21,1.03,False
711189,firm_5,53,22.74,31.04,16,0,185,226112.81,3403.8,4206.9,803.1,185,1.26,1.03,False
711189,firm_5,54,21.6,29.49,15,0,173,228643.28,2972.82,3736.8,763.98,173,1.26,1.03,False
711189,firm_5,55,23.76,28.02,15,0,174,231589.98,3367.0,4134.24,767.24,174,1.26,1.03,False
711189,firm_5,56,24.95,26.62,15,0,174,234556.04,3565.36,4341.3,775.94,174,1.31,1.03,False
711189,firm_5,57,24.95,25.29,16,0,185,237454.8,3803.4,4615.75,812.35,185,1.31,1.03,False
711189,firm_5,58,24.95,24.03,17,0,197,240609.37,4063.08,4915.15,852.07,197,1.31,1.03,False
711189,firm_5,59,22.46,22.83,17,0,196,243774.66,3553.4,4402.16,848.76,196,1.31,1.03,False
711189,firm_5,60,21.34,20.55,16,0,185,246581.41,3135.55,3947.9,812.35,185,1.31,1.03,False
711189,firm_5,61,22.41,21.58,15,0,173,249153.36,3095.65,3876.93,781.28,173,1.36,1.03,False
711189,firm_5,62,20.17,23.74,14,0,162,251344.22,2523.22,3267.54,744.32,162,1.36,1.03,False
711189,firm_5,63,22.19,22.55,14,0,161,253652.1,2823.58,3572.59,749.01,161,1.41,0.93,False
711189,firm_5,64,19.97,24.81,13,0,150,255613.57,2284.0,2995.5,711.5,150,1.41,0.93,False
711189,firm_5,65,19.97,24.81,13,0,150,257267.54,2276.5,2995.5,719.0,150,1.46,1.03,False
711189,firm_5,66,19.97,27.29,13,0,150,259189.27,2276.5,2995.5,719.0,150,1.46,0.93,False
711189,firm_5,67,18.97,25.93,14,0,162,260638.87,2312.62,3073.14,760.52,162,1.46,0.93,False
711189,firm_5,68,18.97,24.63,14,0,162,262398.57,2304.52,3073.14,768.62,162,1.51,0.93,False
711189,firm_5,69,18.97,27.09,15,0,173,263966.8,2474.58,3281.81,807.23,173,1.51,0.83,False
711189,firm_5,70,18.97,24.38,14,0,162,265930.0,2304.52,3073.14,768.62,162,1.51,0.83,False
711189,firm_5,71,18.97,24.38,13,0,150,267524.56,2111.5,2845.5,734.0,150,1.56,0.83,False
711189,firm_5,72,19.92,25.6,14,0,162,268808.38,2442.22,3227.04,784.82,162,1.61,0.93,False
711189,firm_5,73,18.92,26.88,15,0,173,270145.16,2439.98,3273.16,833.18,173,1.66,0.83,False
711189,firm_5,74,20.81,24.19,14,0,162,272176.7,2570.2,3371.22,801.02,162,1.71,0.73,False
711189,firm_5,75,20.81,25.4,15,0,173,273954.0,2758.3,3600.13,841.83,173,1.71,0.83,False
711189,firm_5,76,19.77,25.4,16,0,185,275818.7,2771.1,3657.45,886.35,185,1.71,0.83,False
711189,firm_5,77,17.79,26.67,15,0,173,277345.84,2227.19,3077.67,850.48,173,1.76,0.93,False
711189,firm_5,78,16.01,29.34,15,0,173,278616.34,1910.6,2769.73,859.13,173,1.81,0.93,False
711189,firm_5,79,15.21,29.34,14,0,162,279644.28,1638.7,2464.02,825.32,162,1.86,0.83,False
711189,firm_5,80,13.69,26.41,15,0,173,280148.72,1500.59,2368.37,867.78,173,1.86,0.93,False
711189,firm_5,81,12.32,29.05,14,0,162,280912.54,1170.52,1995.84,825.32,162,1.86,0.93,False
711189,firm_5,82,12.32,30.5,14,0,162,281347.96,1162.42,1995.84,833.42,162,1.91,1.03,False
711189,firm_5,83,12.32,30.5,14,0,162,281875.28,1154.32,1995.84,841.52,162,1.96,0.93,False
711189,firm_5,84,11.7,32.02,15,0,173,281934.0,1139.02,2024.1,885.08,173,1.96,1.03,False
711189,firm_5,85,11.7,30.42,14,0,162,282462.0,1053.88,1895.4,841.52,162,1.96,1.13,False
711189,firm_5,86,12.87,31.94,15,0,173,282615.68,1332.78,2226.51,893.73,173,2.01,1.13,False
711189,firm_5,87,12.23,31.94,16,0,185,282925.34,1320.7,2262.55,941.85,185,2.01,1.13,False
711189,firm_5,88,11.62,31.94,15,0,173,283562.77,1116.53,2010.26,893.73,173,2.01,1.13,False
711189,firm_5,89,12.78,35.13,16,0,185,283713.89,1413.2,2364.3,951.1,185,2.06,1.03,False
711189,firm_5,90,12.78,33.37,17,0,196,283845.92,1499.32,2504.88,1005.56,196,2.11,1.13,False
711189,firm_5,91,11.5,31.7,18,0,209,283909.38,1334.06,2403.5,1069.44,209,2.16,1.13,False
711189,firm_5,92,12.08,33.29,18,0,209,284554.99,1444.83,2524.72,1079.89,209,2.21,1.13,False
711189,firm_5,93,13.29,31.63,19,0,221,284949.65,1795.63,2937.09,1141.46,221,2.26,1.23,False
711189,firm_5,94,12.63,28.47,18,0,208,285978.15,1540.96,2627.04,1086.08,208,2.26,1.23,False
711189,firm_5,95,13.89,28.47,19,0,220,286855.82,1918.6,3055.8,1137.2,220,2.26,1.13,False
711189,firm_5,96,13.2,28.47,19,0,220,288081.69,1766.8,2904.0,1137.2,220,2.26,1.13,False
711189,firm_5,97,11.88,25.62,18,0,208,289005.49,1384.96,2471.04,1086.08,208,2.26,1.13,False
711189,firm_5,98,13.07,26.9,19,0,220,289732.59,1738.2,2875.4,1137.2,220,2.26,1.13,False
711189,firm_5,99,13.07,25.55,20,0,231,290556.7,1835.11,3019.17,1184.06,231,2.26,1.13,False
711189,firm_5,100,14.38,24.27,19,0,220,292121.97,2026.4,3163.6,1137.2,220,2.26,1.13,False
711189,firm_5,101,15.82,23.06,18,0,208,293700.97,2194.08,3290.56,1096.48,208,2.31,1.03,False
711189,firm_5,102,14.24,21.91,19,0,220,294669.28,1984.6,3132.8,1148.2,220,2.31,1.13,False
711189,firm_5,103,12.82,24.1,19,0,221,295681.04,1669.66,2833.22,1163.56,221,2.36,1.03,False
711189,firm_5,104,14.1,21.69,20,0,231,296585.63,2038.39,3257.1,1218.71,231,2.41,1.03,False
711189,firm_5,105,13.4,19.52,21,0,241,297542.3,1966.59,3229.4,1262.81,241,2.41,1.13,False
711189,firm_5,106,14.74,20.5,21,0,241,299401.33,2289.53,3552.34,1262.81,241,2.41,1.13,False
711189,firm_5,107,13.27,18.45,20,0,230,300870.13,1837.8,3052.1,1214.3,230,2.41,1.13,False
711189,firm_5,108,14.6,17.53,21,0,240,302247.6,2245.6,3504.0,1258.4,240,2.41,1.13,False
711189,firm_5,109,14.6,16.65,22,0,252,303536.58,2355.28,3679.2,1323.92,252,2.46,1.13,False
711189,firm_5,110,15.33,15.82,23,0,263,305331.53,2658.81,4031.79,1372.98,263,2.46,1.03,False
711189,firm_5,111,15.33,14.24,22,0,252,307344.89,2526.64,3863.16,1336.52,252,2.51,1.03,False
711189,firm_5,112,16.86,14.24,21,0,241,309722.2,2776.35,4063.26,1286.91,241,2.51,1.13,False
711189,firm_5,113,18.55,14.24,21,0,240,312592.76,3169.6,4452.0,1282.4,240,2.51,1.13,False
711189,firm_5,114,20.4,14.24,20,0,229,315535.32,3427.36,4671.6,1244.24,229,2.56,1.13,False
711189,firm_5,115,18.36,12.82,20,0,228,318013.92,2935.0,4186.08,1251.08,228,2.61,1.13,False
711189,firm_5,116,20.2,14.1,21,0,241,320462.96,3545.14,4868.2,1323.06,241,2.66,1.23,False
711189,firm_5,117,21.21,15.51,21,0,241,323713.75,3776.5,5111.61,1335.11,241,2.71,1.13,False
711189,firm_5,118,20.15,15.51,20,0,230,326754.75,3351.2,4634.5,1283.3,230,2.71,1.03,False
711189,firm_5,119,20.15,17.06,21,0,241,329417.53,3521.04,4856.15,1335.11,241,2.71,0.93,False
711189,firm_5,120,22.16,18.77,20,0,231,332873.08,3830.95,5118.96,1288.01,231,2.71,0.93,False
711189,firm_5,121,24.38,18.77,21,0,243,336346.57,4567.66,5924.34,1356.68,243,2.76,0.93,False
711189,firm_5,122,23.16,19.71,22,0,255,339592.2,4479.25,5905.8,1426.55,255,2.81,1.03,False
711189,firm_5,123,24.32,19.71,21,0,243,343507.07,4528.78,5909.76,1380.98,243,2.86,1.03,False
711189,firm_5,124,26.75,21.68,21,0,243,347958.91,5107.12,6500.25,1393.13,243,2.91,1.03,False
711189,firm_5,125,28.09,21.68,20,0,232,352703.07,5177.76,6516.88,1339.12,232,2.91,1.03,False
711189,firm_5,126,30.9,20.6,21,0,243,357673.89,6103.42,7508.7,1405.28,243,2.96,1.03,False
711189,firm_5,127,27.81,20.6,22,0,254,362324.59,5603.9,7063.74,1459.84,254,2.96,1.03,False
711189,firm_5,128,25.03,19.57,23,0,266,366299.8,5125.32,6657.98,1532.66,266,3.01,0.93,False
711189,firm_5,129,23.78,20.55,22,0,254,370315.28,4567.58,6040.12,1472.54,254,3.01,1.03,False
711189,firm_5,130,22.59,20.55,22,0,255,374046.08,4282.9,5760.45,1477.55,255,3.01,1.13,False
711189,firm_5,131,22.59,19.52,21,0,243,377708.1,4071.94,5489.37,1417.43,243,3.01,1.13,False
711189,firm_5,132,22.59,21.47,21,0,243,381117.02,4059.79,5489.37,1429.58,243,3.06,1.03,False
711189,firm_5,133,24.85,21.47,22,0,254,384871.34,4826.66,6311.9,1485.24,254,3.06,1.13,False
711189,firm_5,134,27.34,22.54,22,0,255,389756.86,5481.4,6971.7,1490.3,255,3.06,1.23,False
711189,firm_5,135,30.07,21.41,23,0,266,395003.79,6439.36,7998.62,1559.26,266,3.11,1.13,False
711189,firm_5,136,30.07,21.41,22,0,254,400672.61,6139.84,7637.78,1497.94,254,3.11,1.03,False
711189,firm_5,137,27.06,21.41,21,0,243,405044.7,5121.7,6575.58,1453.88,243,3.16,1.13,False
711189,firm_5,138,28.41,23.55,21,0,243,409787.75,5437.6,6903.63,1466.03,243,3.21,1.03,False
711189,firm_5,139,31.25,22.37,20,0,231,414944.04,5803.69,7218.75,1415.06,231,3.26,1.03,False
711189,firm_5,140,34.38,22.37,21,0,243,420750.43,6876.16,8354.34,1478.18,243,3.26,1.13,False
711189,firm_5,141,30.94,24.61,20,0,232,425915.99,5757.76,7178.08,1420.32,232,3.26,1.23,False
711189,firm_5,142,29.39,24.61,20,0,232,430821.95,5398.16,6818.48,1420.32,232,3.26,1.23,False
711189,firm_5,143,30.86,24.61,21,0,244,435539.34,6034.2,7529.84,1495.64,244,3.31,1.33,False
711189,firm_5,144,29.32,24.61,22,0,256,440344.48,5946.56,7505.92,1559.36,256,3.31,1.43,False
711189,firm_5,145,27.85,23.38,22,0,256,445400.36,5570.24,7129.6,1559.36,256,3.31,1.43,False
711189,firm_5,146,30.64,23.38,23,0,267,450925.73,6563.11,8180.88,1617.77,267,3.31,1.33,False
711189,firm_5,147,27.58,23.38,24,0,279,455563.99,5999.38,7694.82,1695.44,279,3.36,1.43,False
711189,firm_5,148,24.82,23.38,23,0,267,459708.72,4982.47,6626.94,1644.47,267,3.41,1.53,False
711189,firm_5,149,22.34,21.04,24,0,279,463013.28,4509.52,6232.86,1723.34,279,3.46,1.43,False
711189,firm_5,150,22.34,21.04,25,0,291,466484.81,4697.53,6500.94,1803.41,291,3.51,1.43,False
711189,firm_5,151,23.46,22.09,25,0,291,470641.46,5008.9,6826.86,1817.96,291,3.56,1.53,False
711189,firm_5,152,25.81,22.09,24,0,279,475347.1,5435.8,7200.99,1765.19,279,3.61,1.53,False
711189,firm_5,153,28.39,22.09,25,0,291,480623.83,6428.98,8261.49,1832.51,291,3.61,1.63,False
711189,firm_5,154,31.23,23.19,24,0,279,486701.3,6934.03,8713.17,1779.14,279,3.66,1.73,False
711189,firm_5,155,31.23,23.19,24,0,279,492764.82,6920.08,8713.17,1793.09,279,3.71,1.83,False
711189,firm_5,156,34.35,24.35,24,0,279,499757.03,7776.61,9583.65,1807.04,279,3.76,1.83,False
711189,firm_5,157,36.07,24.35,23,0,267,506989.75,7892.77,9630.69,1737.92,267,3.76,1.93,False
711189,firm_5,158,37.87,25.57,24,0,279,514534.76,8758.69,10565.73,1807.04,279,3.76,2.03,False
711189,firm_5,159,39.76,28.13,25,0,291,523025.51,9694.0,11570.16,1876.16,291,3.76,2.03,False
711189,firm_5,160,41.75,29.54,25,0,291,532345.55,10258.54,12149.25,1890.71,291,3.81,1.93,False
711189,firm_5,161,43.84,26.59,24,0,279,541903.81,10396.42,12231.36,1834.94,279,3.86,1.93,False
711189,firm_5,162,43.84,25.26,23,0,267,551263.49,9940.66,11705.28,1764.62,267,3.86,1.83,False
711189,firm_5,163,46.03,22.73,23,0,267,561052.74,10512.04,12290.01,1777.97,267,3.91,1.73,False
711189,firm_5,164,43.73,21.59,23,0,267,570140.76,9884.59,11675.91,1791.32,267,3.96,1.83,False
711189,firm_5,165,43.73,20.51,23,0,267,579453.62,9884.59,11675.91,1791.32,267,3.96,1.93,False
711189,firm_5,166,45.92,21.54,23,0,267,589114.17,10455.97,12260.64,1804.67,267,4.01,2.03,False
711189,firm_5,167,50.51,21.54,23,0,267,600300.25,11681.5,13486.17,1804.67,267,4.01,2.03,False
711189,firm_5,168,55.56,23.69,22,0,256,612051.07,12472.0,14223.36,1751.36,256,4.06,1.93,False
711189,firm_5,169,61.12,22.51,21,0,244,624600.8,13222.44,14913.28,1690.84,244,4.11,1.93,False
711189,firm_5,170,55.01,24.76,21,0,244,635500.24,11719.4,13422.44,1703.04,244,4.16,2.03,False
711189,firm_5,171,49.51,23.52,22,0,256,645167.6,10884.8,12674.56,1789.76,256,4.21,2.03,False
711189,firm_5,172,54.46,24.7,21,0,244,656221.9,11573.0,13288.24,1715.24,244,4.21,2.03,False
711189,firm_5,173,51.74,23.46,22,0,256,666448.66,11442.88,13245.44,1802.56,256,4.26,2.03,False
711189,firm_5,174,56.91,24.63,22,0,256,678673.2,12766.4,14568.96,1802.56,256,4.26,1.93,False
711189,firm_5,175,62.6,27.09,22,0,256,691987.46,14210.24,16025.6,1815.36,256,4.31,2.03,False
711189,firm_5,176,68.86,25.74,23,0,267,707396.29,16500.85,18385.62,1884.77,267,4.31,1.93,False
711189,firm_5,177,68.86,28.31,23,0,267,722932.66,16487.5,18385.62,1898.12,267,4.36,2.03,False
711189,firm_5,178,75.75,28.31,24,0,279,740913.03,19159.81,21134.25,1974.44,279,4.36,1.93,False
711189,firm_5,179,79.54,25.48,25,0,291,760871.41,21095.38,23146.14,2050.76,291,4.36,1.83,False
711189,firm_5,180,87.49,24.21,25,0,291,783460.44,23394.28,25459.59,2065.31,291,4.41,1.83,False
711189,firm_5,181,83.12,26.63,24,0,279,804023.41,21202.09,23190.48,1988.39,279,4.41,1.83,False
711189,firm_5,182,83.12,23.97,23,0,267,823753.67,20281.57,22193.04,1911.47,267,4.41,1.83,False
711189,firm_5,183,87.28,22.77,22,0,256,843655.45,20502.72,22343.68,1840.96,256,4.41,1.93,False
711189,firm_5,184,96.01,23.91,21,0,244,864603.54,21650.2,23426.44,1776.24,244,4.46,1.93,False
711189,firm_5,185,105.61,23.91,20,0,232,886928.14,22802.8,24501.52,1698.72,232,4.46,1.83,False
711189,firm_5,186,110.89,26.3,19,0,221,909307.47,22879.03,24506.69,1627.66,221,4.46,1.83,False
711189,firm_5,187,105.35,28.93,18,0,209,929044.29,20457.56,22018.15,1560.59,209,4.51,1.83,False
711189,firm_5,188,115.88,28.93,17,0,197,949898.37,21345.89,22828.36,1482.47,197,4.51,1.83,False
711189,firm_5,189,115.88,28.93,18,0,209,971325.51,22647.88,24218.92,1571.04,209,4.56,1.83,False
711189,firm_5,190,115.88,28.93,19,0,221,994235.56,23959.72,25609.48,1649.76,221,4.56,1.83,False
711189,firm_5,191,127.47,31.82,20,0,232,1020850.28,27851.12,29573.04,1721.92,232,4.56,1.93,False
711189,firm_5,192,133.84,31.82,20,39,232,1044128.08,23914.2,25831.12,1916.92,193,4.56,1.93,False
711189,firm_5,193,140.53,30.23,20,0,232,1079673.59,36350.11,38083.63,1733.52,271,4.61,1.93,False
711189,firm_5,194,133.5,28.72,21,47,244,1102609.93,24239.46,26299.5,2060.04,197,4.66,1.93,False
711189,firm_5,195,120.15,27.28,22,0,256,1136010.26,34500.49,36405.45,1904.96,303,4.66,1.93,False
711189,firm_5,196,108.14,25.92,21,0,244,1159714.86,24548.92,26386.16,1837.24,244,4.71,2.03,False
711189,firm_5,197,97.33,25.92,20,0,232,1179920.3,20823.84,22580.56,1756.72,232,4.71,2.13,False
711189,firm_5,198,107.06,23.33,19,0,221,1201243.33,21966.3,23660.26,1693.96,221,4.76,2.13,False
711189,firm_5,199,117.77,22.16,18,0,209,1223635.09,22990.64,24613.93,1623.29,209,4.81,2.03,False
711189,firm_5,200,111.88,21.05,18,0,209,1244705.37,21749.18,23382.92,1633.74,209,4.86,2.13,False
711189,firm_5,201,111.88,20.0,19,0,218,1266519.73,22694.36,24389.84,1695.48,218,4.86,2.13,False
711189,firm_5,202,106.29,22.0,18,0,209,1286494.15,20570.42,22214.61,1644.19,209,4.91,2.03,False
711189,firm_5,203,106.29,20.9,17,0,196,1305207.53,19268.68,20832.84,1564.16,196,4.96,2.03,False
711189,firm_5,204,116.92,21.94,17,0,196,1325976.91,21342.36,22916.32,1573.96,196,5.01,2.03,False
711189,firm_5,205,128.61,24.13,18,0,208,1350035.37,25092.8,26750.88,1658.08,208,5.01,2.13,False
711189,firm_5,206,135.04,26.54,19,172,219,1352571.85,3740.74,6346.88,2606.14,47,5.06,2.13,False
711189,firm_5,207,135.04,25.21,20,0,231,1403946.36,52578.71,54421.12,1842.41,403,5.11,2.13,False
711189,firm_5,208,135.04,27.73,21,0,243,1433751.02,30886.99,32814.72,1927.73,243,5.11,2.03,False
711189,firm_5,209,141.79,27.73,20,0,231,1463895.95,30899.53,32753.49,1853.96,231,5.16,2.03,False
711189,firm_5,210,134.7,26.34,20,0,231,1492530.89,29261.74,31115.7,1853.96,231,5.16,2.13,False
711189,firm_5,211,148.17,27.66,19,0,219,1522475.59,30670.24,32449.23,1778.99,219,5.21,2.13,False
711189,firm_5,212,162.99,26.28,20,231,231,1518217.93,-3032.06,0.0,3032.06,0,5.26,2.03,False
711189,firm_5,213,146.69,24.97,20,438,230,1517032.6,-685.93,3373.87,4059.8,23,5.26,1.93,False
711189,firm_5,214,161.36,27.47,20,668,230,1511273.4,-5209.8,0.0,5209.8,0,5.26,1.93,False
711189,firm_5,215,177.5,30.22,20,900,232,1504073.08,-6395.92,0.0,6395.92,0,5.31,1.93,False
711189,firm_5,216,186.38,30.22,20,1132,232,1495812.76,-7555.92,0.0,7555.92,0,5.31,2.03,False
711189,firm_5,217,195.7,28.71,19,1353,221,1486475.71,-8591.56,0.0,8591.56,0,5.36,2.03,False
711189,firm_5,218,205.48,25.84,19,1571,218,1476114.37,-9670.38,0.0,9670.38,0,5.41,1.93,False
711189,firm_5,219,184.93,24.55,18,1736,207,1472925.66,-2646.81,7767.06,10413.87,42,5.41,2.03,False
711189,firm_5,220,175.68,27.01,18,1891,207,1470385.97,-2053.51,9135.36,11188.87,52,5.41,1.93,False
711189,firm_5,221,193.25,28.36,19,2109,218,1456675.85,-12371.28,0.0,12371.28,0,5.46,2.03,False
711189,firm_5,222,173.92,25.52,20,2335,226,1441893.19,-13572.26,0.0,13572.26,0,5.51,2.03,False
711189,firm_5,223,165.22,22.97,20,2376,226,1458122.23,16788.44,30565.7,13777.26,185,5.51,2.13,False
711189,firm_5,224,181.74,21.82,20,2546,226,1453136.01,-4449.82,10177.44,14627.26,56,5.51,2.23,False
711189,firm_5,225,199.91,21.82,21,2784,238,1436170.41,-15907.38,0.0,15907.38,0,5.51,2.33,False
711189,firm_5,226,179.92,22.91,21,2246,237,1561605.58,126216.28,139438.0,13221.72,775,5.56,2.43,False
711189,firm_5,227,161.93,25.2,21,1571,239,1699006.61,138130.23,148004.02,9873.79,914,5.61,2.43,False
711189,firm_5,228,145.74,27.72,22,650,253,1863520.2,165723.43,171098.76,5375.33,1174,5.61,2.53,False
711189,firm_5,229,131.17,30.49,23,0,265,1979809.58,117790.65,120020.55,2229.9,915,5.66,2.63,False
711189,firm_5,230,144.29,33.54,24,0,276,2015700.7,37496.08,39824.04,2327.96,276,5.71,2.73,False
711189,firm_5,231,151.5,33.54,24,0,276,2054167.98,39472.24,41814.0,2341.76,276,5.76,2.73,False
711189,firm_5,232,166.65,30.19,23,0,265,2095379.46,41905.85,44162.25,2256.4,265,5.76,2.73,False
711189,firm_5,233,149.99,33.21,24,0,276,2132924.1,39041.68,41397.24,2355.56,276,5.81,2.73,False
711189,firm_5,234,164.99,33.21,23,0,265,2173512.97,41452.7,43722.35,2269.65,265,5.81,2.83,False
711189,firm_5,235,173.24,31.55,22,250,250,2169416.37,-3402.5,0.0,3402.5,0,5.81,2.83,False
711189,firm_5,236,155.92,29.97,23,512,262,2163420.84,-4806.22,0.0,4806.22,0,5.81,2.83,False
711189,firm_5,237,171.51,29.97,23,776,264,2156376.49,-6155.04,0.0,6155.04,0,5.86,2.83,False
711189,firm_5,238,162.93,28.47,23,1040,264,2148033.44,-7488.24,0.0,7488.24,0,5.91,2.83,False
711189,firm_5,239,154.78,31.32,23,564,264,2256428.84,109415.76,114537.2,5121.44,740,5.96,2.93,False
711189,firm_5,240,162.52,29.75,23,0,264,2388009.71,132265.12,134566.56,2301.44,828,5.96,2.83,False
711189,firm_5,241,154.39,32.72,22,0,253,2423926.54,36836.67,39060.67,2224.0,253,6.0,2.73,False
711189,firm_5,242,154.39,35.99,21,0,241,2458050.74,35079.99,37207.99,2128.0,241,6.0,2.73,False
711189,firm_5,243,146.67,34.19,21,0,242,2490490.89,33358.14,35494.14,2136.0,242,6.0,2.63,False
711189,firm_5,244,161.34,32.48,20,0,230,2524709.49,35068.2,37108.2,2040.0,230,6.0,2.63,False
711189,firm_5,245,169.41,35.73,19,0,218,2559018.0,34987.38,36931.38,1944.0,218,6.0,2.53,False
711189,firm_5,246,186.35,39.3,19,0,218,2596751.6,38680.3,40624.3,1944.0,218,6.0,2.53,False
711189,firm_5,247,204.98,43.23,18,0,207,2636348.32,40574.86,42430.86,1856.0,207,6.0,2.43,False
711189,firm_5,248,225.48,41.07,18,0,207,2680127.42,44818.36,46674.36,1856.0,207,6.0,2.53,False
711189,firm_5,249,248.03,39.02,19,0,218,2730912.58,52126.54,54070.54,1944.0,218,6.0,2.63,False
711189,firm_5,250,272.83,39.02,19,0,218,2787504.14,57532.94,59476.94,1944.0,218,6.0,2.53,False
711189,firm_5,251,300.11,40.97,20,0,230,2853170.04,66985.3,69025.3,2040.0,230,6.0,2.53,False
711189,firm_5,252,270.1,45.07,19,0,218,2909051.51,56937.8,58881.8,1944.0,218,6.0,2.53,False
711189,firm_5,253,297.11,45.07,19,0,218,2970821.16,62825.98,64769.98,1944.0,218,6.0,2.43,False
711189,firm_5,254,326.82,45.07,20,0,230,3042248.36,73128.6,75168.6,2040.0,230,6.0,2.53,False
711189,firm_5,255,343.16,49.58,20,0,230,3117943.56,76886.8,78926.8,2040.0,230,6.0,2.53,False
711189,firm_5,256,360.32,47.1,20,0,230,3197635.16,80833.6,82873.6,2040.0,230,6.0,2.43,False
711189,firm_5,257,396.35,47.1,21,0,241,3289538.41,93392.35,95520.35,2128.0,241,6.0,2.43,False
711189,firm_5,258,416.17,44.74,20,0,230,3382322.71,93679.1,95719.1,2040.0,230,6.0,2.33,False
711189,firm_5,259,457.79,44.74,20,42,230,3465142.43,83814.52,86064.52,2250.0,188,6.0,2.43,False
711189,firm_5,260,503.57,44.74,20,195,230,3499807.52,35759.89,38774.89,3015.0,77,6.0,2.43,False
711189,firm_5,261,553.93,44.74,21,410,241,3508392.16,10224.18,14402.18,4178.0,26,6.0,2.43,False
711189,firm_5,262,498.54,42.5,21,577,241,3539178.62,31878.96,36891.96,5013.0,74,6.0,2.43,False
711189,firm_5,263,448.69,40.38,21,687,241,3591246.03,53215.39,58778.39,5563.0,131,6.0,2.53,False
711189,firm_5,264,471.12,38.36,21,861,241,3615372.51,25132.04,31565.04,6433.0,67,6.0,2.53,False
711189,firm_5,265,518.23,38.36,22,1106,253,3610220.43,-3608.16,4145.84,7754.0,8,6.0,2.43,False
711189,firm_5,266,466.41,36.44,21,1347,241,3600592.19,-8863.0,0.0,8863.0,0,6.0,2.33,False
711189,firm_5,267,443.09,34.62,22,1600,253,3588906.55,-10224.0,0.0,10224.0,0,6.0,2.33,False
711189,firm_5,268,398.78,34.62,23,1864,264,3575778.29,-11632.0,0.0,11632.0,0,6.0,2.33,False
711189,firm_5,269,358.9,38.08,24,1422,276,3822236.57,248172.2,257690.2,9518.0,718,6.0,2.43,False
711189,firm_5,270,340.96,36.18,24,828,276,4111355.45,290087.2,296635.2,6548.0,870,6.0,2.53,False
711189,firm_5,271,323.91,37.99,24,220,276,4393072.13,282828.44,286336.44,3508.0,884,6.0,2.53,False
711189,firm_5,272,291.52,39.89,25,0,288,4537063.04,145588.16,148092.16,2504.0,508,6.0,2.63,False
711189,firm_5,273,262.37,35.9,26,0,299,4611486.27,75856.63,78448.63,2592.0,299,6.0,2.63,False
711189,firm_5,274,236.13,32.31,26,0,299,4678657.08,68010.87,70602.87,2592.0,299,6.0,2.63,False
711189,firm_5,275,236.13,32.31,26,0,299,4745627.89,68010.87,70602.87,2592.0,299,6.0,2.63,False
711189,firm_5,276,259.74,35.54,26,0,299,4819774.11,75070.26,77662.26,2592.0,299,6.0,2.63,False
711189,firm_5,277,285.71,37.32,26,299,299,4814716.79,-4087.0,0.0,4087.0,0,6.0,2.63,False
711189,firm_5,278,300.0,37.32,27,610,311,4807371.15,-5738.0,0.0,5738.0,0,6.0,2.73,False
711189,firm_5,279,270.0,41.05,27,0,311,5052044.8,245982.0,248670.0,2688.0,921,6.0,2.73,False
711189,firm_5,280,297.0,39.0,27,311,311,5046548.8,-4243.0,0.0,4243.0,0,6.0,2.63,False
711189,firm_5,281,297.0,42.9,26,610,299,5039491.4,-5642.0,0.0,5642.0,0,6.0,2.73,False
711189,firm_5,282,326.7,42.9,25,898,288,5031224.9,-6994.0,0.0,6994.0,0,6.0,2.63,False
711189,firm_5,283,343.04,38.61,25,1186,288,5021625.65,-8434.0,0.0,8434.0,0,6.0,2.63,False
711189,firm_5,284,308.74,42.47,24,1462,276,5010588.37,-9718.0,0.0,9718.0,0,6.0,2.73,False
711189,firm_5,285,277.87,44.59,24,1740,278,4998194.21,-11124.0,0.0,11124.0,0,6.0,2.63,False
711189,firm_5,286,277.87,42.36,24,2016,276,4984389.57,-12488.0,0.0,12488.0,0,6.0,2.73,False
711189,firm_5,287,263.98,42.36,23,2280,264,4969503.29,-13712.0,0.0,13712.0,0,6.0,2.73,False
711189,firm_5,288,237.58,40.24,23,1829,263,5126760.89,158183.12,169632.12,11449.0,714,6.0,2.63,False
711189,firm_5,289,249.46,44.26,24,1661,276,5225245.89,100047.24,110760.24,10713.0,444,6.0,2.63,False
711189,firm_5,290,224.51,48.69,25,440,289,5557526.74,334298.1,339010.1,4712.0,1510,6.0,2.73,False
711189,firm_5,291,224.51,46.26,25,729,289,5550113.24,-6157.0,0.0,6157.0,0,6.0,2.83,False
711189,firm_5,292,202.06,48.57,26,0,300,5753370.16,205319.74,207919.74,2600.0,1029,6.0,2.93,False
711189,firm_5,293,181.85,43.71,25,0,288,5801946.21,49868.8,52372.8,2504.0,288,6.0,2.93,False
711189,firm_5,294,172.76,43.71,25,0,288,5848104.34,47250.88,49754.88,2504.0,288,6.0,2.93,False
711189,firm_5,295,181.4,41.52,26,0,300,5898144.82,51820.0,54420.0,2600.0,300,6.0,2.83,False
711189,firm_5,296,199.54,43.6,27,0,312,5955828.1,59560.48,62256.48,2696.0,312,6.0,2.73,False
711189,firm_5,297,219.49,43.6,28,0,323,6022018.57,68111.27,70895.27,2784.0,323,6.0,2.73,False
711189,firm_5,298,219.49,47.96,29,335,335,6015472.73,-4555.0,0.0,4555.0,0,6.0,2.83,False
711189,firm_5,299,230.46,45.56,28,566,323,6029585.37,15588.32,21202.32,5614.0,92,6.0,2.73,False
711189,firm_5,300,241.98,50.12,28,891,325,6020927.01,-7255.0,0.0,7255.0,0,6.0,2.63,False
711189,firm_5,301,217.78,55.13,27,1097,314,6034461.74,15323.24,23520.24,8197.0,108,6.0,2.73,False
711189,firm_5,302,206.89,60.64,27,435,314,6229862.1,197037.64,201924.64,4887.0,976,6.0,2.63,False
711189,firm_5,303,196.55,66.7,28,0,325,6374072.5,146578.0,149378.0,2800.0,760,6.0,2.63,False
711189,firm_5,304,216.21,66.7,29,0,337,6441404.97,69966.77,72862.77,2896.0,337,6.0,2.53,False
711189,firm_5,305,205.4,66.7,30,0,349,6507396.57,68692.6,71684.6,2992.0,349,6.0,2.43,False
711189,firm_5,306,215.67,60.03,29,337,337,6500974.7,-4581.0,0.0,4581.0,0,6.0,2.53,False
711189,firm_5,307,194.1,54.03,30,0,349,6628714.4,130160.6,133152.6,2992.0,686,6.0,2.63,False
711189,firm_5,308,194.1,59.43,31,0,360,6692968.07,66796.0,69876.0,3080.0,360,6.0,2.63,False
711189,firm_5,309,213.51,56.46,32,372,372,6685425.35,-5036.0,0.0,5036.0,0,6.0,2.63,False
711189,firm_5,310,234.86,56.46,32,744,372,6676422.63,-6896.0,0.0,6896.0,0,6.0,2.73,False
711189,firm_5,311,234.86,56.46,32,1070,372,6676693.47,2277.56,10803.56,8526.0,46,6.0,2.73,False
711189,firm_5,312,211.37,50.81,31,1128,360,6730232.1,55113.74,63833.74,8720.0,302,6.0,2.73,False
711189,firm_5,313,221.94,50.81,31,1346,360,6750062.47,21705.48,31515.48,9810.0,142,6.0,2.83,False
711189,firm_5,314,199.75,55.89,31,1235,360,6832857.13,84827.25,94082.25,9255.0,471,6.0,2.93,False
711189,firm_5,315,179.78,55.89,30,0,349,7112959.95,281779.52,284771.52,2992.0,1584,6.0,2.93,False
711189,firm_5,316,197.76,55.89,31,360,360,7105547.36,-4880.0,0.0,4880.0,0,6.0,3.03,False
711189,firm_5,317,217.54,58.68,30,709,349,7097249.96,-6537.0,0.0,6537.0,0,6.0,3.03,False
711189,firm_5,318,217.54,64.55,30,1058,349,7086731.46,-8282.0,0.0,8282.0,0,6.0,3.13,False
711189,firm_5,319,206.66,61.32,30,1407,349,7074864.86,-10027.0,0.0,10027.0,0,6.0,3.13,False
711189,firm_5,320,227.33,58.25,30,1756,349,7061145.36,-11772.0,0.0,11772.0,0,6.0,3.13,False
711189,firm_5,321,204.6,64.08,30,2069,349,7053051.56,-5971.4,7365.6,13337.0,36,6.0,3.13,False
711189,firm_5,322,194.37,57.67,31,1324,357,7255183.53,204519.74,214195.74,9676.0,1102,6.0,3.23,False
711189,firm_5,323,184.65,57.67,31,943,357,7381596.46,128500.7,136271.7,7771.0,738,6.0,3.33,False
711189,firm_5,324,184.65,63.44,32,0,369,7618175.18,239108.8,242260.8,3152.0,1312,6.0,3.23,False
711189,firm_5,325,166.18,69.78,33,0,384,7675813.56,60541.12,63813.12,3272.0,384,6.0,3.33,False
711189,firm_5,326,182.8,62.8,33,0,384,7740664.36,66923.2,70195.2,3272.0,384,6.0,3.23,False
711189,firm_5,327,191.94,59.66,33,0,384,7809128.54,70432.96,73704.96,3272.0,384,6.0,3.13,False
711189,firm_5,328,211.13,59.66,33,0,380,7884149.16,76989.4,80229.4,3240.0,380,6.0,3.13,False
711189,firm_5,329,221.69,56.68,32,369,369,7877138.4,-4997.0,0.0,4997.0,0,6.0,3.13,False
711189,firm_5,330,232.77,53.85,33,749,380,7867876.35,-6985.0,0.0,6985.0,0,6.0,3.13,False
711189,firm_5,331,209.49,51.16,33,1067,380,7870601.45,4413.38,12988.38,8575.0,62,6.0,3.03,False
711189,firm_5,332,199.02,51.16,34,711,392,8010337.97,141975.96,148866.96,6891.0,748,6.0,3.03,False
711189,firm_5,333,179.12,51.16,34,0,392,8202831.89,194233.36,197569.36,3336.0,1103,6.0,3.03,False
711189,firm_5,334,170.16,56.28,35,0,403,8265312.57,65150.48,68574.48,3424.0,403,6.0,3.03,False
711189,firm_5,335,187.18,59.09,35,0,403,8335053.96,72009.54,75433.54,3424.0,403,6.0,3.03,False
711189,firm_5,336,205.9,65.0,34,0,392,8410020.76,77376.8,80712.8,3336.0,392,6.0,2.93,False
711189,firm_5,337,226.49,61.75,34,71,392,8476733.55,69012.29,72703.29,3691.0,321,6.0,2.83,False
711189,firm_5,338,249.14,67.93,34,82,395,8566223.69,91899.76,95669.76,3770.0,384,6.0,2.93,False
711189,firm_5,339,249.14,71.33,34,256,395,8614218.41,50419.94,55059.94,4640.0,221,6.0,2.93,False
711189,firm_5,340,224.23,74.9,35,17,407,8752108.49,141311.58,144852.58,3541.0,646,6.0,3.03,False
711189,firm_5,341,235.44,67.41,36,436,419,8743449.73,-5732.0,0.0,5732.0,0,6.0,3.03,False
711189,firm_5,342,211.9,70.78,36,0,419,8918524.15,177622.5,181174.5,3552.0,855,6.0,2.93,False
711189,firm_5,343,233.09,77.86,35,407,407,8910108.05,-5491.0,0.0,5491.0,0,6.0,2.93,False
711189,firm_5,344,256.4,73.97,35,814,407,8899693.1,-7526.0,0.0,7526.0,0,6.0,3.03,False
711189,firm_5,345,282.04,66.57,35,1221,407,8887802.15,-9561.0,0.0,9561.0,0,6.0,3.03,False
711189,firm_5,346,267.94,73.23,35,1628,407,8873343.1,-11596.0,0.0,11596.0,0,6.0,3.13,False
711189,firm_5,347,254.54,80.55,36,2046,418,8855969.3,-13774.0,0.0,13774.0,0,6.0,3.03,False
711189,firm_5,348,229.09,84.58,37,1525,430,9058839.43,206599.59,217864.59,11265.0,951,6.0,3.13,False
711189,firm_5,349,206.18,80.35,36,341,419,9381196.37,325249.54,330506.54,5257.0,1603,6.0,3.13,False
711189,firm_5,350,195.87,76.33,36,0,419,9523757.69,145309.2,148861.2,3552.0,760,6.0,3.13,False
711189,firm_5,351,205.66,68.7,37,0,430,9605509.59,84793.8,88433.8,3640.0,430,6.0,3.03,False
711189,firm_5,352,205.66,75.57,36,0,419,9685208.61,82619.54,86171.54,3552.0,419,6.0,3.03,False
711189,firm_5,353,215.94,83.13,37,0,432,9771062.88,89630.08,93286.08,3656.0,432,6.0,3.03,False
711189,firm_5,354,226.74,74.82,38,443,443,9761660.72,-5959.0,0.0,5959.0,0,6.0,3.13,False
711189,firm_5,355,249.41,82.3,38,886,443,9750059.32,-8174.0,0.0,8174.0,0,6.0,3.23,False
711189,firm_5,356,224.47,82.3,38,1329,443,9736242.92,-10389.0,0.0,10389.0,0,6.0,3.33,False
711189,firm_5,357,224.47,90.53,38,1500,443,9782614.62,49811.84,61055.84,11244.0,272,6.0,3.33,False
711189,firm_5,358,246.92,81.48,38,1633,443,9843854.58,64636.2,76545.2,11909.0,310,6.0,3.43,False
711189,firm_5,359,222.23,89.63,37,1247,432,10012131.41,171893.14,181784.14,9891.0,818,6.0,3.53,False
711189,firm_5,360,244.45,94.11,36,1506,420,10036809.9,28266.45,39356.45,11090.0,161,6.0,3.43,False
711189,firm_5,361,220.0,98.82,36,1782,420,10052262.38,19210.0,31680.0,12470.0,144,6.0,3.33,False
711189,firm_5,362,220.0,98.82,36,2196,420,10035184.86,-13220.0,1320.0,14540.0,6,6.0,3.43,False
711189,firm_5,363,242.0,98.82,37,2605,432,10019613.52,-11115.0,5566.0,16681.0,23,6.0,3.53,False
711189,firm_5,364,217.8,103.76,37,2190,432,10185545.0,169870.6,184476.6,14606.0,847,6.0,3.63,False
711189,firm_5,365,196.02,93.38,38,1211,443,10450238.0,268941.44,278740.44,9799.0,1422,6.0,3.53,False
711189,firm_6,1,28.42,22.0,24,0,276,113270.0,6989.8,7843.92,854.12,276,0.37,0.5,False
711189,firm_6,2,25.58,23.1,25,0,287,118553.77,6461.27,7341.46,880.19,287,0.37,0.6,False
711189,firm_6,3,26.86,21.94,26,0,297,124342.01,7058.68,7977.42,918.74,297,0.42,0.6,False
711189,firm_6,4,28.2,21.94,26,0,297,131128.23,7456.66,8375.4,918.74,297,0.42,0.7,False
711189,firm_6,5,29.61,20.84,26,0,297,138361.82,7875.43,8794.17,918.74,297,0.42,0.8,False
711189,firm_6,6,31.09,22.92,27,0,310,145830.68,8687.7,9637.9,950.2,310,0.42,0.9,False
711189,firm_6,7,31.09,20.63,28,0,320,153727.44,8974.4,9948.8,974.4,320,0.42,0.8,False
711189,firm_6,8,31.09,19.6,28,0,320,162153.04,8974.4,9948.8,974.4,320,0.42,0.7,False
711189,firm_6,9,31.09,19.6,29,0,332,170303.08,9318.44,10321.88,1003.44,332,0.42,0.8,False
711189,firm_6,10,34.2,19.6,30,0,342,179783.84,10668.76,11696.4,1027.64,342,0.42,0.9,False
711189,firm_6,11,35.91,21.56,31,0,353,190019.8,11604.32,12676.23,1071.91,353,0.47,0.9,False
711189,firm_6,12,35.91,19.4,30,0,342,200574.28,11236.48,12281.22,1044.74,342,0.47,1.0,False
711189,firm_6,13,35.91,20.37,31,0,353,211047.13,11604.32,12676.23,1071.91,353,0.47,0.9,False
711189,firm_6,14,32.32,22.41,32,0,365,220425.26,10695.25,11796.8,1101.55,365,0.47,1.0,False
711189,firm_6,15,33.94,21.29,33,0,376,230536.61,11613.92,12761.44,1147.52,376,0.52,1.1,False
711189,firm_6,16,30.55,23.42,33,0,376,240003.03,10339.28,11486.8,1147.52,376,0.52,1.2,False
711189,firm_6,17,29.02,22.25,32,0,365,248445.28,9454.25,10592.3,1138.05,365,0.57,1.3,False
711189,firm_6,18,27.57,24.48,33,0,378,256168.54,9231.1,10421.46,1190.36,378,0.62,1.2,False
711189,firm_6,19,26.19,22.03,33,0,376,263885.07,8643.52,9847.44,1203.92,376,0.67,1.2,False
711189,firm_6,20,26.19,23.13,34,0,388,271524.41,8925.76,10161.72,1235.96,388,0.67,1.1,False
711189,firm_6,21,24.88,21.97,33,0,376,278950.36,8150.96,9354.88,1203.92,376,0.67,1.1,False
711189,firm_6,22,23.64,19.77,32,0,365,285453.52,7435.8,8628.6,1192.8,365,0.72,1.2,False
711189,firm_6,23,24.82,18.78,32,0,365,292500.81,7848.25,9059.3,1211.05,365,0.77,1.1,False
711189,firm_6,24,26.06,17.84,32,0,365,299912.53,8282.6,9511.9,1229.3,365,0.82,1.2,False
711189,firm_6,25,28.67,19.62,31,0,353,308011.71,8907.4,10120.51,1213.11,353,0.87,1.2,False
711189,firm_6,26,28.67,21.58,32,0,366,315845.65,9224.5,10493.22,1268.72,366,0.92,1.1,False
711189,firm_6,27,27.24,23.74,33,0,378,323336.29,8974.06,10296.72,1322.66,378,0.97,1.0,False
711189,firm_6,28,29.96,26.11,33,0,380,332430.86,10056.2,11384.8,1328.6,380,0.97,1.1,False
711189,firm_6,29,29.96,24.8,32,0,368,341151.18,9713.92,11025.28,1311.36,368,1.02,1.1,False
711189,firm_6,30,26.96,27.28,32,0,368,348888.14,8609.92,9921.28,1311.36,368,1.02,1.1,False
711189,firm_6,31,29.66,25.92,31,0,357,357177.25,9292.63,10588.62,1295.99,357,1.07,1.0,False
711189,firm_6,32,26.69,27.22,32,0,368,363979.97,8473.76,9821.92,1348.16,368,1.12,1.1,False
711189,firm_6,33,24.02,27.22,33,0,381,370244.61,7762.9,9151.62,1388.72,381,1.12,1.2,False
711189,firm_6,34,26.42,27.22,32,0,368,377747.97,8374.4,9722.56,1348.16,368,1.12,1.2,False
711189,firm_6,35,27.74,24.5,33,0,380,385595.07,9155.6,10541.2,1385.6,380,1.12,1.1,False
711189,firm_6,36,29.13,25.72,33,0,380,394330.11,9683.8,11069.4,1385.6,380,1.12,1.2,False
711189,firm_6,37,32.04,24.43,34,0,392,404136.13,11136.64,12559.68,1423.04,392,1.12,1.1,False
711189,firm_6,38,32.04,26.87,34,0,392,414039.59,11117.04,12559.68,1442.64,392,1.17,1.2,False
711189,firm_6,39,33.64,25.53,35,0,404,424755.92,12109.88,13590.56,1480.68,404,1.17,1.1,False
711189,firm_6,40,37.0,22.98,34,0,391,437002.13,13027.53,14467.0,1439.47,391,1.17,1.0,False
711189,firm_6,41,37.0,22.98,34,0,391,449028.79,13007.98,14467.0,1459.02,391,1.22,0.9,False
711189,firm_6,42,38.85,25.28,34,0,392,461936.23,13766.96,15229.2,1462.24,392,1.22,0.8,False
711189,firm_6,43,38.85,26.54,35,0,404,474701.85,14194.52,15695.4,1500.88,404,1.22,0.8,False
711189,firm_6,44,40.79,26.54,34,0,393,488364.5,14565.01,16030.47,1465.46,393,1.22,0.8,False
711189,firm_6,45,44.87,23.89,35,0,404,503654.95,16626.6,18127.48,1500.88,404,1.22,0.8,False
711189,firm_6,46,49.36,25.08,36,0,416,521246.31,18994.24,20533.76,1539.52,416,1.22,0.7,False
711189,firm_6,47,51.83,22.57,36,0,416,540455.55,20021.76,21561.28,1539.52,416,1.22,0.7,False
711189,firm_6,48,57.01,23.7,36,0,416,561558.19,22155.84,23716.16,1560.32,416,1.27,0.7,False
711189,firm_6,49,62.71,26.07,37,0,428,585112.52,25218.92,26839.88,1620.96,428,1.32,0.6,False
711189,firm_6,50,62.71,23.46,38,0,439,609371.3,25850.26,27529.69,1679.43,439,1.37,0.5,False
711189,firm_6,51,68.98,23.46,39,0,451,637123.92,29367.56,31109.98,1742.42,451,1.42,0.5,False
711189,firm_6,52,72.43,21.11,38,0,439,666195.18,30073.44,31796.77,1723.33,439,1.47,0.5,False
711189,firm_6,53,72.43,19.0,39,0,448,695648.26,30694.08,32448.64,1754.56,448,1.47,0.4,False
711189,firm_6,54,68.81,18.05,40,0,460,724282.66,29856.4,31652.6,1796.2,460,1.47,0.4,False
711189,firm_6,55,75.69,17.15,41,0,471,756571.58,33792.07,35649.99,1857.92,471,1.52,0.5,False
711189,firm_6,56,83.26,17.15,41,0,471,793125.97,37357.54,39215.46,1857.92,471,1.52,0.6,False
711189,firm_6,57,91.59,15.43,40,0,460,832820.97,40312.2,42131.4,1819.2,460,1.52,0.5,False
711189,firm_6,58,96.17,16.2,40,0,460,874591.97,42419.0,44238.2,1819.2,460,1.52,0.4,False
711189,firm_6,59,100.98,17.82,40,0,459,918413.31,44534.14,46349.82,1815.68,459,1.52,0.4,False
711189,firm_6,60,106.03,18.71,41,0,472,965330.92,48184.72,50046.16,1861.44,472,1.52,0.4,False
711189,firm_6,61,116.63,20.58,41,0,472,1017451.46,53164.32,55049.36,1885.04,472,1.57,0.3,False
711189,firm_6,62,128.29,19.55,42,0,483,1076170.12,60039.76,61964.07,1924.31,483,1.57,0.2,False
711189,firm_6,63,141.12,19.55,42,0,483,1141485.67,66236.65,68160.96,1924.31,483,1.57,0.3,False
711189,firm_6,64,148.18,18.57,42,0,483,1210128.21,69622.48,71570.94,1948.46,483,1.62,0.2,False
711189,firm_6,65,155.59,16.71,43,0,495,1283934.83,75025.15,77017.05,1991.9,495,1.62,0.1,False
711189,firm_6,66,155.59,15.87,42,0,483,1356469.8,73201.51,75149.97,1948.46,483,1.62,0.1,False
711189,firm_6,67,140.03,15.08,42,0,483,1421522.47,65686.03,67634.49,1948.46,483,1.62,0.1,False
711189,firm_6,68,154.03,16.59,43,0,494,1494411.64,74102.54,76090.82,1988.28,494,1.62,0.1,False
711189,firm_6,69,154.03,15.76,43,0,493,1567686.09,73952.13,75936.79,1984.66,493,1.62,0.1,False
711189,firm_6,70,146.33,14.97,43,0,493,1636973.76,70131.38,72140.69,2009.31,493,1.67,0.1,False
711189,firm_6,71,160.96,15.72,44,208,505,1680493.85,44711.77,47805.12,3093.35,297,1.67,0.1,False
711189,firm_6,72,177.06,16.51,44,675,505,1680967.34,1299.93,6728.28,5428.35,38,1.67,0.2,False
711189,firm_6,73,168.21,15.68,45,1140,516,1680220.93,759.19,8578.71,7819.52,51,1.72,0.3,False
711189,firm_6,74,151.39,16.46,44,1108,505,1753174.52,73677.83,81296.43,7618.6,537,1.72,0.3,False
711189,firm_6,75,136.25,16.46,43,489,493,1899397.78,147031.04,151510.0,4478.96,1112,1.72,0.4,False
711189,firm_6,76,136.25,15.64,44,601,505,1946572.27,48462.65,53546.25,5083.6,393,1.72,0.5,False
711189,firm_6,77,136.25,14.08,45,761,517,1987825.83,42687.16,48641.25,5954.09,357,1.77,0.6,False
711189,firm_6,78,122.62,13.38,46,352,528,2097428.33,110917.98,114894.94,3976.96,937,1.82,0.6,False
711189,firm_6,79,128.75,14.72,47,259,540,2174177.44,77940.95,81498.75,3557.8,633,1.82,0.5,False
711189,firm_6,80,135.19,16.19,47,630,540,2190850.82,17434.31,22847.11,5412.8,169,1.82,0.4,False
711189,firm_6,81,128.43,17.0,46,652,528,2249251.04,59482.22,64985.58,5503.36,506,1.87,0.5,False
711189,firm_6,82,134.85,17.85,46,1023,528,2262243.03,13813.09,21171.45,7358.36,157,1.87,0.5,False
711189,firm_6,83,121.36,18.74,46,467,530,2388491.85,127210.86,131796.96,4586.1,1086,1.87,0.6,False
711189,firm_6,84,109.22,18.74,45,0,519,2493030.94,105482.39,107690.92,2208.53,986,1.87,0.7,False
711189,firm_6,85,98.3,20.61,44,0,508,2539669.14,47745.04,49936.4,2191.36,508,1.92,0.6,False
711189,firm_6,86,103.22,18.55,43,0,496,2587924.29,49052.8,51197.12,2144.32,496,1.92,0.5,False
711189,firm_6,87,103.22,19.48,42,0,485,2634742.38,47936.25,50061.7,2125.45,485,1.97,0.6,False
711189,firm_6,88,113.54,17.53,43,0,494,2687416.17,53927.58,56088.76,2161.18,494,1.97,0.6,False
711189,firm_6,89,124.89,16.65,43,31,496,2742125.15,55724.93,58073.85,2348.92,465,2.02,0.7,False
711189,firm_6,90,124.89,17.48,42,0,483,2803442.79,62051.8,64193.46,2141.66,514,2.02,0.7,False
711189,firm_6,91,137.38,15.73,42,184,482,2840563.73,37881.6,40939.24,3057.64,298,2.02,0.8,False
711189,firm_6,92,151.12,15.73,42,408,485,2875055.69,35252.62,39442.32,4189.7,261,2.02,0.9,False
711189,firm_6,93,143.56,17.3,43,522,496,2923622.99,50011.2,54839.92,4828.72,382,2.07,0.8,False
711189,firm_6,94,136.38,18.17,44,575,508,2979133.85,56910.34,62052.9,5142.56,455,2.07,0.9,False
711189,firm_6,95,150.02,17.26,45,1037,519,2978810.96,1053.81,8551.14,7497.33,57,2.07,1.0,False
711189,firm_6,96,135.02,18.12,45,1338,519,2998427.59,20432.03,29434.36,9002.33,218,2.07,1.0,False
711189,firm_6,97,148.52,19.93,46,1799,531,2996051.04,-959.77,10396.4,11356.17,70,2.07,0.9,False
711189,firm_6,98,148.52,17.94,45,2225,519,2995392.82,349.08,13812.36,13463.28,93,2.12,0.9,False
711189,firm_6,99,148.52,19.73,46,2756,531,2977817.52,-16167.72,0.0,16167.72,0,2.12,0.8,False
711189,firm_6,100,148.52,17.76,47,3295,542,2957920.32,-18462.48,445.56,18908.04,3,2.12,0.9,False
711189,firm_6,101,133.67,18.65,47,3824,542,2937001.34,-19842.43,1737.71,21580.14,13,2.17,0.8,False
711189,firm_6,102,120.3,19.58,48,3738,554,2991125.62,55764.12,76992.0,21227.88,640,2.22,0.8,False
711189,firm_6,103,120.3,20.56,47,3936,544,3009507.42,19448.12,41623.8,22175.68,346,2.22,0.9,False
711189,firm_6,104,114.28,21.59,46,3048,531,3152670.23,144455.95,162163.32,17707.37,1419,2.27,1.0,False
711189,firm_6,105,108.57,23.75,47,1954,545,3316375.81,165621.83,177946.23,12324.4,1639,2.32,1.1,False
711189,firm_6,106,108.57,22.56,46,2487,533,3300073.84,-14964.21,0.0,14964.21,0,2.37,1.2,False
711189,firm_6,107,97.71,23.69,47,650,545,3525046.73,226886.32,232745.22,5858.9,2382,2.42,1.3,False
711189,firm_6,108,102.6,22.51,46,149,533,3626472.16,102760.89,106088.4,3327.51,1034,2.47,1.4,False
711189,firm_6,109,102.6,22.51,46,266,533,3663879.14,38742.44,42681.6,3939.16,416,2.52,1.5,False
711189,firm_6,110,112.86,22.51,47,102,544,3738829.97,76708.8,79904.88,3196.08,708,2.57,1.4,False
711189,firm_6,111,107.22,24.76,46,0,533,3803039.9,65448.89,68084.7,2635.81,635,2.57,1.5,False
711189,firm_6,112,112.58,24.76,46,533,533,3796600.13,-5300.81,0.0,5300.81,0,2.57,1.4,False
711189,firm_6,113,118.21,22.28,47,819,544,3818670.07,23717.1,30498.18,6781.08,258,2.57,1.5,False
711189,firm_6,114,112.3,20.05,48,1159,556,3832700.75,15693.08,24256.8,8563.72,216,2.62,1.5,False
711189,firm_6,115,101.07,18.05,47,477,542,3950245.94,118593.54,123709.68,5116.14,1224,2.67,1.5,False
711189,firm_6,116,101.07,17.15,48,0,554,4050111.03,101388.29,104203.17,2814.88,1031,2.72,1.5,False
711189,firm_6,117,106.12,18.01,48,135,554,4090220.95,40974.4,44464.28,3489.88,419,2.72,1.4,False
711189,firm_6,118,111.43,17.11,49,503,565,4105452.47,16569.91,21951.71,5381.8,197,2.72,1.3,False
711189,firm_6,119,105.86,17.11,50,461,577,4164067.02,60270.05,65527.34,5257.29,619,2.77,1.4,False
711189,firm_6,120,111.15,16.25,49,503,564,4215557.59,52586.82,58020.3,5433.48,522,2.82,1.5,False
711189,firm_6,121,111.15,16.25,48,465,553,4274949.13,60471.54,65689.65,5218.11,591,2.87,1.6,False
711189,firm_6,122,111.15,16.25,48,357,553,4342861.17,68792.04,73470.15,4678.11,661,2.87,1.7,False
711189,firm_6,123,100.04,17.06,49,0,564,4430387.19,89161.96,92136.84,2974.88,921,2.92,1.8,False
711189,firm_6,124,100.04,15.35,48,0,553,4482051.75,52401.36,55322.12,2920.76,553,2.92,1.7,False
711189,firm_6,125,110.04,13.82,47,0,541,4537845.08,56642.87,59531.64,2888.77,541,2.97,1.7,False
711189,firm_6,126,121.04,13.13,48,126,552,4584376.84,47962.0,51563.04,3601.04,426,3.02,1.8,False
711189,firm_6,127,133.14,13.79,49,675,563,4578335.68,-4565.45,1863.96,6429.41,14,3.07,1.9,False
711189,firm_6,128,146.45,13.1,50,1250,575,4567815.43,-9365.25,0.0,9365.25,0,3.07,1.8,False
711189,firm_6,129,131.8,12.44,51,1414,586,4611730.27,45349.28,55619.6,10270.32,422,3.12,1.9,False
711189,firm_6,130,144.98,11.2,50,1903,567,4609632.32,-1337.95,11308.44,12646.39,78,3.17,1.8,False
711189,firm_6,131,137.73,11.76,50,1982,568,4663247.73,54303.41,67349.97,13046.56,489,3.17,1.9,False
711189,firm_6,132,123.96,10.58,49,1642,556,4762185.15,99755.84,111068.16,11312.32,896,3.22,2.0,False
711189,firm_6,133,111.56,10.05,48,1024,545,4882954.88,121552.13,129744.28,8192.15,1163,3.27,2.1,False
711189,firm_6,134,105.98,10.05,48,0,545,5045455.7,163183.22,166282.62,3099.4,1569,3.32,2.1,False
711189,firm_6,135,116.58,10.55,47,41,533,5098850.0,54090.15,57357.36,3267.21,492,3.37,2.0,False
711189,firm_6,136,116.58,10.02,47,539,534,5096813.36,-1565.7,4196.88,5762.58,36,3.37,1.9,False
711189,firm_6,137,128.24,11.02,48,1084,545,5087010.5,-8573.9,0.0,8573.9,0,3.42,1.8,False
711189,firm_6,138,121.83,11.02,48,1171,545,5133043.53,46761.99,55798.14,9036.15,458,3.47,1.8,False
711189,firm_6,139,127.92,10.47,47,1448,533,5154716.8,22365.36,32747.52,10382.16,256,3.52,1.7,False
711189,firm_6,140,121.52,10.0,46,1638,522,5183103.9,29047.1,40344.64,11297.54,332,3.57,1.6,False
711189,firm_6,141,121.52,10.0,47,1462,533,5257812.77,75678.87,86157.68,10478.81,709,3.57,1.5,False
711189,firm_6,142,109.37,10.5,47,785,533,5382336.51,125217.24,132337.7,7120.46,1210,3.62,1.4,False
711189,firm_6,143,109.37,10.5,48,483,544,5467860.05,86827.54,92527.02,5699.48,846,3.67,1.5,False
711189,firm_6,144,114.84,11.55,49,0,556,5582660.34,115966.24,119318.76,3352.52,1039,3.67,1.6,False
711189,firm_6,145,126.32,12.71,49,531,556,5579188.03,-2849.52,3158.0,6007.52,25,3.67,1.5,False
711189,firm_6,146,126.32,12.07,50,612,567,5632901.16,54916.63,61391.52,6474.89,486,3.67,1.6,False
711189,firm_6,147,113.69,11.47,51,0,578,5763401.13,131784.94,135291.1,3506.16,1190,3.72,1.6,False
711189,firm_6,148,119.37,12.04,52,0,590,5828799.05,66824.0,70428.3,3604.3,590,3.77,1.7,False
711189,firm_6,149,131.31,12.04,52,590,590,5821289.17,-6583.8,0.0,6583.8,0,3.82,1.8,False
711189,firm_6,150,118.18,12.64,52,421,590,5904491.71,83959.82,89698.62,5738.8,759,3.82,1.9,False
711189,firm_6,151,130.0,12.01,53,660,601,5943417.36,40062.18,47060.0,6997.82,362,3.82,1.8,False
711189,firm_6,152,123.5,12.01,54,0,612,6095598.98,153330.16,157092.0,3761.84,1272,3.82,1.7,False
711189,firm_6,153,135.85,10.81,55,206,623,6146298.02,51793.59,56649.45,4855.86,417,3.82,1.7,False
711189,firm_6,154,142.64,11.89,56,770,640,6147966.02,3033.84,10840.64,7806.8,76,3.87,1.6,False
711189,firm_6,155,156.9,11.89,55,1386,622,6137372.33,-9839.74,941.4,10781.14,6,3.87,1.7,False
711189,firm_6,156,141.21,12.48,55,1254,622,6232806.03,96320.1,106472.34,10152.24,754,3.92,1.7,False
711189,firm_6,157,141.21,13.73,56,1387,639,6292071.53,60534.38,71452.26,10917.88,506,3.92,1.6,False
711189,firm_6,158,155.33,15.1,57,2011,658,6281608.79,-8902.04,5281.22,14183.26,34,3.97,1.6,False
711189,firm_6,159,147.56,15.86,56,2014,648,6361758.27,81037.64,95176.2,14138.56,645,3.97,1.6,False
711189,firm_6,160,154.94,14.27,56,2191,642,6417786.41,57027.26,72047.1,15019.84,465,4.02,1.6,False
711189,firm_6,161,147.19,13.56,57,2103,654,6510843.69,94530.2,109214.98,14684.78,742,4.07,1.6,False
711189,firm_6,162,147.19,12.88,56,1982,639,6607766.13,97843.72,111864.4,14020.68,760,4.12,1.6,False
711189,firm_6,163,132.47,13.52,57,1435,653,6753988.13,147592.64,158964.0,11371.36,1200,4.12,1.7,False
711189,firm_6,164,125.85,12.17,56,466,633,6948282.7,195176.09,201611.7,6435.61,1602,4.17,1.6,False
711189,firm_6,165,132.14,12.78,57,108,644,7074745.04,127690.8,132404.28,4713.48,1002,4.17,1.5,False
711189,firm_6,166,138.75,13.42,58,699,655,7074377.58,1110.9,8880.0,7769.1,64,4.22,1.5,False
711189,firm_6,167,124.88,12.08,59,615,666,7159074.04,86209.18,93660.0,7450.82,750,4.27,1.6,False
711189,firm_6,168,112.39,11.48,59,0,667,7297865.26,139668.54,144083.98,4415.44,1282,4.32,1.5,False
711189,firm_6,169,123.63,10.91,59,544,666,7304842.01,7920.44,15082.86,7162.42,122,4.37,1.6,False
711189,firm_6,170,129.81,11.46,60,974,678,7326124.53,22770.12,32192.88,9422.76,248,4.42,1.7,False
711189,firm_6,171,116.83,10.89,59,483,666,7453430.31,128248.29,135172.31,6924.02,1157,4.47,1.8,False
711189,firm_6,172,116.83,10.0,60,0,676,7583062.56,130832.25,135405.97,4573.72,1159,4.47,1.9,False
711189,firm_6,173,122.67,10.0,59,0,665,7659212.31,77039.75,81575.55,4535.8,665,4.52,2.0,False
711189,firm_6,174,128.8,10.0,60,0,677,7740595.87,82583.56,87197.6,4614.04,677,4.52,2.1,False
711189,firm_6,175,115.92,11.0,61,0,689,7814367.02,75142.15,79868.88,4726.73,689,4.57,2.1,False
711189,firm_6,176,127.51,11.0,61,0,688,7896368.34,82972.32,87726.88,4754.56,688,4.62,2.2,False
711189,firm_6,177,114.76,11.55,62,0,699,7970542.1,75389.86,80217.24,4827.38,699,4.62,2.2,False
711189,firm_6,178,103.28,12.71,63,0,713,8037624.3,68682.93,73638.64,4955.71,713,4.67,2.3,False
711189,firm_6,179,113.61,13.98,64,0,724,8113217.94,77188.36,82253.64,5065.28,724,4.72,2.3,False
711189,firm_6,180,124.97,13.98,64,0,724,8197736.22,85413.0,90478.28,5065.28,724,4.72,2.3,False
711189,firm_6,181,124.97,12.58,64,0,721,8281889.35,85058.25,90103.37,5045.12,721,4.72,2.4,False
711189,firm_6,182,131.22,12.58,65,0,732,8371405.65,90934.0,96053.04,5119.04,732,4.72,2.5,False
711189,firm_6,183,124.66,13.84,65,0,735,8456991.95,86485.9,91625.1,5139.2,735,4.72,2.4,False
711189,firm_6,184,137.13,15.22,65,0,735,8551654.0,95651.35,100790.55,5139.2,735,4.72,2.4,False
711189,firm_6,185,137.13,15.22,64,0,724,8644896.76,94216.84,99282.12,5065.28,724,4.72,2.4,False
711189,firm_6,186,137.13,15.22,65,0,735,8738958.81,95651.35,100790.55,5139.2,735,4.72,2.5,False
711189,firm_6,187,123.42,15.98,66,0,750,8824729.13,87325.0,92565.0,5240.0,750,4.72,2.4,False
711189,firm_6,188,135.76,15.98,65,73,735,8908059.35,84368.92,89873.12,5504.2,662,4.72,2.3,False
711189,firm_6,189,128.97,15.98,64,0,724,9004760.44,97723.81,102789.09,5065.28,797,4.72,2.2,False
711189,firm_6,190,141.87,16.78,64,282,724,9059917.78,56231.26,62706.54,6475.28,442,4.72,2.2,False
711189,firm_6,191,148.96,16.78,64,536,724,9121109.78,62265.92,70011.2,7745.28,470,4.72,2.1,False
711189,firm_6,192,141.51,16.78,65,198,731,9264354.4,145135.32,151274.19,6138.87,1069,4.77,2.2,False
711189,firm_6,193,155.66,17.62,66,623,750,9304888.48,42197.0,50589.5,8392.5,325,4.77,2.2,False
711189,firm_6,194,140.09,18.5,67,0,765,9491876.6,189027.62,194444.92,5417.3,1388,4.82,2.3,False
711189,firm_6,195,147.09,16.65,68,3,772,9597637.97,107593.57,113112.21,5518.64,769,4.87,2.3,False
711189,firm_6,196,147.09,14.98,69,102,783,9690385.55,94481.2,100609.56,6128.36,684,4.92,2.3,False
711189,firm_6,197,154.44,15.73,70,751,795,9701876.29,13091.84,22548.24,9456.4,146,4.92,2.3,False
711189,firm_6,198,146.72,14.16,69,112,776,9902139.33,201440.08,207608.8,6168.72,1415,4.97,2.2,False
711189,firm_6,199,146.72,14.87,70,0,787,10026574.97,126176.54,131901.28,5724.74,899,5.02,2.1,False
711189,firm_6,200,161.39,14.87,71,799,799,10014875.27,-9843.93,0.0,9843.93,0,5.07,2.2,False
711189,firm_6,201,145.25,15.61,71,258,799,10201023.08,187456.12,194635.0,7178.88,1340,5.12,2.2,False
711189,firm_6,202,159.78,15.61,70,917,788,10209807.04,10176.66,20611.62,10434.96,129,5.17,2.3,False
711189,firm_6,203,175.76,14.05,70,1518,787,10227982.11,19258.57,32691.36,13432.79,186,5.17,2.4,False
711189,firm_6,204,158.18,15.46,70,1829,787,10286866.45,60266.54,75293.68,15027.14,476,5.22,2.5,False
711189,firm_6,205,150.27,14.69,71,1471,798,10445479.12,160355.66,173712.12,13356.46,1156,5.27,2.4,False
711189,firm_6,206,142.76,16.16,72,264,812,10724384.2,280768.6,288232.44,7463.84,2019,5.32,2.4,False
711189,firm_6,207,157.04,15.35,73,1029,823,10720502.61,-2261.04,9108.32,11369.36,58,5.32,2.3,False
711189,firm_6,208,157.04,16.89,72,923,812,10852449.81,133363.28,144162.72,10799.44,918,5.37,2.2,False
711189,firm_6,209,157.04,16.05,73,1527,823,10871169.41,20491.25,34391.76,13900.51,219,5.37,2.3,False
711189,firm_6,210,172.74,15.25,73,2132,819,10889885.54,20029.38,36966.36,16936.98,214,5.42,2.3,False
711189,firm_6,211,164.1,16.78,72,2291,811,10977657.41,89280.03,106993.2,17713.17,652,5.47,2.4,False
711189,firm_6,212,155.89,15.94,73,1773,822,11169439.95,193646.16,208892.6,15246.44,1340,5.52,2.3,False
711189,firm_6,213,148.1,15.14,72,1105,810,11375325.47,207075.6,218891.8,11816.2,1478,5.52,2.4,False
711189,firm_6,214,140.7,16.65,72,209,810,11606484.17,232657.5,240034.2,7376.7,1706,5.57,2.5,False
711189,firm_6,215,140.7,16.65,73,0,822,11743407.88,138639.16,145061.7,6422.54,1031,5.57,2.4,False
711189,firm_6,216,154.77,18.32,73,0,822,11862868.92,120798.4,127220.94,6422.54,822,5.57,2.3,False
711189,firm_6,217,170.25,16.49,74,123,833,11974663.7,113715.04,120877.5,7162.46,710,5.62,2.2,False
711189,firm_6,218,178.76,17.31,74,505,832,12044518.32,71335.56,80442.0,9106.44,450,5.67,2.1,False
711189,firm_6,219,187.7,16.44,75,781,844,12138578.24,95992.92,106613.6,10620.68,568,5.72,2.0,False
711189,firm_6,220,178.31,17.26,75,570,844,12315592.91,178509.17,188117.05,9607.88,1055,5.77,2.0,False
711189,firm_6,221,160.48,17.26,74,0,833,12532455.05,218439.38,225153.44,6714.06,1403,5.82,2.1,False
711189,firm_6,222,160.48,17.26,75,0,844,12659063.39,128602.84,135445.12,6842.28,844,5.87,2.1,False
711189,firm_6,223,152.46,15.53,76,0,855,12780564.81,123381.7,130353.3,6971.6,855,5.92,2.0,False
711189,firm_6,224,167.71,16.31,77,0,866,12916887.08,138178.14,145236.86,7058.72,866,5.92,2.1,False
711189,firm_6,225,184.48,14.68,77,254,866,13020329.76,104573.04,112901.76,8328.72,612,5.92,2.1,False
711189,firm_6,226,193.7,16.15,78,1131,877,13005425.37,-12844.69,0.0,12844.69,0,5.97,2.2,False
711189,firm_6,227,184.02,14.53,77,1997,866,12986993.56,-17113.0,0.0,17113.0,0,6.0,2.1,False
711189,firm_6,228,202.42,13.8,76,2851,854,12964457.76,-21287.0,0.0,21287.0,0,6.0,2.1,False
711189,firm_6,229,182.18,13.11,75,3563,843,12962581.09,-893.42,23865.58,24759.0,131,6.0,2.0,False
711189,firm_6,230,173.07,13.77,76,4031,853,13000487.52,39452.95,66631.95,27179.0,385,6.0,2.0,False
711189,firm_6,231,155.76,13.77,75,4236,842,13070257.89,71103.12,99219.12,28116.0,637,6.0,2.1,False
711189,firm_6,232,163.55,15.15,76,4579,853,13122097.99,53491.5,83410.5,29919.0,510,6.0,2.1,False
711189,firm_6,233,163.55,16.67,77,4655,864,13218504.8,98490.4,128877.4,30387.0,788,6.0,2.2,False
711189,firm_6,234,179.91,15.84,77,4507,864,13369607.04,152421.92,182068.92,29647.0,1012,6.0,2.3,False
711189,firm_6,235,161.92,17.42,78,4178,875,13534609.96,166861.68,194951.68,28090.0,1204,6.0,2.3,False
711189,firm_6,236,145.73,16.55,77,3283,864,13766047.68,232812.07,256339.07,23527.0,1759,6.0,2.4,False
711189,firm_6,237,138.44,18.21,78,2091,875,14032627.78,268500.48,286155.48,17655.0,2067,6.0,2.3,False
711189,firm_6,238,131.52,16.39,77,0,863,14412571.83,381406.08,388510.08,7104.0,2954,6.0,2.2,False
711189,firm_6,239,118.37,17.21,77,0,863,14506295.97,95049.31,102153.31,7104.0,863,6.0,2.1,False
711189,firm_6,240,130.21,15.49,76,0,852,14608941.65,103922.92,110938.92,7016.0,852,6.0,2.2,False
711189,firm_6,241,143.23,15.49,75,0,841,14721208.33,113528.43,120456.43,6928.0,841,6.0,2.3,False
711189,firm_6,242,157.55,17.04,76,0,852,14846429.89,127216.6,134232.6,7016.0,852,6.0,2.2,False
711189,firm_6,243,173.31,15.34,75,0,841,14984005.1,138825.71,145753.71,6928.0,841,6.0,2.3,False
711189,firm_6,244,190.64,16.11,76,0,852,15137490.02,155409.28,162425.28,7016.0,852,6.0,2.2,False
711189,firm_6,245,209.7,16.92,77,0,863,15309354.28,173867.1,180971.1,7104.0,863,6.0,2.1,False
711189,firm_6,246,230.67,15.23,77,0,863,15500145.78,191964.21,199068.21,7104.0,863,6.0,2.1,False
711189,firm_6,247,230.67,13.71,76,0,851,15688395.99,189292.17,196300.17,7008.0,851,6.0,2.1,False
711189,firm_6,248,207.6,14.4,77,0,862,15858442.39,171855.2,178951.2,7096.0,862,6.0,2.0,False
711189,firm_6,249,228.36,15.12,76,0,851,16044519.63,187326.36,194334.36,7008.0,851,6.0,2.1,False
711189,firm_6,250,228.36,15.88,75,0,840,16227931.03,184902.4,191822.4,6920.0,840,6.0,2.2,False
711189,firm_6,251,251.2,17.47,76,0,852,16432809.71,207006.4,214022.4,7016.0,852,6.0,2.3,False
711189,firm_6,252,276.32,19.22,76,0,871,16664555.71,233506.72,240674.72,7168.0,871,6.0,2.4,False
711189,firm_6,253,303.95,19.22,77,0,871,16920148.22,257572.45,264740.45,7168.0,871,6.0,2.4,False
711189,firm_6,254,303.95,18.26,78,0,882,17178851.84,260827.9,268083.9,7256.0,882,6.0,2.3,False
711189,firm_6,255,303.95,19.17,79,0,904,17444176.21,267338.8,274770.8,7432.0,904,6.0,2.2,False
711189,firm_6,256,273.56,18.21,78,0,893,17679400.91,236945.08,244289.08,7344.0,893,6.0,2.3,False
711189,firm_6,257,273.56,19.12,79,0,904,17917056.67,239866.24,247298.24,7432.0,904,6.0,2.3,False
711189,firm_6,258,273.56,19.12,79,0,905,18155477.99,240131.8,247571.8,7440.0,905,6.0,2.2,False
711189,firm_6,259,300.92,17.21,79,0,905,18419011.0,264892.6,272332.6,7440.0,905,6.0,2.1,False
711189,firm_6,260,315.97,15.49,80,0,904,18695276.68,278204.88,285636.88,7432.0,904,6.0,2.1,False
711189,firm_6,261,300.17,14.72,81,0,910,18959059.06,265674.7,273154.7,7480.0,910,6.0,2.1,False
711189,firm_6,262,300.17,15.46,81,0,928,19228740.56,270933.76,278557.76,7624.0,928,6.0,2.1,False
711189,firm_6,263,270.15,15.46,82,0,927,19469585.89,242813.05,250429.05,7616.0,927,6.0,2.1,False
711189,firm_6,264,256.64,17.01,82,0,939,19701464.03,233272.96,240984.96,7712.0,939,6.0,2.1,False
711189,firm_6,265,282.3,18.71,83,0,950,19959496.1,260385.0,268185.0,7800.0,950,6.0,2.2,False
711189,firm_6,266,310.53,17.77,84,36,962,20236978.2,279474.78,287550.78,8076.0,926,6.0,2.2,False
711189,firm_6,267,341.58,16.88,84,240,955,20482746.86,247486.58,256526.58,9040.0,751,6.0,2.3,False
711189,firm_6,268,375.74,18.57,85,755,967,20638791.89,158123.48,169834.48,11711.0,452,6.0,2.3,False
711189,firm_6,269,356.95,20.43,84,1695,955,20626115.02,-10960.75,5354.25,16315.0,15,6.0,2.3,False
711189,firm_6,270,374.8,20.43,84,2650,955,20603108.9,-21090.0,0.0,21090.0,0,6.0,2.3,False
711189,firm_6,271,337.32,19.41,84,3605,955,20575413.46,-25865.0,0.0,25865.0,0,6.0,2.3,False
711189,firm_6,272,320.45,21.35,85,4183,966,20668390.31,95491.6,124334.6,28843.0,388,6.0,2.3,False
711189,firm_6,273,336.47,20.28,84,4692,955,20785152.41,118765.62,150065.62,31300.0,446,6.0,2.4,False
711189,firm_6,274,319.65,20.28,83,4919,944,20980311.22,196842.05,229189.05,32347.0,717,6.0,2.3,False
711189,firm_6,275,303.67,19.27,82,5078,932,21180421.99,201690.91,234736.91,33046.0,773,6.0,2.2,False
711189,firm_6,276,273.3,20.23,81,5068,921,21400317.66,221534.3,254442.3,32908.0,931,6.0,2.2,False
711189,firm_6,277,245.97,22.25,81,4413,921,21756331.13,358015.72,387648.72,29633.0,1576,6.0,2.1,False
711189,firm_6,278,245.97,24.48,80,3949,909,22064572.54,310499.81,337716.81,27217.0,1373,6.0,2.2,False
711189,firm_6,279,270.57,26.93,80,4841,909,22035140.83,-27077.31,4599.69,31677.0,17,6.0,2.1,False
711189,firm_6,280,243.51,29.62,81,4413,921,22330903.6,298861.99,328494.99,29633.0,1349,6.0,2.0,False
711189,firm_6,281,231.33,28.14,81,3553,921,22715289.99,386665.73,411998.73,25333.0,1781,6.0,1.9,False
711189,firm_6,282,231.33,25.33,82,2859,932,23066704.51,354191.58,376142.58,21951.0,1626,6.0,1.8,False
711189,firm_6,283,231.33,27.86,82,3426,932,23123869.44,59649.45,84435.45,24786.0,365,6.0,1.7,False
711189,firm_6,284,242.9,30.65,82,2844,932,23467030.74,345874.6,367750.6,21876.0,1514,6.0,1.6,False
711189,firm_6,285,242.9,33.72,82,2231,932,23820535.2,356469.5,375280.5,18811.0,1545,6.0,1.6,False
711189,firm_6,286,218.61,37.09,83,1370,943,24196535.17,379778.44,394372.44,14594.0,1804,6.0,1.6,False
711189,firm_6,287,207.68,35.24,84,436,954,24574862.85,382087.84,392099.84,10012.0,1888,6.0,1.7,False
711189,firm_6,288,186.91,31.72,84,0,954,24823971.27,251972.9,259804.9,7832.0,1390,6.0,1.6,False
711189,firm_6,289,205.6,28.55,85,0,965,25011528.52,190484.0,198404.0,7920.0,965,6.0,1.5,False
711189,firm_6,290,226.16,25.7,86,977,977,24995617.32,-12901.0,0.0,12901.0,0,6.0,1.6,False
711189,firm_6,291,248.78,28.27,85,1942,965,24975384.37,-17630.0,0.0,17630.0,0,6.0,1.5,False
711189,firm_6,292,236.34,26.86,84,2895,953,24950729.13,-22299.0,0.0,22299.0,0,6.0,1.6,False
711189,firm_6,293,212.71,25.52,84,3222,954,25057712.62,109427.17,133369.17,23942.0,627,6.0,1.7,False
711189,firm_6,294,191.44,24.24,83,2639,942,25326515.7,271015.0,291946.0,20931.0,1525,6.0,1.6,False
711189,firm_6,295,181.87,25.45,83,1840,942,25623903.02,299699.67,316635.67,16936.0,1741,6.0,1.5,False
711189,firm_6,296,200.06,24.18,82,1864,931,25786406.68,164486.42,181454.42,16968.0,907,6.0,1.5,False
711189,firm_6,297,200.06,24.18,82,1875,930,25951064.06,166840.14,183855.14,17015.0,919,6.0,1.5,False
711189,firm_6,298,180.05,24.18,81,222,919,26403432.08,454426.6,463088.6,8662.0,2572,6.0,1.6,False
711189,firm_6,299,198.06,24.18,82,0,931,26621664.5,220715.18,228363.18,7648.0,1153,6.0,1.5,False
711189,firm_6,300,198.06,26.6,82,389,931,26717038.82,97755.52,107348.52,9593.0,542,6.0,1.5,False
711189,firm_6,301,188.16,29.26,81,0,923,26953850.68,239281.92,246865.92,7584.0,1312,6.0,1.6,False
711189,firm_6,302,206.98,30.72,80,912,912,26939137.08,-12056.0,0.0,12056.0,0,6.0,1.5,False
711189,firm_6,303,227.68,32.26,80,1692,919,26951991.8,15635.52,31647.52,16012.0,139,6.0,1.4,False
711189,firm_6,304,216.3,29.03,79,2312,900,26991102.43,41604.0,60564.0,18960.0,280,6.0,1.3,False
711189,firm_6,305,194.67,26.13,80,1943,911,27220286.63,231974.6,249177.6,17203.0,1280,6.0,1.3,False
711189,firm_6,306,184.94,27.44,81,801,923,27587776.09,370312.1,381901.1,11589.0,2065,6.0,1.4,False
711189,firm_6,307,175.69,26.07,81,43,922,27872832.62,287368.2,295159.2,7791.0,1680,6.0,1.3,False
711189,firm_6,308,166.91,24.77,82,0,934,28025500.55,155399.07,163071.07,7672.0,977,6.0,1.3,False
711189,firm_6,309,166.91,23.53,83,0,945,28173017.51,149969.95,157729.95,7760.0,945,6.0,1.2,False
711189,firm_6,310,166.91,21.18,83,922,945,28162728.5,-8531.07,3838.93,12370.0,23,6.0,1.2,False
711189,firm_6,311,150.22,21.18,83,0,944,28433529.08,272558.52,280310.52,7752.0,1866,6.0,1.2,False
711189,firm_6,312,157.73,19.06,84,0,956,28574169.92,142941.88,150789.88,7848.0,956,6.0,1.1,False
711189,firm_6,313,157.73,19.06,85,0,967,28716338.73,144588.91,152524.91,7936.0,967,6.0,1.2,False
711189,firm_6,314,173.5,20.01,86,740,978,28743686.87,29569.0,41293.0,11724.0,238,6.0,1.1,False
711189,firm_6,315,164.82,19.01,85,1296,967,28795296.04,53325.02,67741.02,14416.0,411,6.0,1.2,False
711189,firm_6,316,156.58,19.96,86,0,978,29141118.4,348038.92,356062.92,8024.0,2274,6.0,1.1,False
711189,firm_6,317,172.24,18.96,86,973,973,29126438.84,-12849.0,0.0,12849.0,0,6.0,1.1,False
711189,firm_6,318,163.63,20.86,86,0,978,29435663.01,311218.13,319242.13,8024.0,1951,6.0,1.1,False
711189,firm_6,319,163.63,19.82,87,349,989,29528104.87,94866.2,104723.2,9857.0,640,6.0,1.1,False
711189,firm_6,320,147.27,19.82,87,0,989,29715115.79,188935.26,197047.26,8112.0,1338,6.0,1.0,False
711189,firm_6,321,147.27,19.82,88,0,1000,29851741.63,139070.0,147270.0,8200.0,1000,6.0,0.9,False
711189,firm_6,322,162.0,19.82,88,337,1000,29947518.47,97521.0,107406.0,9885.0,663,6.0,0.9,False
711189,firm_6,323,153.9,20.81,89,869,1011,30006051.48,61085.1,73718.1,12633.0,479,6.0,0.9,False
711189,firm_6,324,169.29,21.85,90,1892,1023,29985440.98,-17844.0,0.0,17844.0,0,6.0,1.0,False
711189,firm_6,325,177.75,19.67,90,2489,1022,30038293.43,54722.75,75543.75,20821.0,425,6.0,1.1,False
711189,firm_6,326,168.86,18.69,91,2002,1033,30274085.84,238193.2,256667.2,18474.0,1520,6.0,1.1,False
711189,firm_6,327,185.75,19.62,92,2657,1045,30322378.3,50597.5,72442.5,21845.0,390,6.0,1.0,False
711189,firm_6,328,185.75,21.58,93,3070,1056,30415310.61,95439.25,119437.25,23998.0,643,6.0,1.0,False
711189,firm_6,329,167.18,20.5,93,2292,1056,30699704.23,286500.12,306608.12,20108.0,1834,6.0,1.0,False
711189,firm_6,330,158.82,19.47,93,1221,1056,31020650.66,323057.14,337810.14,14753.0,2127,6.0,1.1,False
711189,firm_6,331,142.94,17.52,92,0,1045,31334180.86,315342.04,323902.04,8560.0,2266,6.0,1.0,False
711189,firm_6,332,142.94,16.64,93,0,1056,31474229.98,142296.64,150944.64,8648.0,1056,6.0,0.9,False
711189,firm_6,333,157.23,16.64,94,0,1068,31631143.46,159177.64,167921.64,8744.0,1068,6.0,0.9,False
711189,firm_6,334,172.95,17.47,95,1079,1079,31614756.81,-14227.0,0.0,14227.0,0,6.0,0.9,False
711189,firm_6,335,155.66,16.6,96,695,1090,31829511.05,217047.84,229442.84,12395.0,1474,6.0,0.8,False
711189,firm_6,336,140.09,15.77,97,0,1101,32069875.0,242593.64,251601.64,9008.0,1796,6.0,0.8,False
711189,firm_6,337,140.09,15.77,98,0,1112,32214513.62,146684.08,155780.08,9096.0,1112,6.0,0.8,False
711189,firm_6,338,154.1,14.19,99,0,1123,32376379.11,163870.3,173054.3,9184.0,1123,6.0,0.9,False
711189,firm_6,339,169.51,14.19,98,0,1112,32554187.61,179399.12,188495.12,9096.0,1112,6.0,0.9,False
711189,firm_6,340,186.46,12.77,98,782,1112,32601461.95,48525.8,61531.8,13006.0,330,6.0,0.8,False
711189,firm_6,341,167.81,12.77,99,317,1123,32855211.0,255713.28,266482.28,10769.0,1588,6.0,0.8,False
711189,firm_6,342,184.59,14.05,99,1288,1123,32866053.73,12433.68,28057.68,15624.0,152,6.0,0.8,False
711189,firm_6,343,184.59,14.75,99,1137,1123,33084592.14,220298.66,235167.66,14869.0,1274,6.0,0.9,False
711189,firm_6,344,175.36,13.28,99,534,1123,33373894.78,290817.36,302671.36,11854.0,1726,6.0,0.9,False
711189,firm_6,345,192.9,13.28,98,455,1111,33590581.34,218188.0,229551.0,11363.0,1190,6.0,0.8,False
711189,firm_6,346,202.54,11.95,98,792,1111,33732928.2,143717.96,156765.96,13048.0,774,6.0,0.8,False
711189,firm_6,347,202.54,12.55,99,613,1121,33982054.75,251069.0,263302.0,12233.0,1300,6.0,0.8,False
711189,firm_6,348,192.41,11.92,98,1610,1110,33985298.92,4612.33,21742.33,17130.0,113,6.0,0.7,False
711189,firm_6,349,192.41,12.52,99,2625,1122,33981646.31,-1713.13,20587.87,22301.0,107,6.0,0.6,False
711189,firm_6,350,182.79,11.89,98,2371,1111,34209046.44,228565.35,249508.35,20943.0,1365,6.0,0.5,False
711189,firm_6,351,173.65,11.3,99,1226,1114,34584161.09,377033.35,392275.35,15242.0,2259,6.0,0.6,False
711189,firm_6,352,156.28,12.43,98,0,1103,34937695.07,354952.12,363976.12,9024.0,2329,6.0,0.5,False
711189,firm_6,353,164.09,12.43,98,0,1115,35110017.28,173840.35,182960.35,9120.0,1115,6.0,0.6,False
711189,firm_6,354,147.68,13.05,97,0,1103,35262418.47,153867.04,162891.04,9024.0,1103,6.0,0.5,False
711189,firm_6,355,147.68,12.4,96,0,1092,35413558.63,152330.56,161266.56,8936.0,1092,6.0,0.5,False
711189,firm_6,356,155.06,11.16,97,258,1103,35532387.81,120711.7,131025.7,10314.0,845,6.0,0.6,False
711189,firm_6,357,155.06,12.28,96,0,1092,35731303.93,200395.0,209331.0,8936.0,1350,6.0,0.7,False
711189,firm_6,358,155.06,12.28,96,0,1092,35890214.57,160389.52,169325.52,8936.0,1092,6.0,0.8,False
711189,firm_6,359,155.06,13.51,95,0,1081,36047702.98,158771.86,167619.86,8848.0,1081,6.0,0.7,False
711189,firm_6,360,147.31,12.16,96,0,1092,36197762.14,151926.52,160862.52,8936.0,1092,6.0,0.6,False
711189,firm_6,361,147.31,11.55,97,0,1089,36347650.38,151508.59,160420.59,8912.0,1089,6.0,0.5,False
711189,firm_6,362,147.31,12.13,97,0,1103,36499932.7,153458.93,162482.93,9024.0,1103,6.0,0.5,False
711189,firm_6,363,132.58,12.74,97,0,1103,36635908.66,137211.74,146235.74,9024.0,1103,6.0,0.5,False
711189,firm_6,364,145.84,13.38,97,0,1103,36786248.32,151837.52,160861.52,9024.0,1103,6.0,0.4,False
711189,firm_6,365,160.42,14.05,96,1007,1092,36784364.22,-335.3,13635.7,13971.0,85,6.0,0.4,False
711189,firm_7,1,27.05,46.54,24,0,279,101488.33,6674.56,7546.95,872.39,279,0.41,0.17,False
711189,firm_7,2,24.35,46.54,23,0,269,106119.77,5701.86,6550.15,848.29,269,0.41,0.1,False
711189,firm_7,3,23.13,48.87,24,0,280,109834.49,5587.6,6476.4,888.8,280,0.46,0.1,False
711189,firm_7,4,21.97,48.87,25,0,292,113395.06,5482.32,6415.24,932.92,292,0.51,0.1,False
711189,firm_7,5,20.87,51.31,26,0,304,116942.44,5381.44,6344.48,963.04,304,0.51,0.1,False
711189,firm_7,6,19.83,51.31,25,0,291,120285.26,4825.57,5770.53,944.96,291,0.56,0.1,False
711189,firm_7,7,17.85,56.44,24,0,280,123011.9,4081.2,4998.0,916.8,280,0.56,0.1,False
711189,firm_7,8,16.96,59.26,25,0,292,124820.6,3990.2,4952.32,962.12,292,0.61,0.1,False
711189,firm_7,9,15.26,65.19,24,0,280,126598.04,3342.0,4272.8,930.8,280,0.61,0.1,False
711189,firm_7,10,16.79,65.19,24,0,280,128703.88,3770.4,4701.2,930.8,280,0.61,0.2,False
711189,firm_7,11,15.11,58.67,23,0,269,130203.52,3149.05,4064.59,915.54,269,0.66,0.3,False
711189,firm_7,12,16.62,64.54,22,0,257,132071.36,3387.72,4271.34,883.62,257,0.66,0.4,False
711189,firm_7,13,16.62,58.09,21,0,245,133859.42,3207.95,4071.9,863.95,245,0.71,0.3,False
711189,firm_7,14,14.96,60.99,20,0,233,135293.87,2654.25,3485.68,831.43,233,0.71,0.2,False
711189,firm_7,15,13.46,64.04,21,0,245,135782.78,2433.75,3297.7,863.95,245,0.71,0.3,False
711189,firm_7,16,13.46,67.24,21,0,245,136492.24,2421.5,3297.7,876.2,245,0.76,0.4,False
711189,firm_7,17,12.11,63.88,20,0,233,136881.54,1966.9,2821.63,854.73,233,0.81,0.5,False
711189,firm_7,18,10.9,70.27,19,0,222,136831.29,1584.88,2419.8,834.92,222,0.86,0.6,False
711189,firm_7,19,10.36,63.24,20,0,233,136402.34,1535.85,2413.88,878.03,233,0.91,0.5,False
711189,firm_7,20,10.0,60.08,21,0,245,135965.46,1524.8,2450.0,925.2,245,0.96,0.4,False
711189,firm_7,21,10.5,54.07,22,0,257,135800.85,1724.93,2698.5,973.57,257,1.01,0.3,False
711189,firm_7,22,10.0,56.77,21,0,245,136121.23,1512.55,2450.0,937.45,245,1.01,0.3,False
711189,firm_7,23,10.5,51.09,21,0,245,136583.39,1635.05,2572.5,937.45,245,1.01,0.4,False
711189,firm_7,24,10.0,53.64,20,0,233,136727.61,1417.02,2330.0,912.98,233,1.06,0.3,False
711189,firm_7,25,10.0,48.28,20,0,233,136967.38,1405.37,2330.0,924.63,233,1.11,0.2,False
711189,firm_7,26,10.0,53.11,19,0,222,137076.77,1318.48,2220.0,901.52,222,1.16,0.2,False
711189,firm_7,27,10.0,55.77,19,0,222,137335.62,1318.48,2220.0,901.52,222,1.16,0.2,False
711189,firm_7,28,10.0,58.56,18,0,210,137307.44,1225.9,2100.0,874.1,210,1.21,0.1,False
711189,firm_7,29,10.0,61.49,17,0,198,137406.53,1144.42,1980.0,835.58,198,1.21,0.1,False
711189,firm_7,30,10.0,64.56,16,0,187,137233.95,1060.38,1870.0,809.62,187,1.26,0.1,False
711189,firm_7,31,10.0,67.79,17,0,198,136716.04,1134.52,1980.0,845.48,198,1.26,0.1,False
711189,firm_7,32,10.0,74.57,18,0,210,135878.68,1204.9,2100.0,895.1,210,1.31,0.1,False
711189,firm_7,33,10.0,74.57,19,0,222,135035.93,1274.08,2220.0,945.92,222,1.36,0.1,False
711189,firm_7,34,10.5,74.57,20,0,233,134296.5,1451.97,2446.5,994.53,233,1.41,0.1,False
711189,firm_7,35,11.02,74.57,20,0,233,134166.58,1561.48,2567.66,1006.18,233,1.46,0.1,False
711189,firm_7,36,12.12,82.03,19,0,222,134330.53,1722.52,2690.64,968.12,222,1.46,0.1,False
711189,firm_7,37,12.12,82.03,18,0,210,134472.59,1618.6,2545.2,926.6,210,1.46,0.1,False
711189,firm_7,38,13.33,82.03,18,0,210,134768.75,1872.7,2799.3,926.6,210,1.46,0.2,False
711189,firm_7,39,14.0,86.13,17,0,198,134881.56,1877.02,2772.0,894.98,198,1.51,0.3,False
711189,firm_7,40,15.4,86.13,16,0,187,135317.56,2014.08,2879.8,865.72,187,1.56,0.3,False
711189,firm_7,41,13.86,94.74,16,0,187,135318.47,1716.75,2591.82,875.07,187,1.61,0.3,False
711189,firm_7,42,15.25,85.27,17,0,198,135263.7,2094.82,3019.5,924.68,198,1.66,0.3,False
711189,firm_7,43,16.01,93.8,16,0,187,135772.35,2109.45,2993.87,884.42,187,1.66,0.4,False
711189,firm_7,44,16.81,98.49,15,0,175,136396.25,2101.25,2941.75,840.5,175,1.66,0.3,False
711189,firm_7,45,15.13,98.49,16,0,187,136265.3,1944.89,2829.31,884.42,187,1.66,0.2,False
711189,firm_7,46,16.64,108.34,16,0,187,136759.12,2227.26,3111.68,884.42,187,1.66,0.2,False
711189,firm_7,47,18.3,102.92,15,0,175,137368.57,2353.25,3202.5,849.25,175,1.71,0.2,False
711189,firm_7,48,18.3,113.21,16,0,187,137276.19,2518.98,3422.1,903.12,187,1.76,0.3,False
711189,firm_7,49,19.22,118.87,17,0,198,137306.58,2851.18,3805.56,954.38,198,1.81,0.4,False
711189,firm_7,50,21.14,124.81,16,0,187,138140.98,3031.36,3953.18,921.82,187,1.86,0.3,False
711189,firm_7,51,21.14,124.81,16,0,187,138966.03,3022.01,3953.18,931.17,187,1.91,0.3,False
711189,firm_7,52,19.03,124.81,17,0,198,138828.12,2783.86,3767.94,984.08,198,1.96,0.4,False
711189,firm_7,53,20.93,112.33,17,0,198,139868.67,3150.16,4144.14,993.98,198,2.01,0.4,False
711189,firm_7,54,19.88,101.1,18,0,210,140471.07,3122.2,4174.8,1052.6,210,2.06,0.4,False
711189,firm_7,55,19.88,101.1,19,0,222,141362.21,3312.04,4413.36,1101.32,222,2.06,0.4,False
711189,firm_7,56,20.87,111.21,19,0,222,142569.94,3520.72,4633.14,1112.42,222,2.11,0.3,False
711189,firm_7,57,19.83,122.33,19,0,222,143224.41,3278.74,4402.26,1123.52,222,2.16,0.4,False
711189,firm_7,58,21.81,128.45,20,0,233,143856.21,3900.8,5081.73,1180.93,233,2.21,0.3,False
711189,firm_7,59,20.72,128.45,21,0,245,144291.46,3832.7,5076.4,1243.7,245,2.26,0.3,False
711189,firm_7,60,20.72,141.29,20,0,233,144889.19,3623.53,4827.76,1204.23,233,2.31,0.2,False
711189,firm_7,61,21.76,141.29,21,0,245,145285.1,4063.0,5331.2,1268.2,245,2.36,0.1,False
711189,firm_7,62,22.85,127.16,22,0,257,146226.66,4539.08,5872.45,1333.37,257,2.41,0.2,False
711189,firm_7,63,25.14,133.52,23,0,269,147718.62,5362.92,6762.66,1399.74,269,2.46,0.3,False
711189,firm_7,64,27.65,140.2,24,0,280,150047.02,6293.2,7742.0,1448.8,280,2.46,0.4,False
711189,firm_7,65,27.65,133.19,25,0,292,152688.75,6571.48,8073.8,1502.32,292,2.46,0.5,False
711189,firm_7,66,24.88,139.85,25,0,292,154740.54,5748.04,7264.96,1516.92,292,2.51,0.4,False
711189,firm_7,67,22.39,153.84,26,0,304,155161.02,5220.32,6806.56,1586.24,304,2.56,0.5,False
711189,firm_7,68,21.27,153.84,27,0,315,155355.24,5047.9,6700.05,1652.15,315,2.61,0.4,False
711189,firm_7,69,22.33,138.46,26,0,304,156942.16,5186.88,6788.32,1601.44,304,2.61,0.3,False
711189,firm_7,70,24.56,124.61,25,0,292,159137.71,5610.8,7171.52,1560.72,292,2.66,0.4,False
711189,firm_7,71,25.79,112.15,24,0,280,162062.51,5716.4,7221.2,1504.8,280,2.66,0.5,False
711189,firm_7,72,28.37,117.76,23,0,269,165532.02,6177.99,7631.53,1453.54,269,2.66,0.4,False
711189,firm_7,73,25.53,123.65,24,0,280,167394.02,5629.6,7148.4,1518.8,280,2.71,0.5,False
711189,firm_7,74,25.53,111.29,23,0,269,169921.48,5387.13,6867.57,1480.44,269,2.76,0.6,False
711189,firm_7,75,22.98,100.16,23,0,269,172005.53,4687.73,6181.62,1493.89,269,2.81,0.7,False
711189,firm_7,76,24.13,90.14,24,0,280,174237.77,5195.6,6756.4,1560.8,280,2.86,0.8,False
711189,firm_7,77,21.72,99.15,23,0,269,176292.66,4335.34,5842.68,1507.34,269,2.86,0.8,False
711189,firm_7,78,20.63,109.07,22,0,257,177746.01,3852.89,5301.91,1449.02,257,2.86,0.7,False
711189,firm_7,79,19.6,119.98,22,0,257,178381.78,3575.33,5037.2,1461.87,257,2.91,0.8,False
711189,firm_7,80,21.56,119.98,22,0,257,179821.27,4079.05,5540.92,1461.87,257,2.91,0.8,False
711189,firm_7,81,21.56,107.98,21,0,245,181220.69,3867.0,5282.2,1415.2,245,2.96,0.7,False
711189,firm_7,82,19.4,113.38,22,0,257,181524.56,3498.23,4985.8,1487.57,257,3.01,0.6,False
711189,firm_7,83,21.34,102.04,23,0,269,182556.96,4179.32,5740.46,1561.14,269,3.06,0.7,False
711189,firm_7,84,21.34,112.24,22,0,257,183858.79,3971.11,5484.38,1513.27,257,3.11,0.7,False
711189,firm_7,85,23.47,117.85,23,0,269,185287.08,4738.84,6313.43,1574.59,269,3.11,0.8,False
711189,firm_7,86,21.12,106.06,24,0,280,186210.44,4268.8,5913.6,1644.8,280,3.16,0.9,False
711189,firm_7,87,22.18,116.67,23,0,269,187691.96,4364.93,5966.42,1601.49,269,3.21,0.8,False
711189,firm_7,88,21.07,122.5,24,0,280,188278.76,4226.8,5899.6,1672.8,280,3.26,0.8,False
711189,firm_7,89,20.02,134.75,24,0,280,188763.56,3918.8,5605.6,1686.8,280,3.31,0.8,False
711189,firm_7,90,18.02,128.01,23,0,269,189038.32,3218.99,4847.38,1628.39,269,3.31,0.7,False
711189,firm_7,91,19.82,128.01,22,0,257,189538.32,3516.22,5093.74,1577.52,257,3.36,0.6,False
711189,firm_7,92,18.83,115.21,23,0,269,189498.47,3409.98,5065.27,1655.29,269,3.41,0.7,False
711189,firm_7,93,16.95,115.21,23,0,269,189539.45,2890.81,4559.55,1668.74,269,3.46,0.6,False
711189,firm_7,94,16.95,120.97,22,0,257,189418.19,2740.08,4356.15,1616.07,257,3.51,0.6,False
711189,firm_7,95,18.64,108.87,23,0,269,189746.15,3331.97,5014.16,1682.19,269,3.51,0.5,False
711189,firm_7,96,17.71,97.98,23,0,269,190360.96,3068.35,4763.99,1695.64,269,3.56,0.5,False
711189,firm_7,97,15.94,93.08,24,0,280,190333.44,2706.4,4463.2,1756.8,280,3.56,0.4,False
711189,firm_7,98,15.14,83.77,23,0,269,190570.3,2363.57,4072.66,1709.09,269,3.61,0.4,False
711189,firm_7,99,16.65,75.39,24,0,280,191152.14,2891.2,4662.0,1770.8,280,3.61,0.4,False
711189,firm_7,100,14.98,67.85,24,0,280,191733.34,2409.6,4194.4,1784.8,280,3.66,0.4,False
711189,firm_7,101,14.23,64.46,23,0,269,192356.09,2105.33,3827.87,1722.54,269,3.66,0.3,False
711189,firm_7,102,13.52,64.46,22,0,257,192757.99,1820.02,3474.64,1654.62,257,3.66,0.2,False
711189,firm_7,103,14.87,61.24,22,0,257,193364.83,2154.12,3821.59,1667.47,257,3.71,0.2,False
711189,firm_7,104,14.13,61.24,23,0,269,193307.84,2051.53,3800.97,1749.44,269,3.76,0.1,False
711189,firm_7,105,14.13,61.24,24,0,280,193381.68,2143.6,3956.4,1812.8,280,3.76,0.2,False
711189,firm_7,106,14.84,64.3,25,0,292,193510.94,2436.76,4333.28,1896.52,292,3.81,0.1,False
711189,firm_7,107,16.32,57.87,26,0,303,194390.85,2984.53,4944.96,1960.43,303,3.81,0.2,False
711189,firm_7,108,15.5,52.08,27,0,315,195121.29,2836.6,4882.5,2045.9,315,3.86,0.1,False
711189,firm_7,109,13.95,54.68,27,0,315,195893.28,2348.35,4394.25,2045.9,315,3.86,0.2,False
711189,firm_7,110,15.34,57.41,28,0,327,196469.41,2883.61,5016.18,2132.57,327,3.91,0.1,False
711189,firm_7,111,15.34,51.67,28,0,327,197589.91,2867.26,5016.18,2148.92,327,3.96,0.2,False
711189,firm_7,112,16.11,51.67,28,0,327,199262.2,3119.05,5267.97,2148.92,327,3.96,0.2,False
711189,firm_7,113,15.3,46.5,29,0,337,200144.43,2930.73,5156.1,2225.37,337,4.01,0.2,False
711189,firm_7,114,13.77,46.5,30,0,349,200540.22,2490.79,4805.73,2314.94,349,4.06,0.2,False
711189,firm_7,115,13.77,41.85,31,0,360,201218.47,2575.6,4957.2,2381.6,360,4.06,0.3,False
711189,firm_7,116,13.77,39.76,32,0,372,202114.27,2668.12,5122.44,2454.32,372,4.06,0.2,False
711189,firm_7,117,14.46,43.74,32,0,372,203320.79,2906.2,5379.12,2472.92,372,4.11,0.3,False
711189,firm_7,118,14.46,39.37,31,0,360,204688.32,2788.0,5205.6,2417.6,360,4.16,0.2,False
711189,firm_7,119,15.18,41.34,30,0,349,206178.65,2930.53,5297.82,2367.29,349,4.21,0.1,False
711189,firm_7,120,15.94,37.21,31,0,360,207609.94,3284.8,5738.4,2453.6,360,4.26,0.1,False
711189,firm_7,121,17.53,40.93,31,0,360,210198.31,3857.2,6310.8,2453.6,360,4.26,0.1,False
711189,firm_7,122,15.78,42.98,32,0,372,211564.39,3341.44,5870.16,2528.72,372,4.26,0.2,False
711189,firm_7,123,14.99,45.13,32,0,372,212849.19,3028.96,5576.28,2547.32,372,4.31,0.3,False
711189,firm_7,124,14.99,40.62,33,0,384,214141.85,3133.12,5756.16,2623.04,384,4.31,0.2,False
711189,firm_7,125,15.74,40.62,33,0,384,216003.31,3401.92,6044.16,2642.24,384,4.36,0.1,False
711189,firm_7,126,16.53,36.56,34,0,395,218077.42,3817.15,6529.35,2712.2,395,4.36,0.1,False
711189,firm_7,127,14.88,32.9,33,0,384,219744.2,3052.48,5713.92,2661.44,384,4.41,0.2,False
711189,firm_7,128,15.62,34.54,32,0,372,221546.44,3207.52,5810.64,2603.12,372,4.46,0.3,False
711189,firm_7,129,14.06,37.99,33,0,384,222511.17,2718.4,5399.04,2680.64,384,4.46,0.2,False
711189,firm_7,130,14.76,39.89,32,0,372,224122.29,2887.6,5490.72,2603.12,372,4.46,0.2,False
711189,firm_7,131,14.02,43.88,31,0,360,224965.61,2503.6,5047.2,2543.6,360,4.51,0.3,False
711189,firm_7,132,14.02,39.49,30,0,349,226201.9,2420.99,4892.98,2471.99,349,4.51,0.3,False
711189,firm_7,133,13.32,35.54,31,0,360,226851.76,2251.6,4795.2,2543.6,360,4.51,0.2,False
711189,firm_7,134,13.99,31.99,30,0,349,228302.58,2410.52,4882.51,2471.99,349,4.51,0.1,False
711189,firm_7,135,12.59,28.79,30,0,349,229043.35,1904.47,4393.91,2489.44,349,4.56,0.2,False
711189,firm_7,136,13.22,30.23,31,0,360,229703.82,2197.6,4759.2,2561.6,360,4.56,0.3,False
711189,firm_7,137,11.9,30.23,32,0,372,230022.94,1786.48,4426.8,2640.32,372,4.56,0.2,False
711189,firm_7,138,11.3,27.21,33,0,384,229925.97,1600.96,4339.2,2738.24,384,4.61,0.3,False
711189,firm_7,139,11.3,27.21,34,0,395,229933.63,1632.8,4463.5,2830.7,395,4.66,0.3,False
711189,firm_7,140,11.3,27.21,33,0,384,230617.46,1581.76,4339.2,2757.44,384,4.66,0.2,False
711189,firm_7,141,12.43,24.49,32,0,371,231555.9,1922.12,4611.53,2689.41,371,4.71,0.1,False
711189,firm_7,142,12.43,24.49,31,0,359,232332.24,1835.53,4462.37,2626.84,359,4.76,0.2,False
711189,firm_7,143,12.43,22.04,32,0,371,233030.53,1903.57,4611.53,2707.96,371,4.76,0.1,False
711189,firm_7,144,13.05,20.94,31,0,359,234221.55,2040.16,4684.95,2644.79,359,4.81,0.1,False
711189,firm_7,145,11.74,20.94,30,0,348,235008.99,1515.64,4085.52,2569.88,348,4.81,0.2,False
711189,firm_7,146,10.57,20.94,31,0,359,235009.69,1149.84,3794.63,2644.79,359,4.81,0.1,False
711189,firm_7,147,10.0,20.94,32,0,371,234823.1,983.49,3710.0,2726.51,371,4.81,0.1,False
711189,firm_7,148,10.0,18.85,33,0,382,234719.63,1018.58,3820.0,2801.42,382,4.81,0.1,False
711189,firm_7,149,10.0,20.74,33,0,382,234953.79,1018.58,3820.0,2801.42,382,4.81,0.2,False
711189,firm_7,150,10.0,20.74,32,0,371,235273.6,983.49,3710.0,2726.51,371,4.81,0.1,False
711189,firm_7,151,10.0,18.67,32,0,371,235441.1,964.94,3710.0,2745.06,371,4.86,0.1,False
711189,firm_7,152,10.0,18.67,33,0,382,235224.47,999.48,3820.0,2820.52,382,4.86,0.2,False
711189,firm_7,153,10.0,18.67,34,0,391,235017.43,1027.74,3910.0,2882.26,391,4.86,0.3,False
711189,firm_7,154,10.0,17.74,34,0,391,235222.46,1008.19,3910.0,2901.81,391,4.91,0.2,False
711189,firm_7,155,10.0,17.74,35,0,405,235153.01,1051.45,4050.0,2998.55,405,4.91,0.1,False
711189,firm_7,156,10.5,15.97,36,0,417,235275.12,1297.03,4378.5,3081.47,417,4.91,0.2,False
711189,firm_7,157,10.5,14.37,37,0,427,235355.01,1311.58,4483.5,3171.92,427,4.96,0.2,False
711189,firm_7,158,10.0,12.93,38,0,433,235479.99,1116.32,4330.0,3213.68,433,4.96,0.1,False
711189,firm_7,159,10.0,11.64,39,0,444,235675.79,1149.76,4440.0,3290.24,444,4.96,0.1,False
711189,firm_7,160,10.5,11.64,40,0,452,236110.27,1400.08,4746.0,3345.92,452,4.96,0.1,False
711189,firm_7,161,10.5,12.22,40,0,455,237032.17,1410.7,4777.5,3366.8,455,4.96,0.1,False
711189,firm_7,162,10.0,13.44,40,0,459,237689.93,1195.36,4590.0,3394.64,459,4.96,0.1,False
711189,firm_7,163,10.0,12.77,40,0,451,238350.17,1171.04,4510.0,3338.96,451,4.96,0.1,False
711189,firm_7,164,10.5,14.05,40,0,454,238872.63,1384.46,4767.0,3382.54,454,5.01,0.2,False
711189,firm_7,165,10.0,15.46,40,0,459,239426.64,1172.41,4590.0,3417.59,459,5.01,0.1,False
711189,firm_7,166,10.0,14.69,41,0,466,239417.69,1193.34,4660.0,3466.66,466,5.01,0.2,False
711189,firm_7,167,10.5,13.22,41,0,466,240302.01,1426.34,4893.0,3466.66,466,5.01,0.1,False
711189,firm_7,168,11.55,14.54,42,0,479,241065.99,1974.66,5532.45,3557.79,479,5.01,0.2,False
711189,firm_7,169,10.4,15.99,43,0,490,241115.02,1436.6,5096.0,3659.4,490,5.06,0.2,False
711189,firm_7,170,11.44,16.79,43,0,490,242339.25,1946.2,5605.6,3659.4,490,5.06,0.2,False
711189,firm_7,171,12.01,16.79,44,0,501,243055.39,2254.9,6017.01,3762.11,501,5.11,0.3,False
711189,firm_7,172,12.61,15.95,44,0,501,244909.09,2555.5,6317.61,3762.11,501,5.11,0.3,False
711189,firm_7,173,13.87,15.15,43,0,490,247370.04,3112.4,6796.3,3683.9,490,5.11,0.2,False
711189,firm_7,174,12.48,16.67,42,0,482,249058.24,2388.34,6015.36,3627.02,482,5.11,0.2,False
711189,firm_7,175,11.23,18.34,43,0,494,249280.2,1810.58,5547.62,3737.04,494,5.16,0.3,False
711189,firm_7,176,12.35,16.51,44,0,505,250474.71,2420.95,6236.75,3815.8,505,5.16,0.2,False
711189,firm_7,177,12.97,14.86,44,0,501,252306.63,2685.76,6497.97,3812.21,501,5.21,0.1,False
711189,firm_7,178,12.97,15.6,43,0,490,254033.73,2597.9,6355.3,3757.4,490,5.26,0.1,False
711189,firm_7,179,13.62,16.38,42,0,478,256085.85,2840.08,6510.36,3670.28,478,5.26,0.2,False
711189,firm_7,180,12.26,17.2,43,0,490,256871.75,2225.5,6007.4,3781.9,490,5.31,0.2,False
711189,firm_7,181,12.87,18.92,44,0,505,258047.07,2607.8,6499.35,3891.55,505,5.31,0.3,False
711189,firm_7,182,11.58,17.03,43,0,490,258882.58,1867.8,5674.2,3806.4,490,5.36,0.4,False
711189,firm_7,183,12.74,18.73,44,0,505,259750.11,2491.65,6433.7,3942.05,505,5.41,0.5,False
711189,firm_7,184,13.38,17.79,43,0,493,261403.7,2718.56,6596.34,3877.78,493,5.46,0.6,False
711189,firm_7,185,14.72,16.01,42,0,478,263777.66,3246.38,7036.16,3789.78,478,5.51,0.5,False
711189,firm_7,186,15.46,17.61,41,0,467,266568.3,3512.65,7219.82,3707.17,467,5.51,0.4,False
711189,firm_7,187,13.91,15.85,41,0,463,268458.5,2740.05,6440.33,3700.28,463,5.56,0.3,False
711189,firm_7,188,14.61,17.44,42,0,478,270395.92,3169.9,6983.58,3813.68,478,5.56,0.2,False
711189,firm_7,189,16.07,18.31,43,0,490,272978.49,3969.9,7874.3,3904.4,490,5.56,0.3,False
711189,firm_7,190,17.68,20.14,44,0,510,276553.53,4961.2,9016.8,4055.6,510,5.56,0.3,False
711189,firm_7,191,15.91,20.14,44,0,505,279684.12,4016.75,8034.55,4017.8,505,5.56,0.2,False
711189,firm_7,192,16.71,19.13,44,0,505,283163.15,4420.75,8438.55,4017.8,505,5.56,0.3,False
711189,firm_7,193,15.04,18.17,43,0,491,285754.52,3472.68,7384.64,3911.96,491,5.56,0.4,False
711189,firm_7,194,16.54,16.35,44,0,498,288582.26,4247.14,8236.92,3989.78,498,5.61,0.3,False
711189,firm_7,195,14.89,17.99,45,0,514,290814.63,3541.92,7653.46,4111.54,514,5.61,0.2,False
711189,firm_7,196,15.63,16.19,44,0,503,293711.18,3808.91,7861.89,4052.98,503,5.66,0.2,False
711189,firm_7,197,14.85,17.81,45,0,516,295593.97,3484.24,7662.6,4178.36,516,5.71,0.3,False
711189,firm_7,198,14.11,18.7,45,0,516,297629.07,3076.6,7280.76,4204.16,516,5.76,0.2,False
711189,firm_7,199,12.7,19.64,45,0,516,298868.51,2323.24,6553.2,4229.96,516,5.81,0.2,False
711189,firm_7,200,11.43,19.64,44,0,510,299425.05,1620.7,5829.3,4208.6,510,5.86,0.2,False
711189,firm_7,201,10.86,19.64,45,0,516,299389.25,1348.0,5603.76,4255.76,516,5.86,0.1,False
711189,firm_7,202,10.86,21.6,46,0,533,299294.65,1399.0,5788.38,4389.38,533,5.86,0.1,False
711189,firm_7,203,11.95,22.68,47,0,546,299661.83,2033.14,6524.7,4491.56,546,5.86,0.2,False
711189,firm_7,204,11.35,24.95,46,0,534,299951.09,1636.96,6060.9,4423.94,534,5.91,0.2,False
711189,firm_7,205,11.92,27.44,47,0,545,300146.86,1985.45,6496.4,4510.95,545,5.91,0.1,False
711189,firm_7,206,10.73,27.44,48,0,557,299472.63,1342.89,5976.61,4633.72,557,5.96,0.1,False
711189,firm_7,207,10.0,27.44,49,0,569,298366.07,938.0,5690.0,4752.0,569,6.0,0.1,False
711189,firm_7,208,10.0,30.18,49,0,569,297825.25,938.0,5690.0,4752.0,569,6.0,0.1,False
711189,firm_7,209,10.0,31.69,50,0,580,296400.75,960.0,5800.0,4840.0,580,6.0,0.2,False
711189,firm_7,210,11.0,30.11,51,0,592,295741.14,1576.0,6512.0,4936.0,592,6.0,0.2,False
711189,firm_7,211,11.0,33.12,50,0,580,295325.14,1540.0,6380.0,4840.0,580,6.0,0.3,False
711189,firm_7,212,11.55,34.78,51,0,591,294949.41,1898.05,6826.05,4928.0,591,6.0,0.2,False
711189,firm_7,213,10.4,33.04,52,0,603,293778.53,1247.2,6271.2,5024.0,603,6.0,0.2,False
711189,firm_7,214,10.0,31.39,52,0,603,293052.25,1006.0,6030.0,5024.0,603,6.0,0.3,False
711189,firm_7,215,10.0,28.25,52,0,601,292385.25,1002.0,6010.0,5008.0,601,6.0,0.3,False
711189,firm_7,216,10.0,29.66,53,0,613,291339.27,1026.0,6130.0,5104.0,613,6.0,0.2,False
711189,firm_7,217,10.0,26.69,54,0,618,290334.01,1036.0,6180.0,5144.0,618,6.0,0.3,False
711189,firm_7,218,10.5,24.02,55,0,624,289672.91,1360.0,6552.0,5192.0,624,6.0,0.2,False
711189,firm_7,219,11.02,21.62,56,0,636,289682.91,1720.72,7008.72,5288.0,636,6.0,0.2,False
711189,firm_7,220,10.47,22.7,57,0,647,289087.1,1398.09,6774.09,5376.0,647,6.0,0.2,False
711189,firm_7,221,10.0,24.97,56,0,636,288760.78,1072.0,6360.0,5288.0,636,6.0,0.1,False
711189,firm_7,222,10.0,26.22,57,0,648,287762.24,1096.0,6480.0,5384.0,648,6.0,0.2,False
711189,firm_7,223,10.5,28.84,57,0,654,287253.36,1435.0,6867.0,5432.0,654,6.0,0.3,False
711189,firm_7,224,10.5,31.72,57,0,661,286897.82,1452.5,6940.5,5488.0,661,6.0,0.2,False
711189,firm_7,225,10.0,34.89,58,0,673,285320.2,1146.0,6730.0,5584.0,673,6.0,0.2,False
711189,firm_7,226,11.0,33.15,57,0,661,285013.65,1783.0,7271.0,5488.0,661,6.0,0.1,False
711189,firm_7,227,10.0,36.47,56,0,649,284069.33,1098.0,6490.0,5392.0,649,6.0,0.1,False
711189,firm_7,228,11.0,40.12,57,0,661,283065.49,1783.0,7271.0,5488.0,661,6.0,0.1,False
711189,firm_7,229,11.0,36.11,57,0,661,282490.22,1783.0,7271.0,5488.0,661,6.0,0.2,False
711189,firm_7,230,11.55,39.72,58,0,672,281572.06,2185.6,7761.6,5576.0,672,6.0,0.3,False
711189,firm_7,231,10.4,43.69,57,0,661,280168.13,1386.4,6874.4,5488.0,661,6.0,0.4,False
711189,firm_7,232,11.44,48.06,58,0,672,278892.33,2111.68,7687.68,5576.0,672,6.0,0.5,False
711189,firm_7,233,10.87,43.25,59,0,684,277403.66,1763.08,7435.08,5672.0,684,6.0,0.4,False
711189,firm_7,234,10.0,45.41,60,0,696,275371.06,1192.0,6960.0,5768.0,696,6.0,0.4,False
711189,firm_7,235,10.0,43.14,60,0,696,273774.66,1192.0,6960.0,5768.0,696,6.0,0.4,False
711189,firm_7,236,10.5,43.14,61,0,707,272210.62,1567.5,7423.5,5856.0,707,6.0,0.3,False
711189,firm_7,237,11.55,47.45,60,0,695,271430.87,2267.25,8027.25,5760.0,695,6.0,0.3,False
711189,firm_7,238,12.13,42.71,59,0,684,271235.9,2624.92,8296.92,5672.0,684,6.0,0.4,False
711189,firm_7,239,12.74,42.71,60,0,695,271267.6,3094.3,8854.3,5760.0,695,6.0,0.3,False
711189,firm_7,240,11.47,42.71,61,0,707,270215.58,2253.29,8109.29,5856.0,707,6.0,0.2,False
711189,firm_7,241,10.32,46.98,61,0,707,268690.04,1440.24,7296.24,5856.0,707,6.0,0.3,False
711189,firm_7,242,10.0,51.68,61,0,707,266551.56,1214.0,7070.0,5856.0,707,6.0,0.3,False
711189,firm_7,243,10.0,56.85,60,0,696,264332.56,1192.0,6960.0,5768.0,696,6.0,0.2,False
711189,firm_7,244,11.0,62.54,61,0,707,261638.62,1921.0,7777.0,5856.0,707,6.0,0.3,False
711189,firm_7,245,11.0,65.67,62,0,718,258821.08,1954.0,7898.0,5944.0,718,6.0,0.3,False
711189,firm_7,246,12.1,59.1,61,0,707,257914.68,2698.7,8554.7,5856.0,707,6.0,0.3,False
711189,firm_7,247,11.5,59.1,61,0,707,256584.08,2274.5,8130.5,5856.0,707,6.0,0.2,False
711189,firm_7,248,10.35,65.01,61,0,706,253877.57,1459.1,7307.1,5848.0,706,6.0,0.1,False
711189,firm_7,249,11.38,68.26,60,0,695,251731.07,2149.1,7909.1,5760.0,695,6.0,0.1,False
711189,firm_7,250,11.95,68.26,59,0,683,249901.58,2497.85,8161.85,5664.0,683,6.0,0.2,False
711189,firm_7,251,13.14,71.67,58,0,671,248993.66,3248.94,8816.94,5568.0,671,6.0,0.2,False
711189,firm_7,252,13.8,75.25,57,0,660,248132.41,3628.0,9108.0,5480.0,660,6.0,0.1,False
711189,firm_7,253,13.8,79.01,57,0,660,247256.84,3628.0,9108.0,5480.0,660,6.0,0.1,False
711189,firm_7,254,12.42,79.01,58,0,671,244740.08,2765.82,8333.82,5568.0,671,6.0,0.1,False
711189,firm_7,255,11.18,79.01,59,0,683,241550.43,1971.94,7635.94,5664.0,683,6.0,0.1,False
711189,firm_7,256,11.18,86.91,58,0,672,238246.61,1936.96,7512.96,5576.0,672,6.0,0.1,False
711189,firm_7,257,11.74,78.22,59,0,683,235186.05,2354.42,8018.42,5664.0,683,6.0,0.2,False
711189,firm_7,258,12.91,70.4,58,0,672,234102.37,3099.52,8675.52,5576.0,672,6.0,0.3,False
711189,firm_7,259,11.62,77.44,57,0,660,231877.49,2189.2,7669.2,5480.0,660,6.0,0.2,False
711189,firm_7,260,12.78,69.7,57,0,660,230759.39,2954.8,8434.8,5480.0,660,6.0,0.3,False
711189,firm_7,261,12.78,76.67,57,0,660,229144.0,2954.8,8434.8,5480.0,660,6.0,0.3,False
711189,firm_7,262,11.5,80.5,58,0,672,225927.0,2152.0,7728.0,5576.0,672,6.0,0.2,False
711189,firm_7,263,10.35,88.55,59,0,683,221407.6,1405.05,7069.05,5664.0,683,6.0,0.2,False
711189,firm_7,264,10.0,88.55,59,0,683,217349.15,1166.0,6830.0,5664.0,683,6.0,0.1,False
711189,firm_7,265,10.0,79.69,59,0,683,213513.44,1166.0,6830.0,5664.0,683,6.0,0.2,False
711189,firm_7,266,10.0,71.72,59,0,683,210447.96,1166.0,6830.0,5664.0,683,6.0,0.1,False
711189,firm_7,267,10.0,64.55,60,0,695,207164.96,1190.0,6950.0,5760.0,695,6.0,0.2,False
711189,firm_7,268,10.0,67.78,61,0,706,203442.38,1212.0,7060.0,5848.0,706,6.0,0.3,False
711189,firm_7,269,11.0,61.0,60,0,694,201664.38,1882.0,7634.0,5752.0,694,6.0,0.3,False
711189,firm_7,270,11.55,54.9,61,0,706,199921.78,2306.3,8154.3,5848.0,706,6.0,0.2,False
711189,firm_7,271,10.4,54.9,60,0,694,197793.38,1465.6,7217.6,5752.0,694,6.0,0.3,False
711189,firm_7,272,10.0,49.41,61,0,706,195491.37,1212.0,7060.0,5848.0,706,6.0,0.3,False
711189,firm_7,273,10.0,49.41,60,0,695,193716.77,1190.0,6950.0,5760.0,695,6.0,0.2,False
711189,firm_7,274,11.0,54.35,59,0,683,192159.12,1849.0,7513.0,5664.0,683,6.0,0.1,False
711189,firm_7,275,10.0,57.07,60,0,695,189224.92,1190.0,6950.0,5760.0,695,6.0,0.1,False
711189,firm_7,276,10.5,54.22,61,0,706,186782.5,1565.0,7413.0,5848.0,706,6.0,0.1,False
711189,firm_7,277,10.0,48.8,60,0,695,184844.5,1190.0,6950.0,5760.0,695,6.0,0.1,False
711189,firm_7,278,10.5,53.68,61,0,706,182335.02,1565.0,7413.0,5848.0,706,6.0,0.2,False
711189,firm_7,279,10.0,56.36,62,0,718,179376.7,1236.0,7180.0,5944.0,718,6.0,0.1,False
711189,firm_7,280,11.0,59.18,61,0,706,177684.72,1918.0,7766.0,5848.0,706,6.0,0.1,False
711189,firm_7,281,12.1,53.26,60,0,695,177038.62,2649.5,8409.5,5760.0,695,6.0,0.2,False
711189,firm_7,282,11.5,47.93,61,0,706,175785.89,2271.0,8119.0,5848.0,706,6.0,0.3,False
711189,firm_7,283,10.35,43.14,62,0,718,173898.51,1487.3,7431.3,5944.0,718,6.0,0.3,False
711189,firm_7,284,10.35,43.14,61,0,706,172526.07,1459.1,7307.1,5848.0,706,6.0,0.3,False
711189,firm_7,285,10.87,43.14,61,0,704,171615.01,1820.48,7652.48,5832.0,704,6.0,0.4,False
711189,firm_7,286,10.33,45.3,60,0,694,170214.03,1417.02,7169.02,5752.0,694,6.0,0.5,False
711189,firm_7,287,10.0,49.83,61,0,706,167886.4,1212.0,7060.0,5848.0,706,6.0,0.4,False
711189,firm_7,288,11.0,49.83,62,0,717,166047.94,1951.0,7887.0,5936.0,717,6.0,0.4,False
711189,firm_7,289,11.0,54.81,61,0,708,164428.53,1924.0,7788.0,5864.0,708,6.0,0.4,False
711189,firm_7,290,11.0,54.81,62,0,720,162190.31,1960.0,7920.0,5960.0,720,6.0,0.5,False
711189,firm_7,291,10.0,49.33,61,0,708,160197.18,1216.0,7080.0,5864.0,708,6.0,0.4,False
711189,firm_7,292,11.0,51.8,62,0,720,158445.58,1960.0,7920.0,5960.0,720,6.0,0.4,False
711189,firm_7,293,10.45,56.98,61,0,708,156204.4,1534.6,7398.6,5864.0,708,6.0,0.5,False
711189,firm_7,294,11.5,51.28,60,0,697,155167.1,2239.5,8015.5,5776.0,697,6.0,0.5,False
711189,firm_7,295,11.5,56.41,60,0,697,153722.0,2239.5,8015.5,5776.0,697,6.0,0.6,False
711189,firm_7,296,10.35,59.23,61,0,708,150972.77,1463.8,7327.8,5864.0,708,6.0,0.7,False
711189,firm_7,297,10.0,53.31,61,0,708,148636.86,1216.0,7080.0,5864.0,708,6.0,0.8,False
711189,firm_7,298,11.0,50.64,60,0,697,147289.46,1891.0,7667.0,5776.0,697,6.0,0.8,False
711189,firm_7,299,12.1,48.11,60,0,697,146860.56,2657.7,8433.7,5776.0,697,6.0,0.7,False
711189,firm_7,300,10.89,43.3,59,0,683,146079.73,1773.87,7437.87,5664.0,683,6.0,0.6,False
711189,firm_7,301,11.43,38.97,59,0,683,145923.19,2142.69,7806.69,5664.0,683,6.0,0.6,False
711189,firm_7,302,12.57,42.87,58,0,672,146307.77,2871.04,8447.04,5576.0,672,6.0,0.5,False
711189,firm_7,303,12.57,47.16,58,0,671,146138.96,2866.47,8434.47,5568.0,671,6.0,0.6,False
711189,firm_7,304,13.83,42.44,59,0,683,146916.89,3781.89,9445.89,5664.0,683,6.0,0.5,False
711189,firm_7,305,12.45,38.2,60,0,694,146813.19,2888.3,8640.3,5752.0,694,6.0,0.4,False
711189,firm_7,306,12.45,42.02,59,0,683,146873.36,2839.35,8503.35,5664.0,683,6.0,0.5,False
711189,firm_7,307,11.83,39.92,58,0,671,146627.93,2369.93,7937.93,5568.0,671,6.0,0.6,False
711189,firm_7,308,12.42,39.92,57,0,659,147065.27,2712.78,8184.78,5472.0,659,6.0,0.6,False
711189,firm_7,309,11.18,41.92,56,0,647,146375.21,1857.46,7233.46,5376.0,647,6.0,0.6,False
711189,firm_7,310,10.62,46.11,57,0,659,144773.52,1526.58,6998.58,5472.0,659,6.0,0.5,False
711189,firm_7,311,10.09,50.72,58,0,670,142332.06,1200.3,6760.3,5560.0,670,6.0,0.4,False
711189,firm_7,312,10.59,48.18,59,0,682,140455.82,1566.38,7222.38,5656.0,682,6.0,0.5,False
711189,firm_7,313,10.0,48.18,60,0,694,138153.02,1188.0,6940.0,5752.0,694,6.0,0.6,False
711189,firm_7,314,10.0,43.36,60,0,694,136739.42,1188.0,6940.0,5752.0,694,6.0,0.5,False
711189,firm_7,315,11.0,45.53,61,0,705,135077.09,1915.0,7755.0,5840.0,705,6.0,0.6,False
711189,firm_7,316,10.0,43.25,62,0,712,132819.59,1224.0,7120.0,5896.0,712,6.0,0.7,False
711189,firm_7,317,10.0,43.25,63,0,723,130840.84,1246.0,7230.0,5984.0,723,6.0,0.6,False
711189,firm_7,318,10.0,38.93,64,0,735,128819.32,1270.0,7350.0,6080.0,735,6.0,0.7,False
711189,firm_7,319,11.0,36.98,63,0,723,128458.58,1969.0,7953.0,5984.0,723,6.0,0.7,False
711189,firm_7,320,12.1,40.68,63,0,723,128560.04,2764.3,8748.3,5984.0,723,6.0,0.8,False
711189,firm_7,321,13.31,40.68,64,0,734,128954.06,3697.54,9769.54,6072.0,734,6.0,0.7,False
711189,firm_7,322,12.64,40.68,65,0,746,128871.3,3261.44,9429.44,6168.0,746,6.0,0.6,False
711189,firm_7,323,13.27,44.75,65,0,746,129693.97,3731.42,9899.42,6168.0,746,6.0,0.6,False
711189,firm_7,324,13.93,40.28,64,0,734,131168.67,4152.62,10224.62,6072.0,734,6.0,0.7,False
711189,firm_7,325,12.54,40.28,64,0,734,131723.11,3132.36,9204.36,6072.0,734,6.0,0.7,False
711189,firm_7,326,12.54,36.25,64,0,734,132535.47,3132.36,9204.36,6072.0,734,6.0,0.6,False
711189,firm_7,327,12.54,38.06,64,0,734,133031.99,3132.36,9204.36,6072.0,734,6.0,0.5,False
711189,firm_7,328,12.54,41.87,64,0,734,133284.67,3132.36,9204.36,6072.0,734,6.0,0.4,False
711189,firm_7,329,13.17,46.06,63,0,723,133720.8,3537.91,9521.91,5984.0,723,6.0,0.3,False
711189,firm_7,330,13.17,48.36,64,0,734,133520.54,3594.78,9666.78,6072.0,734,6.0,0.2,False
711189,firm_7,331,13.17,45.94,65,0,746,133491.26,3656.82,9824.82,6168.0,746,6.0,0.1,False
711189,firm_7,332,11.85,48.24,64,0,734,133029.8,2625.9,8697.9,6072.0,734,6.0,0.1,False
711189,firm_7,333,10.66,45.83,63,0,723,131865.69,1723.18,7707.18,5984.0,723,6.0,0.1,False
711189,firm_7,334,10.0,48.12,63,0,723,129880.13,1246.0,7230.0,5984.0,723,6.0,0.1,False
711189,firm_7,335,10.0,45.71,63,0,723,128146.4,1246.0,7230.0,5984.0,723,6.0,0.2,False
711189,firm_7,336,10.0,41.14,64,0,734,126081.44,1268.0,7340.0,6072.0,734,6.0,0.1,False
711189,firm_7,337,10.0,41.14,65,0,745,123897.34,1290.0,7450.0,6160.0,745,6.0,0.2,False
711189,firm_7,338,10.0,43.2,66,0,757,121660.14,1314.0,7570.0,6256.0,757,6.0,0.1,False
711189,firm_7,339,10.0,47.52,67,0,769,119214.3,1338.0,7690.0,6352.0,769,6.0,0.2,False
711189,firm_7,340,10.0,42.77,66,0,757,117605.48,1314.0,7570.0,6256.0,757,6.0,0.3,False
711189,firm_7,341,10.0,44.91,66,0,757,115755.42,1314.0,7570.0,6256.0,757,6.0,0.2,False
711189,firm_7,342,10.0,47.16,67,0,768,113131.7,1336.0,7680.0,6344.0,768,6.0,0.3,False
711189,firm_7,343,10.5,42.44,67,0,768,111808.22,1720.0,8064.0,6344.0,768,6.0,0.3,False
711189,firm_7,344,11.02,46.68,68,0,779,109986.56,2152.58,8584.58,6432.0,779,6.0,0.4,False
711189,firm_7,345,11.57,42.01,68,0,779,109610.91,2581.03,9013.03,6432.0,779,6.0,0.5,False
711189,firm_7,346,12.15,42.01,69,0,790,109290.72,3078.5,9598.5,6520.0,790,6.0,0.4,False
711189,firm_7,347,11.54,44.11,70,0,801,108338.56,2635.54,9243.54,6608.0,801,6.0,0.4,False
711189,firm_7,348,10.39,39.7,71,0,813,106662.93,1743.07,8447.07,6704.0,813,6.0,0.5,False
711189,firm_7,349,10.39,37.72,70,0,802,105539.31,1716.78,8332.78,6616.0,802,6.0,0.4,False
711189,firm_7,350,10.0,39.61,71,0,813,103453.0,1426.0,8130.0,6704.0,813,6.0,0.3,False
711189,firm_7,351,10.0,35.65,71,0,813,102347.85,1426.0,8130.0,6704.0,813,6.0,0.3,False
711189,firm_7,352,10.0,37.43,71,0,813,100916.32,1426.0,8130.0,6704.0,813,6.0,0.2,False
711189,firm_7,353,10.0,41.17,72,0,827,98706.08,1454.0,8270.0,6816.0,827,6.0,0.2,False
711189,firm_7,354,10.0,45.29,71,0,816,96722.49,1432.0,8160.0,6728.0,816,6.0,0.2,False
711189,firm_7,355,11.0,47.55,72,0,827,95079.89,2281.0,9097.0,6816.0,827,6.0,0.1,False
711189,firm_7,356,10.45,47.55,72,0,827,93482.44,1826.15,8642.15,6816.0,827,6.0,0.1,False
711189,firm_7,357,10.45,42.8,71,0,816,92042.84,1799.2,8527.2,6728.0,816,6.0,0.1,False
711189,firm_7,358,10.0,38.52,71,0,815,90437.92,1430.0,8150.0,6720.0,815,6.0,0.2,False
711189,firm_7,359,10.5,38.52,72,0,827,88931.98,1867.5,8683.5,6816.0,827,6.0,0.3,False
711189,firm_7,360,11.55,40.45,72,0,827,88455.43,2735.85,9551.85,6816.0,827,6.0,0.4,False
711189,firm_7,361,12.71,40.45,73,0,839,88654.27,3751.69,10663.69,6912.0,839,6.0,0.5,False
711189,firm_7,362,13.35,36.4,74,0,850,89808.17,4347.5,11347.5,7000.0,850,6.0,0.4,False
711189,firm_7,363,12.68,40.04,75,0,862,89939.33,3834.16,10930.16,7096.0,862,6.0,0.4,False
711189,firm_7,364,11.41,36.04,76,0,873,89277.22,2776.93,9960.93,7184.0,873,6.0,0.3,False
711189,firm_7,365,10.27,32.44,75,0,862,88600.96,1756.74,8852.74,7096.0,862,6.0,0.2,False
711189,firm_8,1,39.82,41.41,16,0,185,116124.28,6707.9,7366.7,658.8,185,0.48,0.27,False
711189,firm_8,2,43.8,41.41,16,0,185,122905.92,7444.2,8103.0,658.8,185,0.48,0.17,False
711189,firm_8,3,48.18,45.55,17,0,198,130270.27,8838.7,9539.64,700.94,198,0.53,0.1,False
711189,firm_8,4,45.77,41.0,16,0,185,137413.67,7799.4,8467.45,668.05,185,0.53,0.1,False
711189,firm_8,5,43.48,43.05,16,0,185,144000.62,7375.75,8043.8,668.05,185,0.53,0.2,False
711189,firm_8,6,41.31,40.9,17,0,197,150035.13,7429.81,8138.07,708.26,197,0.58,0.1,False
711189,firm_8,7,39.24,42.94,16,0,185,155930.19,6582.1,7259.4,677.3,185,0.58,0.1,False
711189,firm_8,8,41.2,47.23,16,0,186,161948.53,6974.02,7663.2,689.18,186,0.63,0.1,False
711189,firm_8,9,43.26,47.23,15,0,174,167901.0,6860.92,7527.24,666.32,174,0.68,0.1,False
711189,firm_8,10,47.59,42.51,14,0,162,174173.18,7067.32,7709.58,642.26,162,0.73,0.1,False
711189,firm_8,11,47.59,46.76,14,0,163,180630.72,7112.18,7757.17,644.99,163,0.73,0.1,False
711189,firm_8,12,52.35,49.1,15,0,174,187519.4,8425.18,9108.9,683.72,174,0.78,0.2,False
711189,firm_8,13,49.73,54.01,16,0,186,194587.94,8532.7,9249.78,717.08,186,0.78,0.3,False
711189,firm_8,14,47.24,51.31,15,0,175,201190.04,7571.75,8267.0,695.25,175,0.83,0.2,False
711189,firm_8,15,51.96,48.74,16,0,186,208539.08,8928.88,9664.56,735.68,186,0.88,0.3,False
711189,firm_8,16,49.36,48.74,15,0,174,215595.5,7887.52,8588.64,701.12,174,0.88,0.4,False
711189,firm_8,17,46.89,51.18,16,0,186,222262.48,7985.86,8721.54,735.68,186,0.88,0.3,False
711189,firm_8,18,51.58,46.06,16,0,186,230174.42,8848.9,9593.88,744.98,186,0.93,0.2,False
711189,firm_8,19,56.74,48.36,15,0,174,238303.26,9154.24,9872.76,718.52,174,0.98,0.3,False
711189,firm_8,20,51.07,45.94,14,0,162,245042.58,7582.48,8273.34,690.86,162,1.03,0.3,False
711189,firm_8,21,53.62,45.94,14,0,162,252395.0,7995.58,8686.44,690.86,162,1.03,0.2,False
711189,firm_8,22,58.98,48.24,14,0,163,260431.34,8911.7,9613.74,702.04,163,1.08,0.1,False
711189,firm_8,23,64.88,43.42,15,0,174,269624.54,10544.5,11289.12,744.62,174,1.13,0.1,False
711189,firm_8,24,64.88,41.25,15,0,174,279341.59,10535.8,11289.12,753.32,174,1.18,0.1,False
711189,firm_8,25,58.39,37.12,16,0,185,288261.52,10013.85,10802.15,788.3,185,1.18,0.1,False
711189,firm_8,26,61.31,40.83,15,0,174,297354.99,9905.92,10667.94,762.02,174,1.23,0.1,False
711189,firm_8,27,64.38,40.83,15,0,174,307182.64,10440.1,11202.12,762.02,174,1.23,0.1,False
711189,firm_8,28,70.82,42.87,15,0,174,318100.25,11560.66,12322.68,762.02,174,1.23,0.1,False
711189,firm_8,29,63.74,38.58,15,0,174,327850.29,10328.74,11090.76,762.02,174,1.23,0.1,False
711189,firm_8,30,70.11,42.44,14,0,162,337890.69,10634.56,11357.82,723.26,162,1.23,0.1,False
711189,firm_8,31,66.6,46.68,13,0,151,346652.72,9368.87,10056.6,687.73,151,1.23,0.1,False
711189,firm_8,32,69.93,42.01,13,0,151,355770.74,9864.15,10559.43,695.28,151,1.28,0.1,False
711189,firm_8,33,66.43,46.21,14,0,162,364654.1,10030.3,10761.66,731.36,162,1.28,0.1,False
711189,firm_8,34,59.79,41.59,15,0,174,373162.99,9632.74,10403.46,770.72,174,1.28,0.1,False
711189,firm_8,35,62.78,37.43,14,0,162,381977.97,9439.0,10170.36,731.36,162,1.28,0.2,False
711189,firm_8,36,59.64,33.69,14,0,162,390436.63,8930.32,9661.68,731.36,162,1.28,0.2,False
711189,firm_8,37,65.6,30.32,13,0,150,399090.47,9148.0,9840.0,692.0,150,1.28,0.3,False
711189,firm_8,38,59.04,31.84,13,0,151,406588.76,8212.21,8915.04,702.83,151,1.33,0.4,False
711189,firm_8,39,64.94,28.66,12,0,139,414608.63,8363.79,9026.66,662.87,139,1.33,0.4,False
711189,firm_8,40,61.69,27.23,11,0,127,421520.82,7211.72,7834.63,622.91,127,1.33,0.4,False
711189,firm_8,41,67.86,27.23,10,0,116,428534.0,7285.48,7871.76,586.28,116,1.33,0.4,False
711189,firm_8,42,64.47,25.87,11,0,127,435007.86,7558.43,8187.69,629.26,127,1.38,0.5,False
711189,firm_8,43,58.02,23.28,12,0,138,441568.82,7340.32,8006.76,666.44,138,1.38,0.5,False
711189,firm_8,44,55.12,25.61,12,0,138,447994.72,6933.22,7606.56,673.34,138,1.43,0.5,False
711189,firm_8,45,57.88,28.17,12,0,139,455025.23,7368.55,8045.32,676.77,139,1.43,0.4,False
711189,firm_8,46,63.67,30.99,12,0,139,462519.76,8166.41,8850.13,683.72,139,1.48,0.5,False
711189,firm_8,47,70.04,27.89,12,0,138,471170.36,8985.28,9665.52,680.24,138,1.48,0.4,False
711189,firm_8,48,66.54,26.5,11,0,127,478587.48,7808.62,8450.58,641.96,127,1.48,0.5,False
711189,firm_8,49,59.89,29.15,10,0,116,484639.54,6343.56,6947.24,603.68,116,1.48,0.5,False
711189,firm_8,50,59.89,32.06,9,0,104,489917.64,5666.64,6228.56,561.92,104,1.48,0.6,False
711189,firm_8,51,56.9,32.06,9,0,104,494984.78,5355.68,5917.6,561.92,104,1.48,0.6,False
711189,firm_8,52,51.21,35.27,10,0,116,499368.76,5336.68,5940.36,603.68,116,1.48,0.7,False
711189,firm_8,53,51.21,38.8,10,0,116,504217.44,5336.68,5940.36,603.68,116,1.48,0.8,False
711189,firm_8,54,53.77,42.68,9,0,104,508863.48,5030.16,5592.08,561.92,104,1.48,0.8,False
711189,firm_8,55,51.08,38.41,8,0,93,512578.35,4222.15,4750.44,528.29,93,1.53,0.7,False
711189,firm_8,56,53.63,42.25,9,0,104,516708.5,5010.4,5577.52,567.12,104,1.53,0.6,False
711189,firm_8,57,58.99,42.25,9,0,104,521590.89,5562.64,6134.96,572.32,104,1.58,0.7,False
711189,firm_8,58,53.09,38.02,9,0,104,526197.75,4949.04,5521.36,572.32,104,1.58,0.7,False
711189,firm_8,59,55.74,39.92,9,0,104,530857.91,5219.44,5796.96,577.52,104,1.63,0.7,False
711189,firm_8,60,50.17,35.93,9,0,104,535174.7,4640.16,5217.68,577.52,104,1.63,0.7,False
711189,firm_8,61,55.19,35.93,9,0,104,539708.37,5157.04,5739.76,582.72,104,1.68,0.8,False
711189,firm_8,62,55.19,37.73,8,0,93,543996.96,4590.43,5132.67,542.24,93,1.68,0.7,False
711189,firm_8,63,49.67,41.5,7,0,81,547231.65,3525.19,4023.27,498.08,81,1.68,0.7,False
711189,firm_8,64,44.7,37.35,6,0,69,549334.48,2626.93,3084.3,457.37,69,1.73,0.8,False
711189,firm_8,65,44.7,33.62,6,0,69,551556.24,2623.48,3084.3,460.82,69,1.78,0.7,False
711189,firm_8,66,42.46,30.26,6,0,69,553843.6,2468.92,2929.74,460.82,69,1.78,0.7,False
711189,firm_8,67,38.21,27.23,7,0,81,555437.77,2584.78,3095.01,510.23,81,1.83,0.8,False
711189,firm_8,68,34.39,28.59,6,0,69,557074.87,1908.64,2372.91,464.27,69,1.83,0.9,False
711189,firm_8,69,30.95,31.45,6,0,69,558457.45,1671.28,2135.55,464.27,69,1.83,1.0,False
711189,firm_8,70,32.5,34.6,6,0,69,560028.08,1778.23,2242.5,464.27,69,1.83,0.9,False
711189,firm_8,71,29.25,34.6,7,0,81,560840.85,1854.97,2369.25,514.28,81,1.88,1.0,False
711189,firm_8,72,26.32,36.33,6,0,69,561971.23,1348.36,1816.08,467.72,69,1.88,0.9,False
711189,firm_8,73,23.69,34.51,6,0,69,562727.61,1163.44,1634.61,471.17,69,1.93,0.9,False
711189,firm_8,74,21.32,37.96,5,0,58,563346.43,808.62,1236.56,427.94,58,1.93,0.8,False
711189,firm_8,75,21.32,34.16,5,0,58,563681.35,805.72,1236.56,430.84,58,1.98,0.9,False
711189,firm_8,76,19.19,30.74,6,0,69,563846.4,849.49,1324.11,474.62,69,1.98,0.8,False
711189,firm_8,77,19.19,29.2,5,0,58,564282.58,682.18,1113.02,430.84,58,1.98,0.9,False
711189,firm_8,78,21.11,32.12,4,0,46,564439.78,585.68,971.06,385.38,46,2.03,1.0,False
711189,firm_8,79,22.17,32.12,3,0,34,564558.48,415.06,753.78,338.72,34,2.08,0.9,False
711189,firm_8,80,19.95,35.33,3,0,34,564792.07,339.58,678.3,338.72,34,2.08,0.9,False
711189,firm_8,81,21.94,38.86,2,0,23,564825.13,210.78,504.62,293.84,23,2.08,1.0,False
711189,firm_8,82,19.75,36.92,1,0,11,564560.03,-28.18,217.25,245.43,11,2.13,0.9,False
711189,firm_8,83,21.72,40.61,2,0,23,564083.38,204.57,499.56,294.99,23,2.13,1.0,False
711189,firm_8,84,23.89,40.61,2,0,23,563955.49,253.33,549.47,296.14,23,2.18,1.1,False
711189,firm_8,85,23.89,44.67,3,0,34,563691.62,470.14,812.26,342.12,34,2.18,1.2,False
711189,firm_8,86,23.89,44.67,4,0,46,563719.6,706.66,1098.94,392.28,46,2.18,1.1,False
711189,firm_8,87,26.28,46.9,5,0,58,563764.0,1078.9,1524.24,445.34,58,2.23,1.2,False
711189,firm_8,88,27.59,49.24,4,0,46,564341.6,874.56,1269.14,394.58,46,2.23,1.3,False
711189,firm_8,89,27.59,51.7,3,0,35,564502.35,615.85,965.65,349.8,35,2.28,1.4,False
711189,firm_8,90,28.97,54.28,3,0,35,564801.91,662.4,1013.95,351.55,35,2.33,1.3,False
711189,firm_8,91,28.97,59.71,4,0,46,564896.51,933.44,1332.62,399.18,46,2.33,1.4,False
711189,firm_8,92,30.42,62.7,3,0,35,565321.56,713.15,1064.7,351.55,35,2.33,1.5,False
711189,firm_8,93,31.94,59.56,2,0,23,565537.47,435.03,734.62,299.59,23,2.33,1.6,False
711189,firm_8,94,33.54,53.6,3,0,35,565699.02,822.35,1173.9,351.55,35,2.33,1.6,False
711189,firm_8,95,31.86,58.96,4,0,46,565827.26,1064.08,1465.56,401.48,46,2.38,1.6,False
711189,firm_8,96,35.05,53.06,4,0,46,566825.84,1210.82,1612.3,401.48,46,2.38,1.6,False
711189,firm_8,97,31.54,55.71,4,0,46,567652.36,1049.36,1450.84,401.48,46,2.38,1.6,False
711189,firm_8,98,34.69,61.28,5,0,58,568403.94,1557.98,2012.02,454.04,58,2.38,1.5,False
711189,firm_8,99,32.96,67.41,4,0,46,568946.68,1112.38,1516.16,403.78,46,2.43,1.6,False
711189,firm_8,100,36.26,74.15,3,0,35,569638.28,914.05,1269.1,355.05,35,2.43,1.6,False
711189,firm_8,101,34.45,81.57,4,0,46,569690.62,1178.62,1584.7,406.08,46,2.48,1.7,False
711189,firm_8,102,37.9,89.73,3,0,35,570189.38,967.95,1326.5,358.55,35,2.53,1.6,False
711189,firm_8,103,39.8,98.7,2,0,23,570302.04,610.06,915.4,305.34,23,2.58,1.7,False
711189,firm_8,104,41.79,98.7,3,0,35,570306.54,1100.6,1462.65,362.05,35,2.63,1.8,False
711189,firm_8,105,39.7,103.64,3,0,35,570821.32,1025.7,1389.5,363.8,35,2.68,1.7,False
711189,firm_8,106,43.67,108.82,4,0,46,571177.28,1591.24,2008.82,417.58,46,2.73,1.8,False
711189,firm_8,107,41.49,119.7,4,0,46,572189.44,1490.96,1908.54,417.58,46,2.73,1.8,False
711189,firm_8,108,45.64,125.68,5,0,58,572930.92,2169.88,2647.12,477.24,58,2.78,1.9,False
711189,firm_8,109,41.08,125.68,6,0,70,574017.84,2341.0,2875.6,534.6,70,2.78,1.8,False
711189,firm_8,110,39.03,113.11,6,0,70,575333.18,2194.0,2732.1,538.1,70,2.83,1.7,False
711189,firm_8,111,40.98,124.42,5,0,58,576507.78,1896.7,2376.84,480.14,58,2.83,1.8,False
711189,firm_8,112,40.98,111.98,4,0,46,577220.46,1460.6,1885.08,424.48,46,2.88,1.9,False
711189,firm_8,113,40.98,123.18,3,0,35,577612.67,1061.75,1434.3,372.55,35,2.93,2.0,False
711189,firm_8,114,45.08,110.86,4,0,46,578113.83,1644.6,2073.68,429.08,46,2.98,2.0,False
711189,firm_8,115,45.08,99.77,5,0,58,579240.78,2125.8,2614.64,488.84,58,2.98,2.0,False
711189,firm_8,116,47.33,99.77,4,0,46,580287.5,1745.8,2177.18,431.38,46,3.03,2.1,False
711189,firm_8,117,44.96,94.78,4,0,46,581242.86,1634.48,2068.16,433.68,46,3.08,2.2,False
711189,firm_8,118,42.71,99.52,3,0,35,582061.35,1117.05,1494.85,377.8,35,3.08,2.2,False
711189,firm_8,119,38.44,89.57,3,0,35,582660.24,967.6,1345.4,377.8,35,3.08,2.3,False
711189,firm_8,120,36.52,85.09,3,0,35,583103.62,898.65,1278.2,379.55,35,3.13,2.3,False
711189,firm_8,121,32.87,80.84,4,0,46,583356.3,1076.04,1512.02,435.98,46,3.13,2.3,False
711189,firm_8,122,31.23,80.84,5,0,58,583765.9,1313.8,1811.34,497.54,58,3.13,2.3,False
711189,firm_8,123,31.23,80.84,6,0,70,584407.86,1627.0,2186.1,559.1,70,3.13,2.2,False
711189,firm_8,124,32.79,88.92,5,0,58,585267.54,1404.28,1901.82,497.54,58,3.13,2.3,False
711189,firm_8,125,31.15,93.37,5,0,58,585906.95,1306.26,1806.7,500.44,58,3.18,2.3,False
711189,firm_8,126,32.71,84.03,6,0,70,586529.87,1727.1,2289.7,562.6,70,3.18,2.4,False
711189,firm_8,127,34.35,92.43,7,0,81,587241.58,2158.72,2782.35,623.63,81,3.23,2.5,False
711189,firm_8,128,32.63,92.43,6,0,70,588201.5,1714.5,2284.1,569.6,70,3.28,2.5,False
711189,firm_8,129,32.63,87.81,7,0,81,589102.18,2015.35,2643.03,627.68,81,3.28,2.5,False
711189,firm_8,130,29.37,92.2,8,0,93,589804.95,2040.37,2731.41,691.04,93,3.28,2.6,False
711189,firm_8,131,32.31,101.42,9,0,105,590825.07,2632.9,3392.55,759.65,105,3.33,2.6,False
711189,firm_8,132,29.08,91.28,10,0,116,591661.47,2549.2,3373.28,824.08,116,3.38,2.7,False
711189,firm_8,133,27.63,86.72,10,0,116,593075.27,2381.0,3205.08,824.08,116,3.38,2.8,False
711189,firm_8,134,26.25,82.38,9,0,105,594119.95,1986.1,2756.25,770.15,105,3.43,2.7,False
711189,firm_8,135,23.62,78.26,10,0,116,594647.39,1910.04,2739.92,829.88,116,3.43,2.8,False
711189,firm_8,136,25.98,86.09,11,0,128,595530.8,2430.4,3325.44,895.04,128,3.43,2.9,False
711189,firm_8,137,25.98,94.7,10,0,116,596667.6,2183.8,3013.68,829.88,116,3.43,3.0,False
711189,firm_8,138,25.98,89.96,11,0,128,597608.44,2430.4,3325.44,895.04,128,3.43,2.9,False
711189,firm_8,139,27.28,98.96,11,0,128,598910.28,2590.4,3491.84,901.44,128,3.48,2.8,False
711189,firm_8,140,27.28,108.86,11,0,128,600203.22,2590.4,3491.84,901.44,128,3.48,2.9,False
711189,firm_8,141,25.92,108.86,12,0,140,601058.5,2661.6,3628.8,967.2,140,3.48,2.9,False
711189,firm_8,142,27.22,119.75,13,0,152,602106.23,3104.48,4137.44,1032.96,152,3.48,2.8,False
711189,firm_8,143,28.58,131.73,14,0,163,603327.31,3565.3,4658.54,1093.24,163,3.48,2.7,False
711189,firm_8,144,31.44,125.14,14,0,163,605506.83,4031.48,5124.72,1093.24,163,3.48,2.8,False
711189,firm_8,145,31.44,112.63,13,0,152,607480.96,3738.32,4778.88,1040.56,152,3.53,2.9,False
711189,firm_8,146,29.87,101.37,12,0,140,609472.12,3207.6,4181.8,974.2,140,3.53,2.9,False
711189,firm_8,147,31.36,101.37,11,0,128,611463.29,3106.24,4014.08,907.84,128,3.53,2.8,False
711189,firm_8,148,34.5,106.44,12,0,140,613334.81,3848.8,4830.0,981.2,140,3.58,2.8,False
711189,firm_8,149,37.95,117.08,13,0,152,616033.01,4720.24,5768.4,1048.16,152,3.58,2.8,False
711189,firm_8,150,34.16,122.93,12,0,140,618359.05,3801.2,4782.4,981.2,140,3.58,2.7,False
711189,firm_8,151,32.45,135.22,13,0,152,619777.83,3876.64,4932.4,1055.76,152,3.63,2.6,False
711189,firm_8,152,29.2,141.98,13,0,152,621007.13,3375.04,4438.4,1063.36,152,3.68,2.7,False
711189,firm_8,153,30.66,134.88,13,0,152,622850.65,3596.96,4660.32,1063.36,152,3.68,2.6,False
711189,firm_8,154,33.73,141.62,13,0,152,625073.19,4063.6,5126.96,1063.36,152,3.68,2.6,False
711189,firm_8,155,30.36,134.54,14,0,163,626412.47,3822.84,4948.68,1125.84,163,3.68,2.7,False
711189,firm_8,156,30.36,134.54,15,0,175,628013.37,4119.0,5313.0,1194.0,175,3.68,2.7,False
711189,firm_8,157,33.4,141.27,15,0,175,630236.57,4642.25,5845.0,1202.75,175,3.73,2.8,False
711189,firm_8,158,36.74,141.27,16,0,187,632975.12,5598.87,6870.38,1271.51,187,3.73,2.9,False
711189,firm_8,159,38.58,148.33,16,0,187,636544.79,5942.95,7214.46,1271.51,187,3.73,2.9,False
711189,firm_8,160,36.65,133.5,15,0,175,639653.29,5211.0,6413.75,1202.75,175,3.73,3.0,False
711189,firm_8,161,40.32,133.5,16,0,187,643285.62,6268.33,7539.84,1271.51,187,3.73,2.9,False
711189,firm_8,162,40.32,120.15,17,0,198,647391.89,6648.82,7983.36,1334.54,198,3.73,2.8,False
711189,firm_8,163,40.32,126.16,18,0,210,651374.41,7053.4,8467.2,1413.8,210,3.78,2.9,False
711189,firm_8,164,42.34,113.54,19,0,222,656422.37,7905.22,9399.48,1494.26,222,3.83,2.8,False
711189,firm_8,165,46.57,119.22,20,0,233,662730.39,9292.42,10850.81,1558.39,233,3.83,2.9,False
711189,firm_8,166,44.24,113.26,20,0,233,669114.72,8749.53,10307.92,1558.39,233,3.83,3.0,False
711189,firm_8,167,46.45,107.6,19,0,222,675576.86,8806.54,10311.9,1505.36,222,3.88,3.1,False
711189,firm_8,168,48.77,107.6,18,0,210,682446.96,8806.9,10241.7,1434.8,210,3.88,3.1,False
711189,firm_8,169,51.21,112.98,19,0,222,689663.6,9863.26,11368.62,1505.36,222,3.88,3.1,False
711189,firm_8,170,48.65,124.28,20,0,233,696131.76,9753.76,11335.45,1581.69,233,3.93,3.2,False
711189,firm_8,171,46.22,111.85,19,0,222,702539.89,8733.28,10260.84,1527.56,222,3.98,3.1,False
711189,firm_8,172,43.91,100.66,20,0,233,708352.73,8626.04,10231.03,1604.99,233,4.03,3.2,False
711189,firm_8,173,39.52,100.66,21,0,245,713643.92,8005.05,9682.4,1677.35,245,4.03,3.3,False
711189,firm_8,174,37.54,105.69,21,0,245,718732.13,7507.7,9197.3,1689.6,245,4.08,3.3,False
711189,firm_8,175,35.66,110.97,21,0,245,723236.61,7034.85,8736.7,1701.85,245,4.13,3.3,False
711189,firm_8,176,33.88,105.42,20,0,233,727082.31,6254.1,7894.04,1639.94,233,4.18,3.4,False
711189,firm_8,177,35.57,115.96,20,0,233,731310.98,6647.87,8287.81,1639.94,233,4.18,3.5,False
711189,firm_8,178,33.79,110.16,19,0,222,734836.26,5918.32,7501.38,1583.06,222,4.23,3.6,False
711189,firm_8,179,35.48,121.18,20,0,233,738316.26,6603.6,8266.84,1663.24,233,4.28,3.6,False
711189,firm_8,180,39.03,133.3,21,0,245,742628.46,7811.5,9562.35,1750.85,245,4.33,3.6,False
711189,firm_8,181,37.08,146.63,22,0,257,746605.35,7702.75,9529.56,1826.81,257,4.33,3.6,False
711189,firm_8,182,40.79,139.3,23,0,269,751757.74,9056.29,10972.51,1916.22,269,4.38,3.5,False
711189,firm_8,183,38.75,139.3,23,0,269,757061.37,8507.53,10423.75,1916.22,269,4.38,3.5,False
711189,firm_8,184,36.81,153.23,24,0,280,760990.25,8306.4,10306.8,2000.4,280,4.43,3.5,False
711189,firm_8,185,34.97,168.55,25,0,292,764410.18,8133.68,10211.24,2077.56,292,4.43,3.5,False
711189,firm_8,186,34.97,185.41,26,0,304,767350.48,8460.96,10630.88,2169.92,304,4.48,3.4,False
711189,firm_8,187,36.72,194.68,26,0,304,770966.56,8977.76,11162.88,2185.12,304,4.53,3.5,False
711189,firm_8,188,33.05,204.41,25,0,292,773085.55,7529.24,9650.6,2121.36,292,4.58,3.6,False
711189,firm_8,189,33.05,204.41,24,0,280,775077.31,7197.6,9254.0,2056.4,280,4.63,3.7,False
711189,firm_8,190,33.05,183.97,23,0,269,777752.98,6906.98,8890.45,1983.47,269,4.63,3.7,False
711189,firm_8,191,33.05,174.77,24,0,280,780042.1,7183.6,9254.0,2070.4,280,4.68,3.7,False
711189,firm_8,192,33.05,192.25,25,0,292,782021.29,7485.44,9650.6,2165.16,292,4.73,3.7,False
711189,firm_8,193,34.7,211.48,24,0,280,784263.37,7617.6,9716.0,2098.4,280,4.78,3.8,False
711189,firm_8,194,38.17,211.48,25,0,292,787227.65,8951.28,11145.64,2194.36,292,4.83,3.8,False
711189,firm_8,195,41.99,222.05,24,0,280,791329.25,9630.8,11757.2,2126.4,280,4.88,3.7,False
711189,firm_8,196,41.99,222.05,25,0,292,795230.12,10052.12,12261.08,2208.96,292,4.88,3.8,False
711189,firm_8,197,44.09,244.26,24,0,280,799586.68,10218.8,12345.2,2126.4,280,4.88,3.8,False
711189,firm_8,198,41.89,268.69,23,0,269,802411.05,9204.24,11268.41,2064.17,269,4.93,3.8,False
711189,firm_8,199,43.98,241.82,23,0,269,806515.64,9766.45,11830.62,2064.17,269,4.93,3.9,False
711189,firm_8,200,43.98,217.64,23,0,269,810962.92,9753.0,11830.62,2077.62,269,4.98,4.0,False
711189,firm_8,201,41.78,228.52,22,0,257,814579.08,8743.6,10737.46,1993.86,257,4.98,4.1,False
711189,firm_8,202,43.87,217.09,23,0,269,818809.42,9723.41,11801.03,2077.62,269,4.98,4.0,False
711189,firm_8,203,41.68,195.38,23,0,269,823349.98,9134.3,11211.92,2077.62,269,4.98,4.1,False
711189,firm_8,204,43.76,175.84,22,0,257,828733.96,9252.46,11246.32,1993.86,257,4.98,4.1,False
711189,firm_8,205,45.95,193.42,23,0,269,834068.23,10282.93,12360.55,2077.62,269,4.98,4.0,False
711189,firm_8,206,43.65,174.08,24,0,280,839457.91,10067.6,12222.0,2154.4,280,4.98,4.0,False
711189,firm_8,207,41.47,156.67,23,0,269,844832.31,9077.81,11155.43,2077.62,269,4.98,4.1,False
711189,firm_8,208,39.4,172.34,22,0,257,849072.77,8131.94,10125.8,1993.86,257,4.98,4.2,False
711189,firm_8,209,37.43,155.11,23,0,269,852682.84,7977.6,10068.67,2091.07,269,5.03,4.3,False
711189,firm_8,210,37.43,155.11,22,0,257,856783.22,7612.8,9619.51,2006.71,257,5.03,4.4,False
711189,firm_8,211,33.69,170.62,23,0,269,859017.05,6958.09,9062.61,2104.52,269,5.08,4.5,False
711189,firm_8,212,30.32,179.15,23,0,269,860634.71,6038.11,8156.08,2117.97,269,5.13,4.6,False
711189,firm_8,213,28.8,170.19,23,0,269,862249.57,5629.23,7747.2,2117.97,269,5.13,4.7,False
711189,firm_8,214,28.8,187.21,24,0,280,863024.13,5867.6,8064.0,2196.4,280,5.13,4.8,False
711189,firm_8,215,25.92,187.21,23,0,269,863472.81,4854.51,6972.48,2117.97,269,5.13,4.9,False
711189,firm_8,216,23.33,177.85,22,0,256,863194.51,3934.4,5972.48,2038.08,256,5.18,5.0,False
711189,firm_8,217,23.33,195.64,22,0,256,862724.83,3934.4,5972.48,2038.08,256,5.18,5.1,False
711189,firm_8,218,22.16,176.08,23,0,267,861974.65,3799.66,5916.72,2117.06,267,5.18,5.1,False
711189,firm_8,219,22.16,184.88,22,0,256,861542.17,3634.88,5672.96,2038.08,256,5.18,5.0,False
711189,firm_8,220,19.94,194.12,22,0,256,860025.29,3053.76,5104.64,2050.88,256,5.23,5.1,False
711189,firm_8,221,19.94,194.12,21,0,244,858637.81,2889.04,4865.36,1976.32,244,5.28,5.0,False
711189,firm_8,222,19.94,194.12,20,0,233,857193.54,2738.13,4646.02,1907.89,233,5.33,5.1,False
711189,firm_8,223,19.94,203.83,19,0,221,855807.58,2586.81,4406.74,1819.93,221,5.33,5.2,False
711189,firm_8,224,19.94,214.02,19,0,222,854029.52,2588.32,4426.68,1838.36,222,5.38,5.3,False
711189,firm_8,225,20.94,235.42,18,0,210,852229.06,2637.1,4397.4,1760.3,210,5.43,5.3,False
711189,firm_8,226,18.85,258.96,19,0,222,849144.06,2335.24,4184.7,1849.46,222,5.43,5.3,False
711189,firm_8,227,18.85,233.06,20,0,233,846343.72,2460.86,4392.05,1931.19,233,5.43,5.4,False
711189,firm_8,228,16.97,209.75,21,0,245,843576.27,2137.3,4157.65,2020.35,245,5.43,5.3,False
711189,firm_8,229,17.82,230.73,22,0,257,840257.59,2457.38,4579.74,2122.36,257,5.48,5.2,False
711189,firm_8,230,17.82,207.66,23,0,269,837349.42,2568.01,4793.58,2225.57,269,5.53,5.1,False
711189,firm_8,231,18.71,207.66,24,0,280,834581.98,2916.4,5238.8,2322.4,280,5.58,5.1,False
711189,firm_8,232,17.77,197.28,23,0,269,832372.2,2527.66,4780.13,2252.47,269,5.63,5.1,False
711189,firm_8,233,15.99,177.55,24,0,279,829429.49,2118.49,4461.21,2342.72,279,5.68,5.2,False
711189,firm_8,234,16.79,159.8,23,0,267,827986.46,2232.37,4482.93,2250.56,267,5.68,5.2,False
711189,firm_8,235,15.11,159.8,24,0,279,825524.23,1872.97,4215.69,2342.72,279,5.68,5.2,False
711189,firm_8,236,13.6,151.81,24,0,279,823332.47,1451.68,3794.4,2342.72,279,5.68,5.1,False
711189,firm_8,237,12.24,166.99,25,0,291,819684.68,1126.96,3561.84,2434.88,291,5.68,5.2,False
711189,firm_8,238,11.02,158.64,24,0,279,816509.18,731.86,3074.58,2342.72,279,5.68,5.3,False
711189,firm_8,239,10.0,166.57,23,0,267,813097.51,419.44,2670.0,2250.56,267,5.68,5.2,False
711189,firm_8,240,10.0,158.24,22,0,256,809910.15,393.92,2560.0,2166.08,256,5.68,5.3,False
711189,firm_8,241,10.0,174.06,22,0,256,806474.75,393.92,2560.0,2166.08,256,5.68,5.3,False
711189,firm_8,242,10.0,182.76,21,0,244,802690.67,353.88,2440.0,2086.12,244,5.73,5.4,False
711189,firm_8,243,10.0,173.62,22,0,256,798439.35,368.32,2560.0,2191.68,256,5.78,5.5,False
711189,firm_8,244,10.5,156.26,23,0,267,794658.26,512.89,2803.5,2290.61,267,5.83,5.4,False
711189,firm_8,245,10.5,171.89,24,0,279,790363.88,530.98,2929.5,2398.52,279,5.88,5.3,False
711189,firm_8,246,11.55,163.3,25,0,291,786649.35,867.97,3361.05,2493.08,291,5.88,5.3,False
711189,firm_8,247,10.97,171.47,26,0,304,782215.29,724.16,3334.88,2610.72,304,5.93,5.3,False
711189,firm_8,248,10.42,171.47,27,0,315,777354.2,568.6,3282.3,2713.7,315,5.98,5.4,False
711189,firm_8,249,10.42,162.9,28,0,325,772679.5,586.5,3386.5,2800.0,325,6.0,5.4,False
711189,firm_8,250,10.94,154.76,28,0,325,768801.72,755.5,3555.5,2800.0,325,6.0,5.5,False
711189,firm_8,251,11.49,139.28,27,0,314,765737.02,895.86,3607.86,2712.0,314,6.0,5.4,False
711189,firm_8,252,12.64,146.24,26,0,302,763036.06,1201.28,3817.28,2616.0,302,6.0,5.5,False
711189,firm_8,253,12.64,131.62,25,0,291,760595.8,1150.24,3678.24,2528.0,291,6.0,5.6,False
711189,firm_8,254,13.27,118.46,25,0,291,758667.87,1333.57,3861.57,2528.0,291,6.0,5.7,False
711189,firm_8,255,13.27,112.54,26,0,302,756333.37,1391.54,4007.54,2616.0,302,6.0,5.8,False
711189,firm_8,256,13.93,123.79,25,0,291,754764.25,1525.63,4053.63,2528.0,291,6.0,5.7,False
711189,firm_8,257,15.32,117.6,26,0,302,753217.29,2010.64,4626.64,2616.0,302,6.0,5.7,False
711189,firm_8,258,13.79,129.36,26,0,302,751102.51,1548.58,4164.58,2616.0,302,6.0,5.8,False
711189,firm_8,259,13.1,142.3,25,0,291,748629.11,1284.1,3812.1,2528.0,291,6.0,5.7,False
711189,firm_8,260,13.76,135.18,26,0,302,746153.95,1539.52,4155.52,2616.0,302,6.0,5.6,False
711189,firm_8,261,15.14,121.66,26,0,302,744647.07,1956.28,4572.28,2616.0,302,6.0,5.7,False
711189,firm_8,262,13.63,109.49,27,0,314,742558.66,1567.82,4279.82,2712.0,314,6.0,5.6,False
711189,firm_8,263,14.31,98.54,26,0,302,741702.24,1705.62,4321.62,2616.0,302,6.0,5.6,False
711189,firm_8,264,14.31,88.69,26,0,302,741101.92,1705.62,4321.62,2616.0,302,6.0,5.6,False
711189,firm_8,265,15.03,79.82,27,0,314,740254.2,2007.42,4719.42,2712.0,314,6.0,5.6,False
711189,firm_8,266,13.53,83.81,28,0,325,739004.77,1597.25,4397.25,2800.0,325,6.0,5.5,False
711189,firm_8,267,14.21,75.43,27,0,314,738518.1,1749.94,4461.94,2712.0,314,6.0,5.4,False
711189,firm_8,268,14.21,82.97,28,0,325,737413.19,1818.25,4618.25,2800.0,325,6.0,5.5,False
711189,firm_8,269,14.92,82.97,29,0,337,736439.1,2132.04,5028.04,2896.0,337,6.0,5.4,False
711189,firm_8,270,16.41,78.82,29,0,337,736787.49,2634.17,5530.17,2896.0,337,6.0,5.4,False
711189,firm_8,271,17.23,78.82,30,0,349,736644.16,3021.27,6013.27,2992.0,349,6.0,5.5,False
711189,firm_8,272,18.09,78.82,29,0,337,737558.71,3200.33,6096.33,2896.0,337,6.0,5.4,False
711189,firm_8,273,18.99,86.7,30,0,349,737793.22,3635.51,6627.51,2992.0,349,6.0,5.5,False
711189,firm_8,274,18.04,86.7,29,0,337,738462.4,3183.48,6079.48,2896.0,337,6.0,5.5,False
711189,firm_8,275,18.04,91.04,28,0,325,738976.28,3063.0,5863.0,2800.0,325,6.0,5.4,False
711189,firm_8,276,18.94,86.49,29,0,337,739354.85,3486.78,6382.78,2896.0,337,6.0,5.5,False
711189,firm_8,277,19.89,86.49,29,0,337,740653.57,3806.93,6702.93,2896.0,337,6.0,5.5,False
711189,firm_8,278,19.89,77.84,28,0,325,741838.3,3664.25,6464.25,2800.0,325,6.0,5.6,False
711189,firm_8,279,17.9,73.95,27,0,314,742450.25,2908.6,5620.6,2712.0,314,6.0,5.7,False
711189,firm_8,280,18.79,70.25,26,0,302,743682.33,3058.58,5674.58,2616.0,302,6.0,5.6,False
711189,firm_8,281,19.73,77.28,27,0,314,744578.99,3483.22,6195.22,2712.0,314,6.0,5.5,False
711189,firm_8,282,20.72,69.55,28,0,325,745965.59,3934.0,6734.0,2800.0,325,6.0,5.6,False
711189,firm_8,283,21.76,62.6,27,0,314,748396.03,4120.64,6832.64,2712.0,314,6.0,5.5,False
711189,firm_8,284,22.85,59.47,27,0,314,750953.24,4462.9,7174.9,2712.0,314,6.0,5.6,False
711189,firm_8,285,23.99,65.42,28,0,325,753418.23,4996.75,7796.75,2800.0,325,6.0,5.6,False
711189,firm_8,286,23.99,58.88,29,0,337,756399.34,5188.63,8084.63,2896.0,337,6.0,5.6,False
711189,firm_8,287,23.99,52.99,30,0,349,759390.15,5380.51,8372.51,2992.0,349,6.0,5.7,False
711189,firm_8,288,25.19,50.34,31,0,360,763218.01,5988.4,9068.4,3080.0,360,6.0,5.8,False
711189,firm_8,289,26.45,47.82,31,0,358,767940.69,6405.1,9469.1,3064.0,358,6.0,5.7,False
711189,firm_8,290,23.8,47.82,31,0,357,771798.87,5440.6,8496.6,3056.0,357,6.0,5.8,False
711189,firm_8,291,26.18,43.04,32,0,366,776175.47,6453.88,9581.88,3128.0,366,6.0,5.7,False
711189,firm_8,292,24.87,40.89,31,0,354,780479.86,5771.98,8803.98,3032.0,354,6.0,5.7,False
711189,firm_8,293,26.11,44.98,31,0,358,785268.86,6283.38,9347.38,3064.0,358,6.0,5.8,False
711189,firm_8,294,26.11,42.73,30,0,345,789834.91,6047.95,9007.95,2960.0,345,6.0,5.7,False
711189,firm_8,295,24.8,38.46,30,0,345,794277.11,5596.0,8556.0,2960.0,345,6.0,5.6,False
711189,firm_8,296,23.56,34.61,31,0,354,797812.44,5308.24,8340.24,3032.0,354,6.0,5.6,False
711189,firm_8,297,21.2,31.15,32,0,365,800633.64,4618.0,7738.0,3120.0,365,6.0,5.7,False
711189,firm_8,298,22.26,29.59,33,0,377,804133.19,5176.02,8392.02,3216.0,377,6.0,5.6,False
711189,firm_8,299,20.03,31.07,32,0,368,807265.99,4227.04,7371.04,3144.0,368,6.0,5.7,False
711189,firm_8,300,18.03,29.52,33,0,380,809303.23,3611.4,6851.4,3240.0,380,6.0,5.8,False
711189,firm_8,301,18.03,28.04,34,0,385,811411.42,3661.55,6941.55,3280.0,385,6.0,5.9,False
711189,firm_8,302,18.93,25.24,35,0,396,813856.3,4128.28,7496.28,3368.0,396,6.0,6.0,False
711189,firm_8,303,19.88,22.72,36,0,407,816973.54,4635.16,8091.16,3456.0,407,6.0,5.9,False
711189,firm_8,304,20.87,24.99,35,0,396,820795.41,4896.52,8264.52,3368.0,396,6.0,5.9,False
711189,firm_8,305,20.87,22.49,36,0,407,824523.86,5038.09,8494.09,3456.0,407,6.0,5.8,False
711189,firm_8,306,18.78,20.24,37,0,418,827481.02,4306.04,7850.04,3544.0,418,6.0,5.9,False
711189,firm_8,307,19.72,22.26,36,0,407,831049.7,4570.04,8026.04,3456.0,407,6.0,5.8,False
711189,firm_8,308,20.71,20.03,36,0,406,835088.88,4960.26,8408.26,3448.0,406,6.0,5.8,False
711189,firm_8,309,21.75,18.03,37,0,418,839169.27,5547.5,9091.5,3544.0,418,6.0,5.9,False
711189,firm_8,310,20.66,18.03,36,0,406,843460.15,4939.96,8387.96,3448.0,406,6.0,5.8,False
711189,firm_8,311,22.73,16.23,37,0,417,848202.05,5942.41,9478.41,3536.0,417,6.0,5.9,False
711189,firm_8,312,23.87,17.85,38,0,429,853331.98,6608.23,10240.23,3632.0,429,6.0,6.0,False
711189,firm_8,313,23.87,17.85,37,0,417,858889.32,6417.79,9953.79,3536.0,417,6.0,5.9,False
711189,firm_8,314,22.68,16.07,38,0,429,863876.38,6097.72,9729.72,3632.0,429,6.0,5.8,False
711189,firm_8,315,22.68,16.07,39,0,440,868908.85,6259.2,9979.2,3720.0,440,6.0,5.9,False
711189,firm_8,316,21.55,17.68,40,0,451,873312.7,5911.05,9719.05,3808.0,451,6.0,6.0,False
711189,firm_8,317,19.4,19.45,41,0,467,877139.05,5123.8,9059.8,3936.0,467,6.0,5.9,False
711189,firm_8,318,19.4,19.45,41,0,462,881408.4,5066.8,8962.8,3896.0,462,6.0,5.8,False
711189,firm_8,319,20.37,17.5,42,0,473,885624.41,5651.01,9635.01,3984.0,473,6.0,5.7,False
711189,firm_8,320,21.39,19.25,42,0,473,890949.38,6133.47,10117.47,3984.0,473,6.0,5.6,False
711189,firm_8,321,22.46,17.32,42,0,473,896561.52,6639.58,10623.58,3984.0,473,6.0,5.7,False
711189,firm_8,322,20.21,17.32,41,0,462,901292.42,5441.02,9337.02,3896.0,462,6.0,5.6,False
711189,firm_8,323,18.19,18.19,41,0,462,904854.41,4507.78,8403.78,3896.0,462,6.0,5.5,False
711189,firm_8,324,20.01,16.37,42,0,473,908847.6,5480.73,9464.73,3984.0,473,6.0,5.6,False
711189,firm_8,325,21.01,14.73,43,0,484,913511.05,6096.84,10168.84,4072.0,484,6.0,5.7,False
711189,firm_8,326,22.06,13.26,44,0,495,919187.31,6759.7,10919.7,4160.0,495,6.0,5.6,False
711189,firm_8,327,23.16,12.6,43,0,484,925782.95,7137.44,11209.44,4072.0,484,6.0,5.5,False
711189,firm_8,328,24.32,11.34,44,0,495,932362.39,7878.4,12038.4,4160.0,495,6.0,5.6,False
711189,firm_8,329,25.54,10.21,44,0,490,940207.75,8394.6,12514.6,4120.0,490,6.0,5.7,False
711189,firm_8,330,26.82,11.23,45,0,506,948525.32,9322.92,13570.92,4248.0,506,6.0,5.6,False
711189,firm_8,331,28.16,10.67,45,0,506,958046.13,10000.96,14248.96,4248.0,506,6.0,5.5,False
711189,firm_8,332,26.75,10.0,44,0,485,966399.88,8893.75,12973.75,4080.0,485,6.0,5.6,False
711189,firm_8,333,28.09,10.0,45,0,496,975014.52,9764.64,13932.64,4168.0,496,6.0,5.5,False
711189,firm_8,334,30.9,10.0,46,0,506,985341.92,11387.4,15635.4,4248.0,506,6.0,5.6,False
711189,firm_8,335,32.44,10.0,47,0,517,996807.4,12435.48,16771.48,4336.0,517,6.0,5.5,False
711189,firm_8,336,30.82,10.0,48,0,528,1007576.36,11848.96,16272.96,4424.0,528,6.0,5.6,False
711189,firm_8,337,27.74,11.0,49,0,545,1016895.66,10558.3,15118.3,4560.0,545,6.0,5.5,False
711189,firm_8,338,29.13,11.0,50,0,562,1027220.72,11675.06,16371.06,4696.0,562,6.0,5.6,False
711189,firm_8,339,32.04,10.0,50,0,556,1039886.96,13166.24,17814.24,4648.0,556,6.0,5.5,False
711189,firm_8,340,33.64,11.0,50,0,562,1053546.64,14209.68,18905.68,4696.0,562,6.0,5.4,False
711189,firm_8,341,35.32,10.45,51,0,561,1067640.21,15126.52,19814.52,4688.0,561,6.0,5.3,False
711189,firm_8,342,37.09,10.0,50,0,550,1082639.71,15799.5,20399.5,4600.0,550,6.0,5.4,False
711189,firm_8,343,38.94,10.5,51,0,567,1098947.19,17342.98,22078.98,4736.0,567,6.0,5.4,False
711189,firm_8,344,38.94,11.55,50,0,561,1115327.03,17157.34,21845.34,4688.0,561,6.0,5.4,False
711189,firm_8,345,40.89,10.97,50,0,556,1132765.37,18086.84,22734.84,4648.0,556,6.0,5.5,False
711189,firm_8,346,42.93,10.42,51,0,567,1151139.26,19605.31,24341.31,4736.0,567,6.0,5.4,False
711189,firm_8,347,40.78,10.42,52,0,583,1168908.16,18910.74,23774.74,4864.0,583,6.0,5.5,False
711189,firm_8,348,42.82,10.94,51,0,572,1187967.26,19717.04,24493.04,4776.0,572,6.0,5.6,False
711189,firm_8,349,38.54,10.94,52,0,583,1204403.2,17604.82,22468.82,4864.0,583,6.0,5.7,False
711189,firm_8,350,40.47,11.49,53,0,595,1222213.88,19119.65,24079.65,4960.0,595,6.0,5.6,False
711189,firm_8,351,42.49,12.64,54,0,613,1241773.69,20942.37,26046.37,5104.0,613,6.0,5.6,False
711189,firm_8,352,38.24,12.64,55,0,625,1259278.49,18700.0,23900.0,5200.0,625,6.0,5.5,False
711189,firm_8,353,34.42,11.38,55,0,613,1274548.05,15995.46,21099.46,5104.0,613,6.0,5.6,False
711189,firm_8,354,30.98,10.81,56,0,624,1287482.21,14139.52,19331.52,5192.0,624,6.0,5.7,False
711189,firm_8,355,30.98,10.0,57,0,628,1300643.65,14231.44,19455.44,5224.0,628,6.0,5.6,False
711189,firm_8,356,27.88,10.0,58,0,646,1312206.13,12642.48,18010.48,5368.0,646,6.0,5.5,False
711189,firm_8,357,29.27,10.5,59,0,657,1324661.02,13774.39,19230.39,5456.0,657,6.0,5.5,False
711189,firm_8,358,26.34,10.0,59,0,657,1335720.4,11849.38,17305.38,5456.0,657,6.0,5.4,False
711189,firm_8,359,28.97,10.5,59,0,657,1348578.19,13577.29,19033.29,5456.0,657,6.0,5.5,False
711189,firm_8,360,27.52,10.0,60,0,661,1360180.91,12702.72,18190.72,5488.0,661,6.0,5.4,False
711189,firm_8,361,27.52,10.0,61,0,671,1371968.83,12897.92,18465.92,5568.0,671,6.0,5.4,False
711189,firm_8,362,28.9,10.5,62,0,690,1385038.83,14221.0,19941.0,5720.0,690,6.0,5.3,False
711189,firm_8,363,27.46,10.0,61,0,671,1396986.49,12857.66,18425.66,5568.0,671,6.0,5.4,False
711189,firm_8,364,24.71,11.0,60,0,675,1407305.74,11079.25,16679.25,5600.0,675,6.0,5.5,False
711189,firm_8,365,25.95,10.0,60,0,668,1418496.34,11790.6,17334.6,5544.0,668,6.0,5.5,False
711189,firm_9,1,41.14,48.09,25,0,292,120320.84,11082.88,12012.88,930.0,292,0.5,0.26,False
711189,firm_9,2,37.03,43.28,24,0,279,128715.99,9433.87,10331.37,897.5,279,0.5,0.16,False
711189,firm_9,3,33.33,43.28,24,0,279,136078.84,8401.57,9299.07,897.5,279,0.5,0.1,False
711189,firm_9,4,36.66,47.61,23,0,267,143904.53,8920.72,9788.22,867.5,267,0.5,0.1,False
711189,firm_9,5,32.99,49.99,23,0,267,150595.59,7940.83,8808.33,867.5,267,0.5,0.2,False
711189,firm_9,6,36.29,47.49,24,0,279,158183.24,9227.41,10124.91,897.5,279,0.5,0.2,False
711189,firm_9,7,34.48,47.49,23,0,267,165216.28,8325.31,9206.16,880.85,267,0.55,0.2,False
711189,firm_9,8,34.48,42.74,24,0,278,172367.06,8676.54,9585.44,908.9,278,0.55,0.1,False
711189,firm_9,9,32.76,38.47,25,0,290,179366.21,8560.9,9500.4,939.5,290,0.55,0.2,False
711189,firm_9,10,36.04,34.62,25,0,289,187979.32,9478.61,10415.56,936.95,289,0.55,0.1,False
711189,firm_9,11,39.64,36.35,25,0,289,197375.13,10504.56,11455.96,951.4,289,0.6,0.1,False
711189,firm_9,12,39.64,32.72,24,0,276,206512.89,10023.04,10940.64,917.6,276,0.6,0.2,False
711189,firm_9,13,41.62,35.99,23,0,265,215825.42,10140.3,11029.3,889.0,265,0.6,0.1,False
711189,firm_9,14,45.78,32.39,23,0,265,226323.15,11242.7,12131.7,889.0,265,0.6,0.1,False
711189,firm_9,15,41.2,29.15,22,0,253,235247.65,9565.8,10423.6,857.8,253,0.6,0.1,False
711189,firm_9,16,43.26,29.15,22,0,253,244693.33,10086.98,10944.78,857.8,253,0.6,0.1,False
711189,firm_9,17,38.93,29.15,23,0,265,252737.08,9414.2,10316.45,902.25,265,0.65,0.1,False
711189,firm_9,18,35.04,32.06,23,0,265,260069.8,8370.1,9285.6,915.5,265,0.7,0.2,False
711189,firm_9,19,38.54,32.06,23,0,265,268316.77,9284.35,10213.1,928.75,265,0.75,0.3,False
711189,firm_9,20,34.69,32.06,23,0,265,275843.49,8264.1,9192.85,928.75,265,0.75,0.3,False
711189,firm_9,21,32.96,35.27,24,0,276,282421.17,8124.16,9096.96,972.8,276,0.8,0.2,False
711189,firm_9,22,32.96,38.8,25,0,289,289367.41,8516.24,9525.44,1009.2,289,0.8,0.3,False
711189,firm_9,23,31.31,34.92,24,0,276,295884.29,7654.96,8641.56,986.6,276,0.85,0.4,False
711189,firm_9,24,28.18,36.67,23,0,266,301365.36,6524.48,7495.88,971.4,266,0.9,0.3,False
711189,firm_9,25,28.18,40.34,22,0,255,306724.28,6246.4,7185.9,939.5,255,0.9,0.3,False
711189,firm_9,26,31.0,42.36,23,0,267,312239.35,7289.35,8277.0,987.65,267,0.95,0.4,False
711189,firm_9,27,27.9,44.48,23,0,267,317464.61,6448.3,7449.3,1001.0,267,1.0,0.4,False
711189,firm_9,28,26.5,48.93,23,0,267,322413.72,6074.5,7075.5,1001.0,267,1.0,0.4,False
711189,firm_9,29,25.17,48.93,22,0,256,326499.98,5462.72,6443.52,980.8,256,1.05,0.5,False
711189,firm_9,30,23.91,46.48,22,0,256,330617.58,5140.16,6120.96,980.8,256,1.05,0.4,False
711189,firm_9,31,21.52,51.13,23,0,268,333478.15,4736.56,5767.36,1030.8,268,1.1,0.3,False
711189,firm_9,32,20.44,46.02,22,0,256,336491.95,4226.24,5232.64,1006.4,256,1.15,0.3,False
711189,firm_9,33,19.42,50.62,22,0,256,339343.43,3965.12,4971.52,1006.4,256,1.15,0.3,False
711189,firm_9,34,18.45,48.09,21,0,244,341554.54,3521.0,4501.8,980.8,244,1.2,0.4,False
711189,firm_9,35,16.6,48.09,20,0,233,343514.94,2922.2,3867.8,945.6,233,1.2,0.4,False
711189,firm_9,36,18.26,45.69,19,0,221,345464.04,3117.21,4035.46,918.25,221,1.25,0.5,False
711189,firm_9,37,16.43,47.97,19,0,221,347054.34,2701.73,3631.03,929.3,221,1.3,0.4,False
711189,firm_9,38,17.25,50.37,20,0,232,348371.74,3024.8,4002.0,977.2,232,1.35,0.3,False
711189,firm_9,39,16.39,45.33,19,0,221,350192.31,2681.84,3622.19,940.35,221,1.35,0.3,False
711189,firm_9,40,16.39,49.86,20,0,232,351420.39,2825.28,3802.48,977.2,232,1.35,0.4,False
711189,firm_9,41,14.75,44.87,20,0,232,352756.19,2433.2,3422.0,988.8,232,1.4,0.3,False
711189,firm_9,42,14.75,44.87,20,0,232,353980.39,2421.6,3422.0,1000.4,232,1.45,0.4,False
711189,firm_9,43,14.01,49.36,19,0,221,354865.26,2122.71,3096.21,973.5,221,1.5,0.5,False
711189,firm_9,44,14.01,46.89,19,0,221,355786.01,2111.66,3096.21,984.55,221,1.55,0.6,False
711189,firm_9,45,12.61,46.89,18,0,209,356425.08,1683.09,2635.49,952.4,209,1.6,0.5,False
711189,firm_9,46,12.61,51.58,17,0,198,357132.2,1583.98,2496.78,912.8,198,1.6,0.4,False
711189,firm_9,47,12.61,49.0,18,0,210,357342.3,1692.1,2648.1,956.0,210,1.6,0.5,False
711189,firm_9,48,13.87,46.55,17,0,198,358384.41,1833.46,2746.26,912.8,198,1.6,0.5,False
711189,firm_9,49,14.56,51.2,16,0,186,359194.47,1829.26,2708.16,878.9,186,1.65,0.4,False
711189,firm_9,50,13.83,53.76,16,0,186,360027.79,1693.48,2572.38,878.9,186,1.65,0.3,False
711189,firm_9,51,14.52,48.38,16,0,186,360766.23,1812.52,2700.72,888.2,186,1.7,0.4,False
711189,firm_9,52,14.52,48.38,16,0,186,361804.67,1812.52,2700.72,888.2,186,1.7,0.4,False
711189,firm_9,53,14.52,53.22,17,0,198,362132.39,1932.46,2874.96,942.5,198,1.75,0.4,False
711189,firm_9,54,15.97,53.22,17,0,198,363237.31,2209.66,3162.06,952.4,198,1.8,0.4,False
711189,firm_9,55,17.57,50.56,16,0,186,364789.57,2361.22,3268.02,906.8,186,1.8,0.4,False
711189,firm_9,56,17.57,48.03,16,0,186,366382.31,2361.22,3268.02,906.8,186,1.8,0.3,False
711189,firm_9,57,19.33,43.23,16,0,186,368379.21,2688.58,3595.38,906.8,186,1.8,0.3,False
711189,firm_9,58,21.26,45.39,17,0,198,370364.66,3257.08,4209.48,952.4,198,1.8,0.2,False
711189,firm_9,59,19.13,43.12,17,0,198,372366.96,2835.34,3787.74,952.4,198,1.8,0.3,False
711189,firm_9,60,19.13,38.81,16,0,186,374088.08,2642.08,3558.18,916.1,186,1.85,0.4,False
711189,firm_9,61,21.04,40.75,16,0,186,376333.42,2997.34,3913.44,916.1,186,1.85,0.5,False
711189,firm_9,62,21.04,44.82,15,0,174,378143.48,2782.36,3660.96,878.6,174,1.9,0.6,False
711189,firm_9,63,23.14,40.34,15,0,174,380686.14,3147.76,4026.36,878.6,174,1.9,0.6,False
711189,firm_9,64,21.98,40.34,15,0,174,382718.26,2937.22,3824.52,887.3,174,1.95,0.7,False
711189,firm_9,65,19.78,38.32,15,0,174,384597.88,2554.42,3441.72,887.3,174,1.95,0.8,False
711189,firm_9,66,19.78,42.15,16,0,186,385958.56,2735.08,3679.08,944.0,186,2.0,0.8,False
711189,firm_9,67,19.78,44.26,16,0,186,387776.18,2725.78,3679.08,953.3,186,2.05,0.8,False
711189,firm_9,68,20.77,39.83,17,0,197,389692.91,3093.84,4091.69,997.85,197,2.05,0.7,False
711189,firm_9,69,22.85,43.81,17,0,197,392241.89,3493.75,4501.45,1007.7,197,2.1,0.7,False
711189,firm_9,70,25.14,41.62,17,0,197,395379.23,3944.88,4952.58,1007.7,197,2.1,0.8,False
711189,firm_9,71,22.63,39.54,16,0,186,397783.87,3237.28,4209.18,971.9,186,2.15,0.8,False
711189,firm_9,72,20.37,39.54,17,0,197,399397.18,2985.49,4012.89,1027.4,197,2.2,0.8,False
711189,firm_9,73,20.37,39.54,16,0,186,401472.16,2807.62,3788.82,981.2,186,2.2,0.9,False
711189,firm_9,74,22.41,35.59,15,0,174,403906.85,2968.54,3899.34,930.8,174,2.2,0.8,False
711189,firm_9,75,21.29,37.37,16,0,186,405787.67,2978.74,3959.94,981.2,186,2.2,0.8,False
711189,firm_9,76,19.16,39.24,16,0,186,407742.39,2582.56,3563.76,981.2,186,2.2,0.8,False
711189,firm_9,77,17.24,39.24,15,0,174,409014.05,2060.26,2999.76,939.5,174,2.25,0.8,False
711189,firm_9,78,15.52,43.16,16,0,186,409510.41,1886.92,2886.72,999.8,186,2.3,0.7,False
711189,firm_9,79,14.74,47.48,15,0,174,410414.77,1616.56,2564.76,948.2,174,2.3,0.6,False
711189,firm_9,80,13.27,45.11,15,0,174,410890.2,1352.08,2308.98,956.9,174,2.35,0.6,False
711189,firm_9,81,12.61,42.85,16,0,186,411040.96,1336.36,2345.46,1009.1,186,2.35,0.6,False
711189,firm_9,82,13.87,47.14,16,0,186,411648.14,1561.42,2579.82,1018.4,186,2.4,0.6,False
711189,firm_9,83,13.18,51.85,17,0,197,411696.35,1529.66,2596.46,1066.8,197,2.4,0.7,False
711189,firm_9,84,12.52,49.26,18,0,209,411496.3,1486.63,2616.68,1130.05,209,2.45,0.8,False
711189,firm_9,85,11.27,44.33,19,0,221,411461.25,1307.22,2490.67,1183.45,221,2.45,0.8,False
711189,firm_9,86,12.4,46.55,18,0,209,411874.45,1451.1,2591.6,1140.5,209,2.5,0.7,False
711189,firm_9,87,13.64,41.9,19,0,221,412298.29,1819.94,3014.44,1194.5,221,2.5,0.8,False
711189,firm_9,88,12.96,37.71,18,0,209,412977.2,1557.69,2708.64,1150.95,209,2.55,0.8,False
711189,firm_9,89,12.96,41.48,18,0,209,413788.25,1557.69,2708.64,1150.95,209,2.55,0.8,False
711189,firm_9,90,11.66,41.48,18,0,209,414117.15,1275.54,2436.94,1161.4,209,2.6,0.8,False
711189,firm_9,91,11.66,39.41,19,0,221,414128.62,1360.26,2576.86,1216.6,221,2.6,0.9,False
711189,firm_9,92,11.66,41.38,18,0,209,414348.87,1265.09,2436.94,1171.85,209,2.65,1.0,False
711189,firm_9,93,11.08,37.24,19,0,221,414362.34,1221.03,2448.68,1227.65,221,2.65,0.9,False
711189,firm_9,94,11.08,37.24,19,0,221,414875.81,1221.03,2448.68,1227.65,221,2.65,0.8,False
711189,firm_9,95,10.0,33.52,19,0,221,415121.28,982.35,2210.0,1227.65,221,2.65,0.9,False
711189,firm_9,96,10.5,36.87,19,0,221,415302.55,1081.8,2320.5,1238.7,221,2.7,0.8,False
711189,firm_9,97,10.5,36.87,18,0,209,415440.64,1001.75,2194.5,1192.75,209,2.75,0.8,False
711189,firm_9,98,10.0,38.71,18,0,209,415541.11,897.25,2090.0,1192.75,209,2.75,0.9,False
711189,firm_9,99,11.0,34.84,18,0,209,415809.79,1095.8,2299.0,1203.2,209,2.8,0.8,False
711189,firm_9,100,12.1,38.32,18,0,209,416235.28,1315.25,2528.9,1213.65,209,2.85,0.8,False
711189,firm_9,101,11.5,36.4,18,0,209,416459.48,1179.4,2403.5,1224.1,209,2.9,0.9,False
711189,firm_9,102,10.35,36.4,19,0,221,415961.28,993.4,2287.35,1293.95,221,2.95,1.0,False
711189,firm_9,103,10.35,40.04,20,0,232,415713.28,1052.8,2401.2,1348.4,232,2.95,1.0,False
711189,firm_9,104,10.35,40.04,21,0,244,415490.04,1117.6,2525.4,1407.8,244,2.95,0.9,False
711189,firm_9,105,10.35,44.04,22,0,256,415203.56,1182.4,2649.6,1467.2,256,2.95,0.9,False
711189,firm_9,106,10.0,48.44,22,0,256,415017.88,1080.0,2560.0,1480.0,256,3.0,0.9,False
711189,firm_9,107,11.0,53.28,23,0,267,414481.09,1388.65,2937.0,1548.35,267,3.05,0.9,False
711189,firm_9,108,11.0,50.62,24,0,279,414012.31,1446.1,3069.0,1622.9,279,3.1,0.8,False
711189,firm_9,109,12.1,45.56,25,0,291,414210.31,1837.0,3521.1,1684.1,291,3.1,0.7,False
711189,firm_9,110,10.89,45.56,26,0,302,414074.33,1548.58,3288.78,1740.2,302,3.1,0.7,False
711189,firm_9,111,11.98,43.28,26,0,302,414511.71,1862.66,3617.96,1755.3,302,3.15,0.8,False
711189,firm_9,112,11.98,45.44,26,0,302,414977.83,1847.56,3617.96,1770.4,302,3.2,0.7,False
711189,firm_9,113,12.58,49.98,27,0,315,415153.07,2124.7,3962.7,1838.0,315,3.2,0.8,False
711189,firm_9,114,13.84,49.98,27,0,315,416325.21,2521.6,4359.6,1838.0,315,3.2,0.8,False
711189,firm_9,115,12.46,49.98,28,0,327,416499.79,2174.02,4074.42,1900.4,327,3.2,0.9,False
711189,firm_9,116,12.46,54.98,27,0,315,417102.23,2086.9,3924.9,1838.0,315,3.2,0.8,False
711189,firm_9,117,13.71,54.98,26,0,303,417836.13,2363.38,4154.13,1790.75,303,3.25,0.7,False
711189,firm_9,118,13.02,52.23,27,0,315,418073.47,2247.55,4101.3,1853.75,315,3.25,0.8,False
711189,firm_9,119,13.02,52.23,27,0,315,418810.81,2247.55,4101.3,1853.75,315,3.25,0.9,False
711189,firm_9,120,11.72,52.23,26,0,303,418998.09,1745.26,3551.16,1805.9,303,3.3,0.9,False
711189,firm_9,121,12.89,52.23,25,0,292,419608.62,2016.28,3763.88,1747.6,292,3.3,1.0,False
711189,firm_9,122,12.89,49.62,25,0,292,420169.8,2001.68,3763.88,1762.2,292,3.35,0.9,False
711189,firm_9,123,11.6,52.1,25,0,292,420392.3,1625.0,3387.2,1762.2,292,3.35,1.0,False
711189,firm_9,124,12.76,49.5,24,0,280,421079.1,1874.8,3572.8,1698.0,280,3.35,1.0,False
711189,firm_9,125,14.04,54.45,23,0,268,421642.27,2115.52,3762.72,1647.2,268,3.4,1.1,False
711189,firm_9,126,12.64,54.45,24,0,280,421448.67,1813.2,3539.2,1726.0,280,3.45,1.1,False
711189,firm_9,127,11.38,57.17,25,0,292,420950.98,1531.56,3322.96,1791.4,292,3.45,1.2,False
711189,firm_9,128,11.38,62.89,25,0,292,420695.69,1516.96,3322.96,1806.0,292,3.5,1.2,False
711189,firm_9,129,10.24,56.6,25,0,292,420464.77,1184.08,2990.08,1806.0,292,3.5,1.2,False
711189,firm_9,130,10.0,56.6,24,0,280,420166.37,1060.0,2800.0,1740.0,280,3.5,1.1,False
711189,firm_9,131,10.0,56.6,23,0,268,419870.57,1006.0,2680.0,1674.0,268,3.5,1.0,False
711189,firm_9,132,11.0,62.26,23,0,268,419499.19,1260.6,2948.0,1687.4,268,3.55,1.0,False
711189,firm_9,133,12.1,65.37,24,0,280,418964.31,1634.0,3388.0,1754.0,280,3.55,1.1,False
711189,firm_9,134,11.5,71.91,24,0,280,418390.47,1452.0,3220.0,1768.0,280,3.6,1.2,False
711189,firm_9,135,11.5,64.72,25,0,291,417789.37,1516.9,3346.5,1829.6,291,3.6,1.1,False
711189,firm_9,136,10.92,71.19,24,0,280,417056.41,1275.6,3057.6,1782.0,280,3.65,1.2,False
711189,firm_9,137,10.0,71.19,23,0,268,416171.44,952.4,2680.0,1727.6,268,3.7,1.1,False
711189,firm_9,138,10.0,67.63,23,0,268,415568.35,952.4,2680.0,1727.6,268,3.7,1.0,False
711189,firm_9,139,10.0,74.39,24,0,280,414072.99,990.0,2800.0,1810.0,280,3.75,1.0,False
711189,firm_9,140,10.0,74.39,24,0,280,412963.63,976.0,2800.0,1824.0,280,3.8,1.1,False
711189,firm_9,141,10.0,66.95,24,0,280,412332.83,976.0,2800.0,1824.0,280,3.8,1.0,False
711189,firm_9,142,10.0,60.26,24,0,279,411544.44,957.85,2790.0,1832.15,279,3.85,1.1,False
711189,firm_9,143,10.0,57.25,23,0,268,411039.89,912.2,2680.0,1767.8,268,3.85,1.2,False
711189,firm_9,144,10.0,54.39,23,0,268,410701.12,912.2,2680.0,1767.8,268,3.85,1.1,False
711189,firm_9,145,11.0,59.83,22,0,256,410190.46,1105.6,2816.0,1710.4,256,3.9,1.2,False
711189,firm_9,146,11.0,59.83,21,0,245,409983.53,1049.5,2695.0,1645.5,245,3.9,1.1,False
711189,firm_9,147,12.1,65.81,22,0,256,409110.11,1374.4,3097.6,1723.2,256,3.95,1.2,False
711189,firm_9,148,13.31,72.39,21,0,245,408880.87,1590.95,3260.95,1670.0,245,4.0,1.3,False
711189,firm_9,149,14.64,72.39,21,0,245,409277.48,1916.8,3586.8,1670.0,245,4.0,1.2,False
711189,firm_9,150,13.18,79.63,21,0,245,409164.35,1559.1,3229.1,1670.0,245,4.0,1.1,False
711189,firm_9,151,14.5,79.63,21,0,245,409374.62,1882.5,3552.5,1670.0,245,4.0,1.0,False
711189,firm_9,152,14.5,83.61,20,0,233,409171.27,1768.85,3378.5,1609.65,233,4.05,1.1,False
711189,firm_9,153,15.95,91.97,20,0,233,409438.57,2106.7,3716.35,1609.65,233,4.05,1.0,False
711189,firm_9,154,15.15,91.97,19,0,221,409291.19,1800.05,3348.15,1548.1,221,4.1,1.0,False
711189,firm_9,155,16.67,82.77,20,0,233,409186.95,2251.16,3884.11,1632.95,233,4.15,0.9,False
711189,firm_9,156,15.84,82.77,19,0,221,409555.81,1941.49,3500.64,1559.15,221,4.15,0.8,False
711189,firm_9,157,14.26,91.05,19,0,221,409207.12,1581.26,3151.46,1570.2,221,4.2,0.7,False
711189,firm_9,158,14.97,91.05,20,0,233,408629.53,1843.41,3488.01,1644.6,233,4.2,0.8,False
711189,firm_9,159,16.47,91.05,21,0,244,408523.36,2305.88,4018.68,1712.8,244,4.2,0.7,False
711189,firm_9,160,14.82,91.05,20,0,233,408299.17,1796.81,3453.06,1656.25,233,4.25,0.6,False
711189,firm_9,161,14.82,81.94,21,0,244,407969.51,1891.08,3616.08,1725.0,244,4.25,0.6,False
711189,firm_9,162,13.34,77.84,22,0,256,407059.27,1602.24,3415.04,1812.8,256,4.3,0.7,False
711189,firm_9,163,13.34,77.84,22,0,256,406949.03,1602.24,3415.04,1812.8,256,4.3,0.6,False
711189,firm_9,164,12.01,85.62,22,0,256,406014.35,1248.96,3074.56,1825.6,256,4.35,0.7,False
711189,firm_9,165,11.41,89.9,21,0,244,405161.09,1034.64,2784.04,1749.4,244,4.35,0.7,False
711189,firm_9,166,10.27,89.9,20,0,233,403864.8,701.71,2392.91,1691.2,233,4.4,0.6,False
711189,firm_9,167,10.0,80.91,20,0,233,402885.4,638.8,2330.0,1691.2,233,4.4,0.6,False
711189,firm_9,168,11.0,89.0,19,0,221,401699.95,805.55,2431.0,1625.45,221,4.45,0.7,False
711189,firm_9,169,10.0,84.55,20,0,233,400136.1,627.15,2330.0,1702.85,233,4.45,0.6,False
711189,firm_9,170,10.0,84.55,19,0,221,398803.15,573.5,2210.0,1636.5,221,4.5,0.7,False
711189,firm_9,171,11.0,84.55,20,0,233,397460.65,848.5,2563.0,1714.5,233,4.5,0.6,False
711189,firm_9,172,10.0,84.55,19,0,221,396427.7,573.5,2210.0,1636.5,221,4.5,0.6,False
711189,firm_9,173,10.0,93.01,19,0,221,395022.96,562.45,2210.0,1647.55,221,4.55,0.5,False
711189,firm_9,174,10.0,93.01,18,0,209,393869.83,521.05,2090.0,1568.95,209,4.55,0.5,False
711189,firm_9,175,11.0,93.01,17,0,198,392759.86,671.2,2178.0,1506.8,198,4.6,0.5,False
711189,firm_9,176,10.45,88.36,18,0,209,391063.58,594.2,2184.05,1589.85,209,4.65,0.5,False
711189,firm_9,177,11.5,97.2,18,0,209,390127.63,813.65,2403.5,1589.85,209,4.65,0.4,False
711189,firm_9,178,10.92,97.2,18,0,209,388760.01,681.98,2282.28,1600.3,209,4.7,0.5,False
711189,firm_9,179,10.37,97.2,19,0,221,386713.23,600.02,2291.77,1691.75,221,4.75,0.6,False
711189,firm_9,180,11.41,92.34,19,0,221,385788.63,829.86,2521.61,1691.75,221,4.75,0.6,False
711189,firm_9,181,12.55,83.11,18,0,209,385094.4,1001.75,2622.95,1621.2,209,4.8,0.6,False
711189,firm_9,182,13.81,87.27,17,0,198,384798.79,1187.98,2734.38,1546.4,198,4.8,0.5,False
711189,firm_9,183,12.43,78.54,18,0,209,383651.29,966.22,2597.87,1631.65,209,4.85,0.4,False
711189,firm_9,184,13.67,78.54,17,0,197,383459.65,1143.54,2692.99,1549.45,197,4.85,0.3,False
711189,firm_9,185,15.04,78.54,17,0,197,383537.9,1413.43,2962.88,1549.45,197,4.85,0.3,False
711189,firm_9,186,16.54,86.39,17,0,197,383778.2,1708.93,3258.38,1549.45,197,4.85,0.2,False
711189,firm_9,187,18.19,95.03,16,0,186,384166.96,1909.24,3383.34,1474.1,186,4.85,0.1,False
711189,firm_9,188,17.28,95.03,16,0,186,384386.46,1739.98,3214.08,1474.1,186,4.85,0.1,False
711189,firm_9,189,17.28,95.03,15,0,174,384267.13,1606.12,3006.72,1400.6,174,4.9,0.2,False
711189,firm_9,190,17.28,90.28,15,0,174,384310.35,1597.42,3006.72,1409.3,174,4.95,0.2,False
711189,firm_9,191,15.55,90.28,15,0,174,384252.55,1296.4,2705.7,1409.3,174,4.95,0.2,False
711189,firm_9,192,14.0,81.25,15,0,174,383851.8,1018.0,2436.0,1418.0,174,5.0,0.1,False
711189,firm_9,193,15.4,77.19,15,0,174,383746.85,1252.9,2679.6,1426.7,174,5.05,0.1,False
711189,firm_9,194,16.94,84.91,16,0,186,383318.53,1630.24,3150.84,1520.6,186,5.1,0.1,False
711189,firm_9,195,16.94,89.16,15,0,174,383493.29,1512.16,2947.56,1435.4,174,5.1,0.1,False
711189,firm_9,196,17.79,98.08,16,0,186,383003.05,1779.04,3308.94,1529.9,186,5.15,0.1,False
711189,firm_9,197,17.79,107.89,16,0,186,383055.85,1779.04,3308.94,1529.9,186,5.15,0.1,False
711189,firm_9,198,19.57,113.28,16,0,186,383044.19,2100.82,3640.02,1539.2,186,5.2,0.2,False
711189,firm_9,199,17.61,118.94,16,0,186,382777.41,1736.26,3275.46,1539.2,186,5.2,0.3,False
711189,firm_9,200,15.85,124.89,15,0,174,382000.46,1296.4,2757.9,1461.5,174,5.25,0.2,False
711189,firm_9,201,14.26,124.89,14,0,163,380986.48,934.48,2324.38,1389.9,163,5.3,0.1,False
711189,firm_9,202,14.26,118.65,15,0,174,379717.77,1011.04,2481.24,1470.2,174,5.3,0.1,False
711189,firm_9,203,15.69,118.65,16,0,186,378679.91,1360.54,2918.34,1557.8,186,5.3,0.1,False
711189,firm_9,204,14.91,130.52,17,0,198,377057.95,1296.88,2952.18,1655.3,198,5.35,0.1,False
711189,firm_9,205,13.42,130.52,18,0,209,375066.77,1058.18,2804.78,1746.6,209,5.4,0.1,False
711189,firm_9,206,13.42,130.52,18,0,209,373565.14,1047.73,2804.78,1757.05,209,5.45,0.1,False
711189,firm_9,207,14.76,123.99,19,0,221,371913.79,1404.46,3261.96,1857.5,221,5.5,0.1,False
711189,firm_9,208,14.76,136.39,19,0,221,370726.84,1404.46,3261.96,1857.5,221,5.5,0.1,False
711189,firm_9,209,14.76,136.39,20,0,232,368983.36,1484.32,3424.32,1940.0,232,5.5,0.1,False
711189,firm_9,210,14.76,150.03,21,0,244,366691.97,1559.24,3601.44,2042.2,244,5.55,0.1,False
711189,firm_9,211,14.02,157.53,21,0,244,364450.32,1366.48,3420.88,2054.4,244,5.6,0.2,False
711189,firm_9,212,12.62,157.53,21,0,244,362167.07,1024.88,3079.28,2054.4,244,5.6,0.2,False
711189,firm_9,213,13.25,165.41,22,0,256,359274.45,1246.4,3392.0,2145.6,256,5.6,0.1,False
711189,firm_9,214,12.59,173.68,22,0,256,356218.13,1064.64,3223.04,2158.4,256,5.65,0.2,False
711189,firm_9,215,13.85,173.68,21,0,244,353671.45,1300.6,3379.4,2078.8,244,5.7,0.1,False
711189,firm_9,216,13.85,191.05,22,0,257,350248.9,1380.55,3559.45,2178.9,257,5.7,0.2,False
711189,firm_9,217,13.85,210.16,22,0,257,346793.08,1367.7,3559.45,2191.75,257,5.75,0.2,False
711189,firm_9,218,13.85,189.14,21,0,245,343803.39,1282.25,3393.25,2111.0,245,5.8,0.3,False
711189,firm_9,219,13.16,208.05,21,0,245,340335.29,1100.95,3224.2,2123.25,245,5.85,0.3,False
711189,firm_9,220,11.84,208.05,21,0,245,336531.54,765.3,2900.8,2135.5,245,5.9,0.2,False
711189,firm_9,221,13.02,197.65,22,0,257,332586.23,1102.99,3346.14,2243.15,257,5.95,0.1,False
711189,firm_9,222,13.02,217.42,22,0,257,328905.98,1102.99,3346.14,2243.15,257,5.95,0.1,False
711189,firm_9,223,11.72,206.55,23,0,269,324256.01,800.68,3152.68,2352.0,269,6.0,0.1,False
711189,firm_9,224,12.89,196.22,24,0,279,320011.04,1164.31,3596.31,2432.0,279,6.0,0.1,False
711189,firm_9,225,12.25,206.03,24,0,279,316052.07,985.75,3417.75,2432.0,279,6.0,0.1,False
711189,firm_9,226,13.48,185.43,24,0,279,312730.67,1328.92,3760.92,2432.0,279,6.0,0.1,False
711189,firm_9,227,14.83,185.43,24,0,279,309885.92,1705.57,4137.57,2432.0,279,6.0,0.2,False
711189,firm_9,228,14.83,203.97,23,0,268,306625.05,1630.44,3974.44,2344.0,268,6.0,0.1,False
711189,firm_9,229,16.31,203.97,22,0,256,303965.07,1927.36,4175.36,2248.0,256,6.0,0.2,False
711189,firm_9,230,17.94,183.57,23,0,267,301496.94,2453.98,4789.98,2336.0,267,6.0,0.1,False
711189,firm_9,231,17.04,192.75,24,0,279,298493.1,2322.16,4754.16,2432.0,279,6.0,0.1,False
711189,firm_9,232,15.34,183.11,23,0,267,296041.35,1759.78,4095.78,2336.0,267,6.0,0.1,False
711189,firm_9,233,16.87,183.11,23,0,269,293815.85,2186.03,4538.03,2352.0,269,6.0,0.1,False
711189,firm_9,234,18.56,164.8,24,0,280,292117.45,2756.8,5196.8,2440.0,280,6.0,0.1,False
711189,firm_9,235,17.63,181.28,23,0,269,290338.48,2390.47,4742.47,2352.0,269,6.0,0.1,False
711189,firm_9,236,17.63,199.41,22,0,257,288026.37,2274.91,4530.91,2256.0,257,6.0,0.1,False
711189,firm_9,237,15.87,209.38,23,0,269,284427.66,1917.03,4269.03,2352.0,269,6.0,0.1,False
711189,firm_9,238,14.28,198.91,24,0,280,280712.22,1558.4,3998.4,2440.0,280,6.0,0.1,False
711189,firm_9,239,14.99,188.96,24,0,280,277734.38,1757.2,4197.2,2440.0,280,6.0,0.1,False
711189,firm_9,240,14.24,179.51,23,0,269,274784.21,1478.56,3830.56,2352.0,269,6.0,0.2,False
711189,firm_9,241,14.95,188.49,23,0,269,272118.49,1669.55,4021.55,2352.0,269,6.0,0.1,False
711189,firm_9,242,16.44,207.34,24,0,280,268805.53,2163.2,4603.2,2440.0,280,6.0,0.1,False
711189,firm_9,243,18.08,228.07,24,0,280,265954.25,2622.4,5062.4,2440.0,280,6.0,0.1,False
711189,firm_9,244,19.89,205.26,25,0,292,263394.63,3271.88,5807.88,2536.0,292,6.0,0.1,False
711189,firm_9,245,19.89,205.26,25,0,292,261535.01,3271.88,5807.88,2536.0,292,6.0,0.1,False
711189,firm_9,246,20.88,184.73,25,0,292,260277.72,3560.96,6096.96,2536.0,292,6.0,0.1,False
711189,firm_9,247,20.88,166.26,25,0,291,259669.3,3548.08,6076.08,2528.0,291,6.0,0.1,False
711189,firm_9,248,19.84,149.63,26,0,302,258454.6,3375.68,5991.68,2616.0,302,6.0,0.1,False
711189,firm_9,249,21.82,164.59,27,0,315,257463.97,4153.3,6873.3,2720.0,315,6.0,0.1,False
711189,firm_9,250,22.91,172.82,28,0,327,256600.58,4675.57,7491.57,2816.0,327,6.0,0.1,False
711189,firm_9,251,20.62,172.82,29,0,339,255166.98,4078.18,6990.18,2912.0,339,6.0,0.1,False
711189,firm_9,252,22.68,190.1,29,0,339,254330.6,4776.52,7688.52,2912.0,339,6.0,0.2,False
711189,firm_9,253,23.81,209.11,30,0,350,252890.8,5333.5,8333.5,3000.0,350,6.0,0.2,False
711189,firm_9,254,23.81,219.57,31,0,362,250907.35,5523.22,8619.22,3096.0,362,6.0,0.2,False
711189,firm_9,255,23.81,197.61,30,0,350,250312.55,5333.5,8333.5,3000.0,350,6.0,0.2,False
711189,firm_9,256,25.0,197.61,29,0,339,250144.86,5563.0,8475.0,2912.0,339,6.0,0.1,False
711189,firm_9,257,26.25,177.85,29,0,339,250773.96,5986.75,8898.75,2912.0,339,6.0,0.1,False
711189,firm_9,258,24.94,160.06,29,0,339,251474.88,5542.66,8454.66,2912.0,339,6.0,0.1,False
711189,firm_9,259,22.45,176.07,30,0,350,250350.28,4857.5,7857.5,3000.0,350,6.0,0.1,False
711189,firm_9,260,24.7,184.87,30,0,350,250449.18,5645.0,8645.0,3000.0,350,6.0,0.1,False
711189,firm_9,261,22.23,203.36,29,0,339,248975.71,4623.97,7535.97,2912.0,339,6.0,0.1,False
711189,firm_9,262,23.34,223.7,28,0,327,247328.29,4816.18,7632.18,2816.0,327,6.0,0.1,False
711189,firm_9,263,25.67,201.33,27,0,315,247158.43,5366.05,8086.05,2720.0,315,6.0,0.2,False
711189,firm_9,264,25.67,191.26,26,0,304,247357.35,5171.68,7803.68,2632.0,304,6.0,0.1,False
711189,firm_9,265,28.24,172.13,26,0,304,248634.93,5952.96,8584.96,2632.0,304,6.0,0.1,False
711189,firm_9,266,25.42,189.34,26,0,304,248807.77,5095.68,7727.68,2632.0,304,6.0,0.1,False
711189,firm_9,267,24.15,179.87,27,0,315,248138.53,4887.25,7607.25,2720.0,315,6.0,0.1,False
711189,firm_9,268,22.94,170.88,26,0,304,247837.41,4341.76,6973.76,2632.0,304,6.0,0.1,False
711189,firm_9,269,20.65,153.79,26,0,304,247484.47,3645.6,6277.6,2632.0,304,6.0,0.1,False
711189,firm_9,270,18.58,169.17,27,0,315,245549.58,3132.7,5852.7,2720.0,315,6.0,0.1,False
711189,firm_9,271,20.44,152.25,26,0,304,245072.84,3581.76,6213.76,2632.0,304,6.0,0.2,False
711189,firm_9,272,19.42,167.48,26,0,304,243790.04,3271.68,5903.68,2632.0,304,6.0,0.2,False
711189,firm_9,273,21.36,159.11,26,0,304,243514.62,3861.44,6493.44,2632.0,304,6.0,0.2,False
711189,firm_9,274,20.29,167.07,25,0,292,242726.55,3388.68,5924.68,2536.0,292,6.0,0.1,False
711189,firm_9,275,20.29,183.78,26,0,304,240984.43,3536.16,6168.16,2632.0,304,6.0,0.1,False
711189,firm_9,276,19.28,202.16,25,0,292,238924.19,3093.76,5629.76,2536.0,292,6.0,0.2,False
711189,firm_9,277,18.32,202.16,26,0,304,235805.31,2937.28,5569.28,2632.0,304,6.0,0.3,False
711189,firm_9,278,19.24,192.05,26,0,304,234028.97,3216.96,5848.96,2632.0,304,6.0,0.2,False
711189,firm_9,279,17.32,192.05,27,0,315,231079.42,2735.8,5455.8,2720.0,315,6.0,0.2,False
711189,firm_9,280,19.05,182.45,28,0,327,228884.17,3413.35,6229.35,2816.0,327,6.0,0.1,False
711189,firm_9,281,18.1,164.2,28,0,327,227389.27,3102.7,5918.7,2816.0,327,6.0,0.1,False
711189,firm_9,282,18.1,180.62,28,0,327,225334.61,3102.7,5918.7,2816.0,327,6.0,0.2,False
711189,firm_9,283,16.29,180.62,27,0,315,222869.22,2411.35,5131.35,2720.0,315,6.0,0.1,False
711189,firm_9,284,16.29,198.68,28,0,327,219317.01,2510.83,5326.83,2816.0,327,6.0,0.1,False
711189,firm_9,285,16.29,208.61,28,0,327,215686.76,2510.83,5326.83,2816.0,327,6.0,0.2,False
711189,firm_9,286,15.48,187.75,29,0,339,211877.73,2335.72,5247.72,2912.0,339,6.0,0.1,False
711189,firm_9,287,17.03,168.98,29,0,339,209838.48,2861.17,5773.17,2912.0,339,6.0,0.1,False
711189,firm_9,288,17.88,177.43,29,0,339,207642.33,3149.32,6061.32,2912.0,339,6.0,0.1,False
711189,firm_9,289,17.88,195.17,29,0,339,204831.72,3149.32,6061.32,2912.0,339,6.0,0.2,False
711189,firm_9,290,18.77,175.65,28,0,327,203135.31,3321.79,6137.79,2816.0,327,6.0,0.3,False
711189,firm_9,291,17.83,166.87,29,0,339,200828.45,3132.37,6044.37,2912.0,339,6.0,0.4,False
711189,firm_9,292,19.61,150.18,30,0,350,199486.55,3863.5,6863.5,3000.0,350,6.0,0.3,False
711189,firm_9,293,17.65,165.2,31,0,362,197158.65,3293.3,6389.3,3096.0,362,6.0,0.2,False
711189,firm_9,294,17.65,165.2,31,0,362,195130.75,3293.3,6389.3,3096.0,362,6.0,0.1,False
711189,firm_9,295,17.65,173.46,31,0,362,192746.79,3293.3,6389.3,3096.0,362,6.0,0.2,False
711189,firm_9,296,18.53,164.79,31,0,362,191050.16,3611.86,6707.86,3096.0,362,6.0,0.1,False
711189,firm_9,297,20.38,181.27,30,0,350,189645.06,4133.0,7133.0,3000.0,350,6.0,0.2,False
711189,firm_9,298,19.36,199.4,29,0,339,187313.5,3651.04,6563.04,2912.0,339,6.0,0.1,False
711189,firm_9,299,19.36,199.4,29,0,339,185181.94,3651.04,6563.04,2912.0,339,6.0,0.1,False
711189,firm_9,300,21.3,179.46,29,0,339,184086.3,4308.7,7220.7,2912.0,339,6.0,0.1,False
711189,firm_9,301,21.3,170.49,29,0,339,183350.79,4308.7,7220.7,2912.0,339,6.0,0.2,False
711189,firm_9,302,21.3,161.97,29,0,339,182962.36,4308.7,7220.7,2912.0,339,6.0,0.2,False
711189,firm_9,303,22.36,170.07,29,0,339,182698.37,4668.04,7580.04,2912.0,339,6.0,0.2,False
711189,firm_9,304,22.36,153.06,30,0,350,182432.57,4826.0,7826.0,3000.0,350,6.0,0.2,False
711189,firm_9,305,22.36,153.06,30,0,350,182466.77,4826.0,7826.0,3000.0,350,6.0,0.2,False
711189,firm_9,306,24.6,168.37,30,0,350,182825.67,5610.0,8610.0,3000.0,350,6.0,0.2,False
711189,firm_9,307,23.37,185.21,31,0,362,181748.1,5363.94,8459.94,3096.0,362,6.0,0.2,False
711189,firm_9,308,24.54,203.73,31,0,362,181219.95,5787.48,8883.48,3096.0,362,6.0,0.2,False
711189,firm_9,309,25.77,183.36,32,0,373,181080.64,6428.21,9612.21,3184.0,373,6.0,0.1,False
711189,firm_9,310,28.35,165.02,32,0,373,182990.55,7390.55,10574.55,3184.0,373,6.0,0.1,False
711189,firm_9,311,31.19,181.52,32,0,373,185531.78,8449.87,11633.87,3184.0,373,6.0,0.2,False
711189,firm_9,312,29.63,190.6,31,0,362,187253.24,7630.06,10726.06,3096.0,362,6.0,0.1,False
711189,firm_9,313,32.59,190.6,31,0,362,189946.22,8701.58,11797.58,3096.0,362,6.0,0.2,False
711189,firm_9,314,34.22,190.6,30,0,350,193105.22,8977.0,11977.0,3000.0,350,6.0,0.3,False
711189,firm_9,315,35.93,200.13,30,0,350,196476.82,9575.5,12575.5,3000.0,350,6.0,0.3,False
711189,firm_9,316,32.34,190.12,30,0,350,199092.22,8319.0,11319.0,3000.0,350,6.0,0.2,False
711189,firm_9,317,33.96,209.13,30,0,350,201504.32,8886.0,11886.0,3000.0,350,6.0,0.1,False
711189,firm_9,318,37.36,209.13,30,0,350,205106.42,10076.0,13076.0,3000.0,350,6.0,0.1,False
711189,firm_9,319,37.36,209.13,29,0,338,208565.33,9723.68,12627.68,2904.0,338,6.0,0.1,False
711189,firm_9,320,37.36,188.22,29,0,338,212830.63,9723.68,12627.68,2904.0,338,6.0,0.1,False
711189,firm_9,321,37.36,207.04,30,0,350,215995.43,10076.0,13076.0,3000.0,350,6.0,0.1,False
711189,firm_9,322,37.36,227.74,29,0,338,218914.65,9723.68,12627.68,2904.0,338,6.0,0.1,False
711189,firm_9,323,33.62,239.13,28,0,327,220396.75,8177.74,10993.74,2816.0,327,6.0,0.1,False
711189,firm_9,324,30.26,263.04,28,0,327,220010.65,7079.02,9895.02,2816.0,327,6.0,0.2,False
711189,firm_9,325,31.77,289.34,28,0,327,219381.92,7572.79,10388.79,2816.0,327,6.0,0.3,False
711189,firm_9,326,28.59,303.81,29,0,338,216630.85,6759.42,9663.42,2904.0,338,6.0,0.3,False
711189,firm_9,327,27.16,334.19,30,0,350,212411.15,6506.0,9506.0,3000.0,350,6.0,0.2,False
711189,firm_9,328,24.44,300.77,30,0,350,208642.05,5554.0,8554.0,3000.0,350,6.0,0.3,False
711189,firm_9,329,22.0,270.69,30,0,350,205221.35,4700.0,7700.0,3000.0,350,6.0,0.3,False
711189,firm_9,330,19.8,270.69,29,0,339,201171.54,3800.2,6712.2,2912.0,339,6.0,0.3,False
711189,firm_9,331,17.82,297.76,28,0,327,195845.4,3011.14,5827.14,2816.0,327,6.0,0.3,False
711189,firm_9,332,17.82,312.65,27,0,315,190297.15,2893.3,5613.3,2720.0,315,6.0,0.2,False
711189,firm_9,333,19.6,328.28,27,0,315,184587.59,3454.0,6174.0,2720.0,315,6.0,0.3,False
711189,firm_9,334,17.64,361.11,28,0,327,176728.79,2952.28,5768.28,2816.0,327,6.0,0.3,False
711189,firm_9,335,19.4,379.17,29,0,339,168697.46,3664.6,6576.6,2912.0,339,6.0,0.3,False
711189,firm_9,336,21.34,417.09,30,0,350,159953.76,4469.0,7469.0,3000.0,350,6.0,0.3,False
711189,firm_9,337,21.34,417.09,29,0,339,151980.41,4322.26,7234.26,2912.0,339,6.0,0.2,False
711189,firm_9,338,19.21,417.09,28,0,327,143767.56,3465.67,6281.67,2816.0,327,6.0,0.2,False
711189,firm_9,339,20.17,458.8,28,0,327,134500.75,3779.59,6595.59,2816.0,327,6.0,0.1,False
711189,firm_9,340,20.17,435.86,29,0,339,125286.44,3925.63,6837.63,2912.0,339,6.0,0.1,False
711189,firm_9,341,18.15,479.45,29,0,339,114623.24,3240.85,6152.85,2912.0,339,6.0,0.1,False
711189,firm_9,342,19.06,431.5,29,0,339,105659.08,3549.34,6461.34,2912.0,339,6.0,0.1,False
711189,firm_9,343,19.06,474.65,30,0,350,94590.58,3671.0,6671.0,3000.0,350,6.0,0.1,False
711189,firm_9,344,20.97,500.0,30,0,350,83930.08,4339.5,7339.5,3000.0,350,6.0,0.1,False
711189,firm_9,345,18.87,500.0,31,0,362,71365.02,3734.94,6830.94,3096.0,362,6.0,0.2,False
711189,firm_9,346,16.98,500.0,31,0,362,58715.78,3050.76,6146.76,3096.0,362,6.0,0.1,False
711189,firm_9,347,16.13,500.0,32,0,374,45056.4,2840.62,6032.62,3192.0,374,6.0,0.1,False
711189,firm_9,348,16.94,450.0,31,0,362,33942.68,3036.28,6132.28,3096.0,362,6.0,0.1,False
711189,firm_9,349,16.09,472.5,31,0,362,21723.76,2728.58,5824.58,3096.0,362,6.0,0.2,False
711189,firm_9,350,16.09,425.25,31,0,362,11069.59,2728.58,5824.58,3096.0,362,6.0,0.1,False
711189,firm_9,351,14.48,403.99,30,0,350,817.89,2068.0,5068.0,3000.0,350,6.0,0.1,False
711189,firm_9,352,15.93,424.19,31,0,362,-10261.34,2670.66,5766.66,3096.0,362,6.0,0.2,True
711189,firm_9,353,15.93,424.19,31,0,362,-10261.34,2670.66,5766.66,3096.0,362,6.0,0.2,True
711189,firm_9,354,15.93,424.19,31,0,362,-10261.34,2670.66,5766.66,3096.0,362,6.0,0.2,True
711189,firm_9,355,15.93,424.19,31,0,362,-10261.34,2670.66,5766.66,3096.0,362,6.0,0.2,True
711189,firm_9,356,15.93,424.19,31,0,362,-10261.34,2670.66,5766.66,3096.0,362,6.0,0.2,True
711189,firm_9,357,15.93,424.19,31,0,362,-10261.34,2670.66,5766.66,3096.0,362,6.0,0.2,True
711189,firm_9,358,15.93,424.19,31,0,362,-10261.34,2670.66,5766.66,3096.0,362,6.0,0.2,True
711189,firm_9,359,15.93,424.19,31,0,362,-10261.34,2670.66,5766.66,3096.0,362,6.0,0.2,True
711189,firm_9,360,15.93,424.19,31,0,362,-10261.34,2670.66,5766.66,3096.0,362,6.0,0.2,True
711189,firm_9,361,15.93,424.19,31,0,362,-10261.34,2670.66,5766.66,3096.0,362,6.0,0.2,True
711189,firm_9,362,15.93,424.19,31,0,362,-10261.34,2670.66,5766.66,3096.0,362,6.0,0.2,True
711189,firm_9,363,15.93,424.19,31,0,362,-10261.34,2670.66,5766.66,3096.0,362,6.0,0.2,True
711189,firm_9,364,15.93,424.19,31,0,362,-10261.34,2670.66,5766.66,3096.0,362,6.0,0.2,True
711189,firm_9,365,15.93,424.19,31,0,362,-10261.34,2670.66,5766.66,3096.0,362,6.0,0.2,True
