seed,step,firm_id,price,wage,capital,employees,max_employees,quality,marketing,profit,revenue,costs,inventory,production,sales,bankrupt
649554,1,0,49.32805663063884,45.86629374577917,92063.50765979566,21,21,0.4808221626421804,0.41246118941724663,11530.557029658785,12351.755403261734,821.198373602949,0.0,250.4002031896339,250.4002031896339,False
649554,1,1,71.15375713387499,53.42914695947975,76011.50919323508,19,19,0.38052611925693053,0.4919638757288166,15422.746234757531,16163.514131185986,740.7678964284547,0.0,227.16318550508183,227.16318550508186,False
649554,1,2,32.816525914261355,17.834570926177314,95433.55119539163,9,9,0.5209650475238354,0.6418694952061034,3015.534752273024,3483.1069802715697,467.5722279985456,0.0,106.13880912841802,106.13880912841802,False
649554,1,3,71.59405532441615,45.6741389121439,104907.32906238288,20,20,0.3581813921340207,0.4679647720703196,16268.943091485247,17029.877083369858,760.9339918846102,0.0,237.86719450660945,237.8671945066095,False
649554,1,4,41.18033257094962,35.227994848213584,81268.55927995955,17,17,0.3920670870658025,0.6378949560142727,7610.939760978932,8292.639359767501,681.6995987885689,0.0,201.37378311552266,201.37378311552263,False
649554,1,5,45.5389495777896,54.6520574030243,54825.74778469315,12,12,0.5489768925128237,0.27323803874143693,5984.295039409195,6550.976480854596,566.6814414454013,0.0,143.85436075252952,143.8543607525295,False
649554,1,6,48.56306748095052,53.86987479192798,66858.59589300191,10,10,0.2798071697327444,0.6321479422457256,5341.919439964954,5814.901671302082,472.98223133712816,0.0,119.73917573437981,119.73917573437984,False
649554,1,7,54.854360715817116,37.76420886309703,61557.37572681117,9,9,0.25143952919219126,0.2870995205851044,5420.832170612172,5861.407474234076,440.57530362190425,0.0,106.853992968766,106.85399296876601,False
649554,1,8,70.12534400315481,26.76810691440762,70054.0382860562,11,11,0.5386173691196944,0.4176078585498506,8580.802934959604,9110.617677522981,529.8147425633772,0.0,129.91904434883216,129.91904434883216,False
649554,1,9,29.125283277362755,31.22633466482606,71610.82650796091,9,9,0.37796569737343927,0.3923410337168032,2645.9836343155816,3099.005322843772,453.02168852819034,0.0,106.4025813356615,106.4025813356615,False
649554,2,0,54.26086229370273,50.452923120357084,103517.25958298876,22,22,0.5308221626421804,0.5124611894172466,13363.716231841083,14227.302681037003,863.5864491959196,0.0,262.2019274966104,262.2019274966104,False
649554,2,1,78.2691328472625,58.772061655427734,91964.9201386404,20,20,0.4305261192569305,0.5919638757288166,17928.852178513906,18709.857693159713,781.0055146458085,0.0,239.04516394312014,239.04516394312014,False
649554,2,2,36.09817850568749,19.618028018795048,98183.05310975507,10,10,0.5709650475238355,0.7418694952061033,3745.6821945514203,4248.248676060154,502.5664815087338,0.0,117.68595679670696,117.68595679670696,False
649554,2,3,78.75346085685777,50.241552803358296,121910.48501224523,21,21,0.4081813921340207,0.5679647720703196,18858.228558732913,19659.387814471633,801.1592557387181,0.0,249.63204918961614,249.6320491896162,False
649554,2,4,45.29836582804459,38.750794333034946,88699.10998292155,18,18,0.4420670870658025,0.7378949560142727,8928.065000956758,9648.206678196819,720.1416772400598,0.0,212.992378462879,212.99237846287903,False
649554,2,5,50.09284453556857,60.11726314332674,60445.49278684952,13,13,0.5989768925128237,0.3732380387414369,7201.269423019653,7806.284410433556,605.0149874139031,0.0,155.83631719877042,155.83631719877042,False
649554,2,6,53.41937422904558,59.25686227112078,71934.83694032904,11,11,0.3298071697327444,0.7321479422457255,6528.066532309499,7034.882552637397,506.8160203278973,0.0,131.69159418592253,131.6915941859225,False
649554,2,7,60.33979678739883,41.54062974940674,67026.1945053252,10,10,0.30143952919219125,0.38709952058510444,6684.225076008066,7157.210537110875,472.9854611028087,0.0,118.61509183281778,118.61509183281777,False
649554,2,8,77.1378784034703,29.444917605848385,79253.33478032274,12,12,0.5886173691196944,0.5176078585498506,10352.6355055368,10919.060808492317,566.4253029555158,0.0,141.55251653902224,141.55251653902226,False
649554,2,9,32.03781160509903,34.348968131308666,73765.6007096941,10,10,0.42796569737343926,0.49234103371680316,3298.2638830462683,3785.116598689096,486.85271564282755,0.0,118.14529173667623,118.14529173667623,False
649554,3,0,59.686948523073006,55.4982154323928,116887.32860871006,23,23,0.5808221626421805,0.6124611894172466,15446.527980666388,16353.648367821294,907.1203871549058,0.0,273.990357565348,273.990357565348,False
649554,3,1,86.09604613198876,64.64926782097051,110588.24277700033,21,21,0.4805261192569305,0.6919638757288166,20780.95726260043,21603.375355425414,822.4180928249833,0.0,250.92180565767865,250.92180565767862,False
649554,3,2,39.707996356256245,21.579830820674555,101741.82169478538,11,11,0.6209650475238355,0.8418694952061033,4596.1467240576985,5135.093587232248,538.9468631745499,0.0,129.321397664105,129.32139766410504,False
649554,3,3,86.62880694254355,55.26570808369413,141694.49136440794,22,22,0.4581813921340207,0.6679647720703196,21799.85193000399,22642.35192677129,842.4999967672975,0.0,261.37208540559493,261.372085405595,False
649554,3,4,49.82820241084905,42.625873766338444,97522.9939287323,19,19,0.4920670870658025,0.8378949560142727,10433.775547371299,11193.603295699004,759.8277483277056,0.0,224.64393163141338,224.6439316314134,False
649554,3,5,55.102128989125426,66.12898945765942,67322.25629113527,14,14,0.6489768925128238,0.4732380387414369,8602.569356693013,9247.114667862732,644.5453111697193,0.0,167.81773839786987,167.81773839786985,False
649554,3,6,58.761311651950145,65.18254849823286,78251.15739317863,12,12,0.37980716973274437,0.8321479422457255,7898.511034828466,8440.341122582211,541.8300877537448,0.0,143.63772498094156,143.63772498094156,False
649554,3,7,66.37377646613872,45.69469272434742,73868.69322608727,11,11,0.35143952919219124,0.4870995205851044,8145.14034072982,8651.644192552265,506.50385182244474,0.0,130.34732469932595,130.34732469932598,False
649554,3,8,84.85166624381733,32.38940936643323,90416.9218076698,13,13,0.6386173691196945,0.6176078585498506,12384.649349110627,12988.552072721499,603.9027236108725,0.0,153.07362421616443,153.07362421616443,False
649554,3,9,35.241592765608935,37.783864944439536,76603.68267049917,11,11,0.47796569737343925,0.5923410337168031,4053.7044751939657,4575.418971404723,521.7144962107579,0.0,129.83008463424838,129.83008463424838,False
649554,4,0,65.65564337538031,61.04803697563208,132433.48521651735,24,24,0.6308221626421805,0.7124611894172466,17811.309495222304,18763.149029019525,951.8395337972233,0.0,285.781207286979,285.78120728697894,False
649554,4,1,94.70565074518764,71.11419460306756,132245.44659030318,22,22,0.5305261192569305,0.7919638757288165,24021.71609457037,24886.686014375533,864.9699198051657,0.0,262.77931484083194,262.77931484083194,False
649554,4,2,43.67879599188187,23.737813902742012,106234.33068314505,12,12,0.6709650475238356,0.9418694952061033,5577.362755192573,6153.660004538028,576.2972493454552,0.0,140.88437798701563,140.88437798701563,False
649554,4,3,95.29168763679792,60.79227889206355,164633.72008240767,23,23,0.5081813921340207,0.7679647720703195,25137.451132517337,26022.38885503782,884.9377225204828,0.0,273.0814145534033,273.08141455340325,False
649554,4,4,54.81102265193396,46.88846114297229,107936.13099907797,20,20,0.5420670870658025,0.9378949560142726,12150.90629320501,12951.584689091942,800.6783958869322,0.0,236.29525709341888,236.29525709341888,False
649554,4,5,60.612341888037975,72.74188840342536,75643.78398876083,15,15,0.6989768925128238,0.5732380387414369,10212.656023676958,10897.92428601606,685.2682623391004,0.0,179.79711633888869,179.79711633888869,False
649554,4,6,64.63744281714517,71.70080334805616,85997.50317670296,13,13,0.42980716973274435,0.9321479422457255,9478.456227049019,10056.493136629048,578.036909580029,0.0,155.58309082675453,155.5830908267545,False
649554,4,7,73.0111541127526,50.264161996782164,82296.11279609511,12,12,0.4014395291921912,0.5870995205851044,9830.58951396915,10371.730308858503,541.140794889354,0.0,142.05679166283596,142.05679166283593,False
649554,4,8,93.33683286819908,35.62835030307655,103843.89462540812,14,14,0.6886173691196945,0.7176078585498505,14725.769721981327,15368.46661900306,642.6968970217335,0.0,164.65596856821654,164.65596856821645,False
649554,4,9,38.76575204216983,41.56225143888349,80229.85064865484,12,12,0.5279656973734392,0.6923410337168031,4924.914995422253,5482.431571824349,557.5165764020957,0.0,141.42461536307871,141.42461536307866,False
649554,5,0,72.22120771291834,67.1528406731953,150446.97581848642,25,25,0.6808221626421805,0.8124611894172465,20492.311618798973,21490.012223203434,997.700604404462,0.0,297.5581952136129,297.5581952136128,False
649554,5,1,104.17621581970641,78.22561406337432,157347.6229327889,23,23,0.5805261192569305,0.8919638757288165,27701.365465943243,28610.058940637784,908.6934746945399,0.0,274.63138985727846,274.6313898572786,False
649554,5,2,48.04667559107006,26.111595293016215,111797.69698305124,13,13,0.7209650475238356,1.0418694952061034,6702.817038715346,7317.202685769936,614.3856470545896,0.0,152.2936310525906,152.29363105259063,False
649554,5,3,104.82085640047772,66.87150678126991,191148.74502147725,24,24,0.5581813921340207,0.8679647720703195,28919.941101819804,29848.399373233457,928.4582714136517,0.0,284.7563013528043,284.75630135280426,False
649554,5,4,60.29212491712736,51.577307257269524,120157.74614828004,21,21,0.5920670870658026,1.0378949560142727,14104.738601604586,14947.352205693227,842.6136040886422,0.0,247.91549852055536,247.91549852055536,False
649554,5,5,66.67357607684178,80.01607724376791,85622.6094272412,16,16,0.7489768925128238,0.6732380387414368,12059.082674380641,12786.265252375408,727.1825779947667,0.0,191.77410309654226,191.77410309654223,False
649554,5,6,71.1011870988597,78.87088368286177,95389.3133798773,14,14,0.47980716973274434,1.0321479422457256,11296.002574734373,11911.439711637415,615.4371369030422,0.0,167.528000553291,167.528000553291,False
649554,5,7,80.31226952402787,55.29057819646039,92549.72510487984,13,13,0.4514395291921912,0.6870995205851044,11772.389825338776,12349.339180729421,576.9493553906445,0.0,153.76653223620755,153.76653223620755,False
649554,5,8,102.670516155019,39.19118533338421,119867.05088982155,15,15,0.7386173691196946,0.8176078585498505,17411.024044414233,18093.651282783318,682.6272383690839,0.0,176.23025538767408,176.2302553876741,False
649554,5,9,42.64232724638681,45.71847658277185,84765.00849127238,13,13,0.5779656973734393,0.7923410337168031,5929.498038193544,6523.904315334627,594.4062771410838,0.0,152.99128205736974,152.99128205736974,False
649554,6,0,79.44332848421018,73.86812474051483,171256.62083823356,26,26,0.7308221626421806,0.9124611894172465,23530.21626300063,24574.967707095664,1044.751444095034,0.0,309.339603161014,309.33960316101405,False
649554,6,1,114.59383740167706,86.04817546971177,186356.38197685225,24,24,0.6305261192569306,0.9919638757288165,31873.915255336397,32827.47703249012,953.5617771537203,0.0,286.46808394610656,286.4680839461066,False
649554,6,2,52.85134315017707,28.72275482231784,118595.87023382242,14,14,0.7709650475238357,1.1418694952061035,8000.291818283618,8654.016867271532,653.7250489879139,0.0,163.7426099594318,163.7426099594318,False
649554,6,3,115.30294204052551,73.55865745939691,221712.23465398804,25,25,0.6081813921340208,0.9679647720703195,33202.456068995554,34175.514761959486,973.058692963929,0.0,296.3975953878769,296.3975953878768,False
649554,6,4,66.32133740884011,56.73503798299648,134429.03490636701,22,22,0.6420670870658026,1.1378949560142728,16319.459593713013,17204.85564596235,885.3960522493385,0.0,259.4165968020585,259.41659680205845,False
649554,6,5,73.34093368452596,88.0176849681447,97499.1345519138,17,17,0.7989768925128239,0.7732380387414368,14172.825769131052,14943.113425405218,770.287656274166,0.0,203.7486117872812,203.74861178728122,False
649554,6,6,78.21130580874568,86.75797205114796,106670.33743426525,15,15,0.5298071697327443,1.1321479422457257,13382.39363515508,14036.41261493563,654.0189797805497,0.0,179.46782079383286,179.46782079383289,False
649554,6,7,88.34349647643066,60.81963601610643,104904.88875309036,14,14,0.5014395291921913,0.7870995205851044,14006.638552436058,14620.62032915247,613.9817767164132,0.0,165.49741534231825,165.49741534231822,False
649554,6,8,112.93756777052091,43.11030386672264,138849.00429152875,16,16,0.7886173691196946,0.9176078585498505,20471.718263574738,21195.05972429028,723.341460715544,0.0,187.67058776541705,187.67058776541705,False
649554,6,9,46.9065599710255,50.290324241049035,90350.10153389146,14,14,0.6279656973734393,0.8923410337168031,7089.15758199383,7721.774208660948,632.6166266671178,0.0,164.62034763220197,164.62034763220197,False
649554,7,0,87.38766133263121,81.25493721456633,195230.67953443655,27,27,0.7808221626421806,1.0124611894172466,26967.94200099648,28060.88654272505,1092.9445417285665,0.0,321.1081074239357,321.1081074239356,False
649554,7,1,126.05322114184479,94.65299301668296,219792.4299904605,25,25,0.6805261192569306,1.0919638757288166,36602.37283902509,37601.98025319057,999.6074141654861,0.0,298.3024147465295,298.3024147465294,False
649554,7,2,58.13647746519479,31.595030304549624,126812.12439358601,15,15,0.8209650475238357,1.2418694952061036,9490.1796143319,10184.35668693777,694.1770726058702,0.0,175.18014731860822,175.18014731860822,False
649554,7,3,126.83323624457807,80.91452320533661,256856.145679869,26,26,0.6581813921340208,1.0679647720703196,38047.68862921983,39066.446425035916,1018.7577958160816,0.0,308.01426804014034,308.01426804014034,False
649554,7,4,72.95347114972412,62.40854178129614,151028.35320704768,23,23,0.6920670870658027,1.237894956014273,18834.714761650655,19764.030234421847,929.3154727711908,0.0,270.9128150168436,270.9128150168436,False
649554,7,5,80.67502705297856,96.81945346495918,111544.9897669938,18,18,0.8489768925128239,0.8732380387414368,16588.605377449123,17403.185568519464,814.5801910703424,0.0,215.71961242840302,215.71961242840302,False
649554,7,6,86.03243638962026,95.43376925626276,120116.64401642625,16,16,0.5798071697327444,1.2321479422457258,15773.2468902613,16467.034770123413,693.787879862114,0.0,191.4049567949949,191.4049567949949,False
649554,7,7,97.17784612407374,66.90159961771708,119671.06923698442,15,15,0.5514395291921913,0.8870995205851043,16569.70447815983,17221.870933995244,652.1664558354125,0.0,177.22013422696028,177.22013422696034,False
649554,7,8,124.23132454757301,47.4213342533949,161205.5103308004,17,17,0.8386173691196946,1.0176078585498505,23962.668721579295,24727.682656201672,765.0139346223785,0.0,199.04547219676857,199.04547219676854,False
649554,7,9,51.597215968128054,55.31935666515394,97140.00192276407,15,15,0.6779656973734394,0.992341033716803,8419.69073885002,9091.554800397336,671.8640615473153,0.0,176.20242933287815,176.20242933287815,False
649554,8,0,96.12642746589434,89.38043093602296,222782.28014962256,28,28,0.8308221626421807,1.1124611894172467,30854.25268139477,31996.516429499938,1142.2637481051672,0.0,332.8586869708885,332.85868697088847,False
649554,8,1,138.65854325602928,104.11829231835127,258240.44252011296,26,26,0.7305261192569307,1.1919638757288167,41955.088129929216,43001.90081522374,1046.8126852945186,0.0,310.128029657876,310.128029657876,False
649554,8,2,63.95012521171427,34.75453333500459,136656.42961333215,16,16,0.8709650475238357,1.3418694952061037,11200.377753106131,11936.241146933951,735.8633938278192,0.0,186.6492224591844,186.64922245918436,False
649554,8,3,139.5165598690359,89.00597552587027,297182.2591534529,27,27,0.7081813921340209,1.1679647720703197,43529.27481278274,44594.91483905853,1065.6400262757875,0.0,319.638864955671,319.6388649556709,False
649554,8,4,80.24881826469654,68.64939595942576,170268.28839869716,24,24,0.7420670870658027,1.337894956014273,21687.520694675626,22661.86678972474,974.346095049114,0.0,282.39502188026944,282.3950218802694,False
649554,8,5,88.74252975827643,106.5013988114551,128067.13919757237,19,19,0.898976892512824,0.9732380387414368,19345.676007996157,20205.74261992132,860.0666119251625,0.0,227.68950440064353,227.6895044006435,False
649554,8,6,94.63568002858229,104.97714618188905,136040.45069820248,17,17,0.6298071697327444,1.3321479422457259,18508.418166868338,19243.16155553297,734.7433886646338,0.0,203.33939112310557,203.33939112310563,False
649554,8,7,106.89563073648112,73.5917595794888,137195.45962721144,16,16,0.6014395291921913,0.9870995205851043,19501.858543498864,20193.28757727643,691.4290337775672,0.0,188.906575864236,188.906575864236,False
649554,8,8,136.65445700233033,52.1634676787344,187418.8908722961,18,18,0.8886173691196947,1.1176078585498506,27952.322959712943,28760.26060138199,807.9376416690467,0.0,210.45973349329944,210.45973349329944,False
649554,8,9,56.75693756494086,60.85129233166934,105306.03015220485,16,16,0.7279656973734394,1.0923410337168031,9939.64890674756,10651.607832577529,711.9589258299691,0.0,187.67058776541705,187.67058776541703,False
649554,9,0,105.73907021248378,98.31847402962526,254374.4884887471,29,29,0.8808221626421807,1.2124611894172468,35243.44408598373,36436.133162252976,1192.6890762692524,0.0,344.5853371798541,344.585337179854,False
649554,9,1,152.52439758163223,114.53012155018641,302357.6996455963,27,27,0.7805261192569307,1.2919638757288168,48009.57040733869,49104.75208259971,1095.181675261028,0.0,321.9468679187437,321.94686791874375,False
649554,9,2,70.3451377328857,38.22998666850505,148365.5269909121,17,17,0.9209650475238358,1.4418694952061037,13159.007150944546,13937.749038362643,778.7418874180967,0.0,198.13379414064147,198.1337941406414,False
649554,9,3,153.4682158559395,97.9065730784573,343366.8650527172,28,28,0.7581813921340209,1.2679647720703198,49725.989945461755,50839.697761542935,1113.7078160811784,0.0,331.27183682949783,331.27183682949783,False
649554,9,4,88.2737000911662,75.51433555536835,192502.9690831477,25,25,0.7920670870658028,1.437894956014273,24922.539073334894,25943.110838579694,1020.5717652448016,0.0,293.8940002717286,293.89400027172866,False
649554,9,5,97.61678273410408,117.15153869260062,147411.9749918123,20,20,0.948976892512824,1.0732380387414369,22487.866568092013,23394.61152383412,906.7449557421048,0.0,239.65767840923542,239.65767840923542,False
649554,9,6,104.09924803144052,115.47486080007796,154794.38997076664,18,18,0.6798071697327445,1.432147942245726,21632.486766965627,22409.366841181258,776.8800742156307,0.0,215.26924800084126,215.2692480008413,False
649554,9,7,117.58519381012924,80.95093553743769,157866.56750647645,17,17,0.6514395291921914,1.0870995205851044,22847.273783401357,23578.957909894394,731.6841264930357,0.0,200.52658966543464,200.52658966543467,False
649554,9,8,150.31990270256338,57.379814446607845,218028.58527378616,19,19,0.9386173691196947,1.2176078585498507,32499.9108759757,33351.91038765999,851.9995116842896,0.0,221.8728843488751,221.87288434887503,False
649554,9,9,62.432631321434954,66.93642156483628,115044.5335266501,17,17,0.7779656973734395,1.1923410337168032,11676.422541047501,12429.477261602926,753.054720555425,0.0,199.0862310065013,199.08623100650127,False
649554,10,0,116.31297723373217,108.1503214325878,290527.89639819437,30,30,0.9308221626421808,1.3124611894172469,40197.917552425046,41442.16575897045,1244.248206545406,0.0,356.2987273182077,356.2987273182078,False
649554,10,1,167.77683733979546,125.98313370520506,352882.3916723665,28,28,0.8305261192569308,1.3919638757288169,54852.21977051619,55996.93168817268,1144.7119176564884,0.0,333.7584172883358,333.7584172883357,False
649554,10,2,77.37965150617428,42.05298533535556,162202.08642140738,18,18,0.9709650475238358,1.5418694952061038,15393.513166531588,16216.125724161036,822.6125576294489,0.0,209.5657632015456,209.56576320154554,False
649554,10,3,168.81503744153346,107.69723038630303,396166.9527520232,29,29,0.808181392134021,1.3679647720703199,56723.307380509104,57886.22527660554,1162.917896096432,0.0,342.89732806921063,342.8973280692104,False
649554,10,4,97.10107010028284,83.0657691109052,218124.70419644794,26,26,0.8420670870658028,1.5378949560142732,28581.445110183464,29649.2539692945,1067.8088591110345,0.0,305.34425561606804,305.344255616068,False
649554,10,5,107.37846100751449,128.8666925618607,169970.33615536036,21,21,0.9989768925128241,1.173238038741437,26064.561707347097,27019.18139454088,954.6196871937839,0.0,251.62570911358134,251.62570911358137,False
649554,10,6,114.50917283458459,127.02234688008576,176776.04254688986,19,19,0.7298071697327445,1.532147942245726,25195.077166844807,26015.260179278626,820.1830124338194,0.0,227.1893118716283,227.18931187162832,False
649554,10,7,129.34371319114217,89.04602909118147,182124.5154844131,18,18,0.7014395291921914,1.1870995205851045,26660.77650157776,27433.750764657187,772.9742630794269,0.0,212.0996072233987,212.0996072233987,False
649554,10,8,165.35189297281974,63.117795891268635,253647.67867645365,20,20,0.9886173691196948,1.3176078585498507,37681.44932049298,38578.73235439152,897.2830338985402,0.0,233.31291623454854,233.31291623454848,False
649554,10,9,68.67589445357845,73.63006372131991,126581.42646666098,18,18,0.8279656973734395,1.2923410337168033,13662.234086994516,14457.574338805964,795.3402518114468,0.0,210.51890847346112,210.5189084734612,False
649554,11,0,127.94427495710539,118.96535357584659,331824.56991702534,31,31,0.9808221626421808,1.412461189417247,45784.599479681594,47081.49549370828,1296.8960140266888,0.0,367.98438624544025,367.98438624544025,False
649554,11,1,184.55452107377502,138.58144707572558,410644.11365057423,29,29,0.8805261192569308,1.491963875728817,62580.58394340312,63775.99945059472,1195.4155071915957,0.0,345.56725611235777,345.56725611235765,False
649554,11,2,85.11761665679172,46.25828386889112,178462.44282096348,19,19,1.0209650475238359,1.641869495206104,17939.263793065165,18806.74633751133,867.4825444461654,0.0,220.9501049981608,220.95010499816075,False
649554,11,3,185.6965411856868,118.46695342493335,456433.2805709942,30,30,0.858181392134021,1.46796477207032,64620.336421718355,65833.62640967063,1213.289987952273,0.0,354.52263132806775,354.5226313280679,False
649554,11,4,106.81117711031114,91.37234602199572,247569.60142269367,27,27,0.8920670870658028,1.6378949560142733,32711.950568839497,33827.88960055355,1115.9390317140517,0.0,316.7073944482158,316.70739444821584,False
649554,11,5,118.11630710826594,141.75336181804678,196182.76670104038,22,22,1.048976892512824,1.273238038741437,30131.004505677363,31134.695107441687,1003.6906017643225,0.0,263.59353648690933,263.59353648690933,False
649554,11,6,125.96009011804306,139.72458156809435,202434.30285643062,20,20,0.7798071697327446,1.6321479422457261,29252.751940902643,30117.411649859776,864.6597089571329,0.0,239.10281122882145,239.10281122882137,False
649554,11,7,142.2780845102564,97.95063200029962,210470.96472273758,19,19,0.7514395291921915,1.2870995205851046,31007.511246330425,31822.917572932176,815.4063266017513,0.0,223.6670368628568,223.6670368628568,False
649554,11,8,181.88708227010173,69.4295754803955,294968.283238803,21,21,1.0386173691196947,1.4176078585498508,43578.62564743784,44522.42007900952,943.7944315716801,0.0,244.78055023662347,244.78055023662358,False
649554,11,9,75.5434838989363,80.9930700934519,140171.78203191853,19,19,0.8779656973734395,1.3923410337168034,15929.22389703307,16768.032430293057,838.8085332599852,0.0,221.9653048133932,221.9653048133932,False
649554,12,0,140.73870245281594,130.86188893343126,378917.6243690217,32,32,1.0308221626421807,1.512461189417247,52080.63489786526,53431.28296965001,1350.6480717847548,0.0,379.6488246547775,379.6488246547774,False
649554,12,1,203.00997318115253,152.43959178329814,476572.8485003284,30,30,0.9305261192569309,1.591963875728817,71301.92260325236,72549.19784737624,1247.275244123884,0.0,357.3676539656411,357.3676539656413,False
649554,12,2,93.6293783224709,50.88411225578024,197486.9120247604,20,20,1.070965047523836,1.741869495206104,20842.151448912773,21755.720837856465,913.5693889436903,0.0,232.3599838816309,232.35998388163094,False
649554,12,3,204.26619530425552,130.31364876742668,525115.3126108627,31,31,0.908181392134021,1.56796477207032,73521.75515165851,74786.50659791127,1264.7514462527552,0.0,366.1227766372033,366.12277663720323,False
649554,12,4,117.49229482134226,100.50958062419531,281332.488772654,28,28,0.9420670870658029,1.7378949560142734,37377.155607438,38542.273834829466,1165.118227391465,0.0,328.040863389693,328.04086338969296,False
649554,12,5,129.92793781909253,155.92869799985147,226545.5119803597,23,23,1.098976892512824,1.3732380387414371,34749.10533331606,35803.06226121868,1053.9569279026182,0.0,275.56092140144426,275.56092140144415,False
649554,12,6,138.55609912984738,153.6970397249038,232275.6139115551,21,21,0.8298071697327446,1.7321479422457262,33868.94888934757,34779.26488221847,910.3159928708977,0.0,251.01215392636882,251.01215392636882,False
649554,12,7,156.50589296128206,107.74569520032959,243474.06195464754,20,20,0.8014395291921915,1.3870995205851047,35958.011135916786,36817.032260102256,859.0211241854679,0.0,235.24374426725527,235.24374426725524,False
649554,12,8,200.0757904971119,76.37253302843506,342754.4023922065,22,22,1.0886173691196948,1.517607858549851,50266.31488002878,51257.59044492378,991.2755648949966,0.0,256.1908680583904,256.1908680583905,False
649554,12,9,83.09783228882993,89.0923771027971,156103.43633143744,20,20,0.9279656973734396,1.4923410337168035,18513.50184157467,19396.956782931706,883.4549413570363,0.0,233.42313810921226,233.42313810921223,False
649554,13,0,154.81257269809754,143.9480778267744,432539.57642040984,33,33,1.0808221626421808,1.6124611894172471,59172.238619671276,60577.75630426704,1405.5176845957578,0.0,391.2973943169375,391.2973943169376,False
649554,13,1,223.3109704992678,144.81761219413323,552421.0594862706,31,31,0.9805261192569309,1.6919638757288171,81137.55696395962,82437.85299290743,1300.2960289478008,0.0,369.1616798252093,369.16167982520915,False
649554,13,2,102.992316154718,55.972523481358266,219651.25717908907,21,21,1.120965047523836,1.841869495206104,24139.76814743709,25100.382325685783,960.6141782486926,0.0,243.7112132518631,243.71121325186311,False
649554,13,3,224.6928148346811,143.34501364416937,603269.5678798576,32,32,0.9581813921340211,1.6679647720703201,83541.29570560921,84858.49575173423,1317.2000461250097,0.0,377.6644830150411,377.66448301504124,False
649554,13,4,129.2415243034765,110.56053868661485,319968.2584642754,29,29,0.9920670870658029,1.8378949560142734,42642.02531353392,43857.3660263588,1215.3407128248818,0.0,339.3442336951691,339.34423369516907,False
649554,13,5,142.9207316010018,148.13226309985887,262178.6183678685,24,24,1.148976892512824,1.4732380387414372,39988.28070190546,41093.69945080833,1105.4187489028732,0.0,287.52791138469297,287.52791138469297,False
649554,13,6,152.41170904283214,146.01218773865858,267377.7452243141,22,22,0.8798071697327446,1.8321479422457263,39114.399443009745,40071.54817161884,957.1487286090908,0.0,262.9164676603526,262.9164676603525,False
649554,13,7,172.1564822574103,118.52026472036256,281778.0848784928,21,21,0.8514395291921916,1.4870995205851048,41592.94848297306,42496.82630861552,903.8778256424616,0.0,246.84999223598095,246.84999223598092,False
649554,13,8,220.08336954682312,84.00978633127858,397870.1230470911,23,23,1.1386173691196948,1.617607858549851,57847.94574050383,58887.7461455103,1039.8004050064665,0.0,267.57017700504537,267.5701770050455,False
649554,13,9,91.40761551771294,98.00161481307681,174701.11357458646,21,21,0.9779656973734396,1.5923410337168036,21455.71115422373,22384.991040557423,929.2798863336948,0.0,244.89197003743809,244.89197003743814,False
649554,14,0,170.2938299679073,136.75067393543569,494245.7128976939,34,34,1.1308221626421808,1.7124611894172472,67155.65939108962,68617.17408844816,1461.514697358535,0.0,402.934000024425,402.9340000244248,False
649554,14,1,245.6420675491946,137.57673158442657,639442.3257932083,32,32,1.0305261192569308,1.7919638757288172,92223.72171763792,93578.21132292788,1354.4896052899528,0.0,380.95352419302947,380.95352419302947,False
649554,14,2,113.29154777018981,61.5697758294941,245376.0790436165,22,22,1.170965047523836,1.9418694952061042,27879.356932776423,28887.912946460263,1008.5560136838386,0.0,254.98736238522375,254.98736238522363,False
649554,14,3,247.16209631814922,136.1777629619609,692801.6178276493,33,33,1.008181392134021,1.7679647720703202,94825.91612553592,96196.71526158888,1370.799136052956,0.0,389.2049658688915,389.20496586889124,False
649554,14,4,142.16567673382417,121.61659255527634,364104.96374892874,30,30,1.0420670870658029,1.9378949560142735,48585.20306131079,49851.93688848398,1266.7338271731894,0.0,350.66084890392654,350.66084890392654,False
649554,14,5,157.21280476110198,140.72564994486592,303786.5022334836,25,25,1.1989768925128241,1.5732380387414373,45926.025114236516,47084.095506524995,1158.070392288475,0.0,299.4927517391044,299.49275173910434,False
649554,14,6,167.65287994711537,138.71157835172565,308455.4282256332,23,23,0.9298071697327447,1.9321479422457264,45068.04930340907,46073.19853461716,1005.1492312080862,0.0,274.8130455566915,274.8130455566916,False
649554,14,7,189.37213048315132,130.37229119239882,326091.17677906464,22,22,0.9014395291921916,1.5870995205851048,47981.28230680491,48930.97158149446,949.6892746895461,0.0,258.3852832866973,258.3852832866973,False
649554,14,8,242.09170650150546,92.41076496440644,461290.5796286779,24,24,1.1886173691196948,1.717607858549851,66438.31494073276,67527.73034863124,1089.4154078984848,0.0,278.93450512816855,278.93450512816855,False
649554,14,9,100.54837706948425,107.80177629438451,196331.15105332228,22,22,1.0279656973734397,1.6923410337168037,24801.676557212457,25777.967570825993,976.2910136135368,0.0,256.37378068282544,256.3737806828255,False
649554,15,0,187.32321296469806,129.91314023866389,565038.3782224575,35,35,1.1808221626421809,1.8124611894172473,76139.62523311703,77658.2937416101,1518.6685084930791,0.0,414.56844836547367,414.5684483654739,False
649554,15,1,245.6420675491946,130.69789500520523,729394.4007838056,33,33,1.0805261192569309,1.8919638757288173,95065.10552576988,96474.97022276954,1409.8646969996596,0.0,392.7461252273028,392.74612522730274,False
649554,15,2,124.6207025472088,67.72675341244351,275142.1528486848,23,23,1.220965047523836,2.0418694952061043,32123.78913355474,33181.4005019729,1057.6113684181632,0.0,266.2591353102278,266.2591353102277,False
649554,15,3,247.16209631814922,129.36887481386285,785220.0540623696,34,34,1.058181392134021,1.8679647720703203,97616.97797839274,99042.4481310487,1425.4701526559709,0.0,400.7185956359603,400.71859563596024,False
649554,15,4,156.3822444072066,115.53576292751252,415020.8037378273,31,31,1.092067087065803,2.0378949560142736,55297.4486396509,56616.90611145228,1319.4574718013753,0.0,362.0417799096582,362.04177990965826,False
649554,15,5,172.9340852372122,133.68936744762263,352159.9327278274,26,26,1.2489768925128242,1.6732380387414374,52649.35404798218,53861.26565154681,1211.9116035646327,0.0,311.4554633788115,311.4554633788115,False
649554,15,6,184.4181679418269,131.77599943413935,356311.9186633241,24,24,0.9798071697327447,2.0321479422457265,51819.11442410968,52873.43723359986,1054.3228094901895,0.0,286.7040586276637,286.70405862766364,False
649554,15,7,208.30934353146648,123.85367663277887,377657.1665573216,23,23,0.9514395291921917,1.687099520585105,55214.62434081145,56211.05296414311,996.4286233316612,0.0,269.84412706217415,269.8441270621741,False
649554,15,8,266.30087715165604,101.6518414608471,534117.4748205107,25,25,1.2386173691196949,1.8176078585498512,76168.19122835394,77308.37683599244,1140.1856076385016,0.0,290.3046270927826,290.3046270927827,False
649554,15,9,110.60321477643268,102.41168747966528,221769.63275120064,23,23,1.0779656973734397,1.7923410337168038,28593.950509910894,29618.192190078593,1024.2416801677,0.0,267.7878057156585,267.7878057156584,False
649554,16,0,187.32321296469806,123.41748322673068,638054.7667629514,36,36,1.230822162642181,1.9124611894172474,78259.41793665668,79836.38102151507,1576.9630848583938,0.0,426.1958769443092,426.1958769443092,False
649554,16,1,245.6420675491946,124.16300025494496,822274.7836647717,34,34,1.130526119256931,1.9919638757288174,97901.92488963236,99368.30023987564,1466.375350243281,0.0,404.5247674035925,404.52476740359305,False
649554,16,2,137.08277280192968,74.49942875368787,309496.3654152346,24,24,1.270965047523836,2.1418694952061044,36942.198856638155,38050.12197857388,1107.9231219357252,0.0,277.57041385172704,277.5704138517269,False
649554,16,3,247.16209631814922,122.9004310731697,880523.690050471,35,35,1.1081813921340211,1.9679647720703204,100405.15107566174,101886.42148110062,1481.2704054388894,0.0,412.2251065145179,412.225106514518,False
649554,16,4,156.3822444072066,109.75897478113689,467730.9031433772,32,32,1.142067087065803,2.1378949560142737,57022.386598546516,58395.68579931047,1373.2992007639575,0.0,373.4163428889848,373.41634288898473,False
649554,16,5,172.9340852372122,127.0048990752415,402593.8279869754,27,27,1.2989768925128242,1.7732380387414375,54663.027534179855,55929.975655088754,1266.9481209088967,0.0,323.4178824745282,323.4178824745283,False
649554,16,6,184.4181679418269,125.18719946243237,406343.43218224106,25,25,1.0298071697327447,2.1321479422457266,53961.193505477924,55065.87102561033,1104.677520132402,0.0,298.5924415157425,298.5924415157425,False
649554,16,7,208.30934353146648,117.66099280113993,431582.66195370886,24,24,1.0014395291921916,1.787099520585105,57549.359223614374,58593.60928014096,1044.250056526591,0.0,281.28171442914675,281.28171442914663,False
649554,16,8,266.30087715165604,96.56924938780473,609929.6274163625,26,26,1.288617369119695,1.9176078585498513,79122.95307993538,80314.78076691936,1191.8276869839774,0.0,301.5941277624135,301.59412776241356,False
649554,16,9,121.66353625407595,97.29110310568201,251528.2224593491,24,24,1.1279656973734398,1.8923410337168038,32893.5761826846,33966.86316832689,1073.2869856422926,0.0,279.186880590025,279.1868805900251,False
649554,17,0,187.32321296469806,117.24660906539414,713293.1798307342,37,37,1.280822162642181,2.0124611894172473,80376.5376032044,82012.93108410572,1636.3934809013112,0.0,437.8150992934419,437.8150992934412,False
649554,17,1,245.6420675491946,117.95485024219771,918082.6384770761,35,35,1.180526119256931,2.0919638757288173,100736.2745707828,102260.3214928619,1524.046922079103,0.0,416.298081648341,416.298081648341,False
649554,17,2,137.08277280192968,70.77445731600346,345361.2599930441,25,25,1.3209650475238361,2.2418694952061045,38434.25601071028,39593.44620111372,1159.1901904034369,0.0,288.8287520877777,288.82875208777784,False
649554,17,3,247.16209631814922,116.7554095195112,978707.6970014409,36,36,1.1581813921340212,2.0679647720703205,103187.2016936733,104725.35865182198,1538.156958148679,0.0,423.7112413750466,423.71124137504717,False
649554,17,4,156.3822444072066,104.27102604208004,522239.12028889643,33,33,1.192067087065803,2.237894956014274,58749.16100490711,60177.501359006084,1428.3403540989766,0.0,384.8103190174758,384.81031901747605,False
649554,17,5,172.9340852372122,120.65465412147941,455090.98644042696,28,28,1.3489768925128243,1.8732380387414376,56675.48876885336,57998.669332857266,1323.180564003903,0.0,335.38020716564324,335.3802071656434,False
649554,17,6,184.4181679418269,118.92783948931076,458551.6834200153,26,26,1.0798071697327447,2.2321479422457267,56100.37506449617,57256.56711367985,1156.1920491836781,0.0,310.4714017750187,310.4714017750189,False
649554,17,7,208.30934353146648,111.77794316108293,487865.81460366654,25,25,1.0514395291921916,1.887099520585105,59877.601228984786,60970.73695547617,1093.1357264913825,0.0,292.69324132004755,292.6932413200474,False
649554,17,8,266.30087715165604,91.74078691841449,688719.681719902,27,27,1.338617369119695,2.017607858549851,82067.05555033727,83311.53326662183,1244.477716284561,0.0,312.847385850617,312.8473858506168,False
649554,17,9,121.66353625407595,92.4265479503979,282646.2799362863,25,25,1.1779656973734398,1.992341033716804,34228.721175697065,35352.152563896685,1123.4313881996202,0.0,290.57311378874476,290.57311378874476,False
649554,18,0,187.32321296469806,111.38427861212443,790753.1586083043,38,38,1.330822162642181,2.1124611894172474,82492.58136482978,84189.56872118403,1696.9873563542471,0.0,449.4347891473014,449.43478914730093,False
649554,18,1,245.6420675491946,112.05710773008782,1016814.102352245,36,36,1.230526119256931,2.1919638757288173,103565.51975345147,105148.36324293393,1582.8434894824575,0.0,428.05519548021243,428.05519548021203,False
649554,18,2,137.08277280192968,67.23573445020328,382727.7887714918,26,26,1.3709650475238362,2.3418694952061045,39914.65787415354,41125.975512125515,1211.3176379719748,0.0,300.00834292685545,300.00834292685533,False
649554,18,3,247.16209631814922,110.91763904353564,1031106.4986402465,37,37,1.2081813921340212,2.1679647720703206,57302.75428341616,59863.64476672241,2560.8904833062543,192.96066797215852,435.16465336668864,242.20398539452992,False
649554,18,4,156.3822444072066,99.05747473997603,578541.5512470768,34,34,1.242067087065803,2.337894956014274,60470.38509933922,61954.81262275117,1484.4275234119486,0.0,396.1754920298104,396.1754920298106,False
649554,18,5,172.9340852372122,114.62192141540544,509653.66731381277,29,29,1.3989768925128243,1.9732380387414377,58686.71659443193,60067.325088652906,1380.6084942209764,0.0,347.3423125710531,347.3423125710531,False
649554,18,6,184.4181679418269,112.98144751484521,512938.07409999217,27,27,1.1298071697327448,2.3321479422457267,58236.889762877676,59445.758703927146,1208.8689410494678,0.0,322.3422039561675,322.3422039561676,False
649554,18,7,208.30934353146648,106.18904600302878,546507.8633060332,26,26,1.1014395291921917,1.9870995205851052,62202.96389844576,63346.1001773059,1143.136278860137,0.0,304.0962978587523,304.0962978587519,False
649554,18,8,266.30087715165604,87.15374757249376,682560.6490360799,28,28,1.388617369119695,2.1176078585498512,-2918.7277517935463,8.526512829121202e-14,2918.7277517935463,324.0972417935962,324.0972417935962,3.20183430123117e-16,False
649554,18,9,121.66353625407595,87.805220552878,315126.9111293219,26,26,1.2279656973734399,2.092341033716804,35563.56692741091,36738.30421887464,1174.7372914637303,0.0,301.9664342334441,301.96643423344386,False
649554,19,0,187.32321296469806,105.81506468151821,870430.7126906236,39,39,1.380822162642181,2.2124611894172475,84604.34160489622,86363.027432214,1758.6858273177727,0.0,461.0375087282403,461.0375087282403,False
649554,19,1,245.6420675491946,106.45425234358342,1008233.5134335617,37,37,1.280526119256931,2.2919638757288174,-3841.7815819691987,0.0,3841.7815819691987,439.800748107054,439.800748107054,0.0,False
649554,19,2,137.08277280192968,63.873947727693114,421587.12199533376,27,27,1.4209650475238362,2.4418694952061046,41383.92981248902,42648.23660900188,1264.306796512858,0.0,311.113028554099,311.11302855409946,False
649554,19,3,222.44588668633432,105.37175709135886,1129481.4944654629,38,38,1.2581813921340212,2.2679647720703207,103179.12259468861,105656.88595402686,2477.763359338246,164.5519651039572,446.56922334992277,474.9779262181239,False
649554,19,4,156.3822444072066,94.10460100297722,636638.5996570481,35,35,1.292067087065803,2.437894956014274,62190.709445076136,63732.36574659901,1541.6563015228728,0.0,407.54221163781995,407.54221163781955,False
649554,19,5,172.9340852372122,108.89082534463516,566283.2985190434,30,30,1.4489768925128244,2.0732380387414375,60696.355965570365,62135.58061848989,1439.2246529195227,0.0,359.30210364983327,359.3021036498331,False
649554,19,6,184.4181679418269,107.33237513910295,569504.596083162,28,28,1.1798071697327448,2.432147942245727,60371.828487065,61634.5545770962,1262.726090031199,0.0,334.2108603775865,334.2108603775864,False
649554,19,7,208.30934353146648,100.87959370287733,543617.3586359138,27,27,1.1514395291921917,2.087099520585105,633.2443598575064,3325.4001697245303,2692.155809867024,299.5602163018502,315.5239753601288,15.963759058278665,False
649554,19,8,239.67078943649045,82.79606019386907,674708.951228311,29,29,1.438617369119695,2.2176078585498513,-4650.612062145321,3.26849658449646e-13,4650.612062145321,659.4751513945116,335.3779096009154,1.3637442394132756e-15,False
649554,19,9,121.66353625407595,83.4149595252341,348963.4199142623,27,27,1.27796569737344,2.192341033716804,36888.71269212146,38115.658183812804,1226.9454916913435,0.0,313.28744303645755,313.28744303645755,False
649554,20,0,187.32321296469806,100.52431144744229,952319.7363728299,40,40,1.430822162642181,2.3124611894172475,86709.99614010223,88531.44844496441,1821.4523048621747,0.0,472.6133352284995,472.6133352284993,False
649554,20,1,221.07786079427513,101.13153972640424,997429.999511125,38,38,1.330526119256931,2.3919638757288175,-6160.515412833525,2.6274346206090314e-45,6160.515412833525,891.3342549288027,451.53350682174874,1.188465733823072e-47,False
649554,20,2,137.08277280192968,60.68025034130846,461920.485051683,28,28,1.4709650475238363,2.5418694952061047,42832.41006590579,44150.30521125118,1317.8951453453906,0.0,322.07041270637103,322.070412706371,False
649554,20,3,200.20129801770088,100.1031692367909,1139869.7653520992,39,39,1.3081813921340213,2.3679647720703207,15092.29448687136,19434.492681668387,4342.198194797027,525.4368949856898,457.95968850767343,97.07475862594097,False
649554,20,4,156.3822444072066,89.39937095282835,696526.4444455856,36,36,1.3420670870658031,2.537894956014274,63906.22214284033,65506.16364089242,1599.9414980520921,0.0,418.8849181005469,418.8849181005467,False
649554,20,5,172.9340852372122,103.4462840774034,624981.1397669483,31,31,1.4989768925128244,2.1732380387414376,62704.676054303156,64203.71029871274,1499.0342444095782,0.0,371.26116699692295,371.2611669969229,False
649554,20,6,184.4181679418269,101.9657563821478,628252.8025825638,29,29,1.2298071697327448,2.532147942245727,62505.21343448253,63822.97699869436,1317.7635642118237,0.0,346.07749177308153,346.0774917730815,False
649554,20,7,187.47840917831985,95.83561401773346,537716.3064638712,28,28,1.2014395291921918,2.187099520585105,-2417.6549795476735,1910.8490231893406,4328.504002737014,616.3427348732577,326.9748870236692,10.192368452261823,False
649554,20,8,215.70371049284142,78.65625718417562,665109.6918007969,30,30,1.488617369119695,2.3176078585498514,-6439.571711987547,2.8421709430404026e-14,6439.571711987547,1006.0800019934151,346.60485059890345,1.3176272844572722e-16,False
649554,20,9,121.66353625407595,79.24421154897239,384154.3781426173,28,28,1.32796569737344,2.292341033716804,38209.7961517269,39489.999538035016,1280.2033863081185,0.0,324.58369001839685,324.5836900183972,False
649554,21,0,187.32321296469806,95.49809587507016,943298.2422841674,41,41,1.4808221626421811,2.4124611894172476,-4306.072157786472,8.810729923425244e-13,4306.072157786473,484.15968157823454,484.15968157823454,4.703490712112475e-15,False
649554,21,1,198.9700747148476,96.07496274008402,984344.1148234461,39,39,1.3805261192569311,2.4919638757288176,-8538.961140816325,0.0,8538.961140816325,1354.5855843711765,463.2513294423739,0.0,False
649554,21,2,137.08277280192968,57.64623782424303,503725.19047676993,29,29,1.5209650475238363,2.641869495206105,44276.44632198959,45648.937287563764,1372.4909655741737,0.0,333.0027278739228,333.0027278739227,False
649554,21,3,180.1811682159308,95.09801077495135,1237633.5694938686,40,40,1.3581813921340213,2.467964772070321,102367.72457276688,106171.67621356902,3803.9516408021427,405.54959721362025,469.3622740052206,589.2495717772897,False
649554,21,4,156.3822444072066,84.92940240518693,758204.615752239,37,37,1.3920670870658032,2.637894956014274,65620.55919564444,67279.91924352916,1659.360047884716,0.0,430.22735412556,430.22735412556005,False
649554,21,5,172.9340852372122,98.27396987353323,685747.5296832158,32,32,1.5489768925128244,2.2732380387414377,64711.15695222124,66271.1832162828,1560.0262640615724,0.0,383.2164325811141,383.2164325811143,False
649554,21,6,184.4181679418269,96.8674685630404,621383.1002687017,30,30,1.2798071697327449,2.632147942245727,-3163.678256971382,3.83693077310454e-13,3163.6782569713823,357.94049260051105,357.94049260051105,2.080560074924324e-15,False
649554,21,7,168.73056826048787,91.04383331684679,539267.3159852347,29,29,1.2514395291921918,2.2870995205851052,4991.28068755318,10746.990764038072,5755.710076484892,891.070773282236,338.4212439427072,63.693205533728566,False
649554,21,8,194.13333944355728,74.72344432496683,653707.9859713801,31,31,1.5386173691196952,2.4176078585498515,-8285.279055344321,0.0,8285.279055344321,1363.8520994322062,357.7720974387911,0.0,False
649554,21,9,121.66353625407595,75.28200097152377,420697.569623629,29,29,1.37796569737344,2.392341033716804,39526.369509186654,40860.86387609581,1334.494366909158,0.0,335.851358049992,335.85135804999175,False
649554,22,0,168.59089166822827,90.72319108131666,931838.2475722875,42,42,1.5308221626421812,2.5124611894172477,-6849.620686464771,1.193711796076968e-12,6849.620686464772,979.8706690950391,495.71098751680466,7.08052365264243e-15,False
649554,22,1,179.07306724336286,91.27121460307981,968916.2204264256,40,40,1.4305261192569312,2.5919638757288177,-10977.045812896647,0.0,10977.045812896647,1829.5402709944224,474.95468662324595,0.0,False
649554,22,2,137.08277280192968,54.763925933030876,547003.0707517562,30,30,1.5709650475238364,2.741869495206105,45720.7980529777,47149.01574817382,1428.2176951961208,0.0,343.9455942162711,343.94559421627133,False
649554,22,3,162.1630513943377,90.34311023620377,1369235.8761795906,41,41,1.4081813921340214,2.567964772070321,136106.37420540236,138117.62252880726,2011.248323404893,34.563524169036604,480.73459538895384,851.7206684335365,False
649554,22,4,156.3822444072066,80.68293228492759,821664.462040567,38,38,1.4420670870658032,2.7378949560142742,67325.7977151539,69045.53131240653,1719.7335972526405,0.0,441.5177156085416,441.51771560854183,False
649554,22,5,172.9340852372122,93.36027137985657,678268.5730130262,33,33,1.5989768925128245,2.373238038741438,-3598.067714655604,0.0,3598.067714655604,395.17116479453733,395.17116479453733,0.0,False
649554,22,6,165.9763511476442,92.02409513488838,612660.3061720766,31,31,1.329807169732745,2.732147942245727,-5070.047147442371,0.0,5070.047147442371,727.7383308545083,369.7978382539972,0.0,False
649554,22,7,151.8575114344391,86.49164165100444,542851.1570623751,30,30,1.3014395291921919,2.3870995205851053,6978.590326671115,14074.984625173742,7096.394298502627,1148.2604997611868,349.8751951938144,92.68546871486357,False
649554,22,8,174.72000549920156,70.98727210871849,640449.0818146088,32,32,1.5886173691196952,2.5176078585498516,-10187.311449293908,0.0,10187.311449293908,1732.7183343542065,368.86623492200033,0.0,False
649554,22,9,121.66353625407595,71.51790092294758,458595.92586048285,30,30,1.42796569737344,2.492341033716804,40843.89326454314,42233.865601421545,1389.9723368784037,0.0,347.13659410016226,347.1365941001623,False
649554,23,0,151.73180250140544,86.18703152725082,950579.848543854,43,43,1.5808221626421812,2.612461189417248,23247.64332723966,31656.5355735237,8408.892246284036,1278.496454096011,507.2605936016959,208.6348086007248,False
649554,23,1,161.16576051902658,86.70765387292582,951086.4851085636,41,41,1.4805261192569312,2.691963875728818,-13474.721509073064,0.0,13474.721509073064,2316.1869832461102,486.646712251688,0.0,False
649554,23,2,137.08277280192968,52.02572963637933,591771.0411467329,31,31,1.6209650475238364,2.841869495206105,47180.76801370593,48666.260154035495,1485.4921403295684,0.0,355.01368377157917,355.01368377157917,False
649554,23,3,162.1630513943377,85.82595472439358,1360296.2678003814,42,42,1.4581813921340214,2.667964772070321,-4534.918280787175,0.0,4534.918280787175,526.6433776246129,492.07985345557626,0.0,False
649554,23,4,156.3822444072066,76.6487856706812,813830.1983169446,39,39,1.4920670870658033,2.8378949560142743,-4044.96108246747,0.0,4044.96108246747,452.7709264477783,452.7709264477783,0.0,False
649554,23,5,155.640676713491,88.69225781086374,668755.9694318972,34,34,1.6489768925128245,2.473238038741438,-5697.066815560093,0.0,5697.066815560093,802.2957340179353,407.12456922339794,0.0,False
649554,23,6,149.3787160328798,87.42289037814396,602025.9249858814,32,32,1.379807169732745,2.832147942245727,-7036.8486940940265,2.4158453015843416e-13,7036.8486940940265,1109.3887644555339,381.65043360102555,1.6172620609837007e-15,False
649554,23,7,136.6717602909952,82.16705956845422,702847.8542450538,31,31,1.351439529192192,2.4870995205851054,163343.87602930085,166221.68831081528,2877.8122815144216,293.3722413097314,361.3226687869388,1216.2109272383977,False
649554,23,8,157.2480049492814,67.43790850328256,625279.0030615666,33,33,1.6386173691196952,2.6176078585498517,-12144.627772435668,0.0,12144.627772435668,2112.528662844191,379.8103284899844,0.0,False
649554,23,9,121.66353625407595,67.9420058768002,497850.68120083725,31,31,1.47796569737344,2.5923410337168042,42160.95752253521,43607.5560410962,1446.5985185609904,0.0,358.4274909618636,358.42749096186384,False
649554,24,0,136.5586222512649,81.87767995088828,996077.3599527392,44,44,1.6308221626421813,2.712461189417248,49900.129326725095,58816.726795544084,8916.597468818989,1366.587182856783,518.7975257825119,430.7067970217405,False
649554,24,1,145.04918446712392,82.37227117927952,930794.8975945752,42,42,1.5305261192569313,2.791963875728818,-16031.952124461113,0.0,16031.952124461113,2814.5169981597573,498.330014913647,0.0,False
649554,24,2,137.08277280192968,49.424443154560365,638037.0103788639,32,32,1.6709650475238365,2.941869495206105,48647.551413078116,50191.64274137069,1544.091328292578,0.0,366.14114024300056,366.1411402430004,False
649554,24,3,145.94674625490396,81.5346569881739,1348873.9623545057,43,43,1.5081813921340215,2.767964772070321,-7116.315195382021,0.0,7116.315195382021,1030.0527561809708,503.40937855635804,0.0,False
649554,24,4,140.74401996648595,72.81634638714715,803689.980378887,40,40,1.5420670870658033,2.9378949560142744,-6427.564082571778,0.0,6427.564082571778,916.7932069956146,464.02228054783626,0.0,False
649554,24,5,140.07660904214188,84.25764492032054,657149.9304443371,35,35,1.6989768925128246,2.573238038741438,-7857.021415346877,0.0,7857.021415346877,1221.3729186458086,419.0771846278733,0.0,False
649554,24,6,134.4408444295918,83.05174585923676,619267.6775084977,33,33,1.429807169732745,2.9321479422457273,20782.460135970177,28776.280587949084,7993.820451978907,1288.840835992401,393.49625364567214,214.0441821088051,False
649554,24,7,123.00458426189567,78.0587065900315,780018.9015776266,32,32,1.401439529192192,2.5870995205851055,80468.92594345198,81936.8330944109,1467.907150958932,0.0,372.75604639664056,666.1282877063735,False
649554,24,8,141.52320445435328,64.06601307811843,608143.1005008508,34,34,1.6886173691196953,2.7176078585498518,-14157.65811606074,0.0,14157.65811606074,2503.2714769892864,390.7428141450956,0.0,False
649554,24,9,121.66353625407595,64.54490558296018,538455.0055913983,32,32,1.5279656973734401,2.6923410337168043,43469.761369215965,44973.90219146839,1504.1408222524258,0.0,369.6580222487296,369.6580222487301,False
649554,25,0,122.90276002613841,77.78379595334385,1148947.0854481598,45,45,1.6808221626421813,2.812461189417248,157169.99631332274,162207.6209845613,5037.624671238547,577.113913445085,530.3312732207337,1319.8045426324334,False
649554,25,1,130.54426602041153,78.25365762031554,907981.3005750228,43,43,1.5805261192569313,2.891963875728818,-18648.689741880175,0.0,18648.689741880175,3324.5212438505046,510.0042456907471,0.0,False
649554,25,2,137.08277280192968,46.95322099683234,632197.4168208638,33,33,1.7209650475238365,3.041869495206105,-3490.137265102756,0.0,3490.137265102756,377.2675669692005,377.2675669692005,0.0,False
649554,25,3,131.35207162941356,77.4579241387652,1334910.3485984744,44,44,1.5581813921340215,2.867964772070321,-9755.465093926068,0.0,9755.465093926068,1544.788435547397,514.7356793664263,0.0,False
649554,25,4,126.66961796983736,69.17552906778978,791186.360507145,41,41,1.5920670870658034,3.0378949560142745,-8867.423179964164,2.8398992587956425e-29,8867.423179964164,1392.0521992273193,475.2589922317046,2.24197349317962e-31,False
649554,25,5,126.06894813792769,80.04476267430451,643390.3925478923,36,36,1.7489768925128246,2.673238038741438,-10077.926440171646,0.0,10077.926440171646,1652.4018141695576,431.02889552374904,0.0,False
649554,25,6,120.99675998663263,78.89915856627492,692762.3666878158,34,34,1.479807169732745,3.0321479422457274,76977.26057057083,83603.86149887479,6626.600928303962,1003.220061145611,405.33873107808904,690.9595059248785,False
649554,25,7,135.30504268808525,74.15577126052993,773324.9959277484,33,33,1.451439529192192,2.6870995205851056,-3446.7651982817833,0.0,3446.7651982817833,384.1671217154312,384.1671217154312,0.0,False
649554,25,8,127.37088400891795,60.8627124242125,588986.6381506142,35,35,1.7386173691196953,2.817607858549852,-16226.267415387858,7.888609052210151e-31,16226.267415387858,2904.926553780342,401.6550767910559,6.193416269025679e-33,False
649554,25,9,121.66353625407595,61.31766030381217,532164.589235783,33,33,1.5779656973734402,2.7923410337168044,-3466.933565590467,0.0,3466.933565590467,380.85178710737875,380.85178710737875,0.0,False
649554,26,0,110.61248402352457,73.89460615567666,1266296.834661653,46,46,1.7308221626421814,2.912461189417248,121548.9010966497,123770.41459092066,2221.513494270951,0.0,541.841290242392,1118.9552036874763,False
649554,26,1,117.48983941837038,74.34097473929975,882585.339872516,44,44,1.6305261192569314,2.991963875728818,-21324.957813978173,0.0,21324.957813978173,3846.1987792072127,521.6775353567081,0.0,False
649554,26,2,123.37449552173672,44.605559946990724,624388.1474883116,34,34,1.7709650475238365,3.1418694952061053,-5492.680294355256,0.0,5492.680294355256,765.6333215985511,388.3657546293506,0.0,False
649554,26,3,118.2168644664722,73.58502793182693,1318346.6638131475,45,45,1.6081813921340216,2.9679647720703213,-12452.358528399312,0.0,12452.358528399312,2070.8480228604967,526.0595873130995,0.0,False
649554,26,4,114.00265617285363,65.71675261440029,776261.7600094343,42,42,1.6420670870658034,3.1378949560142746,-11364.49688790748,1.421085471520201e-14,11364.49688790748,1878.5371859110232,486.48498668370405,1.2465371590689223e-16,False
649554,26,5,113.46205332413493,76.04252454058928,627417.0403182388,37,37,1.7989768925128247,2.773238038741438,-12359.778821652659,0.0,12359.778821652659,2095.3816967649464,442.97988259538863,0.0,False
649554,26,6,108.89708398796937,74.95420063796116,819459.9803339248,35,35,1.529807169732745,3.1321479422457275,130121.0106684388,132798.13829642508,2677.1276279862823,200.91442439771637,417.1773230630027,1219.4829598109004,False
649554,26,7,121.77453841927672,70.44798269750343,764646.0197787985,34,34,1.501439529192192,2.7870995205851057,-5483.744737234461,0.0,5483.744737234461,779.7364975969825,395.5693758815513,0.0,False
649554,26,8,114.63379560802616,57.81957680300187,567754.3846994357,36,36,1.7886173691196954,2.917607858549852,-18350.748686270075,7.105427357601003e-15,18350.748686270075,3317.5188609741153,412.5923071937731,6.198370489185401e-17,False
649554,26,9,109.49718262866836,58.251777288621554,523897.82274844125,34,34,1.6279656973734402,2.8923410337168045,-5486.206059528646,0.0,5486.206059528646,772.82681837359,391.9750312662112,0.0,False
649554,27,0,121.67373242587703,70.19987584789281,1257138.84293587,47,47,1.7808221626421814,3.012461189417248,-5058.597560931653,0.0,5058.597560931653,553.3192075797243,553.3192075797243,0.0,False
649554,27,1,105.74085547653334,70.62392600233476,854546.488668256,45,45,1.6805261192569314,3.091963875728818,-24060.77453415655,0.0,24060.77453415655,4379.551317350005,533.3525381427925,0.0,False
649554,27,2,111.03704596956305,42.375281949641185,614554.0771474618,35,35,1.8209650475238366,3.2418694952061053,-7550.93547261224,0.0,7550.93547261224,1164.996525696993,399.3632040984419,0.0,False
649554,27,3,106.39517801982498,69.90577653523557,1299123.9245485757,46,46,1.6581813921340216,3.0679647720703214,-15207.07354395448,0.0,15207.07354395448,2608.23956259875,537.3915397382534,0.0,False
649554,27,4,102.60239055556828,62.430914983680275,910880.3547279582,43,43,1.6920670870658034,3.2378949560142747,138103.12406282453,144957.63926600598,6854.5152031814505,963.4086716211427,497.6810555563419,1412.809569846217,False
649554,27,5,102.11584799172144,72.24039831355982,609169.358838912,38,38,1.8489768925128247,2.8732380387414382,-14702.546343409384,0.0,14702.546343409384,2550.308623175023,454.92692641007665,0.0,False
649554,27,6,98.00737558917243,71.2064906060631,876098.3723499898,36,36,1.5798071697327452,3.2321479422457275,60001.825677883535,61737.61236535976,1735.786687476225,0.0,429.0138028833774,629.9282272810941,False
649554,27,7,109.59708457734905,66.92558356262826,753924.7889146262,35,35,1.551439529192192,2.8870995205851058,-7578.83543948191,0.0,7578.83543948191,1186.7034111343748,406.96691353739226,0.0,False
649554,27,8,103.17041604722355,54.928597962851775,577881.3785156885,37,37,1.8386173691196954,3.017607858549852,12959.351940877594,31943.429958653513,18984.07801777592,3431.5613846690553,423.66064081130133,309.6181171163664,False
649554,27,9,98.54746436580152,55.339188424190475,525745.280691557,35,35,1.6779656973734403,2.9923410337168046,4584.329537961779,11558.95092606427,6974.6213881024905,1058.5028496833224,402.9692666096102,117.2932352998777,False
649554,28,0,109.50635918328933,66.68988205549817,1245183.7538492305,48,48,1.8308221626421814,3.1124611894172483,-7953.974747980696,0.0,7953.974747980696,1118.0886727808954,564.7694652011711,0.0,False
649554,28,1,95.16676992888002,67.09272970221801,823804.2311191006,46,46,1.7305261192569314,3.1919638757288182,-26855.9919828522,0.0,26855.9919828522,4924.562618055805,545.0113007057997,0.0,False
649554,28,2,99.93334137260675,40.25651785215912,602639.9151969845,36,36,1.8709650475238366,3.3418694952061054,-9664.927307798403,0.0,9664.927307798403,1575.3176869024992,410.3211612055062,0.0,False
649554,28,3,95.75566021784249,66.4104877084738,1277182.8712253433,47,47,1.7081813921340216,3.1679647720703215,-18019.760400937495,0.0,18019.760400937495,3156.9835968307602,548.74403423201,0.0,False
649554,28,4,92.34215150001145,59.30936923449626,1041318.2547170913,44,44,1.7420670870658035,3.3378949560142748,133847.51223545044,135951.66855362992,2104.156318179482,0.0,508.8514646787244,1472.260136299868,False
649554,28,5,91.9042631925493,68.62837839788183,588586.6235283924,39,39,1.8989768925128248,2.9732380387414383,-17106.228553001438,0.0,17106.228553001438,3017.1808813356074,466.8722581605846,0.0,False
649554,28,6,107.80811314808967,67.64616607575994,868791.0360701705,37,37,1.6298071697327452,3.3321479422457276,-4004.4281350177425,0.0,4004.4281350177425,440.8474094717879,440.8474094717879,0.0,False
649554,28,7,98.63737611961415,63.579304384496844,741104.151665174,36,36,1.6014395291921921,2.987099520585106,-9731.782291608988,0.0,9731.782291608988,1605.0363220064514,418.33291087207647,0.0,False
649554,28,8,92.8533744425012,52.18216806470918,629240.6993824603,38,38,1.8886173691196955,3.117607858549852,54142.243253232526,71513.5531930543,17371.309939821767,3096.141223189995,434.7570520301694,770.1772135092252,False
649554,28,9,88.69271792922137,52.57222900298095,554390.4258517267,36,36,1.7279656973734403,3.0923410337168047,31337.745404277368,38284.808690335856,6947.0632860584865,1040.7836635453289,413.9375449240517,431.65673106204645,False
649554,29,0,98.5557232649604,63.35538795272326,1230372.0144280095,49,49,1.8808221626421815,3.2124611894172483,-10907.325411541311,0.0,10907.325411541311,1694.2607831921778,576.1721104112825,0.0,False
649554,29,1,85.65009293599202,63.73809321710711,790297.8886334362,47,47,1.7805261192569315,3.2919638757288183,-29710.65210445902,0.0,29710.65210445902,5481.230743381493,556.668125325688,0.0,False
649554,29,2,89.94000723534607,38.243691959551164,588591.676498203,37,37,1.9209650475238367,3.4418694952061055,-11833.222096278805,0.0,11833.222096278805,1996.4193997501498,421.1017128476505,0.0,False
649554,29,3,86.18009419605825,63.0899633230501,1252464.0054232255,48,48,1.7581813921340217,3.2679647720703215,-20890.54756261517,0.0,20890.54756261517,3717.103256246271,560.1196594155107,0.0,False
649554,29,4,92.34215150001145,56.34390077277144,1033210.7788579569,45,45,1.7920670870658035,3.437894956014275,-4772.000324360995,0.0,4772.000324360995,520.0142673031877,520.0142673031877,0.0,False
649554,29,5,82.71383687329437,65.19695947798773,565607.936184011,40,40,1.9489768925128248,3.0732380387414384,-19570.80896526272,0.0,19570.80896526272,3495.995902320817,478.8150209852097,0.0,False
649554,29,6,97.0273018332807,64.26385777197194,859215.6262412944,38,38,1.6798071697327452,3.4321479422457277,-6333.3832335403895,0.0,6333.3832335403895,893.5240772073028,452.67666773551485,0.0,False
649554,29,7,88.77363850765273,60.400339165272,726127.0270738825,37,37,1.6514395291921922,3.087099520585106,-11942.312042177724,0.0,11942.312042177724,2034.6908806036547,429.6545585972032,0.0,False
649554,29,8,83.56803699825109,49.57305966147372,776366.4041441595,39,39,1.9386173691196955,3.217607858549852,149859.05408849492,159954.8072930935,10095.75320459858,1627.9354354154834,445.8610377564188,1914.0668255309267,False
649554,29,9,79.82344613629924,49.943617552831896,636851.5269165525,37,37,1.7779656973734403,3.1923410337168048,85109.01491428194,88687.4870364352,3578.4721221532504,354.64082659163296,424.90274337618206,1111.0455803298762,False
649554,30,0,88.70015093846436,60.1876185550871,1212643.8327308213,50,50,1.9308221626421815,3.3124611894172484,-13918.800769436471,0.0,13918.800769436471,2281.83231444783,587.5715312556522,0.0,False
649554,30,1,77.08508364239282,60.55118855625175,753966.7644790652,48,48,1.8305261192569315,3.3919638757288184,-32624.667103671185,0.0,32624.667103671185,6049.544943349684,568.3141999681915,0.0,False
649554,30,2,80.94600651181146,36.33150736157361,572355.3767366281,38,38,1.9709650475238367,3.5418694952061056,-14055.70248183367,1.4921397450962106e-13,14055.70248183367,2428.213020900431,431.79362115028107,1.8433766029933558e-15,False
649554,30,3,77.56208477645242,59.93546515689759,1224908.0761158234,49,49,1.8081813921340217,3.3679647720703216,-23819.091514718933,0.0,23819.091514718933,4288.569147943587,571.4658916973166,0.0,False
649554,30,4,83.1079363500103,53.52670573413287,1022452.0006054387,46,46,1.8420670870658036,3.537894956014275,-7496.549788750407,0.0,7496.549788750407,1051.1659093331932,531.1516420300054,0.0,False
649554,30,5,74.44245318596494,61.93711150408834,567584.2157247259,41,41,1.9989768925128248,3.1732380387414385,5315.701112384631,25686.715702923913,20371.014590539282,3641.6979598895937,490.75672199199124,345.0546644232135,False
649554,30,6,87.32457164995263,61.050664883373344,847312.0118013608,39,39,1.7298071697327453,3.532147942245728,-8722.638509483473,0.0,8722.638509483473,1358.026676704137,464.5025994968341,0.0,False
649554,30,7,79.89627465688746,57.3803222070084,708935.9723503478,38,38,1.7014395291921922,3.187099520585106,-14210.602479668853,0.0,14210.602479668853,2475.6694179798496,440.9785373761947,0.0,False
649554,30,8,75.21123329842598,47.094406678400034,928464.763705008,40,40,1.9886173691196956,3.3176078585498523,154782.13582798676,156804.618590892,2022.4827629052315,0.0,456.9209313019316,2084.8563667174117,False
649554,30,9,71.84110152266932,47.4464366751903,689170.2764083062,38,38,1.8279656973734404,3.292341033716805,54921.714085409454,56790.15551573502,1868.4414303255724,0.0,435.8558989884297,790.4967255800636,False
649554,31,0,79.83013584461793,57.17823762733274,1191939.4573676807,51,51,1.9808221626421816,3.4124611894172485,-16988.2852441503,0.0,16988.2852441503,2880.7890218066354,598.9567073588056,0.0,False
649554,31,1,69.37657527815354,57.52362912843916,714750.1262900189,49,49,1.8805261192569316,3.4919638757288185,-35597.980361751426,0.0,35597.980361751426,6629.494326510098,579.949383160414,0.0,False
649554,31,2,72.85140586063032,34.514931993494926,553877.3270409859,39,39,2.0209650475238368,3.6418694952061057,-16331.967347897955,6.394884621840909e-13,16331.967347897955,2870.6160478904603,442.40302699002956,8.777983823777891e-15,False
649554,31,3,69.80587629880718,56.93869189905271,1194455.6357136029,50,50,1.8581813921340218,3.4679647720703217,-26805.50580727318,0.0,26805.50580727318,4871.38178622842,582.8126382848334,0.0,False
649554,31,4,74.79714271500927,50.85037044742622,1008984.7193269312,47,47,1.8920670870658036,3.637894956014275,-10277.313867480529,0.0,10277.313867480529,1593.389025016585,542.2231156833918,0.0,False
649554,31,5,66.99820786736845,58.84025592888392,774031.6873376748,42,42,2.0489768925128247,3.2732380387414386,209718.76236196375,216517.67233617502,6798.909974211267,912.7008156719361,502.69634771573084,3231.6934919333894,False
649554,31,6,78.59211448495736,57.99813163920467,833019.8871647648,40,40,1.7798071697327453,3.632147942245728,-11172.199371027698,0.0,11172.199371027698,1834.3544486766407,476.32777197250374,0.0,False
649554,31,7,71.90664719119872,54.511306096657975,689473.5137618965,39,39,1.7514395291921923,3.287099520585106,-16536.51765068064,0.0,16536.51765068064,2927.957358447028,452.28794046717826,0.0,False
649554,31,8,75.21123329842598,44.73968634448003,921401.0312583739,41,41,2.0386173691196956,3.4176078585498524,-4429.40530650885,0.0,4429.40530650885,467.92613668530225,467.92613668530225,0.0,False
649554,31,9,79.02521167493626,45.074114841430784,682445.2371636227,39,39,1.8779656973734404,3.392341033716805,-4167.1487658685,0.0,4167.1487658685,446.85335594867036,446.85335594867036,0.0,False
649554,32,0,71.84712226015614,54.319325745966104,1168199.1018069028,52,52,2.0308221626421816,3.5124611894172486,-20115.75062198406,0.0,20115.75062198406,3491.121659708817,610.3326379021812,0.0,False
649554,32,1,62.438917750338184,54.6474476720172,679884.7784331274,50,50,1.9305261192569316,3.5919638757288186,-31332.975473292772,6756.457180222748,38089.43265351552,7112.852461288337,591.5672041160254,108.20906933778738,False
649554,32,2,65.56626527456729,32.789185393820176,649965.166015233,40,40,2.0709650475238366,3.741869495206106,98199.40639000044,108580.75626345661,10381.349873456169,1667.498629024228,452.92865618105805,1656.0460750472905,False
649554,32,3,62.82528866892646,54.09175730410008,1161047.187456725,51,51,1.9081813921340218,3.567964772070322,-29849.768634372143,0.0,29849.768634372143,5465.538940224372,594.1571539959514,0.0,False
649554,32,4,67.31742844350835,48.30785192505491,992752.3255231732,48,48,1.9420670870658037,3.737894956014275,-13113.61691135664,0.0,13113.61691135664,2146.5801091484404,553.1910841318555,0.0,False
649554,32,5,60.298387080631606,55.898243132439724,854584.639905725,43,43,2.0989768925128245,3.3732380387414387,83756.57702274328,86066.05446906049,2309.477446317201,0.0,514.635115452923,1427.3359311248591,False
649554,32,6,70.73290303646164,55.098225057244434,816278.8270254938,41,41,1.8298071697327454,3.732147942245728,-13682.032911924058,0.0,13682.032911924058,2322.5033499704064,488.1489012937657,0.0,False
649554,32,7,64.71598247207885,51.78574079182508,667682.045436498,40,40,1.8014395291921923,3.387099520585106,-18920.038693725706,0.0,18920.038693725706,3391.5465120118947,463.5891535648666,0.0,False
649554,32,8,67.69010996858339,42.50270202725602,911924.0181765581,42,42,2.0886173691196954,3.5176078585498525,-6891.899596672993,0.0,6891.899596672993,946.7964352671461,478.8702985818439,0.0,False
649554,32,9,71.12269050744264,42.820409099359246,673409.564876692,40,40,1.9279656973734405,3.492341033716805,-6522.855922957175,0.0,6522.855922957175,904.8064083911393,457.95305244246885,0.0,False
649554,33,0,64.66241003414054,51.603359458667796,1141362.9861099406,53,53,2.0808221626421814,3.6124611894172487,-23301.137645649203,0.0,23301.137645649203,4112.819700479883,621.6980407710661,0.0,False
649554,33,1,56.19502597530437,51.91507528841634,719272.001949589,51,51,1.9805261192569317,3.6919638757288187,42834.89235616931,77151.39311026887,34316.50075409956,6343.107599791245,603.1772391915716,1372.9221006886632,False
649554,33,2,59.00963874711056,31.149726124129167,771523.1365219498,41,41,2.1209650475238364,3.841869495206106,123635.10927780616,125744.85503879472,2109.745760988568,0.0,463.42197494154345,2130.9206039657697,False
649554,33,3,56.542759802033814,51.38716943889507,1124623.1057785733,52,52,1.9581813921340219,3.667964772070322,-32951.94886732984,4.263256414560601e-14,32951.94886732984,6071.047349662352,605.5084094379802,7.539880312681968e-16,False
649554,33,4,60.585685599157515,45.89245932880216,973698.1619859046,49,49,1.9920670870658037,3.837894956014275,-16005.433030159758,0.0,16005.433030159758,2710.6920575250147,564.1119483765741,0.0,False
649554,33,5,66.32822578869477,53.103330975817734,846430.4884443934,44,44,2.1489768925128243,3.4732380387414388,-5017.604898393576,0.0,5017.604898393576,526.5730753278131,526.5730753278131,0.0,False
649554,33,6,63.659612732815475,52.34331380438221,797028.3248010012,42,42,1.8798071697327454,3.832147942245728,-16252.083044709383,0.0,16252.083044709383,2822.4653660364565,499.9620160660501,0.0,False
649554,33,7,58.24438422487096,49.19645375223382,643503.9645586206,41,41,1.8514395291921923,3.4870995205851063,-21361.02627403598,0.0,21361.02627403598,3866.41771235326,474.87120034136535,0.0,False
649554,33,8,60.92109897172505,40.37756692589322,899978.8245559296,43,43,2.1386173691196952,3.6176078585498526,-9408.958242812712,0.0,9408.958242812712,1436.4740183989638,489.6775831318177,0.0,False
649554,33,9,64.01042145669838,40.67938864439128,662006.4432287508,41,41,1.9779656973734405,3.592341033716805,-8935.266713520532,0.0,8935.266713520532,1373.869758989244,469.0633505981047,0.0,False
649554,34,0,58.19616903072648,49.0231914857344,1111371.1215228217,54,54,2.1308221626421813,3.712461189417249,-26544.612246886336,0.0,26544.612246886336,4745.8967270084795,633.0770265285969,0.0,False
649554,34,1,50.57552337777393,49.31932152399552,888337.5252953259,52,52,2.0305261192569315,3.7919638757288188,172430.12806498507,191013.22312088107,18583.095055896014,3181.065803525089,614.750026412773,3776.791822678879,False
649554,34,2,59.00963874711056,29.592239817922707,764933.331714081,42,42,2.1709650475238362,3.941869495206106,-4546.930735514725,0.0,4546.930735514725,473.98836578146125,473.98836578146125,0.0,False
649554,34,3,50.888483821830434,48.81781096695032,1085123.6906923293,53,53,2.0081813921340217,3.767964772070322,-36112.07110499999,8.739675649849228e-13,36112.07110499999,6687.912631875749,616.8652822133974,1.717417182333114e-14,False
649554,34,4,54.527117039241766,43.59783636236205,951765.5118121479,50,50,2.0420670870658038,3.9378949560142753,-18952.758355640894,0.0,18952.758355640894,3285.704166808426,575.0121092834115,0.0,False
649554,34,5,59.695403209825294,50.448164427026846,835573.7252080403,45,45,2.198976892512824,3.573238038741439,-7786.595837134833,0.0,7786.595837134833,1065.081924559479,538.508849231666,0.0,False
649554,34,6,57.293651459533926,49.7261481141631,775207.7684735319,43,43,1.9298071697327455,3.932147942245728,-18882.331958559083,0.0,18882.331958559083,3334.23510994164,511.76974390518353,0.0,False
649554,34,7,52.419945802383864,46.73663106462213,616881.6383309491,42,42,1.9014395291921924,3.5870995205851064,-23859.387722955034,0.0,23859.387722955034,4352.552471455694,486.13475910243454,0.0,False
649554,34,8,54.828989074552545,38.35868857959856,885511.0194866651,44,44,2.188617369119695,3.7176078585498527,-11980.022771760372,0.0,11980.022771760372,1936.8379464059067,500.36392800694284,0.0,False
649554,34,9,57.60937931102855,38.64541921217172,648178.9674863595,42,42,2.0279656973734403,3.692341033716805,-11404.368135479966,0.0,11404.368135479966,1854.0465214901205,480.17676250087646,0.0,False
649554,35,0,52.37655212765383,46.57203191144768,1078163.6715174236,55,55,2.180822162642181,3.812461189417249,-29845.988250267663,0.0,29845.988250267663,5390.338424103997,644.4416970955173,0.0,False
649554,35,1,45.51797103999654,46.85335544779574,1055603.0638486538,53,53,2.0805261192569313,3.891963875728819,170548.7663920592,173304.48198061006,2755.7155885508764,0.0,626.3201150679745,3807.3859185930714,False
649554,35,2,53.108674872399504,28.11262782702657,755885.8902740447,43,43,2.220965047523836,4.041869495206106,-7038.598443476155,0.0,7038.598443476155,958.6075560221666,484.61919024070534,0.0,False
649554,35,3,45.79963543964739,46.3769204186028,1051510.3969696255,54,54,2.0581813921340215,3.867964772070322,-30308.94002010036,8133.1245829909985,38442.064603091356,7138.538113052598,628.2060340550129,177.58055287816535,False
649554,35,4,49.07440533531759,41.417944544243944,926897.5847500928,51,51,2.0920670870658036,4.037894956014275,-21955.61189029942,1.4210854715202073e-14,21955.61189029942,3871.609550616637,585.9053838082108,2.8957772627302496e-16,False
649554,35,5,53.72586288884276,47.925756205675505,821952.68345738,46,46,2.248976892512824,3.673238038741439,-10616.456965198591,0.0,10616.456965198591,1615.5263036045244,550.4443790450456,0.0,False
649554,35,6,51.56428631358053,47.23984070845494,750756.4712197281,44,44,1.9798071697327455,4.032147942245728,-21572.74426263246,0.0,21572.74426263246,3857.8063430491084,523.5712331074681,0.0,False
649554,35,7,47.17795122214548,44.39979951139102,587757.4450686038,43,43,1.9514395291921924,3.6870995205851065,-26415.00188335427,5.048709793414476e-29,26415.00188335427,4849.929403015839,497.376931560145,1.0701418062098032e-30,False
649554,35,8,49.346090167097294,36.44075415061863,868466.0349009269,45,45,2.238617369119695,3.8176078585498527,-14605.150648960265,7.105427357601008e-15,14605.150648960265,2447.840916689172,511.0029702832655,1.4399169890745924e-16,False
649554,35,9,51.848441379925696,36.713148251563126,631870.4990619603,43,43,2.07796569737344,3.7923410337168053,-13929.803049583708,0.0,13929.803049583708,2345.2987018572935,491.25218036717297,0.0,False
649554,36,0,47.13889691488845,44.243430315875294,1041680.7358383484,56,56,2.230822162642181,3.912461189417249,-33205.30358138021,0.0,33205.30358138021,6046.142571795157,655.8041476911601,0.0,False
649554,36,1,50.0697681439962,44.510687675405954,1046375.1700732572,54,54,2.130526119256931,3.991963875728819,-6024.316640929,0.0,6024.316640929,637.8949651811521,637.8949651811521,0.0,False
649554,36,2,47.79780738515956,26.70699643567524,744326.3816316277,44,44,2.270965047523836,4.141869495206105,-9584.40079924851,0.0,9584.40079924851,1453.848665831331,495.24110980916436,0.0,False
649554,36,3,41.21967189568265,44.058074397672655,1196592.0152598147,55,55,2.1081813921340213,3.967964772070322,148304.8123820638,169465.73948553068,21160.92710346689,3666.75173405382,639.4966975479849,4111.283076546772,False
649554,36,4,44.16696480178584,39.347047317031745,899037.4078753314,52,52,2.1420670870658034,4.137894956014275,-25014.13041427357,6.004086117172844e-13,25014.13041427357,4468.420163493199,596.8106128765619,1.3594065483372487e-14,False
649554,36,5,48.353276599958484,45.529468395391724,805505.633695129,47,47,2.2989768925128238,3.773238038741439,-13507.164747667412,0.0,13507.164747667412,2177.9035726410148,562.3772690364901,0.0,False
649554,36,6,46.40785768222248,44.87784867303219,723613.7166882516,45,45,2.0298071697327456,4.1321479422457275,-24323.2513411902,0.0,24323.2513411902,4393.168786020051,535.362442970943,0.0,False
649554,36,7,42.460156099930934,42.17980953582147,556073.653614676,44,44,2.0014395291921923,3.7870995205851066,-29027.879834350304,0.0,29027.879834350304,5358.540587307378,508.6111842915386,0.0,False
649554,36,8,44.411481150387566,34.6187164430877,848789.671060033,46,46,2.2886173691196947,3.917607858549853,-17283.902884512492,5.684341886080802e-14,17283.902884512492,2969.414592139836,521.5736754506636,1.2799262125107476e-15,False
649554,36,9,46.663597241933125,34.87749083898497,613024.5303683062,44,44,2.12796569737344,3.8923410337168054,-16511.359096738553,0.0,16511.359096738553,2847.586477628775,502.28777577148134,0.0,False
649554,37,0,42.425007223399604,42.031258800081524,1001862.4730154002,57,57,2.2808221626421807,4.012461189417249,-36622.48107134433,0.0,36622.48107134433,6713.29986711454,667.1572953193829,0.0,False
649554,37,1,45.06279132959658,42.28515329163565,1033897.6073884964,55,55,2.180526119256931,4.091963875728819,-9351.879253719871,0.0,9351.879253719871,1287.3571365601392,649.462171378987,0.0,False
649554,37,2,43.018026646643605,25.37164661389148,730200.0858229907,45,45,2.3209650475238357,4.241869495206105,-12184.571711010063,0.0,12184.571711010063,1959.7328052752462,505.8841394439153,0.0,False
649554,37,3,37.097704706114385,41.85517067778902,1350712.4881688058,56,56,2.158181392134021,4.067964772070322,157264.3624669526,160170.41194060195,2906.0494736493447,0.0,650.7771591610564,4317.528893214865,False
649554,37,4,39.75026832160726,37.379694951180156,868256.0272609392,53,53,2.192067087065803,4.237894956014275,-28000.256781976805,113.84065605305311,28114.097438029858,5073.28857028999,607.7323033403817,2.8638965435906796,False
649554,37,5,43.517948939962636,43.25299497562214,786170.8004449378,48,48,2.3489768925128236,3.873238038741439,-16458.689491359622,0.0,16458.689491359622,2752.2093699368106,574.3057972957959,0.0,False
649554,37,6,41.76707191400023,42.63395623938058,693718.6640042131,46,46,2.0798071697327454,4.232147942245727,-27133.89069702953,0.0,27133.89069702953,4940.32212023293,547.1533342128786,0.0,False
649554,37,7,38.21414048993784,40.07081905903039,521772.57929978264,45,45,2.051439529192192,3.8870995205851067,-31697.88745723663,2.2737367544323206e-13,31697.88745723663,5878.367793303159,519.8272059957807,5.949987950222295e-15,False
649554,37,8,39.97033303534881,32.88778062093331,826469.2648629543,47,47,2.3386173691196945,4.0176078585498525,-19974.680507894165,36.387068535307115,20011.067576429472,3500.5472803229854,532.0430400809713,0.9103518978219987,False
649554,37,9,41.99723751773981,33.133616297035715,591584.6634778308,45,45,2.17796569737344,3.9923410337168055,-19148.854157108606,0.0,19148.854157108606,3360.8725286229414,513.2860509941664,0.0,False
649554,38,0,38.18250650105964,39.929695860077445,958649.0352820999,58,58,2.3308221626421806,4.112461189417249,-40097.51537341265,0.0,40097.51537341265,7391.805568700778,678.5057015862382,0.0,False
649554,38,1,40.55651219663692,40.170895627053866,1018109.6468305587,56,56,2.230526119256931,4.191963875728819,-12738.390402825638,0.0,12738.390402825638,1948.381724020613,661.0245874604739,0.0,False
649554,38,2,38.71622398197925,24.103064283196904,713452.5074816928,46,46,2.3709650475238355,4.3418694952061045,-14838.837384273127,0.0,14838.837384273127,2476.2402656435734,516.5074603683273,0.0,False
649554,38,3,37.097704706114385,39.76241214389957,1341349.830844536,57,57,2.208181392134021,4.167964772070322,-6296.199832069115,0.0,6296.199832069115,662.0416749475331,662.0416749475331,0.0,False
649554,38,4,35.775241489446536,35.510710203621144,975958.8098528486,54,54,2.242067087065803,4.337894956014274,110420.36094290768,124328.33943544177,13907.978492534097,2216.7026016057866,618.67609131106,3475.2620599952575,False
649554,38,5,39.16615404596637,41.09034522684103,763886.337329572,49,49,2.3989768925128234,3.973238038741439,-19471.03619925212,0.0,19471.03619925212,3338.4422559818117,586.232886045001,0.0,False
649554,38,6,37.590364722600214,40.50225842741155,661010.4764987136,47,47,2.129807169732745,4.332147942245727,-30004.581359409734,0.0,30004.581359409734,5499.2573379626665,558.935217729737,0.0,False
649554,38,7,34.39272644094406,38.06727810607887,492097.45541703334,46,46,2.101439529192192,3.9870995205851067,-27124.029089870706,6374.136929475277,33498.16601934598,6224.048430031364,531.0145020273216,185.33386529911616,False
649554,38,8,35.97329973181393,31.243391589886645,828990.3551082367,48,48,2.3886173691196944,4.117607858549852,4820.773041594868,24246.849465882595,19426.076424287727,3369.037902837584,542.5141245743612,674.0235020597585,False
649554,38,9,37.79751376596583,31.47693548218393,567495.4116980371,46,46,2.2279656973734396,4.092341033716806,-21841.31274761096,0.0,21841.31274761096,3885.0346530956185,524.1621244726772,0.0,False
649554,39,0,34.364255850953676,37.93321106707357,911980.610466919,59,59,2.3808221626421804,4.212461189417248,-43630.36536222136,0.0,43630.36536222136,8081.653154180937,689.8475854801594,0.0,False
649554,39,1,36.50086097697323,38.16235084570117,998950.5637240362,57,57,2.2805261192569306,4.291963875728818,-16183.829108314392,0.0,16183.829108314392,2620.9643349632674,672.5826109426544,0.0,False
649554,39,2,34.844601583781326,22.897911069037058,694029.6484919898,47,47,2.4209650475238353,4.441869495206104,-17546.65716946079,1.5777218104420236e-30,17546.65716946079,3003.3047241353306,527.0644584917571,4.5278801843909894e-32,False
649554,39,3,33.38793423550295,37.77429153670459,1328615.2010526366,58,58,2.258181392134021,4.2679647720703215,-9743.720882766598,0.0,9743.720882766598,1335.3394041673428,673.2977292198096,0.0,False
649554,39,4,32.19771734050188,33.73517469344009,1062046.8181197688,55,55,2.292067087065803,4.437894956014274,88743.4428750571,91645.92544379596,2902.482568738869,0.0,629.645929086904,2846.3485306926864,False
649554,39,5,35.24953864136974,39.035827965498974,738590.3391499134,50,50,2.4489768925128232,4.073238038741439,-22544.206781384757,0.0,22544.206781384757,3936.601777988287,598.1595220064752,0.0,False
649554,39,6,33.83132825034019,38.47714550604097,625428.2548071677,48,48,2.179807169732745,4.432147942245726,-32935.3187072546,0.0,32935.3187072546,6069.969981547944,570.712643585278,0.0,False
649554,39,7,30.953453796849654,36.16391420077492,463658.9268699788,47,47,2.1514395291921917,4.087099520585107,-25938.824579617358,8904.421420044624,34843.24599966198,6478.516995847213,542.1399022193773,287.67133640352887,False
649554,39,8,32.375969758632536,29.68122201039231,853686.8125289959,49,49,2.438617369119694,4.217607858549852,26950.837299269006,42632.35111000787,15681.513810738863,2605.324098371467,553.076130409593,1316.7899348757155,False
649554,39,9,34.01776238936925,29.90308870807473,540701.5967949169,47,47,2.2779656973734395,4.192341033716805,-24588.36973384137,0.0,24588.36973384137,4419.979125866017,534.9444727703981,0.0,False
649554,40,0,30.927830265858308,36.03655051371989,861797.3745767975,60,60,2.43082216264218,4.312461189417248,-47221.04285929949,0.0,47221.04285929949,8782.840916430305,701.1877622493669,0.0,False
649554,40,1,32.85077487927591,36.25423330341611,976359.6446935823,58,58,2.3305261192569304,4.391963875728818,-19688.173498858818,0.0,19688.173498858818,3305.100657230038,684.1363222667707,0.0,False
649554,40,2,31.360141425403196,21.753015515585204,671877.2844608548,48,48,2.470965047523835,4.541869495206104,-20308.219286384843,3.410605131648483e-13,20308.219286384843,3540.91579546321,537.6110713278797,1.0875605072640812e-14,False
649554,40,3,30.049140811952654,35.885576959869354,1312449.4394024224,59,59,2.3081813921340206,4.367964772070321,-13248.512609578305,0.0,13248.512609578305,2019.8786627303703,684.5392585630274,0.0,False
649554,40,4,35.41748907455207,32.04841595876808,1053266.8937951096,56,56,2.3420670870658027,4.537894956014274,-6185.213030961859,0.0,6185.213030961859,640.6733087207706,640.6733087207706,0.0,False
649554,40,5,31.724584777232767,37.084036567224025,710220.8570460893,51,51,2.498976892512823,4.173238038741439,-25678.196238894514,0.0,25678.196238894514,4546.687202400773,610.0854244124856,0.0,False
649554,40,6,30.448195425306174,36.55328823073892,586911.1027849247,49,49,2.229807169732745,4.532147942245726,-35926.04089893431,0.0,35926.04089893431,6652.451380382007,582.4813988340628,0.0,False
649554,40,7,27.85810841716469,34.35571849073617,468745.4713402917,48,48,2.2014395291921915,4.1870995205851065,7535.61895786778,38337.50593508032,30801.88697721254,5655.537617828855,553.1910841318555,1376.170462150215,False
649554,40,8,29.138372782769284,28.197160909872693,941085.9285963542,50,50,2.488617369119694,4.317607858549851,89608.97411285249,92339.02602641463,2730.05191356215,0.0,563.659520405577,3168.9836187770406,False
649554,40,9,30.615986150432327,28.407934272670992,511148.19677539304,48,48,2.3279656973734393,4.292341033716805,-27389.819174436085,0.0,27389.819174436085,4965.641889885316,545.6627640192993,0.0,False
649554,41,0,27.835047239272477,34.234722988033894,808039.5991316531,61,61,2.48082216264218,4.412461189417248,-50869.457342877555,0.0,50869.457342877555,9495.358527755632,712.5176113253276,0.0,False
649554,41,1,29.56569739134832,34.4415216382453,950276.1911013774,59,59,2.3805261192569303,4.491963875728818,-23251.40381555174,0.0,23251.40381555174,4000.786639704387,695.6859824743493,0.0,False
649554,41,2,28.224127282862877,20.665364739805945,646940.8392442887,49,49,2.520965047523835,4.6418694952061035,-23123.84234431422,1.829647544582244e-12,23123.842344314224,4089.102175829723,548.1863803665129,6.482565523622652e-14,False
649554,41,3,27.04422673075739,34.091298111875886,1292793.3221931967,60,60,2.3581813921340204,4.467964772070321,-16810.639322508792,0.0,16810.639322508792,2715.6597911374283,695.7811284070578,0.0,False
649554,41,4,31.875740167096865,30.445995160829675,1041207.424241779,57,57,2.3920670870658025,4.637894956014273,-9524.047829162486,0.0,9524.047829162486,1292.3595912844537,651.6862825636831,0.0,False
649554,41,5,28.552126299509492,35.22983473886282,678715.9074169758,52,52,2.548976892512823,4.273238038741439,-28872.99822269137,0.0,28872.99822269137,5168.6975263910435,622.0103239902706,0.0,False
649554,41,6,27.403375882775556,34.72562381920197,545398.1537378118,50,50,2.2798071697327447,4.632147942245726,-38976.66785615471,0.0,38976.66785615471,7246.689046465265,594.2376660832582,0.0,False
649554,41,7,25.07229757544822,32.63793256619936,599399.3017732431,49,49,2.2514395291921914,4.287099520585106,133053.08912869653,139025.5503859743,5972.4612572777405,674.7558401430535,564.2046746971471,5544.986452382951,False
649554,41,8,27.68145414363082,26.787302864379058,933242.2563403071,51,51,2.538617369119694,4.417607858549851,-5677.519809964428,0.0,5677.519809964428,574.2467275915001,574.2467275915001,0.0,False
649554,41,9,27.554387535389097,26.987537559037442,478780.5160547428,49,49,2.377965697373439,4.3923410337168045,-30245.29138025614,0.0,30245.29138025614,5521.954644611083,556.312754725766,0.0,False
649554,42,0,25.05154251534523,32.5229868386322,750647.6918505649,62,62,2.53082216264218,4.512461189417247,-54575.48209709532,0.0,54575.48209709532,10219.187945679078,723.8294179234455,0.0,False
649554,42,1,26.609127652213488,32.719445556333035,920639.5602823461,60,60,2.43052611925693,4.591963875728817,-26873.46408565417,0.0,26873.46408565417,4708.014508307942,707.2278686035551,0.0,False
649554,42,2,25.40171455457659,19.632096502815646,705918.0620817157,50,50,2.570965047523835,4.741869495206103,60758.82766256762,72484.48771153885,11725.660048971231,1794.3257777479148,558.7509713326763,2853.527369414496,False
649554,42,3,24.33980405768165,32.38673320628209,1269587.6170317512,61,61,2.4081813921340203,4.5679647720703205,-20430.114435865926,0.0,20430.114435865926,3422.6843693136343,707.0245781762062,0.0,False
649554,42,4,28.68816615038718,28.92369540278819,1025811.1548713782,58,58,2.4420670870658023,4.737894956014273,-12918.695037038355,0.0,12918.695037038355,1955.0213816446476,662.6617903601938,0.0,False
649554,42,5,25.696913669558544,33.46834300191968,644013.4846503548,53,53,2.5989768925128227,4.373238038741438,-32128.60058751991,0.0,32128.60058751991,5802.6310198981555,633.9334935071116,0.0,False
649554,42,6,24.663038294498,32.98934262824187,500828.48035447835,51,51,2.3298071697327445,4.732147942245725,-42087.21690929121,0.0,42087.21690929121,7852.679242629934,605.9901961646688,0.0,False
649554,42,7,22.5650678179034,31.00603593788939,622580.1399837565,50,50,2.301439529192191,4.387099520585106,25531.140007409776,28205.32560402384,2674.1855966140647,0.0,575.19943726344,1249.955277406496,False
649554,42,8,24.913308729267737,25.447937721160102,945935.6832234861,52,52,2.5886173691196936,4.517607858549851,14816.719644678933,19568.33886591282,4751.619221233888,373.61538473405335,584.8259032499035,785.4572461073493,False
649554,42,9,24.79894878185019,25.63816068108557,443543.78340972343,50,50,2.427965697373439,4.492341033716804,-33154.82461096631,0.0,33154.82461096631,6088.890456585874,566.9358119747917,0.0,False
649554,43,0,22.546388263810705,30.896837496700588,689561.869271583,63,63,2.5808221626421797,4.612461189417247,-58339.321816692,6.75015598972095e-14,58339.321816692,10954.342191184267,735.1542455051901,2.993896809874268e-15,False
649554,43,1,23.94821488699214,31.083473278516383,887389.2715093746,61,61,2.48052611925693,4.691963875728817,-30554.196902979344,0.0,30554.196902979344,5426.764108881134,718.7496005731914,0.0,False
649554,43,2,22.86154309911893,18.650491677674864,755372.0357420829,51,51,2.6209650475238346,4.841869495206103,51205.14873592944,54035.79612970337,2830.647393773926,0.0,569.2852827752009,2363.611060523114,False
649554,43,3,21.905823651913487,30.767396545967983,1286187.4841300778,62,62,2.45818139213402,4.66796477207032,19307.445684176615,35346.38304162029,16038.937357443676,2527.371430255139,718.248075732788,1613.5610147912773,False
649554,43,4,25.81934953534846,27.47751063264878,1007020.5179123118,59,59,2.492067087065802,4.8378949560142726,-16369.463831743156,0.0,16369.463831743156,2628.674113432972,673.6527317883241,0.0,False
649554,43,5,23.12722230260269,31.79492585182369,606051.5963042027,54,54,2.6489768925128225,4.473238038741438,-35444.96235015145,0.0,35444.96235015145,6448.482628838818,645.8516089406619,0.0,False
649554,43,6,22.196734465048202,31.339875496829777,453141.14780989673,52,52,2.3798071697327443,4.832147942245725,-45257.65901874765,3.4816594052244965e-13,45257.65901874765,8470.417187637504,617.7379450075697,1.5685457744727477e-14,False
649554,43,7,24.821574599693744,29.45573414099492,614596.2528850903,51,51,2.351439529192191,4.487099520585105,-5681.64465747828,0.0,5681.64465747828,586.1819071134819,586.1819071134819,0.0,False
649554,43,8,22.421977856340963,24.175540835102094,962619.9894380776,53,53,2.6386173691196935,4.61760785854985,18765.609878853436,21727.495131447828,2961.885252594391,0.0,595.4113117802893,969.0266965143428,False
649554,43,9,22.31905390366517,24.35625264703129,405384.24963995954,51,51,2.4779656973734387,4.592341033716804,-36117.36488476664,0.0,36117.36488476664,6666.325823687271,577.4353671013965,0.0,False
649554,44,0,20.291749437429637,29.35199562186556,634697.2346012361,64,64,2.6308221626421795,4.712461189417247,-52186.106950551235,8002.916623755885,60189.02357430712,11306.435749204928,746.486197671242,394.39263965057205,False
649554,44,1,21.553393398292926,29.529299614590563,850464.9816261277,62,62,2.5305261192569297,4.7919638757288165,-34293.47330714153,0.0,34293.47330714153,6157.012646647954,730.2485377668202,0.0,False
649554,44,2,25.147697409030823,17.71796709379112,747844.6488747079,52,52,2.6709650475238345,4.941869495206102,-5806.052578497129,0.0,5806.052578497129,579.6787136494211,579.6787136494211,0.0,False
649554,44,3,19.71524128672214,29.229026718669584,1344266.4644246653,63,63,2.50818139213402,4.76796477207032,60720.40897786958,64208.86678514803,3488.4578072784507,0.0,729.4422121115687,3256.8136423667074,False
649554,44,4,23.237414581813617,26.10363510101634,984778.6575959487,60,60,2.542067087065802,4.937894956014272,-19875.64221030336,0.0,19875.64221030336,3313.2502732456546,684.5761598126828,0.0,False
649554,44,5,20.814500072342422,30.205179559232505,564768.2153200036,55,55,2.6989768925128224,4.5732380387414375,-38822.09610844407,0.0,38822.09610844407,7106.25128165155,657.7686528127326,0.0,False
649554,44,6,19.97706101854338,29.772881721988288,448671.06067571096,53,53,2.429807169732744,4.932147942245725,-2092.1244029218433,37108.17169542691,39200.29609834875,7242.361343091769,629.4832429597906,1857.539087505507,False
649554,44,7,22.339417139724368,27.982947433945174,603595.9895547953,52,52,2.401439529192191,4.587099520585105,-8745.150063729558,0.0,8745.150063729558,1183.3500865959431,597.1681794824613,0.0,False
649554,44,8,24.66417564197506,22.96676379334699,954508.4438194549,54,54,2.6886173691196933,4.71760785854985,-6071.340373780455,0.0,6071.340373780455,606.0039477350032,606.0039477350032,0.0,False
649554,44,9,20.087148513298654,23.138440014679723,364247.6092524575,52,52,2.5279656973734386,4.6923410337168034,-39133.44150673878,0.0,39133.44150673878,7254.259551224375,587.9337275371049,0.0,False
649554,45,0,18.262574493686675,27.884395840772278,591542.927532642,65,65,2.6808221626421793,4.812461189417246,-40541.82133894132,18469.99453733529,59011.81587627661,11052.908914363225,757.8308214252183,1011.3576562669365,False
649554,45,1,19.398054058463632,28.052834633861035,809806.4912297432,63,63,2.5805261192569295,4.891963875728816,-38091.16181445173,0.0,38091.16181445173,6898.735856078869,741.7232094309148,0.0,False
649554,45,2,22.632927668127742,16.832068739101565,737318.5938467735,53,53,2.7209650475238343,5.041869495206102,-8833.955384761515,0.0,8833.955384761515,1169.6985098810098,590.0197962315888,0.0,False
649554,45,3,18.729479222386033,27.7675753827361,1334410.4048645075,64,64,2.5581813921340197,4.867964772070319,-7278.934735663805,0.0,7278.934735663805,740.6152326727624,740.6152326727624,0.0,False
649554,45,4,20.913673123632258,24.798453345965523,959029.2868268116,61,61,2.592067087065802,5.037894956014272,-23436.665115030337,0.0,23436.665115030337,4008.6596869054724,695.4094136598177,0.0,False
649554,45,5,18.73305006510818,28.69492058127088,520101.3044822955,56,56,2.748976892512822,4.673238038741437,-42259.995285155244,0.0,42259.995285155244,7775.935798178771,669.6845165272206,0.0,False
649554,45,6,17.979354916689044,28.28423763588887,508432.53526601463,54,54,2.479807169732744,5.032147942245724,62088.8234226425,81824.21462403858,19735.39120139608,3332.5708023156662,641.2189366599717,4551.009477436067,False
649554,45,7,20.105475425751933,26.583800062247914,589522.3033277971,53,53,2.4514395291921907,4.687099520585105,-11864.744823696054,0.0,11864.744823696054,1791.5108194623804,608.1607328664371,0.0,False
649554,45,8,22.197758077777554,21.81842560367964,943274.0127066701,55,55,2.738617369119693,4.81760785854985,-9234.417704582578,0.0,9234.417704582578,1222.5594338296705,616.5554860946675,0.0,False
649554,45,9,18.078433661968788,21.981518013945735,320078.7753016408,53,53,2.5779656973734384,4.792341033716803,-42203.81349607858,0.0,42203.81349607858,7852.7703332716255,598.5107820472501,0.0,False
649554,46,0,16.436317044318006,26.490176048733662,566451.690401969,66,66,2.730822162642179,4.912461189417246,-22542.885511458,30981.6393159199,53524.5248273779,9937.13639208656,769.1776908631016,1884.9502131397603,False
649554,46,1,17.458248652617268,26.650192902167984,765353.5669702453,64,64,2.6305261192569294,4.991963875728816,-41947.31191375765,0.0,41947.31191375765,7651.927586576245,753.191730497376,0.0,False
649554,46,2,20.369634901314967,15.990465302146486,723741.9723846471,54,54,2.770965047523834,5.141869495206102,-11913.13633581105,0.0,11913.13633581105,1769.9098255373096,600.2113156562998,0.0,False
649554,46,3,16.85653130014743,26.379196613599294,1320769.594291026,65,65,2.6081813921340196,4.967964772070319,-11126.162793599968,0.0,11126.162793599968,1492.3794152421628,751.7641825694004,0.0,False
649554,46,4,18.822305811269032,23.558530678667246,929716.6262852143,62,62,2.6420670870658016,5.1378949560142715,-27052.03163952267,0.0,27052.03163952267,4714.808393766139,706.1487068606664,0.0,False
649554,46,5,16.859745058597362,27.26017455220733,471988.8250065688,57,57,2.798976892512822,4.773238038741437,-45758.649526250636,0.0,45758.649526250636,8457.534561868073,681.5987636893026,0.0,False
649554,46,6,16.181419425020138,26.870025754094428,567488.3369288613,55,55,2.5298071697327438,5.132147942245724,61333.65307932177,64491.39336940738,3157.7402900856127,0.0,652.950595744701,3985.521398060363,False
649554,46,7,18.09492788317674,25.254610059135516,572318.032042595,54,54,2.5014395291921905,4.787099520585104,-15040.522342011593,0.0,15040.522342011593,2410.676812849475,619.1659933870944,0.0,False
649554,46,8,19.9779822699998,20.727504323495655,928862.1514343334,56,56,2.788617369119693,4.917607858549849,-12451.121030222374,0.0,12451.121030222374,1849.6473697049341,627.0879358752635,0.0,False
649554,46,9,16.27059029577191,20.882442113248448,272822.4691379437,54,54,2.627965697373438,4.892341033716803,-45328.65428958184,2.486899575160351e-14,45328.65428958184,8461.912784290502,609.1424510188757,1.528463030506397e-15,False
649554,47,0,14.792685339886205,25.165667246296977,618736.5938522465,67,67,2.780822162642179,5.0124611894172455,54771.00315578158,83924.05655170763,29153.05339592605,5044.306611196152,780.5185411630163,5673.348322053421,False
649554,47,1,15.712423787355542,25.317683257059585,717046.0633776019,65,65,2.680526119256929,5.0919638757288155,-45861.85418093543,0.0,45861.85418093543,8416.577788111199,764.650201534955,0.0,False
649554,47,2,18.332671411183473,15.19094203703916,707062.7108254769,55,55,2.820965047523834,5.241869495206101,-15043.759747133261,0.0,15043.759747133261,2380.258257737263,610.3484321999533,0.0,False
649554,47,3,15.170878170132688,25.06023678291933,1303285.623981893,66,66,2.6581813921340194,5.067964772070319,-15029.994681454902,0.0,15029.994681454902,2255.2660608838505,762.8866456416879,0.0,False
649554,47,4,16.94007523014213,22.380604144733883,896784.8687893694,63,63,2.6920670870658014,5.237894956014271,-30721.779434724565,0.0,30721.779434724565,5431.656245053273,716.8478512871341,0.0,False
649554,47,5,15.173770552737626,25.897165824596964,420368.72342203744,58,58,2.848976892512822,4.8732380387414365,-49318.0659667045,1.1832913578315177e-30,49318.0659667045,9151.047525895492,693.5129640274198,7.798268424574472e-32,False
649554,47,6,17.799561367522152,25.526524466389706,558691.3419045226,56,56,2.5798071697327436,5.2321479422457235,-6567.509654223282,0.0,6567.509654223282,664.6803574858305,664.6803574858305,0.0,False
649554,47,7,16.285435094859068,23.991879556178738,551925.9498029607,55,55,2.5514395291921903,4.887099520585104,-18272.528864042644,0.0,18272.528864042644,3040.8587641039303,630.1819512544554,0.0,False
649554,47,8,17.98018404299982,19.691129107320872,911218.142691618,57,57,2.8386173691196928,5.017607858549849,-15721.614383594946,0.0,15721.614383594946,2487.2753310036856,637.6279612987514,0.0,False
649554,47,9,14.643531266194719,19.838320007586024,224831.6876640687,55,55,2.677965697373438,4.992341033716802,-46099.673873456646,1794.7754715799128,47894.449345036555,8959.076502747334,619.72810808075,122.56438962391786,False
649554,48,0,13.313416805897585,23.907383883982128,689984.8627105245,68,68,2.830822162642179,5.112461189417245,73673.97096238683,77699.29848579214,4025.3275234053126,0.0,791.8584859089661,5836.165097105114,False
649554,48,1,14.141181408619987,24.051799094206604,664823.9384628163,66,66,2.730526119256929,5.191963875728815,-49834.70617456916,0.0,49834.70617456916,9192.673257303553,776.0954691923547,0.0,False
649554,48,2,16.499404270065124,14.431394935187202,687228.8120371394,56,56,2.8709650475238337,5.341869495206101,-18225.74067196424,0.0,18225.74067196424,3000.709181612661,620.4509238753977,0.0,False
649554,48,3,13.65379035311942,23.807224943773363,1281900.3071345247,67,67,2.708181392134019,5.167964772070318,-18990.232776135912,3.944304526105059e-31,18990.232776135912,3029.242377169488,773.9763162856374,2.888798219465792e-32,False
649554,48,4,15.246067707127919,21.26157393749719,860178.7741418282,64,64,2.7420670870658013,5.337894956014271,-34445.35391554189,0.0,34445.35391554189,6159.127389209607,727.4711441563345,0.0,False
649554,48,5,13.656393497463863,24.602307533367114,365178.9442344172,59,59,2.8989768925128216,4.973238038741436,-52938.2430431508,3.5527136788005005e-15,52938.2430431508,9856.47450986542,705.4269839699275,2.6015021311887924e-16,False
649554,48,6,16.019605230769937,24.25019824307022,546472.002548782,57,57,2.6298071697327434,5.332147942245723,-10037.078055885595,0.0,10037.078055885595,1341.0881145310027,676.407757045172,0.0,False
649554,48,7,14.656891585373161,22.7922855783698,528288.8423935502,56,56,2.60143952919219,4.987099520585104,-21560.739417024346,0.0,21560.739417024346,3682.0590318123977,641.2002677084677,0.0,False
649554,48,8,16.18216563869984,18.70657265195483,890287.3168074435,58,58,2.8886173691196926,5.117607858549849,-19045.84467035967,0.0,19045.84467035967,3135.441578729765,648.1662477260791,0.0,False
649554,48,9,13.179178139575248,18.846404007206722,176704.14314852562,56,56,2.727965697373438,5.092341033716802,-46272.14589113994,3519.816919974448,49791.96281111438,9322.344970474316,630.3425510042159,267.074083277236,False
649554,49,0,11.982075125307826,22.71201468978302,693121.276102769,69,69,2.8808221626421786,5.212461189417245,5503.542405841287,9623.69231830827,4120.149912466984,0.0,803.1740927731023,803.1740927731024,False
649554,49,1,12.72706326775799,22.849209139496274,608627.2874319713,67,67,2.780526119256929,5.291963875728815,-53865.754018500375,0.0,53865.754018500375,9980.196099946685,787.5228426431314,0.0,False
649554,49,2,14.849463843058611,13.70982518842784,664187.2882490426,57,57,2.9209650475238336,5.441869495206101,-21460.063752358757,0.0,21460.063752358757,3631.3451947752123,630.6360131625516,0.0,False
649554,49,3,12.288411317807478,22.616863696584694,1256555.7666509824,68,68,2.758181392134019,5.267964772070318,-23006.593752173143,0.0,23006.593752173143,3814.2638436182124,785.0214664487241,0.0,False
649554,49,4,13.721460936415127,20.19849524062233,819843.3013313293,65,65,2.792067087065801,5.43789495601427,-38222.57061985673,0.0,38222.57061985673,6897.16702982386,738.0396406142526,0.0,False
649554,49,5,12.290754147717477,23.372192156698755,306357.45441548066,60,60,2.9489768925128215,5.073238038741436,-56619.15828953601,6.092903959142848e-13,56619.15828953601,10573.813168635425,717.3386587700045,4.957306838876412e-14,False
649554,49,6,14.417644707692943,23.03768833091671,530769.35771777,58,58,2.6798071697327432,5.432147942245723,-13566.458907821936,0.0,13566.458907821936,2029.22355136025,688.1354368292473,0.0,False
649554,49,7,13.191202426835845,21.65267129945131,501348.91425051604,57,57,2.65143952919219,5.087099520585103,-24905.725878967867,0.0,24905.725878967867,4334.337969152722,652.2789373403241,0.0,False
649554,49,8,14.563949074829855,17.771244019357088,866016.0485285423,59,59,2.9386173691196924,5.217607858549848,-22422.76488175749,0.0,22422.76488175749,3794.0399274745696,658.5983487448048,0.0,False
649554,49,9,11.861260325617723,17.904083806846383,218925.1089619626,57,57,2.7779656973734377,5.192341033716802,44041.49859042725,68320.46272350996,24278.96413308271,4203.316650553253,640.9382306783641,5759.966550599412,False
649554,50,0,13.18028263783861,21.57641395529387,682522.5738378142,70,70,2.9308221626421784,5.312461189417244,-8288.35328808331,0.0,8288.35328808331,814.4696537322078,814.4696537322078,0.0,False
649554,50,1,11.45435694098219,21.70674868252146,548396.1996976262,68,68,2.8305261192569287,5.391963875728814,-57955.02882393242,8.874685183736383e-30,57955.02882393242,10779.140960976429,798.9448610297446,7.747868544225228e-31,False
649554,50,2,13.36451745875275,13.024333929006449,637885.9081741563,58,58,2.9709650475238334,5.5418694952061,-24745.968707000717,0.0,24745.968707000717,4272.1299836769995,640.7847889017872,0.0,False
649554,50,3,11.05957018602673,21.48602051175546,1227194.1819701332,69,69,2.808181392134019,5.367964772070318,-27079.049265540827,7.993605777301123e-14,27079.049265540827,4610.306426365654,796.0425827474415,7.227772547074826e-15,False
649554,50,4,12.349314842773614,19.18857047859121,775723.666286061,66,66,2.842067087065801,5.53789495601427,-42053.18939368187,0.0,42053.18939368187,7645.72464271034,748.5576128864802,0.0,False
649554,50,5,11.06167873294573,22.203582548863817,276657.4272578809,61,61,2.9989768925128213,5.173238038741435,-27545.6086221177,22599.83697849957,50145.44560061727,9259.988358399985,729.2499819467795,2043.0747921822192,False
649554,50,6,12.975880236923649,21.88580391437087,511522.5051548563,59,59,2.729807169732743,5.5321479422457225,-17155.590131964385,0.0,17155.590131964385,2729.08041967989,699.8568683196401,0.0,False
649554,50,7,11.87208218415226,20.570037734478742,471048.66712955997,58,58,2.7014395291921898,5.187099520585103,-28307.18493235727,0.0,28307.18493235727,4997.692625668272,663.3546565155501,0.0,False
649554,50,8,13.10755416734687,16.882681818389234,838350.5326023491,60,60,2.9886173691196922,5.317607858549848,-25852.55501708649,0.0,25852.55501708649,4463.036960074144,668.9970325995749,0.0,False
649554,50,9,10.675134293055951,17.008879616504064,265619.0998359663,58,58,2.8279656973734375,5.292341033716801,48480.50589176112,51826.01292732526,3345.5070355641406,0.0,651.5180994917577,4854.834750045015,False
649554,51,0,11.86225437405475,20.497593257529175,667753.0393058035,71,71,2.9808221626421783,5.412461189417244,-12514.205410722727,0.0,12514.205410722727,1640.239014988902,825.7693612566941,0.0,False
649554,51,1,10.308921246883973,20.621411248395386,484070.8795466133,69,69,2.8805261192569285,5.491963875728814,-62102.44277487721,0.0,62102.44277487721,11589.496388749663,810.3554277732343,0.0,False
649554,51,2,12.028065712877476,12.373117232556126,608272.9830996727,59,59,3.020965047523833,5.6418694952061,-28082.911157761457,0.0,28082.911157761457,4922.991573199069,650.8615895220688,0.0,False
649554,51,3,10.0,20.411719486167684,1193757.8219174505,70,70,2.8581813921340187,5.467964772070317,-31207.539688654393,2.202682480856308e-13,31207.539688654393,5417.352598509974,807.0461721443199,2.202682480856308e-14,False
649554,51,4,11.114383358496253,18.22914195466165,727765.4069798194,67,67,2.8920670870658007,5.63789495601427,-45936.90679527801,0.0,45936.90679527801,8404.745332283264,759.0206895729239,0.0,False
649554,51,5,10.0,21.093403421420625,331433.17733045993,62,62,3.048976892512821,5.273238038741435,56883.54108470582,73887.5677943879,17004.02670968207,2612.3885041428384,741.1569251816252,7388.7567794387905,False
649554,51,6,11.678292213231284,20.791513718652325,488670.55530427885,60,60,2.779807169732743,5.632147942245722,-20804.459027457568,0.0,20804.459027457568,3440.6544628364372,711.5740431565473,0.0,False
649554,51,7,10.684873965737035,19.541535847754805,437330.84770350374,59,59,2.7514395291921896,5.287099520585103,-31764.86881103827,0.0,31764.86881103827,5672.096200956781,674.4035752885096,0.0,False
649554,51,8,11.796798750612183,16.038547727469773,807237.3993268383,61,61,3.038617369119692,5.4176078585498475,-29334.78186413252,0.0,29334.78186413252,5142.373248429941,679.3362883557965,0.0,False
649554,51,9,11.742647722361546,16.15843563567886,257125.10861274166,59,59,2.8779656973734373,5.392341033716801,-6740.643520719763,0.0,6740.643520719763,662.1447898385522,662.1447898385522,0.0,False
649554,52,0,10.676028936649276,19.472713594652717,648753.411715989,72,72,3.030822162642178,5.512461189417244,-16797.592210997896,0.0,16797.592210997896,2477.2987295279668,837.0597145390649,0.0,False
649554,52,1,10.0,19.590340685975615,415591.6446901004,70,70,2.9305261192569283,5.591963875728814,-66307.91100849486,0.0,66307.91100849486,12411.248324825046,821.7519360753836,0.0,False
649554,52,2,10.82525914158973,11.754461370928318,575297.5185524613,60,60,3.070965047523833,5.7418694952061,-31470.19686495902,0.0,31470.19686495902,5583.8258594425715,660.8342862435028,0.0,False
649554,52,3,10.0,19.391133511859298,1156189.0033954435,71,71,2.9081813921340185,5.567964772070317,-35392.04804266174,0.0,35392.04804266174,6235.392229531118,818.0396310211432,0.0,False
649554,52,4,10.002945022646628,17.317684856928565,772008.5249379133,68,68,2.9420670870658006,5.737894956014269,46220.72052836587,64069.48198675715,17848.761458391284,2769.175758414723,769.4923195742196,6405.06189344279,False
649554,52,5,10.0,20.038733250349594,308503.6206254907,63,63,3.098976892512821,5.373238038741435,-20867.11651019755,3.5349501104064964e-13,20867.11651019755,3365.452311539178,753.0638073963397,3.534950110406496e-14,False
649554,52,6,10.510462991908156,19.751938032719707,462152.6144996627,61,61,2.8298071697327427,5.732147942245722,-24513.072584618818,0.0,24513.072584618818,4163.944365442933,723.2899026064958,0.0,False
649554,52,7,10.0,18.564459055367063,400138.1994278157,60,60,2.8014395291921894,5.387099520585102,-35278.78073236579,0.0,35278.78073236579,6357.5363046856655,685.4401037288848,0.0,False
649554,52,8,10.617118875550965,15.236620341096284,772624.1913090122,62,62,3.088617369119692,5.517607858549847,-32868.53755667927,0.0,32868.53755667927,5831.929711917523,689.5564634875819,0.0,False
649554,52,9,10.568382950125391,15.350513853894915,245214.35970703987,60,60,2.927965697373437,5.492341033716801,-10189.718074468428,0.0,10189.718074468428,1334.89027757152,672.7454877329678,0.0,False
649554,53,0,10.0,18.49907791492008,625463.4504089479,73,73,3.080822162642178,5.612461189417243,-21139.528619255965,0.0,21139.528619255965,3325.7449012412458,848.4461717132789,0.0,False
649554,53,1,10.0,18.610823651676835,343533.86554081924,70,70,2.980526119256928,5.691963875728813,-70455.02149366503,0.0,70455.02149366503,13232.726047699862,821.4777228748154,0.0,False
649554,53,2,10.0,11.166738302381901,624629.8556689658,61,61,3.120965047523833,5.841869495206099,50813.5081529467,57148.190766640226,6334.682613693528,539.856713384911,670.8499306063628,5714.819076664023,False
649554,53,3,10.0,18.421576836266333,1114429.01727799,72,72,2.9581813921340183,5.667964772070317,-39633.632585234125,0.0,39633.632585234125,7064.526698210358,829.1344686792397,0.0,False
649554,53,4,10.0,16.451800614082135,748232.8380780532,69,69,2.9920670870658004,5.837894956014269,-21840.512617485183,3.375077994860476e-14,21840.512617485183,3549.2579733851676,780.0822149704445,3.3750779948604757e-15,False
649554,53,5,10.0,19.036796587832114,281694.35135074676,64,64,3.1489768925128208,5.473238038741434,-24790.914293124042,0.0,24790.914293124042,4130.421314587713,764.9690030485347,0.0,False
649554,53,6,10.0,18.76434113108372,431907.8868778357,62,62,2.8798071697327425,5.832147942245721,-28281.338471699695,0.0,28281.338471699695,4898.940152276844,734.9957868339103,0.0,False
649554,53,7,10.0,17.63623610259871,359412.6581229185,61,61,2.8514395291921892,5.487099520585102,-38849.7309026379,0.0,38849.7309026379,7054.089266197094,696.5529615114284,0.0,False
649554,53,8,10.0,14.474789324041469,734457.4196199074,63,63,3.1386173691196917,5.617607858549847,-36454.85996169389,1.225686219186173e-13,36454.85996169389,6531.750125667128,699.8204137496053,1.225686219186173e-14,False
649554,53,9,10.0,14.582988161200168,229831.33082263303,61,61,2.977965697373437,5.5923410337168,-13693.466606574473,0.0,13693.466606574473,2018.2976399070997,683.4073623355796,0.0,False
649554,54,0,10.0,17.574124019174075,597824.5466045723,74,74,3.1308221626421777,5.712461189417243,-25538.418626960134,0.0,25538.418626960134,4185.467239756994,859.7223385157482,0.0,False
649554,54,1,10.0,17.680282469092994,266760.80194949615,71,71,3.030526119256928,5.791963875728813,-74717.76353601829,0.0,74717.76353601829,14065.59694581561,832.8708981157489,0.0,False
649554,54,2,10.0,10.608401387262806,631657.4376221623,62,62,3.1709650475238327,5.941869495206099,8485.302839204816,12204.762859706045,3719.460020501229,0.0,680.619572585693,1220.4762859706045,False
649554,54,3,10.0,17.500497994453013,1068420.984097354,73,73,3.008181392134018,5.767964772070316,-43930.496827038834,0.0,43930.496827038834,7904.625713861218,840.0990156508605,0.0,False
649554,54,4,10.0,15.629210583378027,738678.7141157592,70,70,3.0420670870658,5.937894956014269,-7660.079221455959,12150.116129343489,19810.195350799448,3124.817014850326,790.5706543995057,1215.011612934349,False
649554,54,5,10.0,18.08495675844051,250943.40471175232,65,65,3.1989768925128206,5.573238038741434,-28775.424449696962,0.0,28775.424449696962,4907.2951089165335,776.8737943288204,0.0,False
649554,54,6,10.0,17.826124074529535,397875.55599568173,63,63,2.9298071697327424,5.932147942245721,-32109.285065459266,0.0,32109.285065459266,5645.63987940504,746.6997271281965,0.0,False
649554,54,7,10.0,16.754424297468773,315097.73175393813,62,62,2.901439529192189,5.5870995205851015,-42476.1520625364,0.0,42476.1520625364,7761.633427921878,707.5441617247845,0.0,False
649554,54,8,10.0,13.751049857839394,734191.5885305564,64,64,3.1886173691196915,5.717607858549846,1414.2361015495007,27670.97444268964,26256.73834114014,4474.609162448573,709.9564810504137,2767.097444268964,False
649554,54,9,10.0,13.85383875314016,210921.98460360698,62,62,3.027965697373437,5.6923410337168,-17250.408216331994,0.0,17250.408216331994,2712.248958330457,693.9513184233574,0.0,False
649554,55,0,10.0,16.695417818215372,565777.646116955,75,75,3.1808221626421775,5.812461189417243,-29994.74415124752,0.0,29994.74415124752,5056.458581202962,870.9913414459679,0.0,False
649554,55,1,10.0,16.796268345638342,185712.85733266716,72,72,3.0805261192569278,5.891963875728813,-79038.61329594482,0.0,79038.61329594482,14909.861269540621,844.2643237250107,0.0,False
649554,55,2,11.0,10.077981317899665,622967.2410222051,63,63,3.2209650475238325,6.0,-7255.283776930613,0.0,7255.283776930613,690.2756974636022,690.2756974636022,0.0,False
649554,55,3,10.0,16.625473094730363,1018107.5690085009,74,74,3.058181392134018,5.867964772070316,-48283.13007984999,0.0,48283.13007984999,8755.674345499361,851.0486316381435,0.0,False
649554,55,4,10.0,14.847750054209126,712916.0807725118,71,71,3.0920670870658,6.0,-23908.443089398796,4.0856207306205836e-13,23908.443089398796,3925.8776841267168,801.0606692763907,4.0856207306205836e-14,False
649554,55,5,10.0,17.180708920518484,216188.86560107575,66,66,3.2489768925128204,5.673238038741434,-32820.612321921915,0.0,32820.612321921915,5696.070111740957,788.7750028244236,0.0,False
649554,55,6,10.0,16.93481787080306,359994.8475039676,64,64,2.979807169732742,6.0,-35996.88014798376,0.0,35996.88014798376,6404.039377735351,758.399498330311,0.0,False
649554,55,7,10.0,15.916703082595333,267137.02989099466,63,63,2.951439529192189,5.687099520585101,-46157.94956873836,0.0,46157.94956873836,8480.10058115688,718.4671532350013,0.0,False
649554,55,8,10.0,13.063497364947423,774659.9656479103,65,65,3.2386173691196913,5.817607858549846,42117.50444607794,48041.996802231384,5924.492356153448,390.4720335677685,720.0625513423369,4804.199680223139,False
649554,55,9,10.0,13.161146815483152,188431.4657819963,63,63,3.0779656973734366,5.7923410337167995,-20861.366572234947,0.0,20861.366572234947,3416.7683021929915,704.5193438625345,0.0,False
649554,56,0,10.0,15.860646927304602,559096.5162252983,76,76,3.2308221626421774,5.912461189417242,-4675.720725184634,19888.507682367414,24564.228407552047,3949.862357051641,882.2545440854304,1988.8507682367413,False
649554,56,1,10.0,15.956454928356424,100430.55062289536,73,73,3.1305261192569276,5.891963875728813,-83417.48550000202,0.0,83417.48550000202,15765.51072449062,855.6494549499988,0.0,False
649554,56,2,10.0,10.0,631539.9031380533,64,64,3.2709650475238323,6.0,10012.662115848194,13901.870270423966,3889.2081545757724,0.0,699.911329578797,1390.1870270423965,False
649554,56,3,10.0,15.794199439993845,963431.419431702,75,75,3.108181392134018,5.9679647720703155,-52691.58461879538,0.0,52691.58461879538,9617.67044086811,861.9960953687495,0.0,False
649554,56,4,10.0,14.105362551498668,683040.156577882,72,72,3.1420670870658,6.0,-28060.338090920322,5.861977570020829e-14,28060.338090920322,4737.4429794089465,811.5652952822297,5.861977570020829e-15,False
649554,56,5,10.0,16.32167347449256,177368.8232217392,67,67,3.2989768925128202,5.773238038741433,-36926.49025654649,1.3677947663381908e-13,36926.49025654649,6496.745730679038,800.675618938081,1.3677947663381908e-14,False
649554,56,6,10.0,16.088076977262904,318205.0212346867,65,65,3.029807169732742,6.0,-39944.10126576068,0.0,39944.10126576068,7174.134380198867,770.0950024635157,0.0,False
649554,56,7,10.0,15.120867928465566,215474.48496067943,64,64,3.0014395291921887,5.787099520585101,-49894.80938289185,0.0,49894.80938289185,9209.42624030993,729.3256591530492,0.0,False
649554,56,8,10.0,12.41032249670005,780185.7377571125,66,66,3.288617369119691,5.917607858549846,7144.853393982327,11206.468734877142,4061.615340894815,0.0,730.1748399199456,1120.6468734877142,False
649554,56,9,10.0,12.503089474708993,162305.63814445693,64,64,3.1279656973734364,5.892341033716799,-24525.629911157408,0.0,24525.629911157408,4131.797224740638,715.0289225476465,0.0,False
649554,57,0,10.0,15.067614580939372,571418.5961883812,77,77,3.280822162642177,6.0,14282.286285817616,28945.06334904971,14662.777063232093,1948.8640322237472,893.5080100770808,2894.506334904971,False
649554,57,1,10.0,15.956454928356424,10523.237653297096,74,74,3.1805261192569274,5.891963875728813,-88026.53530490013,0.0,88026.53530490013,16649.451453784073,883.9407292934542,0.0,False
649554,57,2,10.0,10.0,633210.2395064508,65,65,3.320965047523832,6.0,3120.3363683976145,7096.199113965754,3975.8627455681394,0.0,709.619911396576,709.6199113965754,False
649554,57,3,10.0,15.004489467994151,904335.1397604677,76,76,3.1581813921340176,6.0,-57155.93847167045,0.0,57155.93847167045,10490.620620139029,872.9501792709186,0.0,False
649554,57,4,10.0,13.400094423923735,648996.2378640644,73,73,3.1920670870657997,6.0,-32265.711820872315,0.0,32265.711820872315,5559.503593046417,822.0606136374709,0.0,False
649554,57,5,10.0,15.50558980076793,144660.30235556394,68,68,3.34897689251282,5.873238038741433,-30854.14075972289,6771.10417670558,37625.24493642847,6624.262519917255,804.6272069087794,677.110417670558,False
649554,57,6,10.0,15.283673128399759,272535.7217923473,66,66,3.079807169732742,6.0,-43860.577015864736,0.0,43860.577015864736,7946.957211399609,772.8228312007427,0.0,False
649554,57,7,10.0,14.364824532042288,160054.2000194466,65,65,3.0514395291921885,5.8870995205851,-53686.57134665047,0.0,53686.57134665047,9949.563026040432,740.1367857305024,0.0,False
649554,57,8,11.0,11.789806371865048,770742.3612333788,67,67,3.338617369119691,6.0,-7853.459496816132,0.0,7853.459496816132,740.2788229377916,740.2788229377916,0.0,False
649554,57,9,10.0,11.877935000973542,132491.14777489862,65,65,3.1779656973734363,5.992341033716799,-28242.42459449419,0.0,28242.42459449419,4857.23084186281,725.4336171221721,0.0,False
649554,58,0,10.0,14.314233851892403,550208.7811073961,78,78,3.330822162642177,6.0,-19293.304840540637,2.700062395888374e-13,19293.304840540637,2853.8244053902945,904.960373166547,2.700062395888374e-14,False
649554,58,1,10.5,17.55210042119207,-83083.25051626252,73,73,3.1805261192569274,5.791963875728813,-92325.18483881264,0.0,92325.18483881264,17521.501430955614,872.0499771715411,0.0,True
649554,58,2,11.0,10.0,624087.825565104,66,66,3.370965047523832,6.0,-7662.413941346787,0.0,7662.413941346787,719.5486540694216,719.5486540694216,0.0,False
649554,58,3,10.0,14.254264994594443,840759.0069019482,77,77,3.2081813921340174,6.0,-61678.55445393215,0.0,61678.55445393215,11374.759626543404,884.1390064043759,0.0,False
649554,58,4,10.0,12.730089702727547,610727.5224945946,74,74,3.2420670870657995,6.0,-36526.688731465554,0.0,36526.688731465554,6392.262321702328,832.7587286559113,0.0,False
649554,58,5,10.0,14.730310310729534,141782.1646968886,69,69,3.39897689251282,5.9732380387414326,-1061.7462472352527,27167.011827088612,28228.758074323865,4724.079296239085,816.5179590306925,2716.7011827088613,False
649554,58,6,10.0,14.519489471979771,222881.5267197709,67,67,3.1298071697327416,6.0,-47881.3892779541,0.0,47881.3892779541,8731.434456405816,784.4772450062067,0.0,False
649554,58,7,10.0,13.646583305440172,100818.176200522,66,66,3.1014395291921883,5.9870995205851,-57535.349320765636,0.0,57535.349320765636,10700.696977655569,751.133951615136,0.0,False
649554,58,8,10.0,11.200316053271795,779844.6021672608,68,68,3.388617369119691,6.0,10663.86242550191,14908.290316640796,4244.4278911388865,0.0,750.5502087262882,1490.8290316640796,False
649554,58,9,10.0,11.284038250924864,98931.91491826874,66,66,3.227965697373436,6.0,-32014.486332069202,0.0,32014.486332069202,5593.284554351154,736.0537124883441,0.0,False
649554,59,0,10.0,13.598522159297783,524359.0063859322,79,79,3.380822162642177,6.0,-23975.491470881476,0.0,23975.491470881476,3769.587077651544,915.7626722612497,0.0,False
649554,59,1,10.5,17.55210042119207,-83083.25051626252,73,73,3.1805261192569274,5.791963875728813,-92325.18483881264,0.0,92325.18483881264,17521.501430955614,872.0499771715411,0.0,True
649554,59,2,10.0,10.0,611116.9674167708,67,67,3.420965047523832,6.0,-11500.858148333255,0.0,11500.858148333255,1458.7426579699063,739.1940039004849,0.0,False
649554,59,3,10.0,14.254264994594443,772217.9653914868,78,78,3.2581813921340173,6.0,-66629.20884087945,0.0,66629.20884087945,12306.25131526413,931.4916887207247,0.0,False
649554,59,4,10.0,12.09358521759117,568078.468305513,75,75,3.2920670870657993,6.0,-40942.03529776124,0.0,40942.03529776124,7245.416854700318,853.1545329979896,0.0,False
649554,59,5,10.0,13.993794795193056,167316.6302396498,70,70,3.4489768925128197,6.0,27314.03117842407,39855.14329820574,12541.112119781668,1566.2332995627921,827.6683331442662,3985.5143298205735,False
649554,59,6,10.0,13.793514998380783,169288.99305902215,68,68,3.1798071697327415,6.0,-51954.574640859726,0.0,51954.574640859726,9526.872152210739,795.4376958049229,0.0,False
649554,59,7,10.0,12.964254140168164,37640.42616132736,67,67,3.151439529192188,6.0,-61509.145011803244,0.0,61509.145011803244,11469.618478993276,768.9215013377068,0.0,False
649554,59,8,10.0,10.640300250608204,770079.4934315677,69,69,3.4386173691196906,6.0,-8230.928018400955,4.298783551348619e-13,8230.928018400955,769.3478680575702,769.3478680575702,4.298783551348619e-14,False
649554,59,9,10.0,10.71983633837862,61501.77976742761,67,67,3.277965697373436,6.0,-35911.9061161697,0.0,35911.9061161697,6346.885371134705,753.6008167835506,0.0,False
649554,60,0,10.0,12.918596051332893,493895.0422827394,80,80,3.4308221626421767,6.0,-28630.4764190854,0.0,28630.4764190854,4688.262603071525,918.6755254199803,0.0,False
649554,60,1,10.5,17.55210042119207,-83083.25051626252,73,73,3.1805261192569274,5.791963875728813,-92325.18483881264,0.0,92325.18483881264,17521.501430955614,872.0499771715411,0.0,True
649554,60,2,10.0,10.0,594295.0727500281,68,68,3.4709650475238316,6.0,-15341.894666742632,1.4566126083082034e-13,15341.894666742632,2208.2610969364305,749.5184389665244,1.4566126083082034e-14,False
649554,60,3,10.0,13.541551744864721,698892.4355590839,79,79,3.308181392134017,6.0,-71455.74724455454,0.0,71455.74724455454,13249.627289968501,943.3759747043722,0.0,False
649554,60,4,10.0,11.48890595671161,521136.78693867516,76,76,3.342067087065799,6.0,-45268.52451412597,0.0,45268.52451412597,8100.317540046079,854.9006853457606,0.0,False
649554,60,5,10.0,13.294105055433402,184812.81897981756,71,71,3.4989768925128195,6.0,19240.070199102727,24055.396335362297,4815.326136259569,0.0,839.3063339734354,2405.5396335362298,False
649554,60,6,10.0,13.103839248461743,111496.50331414558,69,69,3.2298071697327413,6.0,-56088.32483673366,0.0,56088.32483673366,10333.726469084006,806.8543168732664,0.0,False
649554,60,7,10.5,12.964254140168164,-28771.102717726164,66,66,3.201439529192188,5.9,-65355.88810580231,0.0,65355.88810580231,12234.980630922259,765.3621519289836,0.0,True
649554,60,8,10.0,10.108285238077794,777403.4507512003,70,70,3.4886173691196904,6.0,8831.537286295037,14039.615877199705,5208.078590904668,145.3887250166673,780.002444679064,1403.9615877199706,False
649554,60,9,11.0,11.791819972216484,20603.984539694808,67,67,3.3279656973734357,6.0,-39807.74328959413,0.0,39807.74328959413,7109.215210778045,762.3298396433404,0.0,False
649554,61,0,10.0,12.272666248766248,459260.1646620068,80,80,3.4808221626421765,6.0,-33353.06432082991,3.3395508580724704e-13,33353.06432082991,5614.883735914407,926.6211328428824,3.3395508580724704e-14,False
649554,61,1,10.5,17.55210042119207,-83083.25051626252,73,73,3.1805261192569274,5.791963875728813,-92325.18483881264,0.0,92325.18483881264,17521.501430955614,872.0499771715411,0.0,True
649554,61,2,10.0,10.0,614180.0964320326,69,69,3.5209650475238314,6.0,21375.02368200453,27131.06327101646,5756.039589011933,263.1704132038989,768.0156433691197,2713.106327101646,False
649554,61,3,10.0,12.864474157621485,620720.3918481277,80,80,3.358181392134017,6.0,-76342.88577835062,0.0,76342.88577835062,14204.886611457327,955.2593214888253,0.0,False
649554,61,4,10.0,10.91446065887603,469702.28148192645,77,77,3.392067087065799,6.0,-49794.09198601707,0.0,49794.09198601707,8975.26419017918,874.9466501331016,0.0,False
649554,61,5,11.0,12.629399802661732,173927.0257395039,72,72,3.5489768925128193,6.0,-9176.476454522699,0.0,9176.476454522699,850.9333697463867,850.9333697463867,0.0,False
649554,61,6,10.0,12.448647286038655,49544.92202746482,70,70,3.279807169732741,6.0,-60280.17597665765,0.0,60280.17597665765,11151.985361722,818.2588926379937,0.0,False
649554,61,7,10.5,12.964254140168164,-28771.102717726164,66,66,3.201439529192188,5.9,-65355.88810580231,0.0,65355.88810580231,12234.980630922259,765.3621519289836,0.0,True
649554,61,8,10.0,10.0,780705.247096165,71,71,3.5386173691196903,6.0,4811.796344964656,9428.789627226266,4616.99328226161,0.0,797.4902377059582,942.8789627226265,False
649554,61,9,11.55,11.202228973605658,-23697.469836539894,66,66,3.3279656973734357,6.0,-43562.107263976766,0.0,43562.107263976766,7865.998437902268,756.783227124223,0.0,True
649554,62,0,10.0,11.659032936327934,431108.8046147702,81,81,3.5308221626421763,6.0,-26406.978379394273,7828.928837350754,34235.90721674503,5769.804899679171,937.8140474998213,782.8928837350754,False
649554,62,1,10.5,17.55210042119207,-83083.25051626252,73,73,3.1805261192569274,5.791963875728813,-92325.18483881264,0.0,92325.18483881264,17521.501430955614,872.0499771715411,0.0,True
649554,62,2,10.0,10.0,618589.7140301672,70,70,3.5709650475238313,6.0,5909.617598134594,10484.235221573934,4574.61762343934,0.0,785.2531089534942,1048.4235221573933,False
649554,62,3,10.0,12.22125044974041,537735.7378018748,81,81,3.4081813921340167,6.0,-81194.73275982137,0.0,81194.73275982137,15162.81569886445,957.9290874071233,0.0,False
649554,62,4,10.0,10.368737625932228,413688.7706114094,78,78,3.442067087065799,6.0,-54404.749335693115,1.3322676295501858e-13,54404.749335693115,9868.614932615224,893.350742436045,1.332267629550186e-14,False
649554,62,5,10.0,11.997929812528644,184315.27366648853,73,73,3.598976892512819,6.0,12064.096803298977,17040.90241258227,4976.805609283292,0.0,853.1568715118349,1704.0902412582268,False
649554,62,6,10.0,12.448647286038655,-16761.25819510054,71,71,3.329807169732741,6.0,-64722.32626525672,0.0,64722.32626525672,12000.248965550089,848.2636038280887,0.0,True
649554,62,7,10.5,12.964254140168164,-28771.102717726164,66,66,3.201439529192188,5.9,-65355.88810580231,0.0,65355.88810580231,12234.980630922259,765.3621519289836,0.0,True
649554,62,8,11.0,10.0,770341.8830781616,72,72,3.58861736911969,6.0,-8843.364018003384,0.0,8843.364018003384,816.2882571628868,816.2882571628868,0.0,False
649554,62,9,11.55,11.202228973605658,-23697.469836539894,66,66,3.3279656973734357,6.0,-43562.107263976766,0.0,43562.107263976766,7865.998437902268,756.783227124223,0.0,True
649554,63,0,10.0,12.824936229960729,405274.596359026,82,82,3.580822162642176,6.0,-23982.56348488682,10206.696847982263,34189.26033286908,5717.262653468038,968.127438587101,1020.6696847982263,False
649554,63,1,10.5,17.55210042119207,-83083.25051626252,73,73,3.1805261192569274,5.791963875728813,-92325.18483881264,0.0,92325.18483881264,17521.501430955614,872.0499771715411,0.0,True
649554,63,2,11.0,11.0,608180.6811266401,71,71,3.620965047523831,6.0,-8828.032903527099,0.0,8828.032903527099,812.3586571390362,812.3586571390362,0.0,False
649554,63,3,10.0,13.443375494714452,449580.4906860148,82,82,3.4581813921340165,6.0,-86252.89032529613,0.0,86252.89032529613,16141.839818552684,979.0241196882345,0.0,False
649554,63,4,10.0,11.405611388525452,352777.4826317447,79,79,3.4920670870657986,6.0,-59210.244679973046,1.1901590823981663e-13,59210.244679973046,10789.99390748036,921.3789748651368,1.1901590823981664e-14,False
649554,63,5,10.0,11.398033321902211,186192.96418225535,74,74,3.648976892512819,6.0,3521.1449815869328,8552.34479261586,5031.199811028928,0.0,855.2344792615851,855.2344792615861,False
649554,63,6,10.0,12.448647286038655,-16761.25819510054,71,71,3.329807169732741,6.0,-64722.32626525672,0.0,64722.32626525672,12000.248965550089,848.2636038280887,0.0,True
649554,63,7,10.5,12.964254140168164,-28771.102717726164,66,66,3.201439529192188,5.9,-65355.88810580231,0.0,65355.88810580231,12234.980630922259,765.3621519289836,0.0,True
649554,63,8,10.0,10.0,780381.5559914305,73,73,3.63861736911969,6.0,11569.672913268862,16432.714977761956,4863.042064493095,0.0,826.9832406133095,1643.2714977761955,False
649554,63,9,11.55,11.202228973605658,-23697.469836539894,66,66,3.3279656973734357,6.0,-43562.107263976766,0.0,43562.107263976766,7865.998437902268,756.783227124223,0.0,True
649554,64,0,10.0,12.824936229960729,379046.1195678942,83,83,3.630822162642176,6.0,-24364.00708404441,9970.965265997234,34334.972350041644,5711.071774102079,990.9056472337779,997.0965265997235,False
649554,64,1,10.5,17.55210042119207,-83083.25051626252,73,73,3.1805261192569274,5.791963875728813,-92325.18483881264,0.0,92325.18483881264,17521.501430955614,872.0499771715411,0.0,True
649554,64,2,10.0,10.45,618116.7067029137,72,72,3.670965047523831,6.0,11488.425576270283,16358.306420073659,4869.880843803376,0.0,823.4719848683307,1635.830642007366,False
649554,64,3,10.0,12.771206719978728,357152.3527725367,82,82,3.5081813921340164,6.0,-91080.89896244013,0.0,91080.89896244013,17109.81890932959,967.9790907769075,0.0,False
649554,64,4,10.0,10.835330819099179,287126.32993339555,80,80,3.5420670870657984,6.0,-63984.32623282346,1.2434497875801738e-13,63984.32623282346,11722.861874853435,932.8679673730742,1.2434497875801737e-14,False
649554,64,5,11.0,10.8281316558071,175110.47748823406,75,75,3.698976892512819,6.0,-9470.376819835297,0.0,9470.376819835297,866.4732070150314,866.4732070150314,0.0,False
649554,64,6,10.0,12.448647286038655,-16761.25819510054,71,71,3.329807169732741,6.0,-64722.32626525672,0.0,64722.32626525672,12000.248965550089,848.2636038280887,0.0,True
649554,64,7,10.5,12.964254140168164,-28771.102717726164,66,66,3.201439529192188,5.9,-65355.88810580231,0.0,65355.88810580231,12234.980630922259,765.3621519289836,0.0,True
649554,64,8,10.0,10.0,782253.176688528,74,74,3.6886173691196897,6.0,3411.6206970975254,8376.943097625492,4965.322400527966,0.0,837.694309762549,837.6943097625492,False
649554,64,9,11.55,11.202228973605658,-23697.469836539894,66,66,3.3279656973734357,6.0,-43562.107263976766,0.0,43562.107263976766,7865.998437902268,756.783227124223,0.0,True
649554,65,0,10.0,12.183689418462691,351886.59124815685,84,84,3.6808221626421758,6.0,-25336.09840858492,9339.056959566244,34675.155368151165,5768.5995854330895,991.433507287645,933.9056959566244,False
649554,65,1,10.5,17.55210042119207,-83083.25051626252,73,73,3.1805261192569274,5.791963875728813,-92325.18483881264,0.0,92325.18483881264,17521.501430955614,872.0499771715411,0.0,True
649554,65,2,10.0,10.0,619918.9957434658,73,73,3.7209650475238307,6.0,3332.289040552154,8254.87307250928,4922.584031957125,0.0,825.4873072509282,825.4873072509279,False
649554,65,3,10.0,14.048327391976603,258975.08548637124,83,83,3.558181392134016,6.0,-96211.25611263215,0.0,96211.25611263215,18100.72455656337,990.9056472337779,0.0,False
649554,65,4,10.0,11.918863901009097,216545.14282431445,81,81,3.5920670870657982,6.0,-68815.75913310048,1.2079226507921688e-13,68815.75913310048,12667.101528607735,944.2396537542982,1.2079226507921689e-14,False
649554,65,5,10.0,10.286725073016745,185723.98780236277,76,76,3.7489768925128186,6.0,12195.301419677082,17440.429720337735,5245.128300660654,0.0,877.5697650187424,1744.0429720337736,False
649554,65,6,10.0,12.448647286038655,-16761.25819510054,71,71,3.329807169732741,6.0,-64722.32626525672,0.0,64722.32626525672,12000.248965550089,848.2636038280887,0.0,True
649554,65,7,10.5,12.964254140168164,-28771.102717726164,66,66,3.201439529192188,5.9,-65355.88810580231,0.0,65355.88810580231,12234.980630922259,765.3621519289836,0.0,True
649554,65,8,11.0,10.0,771297.2547001244,75,75,3.7386173691196896,6.0,-9405.921988403617,0.0,9405.921988403617,857.2725586514016,857.2725586514016,0.0,False
649554,65,9,11.55,11.202228973605658,-23697.469836539894,66,66,3.3279656973734357,6.0,-43562.107263976766,0.0,43562.107263976766,7865.998437902268,756.783227124223,0.0,True
649554,66,0,10.0,11.574504947539555,323266.8345836315,85,85,3.7308221626421756,6.0,-26835.923743985924,8646.722683685035,35482.64642767096,5906.9268709867365,1002.9995539221505,864.6722683685035,False
649554,66,1,10.5,17.55210042119207,-83083.25051626252,73,73,3.1805261192569274,5.791963875728813,-92325.18483881264,0.0,92325.18483881264,17521.501430955614,872.0499771715411,0.0,True
649554,66,2,11.0,10.0,609173.9041434169,74,74,3.7709650475238305,6.0,-9205.091600048941,0.0,9205.091600048941,836.0524391562433,836.0524391562433,0.0,False
649554,66,3,10.0,13.345911022377772,155712.6914308918,84,84,3.608181392134016,6.0,-101341.33752959849,0.0,101341.33752959849,19103.50857331006,1002.7840167466886,0.0,False
649554,66,4,10.0,10.726977510908187,141160.4037833179,82,82,3.642067087065798,6.0,-73705.12688510261,9.592326932761347e-14,73705.12688510261,13622.707160376767,955.6056317690326,9.592326932761347e-15,False
649554,66,5,10.0,10.0,187649.8975480185,77,77,3.7989768925128184,6.0,3495.909745655724,8797.642029316075,5301.732283660352,0.0,879.7642029316078,879.7642029316075,False
649554,66,6,10.0,12.448647286038655,-16761.25819510054,71,71,3.329807169732741,6.0,-64722.32626525672,0.0,64722.32626525672,12000.248965550089,848.2636038280887,0.0,True
649554,66,7,10.5,12.964254140168164,-28771.102717726164,66,66,3.201439529192188,5.9,-65355.88810580231,0.0,65355.88810580231,12234.980630922259,765.3621519289836,0.0,True
649554,66,8,10.0,10.0,781804.0987734015,76,76,3.7886173691196894,6.0,12066.844073277109,17344.47303989346,5277.628966616351,0.0,877.1747453379419,1734.447303989346,False
649554,66,9,11.55,11.202228973605658,-23697.469836539894,66,66,3.3279656973734357,6.0,-43562.107263976766,0.0,43562.107263976766,7865.998437902268,756.783227124223,0.0,True
649554,67,0,10.0,10.995779700162577,295223.7171277494,86,86,3.7808221626421754,6.0,-26297.480401667453,9584.420792147504,35881.901193814956,5963.201208564625,1014.7164167926547,958.4420792147505,False
649554,67,1,10.5,17.55210042119207,-83083.25051626252,73,73,3.1805261192569274,5.791963875728813,-92325.18483881264,0.0,92325.18483881264,17521.501430955614,872.0499771715411,0.0,True
649554,67,2,10.0,10.0,619322.9814781317,75,75,3.8209650475238304,6.0,11699.077334714777,16827.91694365314,5128.839608938364,0.0,846.7392552090713,1682.791694365314,False
649554,67,3,10.0,14.68050212461555,47774.13243825399,84,84,3.658181392134016,6.0,-106405.39681416927,0.0,106405.39681416927,20106.29259005675,1002.7840167466886,0.0,False
649554,67,4,10.0,10.190628635362776,60860.99422929023,83,83,3.692067087065798,6.0,-78653.58737729138,1.2612133559741763e-13,78653.58737729138,14589.784105480854,967.0769451040863,1.2612133559741762e-14,False
649554,67,5,11.0,10.0,176205.19606533635,78,78,3.8489768925128183,6.0,-9864.701482682125,0.0,9864.701482682125,890.8398993228575,890.8398993228575,0.0,False
649554,67,6,10.0,12.448647286038655,-16761.25819510054,71,71,3.329807169732741,6.0,-64722.32626525672,0.0,64722.32626525672,12000.248965550089,848.2636038280887,0.0,True
649554,67,7,10.5,12.964254140168164,-28771.102717726164,66,66,3.201439529192188,5.9,-65355.88810580231,0.0,65355.88810580231,12234.980630922259,765.3621519289836,0.0,True
649554,67,8,10.0,10.0,783731.0405477147,77,77,3.838617369119689,6.0,3496.941774313248,8883.92657497872,5386.984800665471,0.0,888.3926574978715,888.3926574978718,False
649554,67,9,11.55,11.202228973605658,-23697.469836539894,66,66,3.3279656973734357,6.0,-43562.107263976766,0.0,43562.107263976766,7865.998437902268,756.783227124223,0.0,True
649554,68,0,10.0,10.445990715154448,265604.92885859264,87,87,3.8308221626421752,6.0,-27909.987076936435,8724.434482007682,36634.421558944116,6104.589636857886,1013.8318764940623,872.4434482007682,False
649554,68,1,10.5,17.55210042119207,-83083.25051626252,73,73,3.1805261192569274,5.791963875728813,-92325.18483881264,0.0,92325.18483881264,17521.501430955614,872.0499771715411,0.0,True
649554,68,2,10.0,10.0,621103.9352633393,76,76,3.87096504752383,6.0,3340.9537852075746,8575.741852425037,5234.788067217462,0.0,857.5741852425032,857.5741852425037,False
649554,68,3,10.5,13.946477018384773,-65707.9468772784,85,85,3.7081813921340157,6.0,-111596.62876896975,0.0,111596.62876896975,21120.952822341133,1014.6602322843823,0.0,True
649554,68,4,10.0,11.209691498899055,-23801.99290243379,82,82,3.7420670870657977,6.0,-83543.7924288141,1.2434497875801738e-13,83543.7924288141,15557.463027717895,967.6789222370408,1.2434497875801737e-14,True
649554,68,5,10.0,10.0,187022.6513249852,79,79,3.898976892512818,6.0,12407.455259648852,17928.23665195075,5520.781392301897,0.0,901.9837658722164,1792.8236651950747,False
649554,68,6,10.0,12.448647286038655,-16761.25819510054,71,71,3.329807169732741,6.0,-64722.32626525672,0.0,64722.32626525672,12000.248965550089,848.2636038280887,0.0,True
649554,68,7,10.5,12.964254140168164,-28771.102717726164,66,66,3.201439529192188,5.9,-65355.88810580231,0.0,65355.88810580231,12234.980630922259,765.3621519289836,0.0,True
649554,68,8,11.0,10.0,772154.2150588073,78,78,3.888617369119689,6.0,-9996.82548890739,0.0,9996.82548890739,899.730898496935,899.730898496935,0.0,False
649554,68,9,11.55,11.202228973605658,-23697.469836539894,66,66,3.3279656973734357,6.0,-43562.107263976766,0.0,43562.107263976766,7865.998437902268,756.783227124223,0.0,True
649554,69,0,10.0,10.0,230965.5954270891,88,88,3.880822162642175,6.0,-32959.333431503524,5885.724549024148,38845.05798052767,6532.941446074088,1016.9242641185967,588.5724549024147,False
649554,69,1,10.5,17.55210042119207,-83083.25051626252,73,73,3.1805261192569274,5.791963875728813,-92325.18483881264,0.0,92325.18483881264,17521.501430955614,872.0499771715411,0.0,True
649554,69,2,11.0,11.0,609322.1688160066,77,77,3.92096504752383,6.0,-10134.766447332673,8.881784197001247e-14,10134.766447332673,909.6967533638648,909.6967533638648,8.074349270001134e-15,False
649554,69,3,10.5,13.946477018384773,-65707.9468772784,85,85,3.7081813921340157,6.0,-111596.62876896975,0.0,111596.62876896975,21120.952822341133,1014.6602322843823,0.0,True
649554,69,4,10.0,11.209691498899055,-23801.99290243379,82,82,3.7420670870657977,6.0,-83543.7924288141,1.2434497875801738e-13,83543.7924288141,15557.463027717895,967.6789222370408,1.2434497875801737e-14,True
649554,69,5,10.0,11.0,189012.42890997895,80,80,3.948976892512818,6.0,3669.7775849937607,9552.593214888255,5882.815629894494,0.0,955.2593214888253,955.2593214888255,False
649554,69,6,10.0,12.448647286038655,-16761.25819510054,71,71,3.329807169732741,6.0,-64722.32626525672,0.0,64722.32626525672,12000.248965550089,848.2636038280887,0.0,True
649554,69,7,10.5,12.964254140168164,-28771.102717726164,66,66,3.201439529192188,5.9,-65355.88810580231,0.0,65355.88810580231,12234.980630922259,765.3621519289836,0.0,True
649554,69,8,10.0,10.0,783107.2082316694,79,79,3.938617369119689,6.0,12542.993172862138,18219.991328201104,5676.998155338965,0.0,922.2682343231769,1821.9991328201104,False
649554,69,9,11.55,11.202228973605658,-23697.469836539894,66,66,3.3279656973734357,6.0,-43562.107263976766,0.0,43562.107263976766,7865.998437902268,756.783227124223,0.0,True
649554,70,0,10.0,11.0,194064.19104151818,89,89,3.930822162642175,6.0,-35122.404385570946,6057.938839190161,41180.343224761105,6965.002285723586,1037.854723568542,605.7938839190161,False
649554,70,1,10.5,17.55210042119207,-83083.25051626252,73,73,3.1805261192569274,5.791963875728813,-92325.18483881264,0.0,92325.18483881264,17521.501430955614,872.0499771715411,0.0,True
649554,70,2,10.0,10.45,620231.1560800103,78,78,3.97096504752383,6.0,12524.087264000125,18099.420411671592,5575.333147671466,0.0,900.2452878032883,1809.942041167159,False
649554,70,3,10.5,13.946477018384773,-65707.9468772784,85,85,3.7081813921340157,6.0,-111596.62876896975,0.0,111596.62876896975,21120.952822341133,1014.6602322843823,0.0,True
649554,70,4,10.0,11.209691498899055,-23801.99290243379,82,82,3.7420670870657977,6.0,-83543.7924288141,1.2434497875801738e-13,83543.7924288141,15557.463027717895,967.6789222370408,1.2434497875801737e-14,True
649554,70,5,11.0,12.100000000000001,176394.7553903603,81,81,3.9989768925128177,6.0,-10837.573519618163,6.572520305780923e-14,10837.573519618163,967.1420918121331,967.1420918121331,5.9750184598008395e-15,False
649554,70,6,10.0,12.448647286038655,-16761.25819510054,71,71,3.329807169732741,6.0,-64722.32626525672,0.0,64722.32626525672,12000.248965550089,848.2636038280887,0.0,True
649554,70,7,10.5,12.964254140168164,-28771.102717726164,66,66,3.201439529192188,5.9,-65355.88810580231,0.0,65355.88810580231,12234.980630922259,765.3621519289836,0.0,True
649554,70,8,10.0,11.0,785017.1299718495,80,80,3.9886173691196887,6.0,3589.921740180107,9447.918807357448,5857.997067177341,0.0,944.791880735745,944.7918807357448,False
649554,70,9,11.55,11.202228973605658,-23697.469836539894,66,66,3.3279656973734357,6.0,-43562.107263976766,0.0,43562.107263976766,7865.998437902268,756.783227124223,0.0,True
649554,71,0,10.0,10.45,153430.55069896724,90,90,3.9808221626421747,6.0,-38893.1403425499,5027.173514747843,43920.31385729774,7501.268082966747,1038.9831487179395,502.7173514747843,False
649554,71,1,10.5,17.55210042119207,-83083.25051626252,73,73,3.1805261192569274,5.791963875728813,-92325.18483881264,0.0,92325.18483881264,17521.501430955614,872.0499771715411,0.0,True
649554,71,2,10.0,11.495000000000001,621989.7351802728,79,79,4.02096504752383,6.0,3466.6841002621622,9215.008523562661,5748.324423300499,0.0,921.5008523562667,921.500852356266,False
649554,71,3,10.5,13.946477018384773,-65707.9468772784,85,85,3.7081813921340157,6.0,-111596.62876896975,0.0,111596.62876896975,21120.952822341133,1014.6602322843823,0.0,True
649554,71,4,10.0,11.209691498899055,-23801.99290243379,82,82,3.7420670870657977,6.0,-83543.7924288141,1.2434497875801738e-13,83543.7924288141,15557.463027717895,967.6789222370408,1.2434497875801737e-14,True
649554,71,5,10.0,11.495000000000001,187949.2665134131,82,82,4.048976892512818,6.0,13297.10112305241,19354.17928438209,6057.078161329682,0.0,968.2758366260813,1935.4179284382092,False
649554,71,6,10.0,12.448647286038655,-16761.25819510054,71,71,3.329807169732741,6.0,-64722.32626525672,0.0,64722.32626525672,12000.248965550089,848.2636038280887,0.0,True
649554,71,7,10.5,12.964254140168164,-28771.102717726164,66,66,3.201439529192188,5.9,-65355.88810580231,0.0,65355.88810580231,12234.980630922259,765.3621519289836,0.0,True
649554,71,8,11.0,12.100000000000001,772361.1184787672,81,81,4.038617369119689,6.0,-10875.91149308416,7.638334409421073e-14,10875.91149308416,967.1420918121331,967.1420918121331,6.943940372200975e-15,False
649554,71,9,11.55,11.202228973605658,-23697.469836539894,66,66,3.3279656973734357,6.0,-43562.107263976766,0.0,43562.107263976766,7865.998437902268,756.783227124223,0.0,True
649554,72,0,10.0,10.0,109226.34060062125,91,91,4.030822162642175,6.0,-42494.210098346,4529.627110610868,47023.837208956866,8098.300574317151,1049.9952024114805,452.9627110610868,False
649554,72,1,10.5,17.55210042119207,-83083.25051626252,73,73,3.1805261192569274,5.791963875728813,-92325.18483881264,0.0,92325.18483881264,17521.501430955614,872.0499771715411,0.0,True
649554,72,2,11.0,12.644500000000003,609521.5127280973,80,80,4.0709650475238295,6.0,-10656.662452171313,6.927791673660973e-14,10656.662452171313,944.5122812044364,944.5122812044364,6.297992430600885e-15,False
649554,72,3,10.5,13.946477018384773,-65707.9468772784,85,85,3.7081813921340157,6.0,-111596.62876896975,0.0,111596.62876896975,21120.952822341133,1014.6602322843823,0.0,True
649554,72,4,10.0,11.209691498899055,-23801.99290243379,82,82,3.7420670870657977,6.0,-83543.7924288141,1.2434497875801738e-13,83543.7924288141,15557.463027717895,967.6789222370408,1.2434497875801737e-14,True
649554,72,5,10.0,12.644500000000003,189765.31884061205,83,83,4.098976892512818,6.0,3665.5458271985026,9909.056472337772,6243.510645139269,0.0,990.9056472337779,990.9056472337771,False
649554,72,6,10.0,12.448647286038655,-16761.25819510054,71,71,3.329807169732741,6.0,-64722.32626525672,0.0,64722.32626525672,12000.248965550089,848.2636038280887,0.0,True
649554,72,7,10.5,12.964254140168164,-28771.102717726164,66,66,3.201439529192188,5.9,-65355.88810580231,0.0,65355.88810580231,12234.980630922259,765.3621519289836,0.0,True
649554,72,8,10.0,11.495000000000001,783830.5406327405,82,82,4.088617369119689,6.0,13212.012153972912,19234.76868757676,6022.75653360385,0.0,956.3347769455452,1923.4768687576761,False
649554,72,9,11.55,11.202228973605658,-23697.469836539894,66,66,3.3279656973734357,6.0,-43562.107263976766,0.0,43562.107263976766,7865.998437902268,756.783227124223,0.0,True
649554,73,0,10.0,10.0,63679.40606584135,92,92,4.080822162642175,6.0,-43826.934534779895,5747.492830799992,49574.42736557989,8584.54394474536,1060.992653508184,574.7492830799991,False
649554,73,1,10.5,17.55210042119207,-83083.25051626252,73,73,3.1805261192569274,5.791963875728813,-92325.18483881264,0.0,92325.18483881264,17521.501430955614,872.0499771715411,0.0,True
649554,73,2,10.0,12.012275000000002,620656.3798855697,81,81,4.120965047523829,6.0,12907.861432471283,18887.519349587346,5979.657917116062,0.0,944.2396537542982,1888.7519349587346,False
649554,73,3,10.5,13.946477018384773,-65707.9468772784,85,85,3.7081813921340157,6.0,-111596.62876896975,0.0,111596.62876896975,21120.952822341133,1014.6602322843823,0.0,True
649554,73,4,10.0,11.209691498899055,-23801.99290243379,82,82,3.7420670870657977,6.0,-83543.7924288141,1.2434497875801738e-13,83543.7924288141,15557.463027717895,967.6789222370408,1.2434497875801737e-14,True
649554,73,5,11.0,13.908950000000004,176416.95120972104,84,84,4.148976892512818,6.0,-11380.015830890017,7.638334409421073e-14,11380.015830890017,1002.7840167466886,1002.7840167466886,6.943940372200975e-15,False
649554,73,6,10.0,12.448647286038655,-16761.25819510054,71,71,3.329807169732741,6.0,-64722.32626525672,0.0,64722.32626525672,12000.248965550089,848.2636038280887,0.0,True
649554,73,7,10.5,12.964254140168164,-28771.102717726164,66,66,3.201439529192188,5.9,-65355.88810580231,0.0,65355.88810580231,12234.980630922259,765.3621519289836,0.0,True
649554,73,8,10.0,12.644500000000003,785563.484327729,83,83,4.138617369119689,6.0,3582.4371949929473,9795.551377747362,6213.114182754415,0.0,979.5551377747346,979.5551377747362,False
649554,73,9,11.55,11.202228973605658,-23697.469836539894,66,66,3.3279656973734357,6.0,-43562.107263976766,0.0,43562.107263976766,7865.998437902268,756.783227124223,0.0,True
649554,74,0,10.0,10.0,14985.013809183241,93,93,4.130822162642175,6.0,-47064.39225665811,5326.916768209977,52391.30902486809,9123.834868211808,1071.9826002874438,532.6916768209977,False
649554,74,1,10.5,17.55210042119207,-83083.25051626252,73,73,3.1805261192569274,5.791963875728813,-92325.18483881264,0.0,92325.18483881264,17521.501430955614,872.0499771715411,0.0,True
649554,74,2,10.0,13.213502500000004,622231.9200453985,82,82,4.170965047523829,6.0,3459.047364826707,9556.056317690334,6097.008952863627,0.0,955.6056317690326,955.6056317690335,False
649554,74,3,10.5,13.946477018384773,-65707.9468772784,85,85,3.7081813921340157,6.0,-111596.62876896975,0.0,111596.62876896975,21120.952822341133,1014.6602322843823,0.0,True
649554,74,4,10.0,11.209691498899055,-23801.99290243379,82,82,3.7420670870657977,6.0,-83543.7924288141,1.2434497875801738e-13,83543.7924288141,15557.463027717895,967.6789222370408,1.2434497875801737e-14,True
649554,74,5,10.0,13.213502500000004,188134.0681459452,85,85,4.1989768925128175,6.0,13640.264648724367,20057.835706688442,6417.5710579640745,0.0,1002.9995539221505,2005.783570668844,False
649554,74,6,10.0,12.448647286038655,-16761.25819510054,71,71,3.329807169732741,6.0,-64722.32626525672,0.0,64722.32626525672,12000.248965550089,848.2636038280887,0.0,True
649554,74,7,10.5,12.964254140168164,-28771.102717726164,66,66,3.201439529192188,5.9,-65355.88810580231,0.0,65355.88810580231,12234.980630922259,765.3621519289836,0.0,True
649554,74,8,11.0,13.908950000000004,772175.3658604852,84,84,4.188617369119688,6.0,-11419.766667247608,5.3290705182007495e-14,11419.766667247608,1002.7840167466886,1002.7840167466886,4.844609562000681e-15,False
649554,74,9,11.55,11.202228973605658,-23697.469836539894,66,66,3.3279656973734357,6.0,-43562.107263976766,0.0,43562.107263976766,7865.998437902268,756.783227124223,0.0,True
649554,75,0,10.0,10.0,-35810.00646550855,93,93,4.180822162642174,6.0,-49565.02027469179,5489.898334277269,55054.91860896906,9646.384610386964,1071.5395756028431,548.9898334277269,True
649554,75,1,10.5,17.55210042119207,-83083.25051626252,73,73,3.1805261192569274,5.791963875728813,-92325.18483881264,0.0,92325.18483881264,17521.501430955614,872.0499771715411,0.0,True
649554,75,2,11.0,14.534852750000006,608906.6096341428,83,83,4.220965047523829,6.0,-11318.9176330042,4.440892098500625e-14,11318.9176330042,990.9056472337779,990.9056472337779,4.037174635000568e-15,False
649554,75,3,10.5,13.946477018384773,-65707.9468772784,85,85,3.7081813921340157,6.0,-111596.62876896975,0.0,111596.62876896975,21120.952822341133,1014.6602322843823,0.0,True
649554,75,4,10.0,11.209691498899055,-23801.99290243379,82,82,3.7420670870657977,6.0,-83543.7924288141,1.2434497875801738e-13,83543.7924288141,15557.463027717895,967.6789222370408,1.2434497875801737e-14,True
649554,75,5,10.0,12.552827375000003,189813.45957920738,86,86,4.248976892512817,6.0,3558.934587513011,10021.091525696105,6462.156938183094,0.0,1002.1091525696099,1002.1091525696106,False
649554,75,6,10.0,12.448647286038655,-16761.25819510054,71,71,3.329807169732741,6.0,-64722.32626525672,0.0,64722.32626525672,12000.248965550089,848.2636038280887,0.0,True
649554,75,7,10.5,12.964254140168164,-28771.102717726164,66,66,3.201439529192188,5.9,-65355.88810580231,0.0,65355.88810580231,12234.980630922259,765.3621519289836,0.0,True
649554,75,8,10.0,13.213502500000004,783853.3127395948,85,85,4.238617369119688,6.0,13601.094591607365,20059.402479587803,6458.307887980437,0.0,1003.1562312120975,2005.9402479587802,False
649554,75,9,11.55,11.202228973605658,-23697.469836539894,66,66,3.3279656973734357,6.0,-43562.107263976766,0.0,43562.107263976766,7865.998437902268,756.783227124223,0.0,True
649554,76,0,10.0,10.0,-35810.00646550855,93,93,4.180822162642174,6.0,-49565.02027469179,5489.898334277269,55054.91860896906,9646.384610386964,1071.5395756028431,548.9898334277269,True
649554,76,1,10.5,17.55210042119207,-83083.25051626252,73,73,3.1805261192569274,5.791963875728813,-92325.18483881264,0.0,92325.18483881264,17521.501430955614,872.0499771715411,0.0,True
649554,76,2,10.0,13.808110112500005,620303.932789573,84,84,4.270965047523829,6.0,13357.204404885,19692.145070434035,6334.940665549034,0.0,978.3088598096227,1969.2145070434035,False
649554,76,3,10.5,13.946477018384773,-65707.9468772784,85,85,3.7081813921340157,6.0,-111596.62876896975,0.0,111596.62876896975,21120.952822341133,1014.6602322843823,0.0,True
649554,76,4,10.0,11.209691498899055,-23801.99290243379,82,82,3.7420670870657977,6.0,-83543.7924288141,1.2434497875801738e-13,83543.7924288141,15557.463027717895,967.6789222370408,1.2434497875801737e-14,True
649554,76,5,11.0,13.808110112500005,187886.42615352324,87,87,4.298976892512817,6.0,74.27215410325334,8159.289261040611,8085.017106937357,284.3380020387348,1026.091571224244,741.7535691855101,False
649554,76,6,10.0,12.448647286038655,-16761.25819510054,71,71,3.329807169732741,6.0,-64722.32626525672,0.0,64722.32626525672,12000.248965550089,848.2636038280887,0.0,True
649554,76,7,10.5,12.964254140168164,-28771.102717726164,66,66,3.201439529192188,5.9,-65355.88810580231,0.0,65355.88810580231,12234.980630922259,765.3621519289836,0.0,True
649554,76,8,10.0,14.534852750000006,785413.1799112817,86,86,4.288617369119688,6.0,3609.8645081883224,10265.350913938637,6655.486405750315,0.0,1026.5350913938632,1026.5350913938637,False
649554,76,9,11.55,11.202228973605658,-23697.469836539894,66,66,3.3279656973734357,6.0,-43562.107263976766,0.0,43562.107263976766,7865.998437902268,756.783227124223,0.0,True
649554,77,0,10.0,10.0,-35810.00646550855,93,93,4.180822162642174,6.0,-49565.02027469179,5489.898334277269,55054.91860896906,9646.384610386964,1071.5395756028431,548.9898334277269,True
649554,77,1,10.5,17.55210042119207,-83083.25051626252,73,73,3.1805261192569274,5.791963875728813,-92325.18483881264,0.0,92325.18483881264,17521.501430955614,872.0499771715411,0.0,True
649554,77,2,10.0,15.188921123750006,621701.1563042789,85,85,4.320965047523829,6.0,3488.281810224098,10025.133921985978,6536.85211176188,0.0,1002.5133921985972,1002.5133921985979,False
649554,77,3,10.5,13.946477018384773,-65707.9468772784,85,85,3.7081813921340157,6.0,-111596.62876896975,0.0,111596.62876896975,21120.952822341133,1014.6602322843823,0.0,True
649554,77,4,10.0,11.209691498899055,-23801.99290243379,82,82,3.7420670870657977,6.0,-83543.7924288141,1.2434497875801738e-13,83543.7924288141,15557.463027717895,967.6789222370408,1.2434497875801737e-14,True
649554,77,5,10.0,13.117704606875003,192316.90883804281,88,88,4.348976892512817,6.0,6384.84068992475,13091.084730512992,6706.244040588242,0.0,1024.7704710125636,1309.1084730512991,False
649554,77,6,10.0,12.448647286038655,-16761.25819510054,71,71,3.329807169732741,6.0,-64722.32626525672,0.0,64722.32626525672,12000.248965550089,848.2636038280887,0.0,True
649554,77,7,10.5,12.964254140168164,-28771.102717726164,66,66,3.201439529192188,5.9,-65355.88810580231,0.0,65355.88810580231,12234.980630922259,765.3621519289836,0.0,True
649554,77,8,11.0,15.988338025000008,787862.6070991439,87,87,4.338617369119688,6.0,4640.412596041885,11422.477572154448,6782.064976112563,0.0,1038.4070520140397,1038.4070520140408,False
649554,77,9,11.55,11.202228973605658,-23697.469836539894,66,66,3.3279656973734357,6.0,-43562.107263976766,0.0,43562.107263976766,7865.998437902268,756.783227124223,0.0,True
649554,78,0,10.0,10.0,-35810.00646550855,93,93,4.180822162642174,6.0,-49565.02027469179,5489.898334277269,55054.91860896906,9646.384610386964,1071.5395756028431,548.9898334277269,True
649554,78,1,10.5,17.55210042119207,-83083.25051626252,73,73,3.1805261192569274,5.791963875728813,-92325.18483881264,0.0,92325.18483881264,17521.501430955614,872.0499771715411,0.0,True
649554,78,2,11.0,16.70781323612501,623958.3726803279,86,86,4.370965047523828,6.0,4494.088314359086,11154.586644529294,6660.498330170208,0.0,1014.0533313208456,1014.0533313208449,False
649554,78,3,10.5,13.946477018384773,-65707.9468772784,85,85,3.7081813921340157,6.0,-111596.62876896975,0.0,111596.62876896975,21120.952822341133,1014.6602322843823,0.0,True
649554,78,4,10.0,11.209691498899055,-23801.99290243379,82,82,3.7420670870657977,6.0,-83543.7924288141,1.2434497875801738e-13,83543.7924288141,15557.463027717895,967.6789222370408,1.2434497875801737e-14,True
649554,78,5,10.0,14.429475067562505,193763.71717982373,89,89,4.398976892512817,6.0,3531.0316227938947,10361.03216065566,6830.000537861766,0.0,1036.1032160655652,1036.1032160655661,False
649554,78,6,10.0,12.448647286038655,-16761.25819510054,71,71,3.329807169732741,6.0,-64722.32626525672,0.0,64722.32626525672,12000.248965550089,848.2636038280887,0.0,True
649554,78,7,10.5,12.964254140168164,-28771.102717726164,66,66,3.201439529192188,5.9,-65355.88810580231,0.0,65355.88810580231,12234.980630922259,765.3621519289836,0.0,True
649554,78,8,12.100000000000001,17.58717182750001,791313.4788927562,88,88,4.388617369119688,6.0,5798.542914427228,12708.370976955894,6909.828062528665,0.0,1050.2785931368494,1050.2785931368505,False
649554,78,9,11.55,11.202228973605658,-23697.469836539894,66,66,3.3279656973734357,6.0,-43562.107263976766,0.0,43562.107263976766,7865.998437902268,756.783227124223,0.0,True
649554,79,0,10.0,10.0,-35810.00646550855,93,93,4.180822162642174,6.0,-49565.02027469179,5489.898334277269,55054.91860896906,9646.384610386964,1071.5395756028431,548.9898334277269,True
649554,79,1,10.5,17.55210042119207,-83083.25051626252,73,73,3.1805261192569274,5.791963875728813,-92325.18483881264,0.0,92325.18483881264,17521.501430955614,872.0499771715411,0.0,True
649554,79,2,12.100000000000001,18.37859455973751,627183.8043574553,87,87,4.420965047523828,6.0,5624.369403824313,12409.655932042768,6785.286528218455,0.0,1025.591399342377,1025.5913993423774,False
649554,79,3,10.5,13.946477018384773,-65707.9468772784,85,85,3.7081813921340157,6.0,-111596.62876896975,0.0,111596.62876896975,21120.952822341133,1014.6602322843823,0.0,True
649554,79,4,10.0,11.209691498899055,-23801.99290243379,82,82,3.7420670870657977,6.0,-83543.7924288141,1.2434497875801738e-13,83543.7924288141,15557.463027717895,967.6789222370408,1.2434497875801737e-14,True
649554,79,5,11.0,13.70800131418438,196296.84912078048,90,90,4.448976892512817,6.0,4566.852059234471,11521.666977544959,6954.814918310488,0.0,1047.4242706859045,1047.4242706859054,False
649554,79,6,10.0,12.448647286038655,-16761.25819510054,71,71,3.329807169732741,6.0,-64722.32626525672,0.0,64722.32626525672,12000.248965550089,848.2636038280887,0.0,True
649554,79,7,10.5,12.964254140168164,-28771.102717726164,66,66,3.201439529192188,5.9,-65355.88810580231,0.0,65355.88810580231,12234.980630922259,765.3621519289836,0.0,True
649554,79,8,13.310000000000002,19.345889010250016,795890.1317061535,89,89,4.4386173691196875,6.0,7098.436935308209,14137.212381739666,7038.775446431457,0.0,1062.149690589003,1062.1496905890056,False
649554,79,9,11.55,11.202228973605658,-23697.469836539894,66,66,3.3279656973734357,6.0,-43562.107263976766,0.0,43562.107263976766,7865.998437902268,756.783227124223,0.0,True
649554,80,0,10.0,10.0,-35810.00646550855,93,93,4.180822162642174,6.0,-49565.02027469179,5489.898334277269,55054.91860896906,9646.384610386964,1071.5395756028431,548.9898334277269,True
649554,80,1,10.5,17.55210042119207,-83083.25051626252,73,73,3.1805261192569274,5.791963875728813,-92325.18483881264,0.0,92325.18483881264,17521.501430955614,872.0499771715411,0.0,True
649554,80,2,13.310000000000002,20.216454015711264,631497.7208983072,88,88,4.470965047523828,6.0,6892.964494232986,13804.192853855693,6911.228359622707,0.0,1037.1294405601554,1037.129440560157,False
649554,80,3,10.5,13.946477018384773,-65707.9468772784,85,85,3.7081813921340157,6.0,-111596.62876896975,0.0,111596.62876896975,21120.952822341133,1014.6602322843823,0.0,True
649554,80,4,10.0,11.209691498899055,-23801.99290243379,82,82,3.7420670870657977,6.0,-83543.7924288141,1.2434497875801738e-13,83543.7924288141,15557.463027717895,967.6789222370408,1.2434497875801737e-14,True
649554,80,5,12.100000000000001,15.078801445602819,199854.7257356112,91,91,4.498976892512816,6.0,5730.047546380742,12810.797944270236,7080.750397889495,0.0,1058.74363175787,1058.7436317578706,False
649554,80,6,10.0,12.448647286038655,-16761.25819510054,71,71,3.329807169732741,6.0,-64722.32626525672,0.0,64722.32626525672,12000.248965550089,848.2636038280887,0.0,True
649554,80,7,10.5,12.964254140168164,-28771.102717726164,66,66,3.201439529192188,5.9,-65355.88810580231,0.0,65355.88810580231,12234.980630922259,765.3621519289836,0.0,True
649554,80,8,14.641000000000004,21.280477911275018,801730.6749159489,90,90,4.488617369119687,6.0,8555.786221806437,15724.66257752495,7168.876355718515,0.0,1074.0156121525138,1074.0156121525133,False
649554,80,9,11.55,11.202228973605658,-23697.469836539894,66,66,3.3279656973734357,6.0,-43562.107263976766,0.0,43562.107263976766,7865.998437902268,756.783227124223,0.0,True
649554,81,0,10.0,10.0,-35810.00646550855,93,93,4.180822162642174,6.0,-49565.02027469179,5489.898334277269,55054.91860896906,9646.384610386964,1071.5395756028431,548.9898334277269,True
649554,81,1,10.5,17.55210042119207,-83083.25051626252,73,73,3.1805261192569274,5.791963875728813,-92325.18483881264,0.0,92325.18483881264,17521.501430955614,872.0499771715411,0.0,True
649554,81,2,14.641000000000004,22.238099417282392,637033.7086973364,89,89,4.520965047523828,6.0,8315.178647168948,15353.472159030864,7038.293511861916,0.0,1048.6628071191067,1048.662807119108,False
649554,81,3,10.5,13.946477018384773,-65707.9468772784,85,85,3.7081813921340157,6.0,-111596.62876896975,0.0,111596.62876896975,21120.952822341133,1014.6602322843823,0.0,True
649554,81,4,10.0,11.209691498899055,-23801.99290243379,82,82,3.7420670870657977,6.0,-83543.7924288141,1.2434497875801738e-13,83543.7924288141,15557.463027717895,967.6789222370408,1.2434497875801737e-14,True
649554,81,5,13.310000000000002,16.586681590163103,204563.44581392503,92,92,4.548976892512816,6.0,7034.694784607965,14242.487572109581,7207.792787501617,0.0,1070.0591714582695,1070.0591714582704,False
649554,81,6,10.0,12.448647286038655,-16761.25819510054,71,71,3.329807169732741,6.0,-64722.32626525672,0.0,64722.32626525672,12000.248965550089,848.2636038280887,0.0,True
649554,81,7,10.5,12.964254140168164,-28771.102717726164,66,66,3.201439529192188,5.9,-65355.88810580231,0.0,65355.88810580231,12234.980630922259,765.3621519289836,0.0,True
649554,81,8,16.105100000000004,23.40852570240252,808988.5331810142,91,91,4.538617369119687,6.0,10188.03410398628,17488.17559215225,7300.141488165969,0.0,1085.8781126570007,1085.8781126569997,False
649554,81,9,11.55,11.202228973605658,-23697.469836539894,66,66,3.3279656973734357,6.0,-43562.107263976766,0.0,43562.107263976766,7865.998437902268,756.783227124223,0.0,True
649554,82,0,10.0,10.0,-35810.00646550855,93,93,4.180822162642174,6.0,-49565.02027469179,5489.898334277269,55054.91860896906,9646.384610386964,1071.5395756028431,548.9898334277269,True
649554,82,1,10.5,17.55210042119207,-83083.25051626252,73,73,3.1805261192569274,5.791963875728813,-92325.18483881264,0.0,92325.18483881264,17521.501430955614,872.0499771715411,0.0,True
649554,82,2,16.105100000000004,21.12619444641827,644240.3504823266,90,90,4.570965047523828,6.0,9907.999285171947,17074.473992561158,7166.474707389211,0.0,1060.190498200021,1060.1904982000208,False
649554,82,3,10.5,13.946477018384773,-65707.9468772784,85,85,3.7081813921340157,6.0,-111596.62876896975,0.0,111596.62876896975,21120.952822341133,1014.6602322843823,0.0,True
649554,82,4,10.0,11.209691498899055,-23801.99290243379,82,82,3.7420670870657977,6.0,-83543.7924288141,1.2434497875801738e-13,83543.7924288141,15557.463027717895,967.6789222370408,1.2434497875801737e-14,True
649554,82,5,14.641000000000004,18.245349749179415,210563.02541929865,93,93,4.598976892512816,6.0,8496.397132046062,15832.328346799553,7335.931214753491,0.0,1081.3693290621918,1081.3693290621918,False
649554,82,6,10.0,12.448647286038655,-16761.25819510054,71,71,3.329807169732741,6.0,-64722.32626525672,0.0,64722.32626525672,12000.248965550089,848.2636038280887,0.0,True
649554,82,7,10.5,12.964254140168164,-28771.102717726164,66,66,3.201439529192188,5.9,-65355.88810580231,0.0,65355.88810580231,12234.980630922259,765.3621519289836,0.0,True
649554,82,8,17.715610000000005,22.238099417282395,818157.169720754,92,92,4.588617369119687,6.0,12014.541686131413,19447.12861943603,7432.586933304616,0.0,1097.739712007433,1097.7397120074343,False
649554,82,9,11.55,11.202228973605658,-23697.469836539894,66,66,3.3279656973734357,6.0,-43562.107263976766,0.0,43562.107263976766,7865.998437902268,756.783227124223,0.0,True
649554,83,0,10.0,10.0,-35810.00646550855,93,93,4.180822162642174,6.0,-49565.02027469179,5489.898334277269,55054.91860896906,9646.384610386964,1071.5395756028431,548.9898334277269,True
649554,83,1,10.5,17.55210042119207,-83083.25051626252,73,73,3.1805261192569274,5.791963875728813,-92325.18483881264,0.0,92325.18483881264,17521.501430955614,872.0499771715411,0.0,True
649554,83,2,17.715610000000005,20.069884724097356,653147.9490067705,91,91,4.6209650475238275,6.0,11533.958034337038,18736.446743731696,7202.488709394658,0.0,1057.6235728677523,1057.6235728677527,False
649554,83,3,10.5,13.946477018384773,-65707.9468772784,85,85,3.7081813921340157,6.0,-111596.62876896975,0.0,111596.62876896975,21120.952822341133,1014.6602322843823,0.0,True
649554,83,4,10.0,11.209691498899055,-23801.99290243379,82,82,3.7420670870657977,6.0,-83543.7924288141,1.2434497875801738e-13,83543.7924288141,15557.463027717895,967.6789222370408,1.2434497875801737e-14,True
649554,83,5,16.105100000000004,20.069884724097356,218142.1907846768,94,94,4.648976892512816,6.0,10265.734529443538,17824.609436047333,7558.874906603794,0.0,1106.7680074043226,1106.768007404321,False
649554,83,6,10.0,12.448647286038655,-16761.25819510054,71,71,3.329807169732741,6.0,-64722.32626525672,0.0,64722.32626525672,12000.248965550089,848.2636038280887,0.0,True
649554,83,7,10.5,12.964254140168164,-28771.102717726164,66,66,3.201439529192188,5.9,-65355.88810580231,0.0,65355.88810580231,12234.980630922259,765.3621519289836,0.0,True
649554,83,8,19.487171000000007,21.126194446418275,829449.2050017036,93,93,4.638617369119687,6.0,14056.771364470735,21622.98959624683,7566.218231776094,0.0,1109.6012651732165,1109.601265173217,False
649554,83,9,11.55,11.202228973605658,-23697.469836539894,66,66,3.3279656973734357,6.0,-43562.107263976766,0.0,43562.107263976766,7865.998437902268,756.783227124223,0.0,True
649554,84,0,10.0,10.0,-35810.00646550855,93,93,4.180822162642174,6.0,-49565.02027469179,5489.898334277269,55054.91860896906,9646.384610386964,1071.5395756028431,548.9898334277269,True
649554,84,1,10.5,17.55210042119207,-83083.25051626252,73,73,3.1805261192569274,5.791963875728813,-92325.18483881264,0.0,92325.18483881264,17521.501430955614,872.0499771715411,0.0,True
649554,84,2,19.487171000000007,19.066390487892487,664093.6264608199,92,92,4.670965047523827,6.0,13499.785378940538,20830.6624700529,7330.87709111236,0.0,1068.9423554631344,1068.9423554631348,False
649554,84,3,10.5,13.946477018384773,-65707.9468772784,85,85,3.7081813921340157,6.0,-111596.62876896975,0.0,111596.62876896975,21120.952822341133,1014.6602322843823,0.0,True
649554,84,4,10.0,11.209691498899055,-23801.99290243379,82,82,3.7420670870657977,6.0,-83543.7924288141,1.2434497875801738e-13,83543.7924288141,15557.463027717895,967.6789222370408,1.2434497875801737e-14,True
649554,84,5,17.715610000000005,19.066390487892487,227650.48851367366,95,95,4.698976892512816,6.0,12119.604825346363,19810.890705947753,7691.285880601389,0.0,1118.2731334652171,1118.2731334652178,False
649554,84,6,10.0,12.448647286038655,-16761.25819510054,71,71,3.329807169732741,6.0,-64722.32626525672,0.0,64722.32626525672,12000.248965550089,848.2636038280887,0.0,True
649554,84,7,10.5,12.964254140168164,-28771.102717726164,66,66,3.201439529192188,5.9,-65355.88810580231,0.0,65355.88810580231,12234.980630922259,765.3621519289836,0.0,True
649554,84,8,21.43588810000001,20.06988472409736,843101.0972636145,94,94,4.688617369119687,6.0,16338.461425976355,24039.472451743153,7701.0110257667975,0.0,1121.4591315086743,1121.459131508675,False
649554,84,9,11.55,11.202228973605658,-23697.469836539894,66,66,3.3279656973734357,6.0,-43562.107263976766,0.0,43562.107263976766,7865.998437902268,756.783227124223,0.0,True
649554,85,0,10.0,10.0,-35810.00646550855,93,93,4.180822162642174,6.0,-49565.02027469179,5489.898334277269,55054.91860896906,9646.384610386964,1071.5395756028431,548.9898334277269,True
649554,85,1,10.5,17.55210042119207,-83083.25051626252,73,73,3.1805261192569274,5.791963875728813,-92325.18483881264,0.0,92325.18483881264,17521.501430955614,872.0499771715411,0.0,True
649554,85,2,21.43588810000001,18.11307096349786,677305.0275916505,93,93,4.720965047523827,6.0,15695.916730439141,23156.29453619687,7460.377805757729,0.0,1080.2582299446171,1080.258229944616,False
649554,85,3,10.5,13.946477018384773,-65707.9468772784,85,85,3.7081813921340157,6.0,-111596.62876896975,0.0,111596.62876896975,21120.952822341133,1014.6602322843823,0.0,True
649554,85,4,10.0,11.209691498899055,-23801.99290243379,82,82,3.7420670870657977,6.0,-83543.7924288141,1.2434497875801738e-13,83543.7924288141,15557.463027717895,967.6789222370408,1.2434497875801737e-14,True
649554,85,5,19.487171000000007,18.11307096349786,239302.89744701228,96,96,4.7489768925128155,6.0,14191.263745834973,22016.073483787477,7824.809737952504,0.0,1129.772683976933,1129.7726839769339,False
649554,85,6,10.0,12.448647286038655,-16761.25819510054,71,71,3.329807169732741,6.0,-64722.32626525672,0.0,64722.32626525672,12000.248965550089,848.2636038280887,0.0,True
649554,85,7,10.5,12.964254140168164,-28771.102717726164,66,66,3.201439529192188,5.9,-65355.88810580231,0.0,65355.88810580231,12234.980630922259,765.3621519289836,0.0,True
649554,85,8,23.579476910000015,19.06639048789249,853674.3917981604,95,95,4.7386173691196865,6.0,13184.601630900892,22019.028816786915,8834.427185886023,199.49194412702997,1133.3137121344737,933.821768007444,False
649554,85,9,11.55,11.202228973605658,-23697.469836539894,66,66,3.3279656973734357,6.0,-43562.107263976766,0.0,43562.107263976766,7865.998437902268,756.783227124223,0.0,True
649554,86,0,10.0,10.0,-35810.00646550855,93,93,4.180822162642174,6.0,-49565.02027469179,5489.898334277269,55054.91860896906,9646.384610386964,1071.5395756028431,548.9898334277269,True
649554,86,1,10.5,17.55210042119207,-83083.25051626252,73,73,3.1805261192569274,5.791963875728813,-92325.18483881264,0.0,92325.18483881264,17521.501430955614,872.0499771715411,0.0,True
649554,86,2,23.579476910000015,17.20741741532297,671675.5524667415,94,94,4.770965047523827,6.0,-3211.9778878671277,8115.89067625106,11327.868564118187,747.3771113178597,1091.5701019948117,344.19299067695283,False
649554,86,3,10.5,13.946477018384773,-65707.9468772784,85,85,3.7081813921340157,6.0,-111596.62876896975,0.0,111596.62876896975,21120.952822341133,1014.6602322843823,0.0,True
649554,86,4,10.0,11.209691498899055,-23801.99290243379,82,82,3.7420670870657977,6.0,-83543.7924288141,1.2434497875801738e-13,83543.7924288141,15557.463027717895,967.6789222370408,1.2434497875801737e-14,True
649554,86,5,21.43588810000001,17.20741741532297,253338.40680326935,97,97,4.798976892512815,6.0,16504.628845542087,24464.079176889823,7959.450331347736,0.0,1141.2673486054373,1141.2673486054357,False
649554,86,6,10.0,12.448647286038655,-16761.25819510054,71,71,3.329807169732741,6.0,-64722.32626525672,0.0,64722.32626525672,12000.248965550089,848.2636038280887,0.0,True
649554,86,7,10.5,12.964254140168164,-28771.102717726164,66,66,3.201439529192188,5.9,-65355.88810580231,0.0,65355.88810580231,12234.980630922259,765.3621519289836,0.0,True
649554,86,8,21.221529219000015,18.113070963497865,871697.1714019835,96,96,4.788617369119686,6.0,20561.63441632227,28535.742496169314,7974.108079847042,0.0,1145.168103774738,1344.6600479017673,False
649554,86,9,11.55,11.202228973605658,-23697.469836539894,66,66,3.3279656973734357,6.0,-43562.107263976766,0.0,43562.107263976766,7865.998437902268,756.783227124223,0.0,True
649554,87,0,10.0,10.0,-35810.00646550855,93,93,4.180822162642174,6.0,-49565.02027469179,5489.898334277269,55054.91860896906,9646.384610386964,1071.5395756028431,548.9898334277269,True
649554,87,1,10.5,17.55210042119207,-83083.25051626252,73,73,3.1805261192569274,5.791963875728813,-92325.18483881264,0.0,92325.18483881264,17521.501430955614,872.0499771715411,0.0,True
649554,87,2,21.221529219000015,16.347046544556818,700865.1311864604,95,95,4.820965047523827,6.0,31542.54814145041,39265.23925820894,7722.691116758528,0.0,1102.8778280412746,1850.2549393591328,False
649554,87,3,10.5,13.946477018384773,-65707.9468772784,85,85,3.7081813921340157,6.0,-111596.62876896975,0.0,111596.62876896975,21120.952822341133,1014.6602322843823,0.0,True
649554,87,4,10.0,11.209691498899055,-23801.99290243379,82,82,3.7420670870657977,6.0,-83543.7924288141,1.2434497875801738e-13,83543.7924288141,15557.463027717895,967.6789222370408,1.2434497875801737e-14,True
649554,87,5,23.579476910000015,16.347046544556818,237077.46428939453,98,98,4.848976892512815,6.0,-13858.931952509643,1.4210854715202004e-14,13858.931952509643,1152.7520119598266,1152.7520119598266,6.026789639754564e-16,False
649554,87,6,10.0,12.448647286038655,-16761.25819510054,71,71,3.329807169732741,6.0,-64722.32626525672,0.0,64722.32626525672,12000.248965550089,848.2636038280887,0.0,True
649554,87,7,10.5,12.964254140168164,-28771.102717726164,66,66,3.201439529192188,5.9,-65355.88810580231,0.0,65355.88810580231,12234.980630922259,765.3621519289836,0.0,True
649554,87,8,23.343682140900018,19.924378059847655,877808.0024507581,97,97,4.838617369119686,6.0,8843.495720575722,18729.37905302416,9885.883332448439,354.6903206162446,1157.0221438468575,802.3318232306108,False
649554,87,9,11.55,11.202228973605658,-23697.469836539894,66,66,3.3279656973734357,6.0,-43562.107263976766,0.0,43562.107263976766,7865.998437902268,756.783227124223,0.0,True
649554,88,0,10.0,10.0,-35810.00646550855,93,93,4.180822162642174,6.0,-49565.02027469179,5489.898334277269,55054.91860896906,9646.384610386964,1071.5395756028431,548.9898334277269,True
649554,88,1,10.5,17.55210042119207,-83083.25051626252,73,73,3.1805261192569274,5.791963875728813,-92325.18483881264,0.0,92325.18483881264,17521.501430955614,872.0499771715411,0.0,True
649554,88,2,21.221529219000015,17.9817511990125,684733.7918940082,96,96,4.870965047523827,6.0,-13605.091177348515,2.486899575160351e-14,13605.091177348515,1129.2334804864659,1129.2334804864659,1.1718757632856096e-15,False
649554,88,3,10.5,13.946477018384773,-65707.9468772784,85,85,3.7081813921340157,6.0,-111596.62876896975,0.0,111596.62876896975,21120.952822341133,1014.6602322843823,0.0,True
649554,88,4,10.0,11.209691498899055,-23801.99290243379,82,82,3.7420670870657977,6.0,-83543.7924288141,1.2434497875801738e-13,83543.7924288141,15557.463027717895,967.6789222370408,1.2434497875801737e-14,True
649554,88,5,21.221529219000015,15.529694217328977,243754.03074998932,99,99,4.898976892512815,6.0,9014.006188109024,23188.391886427282,14174.385698318258,1209.247194998037,1149.1776022517452,1092.6824192135173,False
649554,88,6,10.0,12.448647286038655,-16761.25819510054,71,71,3.329807169732741,6.0,-64722.32626525672,0.0,64722.32626525672,12000.248965550089,848.2636038280887,0.0,True
649554,88,7,10.5,12.964254140168164,-28771.102717726164,66,66,3.201439529192188,5.9,-65355.88810580231,0.0,65355.88810580231,12234.980630922259,765.3621519289836,0.0,True
649554,88,8,21.009313926810016,18.928159156855273,898910.1323110694,98,98,4.888617369119686,6.0,23757.089457679132,32009.002559855024,8251.913102175891,0.0,1168.8721655917532,1523.5624862079999,False
649554,88,9,11.55,11.202228973605658,-23697.469836539894,66,66,3.3279656973734357,6.0,-43562.107263976766,0.0,43562.107263976766,7865.998437902268,756.783227124223,0.0,True
649554,89,0,10.0,10.0,-35810.00646550855,93,93,4.180822162642174,6.0,-49565.02027469179,5489.898334277269,55054.91860896906,9646.384610386964,1071.5395756028431,548.9898334277269,True
649554,89,1,10.5,17.55210042119207,-83083.25051626252,73,73,3.1805261192569274,5.791963875728813,-92325.18483881264,0.0,92325.18483881264,17521.501430955614,872.0499771715411,0.0,True
649554,89,2,19.099376297100015,17.082663639061874,675816.07615139,97,97,4.9209650475238265,6.0,-6460.697369625532,10145.856516900765,16606.553886526297,1723.470001681226,1125.450544054832,531.2140228600699,False
649554,89,3,10.5,13.946477018384773,-65707.9468772784,85,85,3.7081813921340157,6.0,-111596.62876896975,0.0,111596.62876896975,21120.952822341133,1014.6602322843823,0.0,True
649554,89,4,10.0,11.209691498899055,-23801.99290243379,82,82,3.7420670870657977,6.0,-83543.7924288141,1.2434497875801738e-13,83543.7924288141,15557.463027717895,967.6789222370408,1.2434497875801737e-14,True
649554,89,5,19.099376297100015,17.082663639061877,278427.14829743444,100,100,4.948976892512815,6.0,37181.38391135216,45551.46311003605,8370.079198683887,0.0,1175.724041835101,2384.971236833133,False
649554,89,6,10.0,12.448647286038655,-16761.25819510054,71,71,3.329807169732741,6.0,-64722.32626525672,0.0,64722.32626525672,12000.248965550089,848.2636038280887,0.0,True
649554,89,7,10.5,12.964254140168164,-28771.102717726164,66,66,3.201439529192188,5.9,-65355.88810580231,0.0,65355.88810580231,12234.980630922259,765.3621519289836,0.0,True
649554,89,8,21.009313926810016,20.8209750725408,881752.686969153,99,99,4.938617369119686,6.0,-14296.168809732439,4.618527782440651e-14,14296.168809732439,1180.7203777376646,1180.7203777376646,2.1983239426714174e-15,False
649554,89,9,11.55,11.202228973605658,-23697.469836539894,66,66,3.3279656973734357,6.0,-43562.107263976766,0.0,43562.107263976766,7865.998437902268,756.783227124223,0.0,True
649554,90,0,10.0,10.0,-35810.00646550855,93,93,4.180822162642174,6.0,-49565.02027469179,5489.898334277269,55054.91860896906,9646.384610386964,1071.5395756028431,548.9898334277269,True
649554,90,1,10.5,17.55210042119207,-83083.25051626252,73,73,3.1805261192569274,5.791963875728813,-92325.18483881264,0.0,92325.18483881264,17521.501430955614,872.0499771715411,0.0,True
649554,90,2,17.189438667390014,18.790930002968064,714215.566401346,98,98,4.970965047523826,6.0,41041.00139024296,49165.02052111123,8124.019130868278,0.0,1136.7176677615087,2860.187669442744,False
649554,90,3,10.5,13.946477018384773,-65707.9468772784,85,85,3.7081813921340157,6.0,-111596.62876896975,0.0,111596.62876896975,21120.952822341133,1014.6602322843823,0.0,True
649554,90,4,10.0,11.209691498899055,-23801.99290243379,82,82,3.7420670870657977,6.0,-83543.7924288141,1.2434497875801738e-13,83543.7924288141,15557.463027717895,967.6789222370408,1.2434497875801737e-14,True
649554,90,5,19.099376297100015,18.790930002968068,261283.97048085806,101,101,4.998976892512815,6.0,-14445.29388627479,4.2632564145606e-14,14445.29388627479,1187.2090440613854,1187.2090440613854,2.232144311020208e-15,False
649554,90,6,10.0,12.448647286038655,-16761.25819510054,71,71,3.329807169732741,6.0,-64722.32626525672,0.0,64722.32626525672,12000.248965550089,848.2636038280887,0.0,True
649554,90,7,10.5,12.964254140168164,-28771.102717726164,66,66,3.201439529192188,5.9,-65355.88810580231,0.0,65355.88810580231,12234.980630922259,765.3621519289836,0.0,True
649554,90,8,18.908382534129014,19.77992631891376,867760.3805572278,100,100,4.988617369119686,6.0,-11214.313780034467,7265.324111360419,18479.637891394887,1989.0489353236344,1192.5668232465482,384.23826566057386,False
649554,90,9,11.55,11.202228973605658,-23697.469836539894,66,66,3.3279656973734357,6.0,-43562.107263976766,0.0,43562.107263976766,7865.998437902268,756.783227124223,0.0,True
649554,91,0,10.0,10.0,-35810.00646550855,93,93,4.180822162642174,6.0,-49565.02027469179,5489.898334277269,55054.91860896906,9646.384610386964,1071.5395756028431,548.9898334277269,True
649554,91,1,10.5,17.55210042119207,-83083.25051626252,73,73,3.1805261192569274,5.791963875728813,-92325.18483881264,0.0,92325.18483881264,17521.501430955614,872.0499771715411,0.0,True
649554,91,2,16.329966734020513,17.85138350281966,722134.7541080726,99,99,5.020965047523826,6.0,10486.47467350652,18746.347008987203,8259.872335480683,0.0,1147.9721492593474,1147.9721492593492,False
649554,91,3,10.5,13.946477018384773,-65707.9468772784,85,85,3.7081813921340157,6.0,-111596.62876896975,0.0,111596.62876896975,21120.952822341133,1014.6602322843823,0.0,True
649554,91,4,10.0,11.209691498899055,-23801.99290243379,82,82,3.7420670870657977,6.0,-83543.7924288141,1.2434497875801738e-13,83543.7924288141,15557.463027717895,967.6789222370408,1.2434497875801737e-14,True
649554,91,5,17.189438667390014,17.851383502819665,238084.06816470824,102,102,5.0489768925128145,6.0,-20579.061198861375,1.63424829224823e-13,20579.061198861375,2385.9013568941273,1198.692312832742,9.507281324715699e-15,False
649554,91,6,10.0,12.448647286038655,-16761.25819510054,71,71,3.329807169732741,6.0,-64722.32626525672,0.0,64722.32626525672,12000.248965550089,848.2636038280887,0.0,True
649554,91,7,10.5,12.964254140168164,-28771.102717726164,66,66,3.201439529192188,5.9,-65355.88810580231,0.0,65355.88810580231,12234.980630922259,765.3621519289836,0.0,True
649554,91,8,17.017544280716113,18.79093000296807,888419.9797444653,101,101,5.038617369119685,6.0,23357.483117533317,37101.25422436318,13743.771106829869,1013.280449264453,1204.408254623999,2180.1767406831705,False
649554,91,9,11.55,11.202228973605658,-23697.469836539894,66,66,3.3279656973734357,6.0,-43562.107263976766,0.0,43562.107263976766,7865.998437902268,756.783227124223,0.0,True
649554,92,0,10.0,10.0,-35810.00646550855,93,93,4.180822162642174,6.0,-49565.02027469179,5489.898334277269,55054.91860896906,9646.384610386964,1071.5395756028431,548.9898334277269,True
649554,92,1,10.5,17.55210042119207,-83083.25051626252,73,73,3.1805261192569274,5.791963875728813,-92325.18483881264,0.0,92325.18483881264,17521.501430955614,872.0499771715411,0.0,True
649554,92,2,17.962963407422567,19.63652185310163,704985.4144316406,100,100,5.070965047523826,6.0,-14385.687491116183,0.0,14385.687491116183,1175.1908348062163,1175.1908348062163,0.0,False
649554,92,3,10.5,13.946477018384773,-65707.9468772784,85,85,3.7081813921340157,6.0,-111596.62876896975,0.0,111596.62876896975,21120.952822341133,1014.6602322843823,0.0,True
649554,92,4,10.0,11.209691498899055,-23801.99290243379,82,82,3.7420670870657977,6.0,-83543.7924288141,1.2434497875801738e-13,83543.7924288141,15557.463027717895,967.6789222370408,1.2434497875801737e-14,True
649554,92,5,15.470494800651013,16.95881432767868,237681.27156557288,103,103,5.098976892512814,6.0,2143.9612766169666,21706.61953970296,19562.658263085992,2177.006962884141,1194.203555952761,1403.097949962759,False
649554,92,6,10.0,12.448647286038655,-16761.25819510054,71,71,3.329807169732741,6.0,-64722.32626525672,0.0,64722.32626525672,12000.248965550089,848.2636038280887,0.0,True
649554,92,7,10.5,12.964254140168164,-28771.102717726164,66,66,3.201439529192188,5.9,-65355.88810580231,0.0,65355.88810580231,12234.980630922259,765.3621519289836,0.0,True
649554,92,8,15.315789852644501,20.67002300326488,910837.1098179372,102,102,5.088617369119685,6.0,25325.472419802834,34146.989047394956,8821.516627592124,0.0,1216.2479900735289,2229.5284393379793,False
649554,92,9,11.55,11.202228973605658,-23697.469836539894,66,66,3.3279656973734357,6.0,-43562.107263976766,0.0,43562.107263976766,7865.998437902268,756.783227124223,0.0,True
649554,93,0,10.0,10.0,-35810.00646550855,93,93,4.180822162642174,6.0,-49565.02027469179,5489.898334277269,55054.91860896906,9646.384610386964,1071.5395756028431,548.9898334277269,True
649554,93,1,10.5,17.55210042119207,-83083.25051626252,73,73,3.1805261192569274,5.791963875728813,-92325.18483881264,0.0,92325.18483881264,17521.501430955614,872.0499771715411,0.0,True
649554,93,2,16.16666706668031,18.654695760446547,693823.1093563843,101,101,5.120965047523826,6.0,-8478.180803450023,9001.110215035866,17479.29101848589,1788.887789753512,1170.4666451939133,556.7696902466222,False
649554,93,3,10.5,13.946477018384773,-65707.9468772784,85,85,3.7081813921340157,6.0,-111596.62876896975,0.0,111596.62876896975,21120.952822341133,1014.6602322843823,0.0,True
649554,93,4,10.0,11.209691498899055,-23801.99290243379,82,82,3.7420670870657977,6.0,-83543.7924288141,1.2434497875801738e-13,83543.7924288141,15557.463027717895,967.6789222370408,1.2434497875801737e-14,True
649554,93,5,13.92344532058591,18.65469576044655,273328.64036477415,104,104,5.148976892512814,6.0,38387.45715828896,47320.99464080454,8933.537482515585,0.0,1221.648581863832,3398.6555447479745,False
649554,93,6,10.0,12.448647286038655,-16761.25819510054,71,71,3.329807169732741,6.0,-64722.32626525672,0.0,64722.32626525672,12000.248965550089,848.2636038280887,0.0,True
649554,93,7,10.5,12.964254140168164,-28771.102717726164,66,66,3.201439529192188,5.9,-65355.88810580231,0.0,65355.88810580231,12234.980630922259,765.3621519289836,0.0,True
649554,93,8,16.847368837908952,19.636521853101634,892907.2694325027,103,103,5.138617369119685,6.0,-15107.278634559389,0.0,15107.278634559389,1228.087036706759,1228.087036706759,0.0,False
649554,93,9,11.55,11.202228973605658,-23697.469836539894,66,66,3.3279656973734357,6.0,-43562.107263976766,0.0,43562.107263976766,7865.998437902268,756.783227124223,0.0,True
649554,94,0,10.0,10.0,-35810.00646550855,93,93,4.180822162642174,6.0,-49565.02027469179,5489.898334277269,55054.91860896906,9646.384610386964,1071.5395756028431,548.9898334277269,True
649554,94,1,10.5,17.55210042119207,-83083.25051626252,73,73,3.1805261192569274,5.791963875728813,-92325.18483881264,0.0,92325.18483881264,17521.501430955614,872.0499771715411,0.0,True
649554,94,2,14.55000036001228,20.520165336491203,721376.2687471918,102,102,5.170965047523826,6.0,30446.216255123843,40482.16903172106,10035.952776597216,222.8561901317674,1216.2479900735289,2782.2795896952744,False
649554,94,3,10.5,13.946477018384773,-65707.9468772784,85,85,3.7081813921340157,6.0,-111596.62876896975,0.0,111596.62876896975,21120.952822341133,1014.6602322843823,0.0,True
649554,94,4,10.0,11.209691498899055,-23801.99290243379,82,82,3.7420670870657977,6.0,-83543.7924288141,1.2434497875801738e-13,83543.7924288141,15557.463027717895,967.6789222370408,1.2434497875801737e-14,True
649554,94,5,13.227273054556616,17.72196097242422,277802.23649630294,105,105,5.198976892512814,6.0,7134.402033632094,16093.127441478584,8958.72540784649,0.0,1216.6625256091415,1216.6625256091406,False
649554,94,6,10.0,12.448647286038655,-16761.25819510054,71,71,3.329807169732741,6.0,-64722.32626525672,0.0,64722.32626525672,12000.248965550089,848.2636038280887,0.0,True
649554,94,7,10.5,12.964254140168164,-28771.102717726164,66,66,3.201439529192188,5.9,-65355.88810580231,0.0,65355.88810580231,12234.980630922259,765.3621519289836,0.0,True
649554,94,8,15.162631954118057,18.65469576044655,868934.3201174629,104,104,5.188617369119685,6.0,-21232.86095595203,0.0,21232.86095595203,2449.9176448402745,1221.8306081335156,0.0,False
649554,94,9,11.55,11.202228973605658,-23697.469836539894,66,66,3.3279656973734357,6.0,-43562.107263976766,0.0,43562.107263976766,7865.998437902268,756.783227124223,0.0,True
649554,95,0,10.0,10.0,-35810.00646550855,93,93,4.180822162642174,6.0,-49565.02027469179,5489.898334277269,55054.91860896906,9646.384610386964,1071.5395756028431,548.9898334277269,True
649554,95,1,10.5,17.55210042119207,-83083.25051626252,73,73,3.1805261192569274,5.791963875728813,-92325.18483881264,0.0,92325.18483881264,17521.501430955614,872.0499771715411,0.0,True
649554,95,2,13.822500342011665,19.49415706966664,710884.7286146495,103,103,5.220965047523825,6.0,-7683.641954361956,6176.965899814091,13860.607854176047,985.4342086398156,1209.4556272602085,446.8776087521603,False
649554,95,3,10.5,13.946477018384773,-65707.9468772784,85,85,3.7081813921340157,6.0,-111596.62876896975,0.0,111596.62876896975,21120.952822341133,1014.6602322843823,0.0,True
649554,95,4,10.0,11.209691498899055,-23801.99290243379,82,82,3.7420670870657977,6.0,-83543.7924288141,1.2434497875801738e-13,83543.7924288141,15557.463027717895,967.6789222370408,1.2434497875801737e-14,True
649554,95,5,14.550000360012278,19.494157069666645,259258.1765989872,106,106,5.248976892512814,6.0,-15677.679247932463,0.0,15677.679247932463,1263.5895539482317,1263.5895539482317,0.0,False
649554,95,6,10.0,12.448647286038655,-16761.25819510054,71,71,3.329807169732741,6.0,-64722.32626525672,0.0,64722.32626525672,12000.248965550089,848.2636038280887,0.0,True
649554,95,7,10.5,12.964254140168164,-28771.102717726164,66,66,3.201439529192188,5.9,-65355.88810580231,0.0,65355.88810580231,12234.980630922259,765.3621519289836,0.0,True
649554,95,8,13.64636875870625,17.72196097242422,907299.1892162719,105,105,5.238617369119685,6.0,41025.67500091232,50029.38102634085,9003.70602542853,0.0,1216.2137569234692,3666.1314017637546,False
649554,95,9,11.55,11.202228973605658,-23697.469836539894,66,66,3.3279656973734357,6.0,-43562.107263976766,0.0,43562.107263976766,7865.998437902268,756.783227124223,0.0,True
649554,96,0,10.0,10.0,-35810.00646550855,93,93,4.180822162642174,6.0,-49565.02027469179,5489.898334277269,55054.91860896906,9646.384610386964,1071.5395756028431,548.9898334277269,True
649554,96,1,10.5,17.55210042119207,-83083.25051626252,73,73,3.1805261192569274,5.791963875728813,-92325.18483881264,0.0,92325.18483881264,17521.501430955614,872.0499771715411,0.0,True
649554,96,2,12.4402503078105,18.519449216183308,726529.0882175645,104,104,5.270965047523825,6.0,18370.38232139957,27447.71977968937,9077.3374582898,0.0,1220.9297390740498,2206.3639477138627,False
649554,96,3,10.5,13.946477018384773,-65707.9468772784,85,85,3.7081813921340157,6.0,-111596.62876896975,0.0,111596.62876896975,21120.952822341133,1014.6602322843823,0.0,True
649554,96,4,10.0,11.209691498899055,-23801.99290243379,82,82,3.7420670870657977,6.0,-83543.7924288141,1.2434497875801738e-13,83543.7924288141,15557.463027717895,967.6789222370408,1.2434497875801737e-14,True
649554,96,5,13.095000324011052,18.51944921618331,250150.96959222906,107,107,5.298976892512814,6.0,-6325.625940625034,11491.1097379486,17816.735678573634,1661.4924104048075,1275.4217150761115,877.5188586195335,False
649554,96,6,10.0,12.448647286038655,-16761.25819510054,71,71,3.329807169732741,6.0,-64722.32626525672,0.0,64722.32626525672,12000.248965550089,848.2636038280887,0.0,True
649554,96,7,10.5,12.964254140168164,-28771.102717726164,66,66,3.201439529192188,5.9,-65355.88810580231,0.0,65355.88810580231,12234.980630922259,765.3621519289836,0.0,True
649554,96,8,12.964050320770937,16.83586292380301,911480.6911001593,106,106,5.2886173691196845,6.0,6766.103353806324,15912.251133574091,9146.147779767767,0.0,1227.4135582518963,1227.4135582518961,False
649554,96,9,11.55,11.202228973605658,-23697.469836539894,66,66,3.3279656973734357,6.0,-43562.107263976766,0.0,43562.107263976766,7865.998437902268,756.783227124223,0.0,True
649554,97,0,10.0,10.0,-35810.00646550855,93,93,4.180822162642174,6.0,-49565.02027469179,5489.898334277269,55054.91860896906,9646.384610386964,1071.5395756028431,548.9898334277269,True
649554,97,1,10.5,17.55210042119207,-83083.25051626252,73,73,3.1805261192569274,5.791963875728813,-92325.18483881264,0.0,92325.18483881264,17521.501430955614,872.0499771715411,0.0,True
649554,97,2,11.818237792419975,20.37139413780164,728932.5408215931,105,105,5.320965047523825,6.0,5342.448988503131,14564.822685665267,9222.373697162137,0.0,1232.4022363982983,1232.4022363982986,False
649554,97,3,10.5,13.946477018384773,-65707.9468772784,85,85,3.7081813921340157,6.0,-111596.62876896975,0.0,111596.62876896975,21120.952822341133,1014.6602322843823,0.0,True
649554,97,4,10.0,11.209691498899055,-23801.99290243379,82,82,3.7420670870657977,6.0,-83543.7924288141,1.2434497875801738e-13,83543.7924288141,15557.463027717895,967.6789222370408,1.2434497875801737e-14,True
649554,97,5,11.785500291609946,20.371394137801644,272243.3014688079,108,108,5.348976892512813,6.0,25092.4424434606,34752.426880336185,9659.984436875584,0.0,1287.251895772523,2948.7443061773383,False
649554,97,6,10.0,12.448647286038655,-16761.25819510054,71,71,3.329807169732741,6.0,-64722.32626525672,0.0,64722.32626525672,12000.248965550089,848.2636038280887,0.0,True
649554,97,7,10.5,12.964254140168164,-28771.102717726164,66,66,3.201439529192188,5.9,-65355.88810580231,0.0,65355.88810580231,12234.980630922259,765.3621519289836,0.0,True
649554,97,8,14.260455352848032,18.51944921618331,902878.3297396491,107,107,5.338617369119684,6.0,-5820.780294377105,7153.369130726472,12974.149425103577,736.9490091642222,1238.5717802279696,501.6227710637468,False
649554,97,9,11.55,11.202228973605658,-23697.469836539894,66,66,3.3279656973734357,6.0,-43562.107263976766,0.0,43562.107263976766,7865.998437902268,756.783227124223,0.0,True
649554,98,0,10.0,10.0,-35810.00646550855,93,93,4.180822162642174,6.0,-49565.02027469179,5489.898334277269,55054.91860896906,9646.384610386964,1071.5395756028431,548.9898334277269,True
649554,98,1,10.5,17.55210042119207,-83083.25051626252,73,73,3.1805261192569274,5.791963875728813,-92325.18483881264,0.0,92325.18483881264,17521.501430955614,872.0499771715411,0.0,True
649554,98,2,13.000061571661973,22.408533551581808,732670.1038311893,106,106,5.370965047523825,6.0,6912.86756606726,16426.742002635896,9513.874436568636,0.0,1263.5895539482317,1263.5895539482312,False
649554,98,3,10.5,13.946477018384773,-65707.9468772784,85,85,3.7081813921340157,6.0,-111596.62876896975,0.0,111596.62876896975,21120.952822341133,1014.6602322843823,0.0,True
649554,98,4,10.0,11.209691498899055,-23801.99290243379,82,82,3.7420670870657977,6.0,-83543.7924288141,1.2434497875801738e-13,83543.7924288141,15557.463027717895,967.6789222370408,1.2434497875801737e-14,True
649554,98,5,11.196225277029448,19.35282443091156,273991.8932313117,109,109,5.398976892512813,6.0,4658.049625473273,14324.00846770283,9665.958842229556,0.0,1279.3605088574297,1279.3605088574313,False
649554,98,6,10.0,12.448647286038655,-16761.25819510054,71,71,3.329807169732741,6.0,-64722.32626525672,0.0,64722.32626525672,12000.248965550089,848.2636038280887,0.0,True
649554,98,7,10.5,12.964254140168164,-28771.102717726164,66,66,3.201439529192188,5.9,-65355.88810580231,0.0,65355.88810580231,12234.980630922259,765.3621519289836,0.0,True
649554,98,8,12.834409817563229,17.593476755374144,916242.2617045451,108,108,5.388617369119684,6.0,16064.027454482235,25497.73865305123,9433.711198568995,0.0,1249.7211233539822,1986.6701325182003,False
649554,98,9,11.55,11.202228973605658,-23697.469836539894,66,66,3.3279656973734357,6.0,-43562.107263976766,0.0,43562.107263976766,7865.998437902268,756.783227124223,0.0,True
649554,99,0,10.0,10.0,-35810.00646550855,93,93,4.180822162642174,6.0,-49565.02027469179,5489.898334277269,55054.91860896906,9646.384610386964,1071.5395756028431,548.9898334277269,True
649554,99,1,10.5,17.55210042119207,-83083.25051626252,73,73,3.1805261192569274,5.791963875728813,-92325.18483881264,0.0,92325.18483881264,17521.501430955614,872.0499771715411,0.0,True
649554,99,2,14.300067728828171,21.288106874002718,738027.8961350507,107,107,5.420965047523825,6.0,8435.619739377249,17951.4615313294,9515.841791952153,0.0,1255.3410145841608,1255.3410145841628,False
649554,99,3,10.5,13.946477018384773,-65707.9468772784,85,85,3.7081813921340157,6.0,-111596.62876896975,0.0,111596.62876896975,21120.952822341133,1014.6602322843823,0.0,True
649554,99,4,10.0,11.209691498899055,-23801.99290243379,82,82,3.7420670870657977,6.0,-83543.7924288141,1.2434497875801738e-13,83543.7924288141,15557.463027717895,967.6789222370408,1.2434497875801737e-14,True
649554,99,5,12.315847804732394,21.288106874002718,277030.1993602188,110,110,5.448976892512813,6.0,6179.997885044961,16144.887416151609,9964.889531106648,0.0,1310.9034531871923,1310.9034531871932,False
649554,99,6,10.0,12.448647286038655,-16761.25819510054,71,71,3.329807169732741,6.0,-64722.32626525672,0.0,64722.32626525672,12000.248965550089,848.2636038280887,0.0,True
649554,99,7,10.5,12.964254140168164,-28771.102717726164,66,66,3.201439529192188,5.9,-65355.88810580231,0.0,65355.88810580231,12234.980630922259,765.3621519289836,0.0,True
649554,99,8,12.834409817563229,19.35282443091156,919936.0839428068,109,109,5.438617369119684,6.0,6603.280101231172,16182.254183639132,9578.97408240796,0.0,1260.8491090485954,1260.8491090485945,False
649554,99,9,11.55,11.202228973605658,-23697.469836539894,66,66,3.3279656973734357,6.0,-43562.107263976766,0.0,43562.107263976766,7865.998437902268,756.783227124223,0.0,True
649554,100,0,10.0,10.0,-35810.00646550855,93,93,4.180822162642174,6.0,-49565.02027469179,5489.898334277269,55054.91860896906,9646.384610386964,1071.5395756028431,548.9898334277269,True
649554,100,1,10.5,17.55210042119207,-83083.25051626252,73,73,3.1805261192569274,5.791963875728813,-92325.18483881264,0.0,92325.18483881264,17521.501430955614,872.0499771715411,0.0,True
649554,100,2,15.73007450171099,20.22370153030258,745156.7559320974,108,108,5.4709650475238245,6.0,10113.019562314064,19641.89564899871,9528.876086684646,0.0,1248.6842097831266,1248.6842097831275,False
649554,100,3,10.5,13.946477018384773,-65707.9468772784,85,85,3.7081813921340157,6.0,-111596.62876896975,0.0,111596.62876896975,21120.952822341133,1014.6602322843823,0.0,True
649554,100,4,10.0,11.209691498899055,-23801.99290243379,82,82,3.7420670870657977,6.0,-83543.7924288141,1.2434497875801738e-13,83543.7924288141,15557.463027717895,967.6789222370408,1.2434497875801737e-14,True
649554,100,5,13.547432585205636,20.22370153030258,281659.9421536609,111,111,5.498976892512813,6.0,7674.57366330657,17637.602267594157,9963.028604287587,0.0,1301.9147470683988,1301.9147470683972,False
649554,100,6,10.0,12.448647286038655,-16761.25819510054,71,71,3.329807169732741,6.0,-64722.32626525672,0.0,64722.32626525672,12000.248965550089,848.2636038280887,0.0,True
649554,100,7,10.5,12.964254140168164,-28771.102717726164,66,66,3.201439529192188,5.9,-65355.88810580231,0.0,65355.88810580231,12234.980630922259,765.3621519289836,0.0,True
649554,100,8,14.117850799319553,21.288106874002718,925284.6771823019,110,110,5.488617369119684,6.0,8490.284995633,18507.13936440958,10016.854368776581,0.0,1310.9034531871923,1310.9034531871935,False
649554,100,9,11.55,11.202228973605658,-23697.469836539894,66,66,3.3279656973734357,6.0,-43562.107263976766,0.0,43562.107263976766,7865.998437902268,756.783227124223,0.0,True
649554,101,0,10.0,10.0,-35810.00646550855,93,93,4.180822162642174,6.0,-49565.02027469179,5489.898334277269,55054.91860896906,9646.384610386964,1071.5395756028431,548.9898334277269,True
649554,101,1,10.5,17.55210042119207,-83083.25051626252,73,73,3.1805261192569274,5.791963875728813,-92325.18483881264,0.0,92325.18483881264,17521.501430955614,872.0499771715411,0.0,True
649554,101,2,17.30308195188209,19.21251645378745,754386.269775169,109,109,5.520965047523824,6.0,12123.678136537377,21798.718501321422,9675.040364784045,0.0,1259.817098592098,1259.8170985921,False
649554,101,3,10.5,13.946477018384773,-65707.9468772784,85,85,3.7081813921340157,6.0,-111596.62876896975,0.0,111596.62876896975,21120.952822341133,1014.6602322843823,0.0,True
649554,101,4,10.0,11.209691498899055,-23801.99290243379,82,82,3.7420670870657977,6.0,-83543.7924288141,1.2434497875801738e-13,83543.7924288141,15557.463027717895,967.6789222370408,1.2434497875801737e-14,True
649554,101,5,14.9021758437262,19.21251645378745,288165.52486520325,112,112,5.548976892512813,6.0,9457.384554369726,19571.895684388477,10114.511130018751,0.0,1313.3582565144834,1313.3582565144823,False
649554,101,6,10.0,12.448647286038655,-16761.25819510054,71,71,3.329807169732741,6.0,-64722.32626525672,0.0,64722.32626525672,12000.248965550089,848.2636038280887,0.0,True
649554,101,7,10.5,12.964254140168164,-28771.102717726164,66,66,3.201439529192188,5.9,-65355.88810580231,0.0,65355.88810580231,12234.980630922259,765.3621519289836,0.0,True
649554,101,8,15.52963587925151,20.22370153030258,932609.7788523642,111,111,5.538617369119684,6.0,10369.93253992033,20541.462068332366,10171.529528412037,0.0,1322.7265744058388,1322.7265744058395,False
649554,101,9,11.55,11.202228973605658,-23697.469836539894,66,66,3.3279656973734357,6.0,-43562.107263976766,0.0,43562.107263976766,7865.998437902268,756.783227124223,0.0,True
649554,102,0,10.0,10.0,-35810.00646550855,93,93,4.180822162642174,6.0,-49565.02027469179,5489.898334277269,55054.91860896906,9646.384610386964,1071.5395756028431,548.9898334277269,True
649554,102,1,10.5,17.55210042119207,-83083.25051626252,73,73,3.1805261192569274,5.791963875728813,-92325.18483881264,0.0,92325.18483881264,17521.501430955614,872.0499771715411,0.0,True
649554,102,2,19.0333901470703,18.251890631098078,756610.9395438088,110,110,5.570965047523824,6.0,5032.377738054613,16796.850168866953,11764.47243081234,388.4460860809477,1270.9399581173175,882.4938720363696,False
649554,102,3,10.5,13.946477018384773,-65707.9468772784,85,85,3.7081813921340157,6.0,-111596.62876896975,0.0,111596.62876896975,21120.952822341133,1014.6602322843823,0.0,True
649554,102,4,10.0,11.209691498899055,-23801.99290243379,82,82,3.7420670870657977,6.0,-83543.7924288141,1.2434497875801738e-13,83543.7924288141,15557.463027717895,967.6789222370408,1.2434497875801737e-14,True
649554,102,5,16.39239342809882,18.251890631098078,296752.58123804943,113,113,5.5989768925128125,6.0,11449.520014160647,21716.64614633274,10267.126132172092,0.0,1324.8002033130433,1324.800203313045,False
649554,102,6,10.0,12.448647286038655,-16761.25819510054,71,71,3.329807169732741,6.0,-64722.32626525672,0.0,64722.32626525672,12000.248965550089,848.2636038280887,0.0,True
649554,102,7,10.5,12.964254140168164,-28771.102717726164,66,66,3.201439529192188,5.9,-65355.88810580231,0.0,65355.88810580231,12234.980630922259,765.3621519289836,0.0,True
649554,102,8,17.082599467176664,19.21251645378745,942128.1647369766,112,112,5.588617369119683,6.0,12470.187727439828,22797.572176388254,10327.384448948425,0.0,1334.5493594340035,1334.5493594340028,False
649554,102,9,11.55,11.202228973605658,-23697.469836539894,66,66,3.3279656973734357,6.0,-43562.107263976766,0.0,43562.107263976766,7865.998437902268,756.783227124223,0.0,True
649554,103,0,10.0,10.0,-35810.00646550855,93,93,4.180822162642174,6.0,-49565.02027469179,5489.898334277269,55054.91860896906,9646.384610386964,1071.5395756028431,548.9898334277269,True
649554,103,1,10.5,17.55210042119207,-83083.25051626252,73,73,3.1805261192569274,5.791963875728813,-92325.18483881264,0.0,92325.18483881264,17521.501430955614,872.0499771715411,0.0,True
649554,103,2,17.13005113236327,17.339296099543173,772531.5100925989,111,111,5.620965047523824,6.0,18645.232415834216,28615.696492729756,9970.46407689554,0.0,1282.0507660076623,1670.496852088609,False
649554,103,3,10.5,13.946477018384773,-65707.9468772784,85,85,3.7081813921340157,6.0,-111596.62876896975,0.0,111596.62876896975,21120.952822341133,1014.6602322843823,0.0,True
649554,103,4,10.0,11.209691498899055,-23801.99290243379,82,82,3.7420670870657977,6.0,-83543.7924288141,1.2434497875801738e-13,83543.7924288141,15557.463027717895,967.6789222370408,1.2434497875801737e-14,True
649554,103,5,18.031632770908704,17.339296099543173,307649.61193976214,114,114,5.648976892512812,6.0,13673.710457061998,24094.572242560756,10420.861785498759,0.0,1336.2390721174006,1336.2390721174004,False
649554,103,6,10.0,12.448647286038655,-16761.25819510054,71,71,3.329807169732741,6.0,-64722.32626525672,0.0,64722.32626525672,12000.248965550089,848.2636038280887,0.0,True
649554,103,7,10.5,12.964254140168164,-28771.102717726164,66,66,3.201439529192188,5.9,-65355.88810580231,0.0,65355.88810580231,12234.980630922259,765.3621519289836,0.0,True
649554,103,8,18.79085941389433,18.251890631098078,928457.2359995155,113,113,5.638617369119683,6.0,-10808.465096153226,5061.117247424059,15869.582343577285,1077.032554917791,1346.3718722925853,269.33931737479605,False
649554,103,9,11.55,11.202228973605658,-23697.469836539894,66,66,3.3279656973734357,6.0,-43562.107263976766,0.0,43562.107263976766,7865.998437902268,756.783227124223,0.0,True
649554,104,0,10.0,10.0,-35810.00646550855,93,93,4.180822162642174,6.0,-49565.02027469179,5489.898334277269,55054.91860896906,9646.384610386964,1071.5395756028431,548.9898334277269,True
649554,104,1,10.5,17.55210042119207,-83083.25051626252,73,73,3.1805261192569274,5.791963875728813,-92325.18483881264,0.0,92325.18483881264,17521.501430955614,872.0499771715411,0.0,True
649554,104,2,17.13005113236327,19.073225709497493,771743.9503980818,112,112,5.670965047523824,6.0,2148.6415849461973,14907.421482424232,12758.779897478034,464.2996814128973,1334.5493594340035,870.2496780211068,False
649554,104,3,10.5,13.946477018384773,-65707.9468772784,85,85,3.7081813921340157,6.0,-111596.62876896975,0.0,111596.62876896975,21120.952822341133,1014.6602322843823,0.0,True
649554,104,4,10.0,11.209691498899055,-23801.99290243379,82,82,3.7420670870657977,6.0,-83543.7924288141,1.2434497875801738e-13,83543.7924288141,15557.463027717895,967.6789222370408,1.2434497875801737e-14,True
649554,104,5,19.834796047999575,16.472331294566015,287890.51692350494,115,115,5.698976892512812,6.0,-17064.776917383133,6.750155989720952e-14,17064.776917383133,1328.0421769509978,1328.0421769509978,3.403189008541247e-15,False
649554,104,6,10.0,12.448647286038655,-16761.25819510054,71,71,3.329807169732741,6.0,-64722.32626525672,0.0,64722.32626525672,12000.248965550089,848.2636038280887,0.0,True
649554,104,7,10.5,12.964254140168164,-28771.102717726164,66,66,3.201439529192188,5.9,-65355.88810580231,0.0,65355.88810580231,12234.980630922259,765.3621519289836,0.0,True
649554,104,8,16.911773472504898,17.339296099543173,956021.2042583767,114,114,5.688617369119683,6.0,30340.64801420391,40815.95935550228,10475.31134129837,0.0,1336.4316167647776,2413.464171682569,False
649554,104,9,11.55,11.202228973605658,-23697.469836539894,66,66,3.3279656973734357,6.0,-43562.107263976766,0.0,43562.107263976766,7865.998437902268,756.783227124223,0.0,True
649554,105,0,10.0,10.0,-35810.00646550855,93,93,4.180822162642174,6.0,-49565.02027469179,5489.898334277269,55054.91860896906,9646.384610386964,1071.5395756028431,548.9898334277269,True
649554,105,1,10.5,17.55210042119207,-83083.25051626252,73,73,3.1805261192569274,5.791963875728813,-92325.18483881264,0.0,92325.18483881264,17521.501430955614,872.0499771715411,0.0,True
649554,105,2,15.417046019126945,18.119564424022617,786216.356120227,113,113,5.720965047523824,6.0,17319.916502061245,27915.206669001505,10595.29016694026,0.0,1346.3718722925853,1810.6715537054822,False
649554,105,3,10.5,13.946477018384773,-65707.9468772784,85,85,3.7081813921340157,6.0,-111596.62876896975,0.0,111596.62876896975,21120.952822341133,1014.6602322843823,0.0,True
649554,105,4,10.0,11.209691498899055,-23801.99290243379,82,82,3.7420670870657977,6.0,-83543.7924288141,1.2434497875801738e-13,83543.7924288141,15557.463027717895,967.6789222370408,1.2434497875801737e-14,True
649554,105,5,17.851316443199618,15.648714729837714,266452.9755739998,116,116,5.748976892512812,6.0,-18822.290440846282,3976.66520772805,22798.95564857433,2444.409144828743,1339.132903397474,222.7659355197271,False
649554,105,6,10.0,12.448647286038655,-16761.25819510054,71,71,3.329807169732741,6.0,-64722.32626525672,0.0,64722.32626525672,12000.248965550089,848.2636038280887,0.0,True
649554,105,7,10.5,12.964254140168164,-28771.102717726164,66,66,3.201439529192188,5.9,-65355.88810580231,0.0,65355.88810580231,12234.980630922259,765.3621519289836,0.0,True
649554,105,8,16.06618479887965,16.472331294566015,964351.3397134888,115,115,5.738617369119683,6.0,11024.453553986208,21655.080740664955,10630.627186678747,0.0,1347.8670270352566,1347.867027035257,False
649554,105,9,11.55,11.202228973605658,-23697.469836539894,66,66,3.3279656973734357,6.0,-43562.107263976766,0.0,43562.107263976766,7865.998437902268,756.783227124223,0.0,True
649554,106,0,10.0,10.0,-35810.00646550855,93,93,4.180822162642174,6.0,-49565.02027469179,5489.898334277269,55054.91860896906,9646.384610386964,1071.5395756028431,548.9898334277269,True
649554,106,1,10.5,17.55210042119207,-83083.25051626252,73,73,3.1805261192569274,5.791963875728813,-92325.18483881264,0.0,92325.18483881264,17521.501430955614,872.0499771715411,0.0,True
649554,106,2,15.417046019126945,19.93152086642488,793329.0188528311,114,114,5.770965047523823,6.0,10184.856111380892,20939.328940640647,10754.472829259756,0.0,1358.1933215132503,1358.1933215132497,False
649554,106,3,10.5,13.946477018384773,-65707.9468772784,85,85,3.7081813921340157,6.0,-111596.62876896975,0.0,111596.62876896975,21120.952822341133,1014.6602322843823,0.0,True
649554,106,4,10.0,11.209691498899055,-23801.99290243379,82,82,3.7420670870657977,6.0,-83543.7924288141,1.2434497875801738e-13,83543.7924288141,15557.463027717895,967.6789222370408,1.2434497875801737e-14,True
649554,106,5,16.066184798879657,14.866278993345828,275948.68735821935,117,117,5.798976892512812,6.0,12035.066426444224,31831.9922187481,19796.925792303875,1813.3225996443775,1350.2172065917155,1981.3037517760806,False
649554,106,6,10.0,12.448647286038655,-16761.25819510054,71,71,3.329807169732741,6.0,-64722.32626525672,0.0,64722.32626525672,12000.248965550089,848.2636038280887,0.0,True
649554,106,7,10.5,12.964254140168164,-28771.102717726164,66,66,3.201439529192188,5.9,-65355.88810580231,0.0,65355.88810580231,12234.980630922259,765.3621519289836,0.0,True
649554,106,8,17.672803278767617,18.119564424022617,943865.9016463789,116,116,5.788617369119683,6.0,-17583.568593921744,7.105427357601002e-15,17583.568593921744,1359.3000785133631,1359.3000785133631,4.0205434562481516e-16,False
649554,106,9,11.55,11.202228973605658,-23697.469836539894,66,66,3.3279656973734357,6.0,-43562.107263976766,0.0,43562.107263976766,7865.998437902268,756.783227124223,0.0,True
649554,107,0,10.0,10.0,-35810.00646550855,93,93,4.180822162642174,6.0,-49565.02027469179,5489.898334277269,55054.91860896906,9646.384610386964,1071.5395756028431,548.9898334277269,True
649554,107,1,10.5,17.55210042119207,-83083.25051626252,73,73,3.1805261192569274,5.791963875728813,-92325.18483881264,0.0,92325.18483881264,17521.501430955614,872.0499771715411,0.0,True
649554,107,2,16.95875062103964,18.934944823103635,772586.5918930355,115,115,5.820965047523823,6.0,-17764.908305133176,0.0,17764.908305133176,1370.0145223097363,1370.0145223097363,0.0,False
649554,107,3,10.5,13.946477018384773,-65707.9468772784,85,85,3.7081813921340157,6.0,-111596.62876896975,0.0,111596.62876896975,21120.952822341133,1014.6602322843823,0.0,True
649554,107,4,10.0,11.209691498899055,-23801.99290243379,82,82,3.7420670870657977,6.0,-83543.7924288141,1.2434497875801738e-13,83543.7924288141,15557.463027717895,967.6789222370408,1.2434497875801737e-14,True
649554,107,5,14.459566318991692,16.352906892680412,308237.8661479132,118,118,5.848976892512812,6.0,35018.82180302752,45903.59608712016,10884.774284092646,0.0,1361.2951637410117,3174.6177633853927,False
649554,107,6,10.0,12.448647286038655,-16761.25819510054,71,71,3.329807169732741,6.0,-64722.32626525672,0.0,64722.32626525672,12000.248965550089,848.2636038280887,0.0,True
649554,107,7,10.5,12.964254140168164,-28771.102717726164,66,66,3.201439529192188,5.9,-65355.88810580231,0.0,65355.88810580231,12234.980630922259,765.3621519289836,0.0,True
649554,107,8,15.905522950890855,17.213586202821485,925238.9533705022,117,117,5.8386173691196825,6.0,-15812.958690146439,6681.444570272215,22494.403260418654,2309.9576788919517,1370.7283261825512,420.07072580395686,False
649554,107,9,11.55,11.202228973605658,-23697.469836539894,66,66,3.3279656973734357,6.0,-43562.107263976766,0.0,43562.107263976766,7865.998437902268,756.783227124223,0.0,True
649554,108,0,10.0,10.0,-35810.00646550855,93,93,4.180822162642174,6.0,-49565.02027469179,5489.898334277269,55054.91860896906,9646.384610386964,1071.5395756028431,548.9898334277269,True
649554,108,1,10.5,17.55210042119207,-83083.25051626252,73,73,3.1805261192569274,5.791963875728813,-92325.18483881264,0.0,92325.18483881264,17521.501430955614,872.0499771715411,0.0,True
649554,108,2,15.262875558935677,17.98819758194845,745167.0933449165,116,116,5.870965047523823,6.0,-24532.867628611708,0.0,24532.867628611708,2728.3272014686663,1358.3126791589298,0.0,False
649554,108,3,10.5,13.946477018384773,-65707.9468772784,85,85,3.7081813921340157,6.0,-111596.62876896975,0.0,111596.62876896975,21120.952822341133,1014.6602322843823,0.0,True
649554,108,4,10.0,11.209691498899055,-23801.99290243379,82,82,3.7420670870657977,6.0,-83543.7924288141,1.2434497875801738e-13,83543.7924288141,15557.463027717895,967.6789222370408,1.2434497875801737e-14,True
649554,108,5,14.459566318991692,17.988197581948455,286815.637529086,119,119,5.898976892512811,6.0,-18481.633106574125,0.0,18481.633106574125,1417.2932674362467,1417.2932674362467,0.0,False
649554,108,6,10.0,12.448647286038655,-16761.25819510054,71,71,3.329807169732741,6.0,-64722.32626525672,0.0,64722.32626525672,12000.248965550089,848.2636038280887,0.0,True
649554,108,7,10.5,12.964254140168164,-28771.102717726164,66,66,3.201439529192188,5.9,-65355.88810580231,0.0,65355.88810580231,12234.980630922259,765.3621519289836,0.0,True
649554,108,8,14.31497065580177,16.35290689268041,963510.1086277177,118,118,5.888617369119682,6.0,41000.79827054916,52093.37309377447,11092.574823225306,31.62558142377777,1360.7513730006542,3639.0834704688227,False
649554,108,9,11.55,11.202228973605658,-23697.469836539894,66,66,3.3279656973734357,6.0,-43562.107263976766,0.0,43562.107263976766,7865.998437902268,756.783227124223,0.0,True
649554,109,0,10.0,10.0,-35810.00646550855,93,93,4.180822162642174,6.0,-49565.02027469179,5489.898334277269,55054.91860896906,9646.384610386964,1071.5395756028431,548.9898334277269,True
649554,109,1,10.5,17.55210042119207,-83083.25051626252,73,73,3.1805261192569274,5.791963875728813,-92325.18483881264,0.0,92325.18483881264,17521.501430955614,872.0499771715411,0.0,True
649554,109,2,13.73658800304211,17.08878770285103,710827.7819383506,117,117,5.920965047523823,6.0,-31539.923245333142,3.552713678800501e-15,31539.923245333142,4098.061363963094,1369.7341624944272,2.5863145040192775e-16,False
649554,109,3,10.5,13.946477018384773,-65707.9468772784,85,85,3.7081813921340157,6.0,-111596.62876896975,0.0,111596.62876896975,21120.952822341133,1014.6602322843823,0.0,True
649554,109,4,10.0,11.209691498899055,-23801.99290243379,82,82,3.7420670870657977,6.0,-83543.7924288141,1.2434497875801738e-13,83543.7924288141,15557.463027717895,967.6789222370408,1.2434497875801737e-14,True
649554,109,5,13.013609687092524,17.088787702851032,309446.98582012195,120,120,5.948976892512811,6.0,25482.00281537718,37041.94014507671,11559.937329699535,0.0,1429.1068502664195,2846.4001177026657,False
649554,109,6,10.0,12.448647286038655,-16761.25819510054,71,71,3.329807169732741,6.0,-64722.32626525672,0.0,64722.32626525672,12000.248965550089,848.2636038280887,0.0,True
649554,109,7,10.5,12.964254140168164,-28771.102717726164,66,66,3.201439529192188,5.9,-65355.88810580231,0.0,65355.88810580231,12234.980630922259,765.3621519289836,0.0,True
649554,109,8,13.599222123011682,15.535261548046387,961747.373551151,119,119,5.938617369119682,6.0,885.9610476461876,13887.630150095361,13001.669102449174,382.2475988764812,1371.829703044929,1021.2076855922262,False
649554,109,9,11.55,11.202228973605658,-23697.469836539894,66,66,3.3279656973734357,6.0,-43562.107263976766,0.0,43562.107263976766,7865.998437902268,756.783227124223,0.0,True
649554,110,0,10.0,10.0,-35810.00646550855,93,93,4.180822162642174,6.0,-49565.02027469179,5489.898334277269,55054.91860896906,9646.384610386964,1071.5395756028431,548.9898334277269,True
649554,110,1,10.5,17.55210042119207,-83083.25051626252,73,73,3.1805261192569274,5.791963875728813,-92325.18483881264,0.0,92325.18483881264,17521.501430955614,872.0499771715411,0.0,True
649554,110,2,12.362929202737899,16.234348317708477,683600.2240894011,118,118,5.970965047523823,6.0,-24511.90474745801,10034.862071369713,34546.766818827724,4667.526310360294,1381.1546282524773,811.6896818552831,False
649554,110,3,10.5,13.946477018384773,-65707.9468772784,85,85,3.7081813921340157,6.0,-111596.62876896975,0.0,111596.62876896975,21120.952822341133,1014.6602322843823,0.0,True
649554,110,4,10.0,11.209691498899055,-23801.99290243379,82,82,3.7420670870657977,6.0,-83543.7924288141,1.2434497875801738e-13,83543.7924288141,15557.463027717895,967.6789222370408,1.2434497875801737e-14,True
649554,110,5,12.362929202737897,16.23434831770848,312770.7320417143,121,121,5.998976892512811,6.0,6088.102368037044,17813.981196233715,11725.878828196672,0.0,1440.9191304184296,1440.9191304184308,False
649554,110,6,10.0,12.448647286038655,-16761.25819510054,71,71,3.329807169732741,6.0,-64722.32626525672,0.0,64722.32626525672,12000.248965550089,848.2636038280887,0.0,True
649554,110,7,10.5,12.964254140168164,-28771.102717726164,66,66,3.201439529192188,5.9,-65355.88810580231,0.0,65355.88810580231,12234.980630922259,765.3621519289836,0.0,True
649554,110,8,12.239299910710514,14.758498470644067,969533.0897384691,120,120,5.988617369119682,6.0,10356.736003795868,21604.240283183903,11247.504279388035,0.0,1382.9056730257983,1765.1532719022764,False
649554,110,9,11.55,11.202228973605658,-23697.469836539894,66,66,3.3279656973734357,6.0,-43562.107263976766,0.0,43562.107263976766,7865.998437902268,756.783227124223,0.0,True
649554,111,0,10.0,10.0,-35810.00646550855,93,93,4.180822162642174,6.0,-49565.02027469179,5489.898334277269,55054.91860896906,9646.384610386964,1071.5395756028431,548.9898334277269,True
649554,111,1,10.5,17.55210042119207,-83083.25051626252,73,73,3.1805261192569274,5.791963875728813,-92325.18483881264,0.0,92325.18483881264,17521.501430955614,872.0499771715411,0.0,True
649554,111,2,11.126636282464109,17.857783149479328,712774.0686117094,119,119,6.0,6.0,32098.92071709428,50877.21379958091,18778.29308248663,1487.5401747149745,1392.57402611397,4572.560161759294,False
649554,111,3,10.5,13.946477018384773,-65707.9468772784,85,85,3.7081813921340157,6.0,-111596.62876896975,0.0,111596.62876896975,21120.952822341133,1014.6602322843823,0.0,True
649554,111,4,10.0,11.209691498899055,-23801.99290243379,82,82,3.7420670870657977,6.0,-83543.7924288141,1.2434497875801738e-13,83543.7924288141,15557.463027717895,967.6789222370408,1.2434497875801737e-14,True
649554,111,5,13.599222123011687,17.85778314947933,290706.57990908367,122,122,6.0,6.0,-19085.502588396237,0.0,19085.502588396237,1452.7309683381723,1452.7309683381723,0.0,False
649554,111,6,10.0,12.448647286038655,-16761.25819510054,71,71,3.329807169732741,6.0,-64722.32626525672,0.0,64722.32626525672,12000.248965550089,848.2636038280887,0.0,True
649554,111,7,10.5,12.964254140168164,-28771.102717726164,66,66,3.201439529192188,5.9,-65355.88810580231,0.0,65355.88810580231,12234.980630922259,765.3621519289836,0.0,True
649554,111,8,12.239299910710514,16.234348317708474,948447.0339334069,121,121,6.0,6.0,-18321.69965861746,2.1316282072803006e-14,18321.69965861746,1393.9768968167277,1393.9768968167277,1.7416259286325108e-15,False
649554,111,9,11.55,11.202228973605658,-23697.469836539894,66,66,3.3279656973734357,6.0,-43562.107263976766,0.0,43562.107263976766,7865.998437902268,756.783227124223,0.0,True
649554,112,0,10.0,10.0,-35810.00646550855,93,93,4.180822162642174,6.0,-49565.02027469179,5489.898334277269,55054.91860896906,9646.384610386964,1071.5395756028431,548.9898334277269,True
649554,112,1,10.5,17.55210042119207,-83083.25051626252,73,73,3.1805261192569274,5.791963875728813,-92325.18483881264,0.0,92325.18483881264,17521.501430955614,872.0499771715411,0.0,True
649554,112,2,10.013972654217698,19.64356146442726,727191.2099840209,120,120,6.0,6.0,17574.36874803772,29207.223550169074,11632.854802131356,0.0,1429.1068502664195,2916.6470249813933,False
649554,112,3,10.5,13.946477018384773,-65707.9468772784,85,85,3.7081813921340157,6.0,-111596.62876896975,0.0,111596.62876896975,21120.952822341133,1014.6602322843823,0.0,True
649554,112,4,10.0,11.209691498899055,-23801.99290243379,82,82,3.7420670870657977,6.0,-83543.7924288141,1.2434497875801738e-13,83543.7924288141,15557.463027717895,967.6789222370408,1.2434497875801737e-14,True
649554,112,5,12.23929991071052,16.964893992005365,261643.735229014,123,123,6.0,6.0,-26176.16271905355,1.5987211554602254e-14,26176.16271905355,2892.1546512122254,1439.4236828740532,1.3062194464743825e-15,False
649554,112,6,10.0,12.448647286038655,-16761.25819510054,71,71,3.329807169732741,6.0,-64722.32626525672,0.0,64722.32626525672,12000.248965550089,848.2636038280887,0.0,True
649554,112,7,10.5,12.964254140168164,-28771.102717726164,66,66,3.201439529192188,5.9,-65355.88810580231,0.0,65355.88810580231,12234.980630922259,765.3621519289836,0.0,True
649554,112,8,11.015369919639463,15.42263090182305,953171.9856941546,122,122,6.0,6.0,7406.512730767043,22588.701268584227,15182.188537817185,748.3676759481325,1405.0437697595653,2050.652990628168,False
649554,112,9,11.55,11.202228973605658,-23697.469836539894,66,66,3.3279656973734357,6.0,-43562.107263976766,0.0,43562.107263976766,7865.998437902268,756.783227124223,0.0,True
649554,113,0,10.0,10.0,-35810.00646550855,93,93,4.180822162642174,6.0,-49565.02027469179,5489.898334277269,55054.91860896906,9646.384610386964,1071.5395756028431,548.9898334277269,True
649554,113,1,10.5,17.55210042119207,-83083.25051626252,73,73,3.1805261192569274,5.791963875728813,-92325.18483881264,0.0,92325.18483881264,17521.501430955614,872.0499771715411,0.0,True
649554,113,2,11.015369919639468,21.60791761086999,704844.7032576618,121,121,6.0,6.0,-18931.948695439583,1.0658141036401503e-14,18931.948695439583,1440.9191304184296,1440.9191304184296,9.675699603513944e-16,False
649554,113,3,10.5,13.946477018384773,-65707.9468772784,85,85,3.7081813921340157,6.0,-111596.62876896975,0.0,111596.62876896975,21120.952822341133,1014.6602322843823,0.0,True
649554,113,4,10.0,11.209691498899055,-23801.99290243379,82,82,3.7420670870657977,6.0,-83543.7924288141,1.2434497875801738e-13,83543.7924288141,15557.463027717895,967.6789222370408,1.2434497875801737e-14,True
649554,113,5,11.015369919639468,16.116649292405096,270920.36704660795,124,124,6.0,6.0,12075.096329852706,31361.410126228,19286.313796375292,1495.9290393305303,1450.8335749653302,2847.059186847032,False
649554,113,6,10.0,12.448647286038655,-16761.25819510054,71,71,3.329807169732741,6.0,-64722.32626525672,0.0,64722.32626525672,12000.248965550089,848.2636038280887,0.0,True
649554,113,7,10.5,12.964254140168164,-28771.102717726164,66,66,3.201439529192188,5.9,-65355.88810580231,0.0,65355.88810580231,12234.980630922259,765.3621519289836,0.0,True
649554,113,8,10.0,14.651499356731897,960685.7345096718,123,123,6.0,6.0,10115.883236394438,21644.70914404685,11528.825907652412,0.0,1416.1032384565515,2164.470914404685,False
649554,113,9,11.55,11.202228973605658,-23697.469836539894,66,66,3.3279656973734357,6.0,-43562.107263976766,0.0,43562.107263976766,7865.998437902268,756.783227124223,0.0,True
649554,114,0,10.0,10.0,-35810.00646550855,93,93,4.180822162642174,6.0,-49565.02027469179,5489.898334277269,55054.91860896906,9646.384610386964,1071.5395756028431,548.9898334277269,True
649554,114,1,10.5,17.55210042119207,-83083.25051626252,73,73,3.1805261192569274,5.791963875728813,-92325.18483881264,0.0,92325.18483881264,17521.501430955614,872.0499771715411,0.0,True
649554,114,2,10.0,20.52752173032649,710233.9255948421,122,122,6.0,6.0,8693.579988274989,23322.452152508908,14628.872164233919,561.404883505708,1452.7309683381723,2332.245215250891,False
649554,114,3,10.5,13.946477018384773,-65707.9468772784,85,85,3.7081813921340157,6.0,-111596.62876896975,0.0,111596.62876896975,21120.952822341133,1014.6602322843823,0.0,True
649554,114,4,10.0,11.209691498899055,-23801.99290243379,82,82,3.7420670870657977,6.0,-83543.7924288141,1.2434497875801738e-13,83543.7924288141,15557.463027717895,967.6789222370408,1.2434497875801737e-14,True
649554,114,5,10.0,17.728314221645608,285588.0980821124,125,125,6.0,6.0,17683.770313212175,29581.689992839732,11897.919679627556,0.0,1462.2399599534444,2958.1689992839733,False
649554,114,6,10.0,12.448647286038655,-16761.25819510054,71,71,3.329807169732741,6.0,-64722.32626525672,0.0,64722.32626525672,12000.248965550089,848.2636038280887,0.0,True
649554,114,7,10.5,12.964254140168164,-28771.102717726164,66,66,3.201439529192188,5.9,-65355.88810580231,0.0,65355.88810580231,12234.980630922259,765.3621519289836,0.0,True
649554,114,8,11.0,13.9189243888953,939406.8052296413,124,124,6.0,6.0,-18752.98265580186,1.4210854715202004e-14,18752.98265580186,1427.1525119847586,1427.1525119847586,1.2918958832001822e-15,False
649554,114,9,11.55,11.202228973605658,-23697.469836539894,66,66,3.3279656973734357,6.0,-43562.107263976766,0.0,43562.107263976766,7865.998437902268,756.783227124223,0.0,True
649554,115,0,10.0,10.0,-35810.00646550855,93,93,4.180822162642174,6.0,-49565.02027469179,5489.898334277269,55054.91860896906,9646.384610386964,1071.5395756028431,548.9898334277269,True
649554,115,1,10.5,17.55210042119207,-83083.25051626252,73,73,3.1805261192569274,5.791963875728813,-92325.18483881264,0.0,92325.18483881264,17521.501430955614,872.0499771715411,0.0,True
649554,115,2,10.0,19.501145643810165,715378.418558409,123,123,6.0,6.0,8343.133877749855,20259.474048521115,11916.34017077126,0.0,1464.5425213464075,2025.9474048521115,False
649554,115,3,10.5,13.946477018384773,-65707.9468772784,85,85,3.7081813921340157,6.0,-111596.62876896975,0.0,111596.62876896975,21120.952822341133,1014.6602322843823,0.0,True
649554,115,4,10.0,11.209691498899055,-23801.99290243379,82,82,3.7420670870657977,6.0,-83543.7924288141,1.2434497875801738e-13,83543.7924288141,15557.463027717895,967.6789222370408,1.2434497875801737e-14,True
649554,115,5,11.0,16.841898510563325,266727.97191476123,126,126,6.0,6.0,-15938.046955017813,2350.7626398009843,18288.8095948188,1259.935695276915,1473.6413898042779,213.70569452736223,False
649554,115,6,10.0,12.448647286038655,-16761.25819510054,71,71,3.329807169732741,6.0,-64722.32626525672,0.0,64722.32626525672,12000.248965550089,848.2636038280887,0.0,True
649554,115,7,10.5,12.964254140168164,-28771.102717726164,66,66,3.201439529192188,5.9,-65355.88810580231,0.0,65355.88810580231,12234.980630922259,765.3621519289836,0.0,True
649554,115,8,10.0,13.222978169450535,953901.8621010878,125,125,6.0,6.0,16947.929142627523,28653.545233747303,11705.616091119782,0.0,1438.2020113899728,2865.3545233747304,False
649554,115,9,11.55,11.202228973605658,-23697.469836539894,66,66,3.3279656973734357,6.0,-43562.107263976766,0.0,43562.107263976766,7865.998437902268,756.783227124223,0.0,True
649554,116,0,10.0,10.0,-35810.00646550855,93,93,4.180822162642174,6.0,-49565.02027469179,5489.898334277269,55054.91860896906,9646.384610386964,1071.5395756028431,548.9898334277269,True
649554,116,1,10.5,17.55210042119207,-83083.25051626252,73,73,3.1805261192569274,5.791963875728813,-92325.18483881264,0.0,92325.18483881264,17521.501430955614,872.0499771715411,0.0,True
649554,116,2,11.0,18.526088361619657,703516.8073561467,124,124,6.0,6.0,-8764.376245420293,7306.902614423887,16071.27885984418,812.089835964299,1476.3537100028357,664.2638740385352,False
649554,116,3,10.5,13.946477018384773,-65707.9468772784,85,85,3.7081813921340157,6.0,-111596.62876896975,0.0,111596.62876896975,21120.952822341133,1014.6602322843823,0.0,True
649554,116,4,10.0,11.209691498899055,-23801.99290243379,82,82,3.7420670870657977,6.0,-83543.7924288141,1.2434497875801738e-13,83543.7924288141,15557.463027717895,967.6789222370408,1.2434497875801737e-14,True
649554,116,5,10.0,15.999803585035158,279265.424797098,127,127,6.0,6.0,15369.427937639162,27449.71187711945,12080.283939480289,0.0,1485.035492435036,2744.9711877119453,False
649554,116,6,10.0,12.448647286038655,-16761.25819510054,71,71,3.329807169732741,6.0,-64722.32626525672,0.0,64722.32626525672,12000.248965550089,848.2636038280887,0.0,True
649554,116,7,10.5,12.964254140168164,-28771.102717726164,66,66,3.201439529192188,5.9,-65355.88810580231,0.0,65355.88810580231,12234.980630922259,765.3621519289836,0.0,True
649554,116,8,10.0,12.561829260978007,954217.571948713,126,126,6.0,6.0,2698.5003345132645,14492.50167256642,11794.001338053156,0.0,1449.2501672566445,1449.250167256642,False
649554,116,9,11.55,11.202228973605658,-23697.469836539894,66,66,3.3279656973734357,6.0,-43562.107263976766,0.0,43562.107263976766,7865.998437902268,756.783227124223,0.0,True
649554,117,0,10.0,10.0,-35810.00646550855,93,93,4.180822162642174,6.0,-49565.02027469179,5489.898334277269,55054.91860896906,9646.384610386964,1071.5395756028431,548.9898334277269,True
649554,117,1,10.5,17.55210042119207,-83083.25051626252,73,73,3.1805261192569274,5.791963875728813,-92325.18483881264,0.0,92325.18483881264,17521.501430955614,872.0499771715411,0.0,True
649554,117,2,10.0,17.59978394353867,711414.052350945,125,125,6.0,6.0,10897.217987735738,23002.496500107038,12105.2785123713,0.0,1488.1598140464125,2300.2496500107036,False
649554,117,3,10.5,13.946477018384773,-65707.9468772784,85,85,3.7081813921340157,6.0,-111596.62876896975,0.0,111596.62876896975,21120.952822341133,1014.6602322843823,0.0,True
649554,117,4,10.0,11.209691498899055,-23801.99290243379,82,82,3.7420670870657977,6.0,-83543.7924288141,1.2434497875801738e-13,83543.7924288141,15557.463027717895,967.6789222370408,1.2434497875801737e-14,True
649554,117,5,10.0,15.199813405783399,279312.6838103485,128,128,6.0,6.0,2792.835129194016,14964.175645970154,12171.340516776138,0.0,1496.4175645970172,1496.4175645970154,False
649554,117,6,10.0,12.448647286038655,-16761.25819510054,71,71,3.329807169732741,6.0,-64722.32626525672,0.0,64722.32626525672,12000.248965550089,848.2636038280887,0.0,True
649554,117,7,10.5,12.964254140168164,-28771.102717726164,66,66,3.201439529192188,5.9,-65355.88810580231,0.0,65355.88810580231,12234.980630922259,765.3621519289836,0.0,True
649554,117,8,11.0,13.818012187075809,947438.9488231863,127,127,6.0,6.0,-4223.735577774556,10285.173924878485,14508.909502653041,525.2910009101801,1460.3068122627676,935.0158113525896,False
649554,117,9,11.55,11.202228973605658,-23697.469836539894,66,66,3.3279656973734357,6.0,-43562.107263976766,0.0,43562.107263976766,7865.998437902268,756.783227124223,0.0,True
649554,118,0,10.0,10.0,-35810.00646550855,93,93,4.180822162642174,6.0,-49565.02027469179,5489.898334277269,55054.91860896906,9646.384610386964,1071.5395756028431,548.9898334277269,True
649554,118,1,10.5,17.55210042119207,-83083.25051626252,73,73,3.1805261192569274,5.791963875728813,-92325.18483881264,0.0,92325.18483881264,17521.501430955614,872.0499771715411,0.0,True
649554,118,2,10.0,16.71979474636174,711252.1341944557,126,126,6.0,6.0,2744.775981553561,14723.879907767823,11979.103926214262,0.0,1472.3879907767828,1472.3879907767823,False
649554,118,3,10.5,13.946477018384773,-65707.9468772784,85,85,3.7081813921340157,6.0,-111596.62876896975,0.0,111596.62876896975,21120.952822341133,1014.6602322843823,0.0,True
649554,118,4,10.0,11.209691498899055,-23801.99290243379,82,82,3.7420670870657977,6.0,-83543.7924288141,1.2434497875801738e-13,83543.7924288141,15557.463027717895,967.6789222370408,1.2434497875801737e-14,True
649554,118,5,11.0,16.71979474636174,273685.7795716815,129,129,6.0,6.0,-2670.050716385018,12024.246978875626,14694.297695260644,442.2608308871491,1535.3741926031123,1093.113361715966,False
649554,118,6,10.0,12.448647286038655,-16761.25819510054,71,71,3.329807169732741,6.0,-64722.32626525672,0.0,64722.32626525672,12000.248965550089,848.2636038280887,0.0,True
649554,118,7,10.5,12.964254140168164,-28771.102717726164,66,66,3.201439529192188,5.9,-65355.88810580231,0.0,65355.88810580231,12234.980630922259,765.3621519289836,0.0,True
649554,118,8,10.0,13.127111577722017,952954.2821062051,128,128,6.0,6.0,7995.603564974346,19966.377788464306,11970.77422348996,0.0,1471.346777936245,1996.6377788464306,False
649554,118,9,11.55,11.202228973605658,-23697.469836539894,66,66,3.3279656973734357,6.0,-43562.107263976766,0.0,43562.107263976766,7865.998437902268,756.783227124223,0.0,True
649554,119,0,10.0,10.0,-35810.00646550855,93,93,4.180822162642174,6.0,-49565.02027469179,5489.898334277269,55054.91860896906,9646.384610386964,1071.5395756028431,548.9898334277269,True
649554,119,1,10.5,17.55210042119207,-83083.25051626252,73,73,3.1805261192569274,5.791963875728813,-92325.18483881264,0.0,92325.18483881264,17521.501430955614,872.0499771715411,0.0,True
649554,119,2,11.0,15.883805009043652,705799.1250218808,127,127,6.0,6.0,-2635.765936422902,11586.525046336645,14222.290982759547,430.44056251511626,1483.7610212729955,1053.3204587578768,False
649554,119,3,10.5,13.946477018384773,-65707.9468772784,85,85,3.7081813921340157,6.0,-111596.62876896975,0.0,111596.62876896975,21120.952822341133,1014.6602322843823,0.0,True
649554,119,4,10.0,11.209691498899055,-23801.99290243379,82,82,3.7420670870657977,6.0,-83543.7924288141,1.2434497875801738e-13,83543.7924288141,15557.463027717895,967.6789222370408,1.2434497875801737e-14,True
649554,119,5,10.0,15.883805009043652,278137.84223168326,130,130,6.0,6.0,7316.957311180931,19894.353320418806,12577.396009237875,0.0,1547.1745011547343,1989.4353320418804,False
649554,119,6,10.0,12.448647286038655,-16761.25819510054,71,71,3.329807169732741,6.0,-64722.32626525672,0.0,64722.32626525672,12000.248965550089,848.2636038280887,0.0,True
649554,119,7,10.5,12.964254140168164,-28771.102717726164,66,66,3.201439529192188,5.9,-65355.88810580231,0.0,65355.88810580231,12234.980630922259,765.3621519289836,0.0,True
649554,119,8,10.0,14.43982273549422,953056.3163185292,129,129,6.0,6.0,2764.771345203253,14823.856726016253,12059.085380813,0.0,1482.385672601625,1482.3856726016252,False
649554,119,9,11.55,11.202228973605658,-23697.469836539894,66,66,3.3279656973734357,6.0,-43562.107263976766,0.0,43562.107263976766,7865.998437902268,756.783227124223,0.0,True
649554,120,0,10.0,10.0,-35810.00646550855,93,93,4.180822162642174,6.0,-49565.02027469179,5489.898334277269,55054.91860896906,9646.384610386964,1071.5395756028431,548.9898334277269,True
649554,120,1,10.5,17.55210042119207,-83083.25051626252,73,73,3.1805261192569274,5.791963875728813,-92325.18483881264,0.0,92325.18483881264,17521.501430955614,872.0499771715411,0.0,True
649554,120,2,10.0,15.089614758591468,710162.3252371725,128,128,6.0,6.0,7094.670904394698,19255.73202136878,12161.061116974084,0.0,1495.1326396217605,1925.573202136878,False
649554,120,3,10.5,13.946477018384773,-65707.9468772784,85,85,3.7081813921340157,6.0,-111596.62876896975,0.0,111596.62876896975,21120.952822341133,1014.6602322843823,0.0,True
649554,120,4,10.0,11.209691498899055,-23801.99290243379,82,82,3.7420670870657977,6.0,-83543.7924288141,1.2434497875801738e-13,83543.7924288141,15557.463027717895,967.6789222370408,1.2434497875801737e-14,True
649554,120,5,10.0,17.47218550994802,277966.93293558114,131,131,6.0,6.0,2917.947005697346,15589.735028486535,12671.78802278919,0.0,1558.9735028486486,1558.9735028486534,False
649554,120,6,10.0,12.448647286038655,-16761.25819510054,71,71,3.329807169732741,6.0,-64722.32626525672,0.0,64722.32626525672,12000.248965550089,848.2636038280887,0.0,True
649554,120,7,10.5,12.964254140168164,-28771.102717726164,66,66,3.201439529192188,5.9,-65355.88810580231,0.0,65355.88810580231,12234.980630922259,765.3621519289836,0.0,True
649554,120,8,11.0,13.717831598719508,947561.595142775,130,130,6.0,6.0,-2911.4030679217794,11483.278457301762,14394.681525223541,449.4774064268874,1493.411811636138,1043.934405209251,False
649554,120,9,11.55,11.202228973605658,-23697.469836539894,66,66,3.3279656973734357,6.0,-43562.107263976766,0.0,43562.107263976766,7865.998437902268,756.783227124223,0.0,True
649554,121,0,10.0,10.0,-35810.00646550855,93,93,4.180822162642174,6.0,-49565.02027469179,5489.898334277269,55054.91860896906,9646.384610386964,1071.5395756028431,548.9898334277269,True
649554,121,1,10.5,17.55210042119207,-83083.25051626252,73,73,3.1805261192569274,5.791963875728813,-92325.18483881264,0.0,92325.18483881264,17521.501430955614,872.0499771715411,0.0,True
649554,121,2,10.0,16.598576234450615,710034.1158086231,129,129,6.0,6.0,2813.006905690898,15065.034528454471,12252.027622763573,0.0,1506.5034528454466,1506.503452845447,False
649554,121,3,10.5,13.946477018384773,-65707.9468772784,85,85,3.7081813921340157,6.0,-111596.62876896975,0.0,111596.62876896975,21120.952822341133,1014.6602322843823,0.0,True
649554,121,4,10.0,11.209691498899055,-23801.99290243379,82,82,3.7420670870657977,6.0,-83543.7924288141,1.2434497875801738e-13,83543.7924288141,15557.463027717895,967.6789222370408,1.2434497875801737e-14,True
649554,121,5,11.0,16.59857623445062,270150.66078331263,132,132,6.0,6.0,-4825.260089317257,10858.896117371169,15684.156206688425,583.5982470951305,1570.7706214015966,987.1723743064699,False
649554,121,6,10.0,12.448647286038655,-16761.25819510054,71,71,3.329807169732741,6.0,-64722.32626525672,0.0,64722.32626525672,12000.248965550089,848.2636038280887,0.0,True
649554,121,7,10.5,12.964254140168164,-28771.102717726164,66,66,3.201439529192188,5.9,-65355.88810580231,0.0,65355.88810580231,12234.980630922259,765.3621519289836,0.0,True
649554,121,8,10.0,13.031940018783532,952358.0327106267,131,131,6.0,6.0,7303.621710309062,19539.012294469692,12235.39058416063,0.0,1504.4238230200788,1953.9012294469694,False
649554,121,9,11.55,11.202228973605658,-23697.469836539894,66,66,3.3279656973734357,6.0,-43562.107263976766,0.0,43562.107263976766,7865.998437902268,756.783227124223,0.0,True
649554,122,0,10.0,10.0,-35810.00646550855,93,93,4.180822162642174,6.0,-49565.02027469179,5489.898334277269,55054.91860896906,9646.384610386964,1071.5395756028431,548.9898334277269,True
649554,122,1,10.5,17.55210042119207,-83083.25051626252,73,73,3.1805261192569274,5.791963875728813,-92325.18483881264,0.0,92325.18483881264,17521.501430955614,872.0499771715411,0.0,True
649554,122,2,11.0,15.768647422728083,699632.5170404214,130,130,6.0,6.0,-7551.674603240173,8511.723367758002,16063.397970998176,744.081054118292,1517.8740875508395,773.7930334325457,False
649554,122,3,10.5,13.946477018384773,-65707.9468772784,85,85,3.7081813921340157,6.0,-111596.62876896975,0.0,111596.62876896975,21120.952822341133,1014.6602322843823,0.0,True
649554,122,4,10.0,11.209691498899055,-23801.99290243379,82,82,3.7420670870657977,6.0,-83543.7924288141,1.2434497875801738e-13,83543.7924288141,15557.463027717895,967.6789222370408,1.2434497875801737e-14,True
649554,122,5,10.0,15.768647422728087,276054.5352529866,133,133,6.0,6.0,8801.104576896141,21661.593000675508,12860.488423779367,0.0,1582.5610529724208,2166.1593000675507,False
649554,122,6,10.0,12.448647286038655,-16761.25819510054,71,71,3.329807169732741,6.0,-64722.32626525672,0.0,64722.32626525672,12000.248965550089,848.2636038280887,0.0,True
649554,122,7,10.5,12.964254140168164,-28771.102717726164,66,66,3.201439529192188,5.9,-65355.88810580231,0.0,65355.88810580231,12234.980630922259,765.3621519289836,0.0,True
649554,122,8,10.0,14.335134020661886,952496.6583028507,132,132,6.0,6.0,2830.863282950697,15154.316414753584,12323.453131802888,0.0,1515.431641475361,1515.4316414753584,False
649554,122,9,11.55,11.202228973605658,-23697.469836539894,66,66,3.3279656973734357,6.0,-43562.107263976766,0.0,43562.107263976766,7865.998437902268,756.783227124223,0.0,True
649554,123,0,10.0,10.0,-35810.00646550855,93,93,4.180822162642174,6.0,-49565.02027469179,5489.898334277269,55054.91860896906,9646.384610386964,1071.5395756028431,548.9898334277269,True
649554,123,1,10.5,17.55210042119207,-83083.25051626252,73,73,3.1805261192569274,5.791963875728813,-92325.18483881264,0.0,92325.18483881264,17521.501430955614,872.0499771715411,0.0,True
649554,123,2,10.0,14.980215051591678,707169.3959316968,131,131,6.0,6.0,10299.287063029875,22733.193150417606,12433.906087387732,0.0,1529.2382609234664,2273.3193150417605,False
649554,123,3,10.5,13.946477018384773,-65707.9468772784,85,85,3.7081813921340157,6.0,-111596.62876896975,0.0,111596.62876896975,21120.952822341133,1014.6602322843823,0.0,True
649554,123,4,10.0,11.209691498899055,-23801.99290243379,82,82,3.7420670870657977,6.0,-83543.7924288141,1.2434497875801738e-13,83543.7924288141,15557.463027717895,967.6789222370408,1.2434497875801737e-14,True
649554,123,5,10.0,17.345512165000898,275918.9390646034,134,134,6.0,6.0,2988.7024417254197,15943.512208627133,12954.809766901713,0.0,1594.3512208627142,1594.3512208627133,False
649554,123,6,10.0,12.448647286038655,-16761.25819510054,71,71,3.329807169732741,6.0,-64722.32626525672,0.0,64722.32626525672,12000.248965550089,848.2636038280887,0.0,True
649554,123,7,10.5,12.964254140168164,-28771.102717726164,66,66,3.201439529192188,5.9,-65355.88810580231,0.0,65355.88810580231,12234.980630922259,765.3621519289836,0.0,True
649554,123,8,11.0,13.618377319628792,939859.1232457324,133,133,6.0,6.0,-10026.290873604321,6887.017519094701,16913.308392699022,900.3514137547652,1526.4439154906497,626.0925017358819,False
649554,123,9,11.55,11.202228973605658,-23697.469836539894,66,66,3.3279656973734357,6.0,-43562.107263976766,0.0,43562.107263976766,7865.998437902268,756.783227124223,0.0,True
649554,124,0,10.0,10.0,-35810.00646550855,93,93,4.180822162642174,6.0,-49565.02027469179,5489.898334277269,55054.91860896906,9646.384610386964,1071.5395756028431,548.9898334277269,True
649554,124,1,10.5,17.55210042119207,-83083.25051626252,73,73,3.1805261192569274,5.791963875728813,-92325.18483881264,0.0,92325.18483881264,17521.501430955614,872.0499771715411,0.0,True
649554,124,2,10.0,14.231204299012093,707372.0757328433,132,132,6.0,6.0,2881.198768617607,15405.993843088118,12524.79507447051,0.0,1540.5993843088138,1540.5993843088118,False
649554,124,3,10.5,13.946477018384773,-65707.9468772784,85,85,3.7081813921340157,6.0,-111596.62876896975,0.0,111596.62876896975,21120.952822341133,1014.6602322843823,0.0,True
649554,124,4,10.0,11.209691498899055,-23801.99290243379,82,82,3.7420670870657977,6.0,-83543.7924288141,1.2434497875801738e-13,83543.7924288141,15557.463027717895,967.6789222370408,1.2434497875801737e-14,True
649554,124,5,11.0,16.47823655675085,259221.28149527824,135,135,6.0,6.0,-13673.0956341637,5092.1291099377295,18765.22474410143,1143.2198552840146,1606.1406834601696,462.9208281761572,False
649554,124,6,10.0,12.448647286038655,-16761.25819510054,71,71,3.329807169732741,6.0,-64722.32626525672,0.0,64722.32626525672,12000.248965550089,848.2636038280887,0.0,True
649554,124,7,10.5,12.964254140168164,-28771.102717726164,66,66,3.201439529192188,5.9,-65355.88810580231,0.0,65355.88810580231,12234.980630922259,765.3621519289836,0.0,True
649554,124,8,10.0,12.937458453647352,949203.9210733994,134,134,6.0,6.0,11878.41726046275,24378.029752122988,12499.612491660238,0.0,1537.4515614575298,2437.802975212299,False
649554,124,9,11.55,11.202228973605658,-23697.469836539894,66,66,3.3279656973734357,6.0,-43562.107263976766,0.0,43562.107263976766,7865.998437902268,756.783227124223,0.0,True
649554,125,0,10.0,10.0,-35810.00646550855,93,93,4.180822162642174,6.0,-49565.02027469179,5489.898334277269,55054.91860896906,9646.384610386964,1071.5395756028431,548.9898334277269,True
649554,125,1,10.5,17.55210042119207,-83083.25051626252,73,73,3.1805261192569274,5.791963875728813,-92325.18483881264,0.0,92325.18483881264,17521.501430955614,872.0499771715411,0.0,True
649554,125,2,11.0,13.519644084061488,685039.573626679,133,133,6.0,6.0,-19734.389442987318,440.7378142309316,20175.12725721825,1511.891589619254,1551.9586636402473,40.06707402099378,False
649554,125,3,10.5,13.946477018384773,-65707.9468772784,85,85,3.7081813921340157,6.0,-111596.62876896975,0.0,111596.62876896975,21120.952822341133,1014.6602322843823,0.0,True
649554,125,4,10.0,11.209691498899055,-23801.99290243379,82,82,3.7420670870657977,6.0,-83543.7924288141,1.2434497875801738e-13,83543.7924288141,15557.463027717895,967.6789222370408,1.2434497875801737e-14,True
649554,125,5,10.0,15.654324728913307,270760.35192664736,136,136,6.0,6.0,14468.058594500644,27611.49876114298,13143.440166642335,0.0,1617.9300208302918,2761.149876114298,False
649554,125,6,10.0,12.448647286038655,-16761.25819510054,71,71,3.329807169732741,6.0,-64722.32626525672,0.0,64722.32626525672,12000.248965550089,848.2636038280887,0.0,True
649554,125,7,10.5,12.964254140168164,-28771.102717726164,66,66,3.201439529192188,5.9,-65355.88810580231,0.0,65355.88810580231,12234.980630922259,765.3621519289836,0.0,True
649554,125,8,10.0,12.290585530964984,949641.5709591986,135,135,6.0,6.0,2896.8789324737645,15484.39466236882,12587.515729895056,0.0,1548.439466236882,1548.439466236882,False
649554,125,9,11.55,11.202228973605658,-23697.469836539894,66,66,3.3279656973734357,6.0,-43562.107263976766,0.0,43562.107263976766,7865.998437902268,756.783227124223,0.0,True
649554,126,0,10.0,10.0,-35810.00646550855,93,93,4.180822162642174,6.0,-49565.02027469179,5489.898334277269,55054.91860896906,9646.384610386964,1071.5395756028431,548.9898334277269,True
649554,126,1,10.5,17.55210042119207,-83083.25051626252,73,73,3.1805261192569274,5.791963875728813,-92325.18483881264,0.0,92325.18483881264,17521.501430955614,872.0499771715411,0.0,True
649554,126,2,10.0,12.843661879858413,692927.2430054302,134,134,6.0,6.0,10408.720070656174,25660.87865174322,15252.158581087046,509.1221828189595,1563.318458374031,2566.087865174322,False
649554,126,3,10.5,13.946477018384773,-65707.9468772784,85,85,3.7081813921340157,6.0,-111596.62876896975,0.0,111596.62876896975,21120.952822341133,1014.6602322843823,0.0,True
649554,126,4,10.0,11.209691498899055,-23801.99290243379,82,82,3.7420670870657977,6.0,-83543.7924288141,1.2434497875801738e-13,83543.7924288141,15557.463027717895,967.6789222370408,1.2434497875801737e-14,True
649554,126,5,10.0,14.871608492467642,270982.3662243522,137,137,6.0,6.0,3059.4246611708786,16297.123305854358,13237.69864468348,0.0,1629.712330585435,1629.712330585436,False
649554,126,6,10.0,12.448647286038655,-16761.25819510054,71,71,3.329807169732741,6.0,-64722.32626525672,0.0,64722.32626525672,12000.248965550089,848.2636038280887,0.0,True
649554,126,7,10.5,12.964254140168164,-28771.102717726164,66,66,3.201439529192188,5.9,-65355.88810580231,0.0,65355.88810580231,12234.980630922259,765.3621519289836,0.0,True
649554,126,8,11.0,11.676056254416734,926781.2477458058,136,136,6.0,6.0,-20472.379562791408,4.5474735088646387e-13,20472.379562791408,1559.4138125224158,1559.4138125224158,4.1340668262405805e-14,False
649554,126,9,11.55,11.202228973605658,-23697.469836539894,66,66,3.3279656973734357,6.0,-43562.107263976766,0.0,43562.107263976766,7865.998437902268,756.783227124223,0.0,True
649554,127,0,10.0,10.0,-35810.00646550855,93,93,4.180822162642174,6.0,-49565.02027469179,5489.898334277269,55054.91860896906,9646.384610386964,1071.5395756028431,548.9898334277269,True
649554,127,1,10.5,17.55210042119207,-83083.25051626252,73,73,3.1805261192569274,5.791963875728813,-92325.18483881264,0.0,92325.18483881264,17521.501430955614,872.0499771715411,0.0,True
649554,127,2,10.0,12.201478785865492,680632.5803959464,135,135,6.0,6.0,-9847.462973396043,8912.669523457422,18760.132496853465,1192.5364877414752,1574.681257268261,891.2669523457422,False
649554,127,3,10.5,13.946477018384773,-65707.9468772784,85,85,3.7081813921340157,6.0,-111596.62876896975,0.0,111596.62876896975,21120.952822341133,1014.6602322843823,0.0,True
649554,127,4,10.0,11.209691498899055,-23801.99290243379,82,82,3.7420670870657977,6.0,-83543.7924288141,1.2434497875801738e-13,83543.7924288141,15557.463027717895,967.6789222370408,1.2434497875801737e-14,True
649554,127,5,11.0,14.128028067844259,246693.38684033,138,138,6.0,6.0,-21539.311510663287,5.684341886080799e-14,21539.311510663287,1641.4855008202528,1641.4855008202528,5.1675835328007264e-15,False
649554,127,6,10.0,12.448647286038655,-16761.25819510054,71,71,3.329807169732741,6.0,-64722.32626525672,0.0,64722.32626525672,12000.248965550089,848.2636038280887,0.0,True
649554,127,7,10.5,12.964254140168164,-28771.102717726164,66,66,3.201439529192188,5.9,-65355.88810580231,0.0,65355.88810580231,12234.980630922259,765.3621519289836,0.0,True
649554,127,8,10.0,11.092253441695897,942996.4763431915,137,137,6.0,6.0,18534.867318897217,31297.784093589657,12762.916774692438,0.0,1570.3645968365547,3129.7784093589657,False
649554,127,9,11.55,11.202228973605658,-23697.469836539894,66,66,3.3279656973734357,6.0,-43562.107263976766,0.0,43562.107263976766,7865.998437902268,756.783227124223,0.0,True
649554,128,0,10.0,10.0,-35810.00646550855,93,93,4.180822162642174,6.0,-49565.02027469179,5489.898334277269,55054.91860896906,9646.384610386964,1071.5395756028431,548.9898334277269,True
649554,128,1,10.5,17.55210042119207,-83083.25051626252,73,73,3.1805261192569274,5.791963875728813,-92325.18483881264,0.0,92325.18483881264,17521.501430955614,872.0499771715411,0.0,True
649554,128,2,10.0,11.591404846572216,651474.9211416538,136,136,6.0,6.0,-26781.228195165884,4.547473508864657e-13,26781.228195165884,2778.5784690075143,1586.041981266039,4.547473508864658e-14,False
649554,128,3,10.5,13.946477018384773,-65707.9468772784,85,85,3.7081813921340157,6.0,-111596.62876896975,0.0,111596.62876896975,21120.952822341133,1014.6602322843823,0.0,True
649554,128,4,10.0,11.209691498899055,-23801.99290243379,82,82,3.7420670870657977,6.0,-83543.7924288141,1.2434497875801738e-13,83543.7924288141,15557.463027717895,967.6789222370408,1.2434497875801737e-14,True
649554,128,5,10.0,13.421626664452045,248037.9516908145,139,139,6.0,6.0,4010.170956845155,22606.63114332887,18596.460186483713,1034.0799444909712,1653.257558003607,2260.663114332887,False
649554,128,6,10.0,12.448647286038655,-16761.25819510054,71,71,3.329807169732741,6.0,-64722.32626525672,0.0,64722.32626525672,12000.248965550089,848.2636038280887,0.0,True
649554,128,7,10.5,12.964254140168164,-28771.102717726164,66,66,3.201439529192188,5.9,-65355.88810580231,0.0,65355.88810580231,12234.980630922259,765.3621519289836,0.0,True
649554,128,8,10.0,10.537640769611102,943704.8684096051,138,138,6.0,6.0,2962.586492620787,15812.932463103954,12850.345970483168,0.0,1581.293246310396,1581.2932463103955,False
649554,128,9,11.55,11.202228973605658,-23697.469836539894,66,66,3.3279656973734357,6.0,-43562.107263976766,0.0,43562.107263976766,7865.998437902268,756.783227124223,0.0,True
649554,129,0,10.0,10.0,-35810.00646550855,93,93,4.180822162642174,6.0,-49565.02027469179,5489.898334277269,55054.91860896906,9646.384610386964,1071.5395756028431,548.9898334277269,True
649554,129,1,10.5,17.55210042119207,-83083.25051626252,73,73,3.1805261192569274,5.791963875728813,-92325.18483881264,0.0,92325.18483881264,17521.501430955614,872.0499771715411,0.0,True
649554,129,2,10.0,11.011834604243605,631707.0664419417,137,137,6.0,6.0,-17459.23335893669,11354.53931175201,28813.7726706887,3212.2129979497827,1569.0884601174735,1135.453931175201,False
649554,129,3,10.5,13.946477018384773,-65707.9468772784,85,85,3.7081813921340157,6.0,-111596.62876896975,0.0,111596.62876896975,21120.952822341133,1014.6602322843823,0.0,True
649554,129,4,10.0,11.209691498899055,-23801.99290243379,82,82,3.7420670870657977,6.0,-83543.7924288141,1.2434497875801738e-13,83543.7924288141,15557.463027717895,967.6789222370408,1.2434497875801737e-14,True
649554,129,5,10.0,14.76378933089725,258641.87786849748,140,140,6.0,6.0,13470.856684009033,26991.085640406014,13520.22895639698,0.0,1665.0286195496226,2699.1085640406013,False
649554,129,6,10.0,12.448647286038655,-16761.25819510054,71,71,3.329807169732741,6.0,-64722.32626525672,0.0,64722.32626525672,12000.248965550089,848.2636038280887,0.0,True
649554,129,7,10.5,12.964254140168164,-28771.102717726164,66,66,3.201439529192188,5.9,-65355.88810580231,0.0,65355.88810580231,12234.980630922259,765.3621519289836,0.0,True
649554,129,8,11.0,11.591404846572212,920026.8279494606,139,139,6.0,6.0,-21266.835186478216,1.3855583347321944e-13,21266.835186478216,1620.5257835752473,1620.5257835752473,1.2595984861201768e-14,False
649554,129,9,11.55,11.202228973605658,-23697.469836539894,66,66,3.3279656973734357,6.0,-43562.107263976766,0.0,43562.107263976766,7865.998437902268,756.783227124223,0.0,True
649554,130,0,10.0,10.0,-35810.00646550855,93,93,4.180822162642174,6.0,-49565.02027469179,5489.898334277269,55054.91860896906,9646.384610386964,1071.5395756028431,548.9898334277269,True
649554,130,1,10.5,17.55210042119207,-83083.25051626252,73,73,3.1805261192569274,5.791963875728813,-92325.18483881264,0.0,92325.18483881264,17521.501430955614,872.0499771715411,0.0,True
649554,130,2,10.0,12.113018064667965,592060.5822222092,138,138,6.0,6.0,-37174.887726811736,5.861977570020829e-14,37174.887726811736,4820.968593108461,1608.7555951586787,5.861977570020829e-15,False
649554,130,3,10.5,13.946477018384773,-65707.9468772784,85,85,3.7081813921340157,6.0,-111596.62876896975,0.0,111596.62876896975,21120.952822341133,1014.6602322843823,0.0,True
649554,130,4,10.0,11.209691498899055,-23801.99290243379,82,82,3.7420670870657977,6.0,-83543.7924288141,1.2434497875801738e-13,83543.7924288141,15557.463027717895,967.6789222370408,1.2434497875801737e-14,True
649554,130,5,10.0,14.025599864352387,242370.24961673724,141,141,6.0,6.0,-13494.018670888214,5669.577221781506,19163.59589266972,1109.8410857880385,1676.798807966191,566.9577221781506,False
649554,130,6,10.0,12.448647286038655,-16761.25819510054,71,71,3.329807169732741,6.0,-64722.32626525672,0.0,64722.32626525672,12000.248965550089,848.2636038280887,0.0,True
649554,130,7,10.5,12.964254140168164,-28771.102717726164,66,66,3.201439529192188,5.9,-65355.88810580231,0.0,65355.88810580231,12234.980630922259,765.3621519289836,0.0,True
649554,130,8,10.0,11.011834604243601,936896.6438737778,140,140,6.0,6.0,19211.472768905172,32236.33250151614,13024.859732610965,0.0,1603.1074665763706,3223.633250151614,False
649554,130,9,11.55,11.202228973605658,-23697.469836539894,66,66,3.3279656973734357,6.0,-43562.107263976766,0.0,43562.107263976766,7865.998437902268,756.783227124223,0.0,True
649554,131,0,10.0,10.0,-35810.00646550855,93,93,4.180822162642174,6.0,-49565.02027469179,5489.898334277269,55054.91860896906,9646.384610386964,1071.5395756028431,548.9898334277269,True
649554,131,1,10.5,17.55210042119207,-83083.25051626252,73,73,3.1805261192569274,5.791963875728813,-92325.18483881264,0.0,92325.18483881264,17521.501430955614,872.0499771715411,0.0,True
649554,131,2,10.0,11.507367161434567,544294.8283261728,139,139,6.0,6.0,-45366.22986059461,2.1138646388862935e-13,45366.22986059461,6441.075277343254,1620.1066842347925,2.1138646388862934e-14,False
649554,131,3,10.5,13.946477018384773,-65707.9468772784,85,85,3.7081813921340157,6.0,-111596.62876896975,0.0,111596.62876896975,21120.952822341133,1014.6602322843823,0.0,True
649554,131,4,10.0,11.209691498899055,-23801.99290243379,82,82,3.7420670870657977,6.0,-83543.7924288141,1.2434497875801738e-13,83543.7924288141,15557.463027717895,967.6789222370408,1.2434497875801737e-14,True
649554,131,5,10.0,13.324319871134767,243126.36907720464,142,142,6.0,6.0,3448.1728821696197,20765.840987825934,17317.668105656314,721.8249232076888,1688.5679362022336,2076.584098782593,False
649554,131,6,10.0,12.448647286038655,-16761.25819510054,71,71,3.329807169732741,6.0,-64722.32626525672,0.0,64722.32626525672,12000.248965550089,848.2636038280887,0.0,True
649554,131,7,10.5,12.964254140168164,-28771.102717726164,66,66,3.201439529192188,5.9,-65355.88810580231,0.0,65355.88810580231,12234.980630922259,765.3621519289836,0.0,True
649554,131,8,10.0,10.46124287403142,937649.5874698407,141,141,6.0,6.0,3027.9788413020306,16139.894206510206,13111.915365208175,0.0,1613.9894206510219,1613.9894206510205,False
649554,131,9,11.55,11.202228973605658,-23697.469836539894,66,66,3.3279656973734357,6.0,-43562.107263976766,0.0,43562.107263976766,7865.998437902268,756.783227124223,0.0,True
649554,132,0,10.0,10.0,-35810.00646550855,93,93,4.180822162642174,6.0,-49565.02027469179,5489.898334277269,55054.91860896906,9646.384610386964,1071.5395756028431,548.9898334277269,True
649554,132,1,10.5,17.55210042119207,-83083.25051626252,73,73,3.1805261192569274,5.791963875728813,-92325.18483881264,0.0,92325.18483881264,17521.501430955614,872.0499771715411,0.0,True
649554,132,2,10.0,12.658103877578025,506637.0813339677,140,140,6.0,6.0,-35085.61244934638,12352.44615884625,47438.05860819263,6837.2849153739535,1631.4542539153583,1235.2446158846249,False
649554,132,3,10.5,13.946477018384773,-65707.9468772784,85,85,3.7081813921340157,6.0,-111596.62876896975,0.0,111596.62876896975,21120.952822341133,1014.6602322843823,0.0,True
649554,132,4,10.0,11.209691498899055,-23801.99290243379,82,82,3.7420670870657977,6.0,-83543.7924288141,1.2434497875801738e-13,83543.7924288141,15557.463027717895,967.6789222370408,1.2434497875801737e-14,True
649554,132,5,10.0,12.658103877578029,250935.18090922697,143,143,6.0,6.0,10418.920686517884,24221.60650428179,13802.685817763906,0.0,1700.3357272204883,2422.160650428179,False
649554,132,6,10.0,12.448647286038655,-16761.25819510054,71,71,3.329807169732741,6.0,-64722.32626525672,0.0,64722.32626525672,12000.248965550089,848.2636038280887,0.0,True
649554,132,7,10.5,12.964254140168164,-28771.102717726164,66,66,3.201439529192188,5.9,-65355.88810580231,0.0,65355.88810580231,12234.980630922259,765.3621519289836,0.0,True
649554,132,8,11.0,11.507367161434564,913892.2507542719,142,142,6.0,6.0,-21323.290578642664,1.2789769243681796e-13,21323.290578642664,1624.8685060494358,1624.8685060494358,1.1627062948801632e-14,False
649554,132,9,11.55,11.202228973605658,-23697.469836539894,66,66,3.3279656973734357,6.0,-43562.107263976766,0.0,43562.107263976766,7865.998437902268,756.783227124223,0.0,True
649554,133,0,10.0,10.0,-35810.00646550855,93,93,4.180822162642174,6.0,-49565.02027469179,5489.898334277269,55054.91860896906,9646.384610386964,1071.5395756028431,548.9898334277269,True
649554,133,1,10.5,17.55210042119207,-83083.25051626252,73,73,3.1805261192569274,5.791963875728813,-92325.18483881264,0.0,92325.18483881264,17521.501430955614,872.0499771715411,0.0,True
649554,133,2,10.0,13.923914265335828,453852.189224226,141,141,6.0,6.0,-50021.62019832687,4108.792588068816,54130.41278639569,8103.204464533233,1676.798807966191,410.8792588068816,False
649554,133,3,10.5,13.946477018384773,-65707.9468772784,85,85,3.7081813921340157,6.0,-111596.62876896975,0.0,111596.62876896975,21120.952822341133,1014.6602322843823,0.0,True
649554,133,4,10.0,11.209691498899055,-23801.99290243379,82,82,3.7420670870657977,6.0,-83543.7924288141,1.2434497875801738e-13,83543.7924288141,15557.463027717895,967.6789222370408,1.2434497875801737e-14,True
649554,133,5,11.0,12.025198683699127,226388.25269509453,144,144,6.0,6.0,-22015.29960368026,5.506706202140774e-14,22015.29960368026,1678.0999695138662,1678.0999695138662,5.006096547400704e-15,False
649554,133,6,10.0,12.448647286038655,-16761.25819510054,71,71,3.329807169732741,6.0,-64722.32626525672,0.0,64722.32626525672,12000.248965550089,848.2636038280887,0.0,True
649554,133,7,10.5,12.964254140168164,-28771.102717726164,66,66,3.201439529192188,5.9,-65355.88810580231,0.0,65355.88810580231,12234.980630922259,765.3621519289836,0.0,True
649554,133,8,10.0,10.931998803362836,930849.1330736516,143,143,6.0,6.0,19320.158148265422,32606.05049934984,13285.892351084416,0.0,1635.736543885552,3260.605049934984,False
649554,133,9,11.55,11.202228973605658,-23697.469836539894,66,66,3.3279656973734357,6.0,-43562.107263976766,0.0,43562.107263976766,7865.998437902268,756.783227124223,0.0,True
649554,134,0,10.0,10.0,-35810.00646550855,93,93,4.180822162642174,6.0,-49565.02027469179,5489.898334277269,55054.91860896906,9646.384610386964,1071.5395756028431,548.9898334277269,True
649554,134,1,10.5,17.55210042119207,-83083.25051626252,73,73,3.1805261192569274,5.791963875728813,-92325.18483881264,0.0,92325.18483881264,17521.501430955614,872.0499771715411,0.0,True
649554,134,2,10.0,13.227718552069035,388506.4476965396,142,142,6.0,6.0,-62667.405493295206,2.593480985524359e-13,62667.405493295206,9791.772400735466,1688.5679362022336,2.5934809855243593e-14,False
649554,134,3,10.5,13.946477018384773,-65707.9468772784,85,85,3.7081813921340157,6.0,-111596.62876896975,0.0,111596.62876896975,21120.952822341133,1014.6602322843823,0.0,True
649554,134,4,10.0,11.209691498899055,-23801.99290243379,82,82,3.7420670870657977,6.0,-83543.7924288141,1.2434497875801738e-13,83543.7924288141,15557.463027717895,967.6789222370408,1.2434497875801737e-14,True
649554,134,5,10.0,11.42393874951417,222785.1972896785,145,145,6.0,6.0,-1146.584286738016,19604.40306471809,20750.987351456108,1407.0972812148157,1689.4376181727537,1960.440306471809,False
649554,134,6,10.0,12.448647286038655,-16761.25819510054,71,71,3.329807169732741,6.0,-64722.32626525672,0.0,64722.32626525672,12000.248965550089,848.2636038280887,0.0,True
649554,134,7,10.5,12.964254140168164,-28771.102717726164,66,66,3.201439529192188,5.9,-65355.88810580231,0.0,65355.88810580231,12234.980630922259,765.3621519289836,0.0,True
649554,134,8,10.0,10.385398863194693,931646.8092059161,144,144,6.0,6.0,3093.1735685700205,16465.867842850064,13372.694274280044,0.0,1646.5867842850055,1646.5867842850064,False
649554,134,9,11.55,11.202228973605658,-23697.469836539894,66,66,3.3279656973734357,6.0,-43562.107263976766,0.0,43562.107263976766,7865.998437902268,756.783227124223,0.0,True
649554,135,0,10.0,10.0,-35810.00646550855,93,93,4.180822162642174,6.0,-49565.02027469179,5489.898334277269,55054.91860896906,9646.384610386964,1071.5395756028431,548.9898334277269,True
649554,135,1,10.5,17.55210042119207,-83083.25051626252,73,73,3.1805261192569274,5.791963875728813,-92325.18483881264,0.0,92325.18483881264,17521.501430955614,872.0499771715411,0.0,True
649554,135,2,10.0,12.566332624465582,321893.4955910243,143,143,6.0,6.0,-64015.96654021628,4529.345730754777,68545.31227097106,11004.308837865467,1665.4710102054664,452.9345730754777,False
649554,135,3,10.5,13.946477018384773,-65707.9468772784,85,85,3.7081813921340157,6.0,-111596.62876896975,0.0,111596.62876896975,21120.952822341133,1014.6602322843823,0.0,True
649554,135,4,10.0,11.209691498899055,-23801.99290243379,82,82,3.7420670870657977,6.0,-83543.7924288141,1.2434497875801738e-13,83543.7924288141,15557.463027717895,967.6789222370408,1.2434497875801737e-14,True
649554,135,5,10.0,12.566332624465588,237492.75489303147,146,146,6.0,6.0,17342.242166525353,31427.319584034034,14085.07741750868,0.0,1735.634677188585,3142.7319584034035,False
649554,135,6,10.0,12.448647286038655,-16761.25819510054,71,71,3.329807169732741,6.0,-64722.32626525672,0.0,64722.32626525672,12000.248965550089,848.2636038280887,0.0,True
649554,135,7,10.5,12.964254140168164,-28771.102717726164,66,66,3.201439529192188,5.9,-65355.88810580231,0.0,65355.88810580231,12234.980630922259,765.3621519289836,0.0,True
649554,135,8,11.0,11.423938749514162,907443.9400062974,145,145,6.0,6.0,-21746.3980809449,7.283063041541023e-14,21746.3980809449,1657.4152369957615,1657.4152369957615,6.62096640140093e-15,False
649554,135,9,11.55,11.202228973605658,-23697.469836539894,66,66,3.3279656973734357,6.0,-43562.107263976766,0.0,43562.107263976766,7865.998437902268,756.783227124223,0.0,True
649554,136,0,10.0,10.0,-35810.00646550855,93,93,4.180822162642174,6.0,-49565.02027469179,5489.898334277269,55054.91860896906,9646.384610386964,1071.5395756028431,548.9898334277269,True
649554,136,1,10.5,17.55210042119207,-83083.25051626252,73,73,3.1805261192569274,5.791963875728813,-92325.18483881264,0.0,92325.18483881264,17521.501430955614,872.0499771715411,0.0,True
649554,136,2,10.0,13.822965886912142,241624.10369566194,144,144,6.0,6.0,-77478.88480764737,2.486899575160351e-14,77478.88480764737,12716.411962351624,1712.1031244861563,2.486899575160351e-15,False
649554,136,3,10.5,13.946477018384773,-65707.9468772784,85,85,3.7081813921340157,6.0,-111596.62876896975,0.0,111596.62876896975,21120.952822341133,1014.6602322843823,0.0,True
649554,136,4,10.0,11.209691498899055,-23801.99290243379,82,82,3.7420670870657977,6.0,-83543.7924288141,1.2434497875801738e-13,83543.7924288141,15557.463027717895,967.6789222370408,1.2434497875801737e-14,True
649554,136,5,10.0,11.938015993242308,216936.95674427,147,147,6.0,6.0,-18000.90979775401,2970.8725223741935,20971.782320128204,1415.0064847868373,1712.0937370242523,297.08725223741936,False
649554,136,6,10.0,12.448647286038655,-16761.25819510054,71,71,3.329807169732741,6.0,-64722.32626525672,0.0,64722.32626525672,12000.248965550089,848.2636038280887,0.0,True
649554,136,7,10.5,12.964254140168164,-28771.102717726164,66,66,3.201439529192188,5.9,-65355.88810580231,0.0,65355.88810580231,12234.980630922259,765.3621519289836,0.0,True
649554,136,8,10.0,10.852741812038454,924770.071197215,146,146,6.0,6.0,19710.63149547053,33256.54799752214,13545.916502051608,0.0,1668.239562756451,3325.654799752214,False
649554,136,9,11.55,11.202228973605658,-23697.469836539894,66,66,3.3279656973734357,6.0,-43562.107263976766,0.0,43562.107263976766,7865.998437902268,756.783227124223,0.0,True
649554,137,0,10.0,10.0,-35810.00646550855,93,93,4.180822162642174,6.0,-49565.02027469179,5489.898334277269,55054.91860896906,9646.384610386964,1071.5395756028431,548.9898334277269,True
649554,137,1,10.5,17.55210042119207,-83083.25051626252,73,73,3.1805261192569274,5.791963875728813,-92325.18483881264,0.0,92325.18483881264,17521.501430955614,872.0499771715411,0.0,True
649554,137,2,10.0,13.131817592566534,152727.63202148446,145,145,6.0,6.0,-86192.35812325485,2.469136006766342e-13,86192.35812325485,14440.281063235987,1723.8691008843625,2.4691360067663422e-14,False
649554,137,3,10.5,13.946477018384773,-65707.9468772784,85,85,3.7081813921340157,6.0,-111596.62876896975,0.0,111596.62876896975,21120.952822341133,1014.6602322843823,0.0,True
649554,137,4,10.0,11.209691498899055,-23801.99290243379,82,82,3.7420670870657977,6.0,-83543.7924288141,1.2434497875801738e-13,83543.7924288141,15557.463027717895,967.6789222370408,1.2434497875801737e-14,True
649554,137,5,10.0,11.341115193580192,213096.26483052247,148,148,6.0,6.0,-1362.2068650966394,18878.139650420322,20240.34651551696,1250.6066671904293,1723.4141474456017,1887.8139650420324,False
649554,137,6,10.0,12.448647286038655,-16761.25819510054,71,71,3.329807169732741,6.0,-64722.32626525672,0.0,64722.32626525672,12000.248965550089,848.2636038280887,0.0,True
649554,137,7,10.5,12.964254140168164,-28771.102717726164,66,66,3.201439529192188,5.9,-65355.88810580231,0.0,65355.88810580231,12234.980630922259,765.3621519289836,0.0,True
649554,137,8,10.0,10.310104721436531,925612.5886258617,147,147,6.0,6.0,3158.1028227011157,16790.51411350548,13632.411290804364,0.0,1679.0514113505455,1679.051411350548,False
649554,137,9,11.55,11.202228973605658,-23697.469836539894,66,66,3.3279656973734357,6.0,-43562.107263976766,0.0,43562.107263976766,7865.998437902268,756.783227124223,0.0,True
649554,138,0,10.0,10.0,-35810.00646550855,93,93,4.180822162642174,6.0,-49565.02027469179,5489.898334277269,55054.91860896906,9646.384610386964,1071.5395756028431,548.9898334277269,True
649554,138,1,10.5,17.55210042119207,-83083.25051626252,73,73,3.1805261192569274,5.791963875728813,-92325.18483881264,0.0,92325.18483881264,17521.501430955614,872.0499771715411,0.0,True
649554,138,2,10.0,13.131817592566534,64883.97829582785,145,145,6.0,6.0,-85639.54017473398,6114.775635294976,91754.31581002896,15552.672600590813,1723.8691008843625,611.4775635294976,False
649554,138,3,10.5,13.946477018384773,-65707.9468772784,85,85,3.7081813921340157,6.0,-111596.62876896975,0.0,111596.62876896975,21120.952822341133,1014.6602322843823,0.0,True
649554,138,4,10.0,11.209691498899055,-23801.99290243379,82,82,3.7420670870657977,6.0,-83543.7924288141,1.2434497875801738e-13,83543.7924288141,15557.463027717895,967.6789222370408,1.2434497875801737e-14,True
649554,138,5,10.0,12.475226712938213,226213.43218676304,149,149,6.0,6.0,15775.976136468173,29855.613994724008,14079.637858255835,0.0,1734.9547322819794,2985.561399472401,False
649554,138,6,10.0,12.448647286038655,-16761.25819510054,71,71,3.329807169732741,6.0,-64722.32626525672,0.0,64722.32626525672,12000.248965550089,848.2636038280887,0.0,True
649554,138,7,10.5,12.964254140168164,-28771.102717726164,66,66,3.201439529192188,5.9,-65355.88810580231,0.0,65355.88810580231,12234.980630922259,765.3621519289836,0.0,True
649554,138,8,11.0,11.341115193580185,900962.7927759859,148,148,6.0,6.0,-22171.310801229163,5.684341886080799e-14,22171.310801229163,1690.1008308637818,1690.1008308637818,5.1675835328007264e-15,False
649554,138,9,11.55,11.202228973605658,-23697.469836539894,66,66,3.3279656973734357,6.0,-43562.107263976766,0.0,43562.107263976766,7865.998437902268,756.783227124223,0.0,True
649554,139,0,10.0,10.0,-35810.00646550855,93,93,4.180822162642174,6.0,-49565.02027469179,5489.898334277269,55054.91860896906,9646.384610386964,1071.5395756028431,548.9898334277269,True
649554,139,1,10.5,17.55210042119207,-83083.25051626252,73,73,3.1805261192569274,5.791963875728813,-92325.18483881264,0.0,92325.18483881264,17521.501430955614,872.0499771715411,0.0,True
649554,139,2,10.0,12.475226712938207,-38264.01861066662,146,146,6.0,6.0,-100526.61380640567,1.2434497875801753e-14,100526.61380640567,17288.307277779397,1735.634677188585,1.2434497875801752e-15,True
649554,139,3,10.5,13.946477018384773,-65707.9468772784,85,85,3.7081813921340157,6.0,-111596.62876896975,0.0,111596.62876896975,21120.952822341133,1014.6602322843823,0.0,True
649554,139,4,10.0,11.209691498899055,-23801.99290243379,82,82,3.7420670870657977,6.0,-83543.7924288141,1.2434497875801738e-13,83543.7924288141,15557.463027717895,967.6789222370408,1.2434497875801737e-14,True
649554,139,5,10.0,11.851465377291301,203021.25706336368,150,150,6.0,6.0,-20614.455316806278,1524.6189379339253,22139.074254740204,1593.7983926456207,1746.2602864390126,152.46189379339253,False
649554,139,6,10.0,12.448647286038655,-16761.25819510054,71,71,3.329807169732741,6.0,-64722.32626525672,0.0,64722.32626525672,12000.248965550089,848.2636038280887,0.0,True
649554,139,7,10.5,12.964254140168164,-28771.102717726164,66,66,3.201439529192188,5.9,-65355.88810580231,0.0,65355.88810580231,12234.980630922259,765.3621519289836,0.0,True
649554,139,8,10.0,10.774059433901176,918660.2814896561,149,149,6.0,6.0,20102.82356932953,33910.08461209605,13807.261042766519,0.0,1700.9076303458148,3391.0084612096052,False
649554,139,9,11.55,11.202228973605658,-23697.469836539894,66,66,3.3279656973734357,6.0,-43562.107263976766,0.0,43562.107263976766,7865.998437902268,756.783227124223,0.0,True
649554,140,0,10.0,10.0,-35810.00646550855,93,93,4.180822162642174,6.0,-49565.02027469179,5489.898334277269,55054.91860896906,9646.384610386964,1071.5395756028431,548.9898334277269,True
649554,140,1,10.5,17.55210042119207,-83083.25051626252,73,73,3.1805261192569274,5.791963875728813,-92325.18483881264,0.0,92325.18483881264,17521.501430955614,872.0499771715411,0.0,True
649554,140,2,10.0,12.475226712938207,-38264.01861066662,146,146,6.0,6.0,-100526.61380640567,1.2434497875801753e-14,100526.61380640567,17288.307277779397,1735.634677188585,1.2434497875801752e-15,True
649554,140,3,10.5,13.946477018384773,-65707.9468772784,85,85,3.7081813921340157,6.0,-111596.62876896975,0.0,111596.62876896975,21120.952822341133,1014.6602322843823,0.0,True
649554,140,4,10.0,11.209691498899055,-23801.99290243379,82,82,3.7420670870657977,6.0,-83543.7924288141,1.2434497875801738e-13,83543.7924288141,15557.463027717895,967.6789222370408,1.2434497875801737e-14,True
649554,140,5,10.0,11.258892108426735,193963.29086398598,151,151,6.0,6.0,-6557.873491005626,16625.872019773564,23183.74551077919,1725.6488489327126,1794.4376582644536,1662.5872019773565,False
649554,140,6,10.0,12.448647286038655,-16761.25819510054,71,71,3.329807169732741,6.0,-64722.32626525672,0.0,64722.32626525672,12000.248965550089,848.2636038280887,0.0,True
649554,140,7,10.5,12.964254140168164,-28771.102717726164,66,66,3.201439529192188,5.9,-65355.88810580231,0.0,65355.88810580231,12234.980630922259,765.3621519289836,0.0,True
649554,140,8,10.0,10.235356462206116,919615.1961172376,150,150,6.0,6.0,3290.2180969096407,17451.090484548164,14160.872387638523,0.0,1745.1090484548154,1745.1090484548163,False
649554,140,9,11.55,11.202228973605658,-23697.469836539894,66,66,3.3279656973734357,6.0,-43562.107263976766,0.0,43562.107263976766,7865.998437902268,756.783227124223,0.0,True
649554,141,0,10.0,10.0,-35810.00646550855,93,93,4.180822162642174,6.0,-49565.02027469179,5489.898334277269,55054.91860896906,9646.384610386964,1071.5395756028431,548.9898334277269,True
649554,141,1,10.5,17.55210042119207,-83083.25051626252,73,73,3.1805261192569274,5.791963875728813,-92325.18483881264,0.0,92325.18483881264,17521.501430955614,872.0499771715411,0.0,True
649554,141,2,10.0,12.475226712938207,-38264.01861066662,146,146,6.0,6.0,-100526.61380640567,1.2434497875801753e-14,100526.61380640567,17288.307277779397,1735.634677188585,1.2434497875801752e-15,True
649554,141,3,10.5,13.946477018384773,-65707.9468772784,85,85,3.7081813921340157,6.0,-111596.62876896975,0.0,111596.62876896975,21120.952822341133,1014.6602322843823,0.0,True
649554,141,4,10.0,11.209691498899055,-23801.99290243379,82,82,3.7420670870657977,6.0,-83543.7924288141,1.2434497875801738e-13,83543.7924288141,15557.463027717895,967.6789222370408,1.2434497875801737e-14,True
649554,141,5,10.0,12.38478131926941,210744.39350699505,152,152,6.0,6.0,19463.58940353807,34514.89242283959,15051.303019301522,80.35229788396506,1806.1926912352121,3451.4892422839594,False
649554,141,6,10.0,12.448647286038655,-16761.25819510054,71,71,3.329807169732741,6.0,-64722.32626525672,0.0,64722.32626525672,12000.248965550089,848.2636038280887,0.0,True
649554,141,7,10.5,12.964254140168164,-28771.102717726164,66,66,3.201439529192188,5.9,-65355.88810580231,0.0,65355.88810580231,12234.980630922259,765.3621519289836,0.0,True
649554,141,8,11.0,11.258892108426728,894081.835455712,151,151,6.0,6.0,-23033.26795314906,4.245492846166599e-13,23033.26795314906,1756.4052271653125,1756.4052271653125,3.859538951060545e-14,False
649554,141,9,11.55,11.202228973605658,-23697.469836539894,66,66,3.3279656973734357,6.0,-43562.107263976766,0.0,43562.107263976766,7865.998437902268,756.783227124223,0.0,True
649554,142,0,10.0,10.0,-35810.00646550855,93,93,4.180822162642174,6.0,-49565.02027469179,5489.898334277269,55054.91860896906,9646.384610386964,1071.5395756028431,548.9898334277269,True
649554,142,1,10.5,17.55210042119207,-83083.25051626252,73,73,3.1805261192569274,5.791963875728813,-92325.18483881264,0.0,92325.18483881264,17521.501430955614,872.0499771715411,0.0,True
649554,142,2,10.0,12.475226712938207,-38264.01861066662,146,146,6.0,6.0,-100526.61380640567,1.2434497875801753e-14,100526.61380640567,17288.307277779397,1735.634677188585,1.2434497875801752e-15,True
649554,142,3,10.5,13.946477018384773,-65707.9468772784,85,85,3.7081813921340157,6.0,-111596.62876896975,0.0,111596.62876896975,21120.952822341133,1014.6602322843823,0.0,True
649554,142,4,10.0,11.209691498899055,-23801.99290243379,82,82,3.7420670870657977,6.0,-83543.7924288141,1.2434497875801738e-13,83543.7924288141,15557.463027717895,967.6789222370408,1.2434497875801737e-14,True
649554,142,5,10.0,11.765542253305938,183909.19146299618,153,153,6.0,6.0,-24235.074079244136,1.003641614261151e-12,24235.074079244136,1898.2994201781428,1817.9471222941777,1.003641614261151e-13,False
649554,142,6,10.0,12.448647286038655,-16761.25819510054,71,71,3.329807169732741,6.0,-64722.32626525672,0.0,64722.32626525672,12000.248965550089,848.2636038280887,0.0,True
649554,142,7,10.5,12.964254140168164,-28771.102717726164,66,66,3.201439529192188,5.9,-65355.88810580231,0.0,65355.88810580231,12234.980630922259,765.3621519289836,0.0,True
649554,142,8,10.0,10.695947503005392,910817.9071894074,152,152,6.0,6.0,19161.85575414714,34082.61350064797,14920.757746500829,115.83913563884063,1767.6952585383283,3408.2613500647967,False
649554,142,9,11.55,11.202228973605658,-23697.469836539894,66,66,3.3279656973734357,6.0,-43562.107263976766,0.0,43562.107263976766,7865.998437902268,756.783227124223,0.0,True
649554,143,0,10.0,10.0,-35810.00646550855,93,93,4.180822162642174,6.0,-49565.02027469179,5489.898334277269,55054.91860896906,9646.384610386964,1071.5395756028431,548.9898334277269,True
649554,143,1,10.5,17.55210042119207,-83083.25051626252,73,73,3.1805261192569274,5.791963875728813,-92325.18483881264,0.0,92325.18483881264,17521.501430955614,872.0499771715411,0.0,True
649554,143,2,10.0,12.475226712938207,-38264.01861066662,146,146,6.0,6.0,-100526.61380640567,1.2434497875801753e-14,100526.61380640567,17288.307277779397,1735.634677188585,1.2434497875801752e-15,True
649554,143,3,10.5,13.946477018384773,-65707.9468772784,85,85,3.7081813921340157,6.0,-111596.62876896975,0.0,111596.62876896975,21120.952822341133,1014.6602322843823,0.0,True
649554,143,4,10.0,11.209691498899055,-23801.99290243379,82,82,3.7420670870657977,6.0,-83543.7924288141,1.2434497875801738e-13,83543.7924288141,15557.463027717895,967.6789222370408,1.2434497875801737e-14,True
649554,143,5,10.0,11.17726514064064,169237.4821468136,154,154,6.0,6.0,-12150.41048452473,14218.132895314777,26368.543379839506,2306.187109616374,1829.7009789697045,1421.8132895314777,False
649554,143,6,10.0,12.448647286038655,-16761.25819510054,71,71,3.329807169732741,6.0,-64722.32626525672,0.0,64722.32626525672,12000.248965550089,848.2636038280887,0.0,True
649554,143,7,10.5,12.964254140168164,-28771.102717726164,66,66,3.201439529192188,5.9,-65355.88810580231,0.0,65355.88810580231,12234.980630922259,765.3621519289836,0.0,True
649554,143,8,10.0,10.161150127855123,912979.6065450181,153,153,6.0,6.0,4516.355325176739,18948.211200330155,14431.855875153416,0.0,1778.981984394177,1894.8211200330154,False
649554,143,9,11.55,11.202228973605658,-23697.469836539894,66,66,3.3279656973734357,6.0,-43562.107263976766,0.0,43562.107263976766,7865.998437902268,756.783227124223,0.0,True
649554,144,0,10.0,10.0,-35810.00646550855,93,93,4.180822162642174,6.0,-49565.02027469179,5489.898334277269,55054.91860896906,9646.384610386964,1071.5395756028431,548.9898334277269,True
649554,144,1,10.5,17.55210042119207,-83083.25051626252,73,73,3.1805261192569274,5.791963875728813,-92325.18483881264,0.0,92325.18483881264,17521.501430955614,872.0499771715411,0.0,True
649554,144,2,10.0,12.475226712938207,-38264.01861066662,146,146,6.0,6.0,-100526.61380640567,1.2434497875801753e-14,100526.61380640567,17288.307277779397,1735.634677188585,1.2434497875801752e-15,True
649554,144,3,10.5,13.946477018384773,-65707.9468772784,85,85,3.7081813921340157,6.0,-111596.62876896975,0.0,111596.62876896975,21120.952822341133,1014.6602322843823,0.0,True
649554,144,4,10.0,11.209691498899055,-23801.99290243379,82,82,3.7420670870657977,6.0,-83543.7924288141,1.2434497875801738e-13,83543.7924288141,15557.463027717895,967.6789222370408,1.2434497875801737e-14,True
649554,144,5,10.0,12.294991654704706,181650.69927949624,155,155,6.0,6.0,15118.940839160081,33859.19232145949,18740.251482299413,761.7226540048308,1841.4547765344073,3385.9192321459495,False
649554,144,6,10.0,12.448647286038655,-16761.25819510054,71,71,3.329807169732741,6.0,-64722.32626525672,0.0,64722.32626525672,12000.248965550089,848.2636038280887,0.0,True
649554,144,7,10.5,12.964254140168164,-28771.102717726164,66,66,3.201439529192188,5.9,-65355.88810580231,0.0,65355.88810580231,12234.980630922259,765.3621519289836,0.0,True
649554,144,8,11.0,11.177265140640637,886984.9023711532,154,154,6.0,6.0,-23473.405342198083,7.034373084024993e-13,23473.405342198083,1790.2619493998525,1790.2619493998525,6.394884621840903e-14,False
649554,144,9,11.55,11.202228973605658,-23697.469836539894,66,66,3.3279656973734357,6.0,-43562.107263976766,0.0,43562.107263976766,7865.998437902268,756.783227124223,0.0,True
649554,145,0,10.0,10.0,-35810.00646550855,93,93,4.180822162642174,6.0,-49565.02027469179,5489.898334277269,55054.91860896906,9646.384610386964,1071.5395756028431,548.9898334277269,True
649554,145,1,10.5,17.55210042119207,-83083.25051626252,73,73,3.1805261192569274,5.791963875728813,-92325.18483881264,0.0,92325.18483881264,17521.501430955614,872.0499771715411,0.0,True
649554,145,2,10.0,12.475226712938207,-38264.01861066662,146,146,6.0,6.0,-100526.61380640567,1.2434497875801753e-14,100526.61380640567,17288.307277779397,1735.634677188585,1.2434497875801752e-15,True
649554,145,3,10.5,13.946477018384773,-65707.9468772784,85,85,3.7081813921340157,6.0,-111596.62876896975,0.0,111596.62876896975,21120.952822341133,1014.6602322843823,0.0,True
649554,145,4,10.0,11.209691498899055,-23801.99290243379,82,82,3.7420670870657977,6.0,-83543.7924288141,1.2434497875801738e-13,83543.7924288141,15557.463027717895,967.6789222370408,1.2434497875801737e-14,True
649554,145,5,10.0,11.68024207196947,150928.26388980303,156,156,6.0,6.0,-28100.317626464952,1.0444978215673574e-12,28100.317626464952,2614.9306814233537,1853.2080274185228,1.0444978215673573e-13,False
649554,145,6,10.0,12.448647286038655,-16761.25819510054,71,71,3.329807169732741,6.0,-64722.32626525672,0.0,64722.32626525672,12000.248965550089,848.2636038280887,0.0,True
649554,145,7,10.5,12.964254140168164,-28771.102717726164,66,66,3.201439529192188,5.9,-65355.88810580231,0.0,65355.88810580231,12234.980630922259,765.3621519289836,0.0,True
649554,145,8,10.0,10.618401883608605,902346.6606816958,155,155,6.0,6.0,17807.610602506127,33585.90040178335,15778.289799277223,233.20500561918357,1801.5330963976633,3358.5900401783347,False
649554,145,9,11.55,11.202228973605658,-23697.469836539894,66,66,3.3279656973734357,6.0,-43562.107263976766,0.0,43562.107263976766,7865.998437902268,756.783227124223,0.0,True
649554,146,0,10.0,10.0,-35810.00646550855,93,93,4.180822162642174,6.0,-49565.02027469179,5489.898334277269,55054.91860896906,9646.384610386964,1071.5395756028431,548.9898334277269,True
649554,146,1,10.5,17.55210042119207,-83083.25051626252,73,73,3.1805261192569274,5.791963875728813,-92325.18483881264,0.0,92325.18483881264,17521.501430955614,872.0499771715411,0.0,True
649554,146,2,10.0,12.475226712938207,-38264.01861066662,146,146,6.0,6.0,-100526.61380640567,1.2434497875801753e-14,100526.61380640567,17288.307277779397,1735.634677188585,1.2434497875801752e-15,True
649554,146,3,10.5,13.946477018384773,-65707.9468772784,85,85,3.7081813921340157,6.0,-111596.62876896975,0.0,111596.62876896975,21120.952822341133,1014.6602322843823,0.0,True
649554,146,4,10.0,11.209691498899055,-23801.99290243379,82,82,3.7420670870657977,6.0,-83543.7924288141,1.2434497875801738e-13,83543.7924288141,15557.463027717895,967.6789222370408,1.2434497875801737e-14,True
649554,146,5,10.0,11.096229968370997,129333.57228737738,157,157,6.0,6.0,-19052.58349739317,12310.999255205805,31363.582752598977,3248.7868307554913,1864.95607485269,1231.0999255205804,False
649554,146,6,10.0,12.448647286038655,-16761.25819510054,71,71,3.329807169732741,6.0,-64722.32626525672,0.0,64722.32626525672,12000.248965550089,848.2636038280887,0.0,True
649554,146,7,10.5,12.964254140168164,-28771.102717726164,66,66,3.201439529192188,5.9,-65355.88810580231,0.0,65355.88810580231,12234.980630922259,765.3621519289836,0.0,True
649554,146,8,10.0,10.087481789428175,905730.6605686273,156,156,6.0,6.0,5757.647046079068,20460.035005627986,14702.387959548918,0.0,1812.7984949436147,2046.0035005627988,False
649554,146,9,11.55,11.202228973605658,-23697.469836539894,66,66,3.3279656973734357,6.0,-43562.107263976766,0.0,43562.107263976766,7865.998437902268,756.783227124223,0.0,True
649554,147,0,10.0,10.0,-35810.00646550855,93,93,4.180822162642174,6.0,-49565.02027469179,5489.898334277269,55054.91860896906,9646.384610386964,1071.5395756028431,548.9898334277269,True
649554,147,1,10.5,17.55210042119207,-83083.25051626252,73,73,3.1805261192569274,5.791963875728813,-92325.18483881264,0.0,92325.18483881264,17521.501430955614,872.0499771715411,0.0,True
649554,147,2,10.0,12.475226712938207,-38264.01861066662,146,146,6.0,6.0,-100526.61380640567,1.2434497875801753e-14,100526.61380640567,17288.307277779397,1735.634677188585,1.2434497875801752e-15,True
649554,147,3,10.5,13.946477018384773,-65707.9468772784,85,85,3.7081813921340157,6.0,-111596.62876896975,0.0,111596.62876896975,21120.952822341133,1014.6602322843823,0.0,True
649554,147,4,10.0,11.209691498899055,-23801.99290243379,82,82,3.7420670870657977,6.0,-83543.7924288141,1.2434497875801738e-13,83543.7924288141,15557.463027717895,967.6789222370408,1.2434497875801737e-14,True
649554,147,5,10.0,12.205852965208097,136039.37963967584,158,158,6.0,6.0,9434.332120802137,33516.938110835006,24082.60599003287,1773.7961651852631,1876.703145513319,3351.693811083501,False
649554,147,6,10.0,12.448647286038655,-16761.25819510054,71,71,3.329807169732741,6.0,-64722.32626525672,0.0,64722.32626525672,12000.248965550089,848.2636038280887,0.0,True
649554,147,7,10.5,12.964254140168164,-28771.102717726164,66,66,3.201439529192188,5.9,-65355.88810580231,0.0,65355.88810580231,12234.980630922259,765.3621519289836,0.0,True
649554,147,8,11.0,11.096229968370993,879275.7705124717,157,157,6.0,6.0,-23912.781951123194,2.149391775674307e-13,23912.781951123194,1824.0601500863995,1824.0601500863995,1.9539925233402793e-14,False
649554,147,9,11.55,11.202228973605658,-23697.469836539894,66,66,3.3279656973734357,6.0,-43562.107263976766,0.0,43562.107263976766,7865.998437902268,756.783227124223,0.0,True
649554,148,0,10.0,10.0,-35810.00646550855,93,93,4.180822162642174,6.0,-49565.02027469179,5489.898334277269,55054.91860896906,9646.384610386964,1071.5395756028431,548.9898334277269,True
649554,148,1,10.5,17.55210042119207,-83083.25051626252,73,73,3.1805261192569274,5.791963875728813,-92325.18483881264,0.0,92325.18483881264,17521.501430955614,872.0499771715411,0.0,True
649554,148,2,10.0,12.475226712938207,-38264.01861066662,146,146,6.0,6.0,-100526.61380640567,1.2434497875801753e-14,100526.61380640567,17288.307277779397,1735.634677188585,1.2434497875801752e-15,True
649554,148,3,10.5,13.946477018384773,-65707.9468772784,85,85,3.7081813921340157,6.0,-111596.62876896975,0.0,111596.62876896975,21120.952822341133,1014.6602322843823,0.0,True
649554,148,4,10.0,11.209691498899055,-23801.99290243379,82,82,3.7420670870657977,6.0,-83543.7924288141,1.2434497875801738e-13,83543.7924288141,15557.463027717895,967.6789222370408,1.2434497875801737e-14,True
649554,148,5,10.0,13.426438261728908,99485.7768410453,159,159,6.0,6.0,-33618.79911501615,3.6770586575585225e-13,33618.79911501615,3662.243725884481,1888.447560699218,3.677058657558523e-14,False
649554,148,6,10.0,12.448647286038655,-16761.25819510054,71,71,3.329807169732741,6.0,-64722.32626525672,0.0,64722.32626525672,12000.248965550089,848.2636038280887,0.0,True
649554,148,7,10.5,12.964254140168164,-28771.102717726164,66,66,3.201439529192188,5.9,-65355.88810580231,0.0,65355.88810580231,12234.980630922259,765.3621519289836,0.0,True
649554,148,8,10.0,10.541418469952443,895154.3719132391,158,158,6.0,6.0,18344.14551902382,34349.048761061844,16004.903242038026,224.47272568306212,1835.3174517028394,3434.9048761061845,False
649554,148,9,11.55,11.202228973605658,-23697.469836539894,66,66,3.3279656973734357,6.0,-43562.107263976766,0.0,43562.107263976766,7865.998437902268,756.783227124223,0.0,True
649554,149,0,10.0,10.0,-35810.00646550855,93,93,4.180822162642174,6.0,-49565.02027469179,5489.898334277269,55054.91860896906,9646.384610386964,1071.5395756028431,548.9898334277269,True
649554,149,1,10.5,17.55210042119207,-83083.25051626252,73,73,3.1805261192569274,5.791963875728813,-92325.18483881264,0.0,92325.18483881264,17521.501430955614,872.0499771715411,0.0,True
649554,149,2,10.0,12.475226712938207,-38264.01861066662,146,146,6.0,6.0,-100526.61380640567,1.2434497875801753e-14,100526.61380640567,17288.307277779397,1735.634677188585,1.2434497875801752e-15,True
649554,149,3,10.5,13.946477018384773,-65707.9468772784,85,85,3.7081813921340157,6.0,-111596.62876896975,0.0,111596.62876896975,21120.952822341133,1014.6602322843823,0.0,True
649554,149,4,10.0,11.209691498899055,-23801.99290243379,82,82,3.7420670870657977,6.0,-83543.7924288141,1.2434497875801738e-13,83543.7924288141,15557.463027717895,967.6789222370408,1.2434497875801737e-14,True
649554,149,5,10.0,12.755116348642462,73590.18894850195,160,160,6.0,6.0,-23054.76927675942,13439.287775682504,36494.05705244192,4218.505895305603,1900.1909469892387,1343.9287775682503,False
649554,149,6,10.0,12.448647286038655,-16761.25819510054,71,71,3.329807169732741,6.0,-64722.32626525672,0.0,64722.32626525672,12000.248965550089,848.2636038280887,0.0,True
649554,149,7,10.5,12.964254140168164,-28771.102717726164,66,66,3.201439529192188,5.9,-65355.88810580231,0.0,65355.88810580231,12234.980630922259,765.3621519289836,0.0,True
649554,149,8,10.0,10.01434754645482,898499.9160031051,159,159,6.0,6.0,5737.825349759669,20710.21772147579,14972.392371716121,0.0,1846.5490464645152,2071.021772147579,False
649554,149,9,11.55,11.202228973605658,-23697.469836539894,66,66,3.3279656973734357,6.0,-43562.107263976766,0.0,43562.107263976766,7865.998437902268,756.783227124223,0.0,True
649554,150,0,10.0,10.0,-35810.00646550855,93,93,4.180822162642174,6.0,-49565.02027469179,5489.898334277269,55054.91860896906,9646.384610386964,1071.5395756028431,548.9898334277269,True
649554,150,1,10.5,17.55210042119207,-83083.25051626252,73,73,3.1805261192569274,5.791963875728813,-92325.18483881264,0.0,92325.18483881264,17521.501430955614,872.0499771715411,0.0,True
649554,150,2,10.0,12.475226712938207,-38264.01861066662,146,146,6.0,6.0,-100526.61380640567,1.2434497875801753e-14,100526.61380640567,17288.307277779397,1735.634677188585,1.2434497875801752e-15,True
649554,150,3,10.5,13.946477018384773,-65707.9468772784,85,85,3.7081813921340157,6.0,-111596.62876896975,0.0,111596.62876896975,21120.952822341133,1014.6602322843823,0.0,True
649554,150,4,10.0,11.209691498899055,-23801.99290243379,82,82,3.7420670870657977,6.0,-83543.7924288141,1.2434497875801738e-13,83543.7924288141,15557.463027717895,967.6789222370408,1.2434497875801737e-14,True
649554,150,5,10.0,14.03062798350671,77425.27378634308,161,161,6.0,6.0,6894.015943185575,35361.124708557174,28467.1087653716,2594.327396997715,1911.933972547878,3536.112470855717,False
649554,150,6,10.0,12.448647286038655,-16761.25819510054,71,71,3.329807169732741,6.0,-64722.32626525672,0.0,64722.32626525672,12000.248965550089,848.2636038280887,0.0,True
649554,150,7,10.5,12.964254140168164,-28771.102717726164,66,66,3.201439529192188,5.9,-65355.88810580231,0.0,65355.88810580231,12234.980630922259,765.3621519289836,0.0,True
649554,150,8,11.0,11.015782301100304,871586.2805265385,160,160,6.0,6.0,-24351.11030839359,6.448175327022894e-13,24351.11030839359,1857.7777160302762,1857.7777160302762,5.861977570020813e-14,False
649554,150,9,11.55,11.202228973605658,-23697.469836539894,66,66,3.3279656973734357,6.0,-43562.107263976766,0.0,43562.107263976766,7865.998437902268,756.783227124223,0.0,True
649554,151,0,10.0,10.0,-35810.00646550855,93,93,4.180822162642174,6.0,-49565.02027469179,5489.898334277269,55054.91860896906,9646.384610386964,1071.5395756028431,548.9898334277269,True
649554,151,1,10.5,17.55210042119207,-83083.25051626252,73,73,3.1805261192569274,5.791963875728813,-92325.18483881264,0.0,92325.18483881264,17521.501430955614,872.0499771715411,0.0,True
649554,151,2,10.0,12.475226712938207,-38264.01861066662,146,146,6.0,6.0,-100526.61380640567,1.2434497875801753e-14,100526.61380640567,17288.307277779397,1735.634677188585,1.2434497875801752e-15,True
649554,151,3,10.5,13.946477018384773,-65707.9468772784,85,85,3.7081813921340157,6.0,-111596.62876896975,0.0,111596.62876896975,21120.952822341133,1014.6602322843823,0.0,True
649554,151,4,10.0,11.209691498899055,-23801.99290243379,82,82,3.7420670870657977,6.0,-83543.7924288141,1.2434497875801738e-13,83543.7924288141,15557.463027717895,967.6789222370408,1.2434497875801737e-14,True
649554,151,5,10.0,15.433690781857383,35945.59048834732,162,162,6.0,6.0,-38179.425391335964,7.442935157087107e-13,38179.425391335964,4518.003428255206,1923.6760312574916,7.442935157087107e-14,False
649554,151,6,10.0,12.448647286038655,-16761.25819510054,71,71,3.329807169732741,6.0,-64722.32626525672,0.0,64722.32626525672,12000.248965550089,848.2636038280887,0.0,True
649554,151,7,10.5,12.964254140168164,-28771.102717726164,66,66,3.201439529192188,5.9,-65355.88810580231,0.0,65355.88810580231,12234.980630922259,765.3621519289836,0.0,True
649554,151,8,10.0,10.464993186045287,890194.4240654256,161,161,6.0,6.0,21093.007441843183,36585.88869048169,15492.881248638505,68.184001884257,1868.9951549021525,3658.588869048169,False
649554,151,9,11.55,11.202228973605658,-23697.469836539894,66,66,3.3279656973734357,6.0,-43562.107263976766,0.0,43562.107263976766,7865.998437902268,756.783227124223,0.0,True
649554,152,0,10.0,10.0,-35810.00646550855,93,93,4.180822162642174,6.0,-49565.02027469179,5489.898334277269,55054.91860896906,9646.384610386964,1071.5395756028431,548.9898334277269,True
649554,152,1,10.5,17.55210042119207,-83083.25051626252,73,73,3.1805261192569274,5.791963875728813,-92325.18483881264,0.0,92325.18483881264,17521.501430955614,872.0499771715411,0.0,True
649554,152,2,10.0,12.475226712938207,-38264.01861066662,146,146,6.0,6.0,-100526.61380640567,1.2434497875801753e-14,100526.61380640567,17288.307277779397,1735.634677188585,1.2434497875801752e-15,True
649554,152,3,10.5,13.946477018384773,-65707.9468772784,85,85,3.7081813921340157,6.0,-111596.62876896975,0.0,111596.62876896975,21120.952822341133,1014.6602322843823,0.0,True
649554,152,4,10.0,11.209691498899055,-23801.99290243379,82,82,3.7420670870657977,6.0,-83543.7924288141,1.2434497875801738e-13,83543.7924288141,15557.463027717895,967.6789222370408,1.2434497875801737e-14,True
649554,152,5,10.0,16.977059860043124,12232.93067979701,163,163,6.0,6.0,-20245.399051363074,18470.034106406532,38715.43315776961,4606.4179460527785,1935.4179284382144,1847.003410640653,False
649554,152,6,10.0,12.448647286038655,-16761.25819510054,71,71,3.329807169732741,6.0,-64722.32626525672,0.0,64722.32626525672,12000.248965550089,848.2636038280887,0.0,True
649554,152,7,10.5,12.964254140168164,-28771.102717726164,66,66,3.201439529192188,5.9,-65355.88810580231,0.0,65355.88810580231,12234.980630922259,765.3621519289836,0.0,True
649554,152,8,10.0,10.0,892016.6707283069,162,162,6.0,6.0,4242.24666288128,19483.873239036115,15241.626576154835,0.0,1880.2033220193543,1948.3873239036113,False
649554,152,9,11.55,11.202228973605658,-23697.469836539894,66,66,3.3279656973734357,6.0,-43562.107263976766,0.0,43562.107263976766,7865.998437902268,756.783227124223,0.0,True
649554,153,0,10.0,10.0,-35810.00646550855,93,93,4.180822162642174,6.0,-49565.02027469179,5489.898334277269,55054.91860896906,9646.384610386964,1071.5395756028431,548.9898334277269,True
649554,153,1,10.5,17.55210042119207,-83083.25051626252,73,73,3.1805261192569274,5.791963875728813,-92325.18483881264,0.0,92325.18483881264,17521.501430955614,872.0499771715411,0.0,True
649554,153,2,10.0,12.475226712938207,-38264.01861066662,146,146,6.0,6.0,-100526.61380640567,1.2434497875801753e-14,100526.61380640567,17288.307277779397,1735.634677188585,1.2434497875801752e-15,True
649554,153,3,10.5,13.946477018384773,-65707.9468772784,85,85,3.7081813921340157,6.0,-111596.62876896975,0.0,111596.62876896975,21120.952822341133,1014.6602322843823,0.0,True
649554,153,4,10.0,11.209691498899055,-23801.99290243379,82,82,3.7420670870657977,6.0,-83543.7924288141,1.2434497875801738e-13,83543.7924288141,15557.463027717895,967.6789222370408,1.2434497875801737e-14,True
649554,153,5,10.0,16.977059860043124,19820.10992804046,163,163,6.0,6.0,10654.440005430391,39364.64187026093,28710.20186483054,2605.3716874649645,1935.4179284382144,3936.464187026093,False
649554,153,6,10.0,12.448647286038655,-16761.25819510054,71,71,3.329807169732741,6.0,-64722.32626525672,0.0,64722.32626525672,12000.248965550089,848.2636038280887,0.0,True
649554,153,7,10.5,12.964254140168164,-28771.102717726164,66,66,3.201439529192188,5.9,-65355.88810580231,0.0,65355.88810580231,12234.980630922259,765.3621519289836,0.0,True
649554,153,8,11.0,11.0,864631.8872993443,163,163,6.0,6.0,-24791.783428962546,2.806643806252406e-13,24791.783428962546,1891.6756483817344,1891.6756483817344,2.551494369320369e-14,False
649554,153,9,11.55,11.202228973605658,-23697.469836539894,66,66,3.3279656973734357,6.0,-43562.107263976766,0.0,43562.107263976766,7865.998437902268,756.783227124223,0.0,True
649554,154,0,10.0,10.0,-35810.00646550855,93,93,4.180822162642174,6.0,-49565.02027469179,5489.898334277269,55054.91860896906,9646.384610386964,1071.5395756028431,548.9898334277269,True
649554,154,1,10.5,17.55210042119207,-83083.25051626252,73,73,3.1805261192569274,5.791963875728813,-92325.18483881264,0.0,92325.18483881264,17521.501430955614,872.0499771715411,0.0,True
649554,154,2,10.0,12.475226712938207,-38264.01861066662,146,146,6.0,6.0,-100526.61380640567,1.2434497875801753e-14,100526.61380640567,17288.307277779397,1735.634677188585,1.2434497875801752e-15,True
649554,154,3,10.5,13.946477018384773,-65707.9468772784,85,85,3.7081813921340157,6.0,-111596.62876896975,0.0,111596.62876896975,21120.952822341133,1014.6602322843823,0.0,True
649554,154,4,10.0,11.209691498899055,-23801.99290243379,82,82,3.7420670870657977,6.0,-83543.7924288141,1.2434497875801738e-13,83543.7924288141,15557.463027717895,967.6789222370408,1.2434497875801737e-14,True
649554,154,5,10.0,18.67476584604744,-17504.448074807424,163,163,6.0,6.0,-33980.57116994204,2937.8135580530416,36918.384727995086,4247.008260097874,1935.4179284382144,293.78135580530414,True
649554,154,6,10.0,12.448647286038655,-16761.25819510054,71,71,3.329807169732741,6.0,-64722.32626525672,0.0,64722.32626525672,12000.248965550089,848.2636038280887,0.0,True
649554,154,7,10.5,12.964254140168164,-28771.102717726164,66,66,3.201439529192188,5.9,-65355.88810580231,0.0,65355.88810580231,12234.980630922259,765.3621519289836,0.0,True
649554,154,8,10.0,10.45,884641.1358218445,164,164,6.0,6.0,22523.048522492474,37948.21667719327,15425.168154700794,0.0,1903.1460193375992,3794.821667719327,False
649554,154,9,11.55,11.202228973605658,-23697.469836539894,66,66,3.3279656973734357,6.0,-43562.107263976766,0.0,43562.107263976766,7865.998437902268,756.783227124223,0.0,True
649554,155,0,10.0,10.0,-35810.00646550855,93,93,4.180822162642174,6.0,-49565.02027469179,5489.898334277269,55054.91860896906,9646.384610386964,1071.5395756028431,548.9898334277269,True
649554,155,1,10.5,17.55210042119207,-83083.25051626252,73,73,3.1805261192569274,5.791963875728813,-92325.18483881264,0.0,92325.18483881264,17521.501430955614,872.0499771715411,0.0,True
649554,155,2,10.0,12.475226712938207,-38264.01861066662,146,146,6.0,6.0,-100526.61380640567,1.2434497875801753e-14,100526.61380640567,17288.307277779397,1735.634677188585,1.2434497875801752e-15,True
649554,155,3,10.5,13.946477018384773,-65707.9468772784,85,85,3.7081813921340157,6.0,-111596.62876896975,0.0,111596.62876896975,21120.952822341133,1014.6602322843823,0.0,True
649554,155,4,10.0,11.209691498899055,-23801.99290243379,82,82,3.7420670870657977,6.0,-83543.7924288141,1.2434497875801738e-13,83543.7924288141,15557.463027717895,967.6789222370408,1.2434497875801737e-14,True
649554,155,5,10.0,18.67476584604744,-17504.448074807424,163,163,6.0,6.0,-33980.57116994204,2937.8135580530416,36918.384727995086,4247.008260097874,1935.4179284382144,293.78135580530414,True
649554,155,6,10.0,12.448647286038655,-16761.25819510054,71,71,3.329807169732741,6.0,-64722.32626525672,0.0,64722.32626525672,12000.248965550089,848.2636038280887,0.0,True
649554,155,7,10.5,12.964254140168164,-28771.102717726164,66,66,3.201439529192188,5.9,-65355.88810580231,0.0,65355.88810580231,12234.980630922259,765.3621519289836,0.0,True
649554,155,8,10.0,11.495000000000001,885662.2302978666,165,165,6.0,6.0,3717.7694760213635,19588.847380106847,15871.077904085483,0.0,1958.8847380106854,1958.8847380106847,False
649554,155,9,11.55,11.202228973605658,-23697.469836539894,66,66,3.3279656973734357,6.0,-43562.107263976766,0.0,43562.107263976766,7865.998437902268,756.783227124223,0.0,True
649554,156,0,10.0,10.0,-35810.00646550855,93,93,4.180822162642174,6.0,-49565.02027469179,5489.898334277269,55054.91860896906,9646.384610386964,1071.5395756028431,548.9898334277269,True
649554,156,1,10.5,17.55210042119207,-83083.25051626252,73,73,3.1805261192569274,5.791963875728813,-92325.18483881264,0.0,92325.18483881264,17521.501430955614,872.0499771715411,0.0,True
649554,156,2,10.0,12.475226712938207,-38264.01861066662,146,146,6.0,6.0,-100526.61380640567,1.2434497875801753e-14,100526.61380640567,17288.307277779397,1735.634677188585,1.2434497875801752e-15,True
649554,156,3,10.5,13.946477018384773,-65707.9468772784,85,85,3.7081813921340157,6.0,-111596.62876896975,0.0,111596.62876896975,21120.952822341133,1014.6602322843823,0.0,True
649554,156,4,10.0,11.209691498899055,-23801.99290243379,82,82,3.7420670870657977,6.0,-83543.7924288141,1.2434497875801738e-13,83543.7924288141,15557.463027717895,967.6789222370408,1.2434497875801737e-14,True
649554,156,5,10.0,18.67476584604744,-17504.448074807424,163,163,6.0,6.0,-33980.57116994204,2937.8135580530416,36918.384727995086,4247.008260097874,1935.4179284382144,293.78135580530414,True
649554,156,6,10.0,12.448647286038655,-16761.25819510054,71,71,3.329807169732741,6.0,-64722.32626525672,0.0,64722.32626525672,12000.248965550089,848.2636038280887,0.0,True
649554,156,7,10.5,12.964254140168164,-28771.102717726164,66,66,3.201439529192188,5.9,-65355.88810580231,0.0,65355.88810580231,12234.980630922259,765.3621519289836,0.0,True
649554,156,8,11.0,12.644500000000003,888475.0807229057,166,166,6.0,6.0,5711.837425047917,21676.737225175686,15964.899800127769,0.0,1970.612475015971,1970.6124750159713,False
649554,156,9,11.55,11.202228973605658,-23697.469836539894,66,66,3.3279656973734357,6.0,-43562.107263976766,0.0,43562.107263976766,7865.998437902268,756.783227124223,0.0,True
649554,157,0,10.0,10.0,-35810.00646550855,93,93,4.180822162642174,6.0,-49565.02027469179,5489.898334277269,55054.91860896906,9646.384610386964,1071.5395756028431,548.9898334277269,True
649554,157,1,10.5,17.55210042119207,-83083.25051626252,73,73,3.1805261192569274,5.791963875728813,-92325.18483881264,0.0,92325.18483881264,17521.501430955614,872.0499771715411,0.0,True
649554,157,2,10.0,12.475226712938207,-38264.01861066662,146,146,6.0,6.0,-100526.61380640567,1.2434497875801753e-14,100526.61380640567,17288.307277779397,1735.634677188585,1.2434497875801752e-15,True
649554,157,3,10.5,13.946477018384773,-65707.9468772784,85,85,3.7081813921340157,6.0,-111596.62876896975,0.0,111596.62876896975,21120.952822341133,1014.6602322843823,0.0,True
649554,157,4,10.0,11.209691498899055,-23801.99290243379,82,82,3.7420670870657977,6.0,-83543.7924288141,1.2434497875801738e-13,83543.7924288141,15557.463027717895,967.6789222370408,1.2434497875801737e-14,True
649554,157,5,10.0,18.67476584604744,-17504.448074807424,163,163,6.0,6.0,-33980.57116994204,2937.8135580530416,36918.384727995086,4247.008260097874,1935.4179284382144,293.78135580530414,True
649554,157,6,10.0,12.448647286038655,-16761.25819510054,71,71,3.329807169732741,6.0,-64722.32626525672,0.0,64722.32626525672,12000.248965550089,848.2636038280887,0.0,True
649554,157,7,10.5,12.964254140168164,-28771.102717726164,66,66,3.201439529192188,5.9,-65355.88810580231,0.0,65355.88810580231,12234.980630922259,765.3621519289836,0.0,True
649554,157,8,12.100000000000001,13.908950000000004,893279.8766064512,167,167,6.0,6.0,7927.590533537839,23986.303769709222,16058.713236171383,0.0,1982.3391545214229,1982.339154521423,False
649554,157,9,11.55,11.202228973605658,-23697.469836539894,66,66,3.3279656973734357,6.0,-43562.107263976766,0.0,43562.107263976766,7865.998437902268,756.783227124223,0.0,True
649554,158,0,10.0,10.0,-35810.00646550855,93,93,4.180822162642174,6.0,-49565.02027469179,5489.898334277269,55054.91860896906,9646.384610386964,1071.5395756028431,548.9898334277269,True
649554,158,1,10.5,17.55210042119207,-83083.25051626252,73,73,3.1805261192569274,5.791963875728813,-92325.18483881264,0.0,92325.18483881264,17521.501430955614,872.0499771715411,0.0,True
649554,158,2,10.0,12.475226712938207,-38264.01861066662,146,146,6.0,6.0,-100526.61380640567,1.2434497875801753e-14,100526.61380640567,17288.307277779397,1735.634677188585,1.2434497875801752e-15,True
649554,158,3,10.5,13.946477018384773,-65707.9468772784,85,85,3.7081813921340157,6.0,-111596.62876896975,0.0,111596.62876896975,21120.952822341133,1014.6602322843823,0.0,True
649554,158,4,10.0,11.209691498899055,-23801.99290243379,82,82,3.7420670870657977,6.0,-83543.7924288141,1.2434497875801738e-13,83543.7924288141,15557.463027717895,967.6789222370408,1.2434497875801737e-14,True
649554,158,5,10.0,18.67476584604744,-17504.448074807424,163,163,6.0,6.0,-33980.57116994204,2937.8135580530416,36918.384727995086,4247.008260097874,1935.4179284382144,293.78135580530414,True
649554,158,6,10.0,12.448647286038655,-16761.25819510054,71,71,3.329807169732741,6.0,-64722.32626525672,0.0,64722.32626525672,12000.248965550089,848.2636038280887,0.0,True
649554,158,7,10.5,12.964254140168164,-28771.102717726164,66,66,3.201439529192188,5.9,-65355.88810580231,0.0,65355.88810580231,12234.980630922259,765.3621519289836,0.0,True
649554,158,8,13.310000000000002,15.299845000000007,900297.9712209938,168,168,6.0,6.0,10388.468574547667,26540.963602114673,16152.495027567005,0.0,1994.0618784458757,1994.0618784458804,False
649554,158,9,11.55,11.202228973605658,-23697.469836539894,66,66,3.3279656973734357,6.0,-43562.107263976766,0.0,43562.107263976766,7865.998437902268,756.783227124223,0.0,True
649554,159,0,10.0,10.0,-35810.00646550855,93,93,4.180822162642174,6.0,-49565.02027469179,5489.898334277269,55054.91860896906,9646.384610386964,1071.5395756028431,548.9898334277269,True
649554,159,1,10.5,17.55210042119207,-83083.25051626252,73,73,3.1805261192569274,5.791963875728813,-92325.18483881264,0.0,92325.18483881264,17521.501430955614,872.0499771715411,0.0,True
649554,159,2,10.0,12.475226712938207,-38264.01861066662,146,146,6.0,6.0,-100526.61380640567,1.2434497875801753e-14,100526.61380640567,17288.307277779397,1735.634677188585,1.2434497875801752e-15,True
649554,159,3,10.5,13.946477018384773,-65707.9468772784,85,85,3.7081813921340157,6.0,-111596.62876896975,0.0,111596.62876896975,21120.952822341133,1014.6602322843823,0.0,True
649554,159,4,10.0,11.209691498899055,-23801.99290243379,82,82,3.7420670870657977,6.0,-83543.7924288141,1.2434497875801738e-13,83543.7924288141,15557.463027717895,967.6789222370408,1.2434497875801737e-14,True
649554,159,5,10.0,18.67476584604744,-17504.448074807424,163,163,6.0,6.0,-33980.57116994204,2937.8135580530416,36918.384727995086,4247.008260097874,1935.4179284382144,293.78135580530414,True
649554,159,6,10.0,12.448647286038655,-16761.25819510054,71,71,3.329807169732741,6.0,-64722.32626525672,0.0,64722.32626525672,12000.248965550089,848.2636038280887,0.0,True
649554,159,7,10.5,12.964254140168164,-28771.102717726164,66,66,3.201439529192188,5.9,-65355.88810580231,0.0,65355.88810580231,12234.980630922259,765.3621519289836,0.0,True
649554,159,8,14.641000000000004,16.82982950000001,909774.138728296,169,169,6.0,6.0,13120.408692811803,29366.677258162515,16246.268565350712,0.0,2005.783570668839,2005.7835706688415,False
649554,159,9,11.55,11.202228973605658,-23697.469836539894,66,66,3.3279656973734357,6.0,-43562.107263976766,0.0,43562.107263976766,7865.998437902268,756.783227124223,0.0,True
649554,160,0,10.0,10.0,-35810.00646550855,93,93,4.180822162642174,6.0,-49565.02027469179,5489.898334277269,55054.91860896906,9646.384610386964,1071.5395756028431,548.9898334277269,True
649554,160,1,10.5,17.55210042119207,-83083.25051626252,73,73,3.1805261192569274,5.791963875728813,-92325.18483881264,0.0,92325.18483881264,17521.501430955614,872.0499771715411,0.0,True
649554,160,2,10.0,12.475226712938207,-38264.01861066662,146,146,6.0,6.0,-100526.61380640567,1.2434497875801753e-14,100526.61380640567,17288.307277779397,1735.634677188585,1.2434497875801752e-15,True
649554,160,3,10.5,13.946477018384773,-65707.9468772784,85,85,3.7081813921340157,6.0,-111596.62876896975,0.0,111596.62876896975,21120.952822341133,1014.6602322843823,0.0,True
649554,160,4,10.0,11.209691498899055,-23801.99290243379,82,82,3.7420670870657977,6.0,-83543.7924288141,1.2434497875801738e-13,83543.7924288141,15557.463027717895,967.6789222370408,1.2434497875801737e-14,True
649554,160,5,10.0,18.67476584604744,-17504.448074807424,163,163,6.0,6.0,-33980.57116994204,2937.8135580530416,36918.384727995086,4247.008260097874,1935.4179284382144,293.78135580530414,True
649554,160,6,10.0,12.448647286038655,-16761.25819510054,71,71,3.329807169732741,6.0,-64722.32626525672,0.0,64722.32626525672,12000.248965550089,848.2636038280887,0.0,True
649554,160,7,10.5,12.964254140168164,-28771.102717726164,66,66,3.201439529192188,5.9,-65355.88810580231,0.0,65355.88810580231,12234.980630922259,765.3621519289836,0.0,True
649554,160,8,16.105100000000004,18.512812450000013,921979.003375685,170,170,6.0,6.0,16152.042763879761,32492.04623219451,16340.003468314748,0.0,2017.5004335393435,2017.5004335393448,False
649554,160,9,11.55,11.202228973605658,-23697.469836539894,66,66,3.3279656973734357,6.0,-43562.107263976766,0.0,43562.107263976766,7865.998437902268,756.783227124223,0.0,True
649554,161,0,10.0,10.0,-35810.00646550855,93,93,4.180822162642174,6.0,-49565.02027469179,5489.898334277269,55054.91860896906,9646.384610386964,1071.5395756028431,548.9898334277269,True
649554,161,1,10.5,17.55210042119207,-83083.25051626252,73,73,3.1805261192569274,5.791963875728813,-92325.18483881264,0.0,92325.18483881264,17521.501430955614,872.0499771715411,0.0,True
649554,161,2,10.0,12.475226712938207,-38264.01861066662,146,146,6.0,6.0,-100526.61380640567,1.2434497875801753e-14,100526.61380640567,17288.307277779397,1735.634677188585,1.2434497875801752e-15,True
649554,161,3,10.5,13.946477018384773,-65707.9468772784,85,85,3.7081813921340157,6.0,-111596.62876896975,0.0,111596.62876896975,21120.952822341133,1014.6602322843823,0.0,True
649554,161,4,10.0,11.209691498899055,-23801.99290243379,82,82,3.7420670870657977,6.0,-83543.7924288141,1.2434497875801738e-13,83543.7924288141,15557.463027717895,967.6789222370408,1.2434497875801737e-14,True
649554,161,5,10.0,18.67476584604744,-17504.448074807424,163,163,6.0,6.0,-33980.57116994204,2937.8135580530416,36918.384727995086,4247.008260097874,1935.4179284382144,293.78135580530414,True
649554,161,6,10.0,12.448647286038655,-16761.25819510054,71,71,3.329807169732741,6.0,-64722.32626525672,0.0,64722.32626525672,12000.248965550089,848.2636038280887,0.0,True
649554,161,7,10.5,12.964254140168164,-28771.102717726164,66,66,3.201439529192188,5.9,-65355.88810580231,0.0,65355.88810580231,12234.980630922259,765.3621519289836,0.0,True
649554,161,8,17.715610000000005,20.364093695000015,937211.7889323973,171,171,6.0,6.0,19515.04557854918,35948.752430552624,16433.706852003445,0.0,2029.2133565004306,2029.213356500432,False
649554,161,9,11.55,11.202228973605658,-23697.469836539894,66,66,3.3279656973734357,6.0,-43562.107263976766,0.0,43562.107263976766,7865.998437902268,756.783227124223,0.0,True
649554,162,0,10.0,10.0,-35810.00646550855,93,93,4.180822162642174,6.0,-49565.02027469179,5489.898334277269,55054.91860896906,9646.384610386964,1071.5395756028431,548.9898334277269,True
649554,162,1,10.5,17.55210042119207,-83083.25051626252,73,73,3.1805261192569274,5.791963875728813,-92325.18483881264,0.0,92325.18483881264,17521.501430955614,872.0499771715411,0.0,True
649554,162,2,10.0,12.475226712938207,-38264.01861066662,146,146,6.0,6.0,-100526.61380640567,1.2434497875801753e-14,100526.61380640567,17288.307277779397,1735.634677188585,1.2434497875801752e-15,True
649554,162,3,10.5,13.946477018384773,-65707.9468772784,85,85,3.7081813921340157,6.0,-111596.62876896975,0.0,111596.62876896975,21120.952822341133,1014.6602322843823,0.0,True
649554,162,4,10.0,11.209691498899055,-23801.99290243379,82,82,3.7420670870657977,6.0,-83543.7924288141,1.2434497875801738e-13,83543.7924288141,15557.463027717895,967.6789222370408,1.2434497875801737e-14,True
649554,162,5,10.0,18.67476584604744,-17504.448074807424,163,163,6.0,6.0,-33980.57116994204,2937.8135580530416,36918.384727995086,4247.008260097874,1935.4179284382144,293.78135580530414,True
649554,162,6,10.0,12.448647286038655,-16761.25819510054,71,71,3.329807169732741,6.0,-64722.32626525672,0.0,64722.32626525672,12000.248965550089,848.2636038280887,0.0,True
649554,162,7,10.5,12.964254140168164,-28771.102717726164,66,66,3.201439529192188,5.9,-65355.88810580231,0.0,65355.88810580231,12234.980630922259,765.3621519289836,0.0,True
649554,162,8,19.487171000000007,22.40050306450002,955803.3045453688,172,172,6.0,6.0,23244.402140066537,39771.76569376763,16527.363553701092,0.0,2040.9204442126368,2040.920444212637,False
649554,162,9,11.55,11.202228973605658,-23697.469836539894,66,66,3.3279656973734357,6.0,-43562.107263976766,0.0,43562.107263976766,7865.998437902268,756.783227124223,0.0,True
649554,163,0,10.0,10.0,-35810.00646550855,93,93,4.180822162642174,6.0,-49565.02027469179,5489.898334277269,55054.91860896906,9646.384610386964,1071.5395756028431,548.9898334277269,True
649554,163,1,10.5,17.55210042119207,-83083.25051626252,73,73,3.1805261192569274,5.791963875728813,-92325.18483881264,0.0,92325.18483881264,17521.501430955614,872.0499771715411,0.0,True
649554,163,2,10.0,12.475226712938207,-38264.01861066662,146,146,6.0,6.0,-100526.61380640567,1.2434497875801753e-14,100526.61380640567,17288.307277779397,1735.634677188585,1.2434497875801752e-15,True
649554,163,3,10.5,13.946477018384773,-65707.9468772784,85,85,3.7081813921340157,6.0,-111596.62876896975,0.0,111596.62876896975,21120.952822341133,1014.6602322843823,0.0,True
649554,163,4,10.0,11.209691498899055,-23801.99290243379,82,82,3.7420670870657977,6.0,-83543.7924288141,1.2434497875801738e-13,83543.7924288141,15557.463027717895,967.6789222370408,1.2434497875801737e-14,True
649554,163,5,10.0,18.67476584604744,-17504.448074807424,163,163,6.0,6.0,-33980.57116994204,2937.8135580530416,36918.384727995086,4247.008260097874,1935.4179284382144,293.78135580530414,True
649554,163,6,10.0,12.448647286038655,-16761.25819510054,71,71,3.329807169732741,6.0,-64722.32626525672,0.0,64722.32626525672,12000.248965550089,848.2636038280887,0.0,True
649554,163,7,10.5,12.964254140168164,-28771.102717726164,66,66,3.201439529192188,5.9,-65355.88810580231,0.0,65355.88810580231,12234.980630922259,765.3621519289836,0.0,True
649554,163,8,21.43588810000001,24.640553370950023,978119.3509622108,173,173,6.0,6.0,27378.8621500134,43999.87545095826,16621.01330094486,0.0,2052.6266626181073,2052.626662618109,False
649554,163,9,11.55,11.202228973605658,-23697.469836539894,66,66,3.3279656973734357,6.0,-43562.107263976766,0.0,43562.107263976766,7865.998437902268,756.783227124223,0.0,True
649554,164,0,10.0,10.0,-35810.00646550855,93,93,4.180822162642174,6.0,-49565.02027469179,5489.898334277269,55054.91860896906,9646.384610386964,1071.5395756028431,548.9898334277269,True
649554,164,1,10.5,17.55210042119207,-83083.25051626252,73,73,3.1805261192569274,5.791963875728813,-92325.18483881264,0.0,92325.18483881264,17521.501430955614,872.0499771715411,0.0,True
649554,164,2,10.0,12.475226712938207,-38264.01861066662,146,146,6.0,6.0,-100526.61380640567,1.2434497875801753e-14,100526.61380640567,17288.307277779397,1735.634677188585,1.2434497875801752e-15,True
649554,164,3,10.5,13.946477018384773,-65707.9468772784,85,85,3.7081813921340157,6.0,-111596.62876896975,0.0,111596.62876896975,21120.952822341133,1014.6602322843823,0.0,True
649554,164,4,10.0,11.209691498899055,-23801.99290243379,82,82,3.7420670870657977,6.0,-83543.7924288141,1.2434497875801738e-13,83543.7924288141,15557.463027717895,967.6789222370408,1.2434497875801737e-14,True
649554,164,5,10.0,18.67476584604744,-17504.448074807424,163,163,6.0,6.0,-33980.57116994204,2937.8135580530416,36918.384727995086,4247.008260097874,1935.4179284382144,293.78135580530414,True
649554,164,6,10.0,12.448647286038655,-16761.25819510054,71,71,3.329807169732741,6.0,-64722.32626525672,0.0,64722.32626525672,12000.248965550089,848.2636038280887,0.0,True
649554,164,7,10.5,12.964254140168164,-28771.102717726164,66,66,3.201439529192188,5.9,-65355.88810580231,0.0,65355.88810580231,12234.980630922259,765.3621519289836,0.0,True
649554,164,8,23.579476910000015,27.104608708045028,1004564.3605986726,174,174,6.0,6.0,31961.211551664564,48675.866947326125,16714.65539566156,0.0,2064.331924457695,2064.3319244576955,False
649554,164,9,11.55,11.202228973605658,-23697.469836539894,66,66,3.3279656973734357,6.0,-43562.107263976766,0.0,43562.107263976766,7865.998437902268,756.783227124223,0.0,True
649554,165,0,10.0,10.0,-35810.00646550855,93,93,4.180822162642174,6.0,-49565.02027469179,5489.898334277269,55054.91860896906,9646.384610386964,1071.5395756028431,548.9898334277269,True
649554,165,1,10.5,17.55210042119207,-83083.25051626252,73,73,3.1805261192569274,5.791963875728813,-92325.18483881264,0.0,92325.18483881264,17521.501430955614,872.0499771715411,0.0,True
649554,165,2,10.0,12.475226712938207,-38264.01861066662,146,146,6.0,6.0,-100526.61380640567,1.2434497875801753e-14,100526.61380640567,17288.307277779397,1735.634677188585,1.2434497875801752e-15,True
649554,165,3,10.5,13.946477018384773,-65707.9468772784,85,85,3.7081813921340157,6.0,-111596.62876896975,0.0,111596.62876896975,21120.952822341133,1014.6602322843823,0.0,True
649554,165,4,10.0,11.209691498899055,-23801.99290243379,82,82,3.7420670870657977,6.0,-83543.7924288141,1.2434497875801738e-13,83543.7924288141,15557.463027717895,967.6789222370408,1.2434497875801737e-14,True
649554,165,5,10.0,18.67476584604744,-17504.448074807424,163,163,6.0,6.0,-33980.57116994204,2937.8135580530416,36918.384727995086,4247.008260097874,1935.4179284382144,293.78135580530414,True
649554,165,6,10.0,12.448647286038655,-16761.25819510054,71,71,3.329807169732741,6.0,-64722.32626525672,0.0,64722.32626525672,12000.248965550089,848.2636038280887,0.0,True
649554,165,7,10.5,12.964254140168164,-28771.102717726164,66,66,3.201439529192188,5.9,-65355.88810580231,0.0,65355.88810580231,12234.980630922259,765.3621519289836,0.0,True
649554,165,8,25.937424601000018,29.81506957884953,1035585.4773194883,175,175,6.0,6.0,37038.75389710928,53847.04844348837,16808.29454637909,0.0,2076.036818297386,2076.036818297384,False
649554,165,9,11.55,11.202228973605658,-23697.469836539894,66,66,3.3279656973734357,6.0,-43562.107263976766,0.0,43562.107263976766,7865.998437902268,756.783227124223,0.0,True
649554,166,0,10.0,10.0,-35810.00646550855,93,93,4.180822162642174,6.0,-49565.02027469179,5489.898334277269,55054.91860896906,9646.384610386964,1071.5395756028431,548.9898334277269,True
649554,166,1,10.5,17.55210042119207,-83083.25051626252,73,73,3.1805261192569274,5.791963875728813,-92325.18483881264,0.0,92325.18483881264,17521.501430955614,872.0499771715411,0.0,True
649554,166,2,10.0,12.475226712938207,-38264.01861066662,146,146,6.0,6.0,-100526.61380640567,1.2434497875801753e-14,100526.61380640567,17288.307277779397,1735.634677188585,1.2434497875801752e-15,True
649554,166,3,10.5,13.946477018384773,-65707.9468772784,85,85,3.7081813921340157,6.0,-111596.62876896975,0.0,111596.62876896975,21120.952822341133,1014.6602322843823,0.0,True
649554,166,4,10.0,11.209691498899055,-23801.99290243379,82,82,3.7420670870657977,6.0,-83543.7924288141,1.2434497875801738e-13,83543.7924288141,15557.463027717895,967.6789222370408,1.2434497875801737e-14,True
649554,166,5,10.0,18.67476584604744,-17504.448074807424,163,163,6.0,6.0,-33980.57116994204,2937.8135580530416,36918.384727995086,4247.008260097874,1935.4179284382144,293.78135580530414,True
649554,166,6,10.0,12.448647286038655,-16761.25819510054,71,71,3.329807169732741,6.0,-64722.32626525672,0.0,64722.32626525672,12000.248965550089,848.2636038280887,0.0,True
649554,166,7,10.5,12.964254140168164,-28771.102717726164,66,66,3.201439529192188,5.9,-65355.88810580231,0.0,65355.88810580231,12234.980630922259,765.3621519289836,0.0,True
649554,166,8,28.53116706110002,32.796576536734484,1071677.0409467285,176,176,6.0,6.0,42663.76109770413,59565.689817155166,16901.928719451036,0.0,2087.7410899313795,2087.7410899313772,False
649554,166,9,11.55,11.202228973605658,-23697.469836539894,66,66,3.3279656973734357,6.0,-43562.107263976766,0.0,43562.107263976766,7865.998437902268,756.783227124223,0.0,True
649554,167,0,10.0,10.0,-35810.00646550855,93,93,4.180822162642174,6.0,-49565.02027469179,5489.898334277269,55054.91860896906,9646.384610386964,1071.5395756028431,548.9898334277269,True
649554,167,1,10.5,17.55210042119207,-83083.25051626252,73,73,3.1805261192569274,5.791963875728813,-92325.18483881264,0.0,92325.18483881264,17521.501430955614,872.0499771715411,0.0,True
649554,167,2,10.0,12.475226712938207,-38264.01861066662,146,146,6.0,6.0,-100526.61380640567,1.2434497875801753e-14,100526.61380640567,17288.307277779397,1735.634677188585,1.2434497875801752e-15,True
649554,167,3,10.5,13.946477018384773,-65707.9468772784,85,85,3.7081813921340157,6.0,-111596.62876896975,0.0,111596.62876896975,21120.952822341133,1014.6602322843823,0.0,True
649554,167,4,10.0,11.209691498899055,-23801.99290243379,82,82,3.7420670870657977,6.0,-83543.7924288141,1.2434497875801738e-13,83543.7924288141,15557.463027717895,967.6789222370408,1.2434497875801737e-14,True
649554,167,5,10.0,18.67476584604744,-17504.448074807424,163,163,6.0,6.0,-33980.57116994204,2937.8135580530416,36918.384727995086,4247.008260097874,1935.4179284382144,293.78135580530414,True
649554,167,6,10.0,12.448647286038655,-16761.25819510054,71,71,3.329807169732741,6.0,-64722.32626525672,0.0,64722.32626525672,12000.248965550089,848.2636038280887,0.0,True
649554,167,7,10.5,12.964254140168164,-28771.102717726164,66,66,3.201439529192188,5.9,-65355.88810580231,0.0,65355.88810580231,12234.980630922259,765.3621519289836,0.0,True
649554,167,8,31.384283767210025,36.07623419040794,1113385.5695559597,177,177,6.0,6.0,48894.022060948184,65889.5835755716,16995.561514623412,0.0,2099.4451893279265,2099.4451893279256,False
649554,167,9,11.55,11.202228973605658,-23697.469836539894,66,66,3.3279656973734357,6.0,-43562.107263976766,0.0,43562.107263976766,7865.998437902268,756.783227124223,0.0,True
649554,168,0,10.0,10.0,-35810.00646550855,93,93,4.180822162642174,6.0,-49565.02027469179,5489.898334277269,55054.91860896906,9646.384610386964,1071.5395756028431,548.9898334277269,True
649554,168,1,10.5,17.55210042119207,-83083.25051626252,73,73,3.1805261192569274,5.791963875728813,-92325.18483881264,0.0,92325.18483881264,17521.501430955614,872.0499771715411,0.0,True
649554,168,2,10.0,12.475226712938207,-38264.01861066662,146,146,6.0,6.0,-100526.61380640567,1.2434497875801753e-14,100526.61380640567,17288.307277779397,1735.634677188585,1.2434497875801752e-15,True
649554,168,3,10.5,13.946477018384773,-65707.9468772784,85,85,3.7081813921340157,6.0,-111596.62876896975,0.0,111596.62876896975,21120.952822341133,1014.6602322843823,0.0,True
649554,168,4,10.0,11.209691498899055,-23801.99290243379,82,82,3.7420670870657977,6.0,-83543.7924288141,1.2434497875801738e-13,83543.7924288141,15557.463027717895,967.6789222370408,1.2434497875801737e-14,True
649554,168,5,10.0,18.67476584604744,-17504.448074807424,163,163,6.0,6.0,-33980.57116994204,2937.8135580530416,36918.384727995086,4247.008260097874,1935.4179284382144,293.78135580530414,True
649554,168,6,10.0,12.448647286038655,-16761.25819510054,71,71,3.329807169732741,6.0,-64722.32626525672,0.0,64722.32626525672,12000.248965550089,848.2636038280887,0.0,True
649554,168,7,10.5,12.964254140168164,-28771.102717726164,66,66,3.201439529192188,5.9,-65355.88810580231,0.0,65355.88810580231,12234.980630922259,765.3621519289836,0.0,True
649554,168,8,34.52271214393103,39.68385760944874,1161315.1354286477,178,178,6.0,6.0,55793.29252718233,72882.45294888369,17089.160421701356,0.0,2111.1450527126694,2111.145052712672,False
649554,168,9,11.55,11.202228973605658,-23697.469836539894,66,66,3.3279656973734357,6.0,-43562.107263976766,0.0,43562.107263976766,7865.998437902268,756.783227124223,0.0,True
649554,169,0,10.0,10.0,-35810.00646550855,93,93,4.180822162642174,6.0,-49565.02027469179,5489.898334277269,55054.91860896906,9646.384610386964,1071.5395756028431,548.9898334277269,True
649554,169,1,10.5,17.55210042119207,-83083.25051626252,73,73,3.1805261192569274,5.791963875728813,-92325.18483881264,0.0,92325.18483881264,17521.501430955614,872.0499771715411,0.0,True
649554,169,2,10.0,12.475226712938207,-38264.01861066662,146,146,6.0,6.0,-100526.61380640567,1.2434497875801753e-14,100526.61380640567,17288.307277779397,1735.634677188585,1.2434497875801752e-15,True
649554,169,3,10.5,13.946477018384773,-65707.9468772784,85,85,3.7081813921340157,6.0,-111596.62876896975,0.0,111596.62876896975,21120.952822341133,1014.6602322843823,0.0,True
649554,169,4,10.0,11.209691498899055,-23801.99290243379,82,82,3.7420670870657977,6.0,-83543.7924288141,1.2434497875801738e-13,83543.7924288141,15557.463027717895,967.6789222370408,1.2434497875801737e-14,True
649554,169,5,10.0,18.67476584604744,-17504.448074807424,163,163,6.0,6.0,-33980.57116994204,2937.8135580530416,36918.384727995086,4247.008260097874,1935.4179284382144,293.78135580530414,True
649554,169,6,10.0,12.448647286038655,-16761.25819510054,71,71,3.329807169732741,6.0,-64722.32626525672,0.0,64722.32626525672,12000.248965550089,848.2636038280887,0.0,True
649554,169,7,10.5,12.964254140168164,-28771.102717726164,66,66,3.201439529192188,5.9,-65355.88810580231,0.0,65355.88810580231,12234.980630922259,765.3621519289836,0.0,True
649554,169,8,37.97498335832414,43.65224337039361,1216133.5831410382,179,179,6.0,6.0,63432.199275696104,80614.94746008175,17182.748184385644,0.0,2122.8435230482055,2122.8435230482046,False
649554,169,9,11.55,11.202228973605658,-23697.469836539894,66,66,3.3279656973734357,6.0,-43562.107263976766,0.0,43562.107263976766,7865.998437902268,756.783227124223,0.0,True
649554,170,0,10.0,10.0,-35810.00646550855,93,93,4.180822162642174,6.0,-49565.02027469179,5489.898334277269,55054.91860896906,9646.384610386964,1071.5395756028431,548.9898334277269,True
649554,170,1,10.5,17.55210042119207,-83083.25051626252,73,73,3.1805261192569274,5.791963875728813,-92325.18483881264,0.0,92325.18483881264,17521.501430955614,872.0499771715411,0.0,True
649554,170,2,10.0,12.475226712938207,-38264.01861066662,146,146,6.0,6.0,-100526.61380640567,1.2434497875801753e-14,100526.61380640567,17288.307277779397,1735.634677188585,1.2434497875801752e-15,True
649554,170,3,10.5,13.946477018384773,-65707.9468772784,85,85,3.7081813921340157,6.0,-111596.62876896975,0.0,111596.62876896975,21120.952822341133,1014.6602322843823,0.0,True
649554,170,4,10.0,11.209691498899055,-23801.99290243379,82,82,3.7420670870657977,6.0,-83543.7924288141,1.2434497875801738e-13,83543.7924288141,15557.463027717895,967.6789222370408,1.2434497875801737e-14,True
649554,170,5,10.0,18.67476584604744,-17504.448074807424,163,163,6.0,6.0,-33980.57116994204,2937.8135580530416,36918.384727995086,4247.008260097874,1935.4179284382144,293.78135580530414,True
649554,170,6,10.0,12.448647286038655,-16761.25819510054,71,71,3.329807169732741,6.0,-64722.32626525672,0.0,64722.32626525672,12000.248965550089,848.2636038280887,0.0,True
649554,170,7,10.5,12.964254140168164,-28771.102717726164,66,66,3.201439529192188,5.9,-65355.88810580231,0.0,65355.88810580231,12234.980630922259,765.3621519289836,0.0,True
649554,170,8,41.77248169415655,48.01746770743298,1278579.1830922738,180,180,6.0,6.0,71888.74413856679,89165.07149677565,17276.32735820886,0.0,2134.5409197761073,2134.54091977611,False
649554,170,9,11.55,11.202228973605658,-23697.469836539894,66,66,3.3279656973734357,6.0,-43562.107263976766,0.0,43562.107263976766,7865.998437902268,756.783227124223,0.0,True
649554,171,0,10.0,10.0,-35810.00646550855,93,93,4.180822162642174,6.0,-49565.02027469179,5489.898334277269,55054.91860896906,9646.384610386964,1071.5395756028431,548.9898334277269,True
649554,171,1,10.5,17.55210042119207,-83083.25051626252,73,73,3.1805261192569274,5.791963875728813,-92325.18483881264,0.0,92325.18483881264,17521.501430955614,872.0499771715411,0.0,True
649554,171,2,10.0,12.475226712938207,-38264.01861066662,146,146,6.0,6.0,-100526.61380640567,1.2434497875801753e-14,100526.61380640567,17288.307277779397,1735.634677188585,1.2434497875801752e-15,True
649554,171,3,10.5,13.946477018384773,-65707.9468772784,85,85,3.7081813921340157,6.0,-111596.62876896975,0.0,111596.62876896975,21120.952822341133,1014.6602322843823,0.0,True
649554,171,4,10.0,11.209691498899055,-23801.99290243379,82,82,3.7420670870657977,6.0,-83543.7924288141,1.2434497875801738e-13,83543.7924288141,15557.463027717895,967.6789222370408,1.2434497875801737e-14,True
649554,171,5,10.0,18.67476584604744,-17504.448074807424,163,163,6.0,6.0,-33980.57116994204,2937.8135580530416,36918.384727995086,4247.008260097874,1935.4179284382144,293.78135580530414,True
649554,171,6,10.0,12.448647286038655,-16761.25819510054,71,71,3.329807169732741,6.0,-64722.32626525672,0.0,64722.32626525672,12000.248965550089,848.2636038280887,0.0,True
649554,171,7,10.5,12.964254140168164,-28771.102717726164,66,66,3.201439529192188,5.9,-65355.88810580231,0.0,65355.88810580231,12234.980630922259,765.3621519289836,0.0,True
649554,171,8,45.949729863572216,52.81921447817628,1349468.0495979674,181,181,6.0,6.0,81249.14432623613,98619.04664049082,17369.902314254694,0.0,2146.2377892818367,2146.2377892818367,False
649554,171,9,11.55,11.202228973605658,-23697.469836539894,66,66,3.3279656973734357,6.0,-43562.107263976766,0.0,43562.107263976766,7865.998437902268,756.783227124223,0.0,True
649554,172,0,10.0,10.0,-35810.00646550855,93,93,4.180822162642174,6.0,-49565.02027469179,5489.898334277269,55054.91860896906,9646.384610386964,1071.5395756028431,548.9898334277269,True
649554,172,1,10.5,17.55210042119207,-83083.25051626252,73,73,3.1805261192569274,5.791963875728813,-92325.18483881264,0.0,92325.18483881264,17521.501430955614,872.0499771715411,0.0,True
649554,172,2,10.0,12.475226712938207,-38264.01861066662,146,146,6.0,6.0,-100526.61380640567,1.2434497875801753e-14,100526.61380640567,17288.307277779397,1735.634677188585,1.2434497875801752e-15,True
649554,172,3,10.5,13.946477018384773,-65707.9468772784,85,85,3.7081813921340157,6.0,-111596.62876896975,0.0,111596.62876896975,21120.952822341133,1014.6602322843823,0.0,True
649554,172,4,10.0,11.209691498899055,-23801.99290243379,82,82,3.7420670870657977,6.0,-83543.7924288141,1.2434497875801738e-13,83543.7924288141,15557.463027717895,967.6789222370408,1.2434497875801737e-14,True
649554,172,5,10.0,18.67476584604744,-17504.448074807424,163,163,6.0,6.0,-33980.57116994204,2937.8135580530416,36918.384727995086,4247.008260097874,1935.4179284382144,293.78135580530414,True
649554,172,6,10.0,12.448647286038655,-16761.25819510054,71,71,3.329807169732741,6.0,-64722.32626525672,0.0,64722.32626525672,12000.248965550089,848.2636038280887,0.0,True
649554,172,7,10.5,12.964254140168164,-28771.102717726164,66,66,3.201439529192188,5.9,-65355.88810580231,0.0,65355.88810580231,12234.980630922259,765.3621519289836,0.0,True
649554,172,8,50.54470284992944,58.10113592599391,1429702.1424235813,182,182,6.0,6.0,91608.49956416205,109071.94124582168,17463.44168165963,0.0,2157.930210207454,2157.9302102074566,False
649554,172,9,11.55,11.202228973605658,-23697.469836539894,66,66,3.3279656973734357,6.0,-43562.107263976766,0.0,43562.107263976766,7865.998437902268,756.783227124223,0.0,True
649554,173,0,10.0,10.0,-35810.00646550855,93,93,4.180822162642174,6.0,-49565.02027469179,5489.898334277269,55054.91860896906,9646.384610386964,1071.5395756028431,548.9898334277269,True
649554,173,1,10.5,17.55210042119207,-83083.25051626252,73,73,3.1805261192569274,5.791963875728813,-92325.18483881264,0.0,92325.18483881264,17521.501430955614,872.0499771715411,0.0,True
649554,173,2,10.0,12.475226712938207,-38264.01861066662,146,146,6.0,6.0,-100526.61380640567,1.2434497875801753e-14,100526.61380640567,17288.307277779397,1735.634677188585,1.2434497875801752e-15,True
649554,173,3,10.5,13.946477018384773,-65707.9468772784,85,85,3.7081813921340157,6.0,-111596.62876896975,0.0,111596.62876896975,21120.952822341133,1014.6602322843823,0.0,True
649554,173,4,10.0,11.209691498899055,-23801.99290243379,82,82,3.7420670870657977,6.0,-83543.7924288141,1.2434497875801738e-13,83543.7924288141,15557.463027717895,967.6789222370408,1.2434497875801737e-14,True
649554,173,5,10.0,18.67476584604744,-17504.448074807424,163,163,6.0,6.0,-33980.57116994204,2937.8135580530416,36918.384727995086,4247.008260097874,1935.4179284382144,293.78135580530414,True
649554,173,6,10.0,12.448647286038655,-16761.25819510054,71,71,3.329807169732741,6.0,-64722.32626525672,0.0,64722.32626525672,12000.248965550089,848.2636038280887,0.0,True
649554,173,7,10.5,12.964254140168164,-28771.102717726164,66,66,3.201439529192188,5.9,-65355.88810580231,0.0,65355.88810580231,12234.980630922259,765.3621519289836,0.0,True
649554,173,8,55.599173134922395,63.9112495185933,1520278.5613902563,183,183,6.0,6.0,103072.17762858364,120629.14764751284,17556.970018929205,0.0,2169.6212523661507,2169.621252366152,False
649554,173,9,11.55,11.202228973605658,-23697.469836539894,66,66,3.3279656973734357,6.0,-43562.107263976766,0.0,43562.107263976766,7865.998437902268,756.783227124223,0.0,True
649554,174,0,10.0,10.0,-35810.00646550855,93,93,4.180822162642174,6.0,-49565.02027469179,5489.898334277269,55054.91860896906,9646.384610386964,1071.5395756028431,548.9898334277269,True
649554,174,1,10.5,17.55210042119207,-83083.25051626252,73,73,3.1805261192569274,5.791963875728813,-92325.18483881264,0.0,92325.18483881264,17521.501430955614,872.0499771715411,0.0,True
649554,174,2,10.0,12.475226712938207,-38264.01861066662,146,146,6.0,6.0,-100526.61380640567,1.2434497875801753e-14,100526.61380640567,17288.307277779397,1735.634677188585,1.2434497875801752e-15,True
649554,174,3,10.5,13.946477018384773,-65707.9468772784,85,85,3.7081813921340157,6.0,-111596.62876896975,0.0,111596.62876896975,21120.952822341133,1014.6602322843823,0.0,True
649554,174,4,10.0,11.209691498899055,-23801.99290243379,82,82,3.7420670870657977,6.0,-83543.7924288141,1.2434497875801738e-13,83543.7924288141,15557.463027717895,967.6789222370408,1.2434497875801737e-14,True
649554,174,5,10.0,18.67476584604744,-17504.448074807424,163,163,6.0,6.0,-33980.57116994204,2937.8135580530416,36918.384727995086,4247.008260097874,1935.4179284382144,293.78135580530414,True
649554,174,6,10.0,12.448647286038655,-16761.25819510054,71,71,3.329807169732741,6.0,-64722.32626525672,0.0,64722.32626525672,12000.248965550089,848.2636038280887,0.0,True
649554,174,7,10.5,12.964254140168164,-28771.102717726164,66,66,3.201439529192188,5.9,-65355.88810580231,0.0,65355.88810580231,12234.980630922259,765.3621519289836,0.0,True
649554,174,8,61.15909044841464,70.30237447045263,1622299.365243499,184,184,6.0,6.0,115756.44075581706,133406.91852399346,17650.4777681764,0.0,2181.30972102205,2181.3097210220467,False
649554,174,9,11.55,11.202228973605658,-23697.469836539894,66,66,3.3279656973734357,6.0,-43562.107263976766,0.0,43562.107263976766,7865.998437902268,756.783227124223,0.0,True
649554,175,0,10.0,10.0,-35810.00646550855,93,93,4.180822162642174,6.0,-49565.02027469179,5489.898334277269,55054.91860896906,9646.384610386964,1071.5395756028431,548.9898334277269,True
649554,175,1,10.5,17.55210042119207,-83083.25051626252,73,73,3.1805261192569274,5.791963875728813,-92325.18483881264,0.0,92325.18483881264,17521.501430955614,872.0499771715411,0.0,True
649554,175,2,10.0,12.475226712938207,-38264.01861066662,146,146,6.0,6.0,-100526.61380640567,1.2434497875801753e-14,100526.61380640567,17288.307277779397,1735.634677188585,1.2434497875801752e-15,True
649554,175,3,10.5,13.946477018384773,-65707.9468772784,85,85,3.7081813921340157,6.0,-111596.62876896975,0.0,111596.62876896975,21120.952822341133,1014.6602322843823,0.0,True
649554,175,4,10.0,11.209691498899055,-23801.99290243379,82,82,3.7420670870657977,6.0,-83543.7924288141,1.2434497875801738e-13,83543.7924288141,15557.463027717895,967.6789222370408,1.2434497875801737e-14,True
649554,175,5,10.0,18.67476584604744,-17504.448074807424,163,163,6.0,6.0,-33980.57116994204,2937.8135580530416,36918.384727995086,4247.008260097874,1935.4179284382144,293.78135580530414,True
649554,175,6,10.0,12.448647286038655,-16761.25819510054,71,71,3.329807169732741,6.0,-64722.32626525672,0.0,64722.32626525672,12000.248965550089,848.2636038280887,0.0,True
649554,175,7,10.5,12.964254140168164,-28771.102717726164,66,66,3.201439529192188,5.9,-65355.88810580231,0.0,65355.88810580231,12234.980630922259,765.3621519289836,0.0,True
649554,175,8,67.2749994932561,66.78725574693,1738933.6153333313,185,185,6.0,6.0,129789.8924030294,147533.86790896847,17743.975505939066,0.0,2192.9969382423833,2192.9969382423824,False
649554,175,9,11.55,11.202228973605658,-23697.469836539894,66,66,3.3279656973734357,6.0,-43562.107263976766,0.0,43562.107263976766,7865.998437902268,756.783227124223,0.0,True
649554,176,0,10.0,10.0,-35810.00646550855,93,93,4.180822162642174,6.0,-49565.02027469179,5489.898334277269,55054.91860896906,9646.384610386964,1071.5395756028431,548.9898334277269,True
649554,176,1,10.5,17.55210042119207,-83083.25051626252,73,73,3.1805261192569274,5.791963875728813,-92325.18483881264,0.0,92325.18483881264,17521.501430955614,872.0499771715411,0.0,True
649554,176,2,10.0,12.475226712938207,-38264.01861066662,146,146,6.0,6.0,-100526.61380640567,1.2434497875801753e-14,100526.61380640567,17288.307277779397,1735.634677188585,1.2434497875801752e-15,True
649554,176,3,10.5,13.946477018384773,-65707.9468772784,85,85,3.7081813921340157,6.0,-111596.62876896975,0.0,111596.62876896975,21120.952822341133,1014.6602322843823,0.0,True
649554,176,4,10.0,11.209691498899055,-23801.99290243379,82,82,3.7420670870657977,6.0,-83543.7924288141,1.2434497875801738e-13,83543.7924288141,15557.463027717895,967.6789222370408,1.2434497875801737e-14,True
649554,176,5,10.0,18.67476584604744,-17504.448074807424,163,163,6.0,6.0,-33980.57116994204,2937.8135580530416,36918.384727995086,4247.008260097874,1935.4179284382144,293.78135580530414,True
649554,176,6,10.0,12.448647286038655,-16761.25819510054,71,71,3.329807169732741,6.0,-64722.32626525672,0.0,64722.32626525672,12000.248965550089,848.2636038280887,0.0,True
649554,176,7,10.5,12.964254140168164,-28771.102717726164,66,66,3.201439529192188,5.9,-65355.88810580231,0.0,65355.88810580231,12234.980630922259,765.3621519289836,0.0,True
649554,176,8,74.00249944258172,63.4478929595835,1871646.952402027,186,186,6.0,6.0,145314.64515919914,163152.1160293183,17837.47087011916,0.0,2204.683858764895,2204.683858764898,False
649554,176,9,11.55,11.202228973605658,-23697.469836539894,66,66,3.3279656973734357,6.0,-43562.107263976766,0.0,43562.107263976766,7865.998437902268,756.783227124223,0.0,True
649554,177,0,10.0,10.0,-35810.00646550855,93,93,4.180822162642174,6.0,-49565.02027469179,5489.898334277269,55054.91860896906,9646.384610386964,1071.5395756028431,548.9898334277269,True
649554,177,1,10.5,17.55210042119207,-83083.25051626252,73,73,3.1805261192569274,5.791963875728813,-92325.18483881264,0.0,92325.18483881264,17521.501430955614,872.0499771715411,0.0,True
649554,177,2,10.0,12.475226712938207,-38264.01861066662,146,146,6.0,6.0,-100526.61380640567,1.2434497875801753e-14,100526.61380640567,17288.307277779397,1735.634677188585,1.2434497875801752e-15,True
649554,177,3,10.5,13.946477018384773,-65707.9468772784,85,85,3.7081813921340157,6.0,-111596.62876896975,0.0,111596.62876896975,21120.952822341133,1014.6602322843823,0.0,True
649554,177,4,10.0,11.209691498899055,-23801.99290243379,82,82,3.7420670870657977,6.0,-83543.7924288141,1.2434497875801738e-13,83543.7924288141,15557.463027717895,967.6789222370408,1.2434497875801737e-14,True
649554,177,5,10.0,18.67476584604744,-17504.448074807424,163,163,6.0,6.0,-33980.57116994204,2937.8135580530416,36918.384727995086,4247.008260097874,1935.4179284382144,293.78135580530414,True
649554,177,6,10.0,12.448647286038655,-16761.25819510054,71,71,3.329807169732741,6.0,-64722.32626525672,0.0,64722.32626525672,12000.248965550089,848.2636038280887,0.0,True
649554,177,7,10.5,12.964254140168164,-28771.102717726164,66,66,3.201439529192188,5.9,-65355.88810580231,0.0,65355.88810580231,12234.980630922259,765.3621519289836,0.0,True
649554,177,8,81.4027493868399,60.27549831160432,2022063.032481478,187,187,6.0,6.0,162487.59826370157,180418.5524443219,17930.954180620312,0.0,2216.369272577539,2216.369272577537,False
649554,177,9,11.55,11.202228973605658,-23697.469836539894,66,66,3.3279656973734357,6.0,-43562.107263976766,0.0,43562.107263976766,7865.998437902268,756.783227124223,0.0,True
649554,178,0,10.0,10.0,-35810.00646550855,93,93,4.180822162642174,6.0,-49565.02027469179,5489.898334277269,55054.91860896906,9646.384610386964,1071.5395756028431,548.9898334277269,True
649554,178,1,10.5,17.55210042119207,-83083.25051626252,73,73,3.1805261192569274,5.791963875728813,-92325.18483881264,0.0,92325.18483881264,17521.501430955614,872.0499771715411,0.0,True
649554,178,2,10.0,12.475226712938207,-38264.01861066662,146,146,6.0,6.0,-100526.61380640567,1.2434497875801753e-14,100526.61380640567,17288.307277779397,1735.634677188585,1.2434497875801752e-15,True
649554,178,3,10.5,13.946477018384773,-65707.9468772784,85,85,3.7081813921340157,6.0,-111596.62876896975,0.0,111596.62876896975,21120.952822341133,1014.6602322843823,0.0,True
649554,178,4,10.0,11.209691498899055,-23801.99290243379,82,82,3.7420670870657977,6.0,-83543.7924288141,1.2434497875801738e-13,83543.7924288141,15557.463027717895,967.6789222370408,1.2434497875801737e-14,True
649554,178,5,10.0,18.67476584604744,-17504.448074807424,163,163,6.0,6.0,-33980.57116994204,2937.8135580530416,36918.384727995086,4247.008260097874,1935.4179284382144,293.78135580530414,True
649554,178,6,10.0,12.448647286038655,-16761.25819510054,71,71,3.329807169732741,6.0,-64722.32626525672,0.0,64722.32626525672,12000.248965550089,848.2636038280887,0.0,True
649554,178,7,10.5,12.964254140168164,-28771.102717726164,66,66,3.201439529192188,5.9,-65355.88810580231,0.0,65355.88810580231,12234.980630922259,765.3621519289836,0.0,True
649554,178,8,89.5430243255239,57.2617233960241,2191979.9033757527,188,188,6.0,6.0,181482.0748927482,199506.48858311752,18024.413690369314,0.0,2228.0517112961643,2228.0517112961634,False
649554,178,9,11.55,11.202228973605658,-23697.469836539894,66,66,3.3279656973734357,6.0,-43562.107263976766,0.0,43562.107263976766,7865.998437902268,756.783227124223,0.0,True
649554,179,0,10.0,10.0,-35810.00646550855,93,93,4.180822162642174,6.0,-49565.02027469179,5489.898334277269,55054.91860896906,9646.384610386964,1071.5395756028431,548.9898334277269,True
649554,179,1,10.5,17.55210042119207,-83083.25051626252,73,73,3.1805261192569274,5.791963875728813,-92325.18483881264,0.0,92325.18483881264,17521.501430955614,872.0499771715411,0.0,True
649554,179,2,10.0,12.475226712938207,-38264.01861066662,146,146,6.0,6.0,-100526.61380640567,1.2434497875801753e-14,100526.61380640567,17288.307277779397,1735.634677188585,1.2434497875801752e-15,True
649554,179,3,10.5,13.946477018384773,-65707.9468772784,85,85,3.7081813921340157,6.0,-111596.62876896975,0.0,111596.62876896975,21120.952822341133,1014.6602322843823,0.0,True
649554,179,4,10.0,11.209691498899055,-23801.99290243379,82,82,3.7420670870657977,6.0,-83543.7924288141,1.2434497875801738e-13,83543.7924288141,15557.463027717895,967.6789222370408,1.2434497875801737e-14,True
649554,179,5,10.0,18.67476584604744,-17504.448074807424,163,163,6.0,6.0,-33980.57116994204,2937.8135580530416,36918.384727995086,4247.008260097874,1935.4179284382144,293.78135580530414,True
649554,179,6,10.0,12.448647286038655,-16761.25819510054,71,71,3.329807169732741,6.0,-64722.32626525672,0.0,64722.32626525672,12000.248965550089,848.2636038280887,0.0,True
649554,179,7,10.5,12.964254140168164,-28771.102717726164,66,66,3.201439529192188,5.9,-65355.88810580231,0.0,65355.88810580231,12234.980630922259,765.3621519289836,0.0,True
649554,179,8,98.4973267580763,54.398637226222895,2383388.343573927,189,189,6.0,6.0,202489.78263394814,220607.64075373928,18117.858119791134,0.0,2239.7322649738917,2239.732264973887,False
649554,179,9,11.55,11.202228973605658,-23697.469836539894,66,66,3.3279656973734357,6.0,-43562.107263976766,0.0,43562.107263976766,7865.998437902268,756.783227124223,0.0,True
649554,180,0,10.0,10.0,-35810.00646550855,93,93,4.180822162642174,6.0,-49565.02027469179,5489.898334277269,55054.91860896906,9646.384610386964,1071.5395756028431,548.9898334277269,True
649554,180,1,10.5,17.55210042119207,-83083.25051626252,73,73,3.1805261192569274,5.791963875728813,-92325.18483881264,0.0,92325.18483881264,17521.501430955614,872.0499771715411,0.0,True
649554,180,2,10.0,12.475226712938207,-38264.01861066662,146,146,6.0,6.0,-100526.61380640567,1.2434497875801753e-14,100526.61380640567,17288.307277779397,1735.634677188585,1.2434497875801752e-15,True
649554,180,3,10.5,13.946477018384773,-65707.9468772784,85,85,3.7081813921340157,6.0,-111596.62876896975,0.0,111596.62876896975,21120.952822341133,1014.6602322843823,0.0,True
649554,180,4,10.0,11.209691498899055,-23801.99290243379,82,82,3.7420670870657977,6.0,-83543.7924288141,1.2434497875801738e-13,83543.7924288141,15557.463027717895,967.6789222370408,1.2434497875801737e-14,True
649554,180,5,10.0,18.67476584604744,-17504.448074807424,163,163,6.0,6.0,-33980.57116994204,2937.8135580530416,36918.384727995086,4247.008260097874,1935.4179284382144,293.78135580530414,True
649554,180,6,10.0,12.448647286038655,-16761.25819510054,71,71,3.329807169732741,6.0,-64722.32626525672,0.0,64722.32626525672,12000.248965550089,848.2636038280887,0.0,True
649554,180,7,10.5,12.964254140168164,-28771.102717726164,66,66,3.201439529192188,5.9,-65355.88810580231,0.0,65355.88810580231,12234.980630922259,765.3621519289836,0.0,True
649554,180,8,108.34705943388394,51.67870536491175,2598491.799899164,190,190,6.0,6.0,225722.4103445741,243933.69331542612,18211.282970852008,0.0,2251.410371356501,2251.4103713565064,False
649554,180,9,11.55,11.202228973605658,-23697.469836539894,66,66,3.3279656973734357,6.0,-43562.107263976766,0.0,43562.107263976766,7865.998437902268,756.783227124223,0.0,True
649554,181,0,10.0,10.0,-35810.00646550855,93,93,4.180822162642174,6.0,-49565.02027469179,5489.898334277269,55054.91860896906,9646.384610386964,1071.5395756028431,548.9898334277269,True
649554,181,1,10.5,17.55210042119207,-83083.25051626252,73,73,3.1805261192569274,5.791963875728813,-92325.18483881264,0.0,92325.18483881264,17521.501430955614,872.0499771715411,0.0,True
649554,181,2,10.0,12.475226712938207,-38264.01861066662,146,146,6.0,6.0,-100526.61380640567,1.2434497875801753e-14,100526.61380640567,17288.307277779397,1735.634677188585,1.2434497875801752e-15,True
649554,181,3,10.5,13.946477018384773,-65707.9468772784,85,85,3.7081813921340157,6.0,-111596.62876896975,0.0,111596.62876896975,21120.952822341133,1014.6602322843823,0.0,True
649554,181,4,10.0,11.209691498899055,-23801.99290243379,82,82,3.7420670870657977,6.0,-83543.7924288141,1.2434497875801738e-13,83543.7924288141,15557.463027717895,967.6789222370408,1.2434497875801737e-14,True
649554,181,5,10.0,18.67476584604744,-17504.448074807424,163,163,6.0,6.0,-33980.57116994204,2937.8135580530416,36918.384727995086,4247.008260097874,1935.4179284382144,293.78135580530414,True
649554,181,6,10.0,12.448647286038655,-16761.25819510054,71,71,3.329807169732741,6.0,-64722.32626525672,0.0,64722.32626525672,12000.248965550089,848.2636038280887,0.0,True
649554,181,7,10.5,12.964254140168164,-28771.102717726164,66,66,3.201439529192188,5.9,-65355.88810580231,0.0,65355.88810580231,12234.980630922259,765.3621519289836,0.0,True
649554,181,8,119.18176537727234,49.09477009666616,2814409.266724114,191,191,6.0,6.0,226094.56791342085,245418.7071764269,19324.139263006055,203.88961882296027,2263.0863961114064,2059.196777288446,False
649554,181,9,11.55,11.202228973605658,-23697.469836539894,66,66,3.3279656973734357,6.0,-43562.107263976766,0.0,43562.107263976766,7865.998437902268,756.783227124223,0.0,True
649554,182,0,10.0,10.0,-35810.00646550855,93,93,4.180822162642174,6.0,-49565.02027469179,5489.898334277269,55054.91860896906,9646.384610386964,1071.5395756028431,548.9898334277269,True
649554,182,1,10.5,17.55210042119207,-83083.25051626252,73,73,3.1805261192569274,5.791963875728813,-92325.18483881264,0.0,92325.18483881264,17521.501430955614,872.0499771715411,0.0,True
649554,182,2,10.0,12.475226712938207,-38264.01861066662,146,146,6.0,6.0,-100526.61380640567,1.2434497875801753e-14,100526.61380640567,17288.307277779397,1735.634677188585,1.2434497875801752e-15,True
649554,182,3,10.5,13.946477018384773,-65707.9468772784,85,85,3.7081813921340157,6.0,-111596.62876896975,0.0,111596.62876896975,21120.952822341133,1014.6602322843823,0.0,True
649554,182,4,10.0,11.209691498899055,-23801.99290243379,82,82,3.7420670870657977,6.0,-83543.7924288141,1.2434497875801738e-13,83543.7924288141,15557.463027717895,967.6789222370408,1.2434497875801737e-14,True
649554,182,5,10.0,18.67476584604744,-17504.448074807424,163,163,6.0,6.0,-33980.57116994204,2937.8135580530416,36918.384727995086,4247.008260097874,1935.4179284382144,293.78135580530414,True
649554,182,6,10.0,12.448647286038655,-16761.25819510054,71,71,3.329807169732741,6.0,-64722.32626525672,0.0,64722.32626525672,12000.248965550089,848.2636038280887,0.0,True
649554,182,7,10.5,12.964254140168164,-28771.102717726164,66,66,3.201439529192188,5.9,-65355.88810580231,0.0,65355.88810580231,12234.980630922259,765.3621519289836,0.0,True
649554,182,8,107.26358883954511,46.64003159183285,2985583.332822867,192,192,6.0,6.0,180928.95216441527,202290.70120000513,21361.749035589866,592.7303477045602,2274.7621621333833,1885.9214332517854,False
649554,182,9,11.55,11.202228973605658,-23697.469836539894,66,66,3.3279656973734357,6.0,-43562.107263976766,0.0,43562.107263976766,7865.998437902268,756.783227124223,0.0,True
649554,183,0,10.0,10.0,-35810.00646550855,93,93,4.180822162642174,6.0,-49565.02027469179,5489.898334277269,55054.91860896906,9646.384610386964,1071.5395756028431,548.9898334277269,True
649554,183,1,10.5,17.55210042119207,-83083.25051626252,73,73,3.1805261192569274,5.791963875728813,-92325.18483881264,0.0,92325.18483881264,17521.501430955614,872.0499771715411,0.0,True
649554,183,2,10.0,12.475226712938207,-38264.01861066662,146,146,6.0,6.0,-100526.61380640567,1.2434497875801753e-14,100526.61380640567,17288.307277779397,1735.634677188585,1.2434497875801752e-15,True
649554,183,3,10.5,13.946477018384773,-65707.9468772784,85,85,3.7081813921340157,6.0,-111596.62876896975,0.0,111596.62876896975,21120.952822341133,1014.6602322843823,0.0,True
649554,183,4,10.0,11.209691498899055,-23801.99290243379,82,82,3.7420670870657977,6.0,-83543.7924288141,1.2434497875801738e-13,83543.7924288141,15557.463027717895,967.6789222370408,1.2434497875801737e-14,True
649554,183,5,10.0,18.67476584604744,-17504.448074807424,163,163,6.0,6.0,-33980.57116994204,2937.8135580530416,36918.384727995086,4247.008260097874,1935.4179284382144,293.78135580530414,True
649554,183,6,10.0,12.448647286038655,-16761.25819510054,71,71,3.329807169732741,6.0,-64722.32626525672,0.0,64722.32626525672,12000.248965550089,848.2636038280887,0.0,True
649554,183,7,10.5,12.964254140168164,-28771.102717726164,66,66,3.201439529192188,5.9,-65355.88810580231,0.0,65355.88810580231,12234.980630922259,765.3621519289836,0.0,True
649554,183,8,96.5372299555906,44.308030012241204,3127708.8531808723,193,193,6.0,6.0,151476.97015033325,175285.62842545417,23808.658275120928,1063.4349312159054,2286.4354523801753,1815.7308688688258,False
649554,183,9,11.55,11.202228973605658,-23697.469836539894,66,66,3.3279656973734357,6.0,-43562.107263976766,0.0,43562.107263976766,7865.998437902268,756.783227124223,0.0,True
649554,184,0,10.0,10.0,-35810.00646550855,93,93,4.180822162642174,6.0,-49565.02027469179,5489.898334277269,55054.91860896906,9646.384610386964,1071.5395756028431,548.9898334277269,True
649554,184,1,10.5,17.55210042119207,-83083.25051626252,73,73,3.1805261192569274,5.791963875728813,-92325.18483881264,0.0,92325.18483881264,17521.501430955614,872.0499771715411,0.0,True
649554,184,2,10.0,12.475226712938207,-38264.01861066662,146,146,6.0,6.0,-100526.61380640567,1.2434497875801753e-14,100526.61380640567,17288.307277779397,1735.634677188585,1.2434497875801752e-15,True
649554,184,3,10.5,13.946477018384773,-65707.9468772784,85,85,3.7081813921340157,6.0,-111596.62876896975,0.0,111596.62876896975,21120.952822341133,1014.6602322843823,0.0,True
649554,184,4,10.0,11.209691498899055,-23801.99290243379,82,82,3.7420670870657977,6.0,-83543.7924288141,1.2434497875801738e-13,83543.7924288141,15557.463027717895,967.6789222370408,1.2434497875801737e-14,True
649554,184,5,10.0,18.67476584604744,-17504.448074807424,163,163,6.0,6.0,-33980.57116994204,2937.8135580530416,36918.384727995086,4247.008260097874,1935.4179284382144,293.78135580530414,True
649554,184,6,10.0,12.448647286038655,-16761.25819510054,71,71,3.329807169732741,6.0,-64722.32626525672,0.0,64722.32626525672,12000.248965550089,848.2636038280887,0.0,True
649554,184,7,10.5,12.964254140168164,-28771.102717726164,66,66,3.201439529192188,5.9,-65355.88810580231,0.0,65355.88810580231,12234.980630922259,765.3621519289836,0.0,True
649554,184,8,86.88350696003154,42.092628511629144,3250491.766529379,194,194,6.0,6.0,131748.88327975702,158046.14117534962,26297.257895592604,1542.48254539337,2298.1056460782193,1819.0580319007445,False
649554,184,9,11.55,11.202228973605658,-23697.469836539894,66,66,3.3279656973734357,6.0,-43562.107263976766,0.0,43562.107263976766,7865.998437902268,756.783227124223,0.0,True
649554,185,0,10.0,10.0,-35810.00646550855,93,93,4.180822162642174,6.0,-49565.02027469179,5489.898334277269,55054.91860896906,9646.384610386964,1071.5395756028431,548.9898334277269,True
649554,185,1,10.5,17.55210042119207,-83083.25051626252,73,73,3.1805261192569274,5.791963875728813,-92325.18483881264,0.0,92325.18483881264,17521.501430955614,872.0499771715411,0.0,True
649554,185,2,10.0,12.475226712938207,-38264.01861066662,146,146,6.0,6.0,-100526.61380640567,1.2434497875801753e-14,100526.61380640567,17288.307277779397,1735.634677188585,1.2434497875801752e-15,True
649554,185,3,10.5,13.946477018384773,-65707.9468772784,85,85,3.7081813921340157,6.0,-111596.62876896975,0.0,111596.62876896975,21120.952822341133,1014.6602322843823,0.0,True
649554,185,4,10.0,11.209691498899055,-23801.99290243379,82,82,3.7420670870657977,6.0,-83543.7924288141,1.2434497875801738e-13,83543.7924288141,15557.463027717895,967.6789222370408,1.2434497875801737e-14,True
649554,185,5,10.0,18.67476584604744,-17504.448074807424,163,163,6.0,6.0,-33980.57116994204,2937.8135580530416,36918.384727995086,4247.008260097874,1935.4179284382144,293.78135580530414,True
649554,185,6,10.0,12.448647286038655,-16761.25819510054,71,71,3.329807169732741,6.0,-64722.32626525672,0.0,64722.32626525672,12000.248965550089,848.2636038280887,0.0,True
649554,185,7,10.5,12.964254140168164,-28771.102717726164,66,66,3.201439529192188,5.9,-65355.88810580231,0.0,65355.88810580231,12234.980630922259,765.3621519289836,0.0,True
649554,185,8,78.19515626402838,39.987997086047685,3360068.239370155,195,195,6.0,6.0,118174.13227259569,146731.23533675398,28557.1030641583,1975.7819635409658,2309.7741558066837,1876.4747376590872,False
649554,185,9,11.55,11.202228973605658,-23697.469836539894,66,66,3.3279656973734357,6.0,-43562.107263976766,0.0,43562.107263976766,7865.998437902268,756.783227124223,0.0,True
649554,186,0,10.0,10.0,-35810.00646550855,93,93,4.180822162642174,6.0,-49565.02027469179,5489.898334277269,55054.91860896906,9646.384610386964,1071.5395756028431,548.9898334277269,True
649554,186,1,10.5,17.55210042119207,-83083.25051626252,73,73,3.1805261192569274,5.791963875728813,-92325.18483881264,0.0,92325.18483881264,17521.501430955614,872.0499771715411,0.0,True
649554,186,2,10.0,12.475226712938207,-38264.01861066662,146,146,6.0,6.0,-100526.61380640567,1.2434497875801753e-14,100526.61380640567,17288.307277779397,1735.634677188585,1.2434497875801752e-15,True
649554,186,3,10.5,13.946477018384773,-65707.9468772784,85,85,3.7081813921340157,6.0,-111596.62876896975,0.0,111596.62876896975,21120.952822341133,1014.6602322843823,0.0,True
649554,186,4,10.0,11.209691498899055,-23801.99290243379,82,82,3.7420670870657977,6.0,-83543.7924288141,1.2434497875801738e-13,83543.7924288141,15557.463027717895,967.6789222370408,1.2434497875801737e-14,True
649554,186,5,10.0,18.67476584604744,-17504.448074807424,163,163,6.0,6.0,-33980.57116994204,2937.8135580530416,36918.384727995086,4247.008260097874,1935.4179284382144,293.78135580530414,True
649554,186,6,10.0,12.448647286038655,-16761.25819510054,71,71,3.329807169732741,6.0,-64722.32626525672,0.0,64722.32626525672,12000.248965550089,848.2636038280887,0.0,True
649554,186,7,10.5,12.964254140168164,-28771.102717726164,66,66,3.201439529192188,5.9,-65355.88810580231,0.0,65355.88810580231,12234.980630922259,765.3621519289836,0.0,True
649554,186,8,70.37564063762555,37.988597231745295,3460807.0956185735,196,196,6.0,6.0,108984.62130587402,139342.38227436235,30357.76096848833,2317.2441732860493,2321.44251275726,1979.9803030121832,False
649554,186,9,11.55,11.202228973605658,-23697.469836539894,66,66,3.3279656973734357,6.0,-43562.107263976766,0.0,43562.107263976766,7865.998437902268,756.783227124223,0.0,True
649554,187,0,10.0,10.0,-35810.00646550855,93,93,4.180822162642174,6.0,-49565.02027469179,5489.898334277269,55054.91860896906,9646.384610386964,1071.5395756028431,548.9898334277269,True
649554,187,1,10.5,17.55210042119207,-83083.25051626252,73,73,3.1805261192569274,5.791963875728813,-92325.18483881264,0.0,92325.18483881264,17521.501430955614,872.0499771715411,0.0,True
649554,187,2,10.0,12.475226712938207,-38264.01861066662,146,146,6.0,6.0,-100526.61380640567,1.2434497875801753e-14,100526.61380640567,17288.307277779397,1735.634677188585,1.2434497875801752e-15,True
649554,187,3,10.5,13.946477018384773,-65707.9468772784,85,85,3.7081813921340157,6.0,-111596.62876896975,0.0,111596.62876896975,21120.952822341133,1014.6602322843823,0.0,True
649554,187,4,10.0,11.209691498899055,-23801.99290243379,82,82,3.7420670870657977,6.0,-83543.7924288141,1.2434497875801738e-13,83543.7924288141,15557.463027717895,967.6789222370408,1.2434497875801737e-14,True
649554,187,5,10.0,18.67476584604744,-17504.448074807424,163,163,6.0,6.0,-33980.57116994204,2937.8135580530416,36918.384727995086,4247.008260097874,1935.4179284382144,293.78135580530414,True
649554,187,6,10.0,12.448647286038655,-16761.25819510054,71,71,3.329807169732741,6.0,-64722.32626525672,0.0,64722.32626525672,12000.248965550089,848.2636038280887,0.0,True
649554,187,7,10.5,12.964254140168164,-28771.102717726164,66,66,3.201439529192188,5.9,-65355.88810580231,0.0,65355.88810580231,12234.980630922259,765.3621519289836,0.0,True
649554,187,8,63.338076573863,36.08916737015803,3552043.390922012,197,197,6.0,6.0,99145.86127532739,130926.95249866169,31781.091223334293,2583.241672625159,2333.110357526062,2067.1128581869475,False
649554,187,9,11.55,11.202228973605658,-23697.469836539894,66,66,3.3279656973734357,6.0,-43562.107263976766,0.0,43562.107263976766,7865.998437902268,756.783227124223,0.0,True
649554,188,0,10.0,10.0,-35810.00646550855,93,93,4.180822162642174,6.0,-49565.02027469179,5489.898334277269,55054.91860896906,9646.384610386964,1071.5395756028431,548.9898334277269,True
649554,188,1,10.5,17.55210042119207,-83083.25051626252,73,73,3.1805261192569274,5.791963875728813,-92325.18483881264,0.0,92325.18483881264,17521.501430955614,872.0499771715411,0.0,True
649554,188,2,10.0,12.475226712938207,-38264.01861066662,146,146,6.0,6.0,-100526.61380640567,1.2434497875801753e-14,100526.61380640567,17288.307277779397,1735.634677188585,1.2434497875801752e-15,True
649554,188,3,10.5,13.946477018384773,-65707.9468772784,85,85,3.7081813921340157,6.0,-111596.62876896975,0.0,111596.62876896975,21120.952822341133,1014.6602322843823,0.0,True
649554,188,4,10.0,11.209691498899055,-23801.99290243379,82,82,3.7420670870657977,6.0,-83543.7924288141,1.2434497875801738e-13,83543.7924288141,15557.463027717895,967.6789222370408,1.2434497875801737e-14,True
649554,188,5,10.0,18.67476584604744,-17504.448074807424,163,163,6.0,6.0,-33980.57116994204,2937.8135580530416,36918.384727995086,4247.008260097874,1935.4179284382144,293.78135580530414,True
649554,188,6,10.0,12.448647286038655,-16761.25819510054,71,71,3.329807169732741,6.0,-64722.32626525672,0.0,64722.32626525672,12000.248965550089,848.2636038280887,0.0,True
649554,188,7,10.5,12.964254140168164,-28771.102717726164,66,66,3.201439529192188,5.9,-65355.88810580231,0.0,65355.88810580231,12234.980630922259,765.3621519289836,0.0,True
649554,188,8,57.0042689164767,34.28470900165013,3636400.956938911,198,198,6.0,6.0,91945.93839918154,124614.01769568471,32668.07929650317,2741.9719803950256,2344.777424316005,2186.0471165461413,False
649554,188,9,11.55,11.202228973605658,-23697.469836539894,66,66,3.3279656973734357,6.0,-43562.107263976766,0.0,43562.107263976766,7865.998437902268,756.783227124223,0.0,True
649554,189,0,10.0,10.0,-35810.00646550855,93,93,4.180822162642174,6.0,-49565.02027469179,5489.898334277269,55054.91860896906,9646.384610386964,1071.5395756028431,548.9898334277269,True
649554,189,1,10.5,17.55210042119207,-83083.25051626252,73,73,3.1805261192569274,5.791963875728813,-92325.18483881264,0.0,92325.18483881264,17521.501430955614,872.0499771715411,0.0,True
649554,189,2,10.0,12.475226712938207,-38264.01861066662,146,146,6.0,6.0,-100526.61380640567,1.2434497875801753e-14,100526.61380640567,17288.307277779397,1735.634677188585,1.2434497875801752e-15,True
649554,189,3,10.5,13.946477018384773,-65707.9468772784,85,85,3.7081813921340157,6.0,-111596.62876896975,0.0,111596.62876896975,21120.952822341133,1014.6602322843823,0.0,True
649554,189,4,10.0,11.209691498899055,-23801.99290243379,82,82,3.7420670870657977,6.0,-83543.7924288141,1.2434497875801738e-13,83543.7924288141,15557.463027717895,967.6789222370408,1.2434497875801737e-14,True
649554,189,5,10.0,18.67476584604744,-17504.448074807424,163,163,6.0,6.0,-33980.57116994204,2937.8135580530416,36918.384727995086,4247.008260097874,1935.4179284382144,293.78135580530414,True
649554,189,6,10.0,12.448647286038655,-16761.25819510054,71,71,3.329807169732741,6.0,-64722.32626525672,0.0,64722.32626525672,12000.248965550089,848.2636038280887,0.0,True
649554,189,7,10.5,12.964254140168164,-28771.102717726164,66,66,3.201439529192188,5.9,-65355.88810580231,0.0,65355.88810580231,12234.980630922259,765.3621519289836,0.0,True
649554,189,8,51.30384202482903,32.57047355156762,3715975.0725959023,199,199,6.0,6.0,86855.6398937892,119730.51073936849,32874.8708455793,2764.663097799435,2356.4444195727656,2333.753302168357,False
649554,189,9,11.55,11.202228973605658,-23697.469836539894,66,66,3.3279656973734357,6.0,-43562.107263976766,0.0,43562.107263976766,7865.998437902268,756.783227124223,0.0,True
649554,190,0,10.0,10.0,-35810.00646550855,93,93,4.180822162642174,6.0,-49565.02027469179,5489.898334277269,55054.91860896906,9646.384610386964,1071.5395756028431,548.9898334277269,True
649554,190,1,10.5,17.55210042119207,-83083.25051626252,73,73,3.1805261192569274,5.791963875728813,-92325.18483881264,0.0,92325.18483881264,17521.501430955614,872.0499771715411,0.0,True
649554,190,2,10.0,12.475226712938207,-38264.01861066662,146,146,6.0,6.0,-100526.61380640567,1.2434497875801753e-14,100526.61380640567,17288.307277779397,1735.634677188585,1.2434497875801752e-15,True
649554,190,3,10.5,13.946477018384773,-65707.9468772784,85,85,3.7081813921340157,6.0,-111596.62876896975,0.0,111596.62876896975,21120.952822341133,1014.6602322843823,0.0,True
649554,190,4,10.0,11.209691498899055,-23801.99290243379,82,82,3.7420670870657977,6.0,-83543.7924288141,1.2434497875801738e-13,83543.7924288141,15557.463027717895,967.6789222370408,1.2434497875801737e-14,True
649554,190,5,10.0,18.67476584604744,-17504.448074807424,163,163,6.0,6.0,-33980.57116994204,2937.8135580530416,36918.384727995086,4247.008260097874,1935.4179284382144,293.78135580530414,True
649554,190,6,10.0,12.448647286038655,-16761.25819510054,71,71,3.329807169732741,6.0,-64722.32626525672,0.0,64722.32626525672,12000.248965550089,848.2636038280887,0.0,True
649554,190,7,10.5,12.964254140168164,-28771.102717726164,66,66,3.201439529192188,5.9,-65355.88810580231,0.0,65355.88810580231,12234.980630922259,765.3621519289836,0.0,True
649554,190,8,46.17345782234613,30.94194987398924,3791869.912169033,200,200,6.0,6.0,82883.22954796346,115215.59571838683,32332.366170423367,2637.4961562755348,2368.110673630712,2495.277615154632,False
649554,190,9,11.55,11.202228973605658,-23697.469836539894,66,66,3.3279656973734357,6.0,-43562.107263976766,0.0,43562.107263976766,7865.998437902268,756.783227124223,0.0,True
649554,191,0,10.0,10.0,-35810.00646550855,93,93,4.180822162642174,6.0,-49565.02027469179,5489.898334277269,55054.91860896906,9646.384610386964,1071.5395756028431,548.9898334277269,True
649554,191,1,10.5,17.55210042119207,-83083.25051626252,73,73,3.1805261192569274,5.791963875728813,-92325.18483881264,0.0,92325.18483881264,17521.501430955614,872.0499771715411,0.0,True
649554,191,2,10.0,12.475226712938207,-38264.01861066662,146,146,6.0,6.0,-100526.61380640567,1.2434497875801753e-14,100526.61380640567,17288.307277779397,1735.634677188585,1.2434497875801752e-15,True
649554,191,3,10.5,13.946477018384773,-65707.9468772784,85,85,3.7081813921340157,6.0,-111596.62876896975,0.0,111596.62876896975,21120.952822341133,1014.6602322843823,0.0,True
649554,191,4,10.0,11.209691498899055,-23801.99290243379,82,82,3.7420670870657977,6.0,-83543.7924288141,1.2434497875801738e-13,83543.7924288141,15557.463027717895,967.6789222370408,1.2434497875801737e-14,True
649554,191,5,10.0,18.67476584604744,-17504.448074807424,163,163,6.0,6.0,-33980.57116994204,2937.8135580530416,36918.384727995086,4247.008260097874,1935.4179284382144,293.78135580530414,True
649554,191,6,10.0,12.448647286038655,-16761.25819510054,71,71,3.329807169732741,6.0,-64722.32626525672,0.0,64722.32626525672,12000.248965550089,848.2636038280887,0.0,True
649554,191,7,10.5,12.964254140168164,-28771.102717726164,66,66,3.201439529192188,5.9,-65355.88810580231,0.0,65355.88810580231,12234.980630922259,765.3621519289836,0.0,True
649554,191,8,41.556112040111515,29.394852380289777,3861177.823560491,201,201,6.0,6.0,76016.27671989216,107416.56396607422,31400.28724618206,2432.416061543717,2379.775867307934,2584.855962039753,False
649554,191,9,11.55,11.202228973605658,-23697.469836539894,66,66,3.3279656973734357,6.0,-43562.107263976766,0.0,43562.107263976766,7865.998437902268,756.783227124223,0.0,True
649554,192,0,10.0,10.0,-35810.00646550855,93,93,4.180822162642174,6.0,-49565.02027469179,5489.898334277269,55054.91860896906,9646.384610386964,1071.5395756028431,548.9898334277269,True
649554,192,1,10.5,17.55210042119207,-83083.25051626252,73,73,3.1805261192569274,5.791963875728813,-92325.18483881264,0.0,92325.18483881264,17521.501430955614,872.0499771715411,0.0,True
649554,192,2,10.0,12.475226712938207,-38264.01861066662,146,146,6.0,6.0,-100526.61380640567,1.2434497875801753e-14,100526.61380640567,17288.307277779397,1735.634677188585,1.2434497875801752e-15,True
649554,192,3,10.5,13.946477018384773,-65707.9468772784,85,85,3.7081813921340157,6.0,-111596.62876896975,0.0,111596.62876896975,21120.952822341133,1014.6602322843823,0.0,True
649554,192,4,10.0,11.209691498899055,-23801.99290243379,82,82,3.7420670870657977,6.0,-83543.7924288141,1.2434497875801738e-13,83543.7924288141,15557.463027717895,967.6789222370408,1.2434497875801737e-14,True
649554,192,5,10.0,18.67476584604744,-17504.448074807424,163,163,6.0,6.0,-33980.57116994204,2937.8135580530416,36918.384727995086,4247.008260097874,1935.4179284382144,293.78135580530414,True
649554,192,6,10.0,12.448647286038655,-16761.25819510054,71,71,3.329807169732741,6.0,-64722.32626525672,0.0,64722.32626525672,12000.248965550089,848.2636038280887,0.0,True
649554,192,7,10.5,12.964254140168164,-28771.102717726164,66,66,3.201439529192188,5.9,-65355.88810580231,0.0,65355.88810580231,12234.980630922259,765.3621519289836,0.0,True
649554,192,8,37.40050083610036,27.925109761275287,3928698.7396205,202,202,6.0,6.0,73961.78823179135,103566.91449150829,29605.12625971694,2054.723132135796,2391.4388248797454,2769.131754287676,False
649554,192,9,11.55,11.202228973605658,-23697.469836539894,66,66,3.3279656973734357,6.0,-43562.107263976766,0.0,43562.107263976766,7865.998437902268,756.783227124223,0.0,True
649554,193,0,10.0,10.0,-35810.00646550855,93,93,4.180822162642174,6.0,-49565.02027469179,5489.898334277269,55054.91860896906,9646.384610386964,1071.5395756028431,548.9898334277269,True
649554,193,1,10.5,17.55210042119207,-83083.25051626252,73,73,3.1805261192569274,5.791963875728813,-92325.18483881264,0.0,92325.18483881264,17521.501430955614,872.0499771715411,0.0,True
649554,193,2,10.0,12.475226712938207,-38264.01861066662,146,146,6.0,6.0,-100526.61380640567,1.2434497875801753e-14,100526.61380640567,17288.307277779397,1735.634677188585,1.2434497875801752e-15,True
649554,193,3,10.5,13.946477018384773,-65707.9468772784,85,85,3.7081813921340157,6.0,-111596.62876896975,0.0,111596.62876896975,21120.952822341133,1014.6602322843823,0.0,True
649554,193,4,10.0,11.209691498899055,-23801.99290243379,82,82,3.7420670870657977,6.0,-83543.7924288141,1.2434497875801738e-13,83543.7924288141,15557.463027717895,967.6789222370408,1.2434497875801737e-14,True
649554,193,5,10.0,18.67476584604744,-17504.448074807424,163,163,6.0,6.0,-33980.57116994204,2937.8135580530416,36918.384727995086,4247.008260097874,1935.4179284382144,293.78135580530414,True
649554,193,6,10.0,12.448647286038655,-16761.25819510054,71,71,3.329807169732741,6.0,-64722.32626525672,0.0,64722.32626525672,12000.248965550089,848.2636038280887,0.0,True
649554,193,7,10.5,12.964254140168164,-28771.102717726164,66,66,3.201439529192188,5.9,-65355.88810580231,0.0,65355.88810580231,12234.980630922259,765.3621519289836,0.0,True
649554,193,8,33.66045075249033,26.528854273211522,3997148.5504350215,203,203,6.0,6.0,74635.16823199333,101301.53116555257,26666.36293355924,1448.3116787810638,2403.1005674567405,3009.512020811483,False
649554,193,9,11.55,11.202228973605658,-23697.469836539894,66,66,3.3279656973734357,6.0,-43562.107263976766,0.0,43562.107263976766,7865.998437902268,756.783227124223,0.0,True
649554,194,0,10.0,10.0,-35810.00646550855,93,93,4.180822162642174,6.0,-49565.02027469179,5489.898334277269,55054.91860896906,9646.384610386964,1071.5395756028431,548.9898334277269,True
649554,194,1,10.5,17.55210042119207,-83083.25051626252,73,73,3.1805261192569274,5.791963875728813,-92325.18483881264,0.0,92325.18483881264,17521.501430955614,872.0499771715411,0.0,True
649554,194,2,10.0,12.475226712938207,-38264.01861066662,146,146,6.0,6.0,-100526.61380640567,1.2434497875801753e-14,100526.61380640567,17288.307277779397,1735.634677188585,1.2434497875801752e-15,True
649554,194,3,10.5,13.946477018384773,-65707.9468772784,85,85,3.7081813921340157,6.0,-111596.62876896975,0.0,111596.62876896975,21120.952822341133,1014.6602322843823,0.0,True
649554,194,4,10.0,11.209691498899055,-23801.99290243379,82,82,3.7420670870657977,6.0,-83543.7924288141,1.2434497875801738e-13,83543.7924288141,15557.463027717895,967.6789222370408,1.2434497875801737e-14,True
649554,194,5,10.0,18.67476584604744,-17504.448074807424,163,163,6.0,6.0,-33980.57116994204,2937.8135580530416,36918.384727995086,4247.008260097874,1935.4179284382144,293.78135580530414,True
649554,194,6,10.0,12.448647286038655,-16761.25819510054,71,71,3.329807169732741,6.0,-64722.32626525672,0.0,64722.32626525672,12000.248965550089,848.2636038280887,0.0,True
649554,194,7,10.5,12.964254140168164,-28771.102717726164,66,66,3.201439529192188,5.9,-65355.88810580231,0.0,65355.88810580231,12234.980630922259,765.3621519289836,0.0,True
649554,194,8,30.294405677241294,25.202411559550946,4063692.2847141773,204,204,6.0,6.0,72485.02623727547,95548.49361819222,23063.467380916758,709.0751657079293,2414.761444047139,3153.9979571202857,False
649554,194,9,11.55,11.202228973605658,-23697.469836539894,66,66,3.3279656973734357,6.0,-43562.107263976766,0.0,43562.107263976766,7865.998437902268,756.783227124223,0.0,True
649554,195,0,10.0,10.0,-35810.00646550855,93,93,4.180822162642174,6.0,-49565.02027469179,5489.898334277269,55054.91860896906,9646.384610386964,1071.5395756028431,548.9898334277269,True
649554,195,1,10.5,17.55210042119207,-83083.25051626252,73,73,3.1805261192569274,5.791963875728813,-92325.18483881264,0.0,92325.18483881264,17521.501430955614,872.0499771715411,0.0,True
649554,195,2,10.0,12.475226712938207,-38264.01861066662,146,146,6.0,6.0,-100526.61380640567,1.2434497875801753e-14,100526.61380640567,17288.307277779397,1735.634677188585,1.2434497875801752e-15,True
649554,195,3,10.5,13.946477018384773,-65707.9468772784,85,85,3.7081813921340157,6.0,-111596.62876896975,0.0,111596.62876896975,21120.952822341133,1014.6602322843823,0.0,True
649554,195,4,10.0,11.209691498899055,-23801.99290243379,82,82,3.7420670870657977,6.0,-83543.7924288141,1.2434497875801738e-13,83543.7924288141,15557.463027717895,967.6789222370408,1.2434497875801737e-14,True
649554,195,5,10.0,18.67476584604744,-17504.448074807424,163,163,6.0,6.0,-33980.57116994204,2937.8135580530416,36918.384727995086,4247.008260097874,1935.4179284382144,293.78135580530414,True
649554,195,6,10.0,12.448647286038655,-16761.25819510054,71,71,3.329807169732741,6.0,-64722.32626525672,0.0,64722.32626525672,12000.248965550089,848.2636038280887,0.0,True
649554,195,7,10.5,12.964254140168164,-28771.102717726164,66,66,3.201439529192188,5.9,-65355.88810580231,0.0,65355.88810580231,12234.980630922259,765.3621519289836,0.0,True
649554,195,8,27.264965109517163,23.942290981573397,4123861.9228279125,205,205,6.0,6.0,65877.8077649971,85489.16837580987,19611.360610812764,0.0,2426.4200763515955,3135.495242059519,False
649554,195,9,11.55,11.202228973605658,-23697.469836539894,66,66,3.3279656973734357,6.0,-43562.107263976766,0.0,43562.107263976766,7865.998437902268,756.783227124223,0.0,True
649554,196,0,10.0,10.0,-35810.00646550855,93,93,4.180822162642174,6.0,-49565.02027469179,5489.898334277269,55054.91860896906,9646.384610386964,1071.5395756028431,548.9898334277269,True
649554,196,1,10.5,17.55210042119207,-83083.25051626252,73,73,3.1805261192569274,5.791963875728813,-92325.18483881264,0.0,92325.18483881264,17521.501430955614,872.0499771715411,0.0,True
649554,196,2,10.0,12.475226712938207,-38264.01861066662,146,146,6.0,6.0,-100526.61380640567,1.2434497875801753e-14,100526.61380640567,17288.307277779397,1735.634677188585,1.2434497875801752e-15,True
649554,196,3,10.5,13.946477018384773,-65707.9468772784,85,85,3.7081813921340157,6.0,-111596.62876896975,0.0,111596.62876896975,21120.952822341133,1014.6602322843823,0.0,True
649554,196,4,10.0,11.209691498899055,-23801.99290243379,82,82,3.7420670870657977,6.0,-83543.7924288141,1.2434497875801738e-13,83543.7924288141,15557.463027717895,967.6789222370408,1.2434497875801737e-14,True
649554,196,5,10.0,18.67476584604744,-17504.448074807424,163,163,6.0,6.0,-33980.57116994204,2937.8135580530416,36918.384727995086,4247.008260097874,1935.4179284382144,293.78135580530414,True
649554,196,6,10.0,12.448647286038655,-16761.25819510054,71,71,3.329807169732741,6.0,-64722.32626525672,0.0,64722.32626525672,12000.248965550089,848.2636038280887,0.0,True
649554,196,7,10.5,12.964254140168164,-28771.102717726164,66,66,3.201439529192188,5.9,-65355.88810580231,0.0,65355.88810580231,12234.980630922259,765.3621519289836,0.0,True
649554,196,8,29.991461620468883,26.33652007973074,4171053.5116116875,206,206,6.0,6.0,53416.91192015681,73121.54070581317,19704.628785656354,0.0,2438.0785982070443,2438.078598207045,False
649554,196,9,11.55,11.202228973605658,-23697.469836539894,66,66,3.3279656973734357,6.0,-43562.107263976766,0.0,43562.107263976766,7865.998437902268,756.783227124223,0.0,True
649554,197,0,10.0,10.0,-35810.00646550855,93,93,4.180822162642174,6.0,-49565.02027469179,5489.898334277269,55054.91860896906,9646.384610386964,1071.5395756028431,548.9898334277269,True
649554,197,1,10.5,17.55210042119207,-83083.25051626252,73,73,3.1805261192569274,5.791963875728813,-92325.18483881264,0.0,92325.18483881264,17521.501430955614,872.0499771715411,0.0,True
649554,197,2,10.0,12.475226712938207,-38264.01861066662,146,146,6.0,6.0,-100526.61380640567,1.2434497875801753e-14,100526.61380640567,17288.307277779397,1735.634677188585,1.2434497875801752e-15,True
649554,197,3,10.5,13.946477018384773,-65707.9468772784,85,85,3.7081813921340157,6.0,-111596.62876896975,0.0,111596.62876896975,21120.952822341133,1014.6602322843823,0.0,True
649554,197,4,10.0,11.209691498899055,-23801.99290243379,82,82,3.7420670870657977,6.0,-83543.7924288141,1.2434497875801738e-13,83543.7924288141,15557.463027717895,967.6789222370408,1.2434497875801737e-14,True
649554,197,5,10.0,18.67476584604744,-17504.448074807424,163,163,6.0,6.0,-33980.57116994204,2937.8135580530416,36918.384727995086,4247.008260097874,1935.4179284382144,293.78135580530414,True
649554,197,6,10.0,12.448647286038655,-16761.25819510054,71,71,3.329807169732741,6.0,-64722.32626525672,0.0,64722.32626525672,12000.248965550089,848.2636038280887,0.0,True
649554,197,7,10.5,12.964254140168164,-28771.102717726164,66,66,3.201439529192188,5.9,-65355.88810580231,0.0,65355.88810580231,12234.980630922259,765.3621519289836,0.0,True
649554,197,8,32.990607782515774,28.970172087703816,4225277.068004098,207,207,6.0,6.0,61020.38201455669,80818.26696312142,19797.88494856473,0.0,2449.735618570591,2449.735618570603,False
649554,197,9,11.55,11.202228973605658,-23697.469836539894,66,66,3.3279656973734357,6.0,-43562.107263976766,0.0,43562.107263976766,7865.998437902268,756.783227124223,0.0,True
649554,198,0,10.0,10.0,-35810.00646550855,93,93,4.180822162642174,6.0,-49565.02027469179,5489.898334277269,55054.91860896906,9646.384610386964,1071.5395756028431,548.9898334277269,True
649554,198,1,10.5,17.55210042119207,-83083.25051626252,73,73,3.1805261192569274,5.791963875728813,-92325.18483881264,0.0,92325.18483881264,17521.501430955614,872.0499771715411,0.0,True
649554,198,2,10.0,12.475226712938207,-38264.01861066662,146,146,6.0,6.0,-100526.61380640567,1.2434497875801753e-14,100526.61380640567,17288.307277779397,1735.634677188585,1.2434497875801752e-15,True
649554,198,3,10.5,13.946477018384773,-65707.9468772784,85,85,3.7081813921340157,6.0,-111596.62876896975,0.0,111596.62876896975,21120.952822341133,1014.6602322843823,0.0,True
649554,198,4,10.0,11.209691498899055,-23801.99290243379,82,82,3.7420670870657977,6.0,-83543.7924288141,1.2434497875801738e-13,83543.7924288141,15557.463027717895,967.6789222370408,1.2434497875801737e-14,True
649554,198,5,10.0,18.67476584604744,-17504.448074807424,163,163,6.0,6.0,-33980.57116994204,2937.8135580530416,36918.384727995086,4247.008260097874,1935.4179284382144,293.78135580530414,True
649554,198,6,10.0,12.448647286038655,-16761.25819510054,71,71,3.329807169732741,6.0,-64722.32626525672,0.0,64722.32626525672,12000.248965550089,848.2636038280887,0.0,True
649554,198,7,10.5,12.964254140168164,-28771.102717726164,66,66,3.201439529192188,5.9,-65355.88810580231,0.0,65355.88810580231,12234.980630922259,765.3621519289836,0.0,True
649554,198,8,36.28966856076735,31.8671892964742,4287280.621638784,208,208,6.0,6.0,69431.92900836277,89323.05514758658,19891.12613922381,0.0,2461.390767402976,2461.3907674029697,False
649554,198,9,11.55,11.202228973605658,-23697.469836539894,66,66,3.3279656973734357,6.0,-43562.107263976766,0.0,43562.107263976766,7865.998437902268,756.783227124223,0.0,True
649554,199,0,10.0,10.0,-35810.00646550855,93,93,4.180822162642174,6.0,-49565.02027469179,5489.898334277269,55054.91860896906,9646.384610386964,1071.5395756028431,548.9898334277269,True
649554,199,1,10.5,17.55210042119207,-83083.25051626252,73,73,3.1805261192569274,5.791963875728813,-92325.18483881264,0.0,92325.18483881264,17521.501430955614,872.0499771715411,0.0,True
649554,199,2,10.0,12.475226712938207,-38264.01861066662,146,146,6.0,6.0,-100526.61380640567,1.2434497875801753e-14,100526.61380640567,17288.307277779397,1735.634677188585,1.2434497875801752e-15,True
649554,199,3,10.5,13.946477018384773,-65707.9468772784,85,85,3.7081813921340157,6.0,-111596.62876896975,0.0,111596.62876896975,21120.952822341133,1014.6602322843823,0.0,True
649554,199,4,10.0,11.209691498899055,-23801.99290243379,82,82,3.7420670870657977,6.0,-83543.7924288141,1.2434497875801738e-13,83543.7924288141,15557.463027717895,967.6789222370408,1.2434497875801737e-14,True
649554,199,5,10.0,18.67476584604744,-17504.448074807424,163,163,6.0,6.0,-33980.57116994204,2937.8135580530416,36918.384727995086,4247.008260097874,1935.4179284382144,293.78135580530414,True
649554,199,6,10.0,12.448647286038655,-16761.25819510054,71,71,3.329807169732741,6.0,-64722.32626525672,0.0,64722.32626525672,12000.248965550089,848.2636038280887,0.0,True
649554,199,7,10.5,12.964254140168164,-28771.102717726164,66,66,3.201439529192188,5.9,-65355.88810580231,0.0,65355.88810580231,12234.980630922259,765.3621519289836,0.0,True
649554,199,8,39.91863541684409,35.05390822612162,4353495.410489962,209,209,6.0,6.0,74341.05567042933,94814.65413688942,20473.598466460095,97.84740335851474,2473.04518120844,2375.197777849926,False
649554,199,9,11.55,11.202228973605658,-23697.469836539894,66,66,3.3279656973734357,6.0,-43562.107263976766,0.0,43562.107263976766,7865.998437902268,756.783227124223,0.0,True
649554,200,0,10.0,10.0,-35810.00646550855,93,93,4.180822162642174,6.0,-49565.02027469179,5489.898334277269,55054.91860896906,9646.384610386964,1071.5395756028431,548.9898334277269,True
649554,200,1,10.5,17.55210042119207,-83083.25051626252,73,73,3.1805261192569274,5.791963875728813,-92325.18483881264,0.0,92325.18483881264,17521.501430955614,872.0499771715411,0.0,True
649554,200,2,10.0,12.475226712938207,-38264.01861066662,146,146,6.0,6.0,-100526.61380640567,1.2434497875801753e-14,100526.61380640567,17288.307277779397,1735.634677188585,1.2434497875801752e-15,True
649554,200,3,10.5,13.946477018384773,-65707.9468772784,85,85,3.7081813921340157,6.0,-111596.62876896975,0.0,111596.62876896975,21120.952822341133,1014.6602322843823,0.0,True
649554,200,4,10.0,11.209691498899055,-23801.99290243379,82,82,3.7420670870657977,6.0,-83543.7924288141,1.2434497875801738e-13,83543.7924288141,15557.463027717895,967.6789222370408,1.2434497875801737e-14,True
649554,200,5,10.0,18.67476584604744,-17504.448074807424,163,163,6.0,6.0,-33980.57116994204,2937.8135580530416,36918.384727995086,4247.008260097874,1935.4179284382144,293.78135580530414,True
649554,200,6,10.0,12.448647286038655,-16761.25819510054,71,71,3.329807169732741,6.0,-64722.32626525672,0.0,64722.32626525672,12000.248965550089,848.2636038280887,0.0,True
649554,200,7,10.5,12.964254140168164,-28771.102717726164,66,66,3.201439529192188,5.9,-65355.88810580231,0.0,65355.88810580231,12234.980630922259,765.3621519289836,0.0,True
649554,200,8,43.9104989585285,33.301212814815536,4418218.0550035965,210,210,6.0,6.0,72515.89920470756,94720.57445609971,22204.67525139215,425.41762176411,2484.69839282145,2157.128174415851,False
649554,200,9,11.55,11.202228973605658,-23697.469836539894,66,66,3.3279656973734357,6.0,-43562.107263976766,0.0,43562.107263976766,7865.998437902268,756.783227124223,0.0,True
649554,201,0,10.0,10.0,-35810.00646550855,93,93,4.180822162642174,6.0,-49565.02027469179,5489.898334277269,55054.91860896906,9646.384610386964,1071.5395756028431,548.9898334277269,True
649554,201,1,10.5,17.55210042119207,-83083.25051626252,73,73,3.1805261192569274,5.791963875728813,-92325.18483881264,0.0,92325.18483881264,17521.501430955614,872.0499771715411,0.0,True
649554,201,2,10.0,12.475226712938207,-38264.01861066662,146,146,6.0,6.0,-100526.61380640567,1.2434497875801753e-14,100526.61380640567,17288.307277779397,1735.634677188585,1.2434497875801752e-15,True
649554,201,3,10.5,13.946477018384773,-65707.9468772784,85,85,3.7081813921340157,6.0,-111596.62876896975,0.0,111596.62876896975,21120.952822341133,1014.6602322843823,0.0,True
649554,201,4,10.0,11.209691498899055,-23801.99290243379,82,82,3.7420670870657977,6.0,-83543.7924288141,1.2434497875801738e-13,83543.7924288141,15557.463027717895,967.6789222370408,1.2434497875801737e-14,True
649554,201,5,10.0,18.67476584604744,-17504.448074807424,163,163,6.0,6.0,-33980.57116994204,2937.8135580530416,36918.384727995086,4247.008260097874,1935.4179284382144,293.78135580530414,True
649554,201,6,10.0,12.448647286038655,-16761.25819510054,71,71,3.329807169732741,6.0,-64722.32626525672,0.0,64722.32626525672,12000.248965550089,848.2636038280887,0.0,True
649554,201,7,10.5,12.964254140168164,-28771.102717726164,66,66,3.201439529192188,5.9,-65355.88810580231,0.0,65355.88810580231,12234.980630922259,765.3621519289836,0.0,True
649554,201,8,39.51944906267565,31.636152174074756,4481519.493578011,211,211,6.0,6.0,70776.66668319724,93701.24395909296,22924.577275895717,550.7531285388856,2496.3514541501613,2371.0159473753797,False
649554,201,9,11.55,11.202228973605658,-23697.469836539894,66,66,3.3279656973734357,6.0,-43562.107263976766,0.0,43562.107263976766,7865.998437902268,756.783227124223,0.0,True
649554,202,0,10.0,10.0,-35810.00646550855,93,93,4.180822162642174,6.0,-49565.02027469179,5489.898334277269,55054.91860896906,9646.384610386964,1071.5395756028431,548.9898334277269,True
649554,202,1,10.5,17.55210042119207,-83083.25051626252,73,73,3.1805261192569274,5.791963875728813,-92325.18483881264,0.0,92325.18483881264,17521.501430955614,872.0499771715411,0.0,True
649554,202,2,10.0,12.475226712938207,-38264.01861066662,146,146,6.0,6.0,-100526.61380640567,1.2434497875801753e-14,100526.61380640567,17288.307277779397,1735.634677188585,1.2434497875801752e-15,True
649554,202,3,10.5,13.946477018384773,-65707.9468772784,85,85,3.7081813921340157,6.0,-111596.62876896975,0.0,111596.62876896975,21120.952822341133,1014.6602322843823,0.0,True
649554,202,4,10.0,11.209691498899055,-23801.99290243379,82,82,3.7420670870657977,6.0,-83543.7924288141,1.2434497875801738e-13,83543.7924288141,15557.463027717895,967.6789222370408,1.2434497875801737e-14,True
649554,202,5,10.0,18.67476584604744,-17504.448074807424,163,163,6.0,6.0,-33980.57116994204,2937.8135580530416,36918.384727995086,4247.008260097874,1935.4179284382144,293.78135580530414,True
649554,202,6,10.0,12.448647286038655,-16761.25819510054,71,71,3.329807169732741,6.0,-64722.32626525672,0.0,64722.32626525672,12000.248965550089,848.2636038280887,0.0,True
649554,202,7,10.5,12.964254140168164,-28771.102717726164,66,66,3.201439529192188,5.9,-65355.88810580231,0.0,65355.88810580231,12234.980630922259,765.3621519289836,0.0,True
649554,202,8,35.567504156408084,30.054344565371018,4544631.959979679,212,212,6.0,6.0,70283.98744957669,92796.65899210758,22512.671542530898,449.7278848994204,2508.0040147542245,2609.0292583936816,False
649554,202,9,11.55,11.202228973605658,-23697.469836539894,66,66,3.3279656973734357,6.0,-43562.107263976766,0.0,43562.107263976766,7865.998437902268,756.783227124223,0.0,True
649554,203,0,10.0,10.0,-35810.00646550855,93,93,4.180822162642174,6.0,-49565.02027469179,5489.898334277269,55054.91860896906,9646.384610386964,1071.5395756028431,548.9898334277269,True
649554,203,1,10.5,17.55210042119207,-83083.25051626252,73,73,3.1805261192569274,5.791963875728813,-92325.18483881264,0.0,92325.18483881264,17521.501430955614,872.0499771715411,0.0,True
649554,203,2,10.0,12.475226712938207,-38264.01861066662,146,146,6.0,6.0,-100526.61380640567,1.2434497875801753e-14,100526.61380640567,17288.307277779397,1735.634677188585,1.2434497875801752e-15,True
649554,203,3,10.5,13.946477018384773,-65707.9468772784,85,85,3.7081813921340157,6.0,-111596.62876896975,0.0,111596.62876896975,21120.952822341133,1014.6602322843823,0.0,True
649554,203,4,10.0,11.209691498899055,-23801.99290243379,82,82,3.7420670870657977,6.0,-83543.7924288141,1.2434497875801738e-13,83543.7924288141,15557.463027717895,967.6789222370408,1.2434497875801737e-14,True
649554,203,5,10.0,18.67476584604744,-17504.448074807424,163,163,6.0,6.0,-33980.57116994204,2937.8135580530416,36918.384727995086,4247.008260097874,1935.4179284382144,293.78135580530414,True
649554,203,6,10.0,12.448647286038655,-16761.25819510054,71,71,3.329807169732741,6.0,-64722.32626525672,0.0,64722.32626525672,12000.248965550089,848.2636038280887,0.0,True
649554,203,7,10.5,12.964254140168164,-28771.102717726164,66,66,3.201439529192188,5.9,-65355.88810580231,0.0,65355.88810580231,12234.980630922259,765.3621519289836,0.0,True
649554,203,8,32.01075374076728,28.551627337102467,4606175.814356007,213,213,6.0,6.0,68425.35099910849,89629.57740577793,21204.22640666944,169.39866986057368,2519.6541321708214,2799.983347209667,False
649554,203,9,11.55,11.202228973605658,-23697.469836539894,66,66,3.3279656973734357,6.0,-43562.107263976766,0.0,43562.107263976766,7865.998437902268,756.783227124223,0.0,True
649554,204,0,10.0,10.0,-35810.00646550855,93,93,4.180822162642174,6.0,-49565.02027469179,5489.898334277269,55054.91860896906,9646.384610386964,1071.5395756028431,548.9898334277269,True
649554,204,1,10.5,17.55210042119207,-83083.25051626252,73,73,3.1805261192569274,5.791963875728813,-92325.18483881264,0.0,92325.18483881264,17521.501430955614,872.0499771715411,0.0,True
649554,204,2,10.0,12.475226712938207,-38264.01861066662,146,146,6.0,6.0,-100526.61380640567,1.2434497875801753e-14,100526.61380640567,17288.307277779397,1735.634677188585,1.2434497875801752e-15,True
649554,204,3,10.5,13.946477018384773,-65707.9468772784,85,85,3.7081813921340157,6.0,-111596.62876896975,0.0,111596.62876896975,21120.952822341133,1014.6602322843823,0.0,True
649554,204,4,10.0,11.209691498899055,-23801.99290243379,82,82,3.7420670870657977,6.0,-83543.7924288141,1.2434497875801738e-13,83543.7924288141,15557.463027717895,967.6789222370408,1.2434497875801737e-14,True
649554,204,5,10.0,18.67476584604744,-17504.448074807424,163,163,6.0,6.0,-33980.57116994204,2937.8135580530416,36918.384727995086,4247.008260097874,1935.4179284382144,293.78135580530414,True
649554,204,6,10.0,12.448647286038655,-16761.25819510054,71,71,3.329807169732741,6.0,-64722.32626525672,0.0,64722.32626525672,12000.248965550089,848.2636038280887,0.0,True
649554,204,7,10.5,12.964254140168164,-28771.102717726164,66,66,3.201439529192188,5.9,-65355.88810580231,0.0,65355.88810580231,12234.980630922259,765.3621519289836,0.0,True
649554,204,8,28.80967836669055,27.12404597024734,4656927.17771524,214,214,6.0,6.0,57355.90919679559,77806.32809291212,20450.418896116535,0.0,2531.302362014567,2700.701031875142,False
649554,204,9,11.55,11.202228973605658,-23697.469836539894,66,66,3.3279656973734357,6.0,-43562.107263976766,0.0,43562.107263976766,7865.998437902268,756.783227124223,0.0,True
649554,205,0,10.0,10.0,-35810.00646550855,93,93,4.180822162642174,6.0,-49565.02027469179,5489.898334277269,55054.91860896906,9646.384610386964,1071.5395756028431,548.9898334277269,True
649554,205,1,10.5,17.55210042119207,-83083.25051626252,73,73,3.1805261192569274,5.791963875728813,-92325.18483881264,0.0,92325.18483881264,17521.501430955614,872.0499771715411,0.0,True
649554,205,2,10.0,12.475226712938207,-38264.01861066662,146,146,6.0,6.0,-100526.61380640567,1.2434497875801753e-14,100526.61380640567,17288.307277779397,1735.634677188585,1.2434497875801752e-15,True
649554,205,3,10.5,13.946477018384773,-65707.9468772784,85,85,3.7081813921340157,6.0,-111596.62876896975,0.0,111596.62876896975,21120.952822341133,1014.6602322843823,0.0,True
649554,205,4,10.0,11.209691498899055,-23801.99290243379,82,82,3.7420670870657977,6.0,-83543.7924288141,1.2434497875801738e-13,83543.7924288141,15557.463027717895,967.6789222370408,1.2434497875801737e-14,True
649554,205,5,10.0,18.67476584604744,-17504.448074807424,163,163,6.0,6.0,-33980.57116994204,2937.8135580530416,36918.384727995086,4247.008260097874,1935.4179284382144,293.78135580530414,True
649554,205,6,10.0,12.448647286038655,-16761.25819510054,71,71,3.329807169732741,6.0,-64722.32626525672,0.0,64722.32626525672,12000.248965550089,848.2636038280887,0.0,True
649554,205,7,10.5,12.964254140168164,-28771.102717726164,66,66,3.201439529192188,5.9,-65355.88810580231,0.0,65355.88810580231,12234.980630922259,765.3621519289836,0.0,True
649554,205,8,31.69064620335961,29.836450567272077,4709756.471093974,215,215,6.0,6.0,60044.13025073985,80587.73075318514,20543.600502445293,0.0,2542.9500628056617,2542.9500628056558,False
649554,205,9,11.55,11.202228973605658,-23697.469836539894,66,66,3.3279656973734357,6.0,-43562.107263976766,0.0,43562.107263976766,7865.998437902268,756.783227124223,0.0,True
649554,206,0,10.0,10.0,-35810.00646550855,93,93,4.180822162642174,6.0,-49565.02027469179,5489.898334277269,55054.91860896906,9646.384610386964,1071.5395756028431,548.9898334277269,True
649554,206,1,10.5,17.55210042119207,-83083.25051626252,73,73,3.1805261192569274,5.791963875728813,-92325.18483881264,0.0,92325.18483881264,17521.501430955614,872.0499771715411,0.0,True
649554,206,2,10.0,12.475226712938207,-38264.01861066662,146,146,6.0,6.0,-100526.61380640567,1.2434497875801753e-14,100526.61380640567,17288.307277779397,1735.634677188585,1.2434497875801752e-15,True
649554,206,3,10.5,13.946477018384773,-65707.9468772784,85,85,3.7081813921340157,6.0,-111596.62876896975,0.0,111596.62876896975,21120.952822341133,1014.6602322843823,0.0,True
649554,206,4,10.0,11.209691498899055,-23801.99290243379,82,82,3.7420670870657977,6.0,-83543.7924288141,1.2434497875801738e-13,83543.7924288141,15557.463027717895,967.6789222370408,1.2434497875801737e-14,True
649554,206,5,10.0,18.67476584604744,-17504.448074807424,163,163,6.0,6.0,-33980.57116994204,2937.8135580530416,36918.384727995086,4247.008260097874,1935.4179284382144,293.78135580530414,True
649554,206,6,10.0,12.448647286038655,-16761.25819510054,71,71,3.329807169732741,6.0,-64722.32626525672,0.0,64722.32626525672,12000.248965550089,848.2636038280887,0.0,True
649554,206,7,10.5,12.964254140168164,-28771.102717726164,66,66,3.201439529192188,5.9,-65355.88810580231,0.0,65355.88810580231,12234.980630922259,765.3621519289836,0.0,True
649554,206,8,34.85971082369557,32.820095623999286,4770283.086406711,216,216,6.0,6.0,68415.75596748677,89052.53770884608,20636.78174135931,0.0,2554.597717669914,2554.597717669919,False
649554,206,9,11.55,11.202228973605658,-23697.469836539894,66,66,3.3279656973734357,6.0,-43562.107263976766,0.0,43562.107263976766,7865.998437902268,756.783227124223,0.0,True
649554,207,0,10.0,10.0,-35810.00646550855,93,93,4.180822162642174,6.0,-49565.02027469179,5489.898334277269,55054.91860896906,9646.384610386964,1071.5395756028431,548.9898334277269,True
649554,207,1,10.5,17.55210042119207,-83083.25051626252,73,73,3.1805261192569274,5.791963875728813,-92325.18483881264,0.0,92325.18483881264,17521.501430955614,872.0499771715411,0.0,True
649554,207,2,10.0,12.475226712938207,-38264.01861066662,146,146,6.0,6.0,-100526.61380640567,1.2434497875801753e-14,100526.61380640567,17288.307277779397,1735.634677188585,1.2434497875801752e-15,True
649554,207,3,10.5,13.946477018384773,-65707.9468772784,85,85,3.7081813921340157,6.0,-111596.62876896975,0.0,111596.62876896975,21120.952822341133,1014.6602322843823,0.0,True
649554,207,4,10.0,11.209691498899055,-23801.99290243379,82,82,3.7420670870657977,6.0,-83543.7924288141,1.2434497875801738e-13,83543.7924288141,15557.463027717895,967.6789222370408,1.2434497875801737e-14,True
649554,207,5,10.0,18.67476584604744,-17504.448074807424,163,163,6.0,6.0,-33980.57116994204,2937.8135580530416,36918.384727995086,4247.008260097874,1935.4179284382144,293.78135580530414,True
649554,207,6,10.0,12.448647286038655,-16761.25819510054,71,71,3.329807169732741,6.0,-64722.32626525672,0.0,64722.32626525672,12000.248965550089,848.2636038280887,0.0,True
649554,207,7,10.5,12.964254140168164,-28771.102717726164,66,66,3.201439529192188,5.9,-65355.88810580231,0.0,65355.88810580231,12234.980630922259,765.3621519289836,0.0,True
649554,207,8,38.34568190606513,36.10210518639922,4839323.367893468,217,217,6.0,6.0,77674.438312189,98404.39405435983,20729.955742170827,0.0,2566.2444677713534,2566.244467771356,False
649554,207,9,11.55,11.202228973605658,-23697.469836539894,66,66,3.3279656973734357,6.0,-43562.107263976766,0.0,43562.107263976766,7865.998437902268,756.783227124223,0.0,True
649554,208,0,10.0,10.0,-35810.00646550855,93,93,4.180822162642174,6.0,-49565.02027469179,5489.898334277269,55054.91860896906,9646.384610386964,1071.5395756028431,548.9898334277269,True
649554,208,1,10.5,17.55210042119207,-83083.25051626252,73,73,3.1805261192569274,5.791963875728813,-92325.18483881264,0.0,92325.18483881264,17521.501430955614,872.0499771715411,0.0,True
649554,208,2,10.0,12.475226712938207,-38264.01861066662,146,146,6.0,6.0,-100526.61380640567,1.2434497875801753e-14,100526.61380640567,17288.307277779397,1735.634677188585,1.2434497875801752e-15,True
649554,208,3,10.5,13.946477018384773,-65707.9468772784,85,85,3.7081813921340157,6.0,-111596.62876896975,0.0,111596.62876896975,21120.952822341133,1014.6602322843823,0.0,True
649554,208,4,10.0,11.209691498899055,-23801.99290243379,82,82,3.7420670870657977,6.0,-83543.7924288141,1.2434497875801738e-13,83543.7924288141,15557.463027717895,967.6789222370408,1.2434497875801737e-14,True
649554,208,5,10.0,18.67476584604744,-17504.448074807424,163,163,6.0,6.0,-33980.57116994204,2937.8135580530416,36918.384727995086,4247.008260097874,1935.4179284382144,293.78135580530414,True
649554,208,6,10.0,12.448647286038655,-16761.25819510054,71,71,3.329807169732741,6.0,-64722.32626525672,0.0,64722.32626525672,12000.248965550089,848.2636038280887,0.0,True
649554,208,7,10.5,12.964254140168164,-28771.102717726164,66,66,3.201439529192188,5.9,-65355.88810580231,0.0,65355.88810580231,12234.980630922259,765.3621519289836,0.0,True
649554,208,8,42.18025009667165,39.712315705039146,4915150.954704052,218,218,6.0,6.0,85284.87163420279,106386.51419769385,21101.64256349106,55.703060277914254,2577.890907762686,2522.1878474847776,False
649554,208,9,11.55,11.202228973605658,-23697.469836539894,66,66,3.3279656973734357,6.0,-43562.107263976766,0.0,43562.107263976766,7865.998437902268,756.783227124223,0.0,True
649554,209,0,10.0,10.0,-35810.00646550855,93,93,4.180822162642174,6.0,-49565.02027469179,5489.898334277269,55054.91860896906,9646.384610386964,1071.5395756028431,548.9898334277269,True
649554,209,1,10.5,17.55210042119207,-83083.25051626252,73,73,3.1805261192569274,5.791963875728813,-92325.18483881264,0.0,92325.18483881264,17521.501430955614,872.0499771715411,0.0,True
649554,209,2,10.0,12.475226712938207,-38264.01861066662,146,146,6.0,6.0,-100526.61380640567,1.2434497875801753e-14,100526.61380640567,17288.307277779397,1735.634677188585,1.2434497875801752e-15,True
649554,209,3,10.5,13.946477018384773,-65707.9468772784,85,85,3.7081813921340157,6.0,-111596.62876896975,0.0,111596.62876896975,21120.952822341133,1014.6602322843823,0.0,True
649554,209,4,10.0,11.209691498899055,-23801.99290243379,82,82,3.7420670870657977,6.0,-83543.7924288141,1.2434497875801738e-13,83543.7924288141,15557.463027717895,967.6789222370408,1.2434497875801737e-14,True
649554,209,5,10.0,18.67476584604744,-17504.448074807424,163,163,6.0,6.0,-33980.57116994204,2937.8135580530416,36918.384727995086,4247.008260097874,1935.4179284382144,293.78135580530414,True
649554,209,6,10.0,12.448647286038655,-16761.25819510054,71,71,3.329807169732741,6.0,-64722.32626525672,0.0,64722.32626525672,12000.248965550089,848.2636038280887,0.0,True
649554,209,7,10.5,12.964254140168164,-28771.102717726164,66,66,3.201439529192188,5.9,-65355.88810580231,0.0,65355.88810580231,12234.980630922259,765.3621519289836,0.0,True
649554,209,8,46.398275106338815,37.72669991978719,4990173.474109573,219,219,6.0,6.0,84084.66668787919,106726.07585001108,22641.4091621319,345.0232315446617,2589.536625551074,2300.2164542843198,False
649554,209,9,11.55,11.202228973605658,-23697.469836539894,66,66,3.3279656973734357,6.0,-43562.107263976766,0.0,43562.107263976766,7865.998437902268,756.783227124223,0.0,True
649554,210,0,10.0,10.0,-35810.00646550855,93,93,4.180822162642174,6.0,-49565.02027469179,5489.898334277269,55054.91860896906,9646.384610386964,1071.5395756028431,548.9898334277269,True
649554,210,1,10.5,17.55210042119207,-83083.25051626252,73,73,3.1805261192569274,5.791963875728813,-92325.18483881264,0.0,92325.18483881264,17521.501430955614,872.0499771715411,0.0,True
649554,210,2,10.0,12.475226712938207,-38264.01861066662,146,146,6.0,6.0,-100526.61380640567,1.2434497875801753e-14,100526.61380640567,17288.307277779397,1735.634677188585,1.2434497875801752e-15,True
649554,210,3,10.5,13.946477018384773,-65707.9468772784,85,85,3.7081813921340157,6.0,-111596.62876896975,0.0,111596.62876896975,21120.952822341133,1014.6602322843823,0.0,True
649554,210,4,10.0,11.209691498899055,-23801.99290243379,82,82,3.7420670870657977,6.0,-83543.7924288141,1.2434497875801738e-13,83543.7924288141,15557.463027717895,967.6789222370408,1.2434497875801737e-14,True
649554,210,5,10.0,18.67476584604744,-17504.448074807424,163,163,6.0,6.0,-33980.57116994204,2937.8135580530416,36918.384727995086,4247.008260097874,1935.4179284382144,293.78135580530414,True
649554,210,6,10.0,12.448647286038655,-16761.25819510054,71,71,3.329807169732741,6.0,-64722.32626525672,0.0,64722.32626525672,12000.248965550089,848.2636038280887,0.0,True
649554,210,7,10.5,12.964254140168164,-28771.102717726164,66,66,3.201439529192188,5.9,-65355.88810580231,0.0,65355.88810580231,12234.980630922259,765.3621519289836,0.0,True
649554,210,8,41.758447595704936,35.84036492379783,5063894.03714114,220,220,6.0,6.0,82405.44331478003,105512.25251790612,23106.809203126093,419.4744940731944,2601.179591595015,2526.72832906649,False
649554,210,9,11.55,11.202228973605658,-23697.469836539894,66,66,3.3279656973734357,6.0,-43562.107263976766,0.0,43562.107263976766,7865.998437902268,756.783227124223,0.0,True
649554,211,0,10.0,10.0,-35810.00646550855,93,93,4.180822162642174,6.0,-49565.02027469179,5489.898334277269,55054.91860896906,9646.384610386964,1071.5395756028431,548.9898334277269,True
649554,211,1,10.5,17.55210042119207,-83083.25051626252,73,73,3.1805261192569274,5.791963875728813,-92325.18483881264,0.0,92325.18483881264,17521.501430955614,872.0499771715411,0.0,True
649554,211,2,10.0,12.475226712938207,-38264.01861066662,146,146,6.0,6.0,-100526.61380640567,1.2434497875801753e-14,100526.61380640567,17288.307277779397,1735.634677188585,1.2434497875801752e-15,True
649554,211,3,10.5,13.946477018384773,-65707.9468772784,85,85,3.7081813921340157,6.0,-111596.62876896975,0.0,111596.62876896975,21120.952822341133,1014.6602322843823,0.0,True
649554,211,4,10.0,11.209691498899055,-23801.99290243379,82,82,3.7420670870657977,6.0,-83543.7924288141,1.2434497875801738e-13,83543.7924288141,15557.463027717895,967.6789222370408,1.2434497875801737e-14,True
649554,211,5,10.0,18.67476584604744,-17504.448074807424,163,163,6.0,6.0,-33980.57116994204,2937.8135580530416,36918.384727995086,4247.008260097874,1935.4179284382144,293.78135580530414,True
649554,211,6,10.0,12.448647286038655,-16761.25819510054,71,71,3.329807169732741,6.0,-64722.32626525672,0.0,64722.32626525672,12000.248965550089,848.2636038280887,0.0,True
649554,211,7,10.5,12.964254140168164,-28771.102717726164,66,66,3.201439529192188,5.9,-65355.88810580231,0.0,65355.88810580231,12234.980630922259,765.3621519289836,0.0,True
649554,211,8,37.58260283613444,34.04834667760794,5136793.412050186,221,221,6.0,6.0,81224.05952483855,103692.75539859876,22468.695873760214,273.23005434309687,2612.8182002555914,2759.0626399856897,False
649554,211,9,11.55,11.202228973605658,-23697.469836539894,66,66,3.3279656973734357,6.0,-43562.107263976766,0.0,43562.107263976766,7865.998437902268,756.783227124223,0.0,True
649554,212,0,10.0,10.0,-35810.00646550855,93,93,4.180822162642174,6.0,-49565.02027469179,5489.898334277269,55054.91860896906,9646.384610386964,1071.5395756028431,548.9898334277269,True
649554,212,1,10.5,17.55210042119207,-83083.25051626252,73,73,3.1805261192569274,5.791963875728813,-92325.18483881264,0.0,92325.18483881264,17521.501430955614,872.0499771715411,0.0,True
649554,212,2,10.0,12.475226712938207,-38264.01861066662,146,146,6.0,6.0,-100526.61380640567,1.2434497875801753e-14,100526.61380640567,17288.307277779397,1735.634677188585,1.2434497875801752e-15,True
649554,212,3,10.5,13.946477018384773,-65707.9468772784,85,85,3.7081813921340157,6.0,-111596.62876896975,0.0,111596.62876896975,21120.952822341133,1014.6602322843823,0.0,True
649554,212,4,10.0,11.209691498899055,-23801.99290243379,82,82,3.7420670870657977,6.0,-83543.7924288141,1.2434497875801738e-13,83543.7924288141,15557.463027717895,967.6789222370408,1.2434497875801737e-14,True
649554,212,5,10.0,18.67476584604744,-17504.448074807424,163,163,6.0,6.0,-33980.57116994204,2937.8135580530416,36918.384727995086,4247.008260097874,1935.4179284382144,293.78135580530414,True
649554,212,6,10.0,12.448647286038655,-16761.25819510054,71,71,3.329807169732741,6.0,-64722.32626525672,0.0,64722.32626525672,12000.248965550089,848.2636038280887,0.0,True
649554,212,7,10.5,12.964254140168164,-28771.102717726164,66,66,3.201439529192188,5.9,-65355.88810580231,0.0,65355.88810580231,12234.980630922259,765.3621519289836,0.0,True
649554,212,8,33.824342552520996,32.34592934372754,5205629.17940397,222,222,6.0,6.0,76816.5636681929,98012.17633917855,21195.612670985647,0.0,2624.451583873206,2897.681638216306,False
649554,212,9,11.55,11.202228973605658,-23697.469836539894,66,66,3.3279656973734357,6.0,-43562.107263976766,0.0,43562.107263976766,7865.998437902268,756.783227124223,0.0,True
649554,213,0,10.0,10.0,-35810.00646550855,93,93,4.180822162642174,6.0,-49565.02027469179,5489.898334277269,55054.91860896906,9646.384610386964,1071.5395756028431,548.9898334277269,True
649554,213,1,10.5,17.55210042119207,-83083.25051626252,73,73,3.1805261192569274,5.791963875728813,-92325.18483881264,0.0,92325.18483881264,17521.501430955614,872.0499771715411,0.0,True
649554,213,2,10.0,12.475226712938207,-38264.01861066662,146,146,6.0,6.0,-100526.61380640567,1.2434497875801753e-14,100526.61380640567,17288.307277779397,1735.634677188585,1.2434497875801752e-15,True
649554,213,3,10.5,13.946477018384773,-65707.9468772784,85,85,3.7081813921340157,6.0,-111596.62876896975,0.0,111596.62876896975,21120.952822341133,1014.6602322843823,0.0,True
649554,213,4,10.0,11.209691498899055,-23801.99290243379,82,82,3.7420670870657977,6.0,-83543.7924288141,1.2434497875801738e-13,83543.7924288141,15557.463027717895,967.6789222370408,1.2434497875801737e-14,True
649554,213,5,10.0,18.67476584604744,-17504.448074807424,163,163,6.0,6.0,-33980.57116994204,2937.8135580530416,36918.384727995086,4247.008260097874,1935.4179284382144,293.78135580530414,True
649554,213,6,10.0,12.448647286038655,-16761.25819510054,71,71,3.329807169732741,6.0,-64722.32626525672,0.0,64722.32626525672,12000.248965550089,848.2636038280887,0.0,True
649554,213,7,10.5,12.964254140168164,-28771.102717726164,66,66,3.201439529192188,5.9,-65355.88810580231,0.0,65355.88810580231,12234.980630922259,765.3621519289836,0.0,True
649554,213,8,37.206776807773096,35.5805222781003,5273686.26423895,223,223,6.0,6.0,76791.54130304615,98080.21995040873,21288.67864736258,0.0,2636.0848309203225,2636.084830920323,False
649554,213,9,11.55,11.202228973605658,-23697.469836539894,66,66,3.3279656973734357,6.0,-43562.107263976766,0.0,43562.107263976766,7865.998437902268,756.783227124223,0.0,True
649554,214,0,10.0,10.0,-35810.00646550855,93,93,4.180822162642174,6.0,-49565.02027469179,5489.898334277269,55054.91860896906,9646.384610386964,1071.5395756028431,548.9898334277269,True
649554,214,1,10.5,17.55210042119207,-83083.25051626252,73,73,3.1805261192569274,5.791963875728813,-92325.18483881264,0.0,92325.18483881264,17521.501430955614,872.0499771715411,0.0,True
649554,214,2,10.0,12.475226712938207,-38264.01861066662,146,146,6.0,6.0,-100526.61380640567,1.2434497875801753e-14,100526.61380640567,17288.307277779397,1735.634677188585,1.2434497875801752e-15,True
649554,214,3,10.5,13.946477018384773,-65707.9468772784,85,85,3.7081813921340157,6.0,-111596.62876896975,0.0,111596.62876896975,21120.952822341133,1014.6602322843823,0.0,True
649554,214,4,10.0,11.209691498899055,-23801.99290243379,82,82,3.7420670870657977,6.0,-83543.7924288141,1.2434497875801738e-13,83543.7924288141,15557.463027717895,967.6789222370408,1.2434497875801737e-14,True
649554,214,5,10.0,18.67476584604744,-17504.448074807424,163,163,6.0,6.0,-33980.57116994204,2937.8135580530416,36918.384727995086,4247.008260097874,1935.4179284382144,293.78135580530414,True
649554,214,6,10.0,12.448647286038655,-16761.25819510054,71,71,3.329807169732741,6.0,-64722.32626525672,0.0,64722.32626525672,12000.248965550089,848.2636038280887,0.0,True
649554,214,7,10.5,12.964254140168164,-28771.102717726164,66,66,3.201439529192188,5.9,-65355.88810580231,0.0,65355.88810580231,12234.980630922259,765.3621519289836,0.0,True
649554,214,8,40.92745448855041,39.13857450591033,5350275.5456338925,224,224,6.0,6.0,86156.32208432158,107628.01379696747,21471.691712645883,17.990714785966414,2647.717267339506,2629.726552553537,False
649554,214,9,11.55,11.202228973605658,-23697.469836539894,66,66,3.3279656973734357,6.0,-43562.107263976766,0.0,43562.107263976766,7865.998437902268,756.783227124223,0.0,True
649554,215,0,10.0,10.0,-35810.00646550855,93,93,4.180822162642174,6.0,-49565.02027469179,5489.898334277269,55054.91860896906,9646.384610386964,1071.5395756028431,548.9898334277269,True
649554,215,1,10.5,17.55210042119207,-83083.25051626252,73,73,3.1805261192569274,5.791963875728813,-92325.18483881264,0.0,92325.18483881264,17521.501430955614,872.0499771715411,0.0,True
649554,215,2,10.0,12.475226712938207,-38264.01861066662,146,146,6.0,6.0,-100526.61380640567,1.2434497875801753e-14,100526.61380640567,17288.307277779397,1735.634677188585,1.2434497875801752e-15,True
649554,215,3,10.5,13.946477018384773,-65707.9468772784,85,85,3.7081813921340157,6.0,-111596.62876896975,0.0,111596.62876896975,21120.952822341133,1014.6602322843823,0.0,True
649554,215,4,10.0,11.209691498899055,-23801.99290243379,82,82,3.7420670870657977,6.0,-83543.7924288141,1.2434497875801738e-13,83543.7924288141,15557.463027717895,967.6789222370408,1.2434497875801737e-14,True
649554,215,5,10.0,18.67476584604744,-17504.448074807424,163,163,6.0,6.0,-33980.57116994204,2937.8135580530416,36918.384727995086,4247.008260097874,1935.4179284382144,293.78135580530414,True
649554,215,6,10.0,12.448647286038655,-16761.25819510054,71,71,3.329807169732741,6.0,-64722.32626525672,0.0,64722.32626525672,12000.248965550089,848.2636038280887,0.0,True
649554,215,7,10.5,12.964254140168164,-28771.102717726164,66,66,3.201439529192188,5.9,-65355.88810580231,0.0,65355.88810580231,12234.980630922259,765.3621519289836,0.0,True
649554,215,8,45.02019993740546,43.052431956501366,5430981.5796585,225,225,6.0,6.0,91192.83121490237,113453.9867166399,22261.155501737532,157.27179995223113,2659.349562747047,2520.0684775807845,False
649554,215,9,11.55,11.202228973605658,-23697.469836539894,66,66,3.3279656973734357,6.0,-43562.107263976766,0.0,43562.107263976766,7865.998437902268,756.783227124223,0.0,True
649554,216,0,10.0,10.0,-35810.00646550855,93,93,4.180822162642174,6.0,-49565.02027469179,5489.898334277269,55054.91860896906,9646.384610386964,1071.5395756028431,548.9898334277269,True
649554,216,1,10.5,17.55210042119207,-83083.25051626252,73,73,3.1805261192569274,5.791963875728813,-92325.18483881264,0.0,92325.18483881264,17521.501430955614,872.0499771715411,0.0,True
649554,216,2,10.0,12.475226712938207,-38264.01861066662,146,146,6.0,6.0,-100526.61380640567,1.2434497875801753e-14,100526.61380640567,17288.307277779397,1735.634677188585,1.2434497875801752e-15,True
649554,216,3,10.5,13.946477018384773,-65707.9468772784,85,85,3.7081813921340157,6.0,-111596.62876896975,0.0,111596.62876896975,21120.952822341133,1014.6602322843823,0.0,True
649554,216,4,10.0,11.209691498899055,-23801.99290243379,82,82,3.7420670870657977,6.0,-83543.7924288141,1.2434497875801738e-13,83543.7924288141,15557.463027717895,967.6789222370408,1.2434497875801737e-14,True
649554,216,5,10.0,18.67476584604744,-17504.448074807424,163,163,6.0,6.0,-33980.57116994204,2937.8135580530416,36918.384727995086,4247.008260097874,1935.4179284382144,293.78135580530414,True
649554,216,6,10.0,12.448647286038655,-16761.25819510054,71,71,3.329807169732741,6.0,-64722.32626525672,0.0,64722.32626525672,12000.248965550089,848.2636038280887,0.0,True
649554,216,7,10.5,12.964254140168164,-28771.102717726164,66,66,3.201439529192188,5.9,-65355.88810580231,0.0,65355.88810580231,12234.980630922259,765.3621519289836,0.0,True
649554,216,8,40.51817994366491,40.8998103586763,5513966.029618058,226,226,6.0,6.0,93027.80710066605,114595.6549102563,21567.84780959025,0.0,2670.9809761987813,2828.252776151006,False
649554,216,9,11.55,11.202228973605658,-23697.469836539894,66,66,3.3279656973734357,6.0,-43562.107263976766,0.0,43562.107263976766,7865.998437902268,756.783227124223,0.0,True
649554,217,0,10.0,10.0,-35810.00646550855,93,93,4.180822162642174,6.0,-49565.02027469179,5489.898334277269,55054.91860896906,9646.384610386964,1071.5395756028431,548.9898334277269,True
649554,217,1,10.5,17.55210042119207,-83083.25051626252,73,73,3.1805261192569274,5.791963875728813,-92325.18483881264,0.0,92325.18483881264,17521.501430955614,872.0499771715411,0.0,True
649554,217,2,10.0,12.475226712938207,-38264.01861066662,146,146,6.0,6.0,-100526.61380640567,1.2434497875801753e-14,100526.61380640567,17288.307277779397,1735.634677188585,1.2434497875801752e-15,True
649554,217,3,10.5,13.946477018384773,-65707.9468772784,85,85,3.7081813921340157,6.0,-111596.62876896975,0.0,111596.62876896975,21120.952822341133,1014.6602322843823,0.0,True
649554,217,4,10.0,11.209691498899055,-23801.99290243379,82,82,3.7420670870657977,6.0,-83543.7924288141,1.2434497875801738e-13,83543.7924288141,15557.463027717895,967.6789222370408,1.2434497875801737e-14,True
649554,217,5,10.0,18.67476584604744,-17504.448074807424,163,163,6.0,6.0,-33980.57116994204,2937.8135580530416,36918.384727995086,4247.008260097874,1935.4179284382144,293.78135580530414,True
649554,217,6,10.0,12.448647286038655,-16761.25819510054,71,71,3.329807169732741,6.0,-64722.32626525672,0.0,64722.32626525672,12000.248965550089,848.2636038280887,0.0,True
649554,217,7,10.5,12.964254140168164,-28771.102717726164,66,66,3.201439529192188,5.9,-65355.88810580231,0.0,65355.88810580231,12234.980630922259,765.3621519289836,0.0,True
649554,217,8,44.569997938031406,44.98979139454393,5600856.423677186,227,227,6.0,6.0,97903.07670561329,119563.96426089318,21660.887555279885,0.0,2682.6109444099857,2682.6109444099775,False
649554,217,9,11.55,11.202228973605658,-23697.469836539894,66,66,3.3279656973734357,6.0,-43562.107263976766,0.0,43562.107263976766,7865.998437902268,756.783227124223,0.0,True
649554,218,0,10.0,10.0,-35810.00646550855,93,93,4.180822162642174,6.0,-49565.02027469179,5489.898334277269,55054.91860896906,9646.384610386964,1071.5395756028431,548.9898334277269,True
649554,218,1,10.5,17.55210042119207,-83083.25051626252,73,73,3.1805261192569274,5.791963875728813,-92325.18483881264,0.0,92325.18483881264,17521.501430955614,872.0499771715411,0.0,True
649554,218,2,10.0,12.475226712938207,-38264.01861066662,146,146,6.0,6.0,-100526.61380640567,1.2434497875801753e-14,100526.61380640567,17288.307277779397,1735.634677188585,1.2434497875801752e-15,True
649554,218,3,10.5,13.946477018384773,-65707.9468772784,85,85,3.7081813921340157,6.0,-111596.62876896975,0.0,111596.62876896975,21120.952822341133,1014.6602322843823,0.0,True
649554,218,4,10.0,11.209691498899055,-23801.99290243379,82,82,3.7420670870657977,6.0,-83543.7924288141,1.2434497875801738e-13,83543.7924288141,15557.463027717895,967.6789222370408,1.2434497875801737e-14,True
649554,218,5,10.0,18.67476584604744,-17504.448074807424,163,163,6.0,6.0,-33980.57116994204,2937.8135580530416,36918.384727995086,4247.008260097874,1935.4179284382144,293.78135580530414,True
649554,218,6,10.0,12.448647286038655,-16761.25819510054,71,71,3.329807169732741,6.0,-64722.32626525672,0.0,64722.32626525672,12000.248965550089,848.2636038280887,0.0,True
649554,218,7,10.5,12.964254140168164,-28771.102717726164,66,66,3.201439529192188,5.9,-65355.88810580231,0.0,65355.88810580231,12234.980630922259,765.3621519289836,0.0,True
649554,218,8,49.02699773183455,49.48877053399833,5695461.242053737,228,228,6.0,6.0,106688.25805836827,128779.80370488894,22091.545646520663,67.52689037958532,2694.238899327842,2626.7120089482605,False
649554,218,9,11.55,11.202228973605658,-23697.469836539894,66,66,3.3279656973734357,6.0,-43562.107263976766,0.0,43562.107263976766,7865.998437902268,756.783227124223,0.0,True
649554,219,0,10.0,10.0,-35810.00646550855,93,93,4.180822162642174,6.0,-49565.02027469179,5489.898334277269,55054.91860896906,9646.384610386964,1071.5395756028431,548.9898334277269,True
649554,219,1,10.5,17.55210042119207,-83083.25051626252,73,73,3.1805261192569274,5.791963875728813,-92325.18483881264,0.0,92325.18483881264,17521.501430955614,872.0499771715411,0.0,True
649554,219,2,10.0,12.475226712938207,-38264.01861066662,146,146,6.0,6.0,-100526.61380640567,1.2434497875801753e-14,100526.61380640567,17288.307277779397,1735.634677188585,1.2434497875801752e-15,True
649554,219,3,10.5,13.946477018384773,-65707.9468772784,85,85,3.7081813921340157,6.0,-111596.62876896975,0.0,111596.62876896975,21120.952822341133,1014.6602322843823,0.0,True
649554,219,4,10.0,11.209691498899055,-23801.99290243379,82,82,3.7420670870657977,6.0,-83543.7924288141,1.2434497875801738e-13,83543.7924288141,15557.463027717895,967.6789222370408,1.2434497875801737e-14,True
649554,219,5,10.0,18.67476584604744,-17504.448074807424,163,163,6.0,6.0,-33980.57116994204,2937.8135580530416,36918.384727995086,4247.008260097874,1935.4179284382144,293.78135580530414,True
649554,219,6,10.0,12.448647286038655,-16761.25819510054,71,71,3.329807169732741,6.0,-64722.32626525672,0.0,64722.32626525672,12000.248965550089,848.2636038280887,0.0,True
649554,219,7,10.5,12.964254140168164,-28771.102717726164,66,66,3.201439529192188,5.9,-65355.88810580231,0.0,65355.88810580231,12234.980630922259,765.3621519289836,0.0,True
649554,219,8,53.929697505018005,47.01433200729841,5790360.715593947,229,229,6.0,6.0,106465.75556995411,130116.15563986337,23650.400069909265,360.6937677055279,2705.8664039227033,2412.6995265967594,False
649554,219,9,11.55,11.202228973605658,-23697.469836539894,66,66,3.3279656973734357,6.0,-43562.107263976766,0.0,43562.107263976766,7865.998437902268,756.783227124223,0.0,True
649554,220,0,10.0,10.0,-35810.00646550855,93,93,4.180822162642174,6.0,-49565.02027469179,5489.898334277269,55054.91860896906,9646.384610386964,1071.5395756028431,548.9898334277269,True
649554,220,1,10.5,17.55210042119207,-83083.25051626252,73,73,3.1805261192569274,5.791963875728813,-92325.18483881264,0.0,92325.18483881264,17521.501430955614,872.0499771715411,0.0,True
649554,220,2,10.0,12.475226712938207,-38264.01861066662,146,146,6.0,6.0,-100526.61380640567,1.2434497875801753e-14,100526.61380640567,17288.307277779397,1735.634677188585,1.2434497875801752e-15,True
649554,220,3,10.5,13.946477018384773,-65707.9468772784,85,85,3.7081813921340157,6.0,-111596.62876896975,0.0,111596.62876896975,21120.952822341133,1014.6602322843823,0.0,True
649554,220,4,10.0,11.209691498899055,-23801.99290243379,82,82,3.7420670870657977,6.0,-83543.7924288141,1.2434497875801738e-13,83543.7924288141,15557.463027717895,967.6789222370408,1.2434497875801737e-14,True
649554,220,5,10.0,18.67476584604744,-17504.448074807424,163,163,6.0,6.0,-33980.57116994204,2937.8135580530416,36918.384727995086,4247.008260097874,1935.4179284382144,293.78135580530414,True
649554,220,6,10.0,12.448647286038655,-16761.25819510054,71,71,3.329807169732741,6.0,-64722.32626525672,0.0,64722.32626525672,12000.248965550089,848.2636038280887,0.0,True
649554,220,7,10.5,12.964254140168164,-28771.102717726164,66,66,3.201439529192188,5.9,-65355.88810580231,0.0,65355.88810580231,12234.980630922259,765.3621519289836,0.0,True
649554,220,8,48.53672775451621,44.66361540693349,5885102.568048943,230,230,6.0,6.0,105814.48399848826,129776.47309844472,23961.98909995647,404.40837994871293,2717.493400026613,2673.7787877834303,False
649554,220,9,11.55,11.202228973605658,-23697.469836539894,66,66,3.3279656973734357,6.0,-43562.107263976766,0.0,43562.107263976766,7865.998437902268,756.783227124223,0.0,True
649554,221,0,10.0,10.0,-35810.00646550855,93,93,4.180822162642174,6.0,-49565.02027469179,5489.898334277269,55054.91860896906,9646.384610386964,1071.5395756028431,548.9898334277269,True
649554,221,1,10.5,17.55210042119207,-83083.25051626252,73,73,3.1805261192569274,5.791963875728813,-92325.18483881264,0.0,92325.18483881264,17521.501430955614,872.0499771715411,0.0,True
649554,221,2,10.0,12.475226712938207,-38264.01861066662,146,146,6.0,6.0,-100526.61380640567,1.2434497875801753e-14,100526.61380640567,17288.307277779397,1735.634677188585,1.2434497875801752e-15,True
649554,221,3,10.5,13.946477018384773,-65707.9468772784,85,85,3.7081813921340157,6.0,-111596.62876896975,0.0,111596.62876896975,21120.952822341133,1014.6602322843823,0.0,True
649554,221,4,10.0,11.209691498899055,-23801.99290243379,82,82,3.7420670870657977,6.0,-83543.7924288141,1.2434497875801738e-13,83543.7924288141,15557.463027717895,967.6789222370408,1.2434497875801737e-14,True
649554,221,5,10.0,18.67476584604744,-17504.448074807424,163,163,6.0,6.0,-33980.57116994204,2937.8135580530416,36918.384727995086,4247.008260097874,1935.4179284382144,293.78135580530414,True
649554,221,6,10.0,12.448647286038655,-16761.25819510054,71,71,3.329807169732741,6.0,-64722.32626525672,0.0,64722.32626525672,12000.248965550089,848.2636038280887,0.0,True
649554,221,7,10.5,12.964254140168164,-28771.102717726164,66,66,3.201439529192188,5.9,-65355.88810580231,0.0,65355.88810580231,12234.980630922259,765.3621519289836,0.0,True
649554,221,8,43.683054979064586,42.43043463658681,5979082.6765987035,231,231,6.0,6.0,104581.53895085503,127669.0311518569,23087.49220100187,210.90677442876054,2729.1197911072586,2922.6213966272094,False
649554,221,9,11.55,11.202228973605658,-23697.469836539894,66,66,3.3279656973734357,6.0,-43562.107263976766,0.0,43562.107263976766,7865.998437902268,756.783227124223,0.0,True
649554,222,0,10.0,10.0,-35810.00646550855,93,93,4.180822162642174,6.0,-49565.02027469179,5489.898334277269,55054.91860896906,9646.384610386964,1071.5395756028431,548.9898334277269,True
649554,222,1,10.5,17.55210042119207,-83083.25051626252,73,73,3.1805261192569274,5.791963875728813,-92325.18483881264,0.0,92325.18483881264,17521.501430955614,872.0499771715411,0.0,True
649554,222,2,10.0,12.475226712938207,-38264.01861066662,146,146,6.0,6.0,-100526.61380640567,1.2434497875801753e-14,100526.61380640567,17288.307277779397,1735.634677188585,1.2434497875801752e-15,True
649554,222,3,10.5,13.946477018384773,-65707.9468772784,85,85,3.7081813921340157,6.0,-111596.62876896975,0.0,111596.62876896975,21120.952822341133,1014.6602322843823,0.0,True
649554,222,4,10.0,11.209691498899055,-23801.99290243379,82,82,3.7420670870657977,6.0,-83543.7924288141,1.2434497875801738e-13,83543.7924288141,15557.463027717895,967.6789222370408,1.2434497875801737e-14,True
649554,222,5,10.0,18.67476584604744,-17504.448074807424,163,163,6.0,6.0,-33980.57116994204,2937.8135580530416,36918.384727995086,4247.008260097874,1935.4179284382144,293.78135580530414,True
649554,222,6,10.0,12.448647286038655,-16761.25819510054,71,71,3.329807169732741,6.0,-64722.32626525672,0.0,64722.32626525672,12000.248965550089,848.2636038280887,0.0,True
649554,222,7,10.5,12.964254140168164,-28771.102717726164,66,66,3.201439529192188,5.9,-65355.88810580231,0.0,65355.88810580231,12234.980630922259,765.3621519289836,0.0,True
649554,222,8,39.31474948115813,40.30891290475747,6062848.431498117,232,232,6.0,6.0,93917.42269335738,116043.36548129568,22125.9427879383,0.0,2740.7428484922875,2951.6496229210434,False
649554,222,9,11.55,11.202228973605658,-23697.469836539894,66,66,3.3279656973734357,6.0,-43562.107263976766,0.0,43562.107263976766,7865.998437902268,756.783227124223,0.0,True
649554,223,0,10.0,10.0,-35810.00646550855,93,93,4.180822162642174,6.0,-49565.02027469179,5489.898334277269,55054.91860896906,9646.384610386964,1071.5395756028431,548.9898334277269,True
649554,223,1,10.5,17.55210042119207,-83083.25051626252,73,73,3.1805261192569274,5.791963875728813,-92325.18483881264,0.0,92325.18483881264,17521.501430955614,872.0499771715411,0.0,True
649554,223,2,10.0,12.475226712938207,-38264.01861066662,146,146,6.0,6.0,-100526.61380640567,1.2434497875801753e-14,100526.61380640567,17288.307277779397,1735.634677188585,1.2434497875801752e-15,True
649554,223,3,10.5,13.946477018384773,-65707.9468772784,85,85,3.7081813921340157,6.0,-111596.62876896975,0.0,111596.62876896975,21120.952822341133,1014.6602322843823,0.0,True
649554,223,4,10.0,11.209691498899055,-23801.99290243379,82,82,3.7420670870657977,6.0,-83543.7924288141,1.2434497875801738e-13,83543.7924288141,15557.463027717895,967.6789222370408,1.2434497875801737e-14,True
649554,223,5,10.0,18.67476584604744,-17504.448074807424,163,163,6.0,6.0,-33980.57116994204,2937.8135580530416,36918.384727995086,4247.008260097874,1935.4179284382144,293.78135580530414,True
649554,223,6,10.0,12.448647286038655,-16761.25819510054,71,71,3.329807169732741,6.0,-64722.32626525672,0.0,64722.32626525672,12000.248965550089,848.2636038280887,0.0,True
649554,223,7,10.5,12.964254140168164,-28771.102717726164,66,66,3.201439529192188,5.9,-65355.88810580231,0.0,65355.88810580231,12234.980630922259,765.3621519289836,0.0,True
649554,223,8,43.246224429273944,44.33980419523322,6148527.73670767,233,233,6.0,6.0,96810.47958695726,119029.4007412775,22218.921154320244,0.0,2752.3651442900305,2752.3651442900277,False
649554,223,9,11.55,11.202228973605658,-23697.469836539894,66,66,3.3279656973734357,6.0,-43562.107263976766,0.0,43562.107263976766,7865.998437902268,756.783227124223,0.0,True
649554,224,0,10.0,10.0,-35810.00646550855,93,93,4.180822162642174,6.0,-49565.02027469179,5489.898334277269,55054.91860896906,9646.384610386964,1071.5395756028431,548.9898334277269,True
649554,224,1,10.5,17.55210042119207,-83083.25051626252,73,73,3.1805261192569274,5.791963875728813,-92325.18483881264,0.0,92325.18483881264,17521.501430955614,872.0499771715411,0.0,True
649554,224,2,10.0,12.475226712938207,-38264.01861066662,146,146,6.0,6.0,-100526.61380640567,1.2434497875801753e-14,100526.61380640567,17288.307277779397,1735.634677188585,1.2434497875801752e-15,True
649554,224,3,10.5,13.946477018384773,-65707.9468772784,85,85,3.7081813921340157,6.0,-111596.62876896975,0.0,111596.62876896975,21120.952822341133,1014.6602322843823,0.0,True
649554,224,4,10.0,11.209691498899055,-23801.99290243379,82,82,3.7420670870657977,6.0,-83543.7924288141,1.2434497875801738e-13,83543.7924288141,15557.463027717895,967.6789222370408,1.2434497875801737e-14,True
649554,224,5,10.0,18.67476584604744,-17504.448074807424,163,163,6.0,6.0,-33980.57116994204,2937.8135580530416,36918.384727995086,4247.008260097874,1935.4179284382144,293.78135580530414,True
649554,224,6,10.0,12.448647286038655,-16761.25819510054,71,71,3.329807169732741,6.0,-64722.32626525672,0.0,64722.32626525672,12000.248965550089,848.2636038280887,0.0,True
649554,224,7,10.5,12.964254140168164,-28771.102717726164,66,66,3.201439529192188,5.9,-65355.88810580231,0.0,65355.88810580231,12234.980630922259,765.3621519289836,0.0,True
649554,224,8,47.570846872201344,48.77378461475654,6245487.962848183,234,234,6.0,6.0,109173.2917404459,131485.1847901306,22311.893049684684,0.0,2763.9866312105855,2763.986631210589,False
649554,224,9,11.55,11.202228973605658,-23697.469836539894,66,66,3.3279656973734357,6.0,-43562.107263976766,0.0,43562.107263976766,7865.998437902268,756.783227124223,0.0,True
649554,225,0,10.0,10.0,-35810.00646550855,93,93,4.180822162642174,6.0,-49565.02027469179,5489.898334277269,55054.91860896906,9646.384610386964,1071.5395756028431,548.9898334277269,True
649554,225,1,10.5,17.55210042119207,-83083.25051626252,73,73,3.1805261192569274,5.791963875728813,-92325.18483881264,0.0,92325.18483881264,17521.501430955614,872.0499771715411,0.0,True
649554,225,2,10.0,12.475226712938207,-38264.01861066662,146,146,6.0,6.0,-100526.61380640567,1.2434497875801753e-14,100526.61380640567,17288.307277779397,1735.634677188585,1.2434497875801752e-15,True
649554,225,3,10.5,13.946477018384773,-65707.9468772784,85,85,3.7081813921340157,6.0,-111596.62876896975,0.0,111596.62876896975,21120.952822341133,1014.6602322843823,0.0,True
649554,225,4,10.0,11.209691498899055,-23801.99290243379,82,82,3.7420670870657977,6.0,-83543.7924288141,1.2434497875801738e-13,83543.7924288141,15557.463027717895,967.6789222370408,1.2434497875801737e-14,True
649554,225,5,10.0,18.67476584604744,-17504.448074807424,163,163,6.0,6.0,-33980.57116994204,2937.8135580530416,36918.384727995086,4247.008260097874,1935.4179284382144,293.78135580530414,True
649554,225,6,10.0,12.448647286038655,-16761.25819510054,71,71,3.329807169732741,6.0,-64722.32626525672,0.0,64722.32626525672,12000.248965550089,848.2636038280887,0.0,True
649554,225,7,10.5,12.964254140168164,-28771.102717726164,66,66,3.201439529192188,5.9,-65355.88810580231,0.0,65355.88810580231,12234.980630922259,765.3621519289836,0.0,True
649554,225,8,52.32793155942148,46.335095384018715,6345650.389772335,235,235,6.0,6.0,111851.17433942972,135214.1670779362,23362.99273850648,191.6290331490132,2775.6059465951766,2583.976913446167,False
649554,225,9,11.55,11.202228973605658,-23697.469836539894,66,66,3.3279656973734357,6.0,-43562.107263976766,0.0,43562.107263976766,7865.998437902268,756.783227124223,0.0,True
649554,226,0,10.0,10.0,-35810.00646550855,93,93,4.180822162642174,6.0,-49565.02027469179,5489.898334277269,55054.91860896906,9646.384610386964,1071.5395756028431,548.9898334277269,True
649554,226,1,10.5,17.55210042119207,-83083.25051626252,73,73,3.1805261192569274,5.791963875728813,-92325.18483881264,0.0,92325.18483881264,17521.501430955614,872.0499771715411,0.0,True
649554,226,2,10.0,12.475226712938207,-38264.01861066662,146,146,6.0,6.0,-100526.61380640567,1.2434497875801753e-14,100526.61380640567,17288.307277779397,1735.634677188585,1.2434497875801752e-15,True
649554,226,3,10.5,13.946477018384773,-65707.9468772784,85,85,3.7081813921340157,6.0,-111596.62876896975,0.0,111596.62876896975,21120.952822341133,1014.6602322843823,0.0,True
649554,226,4,10.0,11.209691498899055,-23801.99290243379,82,82,3.7420670870657977,6.0,-83543.7924288141,1.2434497875801738e-13,83543.7924288141,15557.463027717895,967.6789222370408,1.2434497875801737e-14,True
649554,226,5,10.0,18.67476584604744,-17504.448074807424,163,163,6.0,6.0,-33980.57116994204,2937.8135580530416,36918.384727995086,4247.008260097874,1935.4179284382144,293.78135580530414,True
649554,226,6,10.0,12.448647286038655,-16761.25819510054,71,71,3.329807169732741,6.0,-64722.32626525672,0.0,64722.32626525672,12000.248965550089,848.2636038280887,0.0,True
649554,226,7,10.5,12.964254140168164,-28771.102717726164,66,66,3.201439529192188,5.9,-65355.88810580231,0.0,65355.88810580231,12234.980630922259,765.3621519289836,0.0,True
649554,226,8,47.09513840347933,44.018340614817774,6443510.863987087,236,236,6.0,6.0,109048.80259980318,132385.7265616024,23336.923961799228,167.8258976784584,2787.224309175867,2811.0274446464286,False
649554,226,9,11.55,11.202228973605658,-23697.469836539894,66,66,3.3279656973734357,6.0,-43562.107263976766,0.0,43562.107263976766,7865.998437902268,756.783227124223,0.0,True
649554,227,0,10.0,10.0,-35810.00646550855,93,93,4.180822162642174,6.0,-49565.02027469179,5489.898334277269,55054.91860896906,9646.384610386964,1071.5395756028431,548.9898334277269,True
649554,227,1,10.5,17.55210042119207,-83083.25051626252,73,73,3.1805261192569274,5.791963875728813,-92325.18483881264,0.0,92325.18483881264,17521.501430955614,872.0499771715411,0.0,True
649554,227,2,10.0,12.475226712938207,-38264.01861066662,146,146,6.0,6.0,-100526.61380640567,1.2434497875801753e-14,100526.61380640567,17288.307277779397,1735.634677188585,1.2434497875801752e-15,True
649554,227,3,10.5,13.946477018384773,-65707.9468772784,85,85,3.7081813921340157,6.0,-111596.62876896975,0.0,111596.62876896975,21120.952822341133,1014.6602322843823,0.0,True
649554,227,4,10.0,11.209691498899055,-23801.99290243379,82,82,3.7420670870657977,6.0,-83543.7924288141,1.2434497875801738e-13,83543.7924288141,15557.463027717895,967.6789222370408,1.2434497875801737e-14,True
649554,227,5,10.0,18.67476584604744,-17504.448074807424,163,163,6.0,6.0,-33980.57116994204,2937.8135580530416,36918.384727995086,4247.008260097874,1935.4179284382144,293.78135580530414,True
649554,227,6,10.0,12.448647286038655,-16761.25819510054,71,71,3.329807169732741,6.0,-64722.32626525672,0.0,64722.32626525672,12000.248965550089,848.2636038280887,0.0,True
649554,227,7,10.5,12.964254140168164,-28771.102717726164,66,66,3.201439529192188,5.9,-65355.88810580231,0.0,65355.88810580231,12234.980630922259,765.3621519289836,0.0,True
649554,227,8,42.3856245631314,41.817423584076884,6535953.436365352,237,237,6.0,6.0,103153.3017676585,125744.02986974527,22590.728102086774,0.0,2798.8410127608468,2966.666910439303,False
649554,227,9,11.55,11.202228973605658,-23697.469836539894,66,66,3.3279656973734357,6.0,-43562.107263976766,0.0,43562.107263976766,7865.998437902268,756.783227124223,0.0,True
649554,228,0,10.0,10.0,-35810.00646550855,93,93,4.180822162642174,6.0,-49565.02027469179,5489.898334277269,55054.91860896906,9646.384610386964,1071.5395756028431,548.9898334277269,True
649554,228,1,10.5,17.55210042119207,-83083.25051626252,73,73,3.1805261192569274,5.791963875728813,-92325.18483881264,0.0,92325.18483881264,17521.501430955614,872.0499771715411,0.0,True
649554,228,2,10.0,12.475226712938207,-38264.01861066662,146,146,6.0,6.0,-100526.61380640567,1.2434497875801753e-14,100526.61380640567,17288.307277779397,1735.634677188585,1.2434497875801752e-15,True
649554,228,3,10.5,13.946477018384773,-65707.9468772784,85,85,3.7081813921340157,6.0,-111596.62876896975,0.0,111596.62876896975,21120.952822341133,1014.6602322843823,0.0,True
649554,228,4,10.0,11.209691498899055,-23801.99290243379,82,82,3.7420670870657977,6.0,-83543.7924288141,1.2434497875801738e-13,83543.7924288141,15557.463027717895,967.6789222370408,1.2434497875801737e-14,True
649554,228,5,10.0,18.67476584604744,-17504.448074807424,163,163,6.0,6.0,-33980.57116994204,2937.8135580530416,36918.384727995086,4247.008260097874,1935.4179284382144,293.78135580530414,True
649554,228,6,10.0,12.448647286038655,-16761.25819510054,71,71,3.329807169732741,6.0,-64722.32626525672,0.0,64722.32626525672,12000.248965550089,848.2636038280887,0.0,True
649554,228,7,10.5,12.964254140168164,-28771.102717726164,66,66,3.201439529192188,5.9,-65355.88810580231,0.0,65355.88810580231,12234.980630922259,765.3621519289836,0.0,True
649554,228,8,46.62418701944455,39.72655240487304,6625627.93380609,238,238,6.0,6.0,99929.4169130004,123428.80087197667,23499.38395897626,163.14481732593117,2810.4574840433256,2647.312666717403,False
649554,228,9,11.55,11.202228973605658,-23697.469836539894,66,66,3.3279656973734357,6.0,-43562.107263976766,0.0,43562.107263976766,7865.998437902268,756.783227124223,0.0,True
649554,229,0,10.0,10.0,-35810.00646550855,93,93,4.180822162642174,6.0,-49565.02027469179,5489.898334277269,55054.91860896906,9646.384610386964,1071.5395756028431,548.9898334277269,True
649554,229,1,10.5,17.55210042119207,-83083.25051626252,73,73,3.1805261192569274,5.791963875728813,-92325.18483881264,0.0,92325.18483881264,17521.501430955614,872.0499771715411,0.0,True
649554,229,2,10.0,12.475226712938207,-38264.01861066662,146,146,6.0,6.0,-100526.61380640567,1.2434497875801753e-14,100526.61380640567,17288.307277779397,1735.634677188585,1.2434497875801752e-15,True
649554,229,3,10.5,13.946477018384773,-65707.9468772784,85,85,3.7081813921340157,6.0,-111596.62876896975,0.0,111596.62876896975,21120.952822341133,1014.6602322843823,0.0,True
649554,229,4,10.0,11.209691498899055,-23801.99290243379,82,82,3.7420670870657977,6.0,-83543.7924288141,1.2434497875801738e-13,83543.7924288141,15557.463027717895,967.6789222370408,1.2434497875801737e-14,True
649554,229,5,10.0,18.67476584604744,-17504.448074807424,163,163,6.0,6.0,-33980.57116994204,2937.8135580530416,36918.384727995086,4247.008260097874,1935.4179284382144,293.78135580530414,True
649554,229,6,10.0,12.448647286038655,-16761.25819510054,71,71,3.329807169732741,6.0,-64722.32626525672,0.0,64722.32626525672,12000.248965550089,848.2636038280887,0.0,True
649554,229,7,10.5,12.964254140168164,-28771.102717726164,66,66,3.201439529192188,5.9,-65355.88810580231,0.0,65355.88810580231,12234.980630922259,765.3621519289836,0.0,True
649554,229,8,41.961768317500095,37.74022478462938,6710759.9827321125,239,239,6.0,6.0,94951.96264945612,118530.9604873406,23578.997837884486,160.48155370344637,2822.073758670907,2824.7370222933964,False
649554,229,9,11.55,11.202228973605658,-23697.469836539894,66,66,3.3279656973734357,6.0,-43562.107263976766,0.0,43562.107263976766,7865.998437902268,756.783227124223,0.0,True
649554,230,0,10.0,10.0,-35810.00646550855,93,93,4.180822162642174,6.0,-49565.02027469179,5489.898334277269,55054.91860896906,9646.384610386964,1071.5395756028431,548.9898334277269,True
649554,230,1,10.5,17.55210042119207,-83083.25051626252,73,73,3.1805261192569274,5.791963875728813,-92325.18483881264,0.0,92325.18483881264,17521.501430955614,872.0499771715411,0.0,True
649554,230,2,10.0,12.475226712938207,-38264.01861066662,146,146,6.0,6.0,-100526.61380640567,1.2434497875801753e-14,100526.61380640567,17288.307277779397,1735.634677188585,1.2434497875801752e-15,True
649554,230,3,10.5,13.946477018384773,-65707.9468772784,85,85,3.7081813921340157,6.0,-111596.62876896975,0.0,111596.62876896975,21120.952822341133,1014.6602322843823,0.0,True
649554,230,4,10.0,11.209691498899055,-23801.99290243379,82,82,3.7420670870657977,6.0,-83543.7924288141,1.2434497875801738e-13,83543.7924288141,15557.463027717895,967.6789222370408,1.2434497875801737e-14,True
649554,230,5,10.0,18.67476584604744,-17504.448074807424,163,163,6.0,6.0,-33980.57116994204,2937.8135580530416,36918.384727995086,4247.008260097874,1935.4179284382144,293.78135580530414,True
649554,230,6,10.0,12.448647286038655,-16761.25819510054,71,71,3.329807169732741,6.0,-64722.32626525672,0.0,64722.32626525672,12000.248965550089,848.2636038280887,0.0,True
649554,230,7,10.5,12.964254140168164,-28771.102717726164,66,66,3.201439529192188,5.9,-65355.88810580231,0.0,65355.88810580231,12234.980630922259,765.3621519289836,0.0,True
649554,230,8,37.765591485750086,35.853213545397914,6791562.345798118,240,240,6.0,6.0,90207.13431679015,113076.65286044343,22869.51854365327,0.0,2833.6898179566588,2994.1713716601025,False
649554,230,9,11.55,11.202228973605658,-23697.469836539894,66,66,3.3279656973734357,6.0,-43562.107263976766,0.0,43562.107263976766,7865.998437902268,756.783227124223,0.0,True
649554,231,0,10.0,10.0,-35810.00646550855,93,93,4.180822162642174,6.0,-49565.02027469179,5489.898334277269,55054.91860896906,9646.384610386964,1071.5395756028431,548.9898334277269,True
649554,231,1,10.5,17.55210042119207,-83083.25051626252,73,73,3.1805261192569274,5.791963875728813,-92325.18483881264,0.0,92325.18483881264,17521.501430955614,872.0499771715411,0.0,True
649554,231,2,10.0,12.475226712938207,-38264.01861066662,146,146,6.0,6.0,-100526.61380640567,1.2434497875801753e-14,100526.61380640567,17288.307277779397,1735.634677188585,1.2434497875801752e-15,True
649554,231,3,10.5,13.946477018384773,-65707.9468772784,85,85,3.7081813921340157,6.0,-111596.62876896975,0.0,111596.62876896975,21120.952822341133,1014.6602322843823,0.0,True
649554,231,4,10.0,11.209691498899055,-23801.99290243379,82,82,3.7420670870657977,6.0,-83543.7924288141,1.2434497875801738e-13,83543.7924288141,15557.463027717895,967.6789222370408,1.2434497875801737e-14,True
649554,231,5,10.0,18.67476584604744,-17504.448074807424,163,163,6.0,6.0,-33980.57116994204,2937.8135580530416,36918.384727995086,4247.008260097874,1935.4179284382144,293.78135580530414,True
649554,231,6,10.0,12.448647286038655,-16761.25819510054,71,71,3.329807169732741,6.0,-64722.32626525672,0.0,64722.32626525672,12000.248965550089,848.2636038280887,0.0,True
649554,231,7,10.5,12.964254140168164,-28771.102717726164,66,66,3.201439529192188,5.9,-65355.88810580231,0.0,65355.88810580231,12234.980630922259,765.3621519289836,0.0,True
649554,231,8,41.5421506343251,39.43853489993771,6871958.683047954,241,241,6.0,6.0,90701.02416064289,114150.83142761533,23449.807266972435,97.47346227105933,2845.304994452142,2747.8315321810937,False
649554,231,9,11.55,11.202228973605658,-23697.469836539894,66,66,3.3279656973734357,6.0,-43562.107263976766,0.0,43562.107263976766,7865.998437902268,756.783227124223,0.0,True
649554,232,0,10.0,10.0,-35810.00646550855,93,93,4.180822162642174,6.0,-49565.02027469179,5489.898334277269,55054.91860896906,9646.384610386964,1071.5395756028431,548.9898334277269,True
649554,232,1,10.5,17.55210042119207,-83083.25051626252,73,73,3.1805261192569274,5.791963875728813,-92325.18483881264,0.0,92325.18483881264,17521.501430955614,872.0499771715411,0.0,True
649554,232,2,10.0,12.475226712938207,-38264.01861066662,146,146,6.0,6.0,-100526.61380640567,1.2434497875801753e-14,100526.61380640567,17288.307277779397,1735.634677188585,1.2434497875801752e-15,True
649554,232,3,10.5,13.946477018384773,-65707.9468772784,85,85,3.7081813921340157,6.0,-111596.62876896975,0.0,111596.62876896975,21120.952822341133,1014.6602322843823,0.0,True
649554,232,4,10.0,11.209691498899055,-23801.99290243379,82,82,3.7420670870657977,6.0,-83543.7924288141,1.2434497875801738e-13,83543.7924288141,15557.463027717895,967.6789222370408,1.2434497875801737e-14,True
649554,232,5,10.0,18.67476584604744,-17504.448074807424,163,163,6.0,6.0,-33980.57116994204,2937.8135580530416,36918.384727995086,4247.008260097874,1935.4179284382144,293.78135580530414,True
649554,232,6,10.0,12.448647286038655,-16761.25819510054,71,71,3.329807169732741,6.0,-64722.32626525672,0.0,64722.32626525672,12000.248965550089,848.2636038280887,0.0,True
649554,232,7,10.5,12.964254140168164,-28771.102717726164,66,66,3.201439529192188,5.9,-65355.88810580231,0.0,65355.88810580231,12234.980630922259,765.3621519289836,0.0,True
649554,232,8,37.38793557089259,37.46660815494082,6949495.040463068,242,242,6.0,6.0,87403.2765885234,110458.62683487925,23055.35024635585,0.0,2856.9187807944813,2954.3922430655402,False
649554,232,9,11.55,11.202228973605658,-23697.469836539894,66,66,3.3279656973734357,6.0,-43562.107263976766,0.0,43562.107263976766,7865.998437902268,756.783227124223,0.0,True
649554,233,0,10.0,10.0,-35810.00646550855,93,93,4.180822162642174,6.0,-49565.02027469179,5489.898334277269,55054.91860896906,9646.384610386964,1071.5395756028431,548.9898334277269,True
649554,233,1,10.5,17.55210042119207,-83083.25051626252,73,73,3.1805261192569274,5.791963875728813,-92325.18483881264,0.0,92325.18483881264,17521.501430955614,872.0499771715411,0.0,True
649554,233,2,10.0,12.475226712938207,-38264.01861066662,146,146,6.0,6.0,-100526.61380640567,1.2434497875801753e-14,100526.61380640567,17288.307277779397,1735.634677188585,1.2434497875801752e-15,True
649554,233,3,10.5,13.946477018384773,-65707.9468772784,85,85,3.7081813921340157,6.0,-111596.62876896975,0.0,111596.62876896975,21120.952822341133,1014.6602322843823,0.0,True
649554,233,4,10.0,11.209691498899055,-23801.99290243379,82,82,3.7420670870657977,6.0,-83543.7924288141,1.2434497875801738e-13,83543.7924288141,15557.463027717895,967.6789222370408,1.2434497875801737e-14,True
649554,233,5,10.0,18.67476584604744,-17504.448074807424,163,163,6.0,6.0,-33980.57116994204,2937.8135580530416,36918.384727995086,4247.008260097874,1935.4179284382144,293.78135580530414,True
649554,233,6,10.0,12.448647286038655,-16761.25819510054,71,71,3.329807169732741,6.0,-64722.32626525672,0.0,64722.32626525672,12000.248965550089,848.2636038280887,0.0,True
649554,233,7,10.5,12.964254140168164,-28771.102717726164,66,66,3.201439529192188,5.9,-65355.88810580231,0.0,65355.88810580231,12234.980630922259,765.3621519289836,0.0,True
649554,233,8,41.12672912798185,41.21326897043491,7031535.422456373,243,243,6.0,6.0,92855.20635304996,116216.9740622678,23361.76770921784,42.70468881881156,2868.5305331404725,2825.825844321667,False
649554,233,9,11.55,11.202228973605658,-23697.469836539894,66,66,3.3279656973734357,6.0,-43562.107263976766,0.0,43562.107263976766,7865.998437902268,756.783227124223,0.0,True
649554,234,0,10.0,10.0,-35810.00646550855,93,93,4.180822162642174,6.0,-49565.02027469179,5489.898334277269,55054.91860896906,9646.384610386964,1071.5395756028431,548.9898334277269,True
649554,234,1,10.5,17.55210042119207,-83083.25051626252,73,73,3.1805261192569274,5.791963875728813,-92325.18483881264,0.0,92325.18483881264,17521.501430955614,872.0499771715411,0.0,True
649554,234,2,10.0,12.475226712938207,-38264.01861066662,146,146,6.0,6.0,-100526.61380640567,1.2434497875801753e-14,100526.61380640567,17288.307277779397,1735.634677188585,1.2434497875801752e-15,True
649554,234,3,10.5,13.946477018384773,-65707.9468772784,85,85,3.7081813921340157,6.0,-111596.62876896975,0.0,111596.62876896975,21120.952822341133,1014.6602322843823,0.0,True
649554,234,4,10.0,11.209691498899055,-23801.99290243379,82,82,3.7420670870657977,6.0,-83543.7924288141,1.2434497875801738e-13,83543.7924288141,15557.463027717895,967.6789222370408,1.2434497875801737e-14,True
649554,234,5,10.0,18.67476584604744,-17504.448074807424,163,163,6.0,6.0,-33980.57116994204,2937.8135580530416,36918.384727995086,4247.008260097874,1935.4179284382144,293.78135580530414,True
649554,234,6,10.0,12.448647286038655,-16761.25819510054,71,71,3.329807169732741,6.0,-64722.32626525672,0.0,64722.32626525672,12000.248965550089,848.2636038280887,0.0,True
649554,234,7,10.5,12.964254140168164,-28771.102717726164,66,66,3.201439529192188,5.9,-65355.88810580231,0.0,65355.88810580231,12234.980630922259,765.3621519289836,0.0,True
649554,234,8,45.239402040780035,39.152605521913166,7110099.319543777,244,244,6.0,6.0,88917.13283464761,114155.65967317042,25238.52683852281,399.47848533870877,2880.141801478658,2523.368004958761,False
649554,234,9,11.55,11.202228973605658,-23697.469836539894,66,66,3.3279656973734357,6.0,-43562.107263976766,0.0,43562.107263976766,7865.998437902268,756.783227124223,0.0,True
649554,235,0,10.0,10.0,-35810.00646550855,93,93,4.180822162642174,6.0,-49565.02027469179,5489.898334277269,55054.91860896906,9646.384610386964,1071.5395756028431,548.9898334277269,True
649554,235,1,10.5,17.55210042119207,-83083.25051626252,73,73,3.1805261192569274,5.791963875728813,-92325.18483881264,0.0,92325.18483881264,17521.501430955614,872.0499771715411,0.0,True
649554,235,2,10.0,12.475226712938207,-38264.01861066662,146,146,6.0,6.0,-100526.61380640567,1.2434497875801753e-14,100526.61380640567,17288.307277779397,1735.634677188585,1.2434497875801752e-15,True
649554,235,3,10.5,13.946477018384773,-65707.9468772784,85,85,3.7081813921340157,6.0,-111596.62876896975,0.0,111596.62876896975,21120.952822341133,1014.6602322843823,0.0,True
649554,235,4,10.0,11.209691498899055,-23801.99290243379,82,82,3.7420670870657977,6.0,-83543.7924288141,1.2434497875801738e-13,83543.7924288141,15557.463027717895,967.6789222370408,1.2434497875801737e-14,True
649554,235,5,10.0,18.67476584604744,-17504.448074807424,163,163,6.0,6.0,-33980.57116994204,2937.8135580530416,36918.384727995086,4247.008260097874,1935.4179284382144,293.78135580530414,True
649554,235,6,10.0,12.448647286038655,-16761.25819510054,71,71,3.329807169732741,6.0,-64722.32626525672,0.0,64722.32626525672,12000.248965550089,848.2636038280887,0.0,True
649554,235,7,10.5,12.964254140168164,-28771.102717726164,66,66,3.201439529192188,5.9,-65355.88810580231,0.0,65355.88810580231,12234.980630922259,765.3621519289836,0.0,True
649554,235,8,40.71546183670203,37.19497524581751,7186164.702972394,245,245,6.0,6.0,85978.1523638249,112012.77276962098,26034.620405796068,540.1197525451988,2891.7527053837593,2751.1114381772672,False
649554,235,9,11.55,11.202228973605658,-23697.469836539894,66,66,3.3279656973734357,6.0,-43562.107263976766,0.0,43562.107263976766,7865.998437902268,756.783227124223,0.0,True
649554,236,0,10.0,10.0,-35810.00646550855,93,93,4.180822162642174,6.0,-49565.02027469179,5489.898334277269,55054.91860896906,9646.384610386964,1071.5395756028431,548.9898334277269,True
649554,236,1,10.5,17.55210042119207,-83083.25051626252,73,73,3.1805261192569274,5.791963875728813,-92325.18483881264,0.0,92325.18483881264,17521.501430955614,872.0499771715411,0.0,True
649554,236,2,10.0,12.475226712938207,-38264.01861066662,146,146,6.0,6.0,-100526.61380640567,1.2434497875801753e-14,100526.61380640567,17288.307277779397,1735.634677188585,1.2434497875801752e-15,True
649554,236,3,10.5,13.946477018384773,-65707.9468772784,85,85,3.7081813921340157,6.0,-111596.62876896975,0.0,111596.62876896975,21120.952822341133,1014.6602322843823,0.0,True
649554,236,4,10.0,11.209691498899055,-23801.99290243379,82,82,3.7420670870657977,6.0,-83543.7924288141,1.2434497875801738e-13,83543.7924288141,15557.463027717895,967.6789222370408,1.2434497875801737e-14,True
649554,236,5,10.0,18.67476584604744,-17504.448074807424,163,163,6.0,6.0,-33980.57116994204,2937.8135580530416,36918.384727995086,4247.008260097874,1935.4179284382144,293.78135580530414,True
649554,236,6,10.0,12.448647286038655,-16761.25819510054,71,71,3.329807169732741,6.0,-64722.32626525672,0.0,64722.32626525672,12000.248965550089,848.2636038280887,0.0,True
649554,236,7,10.5,12.964254140168164,-28771.102717726164,66,66,3.201439529192188,5.9,-65355.88810580231,0.0,65355.88810580231,12234.980630922259,765.3621519289836,0.0,True
649554,236,8,36.64391565303183,35.33522648352663,7262948.32690495,246,246,6.0,6.0,86276.0896475312,111681.62707746611,25405.537429934902,395.7281832490256,2903.362064211222,3047.7536335073905,False
649554,236,9,11.55,11.202228973605658,-23697.469836539894,66,66,3.3279656973734357,6.0,-43562.107263976766,0.0,43562.107263976766,7865.998437902268,756.783227124223,0.0,True
649554,237,0,10.0,10.0,-35810.00646550855,93,93,4.180822162642174,6.0,-49565.02027469179,5489.898334277269,55054.91860896906,9646.384610386964,1071.5395756028431,548.9898334277269,True
649554,237,1,10.5,17.55210042119207,-83083.25051626252,73,73,3.1805261192569274,5.791963875728813,-92325.18483881264,0.0,92325.18483881264,17521.501430955614,872.0499771715411,0.0,True
649554,237,2,10.0,12.475226712938207,-38264.01861066662,146,146,6.0,6.0,-100526.61380640567,1.2434497875801753e-14,100526.61380640567,17288.307277779397,1735.634677188585,1.2434497875801752e-15,True
649554,237,3,10.5,13.946477018384773,-65707.9468772784,85,85,3.7081813921340157,6.0,-111596.62876896975,0.0,111596.62876896975,21120.952822341133,1014.6602322843823,0.0,True
649554,237,4,10.0,11.209691498899055,-23801.99290243379,82,82,3.7420670870657977,6.0,-83543.7924288141,1.2434497875801738e-13,83543.7924288141,15557.463027717895,967.6789222370408,1.2434497875801737e-14,True
649554,237,5,10.0,18.67476584604744,-17504.448074807424,163,163,6.0,6.0,-33980.57116994204,2937.8135580530416,36918.384727995086,4247.008260097874,1935.4179284382144,293.78135580530414,True
649554,237,6,10.0,12.448647286038655,-16761.25819510054,71,71,3.329807169732741,6.0,-64722.32626525672,0.0,64722.32626525672,12000.248965550089,848.2636038280887,0.0,True
649554,237,7,10.5,12.964254140168164,-28771.102717726164,66,66,3.201439529192188,5.9,-65355.88810580231,0.0,65355.88810580231,12234.980630922259,765.3621519289836,0.0,True
649554,237,8,32.97952408772865,33.568465159350296,7339522.429680552,247,247,6.0,6.0,85665.51366994329,109185.28109627622,23519.76742633293,0.0,2914.9709282916165,3310.6991115406354,False
649554,237,9,11.55,11.202228973605658,-23697.469836539894,66,66,3.3279656973734357,6.0,-43562.107263976766,0.0,43562.107263976766,7865.998437902268,756.783227124223,0.0,True
649554,238,0,10.0,10.0,-35810.00646550855,93,93,4.180822162642174,6.0,-49565.02027469179,5489.898334277269,55054.91860896906,9646.384610386964,1071.5395756028431,548.9898334277269,True
649554,238,1,10.5,17.55210042119207,-83083.25051626252,73,73,3.1805261192569274,5.791963875728813,-92325.18483881264,0.0,92325.18483881264,17521.501430955614,872.0499771715411,0.0,True
649554,238,2,10.0,12.475226712938207,-38264.01861066662,146,146,6.0,6.0,-100526.61380640567,1.2434497875801753e-14,100526.61380640567,17288.307277779397,1735.634677188585,1.2434497875801752e-15,True
649554,238,3,10.5,13.946477018384773,-65707.9468772784,85,85,3.7081813921340157,6.0,-111596.62876896975,0.0,111596.62876896975,21120.952822341133,1014.6602322843823,0.0,True
649554,238,4,10.0,11.209691498899055,-23801.99290243379,82,82,3.7420670870657977,6.0,-83543.7924288141,1.2434497875801738e-13,83543.7924288141,15557.463027717895,967.6789222370408,1.2434497875801737e-14,True
649554,238,5,10.0,18.67476584604744,-17504.448074807424,163,163,6.0,6.0,-33980.57116994204,2937.8135580530416,36918.384727995086,4247.008260097874,1935.4179284382144,293.78135580530414,True
649554,238,6,10.0,12.448647286038655,-16761.25819510054,71,71,3.329807169732741,6.0,-64722.32626525672,0.0,64722.32626525672,12000.248965550089,848.2636038280887,0.0,True
649554,238,7,10.5,12.964254140168164,-28771.102717726164,66,66,3.201439529192188,5.9,-65355.88810580231,0.0,65355.88810580231,12234.980630922259,765.3621519289836,0.0,True
649554,238,8,36.277476496501514,36.92531167528533,7412121.215851256,248,248,6.0,6.0,82556.26346617637,106168.89393238214,23612.630466205774,0.0,2926.5788082757217,2926.578808275728,False
649554,238,9,11.55,11.202228973605658,-23697.469836539894,66,66,3.3279656973734357,6.0,-43562.107263976766,0.0,43562.107263976766,7865.998437902268,756.783227124223,0.0,True
649554,239,0,10.0,10.0,-35810.00646550855,93,93,4.180822162642174,6.0,-49565.02027469179,5489.898334277269,55054.91860896906,9646.384610386964,1071.5395756028431,548.9898334277269,True
649554,239,1,10.5,17.55210042119207,-83083.25051626252,73,73,3.1805261192569274,5.791963875728813,-92325.18483881264,0.0,92325.18483881264,17521.501430955614,872.0499771715411,0.0,True
649554,239,2,10.0,12.475226712938207,-38264.01861066662,146,146,6.0,6.0,-100526.61380640567,1.2434497875801753e-14,100526.61380640567,17288.307277779397,1735.634677188585,1.2434497875801752e-15,True
649554,239,3,10.5,13.946477018384773,-65707.9468772784,85,85,3.7081813921340157,6.0,-111596.62876896975,0.0,111596.62876896975,21120.952822341133,1014.6602322843823,0.0,True
649554,239,4,10.0,11.209691498899055,-23801.99290243379,82,82,3.7420670870657977,6.0,-83543.7924288141,1.2434497875801738e-13,83543.7924288141,15557.463027717895,967.6789222370408,1.2434497875801737e-14,True
649554,239,5,10.0,18.67476584604744,-17504.448074807424,163,163,6.0,6.0,-33980.57116994204,2937.8135580530416,36918.384727995086,4247.008260097874,1935.4179284382144,293.78135580530414,True
649554,239,6,10.0,12.448647286038655,-16761.25819510054,71,71,3.329807169732741,6.0,-64722.32626525672,0.0,64722.32626525672,12000.248965550089,848.2636038280887,0.0,True
649554,239,7,10.5,12.964254140168164,-28771.102717726164,66,66,3.201439529192188,5.9,-65355.88810580231,0.0,65355.88810580231,12234.980630922259,765.3621519289836,0.0,True
649554,239,8,39.90522414615167,40.617842842813864,7487516.419065752,249,249,6.0,6.0,86309.04608235942,110820.03280134812,24510.986718988708,161.1030859566454,2938.183911150685,2777.080825194043,False
649554,239,9,11.55,11.202228973605658,-23697.469836539894,66,66,3.3279656973734357,6.0,-43562.107263976766,0.0,43562.107263976766,7865.998437902268,756.783227124223,0.0,True
649554,240,0,10.0,10.0,-35810.00646550855,93,93,4.180822162642174,6.0,-49565.02027469179,5489.898334277269,55054.91860896906,9646.384610386964,1071.5395756028431,548.9898334277269,True
649554,240,1,10.5,17.55210042119207,-83083.25051626252,73,73,3.1805261192569274,5.791963875728813,-92325.18483881264,0.0,92325.18483881264,17521.501430955614,872.0499771715411,0.0,True
649554,240,2,10.0,12.475226712938207,-38264.01861066662,146,146,6.0,6.0,-100526.61380640567,1.2434497875801753e-14,100526.61380640567,17288.307277779397,1735.634677188585,1.2434497875801752e-15,True
649554,240,3,10.5,13.946477018384773,-65707.9468772784,85,85,3.7081813921340157,6.0,-111596.62876896975,0.0,111596.62876896975,21120.952822341133,1014.6602322843823,0.0,True
649554,240,4,10.0,11.209691498899055,-23801.99290243379,82,82,3.7420670870657977,6.0,-83543.7924288141,1.2434497875801738e-13,83543.7924288141,15557.463027717895,967.6789222370408,1.2434497875801737e-14,True
649554,240,5,10.0,18.67476584604744,-17504.448074807424,163,163,6.0,6.0,-33980.57116994204,2937.8135580530416,36918.384727995086,4247.008260097874,1935.4179284382144,293.78135580530414,True
649554,240,6,10.0,12.448647286038655,-16761.25819510054,71,71,3.329807169732741,6.0,-64722.32626525672,0.0,64722.32626525672,12000.248965550089,848.2636038280887,0.0,True
649554,240,7,10.5,12.964254140168164,-28771.102717726164,66,66,3.201439529192188,5.9,-65355.88810580231,0.0,65355.88810580231,12234.980630922259,765.3621519289836,0.0,True
649554,240,8,35.9147017315365,38.58695070067317,7564998.12229388,250,250,6.0,6.0,87928.44090331084,111726.7504722422,23798.309568931363,0.0,2949.7886961164204,3110.8917820730653,False
649554,240,9,11.55,11.202228973605658,-23697.469836539894,66,66,3.3279656973734357,6.0,-43562.107263976766,0.0,43562.107263976766,7865.998437902268,756.783227124223,0.0,True
649554,241,0,10.0,10.0,-35810.00646550855,93,93,4.180822162642174,6.0,-49565.02027469179,5489.898334277269,55054.91860896906,9646.384610386964,1071.5395756028431,548.9898334277269,True
649554,241,1,10.5,17.55210042119207,-83083.25051626252,73,73,3.1805261192569274,5.791963875728813,-92325.18483881264,0.0,92325.18483881264,17521.501430955614,872.0499771715411,0.0,True
649554,241,2,10.0,12.475226712938207,-38264.01861066662,146,146,6.0,6.0,-100526.61380640567,1.2434497875801753e-14,100526.61380640567,17288.307277779397,1735.634677188585,1.2434497875801752e-15,True
649554,241,3,10.5,13.946477018384773,-65707.9468772784,85,85,3.7081813921340157,6.0,-111596.62876896975,0.0,111596.62876896975,21120.952822341133,1014.6602322843823,0.0,True
649554,241,4,10.0,11.209691498899055,-23801.99290243379,82,82,3.7420670870657977,6.0,-83543.7924288141,1.2434497875801738e-13,83543.7924288141,15557.463027717895,967.6789222370408,1.2434497875801737e-14,True
649554,241,5,10.0,18.67476584604744,-17504.448074807424,163,163,6.0,6.0,-33980.57116994204,2937.8135580530416,36918.384727995086,4247.008260097874,1935.4179284382144,293.78135580530414,True
649554,241,6,10.0,12.448647286038655,-16761.25819510054,71,71,3.329807169732741,6.0,-64722.32626525672,0.0,64722.32626525672,12000.248965550089,848.2636038280887,0.0,True
649554,241,7,10.5,12.964254140168164,-28771.102717726164,66,66,3.201439529192188,5.9,-65355.88810580231,0.0,65355.88810580231,12234.980630922259,765.3621519289836,0.0,True
649554,241,8,39.506171904690156,42.44564577074049,7646013.6391154975,250,250,6.0,6.0,91926.92826436453,115816.1939235798,23889.265659215274,18.191218056782372,2949.7886961164204,2931.5974780596284,False
649554,241,9,11.55,11.202228973605658,-23697.469836539894,66,66,3.3279656973734357,6.0,-43562.107263976766,0.0,43562.107263976766,7865.998437902268,756.783227124223,0.0,True
649554,242,0,10.0,10.0,-35810.00646550855,93,93,4.180822162642174,6.0,-49565.02027469179,5489.898334277269,55054.91860896906,9646.384610386964,1071.5395756028431,548.9898334277269,True
649554,242,1,10.5,17.55210042119207,-83083.25051626252,73,73,3.1805261192569274,5.791963875728813,-92325.18483881264,0.0,92325.18483881264,17521.501430955614,872.0499771715411,0.0,True
649554,242,2,10.0,12.475226712938207,-38264.01861066662,146,146,6.0,6.0,-100526.61380640567,1.2434497875801753e-14,100526.61380640567,17288.307277779397,1735.634677188585,1.2434497875801752e-15,True
649554,242,3,10.5,13.946477018384773,-65707.9468772784,85,85,3.7081813921340157,6.0,-111596.62876896975,0.0,111596.62876896975,21120.952822341133,1014.6602322843823,0.0,True
649554,242,4,10.0,11.209691498899055,-23801.99290243379,82,82,3.7420670870657977,6.0,-83543.7924288141,1.2434497875801738e-13,83543.7924288141,15557.463027717895,967.6789222370408,1.2434497875801737e-14,True
649554,242,5,10.0,18.67476584604744,-17504.448074807424,163,163,6.0,6.0,-33980.57116994204,2937.8135580530416,36918.384727995086,4247.008260097874,1935.4179284382144,293.78135580530414,True
649554,242,6,10.0,12.448647286038655,-16761.25819510054,71,71,3.329807169732741,6.0,-64722.32626525672,0.0,64722.32626525672,12000.248965550089,848.2636038280887,0.0,True
649554,242,7,10.5,12.964254140168164,-28771.102717726164,66,66,3.201439529192188,5.9,-65355.88810580231,0.0,65355.88810580231,12234.980630922259,765.3621519289836,0.0,True
649554,242,8,43.45678909515917,46.69021034781454,7732073.383243674,250,250,6.0,6.0,98032.2967151758,122568.1985821388,24535.901866962984,147.51845960632414,2949.7886961164204,2820.4614545668805,False
649554,242,9,11.55,11.202228973605658,-23697.469836539894,66,66,3.3279656973734357,6.0,-43562.107263976766,0.0,43562.107263976766,7865.998437902268,756.783227124223,0.0,True
649554,243,0,10.0,10.0,-35810.00646550855,93,93,4.180822162642174,6.0,-49565.02027469179,5489.898334277269,55054.91860896906,9646.384610386964,1071.5395756028431,548.9898334277269,True
649554,243,1,10.5,17.55210042119207,-83083.25051626252,73,73,3.1805261192569274,5.791963875728813,-92325.18483881264,0.0,92325.18483881264,17521.501430955614,872.0499771715411,0.0,True
649554,243,2,10.0,12.475226712938207,-38264.01861066662,146,146,6.0,6.0,-100526.61380640567,1.2434497875801753e-14,100526.61380640567,17288.307277779397,1735.634677188585,1.2434497875801752e-15,True
649554,243,3,10.5,13.946477018384773,-65707.9468772784,85,85,3.7081813921340157,6.0,-111596.62876896975,0.0,111596.62876896975,21120.952822341133,1014.6602322843823,0.0,True
649554,243,4,10.0,11.209691498899055,-23801.99290243379,82,82,3.7420670870657977,6.0,-83543.7924288141,1.2434497875801738e-13,83543.7924288141,15557.463027717895,967.6789222370408,1.2434497875801737e-14,True
649554,243,5,10.0,18.67476584604744,-17504.448074807424,163,163,6.0,6.0,-33980.57116994204,2937.8135580530416,36918.384727995086,4247.008260097874,1935.4179284382144,293.78135580530414,True
649554,243,6,10.0,12.448647286038655,-16761.25819510054,71,71,3.329807169732741,6.0,-64722.32626525672,0.0,64722.32626525672,12000.248965550089,848.2636038280887,0.0,True
649554,243,7,10.5,12.964254140168164,-28771.102717726164,66,66,3.201439529192188,5.9,-65355.88810580231,0.0,65355.88810580231,12234.980630922259,765.3621519289836,0.0,True
649554,243,8,39.111110185643255,44.355699830423816,7818025.270163325,250,250,6.0,6.0,97340.81187732251,121139.12144625388,23798.309568931363,0.0,2949.7886961164204,3097.307155722752,False
649554,243,9,11.55,11.202228973605658,-23697.469836539894,66,66,3.3279656973734357,6.0,-43562.107263976766,0.0,43562.107263976766,7865.998437902268,756.783227124223,0.0,True
649554,244,0,10.0,10.0,-35810.00646550855,93,93,4.180822162642174,6.0,-49565.02027469179,5489.898334277269,55054.91860896906,9646.384610386964,1071.5395756028431,548.9898334277269,True
649554,244,1,10.5,17.55210042119207,-83083.25051626252,73,73,3.1805261192569274,5.791963875728813,-92325.18483881264,0.0,92325.18483881264,17521.501430955614,872.0499771715411,0.0,True
649554,244,2,10.0,12.475226712938207,-38264.01861066662,146,146,6.0,6.0,-100526.61380640567,1.2434497875801753e-14,100526.61380640567,17288.307277779397,1735.634677188585,1.2434497875801752e-15,True
649554,244,3,10.5,13.946477018384773,-65707.9468772784,85,85,3.7081813921340157,6.0,-111596.62876896975,0.0,111596.62876896975,21120.952822341133,1014.6602322843823,0.0,True
649554,244,4,10.0,11.209691498899055,-23801.99290243379,82,82,3.7420670870657977,6.0,-83543.7924288141,1.2434497875801738e-13,83543.7924288141,15557.463027717895,967.6789222370408,1.2434497875801737e-14,True
649554,244,5,10.0,18.67476584604744,-17504.448074807424,163,163,6.0,6.0,-33980.57116994204,2937.8135580530416,36918.384727995086,4247.008260097874,1935.4179284382144,293.78135580530414,True
649554,244,6,10.0,12.448647286038655,-16761.25819510054,71,71,3.329807169732741,6.0,-64722.32626525672,0.0,64722.32626525672,12000.248965550089,848.2636038280887,0.0,True
649554,244,7,10.5,12.964254140168164,-28771.102717726164,66,66,3.201439529192188,5.9,-65355.88810580231,0.0,65355.88810580231,12234.980630922259,765.3621519289836,0.0,True
649554,244,8,43.02222120420758,42.137914838902624,7907697.383963762,250,250,6.0,6.0,100506.59251023733,124575.77248515845,24069.179974921128,54.17408119795288,2949.7886961164204,2895.6146149184624,False
649554,244,9,11.55,11.202228973605658,-23697.469836539894,66,66,3.3279656973734357,6.0,-43562.107263976766,0.0,43562.107263976766,7865.998437902268,756.783227124223,0.0,True
649554,245,0,10.0,10.0,-35810.00646550855,93,93,4.180822162642174,6.0,-49565.02027469179,5489.898334277269,55054.91860896906,9646.384610386964,1071.5395756028431,548.9898334277269,True
649554,245,1,10.5,17.55210042119207,-83083.25051626252,73,73,3.1805261192569274,5.791963875728813,-92325.18483881264,0.0,92325.18483881264,17521.501430955614,872.0499771715411,0.0,True
649554,245,2,10.0,12.475226712938207,-38264.01861066662,146,146,6.0,6.0,-100526.61380640567,1.2434497875801753e-14,100526.61380640567,17288.307277779397,1735.634677188585,1.2434497875801752e-15,True
649554,245,3,10.5,13.946477018384773,-65707.9468772784,85,85,3.7081813921340157,6.0,-111596.62876896975,0.0,111596.62876896975,21120.952822341133,1014.6602322843823,0.0,True
649554,245,4,10.0,11.209691498899055,-23801.99290243379,82,82,3.7420670870657977,6.0,-83543.7924288141,1.2434497875801738e-13,83543.7924288141,15557.463027717895,967.6789222370408,1.2434497875801737e-14,True
649554,245,5,10.0,18.67476584604744,-17504.448074807424,163,163,6.0,6.0,-33980.57116994204,2937.8135580530416,36918.384727995086,4247.008260097874,1935.4179284382144,293.78135580530414,True
649554,245,6,10.0,12.448647286038655,-16761.25819510054,71,71,3.329807169732741,6.0,-64722.32626525672,0.0,64722.32626525672,12000.248965550089,848.2636038280887,0.0,True
649554,245,7,10.5,12.964254140168164,-28771.102717726164,66,66,3.201439529192188,5.9,-65355.88810580231,0.0,65355.88810580231,12234.980630922259,765.3621519289836,0.0,True
649554,245,8,47.32444332462835,40.03101909695749,7991578.476932688,250,250,6.0,6.0,94188.84774322397,120297.1397368297,26108.29199360573,461.9964849348732,2949.7886961164204,2541.9662923795086,False
649554,245,9,11.55,11.202228973605658,-23697.469836539894,66,66,3.3279656973734357,6.0,-43562.107263976766,0.0,43562.107263976766,7865.998437902268,756.783227124223,0.0,True
649554,246,0,10.0,10.0,-35810.00646550855,93,93,4.180822162642174,6.0,-49565.02027469179,5489.898334277269,55054.91860896906,9646.384610386964,1071.5395756028431,548.9898334277269,True
649554,246,1,10.5,17.55210042119207,-83083.25051626252,73,73,3.1805261192569274,5.791963875728813,-92325.18483881264,0.0,92325.18483881264,17521.501430955614,872.0499771715411,0.0,True
649554,246,2,10.0,12.475226712938207,-38264.01861066662,146,146,6.0,6.0,-100526.61380640567,1.2434497875801753e-14,100526.61380640567,17288.307277779397,1735.634677188585,1.2434497875801752e-15,True
649554,246,3,10.5,13.946477018384773,-65707.9468772784,85,85,3.7081813921340157,6.0,-111596.62876896975,0.0,111596.62876896975,21120.952822341133,1014.6602322843823,0.0,True
649554,246,4,10.0,11.209691498899055,-23801.99290243379,82,82,3.7420670870657977,6.0,-83543.7924288141,1.2434497875801738e-13,83543.7924288141,15557.463027717895,967.6789222370408,1.2434497875801737e-14,True
649554,246,5,10.0,18.67476584604744,-17504.448074807424,163,163,6.0,6.0,-33980.57116994204,2937.8135580530416,36918.384727995086,4247.008260097874,1935.4179284382144,293.78135580530414,True
649554,246,6,10.0,12.448647286038655,-16761.25819510054,71,71,3.329807169732741,6.0,-64722.32626525672,0.0,64722.32626525672,12000.248965550089,848.2636038280887,0.0,True
649554,246,7,10.5,12.964254140168164,-28771.102717726164,66,66,3.201439529192188,5.9,-65355.88810580231,0.0,65355.88810580231,12234.980630922259,765.3621519289836,0.0,True
649554,246,8,42.591998992165514,38.029468142109614,8071016.6823096555,250,250,6.0,6.0,89245.57241257481,116434.24902793222,27188.676615357417,678.0734092852106,2949.7886961164204,2733.711771766088,False
649554,246,9,11.55,11.202228973605658,-23697.469836539894,66,66,3.3279656973734357,6.0,-43562.107263976766,0.0,43562.107263976766,7865.998437902268,756.783227124223,0.0,True
649554,247,0,10.0,10.0,-35810.00646550855,93,93,4.180822162642174,6.0,-49565.02027469179,5489.898334277269,55054.91860896906,9646.384610386964,1071.5395756028431,548.9898334277269,True
649554,247,1,10.5,17.55210042119207,-83083.25051626252,73,73,3.1805261192569274,5.791963875728813,-92325.18483881264,0.0,92325.18483881264,17521.501430955614,872.0499771715411,0.0,True
649554,247,2,10.0,12.475226712938207,-38264.01861066662,146,146,6.0,6.0,-100526.61380640567,1.2434497875801753e-14,100526.61380640567,17288.307277779397,1735.634677188585,1.2434497875801752e-15,True
649554,247,3,10.5,13.946477018384773,-65707.9468772784,85,85,3.7081813921340157,6.0,-111596.62876896975,0.0,111596.62876896975,21120.952822341133,1014.6602322843823,0.0,True
649554,247,4,10.0,11.209691498899055,-23801.99290243379,82,82,3.7420670870657977,6.0,-83543.7924288141,1.2434497875801738e-13,83543.7924288141,15557.463027717895,967.6789222370408,1.2434497875801737e-14,True
649554,247,5,10.0,18.67476584604744,-17504.448074807424,163,163,6.0,6.0,-33980.57116994204,2937.8135580530416,36918.384727995086,4247.008260097874,1935.4179284382144,293.78135580530414,True
649554,247,6,10.0,12.448647286038655,-16761.25819510054,71,71,3.329807169732741,6.0,-64722.32626525672,0.0,64722.32626525672,12000.248965550089,848.2636038280887,0.0,True
649554,247,7,10.5,12.964254140168164,-28771.102717726164,66,66,3.201439529192188,5.9,-65355.88810580231,0.0,65355.88810580231,12234.980630922259,765.3621519289836,0.0,True
649554,247,8,38.33279909294897,36.12799473500413,8147157.284508929,250,250,6.0,6.0,85472.60088297192,112708.86038764018,27236.259504668247,687.5899871473771,2949.7886961164204,2940.2721182542637,False
649554,247,9,11.55,11.202228973605658,-23697.469836539894,66,66,3.3279656973734357,6.0,-43562.107263976766,0.0,43562.107263976766,7865.998437902268,756.783227124223,0.0,True
649554,248,0,10.0,10.0,-35810.00646550855,93,93,4.180822162642174,6.0,-49565.02027469179,5489.898334277269,55054.91860896906,9646.384610386964,1071.5395756028431,548.9898334277269,True
649554,248,1,10.5,17.55210042119207,-83083.25051626252,73,73,3.1805261192569274,5.791963875728813,-92325.18483881264,0.0,92325.18483881264,17521.501430955614,872.0499771715411,0.0,True
649554,248,2,10.0,12.475226712938207,-38264.01861066662,146,146,6.0,6.0,-100526.61380640567,1.2434497875801753e-14,100526.61380640567,17288.307277779397,1735.634677188585,1.2434497875801752e-15,True
649554,248,3,10.5,13.946477018384773,-65707.9468772784,85,85,3.7081813921340157,6.0,-111596.62876896975,0.0,111596.62876896975,21120.952822341133,1014.6602322843823,0.0,True
649554,248,4,10.0,11.209691498899055,-23801.99290243379,82,82,3.7420670870657977,6.0,-83543.7924288141,1.2434497875801738e-13,83543.7924288141,15557.463027717895,967.6789222370408,1.2434497875801737e-14,True
649554,248,5,10.0,18.67476584604744,-17504.448074807424,163,163,6.0,6.0,-33980.57116994204,2937.8135580530416,36918.384727995086,4247.008260097874,1935.4179284382144,293.78135580530414,True
649554,248,6,10.0,12.448647286038655,-16761.25819510054,71,71,3.329807169732741,6.0,-64722.32626525672,0.0,64722.32626525672,12000.248965550089,848.2636038280887,0.0,True
649554,248,7,10.5,12.964254140168164,-28771.102717726164,66,66,3.201439529192188,5.9,-65355.88810580231,0.0,65355.88810580231,12234.980630922259,765.3621519289836,0.0,True
649554,248,8,34.49951918365407,34.32159499825392,8225832.828103822,250,250,6.0,6.0,87555.9423444533,113143.33239337408,25587.390048920777,357.81609599788305,2949.7886961164204,3279.5625872658993,False
649554,248,9,11.55,11.202228973605658,-23697.469836539894,66,66,3.3279656973734357,6.0,-43562.107263976766,0.0,43562.107263976766,7865.998437902268,756.783227124223,0.0,True
649554,249,0,10.0,10.0,-35810.00646550855,93,93,4.180822162642174,6.0,-49565.02027469179,5489.898334277269,55054.91860896906,9646.384610386964,1071.5395756028431,548.9898334277269,True
649554,249,1,10.5,17.55210042119207,-83083.25051626252,73,73,3.1805261192569274,5.791963875728813,-92325.18483881264,0.0,92325.18483881264,17521.501430955614,872.0499771715411,0.0,True
649554,249,2,10.0,12.475226712938207,-38264.01861066662,146,146,6.0,6.0,-100526.61380640567,1.2434497875801753e-14,100526.61380640567,17288.307277779397,1735.634677188585,1.2434497875801752e-15,True
649554,249,3,10.5,13.946477018384773,-65707.9468772784,85,85,3.7081813921340157,6.0,-111596.62876896975,0.0,111596.62876896975,21120.952822341133,1014.6602322843823,0.0,True
649554,249,4,10.0,11.209691498899055,-23801.99290243379,82,82,3.7420670870657977,6.0,-83543.7924288141,1.2434497875801738e-13,83543.7924288141,15557.463027717895,967.6789222370408,1.2434497875801737e-14,True
649554,249,5,10.0,18.67476584604744,-17504.448074807424,163,163,6.0,6.0,-33980.57116994204,2937.8135580530416,36918.384727995086,4247.008260097874,1935.4179284382144,293.78135580530414,True
649554,249,6,10.0,12.448647286038655,-16761.25819510054,71,71,3.329807169732741,6.0,-64722.32626525672,0.0,64722.32626525672,12000.248965550089,848.2636038280887,0.0,True
649554,249,7,10.5,12.964254140168164,-28771.102717726164,66,66,3.201439529192188,5.9,-65355.88810580231,0.0,65355.88810580231,12234.980630922259,765.3621519289836,0.0,True
649554,249,8,31.049567265288665,32.60551524834123,8296282.837202599,250,250,6.0,6.0,78901.38791081289,102699.69747974425,23798.309568931363,0.0,2949.7886961164204,3307.6047921143054,False
649554,249,9,11.55,11.202228973605658,-23697.469836539894,66,66,3.3279656973734357,6.0,-43562.107263976766,0.0,43562.107263976766,7865.998437902268,756.783227124223,0.0,True
649554,250,0,10.0,10.0,-35810.00646550855,93,93,4.180822162642174,6.0,-49565.02027469179,5489.898334277269,55054.91860896906,9646.384610386964,1071.5395756028431,548.9898334277269,True
649554,250,1,10.5,17.55210042119207,-83083.25051626252,73,73,3.1805261192569274,5.791963875728813,-92325.18483881264,0.0,92325.18483881264,17521.501430955614,872.0499771715411,0.0,True
649554,250,2,10.0,12.475226712938207,-38264.01861066662,146,146,6.0,6.0,-100526.61380640567,1.2434497875801753e-14,100526.61380640567,17288.307277779397,1735.634677188585,1.2434497875801752e-15,True
649554,250,3,10.5,13.946477018384773,-65707.9468772784,85,85,3.7081813921340157,6.0,-111596.62876896975,0.0,111596.62876896975,21120.952822341133,1014.6602322843823,0.0,True
649554,250,4,10.0,11.209691498899055,-23801.99290243379,82,82,3.7420670870657977,6.0,-83543.7924288141,1.2434497875801738e-13,83543.7924288141,15557.463027717895,967.6789222370408,1.2434497875801737e-14,True
649554,250,5,10.0,18.67476584604744,-17504.448074807424,163,163,6.0,6.0,-33980.57116994204,2937.8135580530416,36918.384727995086,4247.008260097874,1935.4179284382144,293.78135580530414,True
649554,250,6,10.0,12.448647286038655,-16761.25819510054,71,71,3.329807169732741,6.0,-64722.32626525672,0.0,64722.32626525672,12000.248965550089,848.2636038280887,0.0,True
649554,250,7,10.5,12.964254140168164,-28771.102717726164,66,66,3.201439529192188,5.9,-65355.88810580231,0.0,65355.88810580231,12234.980630922259,765.3621519289836,0.0,True
649554,250,8,34.154523991817534,35.866066773175355,8363966.639732613,250,250,6.0,6.0,76950.31922336917,100748.62879230053,23798.309568931363,0.0,2949.7886961164204,2949.788696116423,False
649554,250,9,11.55,11.202228973605658,-23697.469836539894,66,66,3.3279656973734357,6.0,-43562.107263976766,0.0,43562.107263976766,7865.998437902268,756.783227124223,0.0,True
649554,251,0,10.0,10.0,-35810.00646550855,93,93,4.180822162642174,6.0,-49565.02027469179,5489.898334277269,55054.91860896906,9646.384610386964,1071.5395756028431,548.9898334277269,True
649554,251,1,10.5,17.55210042119207,-83083.25051626252,73,73,3.1805261192569274,5.791963875728813,-92325.18483881264,0.0,92325.18483881264,17521.501430955614,872.0499771715411,0.0,True
649554,251,2,10.0,12.475226712938207,-38264.01861066662,146,146,6.0,6.0,-100526.61380640567,1.2434497875801753e-14,100526.61380640567,17288.307277779397,1735.634677188585,1.2434497875801752e-15,True
649554,251,3,10.5,13.946477018384773,-65707.9468772784,85,85,3.7081813921340157,6.0,-111596.62876896975,0.0,111596.62876896975,21120.952822341133,1014.6602322843823,0.0,True
649554,251,4,10.0,11.209691498899055,-23801.99290243379,82,82,3.7420670870657977,6.0,-83543.7924288141,1.2434497875801738e-13,83543.7924288141,15557.463027717895,967.6789222370408,1.2434497875801737e-14,True
649554,251,5,10.0,18.67476584604744,-17504.448074807424,163,163,6.0,6.0,-33980.57116994204,2937.8135580530416,36918.384727995086,4247.008260097874,1935.4179284382144,293.78135580530414,True
649554,251,6,10.0,12.448647286038655,-16761.25819510054,71,71,3.329807169732741,6.0,-64722.32626525672,0.0,64722.32626525672,12000.248965550089,848.2636038280887,0.0,True
649554,251,7,10.5,12.964254140168164,-28771.102717726164,66,66,3.201439529192188,5.9,-65355.88810580231,0.0,65355.88810580231,12234.980630922259,765.3621519289836,0.0,True
649554,251,8,37.569976390999294,39.452673450492895,8440828.653472684,250,250,6.0,6.0,87025.18210259922,110823.49167153059,23798.309568931363,0.0,2949.7886961164204,2949.7886961164227,False
649554,251,9,11.55,11.202228973605658,-23697.469836539894,66,66,3.3279656973734357,6.0,-43562.107263976766,0.0,43562.107263976766,7865.998437902268,756.783227124223,0.0,True
649554,252,0,10.0,10.0,-35810.00646550855,93,93,4.180822162642174,6.0,-49565.02027469179,5489.898334277269,55054.91860896906,9646.384610386964,1071.5395756028431,548.9898334277269,True
649554,252,1,10.5,17.55210042119207,-83083.25051626252,73,73,3.1805261192569274,5.791963875728813,-92325.18483881264,0.0,92325.18483881264,17521.501430955614,872.0499771715411,0.0,True
649554,252,2,10.0,12.475226712938207,-38264.01861066662,146,146,6.0,6.0,-100526.61380640567,1.2434497875801753e-14,100526.61380640567,17288.307277779397,1735.634677188585,1.2434497875801752e-15,True
649554,252,3,10.5,13.946477018384773,-65707.9468772784,85,85,3.7081813921340157,6.0,-111596.62876896975,0.0,111596.62876896975,21120.952822341133,1014.6602322843823,0.0,True
649554,252,4,10.0,11.209691498899055,-23801.99290243379,82,82,3.7420670870657977,6.0,-83543.7924288141,1.2434497875801738e-13,83543.7924288141,15557.463027717895,967.6789222370408,1.2434497875801737e-14,True
649554,252,5,10.0,18.67476584604744,-17504.448074807424,163,163,6.0,6.0,-33980.57116994204,2937.8135580530416,36918.384727995086,4247.008260097874,1935.4179284382144,293.78135580530414,True
649554,252,6,10.0,12.448647286038655,-16761.25819510054,71,71,3.329807169732741,6.0,-64722.32626525672,0.0,64722.32626525672,12000.248965550089,848.2636038280887,0.0,True
649554,252,7,10.5,12.964254140168164,-28771.102717726164,66,66,3.201439529192188,5.9,-65355.88810580231,0.0,65355.88810580231,12234.980630922259,765.3621519289836,0.0,True
649554,252,8,41.32697403009923,43.39794079554219,8522330.458945893,250,250,6.0,6.0,92651.29067217537,117038.4840082649,24387.193336089535,117.77675343163406,2949.7886961164204,2832.011942684783,False
649554,252,9,11.55,11.202228973605658,-23697.469836539894,66,66,3.3279656973734357,6.0,-43562.107263976766,0.0,43562.107263976766,7865.998437902268,756.783227124223,0.0,True
649554,253,0,10.0,10.0,-35810.00646550855,93,93,4.180822162642174,6.0,-49565.02027469179,5489.898334277269,55054.91860896906,9646.384610386964,1071.5395756028431,548.9898334277269,True
649554,253,1,10.5,17.55210042119207,-83083.25051626252,73,73,3.1805261192569274,5.791963875728813,-92325.18483881264,0.0,92325.18483881264,17521.501430955614,872.0499771715411,0.0,True
649554,253,2,10.0,12.475226712938207,-38264.01861066662,146,146,6.0,6.0,-100526.61380640567,1.2434497875801753e-14,100526.61380640567,17288.307277779397,1735.634677188585,1.2434497875801752e-15,True
649554,253,3,10.5,13.946477018384773,-65707.9468772784,85,85,3.7081813921340157,6.0,-111596.62876896975,0.0,111596.62876896975,21120.952822341133,1014.6602322843823,0.0,True
649554,253,4,10.0,11.209691498899055,-23801.99290243379,82,82,3.7420670870657977,6.0,-83543.7924288141,1.2434497875801738e-13,83543.7924288141,15557.463027717895,967.6789222370408,1.2434497875801737e-14,True
649554,253,5,10.0,18.67476584604744,-17504.448074807424,163,163,6.0,6.0,-33980.57116994204,2937.8135580530416,36918.384727995086,4247.008260097874,1935.4179284382144,293.78135580530414,True
649554,253,6,10.0,12.448647286038655,-16761.25819510054,71,71,3.329807169732741,6.0,-64722.32626525672,0.0,64722.32626525672,12000.248965550089,848.2636038280887,0.0,True
649554,253,7,10.5,12.964254140168164,-28771.102717726164,66,66,3.201439529192188,5.9,-65355.88810580231,0.0,65355.88810580231,12234.980630922259,765.3621519289836,0.0,True
649554,253,8,37.19427662708931,41.22804375576508,8602021.016340274,250,250,6.0,6.0,90297.56833326074,114095.87790219211,23798.309568931363,0.0,2949.7886961164204,3067.56544954806,False
649554,253,9,11.55,11.202228973605658,-23697.469836539894,66,66,3.3279656973734357,6.0,-43562.107263976766,0.0,43562.107263976766,7865.998437902268,756.783227124223,0.0,True
649554,254,0,10.0,10.0,-35810.00646550855,93,93,4.180822162642174,6.0,-49565.02027469179,5489.898334277269,55054.91860896906,9646.384610386964,1071.5395756028431,548.9898334277269,True
649554,254,1,10.5,17.55210042119207,-83083.25051626252,73,73,3.1805261192569274,5.791963875728813,-92325.18483881264,0.0,92325.18483881264,17521.501430955614,872.0499771715411,0.0,True
649554,254,2,10.0,12.475226712938207,-38264.01861066662,146,146,6.0,6.0,-100526.61380640567,1.2434497875801753e-14,100526.61380640567,17288.307277779397,1735.634677188585,1.2434497875801752e-15,True
649554,254,3,10.5,13.946477018384773,-65707.9468772784,85,85,3.7081813921340157,6.0,-111596.62876896975,0.0,111596.62876896975,21120.952822341133,1014.6602322843823,0.0,True
649554,254,4,10.0,11.209691498899055,-23801.99290243379,82,82,3.7420670870657977,6.0,-83543.7924288141,1.2434497875801738e-13,83543.7924288141,15557.463027717895,967.6789222370408,1.2434497875801737e-14,True
649554,254,5,10.0,18.67476584604744,-17504.448074807424,163,163,6.0,6.0,-33980.57116994204,2937.8135580530416,36918.384727995086,4247.008260097874,1935.4179284382144,293.78135580530414,True
649554,254,6,10.0,12.448647286038655,-16761.25819510054,71,71,3.329807169732741,6.0,-64722.32626525672,0.0,64722.32626525672,12000.248965550089,848.2636038280887,0.0,True
649554,254,7,10.5,12.964254140168164,-28771.102717726164,66,66,3.201439529192188,5.9,-65355.88810580231,0.0,65355.88810580231,12234.980630922259,765.3621519289836,0.0,True
649554,254,8,40.91370428979824,45.35084813134159,8687271.777168918,250,250,6.0,6.0,96888.47286136533,120686.78243029669,23798.309568931363,0.0,2949.7886961164204,2949.788696116419,False
649554,254,9,11.55,11.202228973605658,-23697.469836539894,66,66,3.3279656973734357,6.0,-43562.107263976766,0.0,43562.107263976766,7865.998437902268,756.783227124223,0.0,True
649554,255,0,10.0,10.0,-35810.00646550855,93,93,4.180822162642174,6.0,-49565.02027469179,5489.898334277269,55054.91860896906,9646.384610386964,1071.5395756028431,548.9898334277269,True
649554,255,1,10.5,17.55210042119207,-83083.25051626252,73,73,3.1805261192569274,5.791963875728813,-92325.18483881264,0.0,92325.18483881264,17521.501430955614,872.0499771715411,0.0,True
649554,255,2,10.0,12.475226712938207,-38264.01861066662,146,146,6.0,6.0,-100526.61380640567,1.2434497875801753e-14,100526.61380640567,17288.307277779397,1735.634677188585,1.2434497875801752e-15,True
649554,255,3,10.5,13.946477018384773,-65707.9468772784,85,85,3.7081813921340157,6.0,-111596.62876896975,0.0,111596.62876896975,21120.952822341133,1014.6602322843823,0.0,True
649554,255,4,10.0,11.209691498899055,-23801.99290243379,82,82,3.7420670870657977,6.0,-83543.7924288141,1.2434497875801738e-13,83543.7924288141,15557.463027717895,967.6789222370408,1.2434497875801737e-14,True
649554,255,5,10.0,18.67476584604744,-17504.448074807424,163,163,6.0,6.0,-33980.57116994204,2937.8135580530416,36918.384727995086,4247.008260097874,1935.4179284382144,293.78135580530414,True
649554,255,6,10.0,12.448647286038655,-16761.25819510054,71,71,3.329807169732741,6.0,-64722.32626525672,0.0,64722.32626525672,12000.248965550089,848.2636038280887,0.0,True
649554,255,7,10.5,12.964254140168164,-28771.102717726164,66,66,3.201439529192188,5.9,-65355.88810580231,0.0,65355.88810580231,12234.980630922259,765.3621519289836,0.0,True
649554,255,8,45.00507471877807,49.885932944475755,8783196.429511955,250,250,6.0,6.0,108696.13557921568,132520.54405177303,23824.40847255735,5.21978072519737,2949.7886961164204,2944.568915391217,False
649554,255,9,11.55,11.202228973605658,-23697.469836539894,66,66,3.3279656973734357,6.0,-43562.107263976766,0.0,43562.107263976766,7865.998437902268,756.783227124223,0.0,True
649554,256,0,10.0,10.0,-35810.00646550855,93,93,4.180822162642174,6.0,-49565.02027469179,5489.898334277269,55054.91860896906,9646.384610386964,1071.5395756028431,548.9898334277269,True
649554,256,1,10.5,17.55210042119207,-83083.25051626252,73,73,3.1805261192569274,5.791963875728813,-92325.18483881264,0.0,92325.18483881264,17521.501430955614,872.0499771715411,0.0,True
649554,256,2,10.0,12.475226712938207,-38264.01861066662,146,146,6.0,6.0,-100526.61380640567,1.2434497875801753e-14,100526.61380640567,17288.307277779397,1735.634677188585,1.2434497875801752e-15,True
649554,256,3,10.5,13.946477018384773,-65707.9468772784,85,85,3.7081813921340157,6.0,-111596.62876896975,0.0,111596.62876896975,21120.952822341133,1014.6602322843823,0.0,True
649554,256,4,10.0,11.209691498899055,-23801.99290243379,82,82,3.7420670870657977,6.0,-83543.7924288141,1.2434497875801738e-13,83543.7924288141,15557.463027717895,967.6789222370408,1.2434497875801737e-14,True
649554,256,5,10.0,18.67476584604744,-17504.448074807424,163,163,6.0,6.0,-33980.57116994204,2937.8135580530416,36918.384727995086,4247.008260097874,1935.4179284382144,293.78135580530414,True
649554,256,6,10.0,12.448647286038655,-16761.25819510054,71,71,3.329807169732741,6.0,-64722.32626525672,0.0,64722.32626525672,12000.248965550089,848.2636038280887,0.0,True
649554,256,7,10.5,12.964254140168164,-28771.102717726164,66,66,3.201439529192188,5.9,-65355.88810580231,0.0,65355.88810580231,12234.980630922259,765.3621519289836,0.0,True
649554,256,8,49.50558219065588,47.391636297251964,8879037.879579844,250,250,6.0,6.0,107989.35914216601,133117.9678961006,25128.608753934583,266.0598370006442,2949.7886961164204,2688.9486398409927,False
649554,256,9,11.55,11.202228973605658,-23697.469836539894,66,66,3.3279656973734357,6.0,-43562.107263976766,0.0,43562.107263976766,7865.998437902268,756.783227124223,0.0,True
649554,257,0,10.0,10.0,-35810.00646550855,93,93,4.180822162642174,6.0,-49565.02027469179,5489.898334277269,55054.91860896906,9646.384610386964,1071.5395756028431,548.9898334277269,True
649554,257,1,10.5,17.55210042119207,-83083.25051626252,73,73,3.1805261192569274,5.791963875728813,-92325.18483881264,0.0,92325.18483881264,17521.501430955614,872.0499771715411,0.0,True
649554,257,2,10.0,12.475226712938207,-38264.01861066662,146,146,6.0,6.0,-100526.61380640567,1.2434497875801753e-14,100526.61380640567,17288.307277779397,1735.634677188585,1.2434497875801752e-15,True
649554,257,3,10.5,13.946477018384773,-65707.9468772784,85,85,3.7081813921340157,6.0,-111596.62876896975,0.0,111596.62876896975,21120.952822341133,1014.6602322843823,0.0,True
649554,257,4,10.0,11.209691498899055,-23801.99290243379,82,82,3.7420670870657977,6.0,-83543.7924288141,1.2434497875801738e-13,83543.7924288141,15557.463027717895,967.6789222370408,1.2434497875801737e-14,True
649554,257,5,10.0,18.67476584604744,-17504.448074807424,163,163,6.0,6.0,-33980.57116994204,2937.8135580530416,36918.384727995086,4247.008260097874,1935.4179284382144,293.78135580530414,True
649554,257,6,10.0,12.448647286038655,-16761.25819510054,71,71,3.329807169732741,6.0,-64722.32626525672,0.0,64722.32626525672,12000.248965550089,848.2636038280887,0.0,True
649554,257,7,10.5,12.964254140168164,-28771.102717726164,66,66,3.201439529192188,5.9,-65355.88810580231,0.0,65355.88810580231,12234.980630922259,765.3621519289836,0.0,True
649554,257,8,44.555023971590295,45.022054482389365,8974492.36796001,250,250,6.0,6.0,107010.0020007278,132066.90211332706,25056.900112599247,251.71810873357686,2949.7886961164204,2964.130424383502,False
649554,257,9,11.55,11.202228973605658,-23697.469836539894,66,66,3.3279656973734357,6.0,-43562.107263976766,0.0,43562.107263976766,7865.998437902268,756.783227124223,0.0,True
649554,258,0,10.0,10.0,-35810.00646550855,93,93,4.180822162642174,6.0,-49565.02027469179,5489.898334277269,55054.91860896906,9646.384610386964,1071.5395756028431,548.9898334277269,True
649554,258,1,10.5,17.55210042119207,-83083.25051626252,73,73,3.1805261192569274,5.791963875728813,-92325.18483881264,0.0,92325.18483881264,17521.501430955614,872.0499771715411,0.0,True
649554,258,2,10.0,12.475226712938207,-38264.01861066662,146,146,6.0,6.0,-100526.61380640567,1.2434497875801753e-14,100526.61380640567,17288.307277779397,1735.634677188585,1.2434497875801752e-15,True
649554,258,3,10.5,13.946477018384773,-65707.9468772784,85,85,3.7081813921340157,6.0,-111596.62876896975,0.0,111596.62876896975,21120.952822341133,1014.6602322843823,0.0,True
649554,258,4,10.0,11.209691498899055,-23801.99290243379,82,82,3.7420670870657977,6.0,-83543.7924288141,1.2434497875801738e-13,83543.7924288141,15557.463027717895,967.6789222370408,1.2434497875801737e-14,True
649554,258,5,10.0,18.67476584604744,-17504.448074807424,163,163,6.0,6.0,-33980.57116994204,2937.8135580530416,36918.384727995086,4247.008260097874,1935.4179284382144,293.78135580530414,True
649554,258,6,10.0,12.448647286038655,-16761.25819510054,71,71,3.329807169732741,6.0,-64722.32626525672,0.0,64722.32626525672,12000.248965550089,848.2636038280887,0.0,True
649554,258,7,10.5,12.964254140168164,-28771.102717726164,66,66,3.201439529192188,5.9,-65355.88810580231,0.0,65355.88810580231,12234.980630922259,765.3621519289836,0.0,True
649554,258,8,40.099521574431265,42.770951758269895,9068080.211643081,250,250,6.0,6.0,104580.58162283956,128378.89119177092,23798.309568931363,0.0,2949.7886961164204,3201.506804849996,False
649554,258,9,11.55,11.202228973605658,-23697.469836539894,66,66,3.3279656973734357,6.0,-43562.107263976766,0.0,43562.107263976766,7865.998437902268,756.783227124223,0.0,True
649554,259,0,10.0,10.0,-35810.00646550855,93,93,4.180822162642174,6.0,-49565.02027469179,5489.898334277269,55054.91860896906,9646.384610386964,1071.5395756028431,548.9898334277269,True
649554,259,1,10.5,17.55210042119207,-83083.25051626252,73,73,3.1805261192569274,5.791963875728813,-92325.18483881264,0.0,92325.18483881264,17521.501430955614,872.0499771715411,0.0,True
649554,259,2,10.0,12.475226712938207,-38264.01861066662,146,146,6.0,6.0,-100526.61380640567,1.2434497875801753e-14,100526.61380640567,17288.307277779397,1735.634677188585,1.2434497875801752e-15,True
649554,259,3,10.5,13.946477018384773,-65707.9468772784,85,85,3.7081813921340157,6.0,-111596.62876896975,0.0,111596.62876896975,21120.952822341133,1014.6602322843823,0.0,True
649554,259,4,10.0,11.209691498899055,-23801.99290243379,82,82,3.7420670870657977,6.0,-83543.7924288141,1.2434497875801738e-13,83543.7924288141,15557.463027717895,967.6789222370408,1.2434497875801737e-14,True
649554,259,5,10.0,18.67476584604744,-17504.448074807424,163,163,6.0,6.0,-33980.57116994204,2937.8135580530416,36918.384727995086,4247.008260097874,1935.4179284382144,293.78135580530414,True
649554,259,6,10.0,12.448647286038655,-16761.25819510054,71,71,3.329807169732741,6.0,-64722.32626525672,0.0,64722.32626525672,12000.248965550089,848.2636038280887,0.0,True
649554,259,7,10.5,12.964254140168164,-28771.102717726164,66,66,3.201439529192188,5.9,-65355.88810580231,0.0,65355.88810580231,12234.980630922259,765.3621519289836,0.0,True
649554,259,8,44.109473731874395,40.632404170356395,9157474.006350383,250,250,6.0,6.0,99851.89575003504,124308.26792845897,24456.37217842393,131.6125218985136,2949.7886961164204,2818.176174217905,False
649554,259,9,11.55,11.202228973605658,-23697.469836539894,66,66,3.3279656973734357,6.0,-43562.107263976766,0.0,43562.107263976766,7865.998437902268,756.783227124223,0.0,True
649554,260,0,10.0,10.0,-35810.00646550855,93,93,4.180822162642174,6.0,-49565.02027469179,5489.898334277269,55054.91860896906,9646.384610386964,1071.5395756028431,548.9898334277269,True
649554,260,1,10.5,17.55210042119207,-83083.25051626252,73,73,3.1805261192569274,5.791963875728813,-92325.18483881264,0.0,92325.18483881264,17521.501430955614,872.0499771715411,0.0,True
649554,260,2,10.0,12.475226712938207,-38264.01861066662,146,146,6.0,6.0,-100526.61380640567,1.2434497875801753e-14,100526.61380640567,17288.307277779397,1735.634677188585,1.2434497875801752e-15,True
649554,260,3,10.5,13.946477018384773,-65707.9468772784,85,85,3.7081813921340157,6.0,-111596.62876896975,0.0,111596.62876896975,21120.952822341133,1014.6602322843823,0.0,True
649554,260,4,10.0,11.209691498899055,-23801.99290243379,82,82,3.7420670870657977,6.0,-83543.7924288141,1.2434497875801738e-13,83543.7924288141,15557.463027717895,967.6789222370408,1.2434497875801737e-14,True
649554,260,5,10.0,18.67476584604744,-17504.448074807424,163,163,6.0,6.0,-33980.57116994204,2937.8135580530416,36918.384727995086,4247.008260097874,1935.4179284382144,293.78135580530414,True
649554,260,6,10.0,12.448647286038655,-16761.25819510054,71,71,3.329807169732741,6.0,-64722.32626525672,0.0,64722.32626525672,12000.248965550089,848.2636038280887,0.0,True
649554,260,7,10.5,12.964254140168164,-28771.102717726164,66,66,3.201439529192188,5.9,-65355.88810580231,0.0,65355.88810580231,12234.980630922259,765.3621519289836,0.0,True
649554,260,8,39.698526358686955,38.60078396183857,9243563.671467206,250,250,6.0,6.0,96039.86110751232,120116.5821814047,24076.721073892368,55.682300992201014,2949.7886961164204,3025.7189170227325,False
649554,260,9,11.55,11.202228973605658,-23697.469836539894,66,66,3.3279656973734357,6.0,-43562.107263976766,0.0,43562.107263976766,7865.998437902268,756.783227124223,0.0,True
649554,261,0,10.0,10.0,-35810.00646550855,93,93,4.180822162642174,6.0,-49565.02027469179,5489.898334277269,55054.91860896906,9646.384610386964,1071.5395756028431,548.9898334277269,True
649554,261,1,10.5,17.55210042119207,-83083.25051626252,73,73,3.1805261192569274,5.791963875728813,-92325.18483881264,0.0,92325.18483881264,17521.501430955614,872.0499771715411,0.0,True
649554,261,2,10.0,12.475226712938207,-38264.01861066662,146,146,6.0,6.0,-100526.61380640567,1.2434497875801753e-14,100526.61380640567,17288.307277779397,1735.634677188585,1.2434497875801752e-15,True
649554,261,3,10.5,13.946477018384773,-65707.9468772784,85,85,3.7081813921340157,6.0,-111596.62876896975,0.0,111596.62876896975,21120.952822341133,1014.6602322843823,0.0,True
649554,261,4,10.0,11.209691498899055,-23801.99290243379,82,82,3.7420670870657977,6.0,-83543.7924288141,1.2434497875801738e-13,83543.7924288141,15557.463027717895,967.6789222370408,1.2434497875801737e-14,True
649554,261,5,10.0,18.67476584604744,-17504.448074807424,163,163,6.0,6.0,-33980.57116994204,2937.8135580530416,36918.384727995086,4247.008260097874,1935.4179284382144,293.78135580530414,True
649554,261,6,10.0,12.448647286038655,-16761.25819510054,71,71,3.329807169732741,6.0,-64722.32626525672,0.0,64722.32626525672,12000.248965550089,848.2636038280887,0.0,True
649554,261,7,10.5,12.964254140168164,-28771.102717726164,66,66,3.201439529192188,5.9,-65355.88810580231,0.0,65355.88810580231,12234.980630922259,765.3621519289836,0.0,True
649554,261,8,43.66837899455565,36.67074476374664,9321922.003556227,250,250,6.0,6.0,87826.0182799442,113639.98145346792,25813.963173523724,403.1307209184718,2949.7886961164204,2602.3402761901457,False
649554,261,9,11.55,11.202228973605658,-23697.469836539894,66,66,3.3279656973734357,6.0,-43562.107263976766,0.0,43562.107263976766,7865.998437902268,756.783227124223,0.0,True
649554,262,0,10.0,10.0,-35810.00646550855,93,93,4.180822162642174,6.0,-49565.02027469179,5489.898334277269,55054.91860896906,9646.384610386964,1071.5395756028431,548.9898334277269,True
649554,262,1,10.5,17.55210042119207,-83083.25051626252,73,73,3.1805261192569274,5.791963875728813,-92325.18483881264,0.0,92325.18483881264,17521.501430955614,872.0499771715411,0.0,True
649554,262,2,10.0,12.475226712938207,-38264.01861066662,146,146,6.0,6.0,-100526.61380640567,1.2434497875801753e-14,100526.61380640567,17288.307277779397,1735.634677188585,1.2434497875801752e-15,True
649554,262,3,10.5,13.946477018384773,-65707.9468772784,85,85,3.7081813921340157,6.0,-111596.62876896975,0.0,111596.62876896975,21120.952822341133,1014.6602322843823,0.0,True
649554,262,4,10.0,11.209691498899055,-23801.99290243379,82,82,3.7420670870657977,6.0,-83543.7924288141,1.2434497875801738e-13,83543.7924288141,15557.463027717895,967.6789222370408,1.2434497875801737e-14,True
649554,262,5,10.0,18.67476584604744,-17504.448074807424,163,163,6.0,6.0,-33980.57116994204,2937.8135580530416,36918.384727995086,4247.008260097874,1935.4179284382144,293.78135580530414,True
649554,262,6,10.0,12.448647286038655,-16761.25819510054,71,71,3.329807169732741,6.0,-64722.32626525672,0.0,64722.32626525672,12000.248965550089,848.2636038280887,0.0,True
649554,262,7,10.5,12.964254140168164,-28771.102717726164,66,66,3.201439529192188,5.9,-65355.88810580231,0.0,65355.88810580231,12234.980630922259,765.3621519289836,0.0,True
649554,262,8,39.30154109510009,34.83720752555931,9395800.17448335,250,250,6.0,6.0,82887.472808614,109517.41275195533,26629.93994334134,566.3260748819952,2949.7886961164204,2786.5933421529207,False
649554,262,9,11.55,11.202228973605658,-23697.469836539894,66,66,3.3279656973734357,6.0,-43562.107263976766,0.0,43562.107263976766,7865.998437902268,756.783227124223,0.0,True
649554,263,0,10.0,10.0,-35810.00646550855,93,93,4.180822162642174,6.0,-49565.02027469179,5489.898334277269,55054.91860896906,9646.384610386964,1071.5395756028431,548.9898334277269,True
649554,263,1,10.5,17.55210042119207,-83083.25051626252,73,73,3.1805261192569274,5.791963875728813,-92325.18483881264,0.0,92325.18483881264,17521.501430955614,872.0499771715411,0.0,True
649554,263,2,10.0,12.475226712938207,-38264.01861066662,146,146,6.0,6.0,-100526.61380640567,1.2434497875801753e-14,100526.61380640567,17288.307277779397,1735.634677188585,1.2434497875801752e-15,True
649554,263,3,10.5,13.946477018384773,-65707.9468772784,85,85,3.7081813921340157,6.0,-111596.62876896975,0.0,111596.62876896975,21120.952822341133,1014.6602322843823,0.0,True
649554,263,4,10.0,11.209691498899055,-23801.99290243379,82,82,3.7420670870657977,6.0,-83543.7924288141,1.2434497875801738e-13,83543.7924288141,15557.463027717895,967.6789222370408,1.2434497875801737e-14,True
649554,263,5,10.0,18.67476584604744,-17504.448074807424,163,163,6.0,6.0,-33980.57116994204,2937.8135580530416,36918.384727995086,4247.008260097874,1935.4179284382144,293.78135580530414,True
649554,263,6,10.0,12.448647286038655,-16761.25819510054,71,71,3.329807169732741,6.0,-64722.32626525672,0.0,64722.32626525672,12000.248965550089,848.2636038280887,0.0,True
649554,263,7,10.5,12.964254140168164,-28771.102717726164,66,66,3.201439529192188,5.9,-65355.88810580231,0.0,65355.88810580231,12234.980630922259,765.3621519289836,0.0,True
649554,263,8,35.371386985590085,33.09534714928134,9470154.372426225,250,250,6.0,6.0,82928.03473019968,108911.49488089097,25983.460150691288,437.03011635198476,2949.7886961164204,3079.0846546464327,False
649554,263,9,11.55,11.202228973605658,-23697.469836539894,66,66,3.3279656973734357,6.0,-43562.107263976766,0.0,43562.107263976766,7865.998437902268,756.783227124223,0.0,True
649554,264,0,10.0,10.0,-35810.00646550855,93,93,4.180822162642174,6.0,-49565.02027469179,5489.898334277269,55054.91860896906,9646.384610386964,1071.5395756028431,548.9898334277269,True
649554,264,1,10.5,17.55210042119207,-83083.25051626252,73,73,3.1805261192569274,5.791963875728813,-92325.18483881264,0.0,92325.18483881264,17521.501430955614,872.0499771715411,0.0,True
649554,264,2,10.0,12.475226712938207,-38264.01861066662,146,146,6.0,6.0,-100526.61380640567,1.2434497875801753e-14,100526.61380640567,17288.307277779397,1735.634677188585,1.2434497875801752e-15,True
649554,264,3,10.5,13.946477018384773,-65707.9468772784,85,85,3.7081813921340157,6.0,-111596.62876896975,0.0,111596.62876896975,21120.952822341133,1014.6602322843823,0.0,True
649554,264,4,10.0,11.209691498899055,-23801.99290243379,82,82,3.7420670870657977,6.0,-83543.7924288141,1.2434497875801738e-13,83543.7924288141,15557.463027717895,967.6789222370408,1.2434497875801737e-14,True
649554,264,5,10.0,18.67476584604744,-17504.448074807424,163,163,6.0,6.0,-33980.57116994204,2937.8135580530416,36918.384727995086,4247.008260097874,1935.4179284382144,293.78135580530414,True
649554,264,6,10.0,12.448647286038655,-16761.25819510054,71,71,3.329807169732741,6.0,-64722.32626525672,0.0,64722.32626525672,12000.248965550089,848.2636038280887,0.0,True
649554,264,7,10.5,12.964254140168164,-28771.102717726164,66,66,3.201439529192188,5.9,-65355.88810580231,0.0,65355.88810580231,12234.980630922259,765.3621519289836,0.0,True
649554,264,8,31.834248287031077,31.44057979181727,9541284.517164372,250,250,6.0,6.0,79290.28968626913,103730.42472252934,24440.135036260202,128.3650934657678,2949.7886961164204,3258.4537190026244,False
649554,264,9,11.55,11.202228973605658,-23697.469836539894,66,66,3.3279656973734357,6.0,-43562.107263976766,0.0,43562.107263976766,7865.998437902268,756.783227124223,0.0,True
649554,265,0,10.0,10.0,-35810.00646550855,93,93,4.180822162642174,6.0,-49565.02027469179,5489.898334277269,55054.91860896906,9646.384610386964,1071.5395756028431,548.9898334277269,True
649554,265,1,10.5,17.55210042119207,-83083.25051626252,73,73,3.1805261192569274,5.791963875728813,-92325.18483881264,0.0,92325.18483881264,17521.501430955614,872.0499771715411,0.0,True
649554,265,2,10.0,12.475226712938207,-38264.01861066662,146,146,6.0,6.0,-100526.61380640567,1.2434497875801753e-14,100526.61380640567,17288.307277779397,1735.634677188585,1.2434497875801752e-15,True
649554,265,3,10.5,13.946477018384773,-65707.9468772784,85,85,3.7081813921340157,6.0,-111596.62876896975,0.0,111596.62876896975,21120.952822341133,1014.6602322843823,0.0,True
649554,265,4,10.0,11.209691498899055,-23801.99290243379,82,82,3.7420670870657977,6.0,-83543.7924288141,1.2434497875801738e-13,83543.7924288141,15557.463027717895,967.6789222370408,1.2434497875801737e-14,True
649554,265,5,10.0,18.67476584604744,-17504.448074807424,163,163,6.0,6.0,-33980.57116994204,2937.8135580530416,36918.384727995086,4247.008260097874,1935.4179284382144,293.78135580530414,True
649554,265,6,10.0,12.448647286038655,-16761.25819510054,71,71,3.329807169732741,6.0,-64722.32626525672,0.0,64722.32626525672,12000.248965550089,848.2636038280887,0.0,True
649554,265,7,10.5,12.964254140168164,-28771.102717726164,66,66,3.201439529192188,5.9,-65355.88810580231,0.0,65355.88810580231,12234.980630922259,765.3621519289836,0.0,True
649554,265,8,35.01767311573419,29.868550802226405,9604426.926016985,250,250,6.0,6.0,70909.5465530242,96342.37483119656,25432.828278172354,326.9037418481982,2949.7886961164204,2751.250047733979,False
649554,265,9,11.55,11.202228973605658,-23697.469836539894,66,66,3.3279656973734357,6.0,-43562.107263976766,0.0,43562.107263976766,7865.998437902268,756.783227124223,0.0,True
649554,266,0,10.0,10.0,-35810.00646550855,93,93,4.180822162642174,6.0,-49565.02027469179,5489.898334277269,55054.91860896906,9646.384610386964,1071.5395756028431,548.9898334277269,True
649554,266,1,10.5,17.55210042119207,-83083.25051626252,73,73,3.1805261192569274,5.791963875728813,-92325.18483881264,0.0,92325.18483881264,17521.501430955614,872.0499771715411,0.0,True
649554,266,2,10.0,12.475226712938207,-38264.01861066662,146,146,6.0,6.0,-100526.61380640567,1.2434497875801753e-14,100526.61380640567,17288.307277779397,1735.634677188585,1.2434497875801752e-15,True
649554,266,3,10.5,13.946477018384773,-65707.9468772784,85,85,3.7081813921340157,6.0,-111596.62876896975,0.0,111596.62876896975,21120.952822341133,1014.6602322843823,0.0,True
649554,266,4,10.0,11.209691498899055,-23801.99290243379,82,82,3.7420670870657977,6.0,-83543.7924288141,1.2434497875801738e-13,83543.7924288141,15557.463027717895,967.6789222370408,1.2434497875801737e-14,True
649554,266,5,10.0,18.67476584604744,-17504.448074807424,163,163,6.0,6.0,-33980.57116994204,2937.8135580530416,36918.384727995086,4247.008260097874,1935.4179284382144,293.78135580530414,True
649554,266,6,10.0,12.448647286038655,-16761.25819510054,71,71,3.329807169732741,6.0,-64722.32626525672,0.0,64722.32626525672,12000.248965550089,848.2636038280887,0.0,True
649554,266,7,10.5,12.964254140168164,-28771.102717726164,66,66,3.201439529192188,5.9,-65355.88810580231,0.0,65355.88810580231,12234.980630922259,765.3621519289836,0.0,True
649554,266,8,31.515905804160774,28.375123262115082,9663187.67949955,250,250,6.0,6.0,66154.53429816589,91776.03379813884,25621.49949997295,364.63798620831716,2949.7886961164204,2912.054451756308,False
649554,266,9,11.55,11.202228973605658,-23697.469836539894,66,66,3.3279656973734357,6.0,-43562.107263976766,0.0,43562.107263976766,7865.998437902268,756.783227124223,0.0,True
649554,267,0,10.0,10.0,-35810.00646550855,93,93,4.180822162642174,6.0,-49565.02027469179,5489.898334277269,55054.91860896906,9646.384610386964,1071.5395756028431,548.9898334277269,True
649554,267,1,10.5,17.55210042119207,-83083.25051626252,73,73,3.1805261192569274,5.791963875728813,-92325.18483881264,0.0,92325.18483881264,17521.501430955614,872.0499771715411,0.0,True
649554,267,2,10.0,12.475226712938207,-38264.01861066662,146,146,6.0,6.0,-100526.61380640567,1.2434497875801753e-14,100526.61380640567,17288.307277779397,1735.634677188585,1.2434497875801752e-15,True
649554,267,3,10.5,13.946477018384773,-65707.9468772784,85,85,3.7081813921340157,6.0,-111596.62876896975,0.0,111596.62876896975,21120.952822341133,1014.6602322843823,0.0,True
649554,267,4,10.0,11.209691498899055,-23801.99290243379,82,82,3.7420670870657977,6.0,-83543.7924288141,1.2434497875801738e-13,83543.7924288141,15557.463027717895,967.6789222370408,1.2434497875801737e-14,True
649554,267,5,10.0,18.67476584604744,-17504.448074807424,163,163,6.0,6.0,-33980.57116994204,2937.8135580530416,36918.384727995086,4247.008260097874,1935.4179284382144,293.78135580530414,True
649554,267,6,10.0,12.448647286038655,-16761.25819510054,71,71,3.329807169732741,6.0,-64722.32626525672,0.0,64722.32626525672,12000.248965550089,848.2636038280887,0.0,True
649554,267,7,10.5,12.964254140168164,-28771.102717726164,66,66,3.201439529192188,5.9,-65355.88810580231,0.0,65355.88810580231,12234.980630922259,765.3621519289836,0.0,True
649554,267,8,28.364315223744697,26.956367099009327,9726361.721359152,250,250,6.0,6.0,70213.13363451783,94011.44320344919,23798.309568931363,0.0,2949.7886961164204,3314.426682324738,False
649554,267,9,11.55,11.202228973605658,-23697.469836539894,66,66,3.3279656973734357,6.0,-43562.107263976766,0.0,43562.107263976766,7865.998437902268,756.783227124223,0.0,True
649554,268,0,10.0,10.0,-35810.00646550855,93,93,4.180822162642174,6.0,-49565.02027469179,5489.898334277269,55054.91860896906,9646.384610386964,1071.5395756028431,548.9898334277269,True
649554,268,1,10.5,17.55210042119207,-83083.25051626252,73,73,3.1805261192569274,5.791963875728813,-92325.18483881264,0.0,92325.18483881264,17521.501430955614,872.0499771715411,0.0,True
649554,268,2,10.0,12.475226712938207,-38264.01861066662,146,146,6.0,6.0,-100526.61380640567,1.2434497875801753e-14,100526.61380640567,17288.307277779397,1735.634677188585,1.2434497875801752e-15,True
649554,268,3,10.5,13.946477018384773,-65707.9468772784,85,85,3.7081813921340157,6.0,-111596.62876896975,0.0,111596.62876896975,21120.952822341133,1014.6602322843823,0.0,True
649554,268,4,10.0,11.209691498899055,-23801.99290243379,82,82,3.7420670870657977,6.0,-83543.7924288141,1.2434497875801738e-13,83543.7924288141,15557.463027717895,967.6789222370408,1.2434497875801737e-14,True
649554,268,5,10.0,18.67476584604744,-17504.448074807424,163,163,6.0,6.0,-33980.57116994204,2937.8135580530416,36918.384727995086,4247.008260097874,1935.4179284382144,293.78135580530414,True
649554,268,6,10.0,12.448647286038655,-16761.25819510054,71,71,3.329807169732741,6.0,-64722.32626525672,0.0,64722.32626525672,12000.248965550089,848.2636038280887,0.0,True
649554,268,7,10.5,12.964254140168164,-28771.102717726164,66,66,3.201439529192188,5.9,-65355.88810580231,0.0,65355.88810580231,12234.980630922259,765.3621519289836,0.0,True
649554,268,8,31.20074674611917,29.652003808910262,9782909.419350065,250,250,6.0,6.0,64260.69894336458,88608.25154002766,24347.552596663078,109.84860554634257,2949.7886961164204,2839.9400905700754,False
649554,268,9,11.55,11.202228973605658,-23697.469836539894,66,66,3.3279656973734357,6.0,-43562.107263976766,0.0,43562.107263976766,7865.998437902268,756.783227124223,0.0,True
649554,269,0,10.0,10.0,-35810.00646550855,93,93,4.180822162642174,6.0,-49565.02027469179,5489.898334277269,55054.91860896906,9646.384610386964,1071.5395756028431,548.9898334277269,True
649554,269,1,10.5,17.55210042119207,-83083.25051626252,73,73,3.1805261192569274,5.791963875728813,-92325.18483881264,0.0,92325.18483881264,17521.501430955614,872.0499771715411,0.0,True
649554,269,2,10.0,12.475226712938207,-38264.01861066662,146,146,6.0,6.0,-100526.61380640567,1.2434497875801753e-14,100526.61380640567,17288.307277779397,1735.634677188585,1.2434497875801752e-15,True
649554,269,3,10.5,13.946477018384773,-65707.9468772784,85,85,3.7081813921340157,6.0,-111596.62876896975,0.0,111596.62876896975,21120.952822341133,1014.6602322843823,0.0,True
649554,269,4,10.0,11.209691498899055,-23801.99290243379,82,82,3.7420670870657977,6.0,-83543.7924288141,1.2434497875801738e-13,83543.7924288141,15557.463027717895,967.6789222370408,1.2434497875801737e-14,True
649554,269,5,10.0,18.67476584604744,-17504.448074807424,163,163,6.0,6.0,-33980.57116994204,2937.8135580530416,36918.384727995086,4247.008260097874,1935.4179284382144,293.78135580530414,True
649554,269,6,10.0,12.448647286038655,-16761.25819510054,71,71,3.329807169732741,6.0,-64722.32626525672,0.0,64722.32626525672,12000.248965550089,848.2636038280887,0.0,True
649554,269,7,10.5,12.964254140168164,-28771.102717726164,66,66,3.201439529192188,5.9,-65355.88810580231,0.0,65355.88810580231,12234.980630922259,765.3621519289836,0.0,True
649554,269,8,28.08067207150725,28.16940361846475,9837685.430602327,250,250,6.0,6.0,62118.36215681235,85916.67172574371,23798.309568931363,0.0,2949.7886961164204,3059.637301662776,False
649554,269,9,11.55,11.202228973605658,-23697.469836539894,66,66,3.3279656973734357,6.0,-43562.107263976766,0.0,43562.107263976766,7865.998437902268,756.783227124223,0.0,True
649554,270,0,10.0,10.0,-35810.00646550855,93,93,4.180822162642174,6.0,-49565.02027469179,5489.898334277269,55054.91860896906,9646.384610386964,1071.5395756028431,548.9898334277269,True
649554,270,1,10.5,17.55210042119207,-83083.25051626252,73,73,3.1805261192569274,5.791963875728813,-92325.18483881264,0.0,92325.18483881264,17521.501430955614,872.0499771715411,0.0,True
649554,270,2,10.0,12.475226712938207,-38264.01861066662,146,146,6.0,6.0,-100526.61380640567,1.2434497875801753e-14,100526.61380640567,17288.307277779397,1735.634677188585,1.2434497875801752e-15,True
649554,270,3,10.5,13.946477018384773,-65707.9468772784,85,85,3.7081813921340157,6.0,-111596.62876896975,0.0,111596.62876896975,21120.952822341133,1014.6602322843823,0.0,True
649554,270,4,10.0,11.209691498899055,-23801.99290243379,82,82,3.7420670870657977,6.0,-83543.7924288141,1.2434497875801738e-13,83543.7924288141,15557.463027717895,967.6789222370408,1.2434497875801737e-14,True
649554,270,5,10.0,18.67476584604744,-17504.448074807424,163,163,6.0,6.0,-33980.57116994204,2937.8135580530416,36918.384727995086,4247.008260097874,1935.4179284382144,293.78135580530414,True
649554,270,6,10.0,12.448647286038655,-16761.25819510054,71,71,3.329807169732741,6.0,-64722.32626525672,0.0,64722.32626525672,12000.248965550089,848.2636038280887,0.0,True
649554,270,7,10.5,12.964254140168164,-28771.102717726164,66,66,3.201439529192188,5.9,-65355.88810580231,0.0,65355.88810580231,12234.980630922259,765.3621519289836,0.0,True
649554,270,8,30.88873927865798,30.986343980311226,9896955.78899991,250,250,6.0,6.0,67316.9443925408,91115.25396147216,23798.309568931363,0.0,2949.7886961164204,2949.7886961164068,False
649554,270,9,11.55,11.202228973605658,-23697.469836539894,66,66,3.3279656973734357,6.0,-43562.107263976766,0.0,43562.107263976766,7865.998437902268,756.783227124223,0.0,True
649554,271,0,10.0,10.0,-35810.00646550855,93,93,4.180822162642174,6.0,-49565.02027469179,5489.898334277269,55054.91860896906,9646.384610386964,1071.5395756028431,548.9898334277269,True
649554,271,1,10.5,17.55210042119207,-83083.25051626252,73,73,3.1805261192569274,5.791963875728813,-92325.18483881264,0.0,92325.18483881264,17521.501430955614,872.0499771715411,0.0,True
649554,271,2,10.0,12.475226712938207,-38264.01861066662,146,146,6.0,6.0,-100526.61380640567,1.2434497875801753e-14,100526.61380640567,17288.307277779397,1735.634677188585,1.2434497875801752e-15,True
649554,271,3,10.5,13.946477018384773,-65707.9468772784,85,85,3.7081813921340157,6.0,-111596.62876896975,0.0,111596.62876896975,21120.952822341133,1014.6602322843823,0.0,True
649554,271,4,10.0,11.209691498899055,-23801.99290243379,82,82,3.7420670870657977,6.0,-83543.7924288141,1.2434497875801738e-13,83543.7924288141,15557.463027717895,967.6789222370408,1.2434497875801737e-14,True
649554,271,5,10.0,18.67476584604744,-17504.448074807424,163,163,6.0,6.0,-33980.57116994204,2937.8135580530416,36918.384727995086,4247.008260097874,1935.4179284382144,293.78135580530414,True
649554,271,6,10.0,12.448647286038655,-16761.25819510054,71,71,3.329807169732741,6.0,-64722.32626525672,0.0,64722.32626525672,12000.248965550089,848.2636038280887,0.0,True
649554,271,7,10.5,12.964254140168164,-28771.102717726164,66,66,3.201439529192188,5.9,-65355.88810580231,0.0,65355.88810580231,12234.980630922259,765.3621519289836,0.0,True
649554,271,8,33.97761320652378,34.08497837834235,9957098.582375066,250,250,6.0,6.0,68964.03796951754,93719.87561740287,24755.83764788533,191.50561579079354,2949.7886961164204,2758.2830803256197,False
649554,271,9,11.55,11.202228973605658,-23697.469836539894,66,66,3.3279656973734357,6.0,-43562.107263976766,0.0,43562.107263976766,7865.998437902268,756.783227124223,0.0,True
649554,272,0,10.0,10.0,-35810.00646550855,93,93,4.180822162642174,6.0,-49565.02027469179,5489.898334277269,55054.91860896906,9646.384610386964,1071.5395756028431,548.9898334277269,True
649554,272,1,10.5,17.55210042119207,-83083.25051626252,73,73,3.1805261192569274,5.791963875728813,-92325.18483881264,0.0,92325.18483881264,17521.501430955614,872.0499771715411,0.0,True
649554,272,2,10.0,12.475226712938207,-38264.01861066662,146,146,6.0,6.0,-100526.61380640567,1.2434497875801753e-14,100526.61380640567,17288.307277779397,1735.634677188585,1.2434497875801752e-15,True
649554,272,3,10.5,13.946477018384773,-65707.9468772784,85,85,3.7081813921340157,6.0,-111596.62876896975,0.0,111596.62876896975,21120.952822341133,1014.6602322843823,0.0,True
649554,272,4,10.0,11.209691498899055,-23801.99290243379,82,82,3.7420670870657977,6.0,-83543.7924288141,1.2434497875801738e-13,83543.7924288141,15557.463027717895,967.6789222370408,1.2434497875801737e-14,True
649554,272,5,10.0,18.67476584604744,-17504.448074807424,163,163,6.0,6.0,-33980.57116994204,2937.8135580530416,36918.384727995086,4247.008260097874,1935.4179284382144,293.78135580530414,True
649554,272,6,10.0,12.448647286038655,-16761.25819510054,71,71,3.329807169732741,6.0,-64722.32626525672,0.0,64722.32626525672,12000.248965550089,848.2636038280887,0.0,True
649554,272,7,10.5,12.964254140168164,-28771.102717726164,66,66,3.201439529192188,5.9,-65355.88810580231,0.0,65355.88810580231,12234.980630922259,765.3621519289836,0.0,True
649554,272,8,30.5798518858714,32.38072945942523,10020400.90721009,250,250,6.0,6.0,71697.50719982854,95575.14509495757,23877.637895129017,15.865665239530605,2949.7886961164204,3125.4286466676936,False
649554,272,9,11.55,11.202228973605658,-23697.469836539894,66,66,3.3279656973734357,6.0,-43562.107263976766,0.0,43562.107263976766,7865.998437902268,756.783227124223,0.0,True
649554,273,0,10.0,10.0,-35810.00646550855,93,93,4.180822162642174,6.0,-49565.02027469179,5489.898334277269,55054.91860896906,9646.384610386964,1071.5395756028431,548.9898334277269,True
649554,273,1,10.5,17.55210042119207,-83083.25051626252,73,73,3.1805261192569274,5.791963875728813,-92325.18483881264,0.0,92325.18483881264,17521.501430955614,872.0499771715411,0.0,True
649554,273,2,10.0,12.475226712938207,-38264.01861066662,146,146,6.0,6.0,-100526.61380640567,1.2434497875801753e-14,100526.61380640567,17288.307277779397,1735.634677188585,1.2434497875801752e-15,True
649554,273,3,10.5,13.946477018384773,-65707.9468772784,85,85,3.7081813921340157,6.0,-111596.62876896975,0.0,111596.62876896975,21120.952822341133,1014.6602322843823,0.0,True
649554,273,4,10.0,11.209691498899055,-23801.99290243379,82,82,3.7420670870657977,6.0,-83543.7924288141,1.2434497875801738e-13,83543.7924288141,15557.463027717895,967.6789222370408,1.2434497875801737e-14,True
649554,273,5,10.0,18.67476584604744,-17504.448074807424,163,163,6.0,6.0,-33980.57116994204,2937.8135580530416,36918.384727995086,4247.008260097874,1935.4179284382144,293.78135580530414,True
649554,273,6,10.0,12.448647286038655,-16761.25819510054,71,71,3.329807169732741,6.0,-64722.32626525672,0.0,64722.32626525672,12000.248965550089,848.2636038280887,0.0,True
649554,273,7,10.5,12.964254140168164,-28771.102717726164,66,66,3.201439529192188,5.9,-65355.88810580231,0.0,65355.88810580231,12234.980630922259,765.3621519289836,0.0,True
649554,273,8,33.63783707445854,35.61880240536776,10084611.503537068,250,250,6.0,6.0,73415.29692845313,97542.89404577398,24127.597117320853,65.85750967789798,2949.7886961164204,2899.796851678048,False
649554,273,9,11.55,11.202228973605658,-23697.469836539894,66,66,3.3279656973734357,6.0,-43562.107263976766,0.0,43562.107263976766,7865.998437902268,756.783227124223,0.0,True
649554,274,0,10.0,10.0,-35810.00646550855,93,93,4.180822162642174,6.0,-49565.02027469179,5489.898334277269,55054.91860896906,9646.384610386964,1071.5395756028431,548.9898334277269,True
649554,274,1,10.5,17.55210042119207,-83083.25051626252,73,73,3.1805261192569274,5.791963875728813,-92325.18483881264,0.0,92325.18483881264,17521.501430955614,872.0499771715411,0.0,True
649554,274,2,10.0,12.475226712938207,-38264.01861066662,146,146,6.0,6.0,-100526.61380640567,1.2434497875801753e-14,100526.61380640567,17288.307277779397,1735.634677188585,1.2434497875801752e-15,True
649554,274,3,10.5,13.946477018384773,-65707.9468772784,85,85,3.7081813921340157,6.0,-111596.62876896975,0.0,111596.62876896975,21120.952822341133,1014.6602322843823,0.0,True
649554,274,4,10.0,11.209691498899055,-23801.99290243379,82,82,3.7420670870657977,6.0,-83543.7924288141,1.2434497875801738e-13,83543.7924288141,15557.463027717895,967.6789222370408,1.2434497875801737e-14,True
649554,274,5,10.0,18.67476584604744,-17504.448074807424,163,163,6.0,6.0,-33980.57116994204,2937.8135580530416,36918.384727995086,4247.008260097874,1935.4179284382144,293.78135580530414,True
649554,274,6,10.0,12.448647286038655,-16761.25819510054,71,71,3.329807169732741,6.0,-64722.32626525672,0.0,64722.32626525672,12000.248965550089,848.2636038280887,0.0,True
649554,274,7,10.5,12.964254140168164,-28771.102717726164,66,66,3.201439529192188,5.9,-65355.88810580231,0.0,65355.88810580231,12234.980630922259,765.3621519289836,0.0,True
649554,274,8,37.00162078190439,33.83786228509937,10147312.215079922,250,250,6.0,6.0,71460.1771140683,97201.90104800236,25741.723933934063,388.6828730005397,2949.7886961164204,2626.9633327937586,False
649554,274,9,11.55,11.202228973605658,-23697.469836539894,66,66,3.3279656973734357,6.0,-43562.107263976766,0.0,43562.107263976766,7865.998437902268,756.783227124223,0.0,True
649554,275,0,10.0,10.0,-35810.00646550855,93,93,4.180822162642174,6.0,-49565.02027469179,5489.898334277269,55054.91860896906,9646.384610386964,1071.5395756028431,548.9898334277269,True
649554,275,1,10.5,17.55210042119207,-83083.25051626252,73,73,3.1805261192569274,5.791963875728813,-92325.18483881264,0.0,92325.18483881264,17521.501430955614,872.0499771715411,0.0,True
649554,275,2,10.0,12.475226712938207,-38264.01861066662,146,146,6.0,6.0,-100526.61380640567,1.2434497875801753e-14,100526.61380640567,17288.307277779397,1735.634677188585,1.2434497875801752e-15,True
649554,275,3,10.5,13.946477018384773,-65707.9468772784,85,85,3.7081813921340157,6.0,-111596.62876896975,0.0,111596.62876896975,21120.952822341133,1014.6602322843823,0.0,True
649554,275,4,10.0,11.209691498899055,-23801.99290243379,82,82,3.7420670870657977,6.0,-83543.7924288141,1.2434497875801738e-13,83543.7924288141,15557.463027717895,967.6789222370408,1.2434497875801737e-14,True
649554,275,5,10.0,18.67476584604744,-17504.448074807424,163,163,6.0,6.0,-33980.57116994204,2937.8135580530416,36918.384727995086,4247.008260097874,1935.4179284382144,293.78135580530414,True
649554,275,6,10.0,12.448647286038655,-16761.25819510054,71,71,3.329807169732741,6.0,-64722.32626525672,0.0,64722.32626525672,12000.248965550089,848.2636038280887,0.0,True
649554,275,7,10.5,12.964254140168164,-28771.102717726164,66,66,3.201439529192188,5.9,-65355.88810580231,0.0,65355.88810580231,12234.980630922259,765.3621519289836,0.0,True
649554,275,8,33.301458703713955,32.1459691708444,10209117.432079863,250,250,6.0,6.0,70141.70929271006,96190.05773929377,26048.348446583706,450.0077755304685,2949.7886961164204,2888.4637935865,False
649554,275,9,11.55,11.202228973605658,-23697.469836539894,66,66,3.3279656973734357,6.0,-43562.107263976766,0.0,43562.107263976766,7865.998437902268,756.783227124223,0.0,True
649554,276,0,10.0,10.0,-35810.00646550855,93,93,4.180822162642174,6.0,-49565.02027469179,5489.898334277269,55054.91860896906,9646.384610386964,1071.5395756028431,548.9898334277269,True
649554,276,1,10.5,17.55210042119207,-83083.25051626252,73,73,3.1805261192569274,5.791963875728813,-92325.18483881264,0.0,92325.18483881264,17521.501430955614,872.0499771715411,0.0,True
649554,276,2,10.0,12.475226712938207,-38264.01861066662,146,146,6.0,6.0,-100526.61380640567,1.2434497875801753e-14,100526.61380640567,17288.307277779397,1735.634677188585,1.2434497875801752e-15,True
649554,276,3,10.5,13.946477018384773,-65707.9468772784,85,85,3.7081813921340157,6.0,-111596.62876896975,0.0,111596.62876896975,21120.952822341133,1014.6602322843823,0.0,True
649554,276,4,10.0,11.209691498899055,-23801.99290243379,82,82,3.7420670870657977,6.0,-83543.7924288141,1.2434497875801738e-13,83543.7924288141,15557.463027717895,967.6789222370408,1.2434497875801737e-14,True
649554,276,5,10.0,18.67476584604744,-17504.448074807424,163,163,6.0,6.0,-33980.57116994204,2937.8135580530416,36918.384727995086,4247.008260097874,1935.4179284382144,293.78135580530414,True
649554,276,6,10.0,12.448647286038655,-16761.25819510054,71,71,3.329807169732741,6.0,-64722.32626525672,0.0,64722.32626525672,12000.248965550089,848.2636038280887,0.0,True
649554,276,7,10.5,12.964254140168164,-28771.102717726164,66,66,3.201439529192188,5.9,-65355.88810580231,0.0,65355.88810580231,12234.980630922259,765.3621519289836,0.0,True
649554,276,8,29.97131283334256,30.53867071230218,10272617.593434772,250,250,6.0,6.0,71434.82903317918,96185.80873077667,24750.979697597493,190.53402573322631,2949.7886961164204,3209.2624459136687,False
649554,276,9,11.55,11.202228973605658,-23697.469836539894,66,66,3.3279656973734357,6.0,-43562.107263976766,0.0,43562.107263976766,7865.998437902268,756.783227124223,0.0,True
649554,277,0,10.0,10.0,-35810.00646550855,93,93,4.180822162642174,6.0,-49565.02027469179,5489.898334277269,55054.91860896906,9646.384610386964,1071.5395756028431,548.9898334277269,True
649554,277,1,10.5,17.55210042119207,-83083.25051626252,73,73,3.1805261192569274,5.791963875728813,-92325.18483881264,0.0,92325.18483881264,17521.501430955614,872.0499771715411,0.0,True
649554,277,2,10.0,12.475226712938207,-38264.01861066662,146,146,6.0,6.0,-100526.61380640567,1.2434497875801753e-14,100526.61380640567,17288.307277779397,1735.634677188585,1.2434497875801752e-15,True
649554,277,3,10.5,13.946477018384773,-65707.9468772784,85,85,3.7081813921340157,6.0,-111596.62876896975,0.0,111596.62876896975,21120.952822341133,1014.6602322843823,0.0,True
649554,277,4,10.0,11.209691498899055,-23801.99290243379,82,82,3.7420670870657977,6.0,-83543.7924288141,1.2434497875801738e-13,83543.7924288141,15557.463027717895,967.6789222370408,1.2434497875801737e-14,True
649554,277,5,10.0,18.67476584604744,-17504.448074807424,163,163,6.0,6.0,-33980.57116994204,2937.8135580530416,36918.384727995086,4247.008260097874,1935.4179284382144,293.78135580530414,True
649554,277,6,10.0,12.448647286038655,-16761.25819510054,71,71,3.329807169732741,6.0,-64722.32626525672,0.0,64722.32626525672,12000.248965550089,848.2636038280887,0.0,True
649554,277,7,10.5,12.964254140168164,-28771.102717726164,66,66,3.201439529192188,5.9,-65355.88810580231,0.0,65355.88810580231,12234.980630922259,765.3621519289836,0.0,True
649554,277,8,26.974181550008304,29.01173717668707,10325973.984796342,250,250,6.0,6.0,60909.32565585719,84707.63522478855,23798.309568931363,0.0,2949.7886961164204,3140.322721849645,False
649554,277,9,11.55,11.202228973605658,-23697.469836539894,66,66,3.3279656973734357,6.0,-43562.107263976766,0.0,43562.107263976766,7865.998437902268,756.783227124223,0.0,True
649554,278,0,10.0,10.0,-35810.00646550855,93,93,4.180822162642174,6.0,-49565.02027469179,5489.898334277269,55054.91860896906,9646.384610386964,1071.5395756028431,548.9898334277269,True
649554,278,1,10.5,17.55210042119207,-83083.25051626252,73,73,3.1805261192569274,5.791963875728813,-92325.18483881264,0.0,92325.18483881264,17521.501430955614,872.0499771715411,0.0,True
649554,278,2,10.0,12.475226712938207,-38264.01861066662,146,146,6.0,6.0,-100526.61380640567,1.2434497875801753e-14,100526.61380640567,17288.307277779397,1735.634677188585,1.2434497875801752e-15,True
649554,278,3,10.5,13.946477018384773,-65707.9468772784,85,85,3.7081813921340157,6.0,-111596.62876896975,0.0,111596.62876896975,21120.952822341133,1014.6602322843823,0.0,True
649554,278,4,10.0,11.209691498899055,-23801.99290243379,82,82,3.7420670870657977,6.0,-83543.7924288141,1.2434497875801738e-13,83543.7924288141,15557.463027717895,967.6789222370408,1.2434497875801737e-14,True
649554,278,5,10.0,18.67476584604744,-17504.448074807424,163,163,6.0,6.0,-33980.57116994204,2937.8135580530416,36918.384727995086,4247.008260097874,1935.4179284382144,293.78135580530414,True
649554,278,6,10.0,12.448647286038655,-16761.25819510054,71,71,3.329807169732741,6.0,-64722.32626525672,0.0,64722.32626525672,12000.248965550089,848.2636038280887,0.0,True
649554,278,7,10.5,12.964254140168164,-28771.102717726164,66,66,3.201439529192188,5.9,-65355.88810580231,0.0,65355.88810580231,12234.980630922259,765.3621519289836,0.0,True
649554,278,8,29.671599705009136,31.91291089435578,10381422.396909548,250,250,6.0,6.0,63726.63983659579,87524.94940552715,23798.309568931363,0.0,2949.7886961164204,2949.7886961164168,False
649554,278,9,11.55,11.202228973605658,-23697.469836539894,66,66,3.3279656973734357,6.0,-43562.107263976766,0.0,43562.107263976766,7865.998437902268,756.783227124223,0.0,True
649554,279,0,10.0,10.0,-35810.00646550855,93,93,4.180822162642174,6.0,-49565.02027469179,5489.898334277269,55054.91860896906,9646.384610386964,1071.5395756028431,548.9898334277269,True
649554,279,1,10.5,17.55210042119207,-83083.25051626252,73,73,3.1805261192569274,5.791963875728813,-92325.18483881264,0.0,92325.18483881264,17521.501430955614,872.0499771715411,0.0,True
649554,279,2,10.0,12.475226712938207,-38264.01861066662,146,146,6.0,6.0,-100526.61380640567,1.2434497875801753e-14,100526.61380640567,17288.307277779397,1735.634677188585,1.2434497875801752e-15,True
649554,279,3,10.5,13.946477018384773,-65707.9468772784,85,85,3.7081813921340157,6.0,-111596.62876896975,0.0,111596.62876896975,21120.952822341133,1014.6602322843823,0.0,True
649554,279,4,10.0,11.209691498899055,-23801.99290243379,82,82,3.7420670870657977,6.0,-83543.7924288141,1.2434497875801738e-13,83543.7924288141,15557.463027717895,967.6789222370408,1.2434497875801737e-14,True
649554,279,5,10.0,18.67476584604744,-17504.448074807424,163,163,6.0,6.0,-33980.57116994204,2937.8135580530416,36918.384727995086,4247.008260097874,1935.4179284382144,293.78135580530414,True
649554,279,6,10.0,12.448647286038655,-16761.25819510054,71,71,3.329807169732741,6.0,-64722.32626525672,0.0,64722.32626525672,12000.248965550089,848.2636038280887,0.0,True
649554,279,7,10.5,12.964254140168164,-28771.102717726164,66,66,3.201439529192188,5.9,-65355.88810580231,0.0,65355.88810580231,12234.980630922259,765.3621519289836,0.0,True
649554,279,8,32.63875967551005,35.10420198379136,10444825.481190782,250,250,6.0,6.0,72479.13477714856,96277.44434607992,23798.309568931363,0.0,2949.7886961164204,2949.788696116418,False
649554,279,9,11.55,11.202228973605658,-23697.469836539894,66,66,3.3279656973734357,6.0,-43562.107263976766,0.0,43562.107263976766,7865.998437902268,756.783227124223,0.0,True
649554,280,0,10.0,10.0,-35810.00646550855,93,93,4.180822162642174,6.0,-49565.02027469179,5489.898334277269,55054.91860896906,9646.384610386964,1071.5395756028431,548.9898334277269,True
649554,280,1,10.5,17.55210042119207,-83083.25051626252,73,73,3.1805261192569274,5.791963875728813,-92325.18483881264,0.0,92325.18483881264,17521.501430955614,872.0499771715411,0.0,True
649554,280,2,10.0,12.475226712938207,-38264.01861066662,146,146,6.0,6.0,-100526.61380640567,1.2434497875801753e-14,100526.61380640567,17288.307277779397,1735.634677188585,1.2434497875801752e-15,True
649554,280,3,10.5,13.946477018384773,-65707.9468772784,85,85,3.7081813921340157,6.0,-111596.62876896975,0.0,111596.62876896975,21120.952822341133,1014.6602322843823,0.0,True
649554,280,4,10.0,11.209691498899055,-23801.99290243379,82,82,3.7420670870657977,6.0,-83543.7924288141,1.2434497875801738e-13,83543.7924288141,15557.463027717895,967.6789222370408,1.2434497875801737e-14,True
649554,280,5,10.0,18.67476584604744,-17504.448074807424,163,163,6.0,6.0,-33980.57116994204,2937.8135580530416,36918.384727995086,4247.008260097874,1935.4179284382144,293.78135580530414,True
649554,280,6,10.0,12.448647286038655,-16761.25819510054,71,71,3.329807169732741,6.0,-64722.32626525672,0.0,64722.32626525672,12000.248965550089,848.2636038280887,0.0,True
649554,280,7,10.5,12.964254140168164,-28771.102717726164,66,66,3.201439529192188,5.9,-65355.88810580231,0.0,65355.88810580231,12234.980630922259,765.3621519289836,0.0,True
649554,280,8,35.90263564306106,38.6146221821705,10516978.704857219,250,250,6.0,6.0,82106.87921175653,105905.1887806879,23798.309568931363,0.0,2949.7886961164204,2949.788696116417,False
649554,280,9,11.55,11.202228973605658,-23697.469836539894,66,66,3.3279656973734357,6.0,-43562.107263976766,0.0,43562.107263976766,7865.998437902268,756.783227124223,0.0,True
649554,281,0,10.0,10.0,-35810.00646550855,93,93,4.180822162642174,6.0,-49565.02027469179,5489.898334277269,55054.91860896906,9646.384610386964,1071.5395756028431,548.9898334277269,True
649554,281,1,10.5,17.55210042119207,-83083.25051626252,73,73,3.1805261192569274,5.791963875728813,-92325.18483881264,0.0,92325.18483881264,17521.501430955614,872.0499771715411,0.0,True
649554,281,2,10.0,12.475226712938207,-38264.01861066662,146,146,6.0,6.0,-100526.61380640567,1.2434497875801753e-14,100526.61380640567,17288.307277779397,1735.634677188585,1.2434497875801752e-15,True
649554,281,3,10.5,13.946477018384773,-65707.9468772784,85,85,3.7081813921340157,6.0,-111596.62876896975,0.0,111596.62876896975,21120.952822341133,1014.6602322843823,0.0,True
649554,281,4,10.0,11.209691498899055,-23801.99290243379,82,82,3.7420670870657977,6.0,-83543.7924288141,1.2434497875801738e-13,83543.7924288141,15557.463027717895,967.6789222370408,1.2434497875801737e-14,True
649554,281,5,10.0,18.67476584604744,-17504.448074807424,163,163,6.0,6.0,-33980.57116994204,2937.8135580530416,36918.384727995086,4247.008260097874,1935.4179284382144,293.78135580530414,True
649554,281,6,10.0,12.448647286038655,-16761.25819510054,71,71,3.329807169732741,6.0,-64722.32626525672,0.0,64722.32626525672,12000.248965550089,848.2636038280887,0.0,True
649554,281,7,10.5,12.964254140168164,-28771.102717726164,66,66,3.201439529192188,5.9,-65355.88810580231,0.0,65355.88810580231,12234.980630922259,765.3621519289836,0.0,True
649554,281,8,39.49289920736717,42.476084400387556,10597211.341458369,250,250,6.0,6.0,91151.65770114181,115123.67368348078,23972.01598233897,34.741282681521284,2949.7886961164204,2915.047413434898,False
649554,281,9,11.55,11.202228973605658,-23697.469836539894,66,66,3.3279656973734357,6.0,-43562.107263976766,0.0,43562.107263976766,7865.998437902268,756.783227124223,0.0,True
649554,282,0,10.0,10.0,-35810.00646550855,93,93,4.180822162642174,6.0,-49565.02027469179,5489.898334277269,55054.91860896906,9646.384610386964,1071.5395756028431,548.9898334277269,True
649554,282,1,10.5,17.55210042119207,-83083.25051626252,73,73,3.1805261192569274,5.791963875728813,-92325.18483881264,0.0,92325.18483881264,17521.501430955614,872.0499771715411,0.0,True
649554,282,2,10.0,12.475226712938207,-38264.01861066662,146,146,6.0,6.0,-100526.61380640567,1.2434497875801753e-14,100526.61380640567,17288.307277779397,1735.634677188585,1.2434497875801752e-15,True
649554,282,3,10.5,13.946477018384773,-65707.9468772784,85,85,3.7081813921340157,6.0,-111596.62876896975,0.0,111596.62876896975,21120.952822341133,1014.6602322843823,0.0,True
649554,282,4,10.0,11.209691498899055,-23801.99290243379,82,82,3.7420670870657977,6.0,-83543.7924288141,1.2434497875801738e-13,83543.7924288141,15557.463027717895,967.6789222370408,1.2434497875801737e-14,True
649554,282,5,10.0,18.67476584604744,-17504.448074807424,163,163,6.0,6.0,-33980.57116994204,2937.8135580530416,36918.384727995086,4247.008260097874,1935.4179284382144,293.78135580530414,True
649554,282,6,10.0,12.448647286038655,-16761.25819510054,71,71,3.329807169732741,6.0,-64722.32626525672,0.0,64722.32626525672,12000.248965550089,848.2636038280887,0.0,True
649554,282,7,10.5,12.964254140168164,-28771.102717726164,66,66,3.201439529192188,5.9,-65355.88810580231,0.0,65355.88810580231,12234.980630922259,765.3621519289836,0.0,True
649554,282,8,43.442189128103884,40.352280180368176,10676333.219088955,250,250,6.0,6.0,89509.94767581084,114995.44963291725,25485.50195710641,337.4384776350099,2949.7886961164204,2647.091501162949,False
649554,282,9,11.55,11.202228973605658,-23697.469836539894,66,66,3.3279656973734357,6.0,-43562.107263976766,0.0,43562.107263976766,7865.998437902268,756.783227124223,0.0,True
649554,283,0,10.0,10.0,-35810.00646550855,93,93,4.180822162642174,6.0,-49565.02027469179,5489.898334277269,55054.91860896906,9646.384610386964,1071.5395756028431,548.9898334277269,True
649554,283,1,10.5,17.55210042119207,-83083.25051626252,73,73,3.1805261192569274,5.791963875728813,-92325.18483881264,0.0,92325.18483881264,17521.501430955614,872.0499771715411,0.0,True
649554,283,2,10.0,12.475226712938207,-38264.01861066662,146,146,6.0,6.0,-100526.61380640567,1.2434497875801753e-14,100526.61380640567,17288.307277779397,1735.634677188585,1.2434497875801752e-15,True
649554,283,3,10.5,13.946477018384773,-65707.9468772784,85,85,3.7081813921340157,6.0,-111596.62876896975,0.0,111596.62876896975,21120.952822341133,1014.6602322843823,0.0,True
649554,283,4,10.0,11.209691498899055,-23801.99290243379,82,82,3.7420670870657977,6.0,-83543.7924288141,1.2434497875801738e-13,83543.7924288141,15557.463027717895,967.6789222370408,1.2434497875801737e-14,True
649554,283,5,10.0,18.67476584604744,-17504.448074807424,163,163,6.0,6.0,-33980.57116994204,2937.8135580530416,36918.384727995086,4247.008260097874,1935.4179284382144,293.78135580530414,True
649554,283,6,10.0,12.448647286038655,-16761.25819510054,71,71,3.329807169732741,6.0,-64722.32626525672,0.0,64722.32626525672,12000.248965550089,848.2636038280887,0.0,True
649554,283,7,10.5,12.964254140168164,-28771.102717726164,66,66,3.201439529192188,5.9,-65355.88810580231,0.0,65355.88810580231,12234.980630922259,765.3621519289836,0.0,True
649554,283,8,39.09797021529349,38.33466617134977,10754426.047616027,250,250,6.0,6.0,87976.49507008336,113673.88359995674,25697.388529873377,379.8157921884027,2949.7886961164204,2907.411381563032,False
649554,283,9,11.55,11.202228973605658,-23697.469836539894,66,66,3.3279656973734357,6.0,-43562.107263976766,0.0,43562.107263976766,7865.998437902268,756.783227124223,0.0,True
649554,284,0,10.0,10.0,-35810.00646550855,93,93,4.180822162642174,6.0,-49565.02027469179,5489.898334277269,55054.91860896906,9646.384610386964,1071.5395756028431,548.9898334277269,True
649554,284,1,10.5,17.55210042119207,-83083.25051626252,73,73,3.1805261192569274,5.791963875728813,-92325.18483881264,0.0,92325.18483881264,17521.501430955614,872.0499771715411,0.0,True
649554,284,2,10.0,12.475226712938207,-38264.01861066662,146,146,6.0,6.0,-100526.61380640567,1.2434497875801753e-14,100526.61380640567,17288.307277779397,1735.634677188585,1.2434497875801752e-15,True
649554,284,3,10.5,13.946477018384773,-65707.9468772784,85,85,3.7081813921340157,6.0,-111596.62876896975,0.0,111596.62876896975,21120.952822341133,1014.6602322843823,0.0,True
649554,284,4,10.0,11.209691498899055,-23801.99290243379,82,82,3.7420670870657977,6.0,-83543.7924288141,1.2434497875801738e-13,83543.7924288141,15557.463027717895,967.6789222370408,1.2434497875801737e-14,True
649554,284,5,10.0,18.67476584604744,-17504.448074807424,163,163,6.0,6.0,-33980.57116994204,2937.8135580530416,36918.384727995086,4247.008260097874,1935.4179284382144,293.78135580530414,True
649554,284,6,10.0,12.448647286038655,-16761.25819510054,71,71,3.329807169732741,6.0,-64722.32626525672,0.0,64722.32626525672,12000.248965550089,848.2636038280887,0.0,True
649554,284,7,10.5,12.964254140168164,-28771.102717726164,66,66,3.201439529192188,5.9,-65355.88810580231,0.0,65355.88810580231,12234.980630922259,765.3621519289836,0.0,True
649554,284,8,35.18817319376414,36.41793286278228,10832300.178942464,250,250,6.0,6.0,87278.61454204068,111834.08409195584,24555.46954991515,151.43199619675707,2949.7886961164204,3178.1724921080718,False
649554,284,9,11.55,11.202228973605658,-23697.469836539894,66,66,3.3279656973734357,6.0,-43562.107263976766,0.0,43562.107263976766,7865.998437902268,756.783227124223,0.0,True
649554,285,0,10.0,10.0,-35810.00646550855,93,93,4.180822162642174,6.0,-49565.02027469179,5489.898334277269,55054.91860896906,9646.384610386964,1071.5395756028431,548.9898334277269,True
649554,285,1,10.5,17.55210042119207,-83083.25051626252,73,73,3.1805261192569274,5.791963875728813,-92325.18483881264,0.0,92325.18483881264,17521.501430955614,872.0499771715411,0.0,True
649554,285,2,10.0,12.475226712938207,-38264.01861066662,146,146,6.0,6.0,-100526.61380640567,1.2434497875801753e-14,100526.61380640567,17288.307277779397,1735.634677188585,1.2434497875801752e-15,True
649554,285,3,10.5,13.946477018384773,-65707.9468772784,85,85,3.7081813921340157,6.0,-111596.62876896975,0.0,111596.62876896975,21120.952822341133,1014.6602322843823,0.0,True
649554,285,4,10.0,11.209691498899055,-23801.99290243379,82,82,3.7420670870657977,6.0,-83543.7924288141,1.2434497875801738e-13,83543.7924288141,15557.463027717895,967.6789222370408,1.2434497875801737e-14,True
649554,285,5,10.0,18.67476584604744,-17504.448074807424,163,163,6.0,6.0,-33980.57116994204,2937.8135580530416,36918.384727995086,4247.008260097874,1935.4179284382144,293.78135580530414,True
649554,285,6,10.0,12.448647286038655,-16761.25819510054,71,71,3.329807169732741,6.0,-64722.32626525672,0.0,64722.32626525672,12000.248965550089,848.2636038280887,0.0,True
649554,285,7,10.5,12.964254140168164,-28771.102717726164,66,66,3.201439529192188,5.9,-65355.88810580231,0.0,65355.88810580231,12234.980630922259,765.3621519289836,0.0,True
649554,285,8,38.70699051314056,34.597036219643165,10903921.374026233,250,250,6.0,6.0,80570.45413880155,106161.40099810832,25590.94685930678,358.52745807508296,2949.7886961164204,2742.693234238084,False
649554,285,9,11.55,11.202228973605658,-23697.469836539894,66,66,3.3279656973734357,6.0,-43562.107263976766,0.0,43562.107263976766,7865.998437902268,756.783227124223,0.0,True
649554,286,0,10.0,10.0,-35810.00646550855,93,93,4.180822162642174,6.0,-49565.02027469179,5489.898334277269,55054.91860896906,9646.384610386964,1071.5395756028431,548.9898334277269,True
649554,286,1,10.5,17.55210042119207,-83083.25051626252,73,73,3.1805261192569274,5.791963875728813,-92325.18483881264,0.0,92325.18483881264,17521.501430955614,872.0499771715411,0.0,True
649554,286,2,10.0,12.475226712938207,-38264.01861066662,146,146,6.0,6.0,-100526.61380640567,1.2434497875801753e-14,100526.61380640567,17288.307277779397,1735.634677188585,1.2434497875801752e-15,True
649554,286,3,10.5,13.946477018384773,-65707.9468772784,85,85,3.7081813921340157,6.0,-111596.62876896975,0.0,111596.62876896975,21120.952822341133,1014.6602322843823,0.0,True
649554,286,4,10.0,11.209691498899055,-23801.99290243379,82,82,3.7420670870657977,6.0,-83543.7924288141,1.2434497875801738e-13,83543.7924288141,15557.463027717895,967.6789222370408,1.2434497875801737e-14,True
649554,286,5,10.0,18.67476584604744,-17504.448074807424,163,163,6.0,6.0,-33980.57116994204,2937.8135580530416,36918.384727995086,4247.008260097874,1935.4179284382144,293.78135580530414,True
649554,286,6,10.0,12.448647286038655,-16761.25819510054,71,71,3.329807169732741,6.0,-64722.32626525672,0.0,64722.32626525672,12000.248965550089,848.2636038280887,0.0,True
649554,286,7,10.5,12.964254140168164,-28771.102717726164,66,66,3.201439529192188,5.9,-65355.88810580231,0.0,65355.88810580231,12234.980630922259,765.3621519289836,0.0,True
649554,286,8,34.836291461826505,32.867184408661004,10972950.371350436,250,250,6.0,6.0,77545.79342620504,103089.41641286168,25543.622986656643,349.06268354505613,2949.7886961164204,2959.253470646459,False
649554,286,9,11.55,11.202228973605658,-23697.469836539894,66,66,3.3279656973734357,6.0,-43562.107263976766,0.0,43562.107263976766,7865.998437902268,756.783227124223,0.0,True
649554,287,0,10.0,10.0,-35810.00646550855,93,93,4.180822162642174,6.0,-49565.02027469179,5489.898334277269,55054.91860896906,9646.384610386964,1071.5395756028431,548.9898334277269,True
649554,287,1,10.5,17.55210042119207,-83083.25051626252,73,73,3.1805261192569274,5.791963875728813,-92325.18483881264,0.0,92325.18483881264,17521.501430955614,872.0499771715411,0.0,True
649554,287,2,10.0,12.475226712938207,-38264.01861066662,146,146,6.0,6.0,-100526.61380640567,1.2434497875801753e-14,100526.61380640567,17288.307277779397,1735.634677188585,1.2434497875801752e-15,True
649554,287,3,10.5,13.946477018384773,-65707.9468772784,85,85,3.7081813921340157,6.0,-111596.62876896975,0.0,111596.62876896975,21120.952822341133,1014.6602322843823,0.0,True
649554,287,4,10.0,11.209691498899055,-23801.99290243379,82,82,3.7420670870657977,6.0,-83543.7924288141,1.2434497875801738e-13,83543.7924288141,15557.463027717895,967.6789222370408,1.2434497875801737e-14,True
649554,287,5,10.0,18.67476584604744,-17504.448074807424,163,163,6.0,6.0,-33980.57116994204,2937.8135580530416,36918.384727995086,4247.008260097874,1935.4179284382144,293.78135580530414,True
649554,287,6,10.0,12.448647286038655,-16761.25819510054,71,71,3.329807169732741,6.0,-64722.32626525672,0.0,64722.32626525672,12000.248965550089,848.2636038280887,0.0,True
649554,287,7,10.5,12.964254140168164,-28771.102717726164,66,66,3.201439529192188,5.9,-65355.88810580231,0.0,65355.88810580231,12234.980630922259,765.3621519289836,0.0,True
649554,287,8,31.352662315643855,31.223825188227952,11039166.010620344,250,250,6.0,6.0,74321.59556699771,98849.95733320768,24528.36176620998,146.01043945572286,2949.7886961164204,3152.8409402057414,False
649554,287,9,11.55,11.202228973605658,-23697.469836539894,66,66,3.3279656973734357,6.0,-43562.107263976766,0.0,43562.107263976766,7865.998437902268,756.783227124223,0.0,True
649554,288,0,10.0,10.0,-35810.00646550855,93,93,4.180822162642174,6.0,-49565.02027469179,5489.898334277269,55054.91860896906,9646.384610386964,1071.5395756028431,548.9898334277269,True
649554,288,1,10.5,17.55210042119207,-83083.25051626252,73,73,3.1805261192569274,5.791963875728813,-92325.18483881264,0.0,92325.18483881264,17521.501430955614,872.0499771715411,0.0,True
649554,288,2,10.0,12.475226712938207,-38264.01861066662,146,146,6.0,6.0,-100526.61380640567,1.2434497875801753e-14,100526.61380640567,17288.307277779397,1735.634677188585,1.2434497875801752e-15,True
649554,288,3,10.5,13.946477018384773,-65707.9468772784,85,85,3.7081813921340157,6.0,-111596.62876896975,0.0,111596.62876896975,21120.952822341133,1014.6602322843823,0.0,True
649554,288,4,10.0,11.209691498899055,-23801.99290243379,82,82,3.7420670870657977,6.0,-83543.7924288141,1.2434497875801738e-13,83543.7924288141,15557.463027717895,967.6789222370408,1.2434497875801737e-14,True
649554,288,5,10.0,18.67476584604744,-17504.448074807424,163,163,6.0,6.0,-33980.57116994204,2937.8135580530416,36918.384727995086,4247.008260097874,1935.4179284382144,293.78135580530414,True
649554,288,6,10.0,12.448647286038655,-16761.25819510054,71,71,3.329807169732741,6.0,-64722.32626525672,0.0,64722.32626525672,12000.248965550089,848.2636038280887,0.0,True
649554,288,7,10.5,12.964254140168164,-28771.102717726164,66,66,3.201439529192188,5.9,-65355.88810580231,0.0,65355.88810580231,12234.980630922259,765.3621519289836,0.0,True
649554,288,8,34.48792854720824,29.662633928816554,11099338.42467846,250,250,6.0,6.0,67888.07254046618,93595.99320189796,25707.920661431774,381.9222185000818,2949.7886961164204,2713.87691707203,False
649554,288,9,11.55,11.202228973605658,-23697.469836539894,66,66,3.3279656973734357,6.0,-43562.107263976766,0.0,43562.107263976766,7865.998437902268,756.783227124223,0.0,True
649554,289,0,10.0,10.0,-35810.00646550855,93,93,4.180822162642174,6.0,-49565.02027469179,5489.898334277269,55054.91860896906,9646.384610386964,1071.5395756028431,548.9898334277269,True
649554,289,1,10.5,17.55210042119207,-83083.25051626252,73,73,3.1805261192569274,5.791963875728813,-92325.18483881264,0.0,92325.18483881264,17521.501430955614,872.0499771715411,0.0,True
649554,289,2,10.0,12.475226712938207,-38264.01861066662,146,146,6.0,6.0,-100526.61380640567,1.2434497875801753e-14,100526.61380640567,17288.307277779397,1735.634677188585,1.2434497875801752e-15,True
649554,289,3,10.5,13.946477018384773,-65707.9468772784,85,85,3.7081813921340157,6.0,-111596.62876896975,0.0,111596.62876896975,21120.952822341133,1014.6602322843823,0.0,True
649554,289,4,10.0,11.209691498899055,-23801.99290243379,82,82,3.7420670870657977,6.0,-83543.7924288141,1.2434497875801738e-13,83543.7924288141,15557.463027717895,967.6789222370408,1.2434497875801737e-14,True
649554,289,5,10.0,18.67476584604744,-17504.448074807424,163,163,6.0,6.0,-33980.57116994204,2937.8135580530416,36918.384727995086,4247.008260097874,1935.4179284382144,293.78135580530414,True
649554,289,6,10.0,12.448647286038655,-16761.25819510054,71,71,3.329807169732741,6.0,-64722.32626525672,0.0,64722.32626525672,12000.248965550089,848.2636038280887,0.0,True
649554,289,7,10.5,12.964254140168164,-28771.102717726164,66,66,3.201439529192188,5.9,-65355.88810580231,0.0,65355.88810580231,12234.980630922259,765.3621519289836,0.0,True
649554,289,8,31.039135692487417,28.179502232375725,11155809.928983137,250,250,6.0,6.0,63816.379862677655,89806.57575625902,25990.195893581356,438.3772649299987,2949.7886961164204,2893.3336496864963,False
649554,289,9,11.55,11.202228973605658,-23697.469836539894,66,66,3.3279656973734357,6.0,-43562.107263976766,0.0,43562.107263976766,7865.998437902268,756.783227124223,0.0,True
649554,290,0,10.0,10.0,-35810.00646550855,93,93,4.180822162642174,6.0,-49565.02027469179,5489.898334277269,55054.91860896906,9646.384610386964,1071.5395756028431,548.9898334277269,True
649554,290,1,10.5,17.55210042119207,-83083.25051626252,73,73,3.1805261192569274,5.791963875728813,-92325.18483881264,0.0,92325.18483881264,17521.501430955614,872.0499771715411,0.0,True
649554,290,2,10.0,12.475226712938207,-38264.01861066662,146,146,6.0,6.0,-100526.61380640567,1.2434497875801753e-14,100526.61380640567,17288.307277779397,1735.634677188585,1.2434497875801752e-15,True
649554,290,3,10.5,13.946477018384773,-65707.9468772784,85,85,3.7081813921340157,6.0,-111596.62876896975,0.0,111596.62876896975,21120.952822341133,1014.6602322843823,0.0,True
649554,290,4,10.0,11.209691498899055,-23801.99290243379,82,82,3.7420670870657977,6.0,-83543.7924288141,1.2434497875801738e-13,83543.7924288141,15557.463027717895,967.6789222370408,1.2434497875801737e-14,True
649554,290,5,10.0,18.67476584604744,-17504.448074807424,163,163,6.0,6.0,-33980.57116994204,2937.8135580530416,36918.384727995086,4247.008260097874,1935.4179284382144,293.78135580530414,True
649554,290,6,10.0,12.448647286038655,-16761.25819510054,71,71,3.329807169732741,6.0,-64722.32626525672,0.0,64722.32626525672,12000.248965550089,848.2636038280887,0.0,True
649554,290,7,10.5,12.964254140168164,-28771.102717726164,66,66,3.201439529192188,5.9,-65355.88810580231,0.0,65355.88810580231,12234.980630922259,765.3621519289836,0.0,True
649554,290,8,27.935222123238674,26.770527120756938,11211550.922631841,250,250,6.0,6.0,62733.62542887447,87764.2378625093,25030.61243363483,246.4605729406931,2949.7886961164204,3141.7053881057286,False
649554,290,9,11.55,11.202228973605658,-23697.469836539894,66,66,3.3279656973734357,6.0,-43562.107263976766,0.0,43562.107263976766,7865.998437902268,756.783227124223,0.0,True
649554,291,0,10.0,10.0,-35810.00646550855,93,93,4.180822162642174,6.0,-49565.02027469179,5489.898334277269,55054.91860896906,9646.384610386964,1071.5395756028431,548.9898334277269,True
649554,291,1,10.5,17.55210042119207,-83083.25051626252,73,73,3.1805261192569274,5.791963875728813,-92325.18483881264,0.0,92325.18483881264,17521.501430955614,872.0499771715411,0.0,True
649554,291,2,10.0,12.475226712938207,-38264.01861066662,146,146,6.0,6.0,-100526.61380640567,1.2434497875801753e-14,100526.61380640567,17288.307277779397,1735.634677188585,1.2434497875801752e-15,True
649554,291,3,10.5,13.946477018384773,-65707.9468772784,85,85,3.7081813921340157,6.0,-111596.62876896975,0.0,111596.62876896975,21120.952822341133,1014.6602322843823,0.0,True
649554,291,4,10.0,11.209691498899055,-23801.99290243379,82,82,3.7420670870657977,6.0,-83543.7924288141,1.2434497875801738e-13,83543.7924288141,15557.463027717895,967.6789222370408,1.2434497875801737e-14,True
649554,291,5,10.0,18.67476584604744,-17504.448074807424,163,163,6.0,6.0,-33980.57116994204,2937.8135580530416,36918.384727995086,4247.008260097874,1935.4179284382144,293.78135580530414,True
649554,291,6,10.0,12.448647286038655,-16761.25819510054,71,71,3.329807169732741,6.0,-64722.32626525672,0.0,64722.32626525672,12000.248965550089,848.2636038280887,0.0,True
649554,291,7,10.5,12.964254140168164,-28771.102717726164,66,66,3.201439529192188,5.9,-65355.88810580231,0.0,65355.88810580231,12234.980630922259,765.3621519289836,0.0,True
649554,291,8,25.141699910914806,25.43200076471909,11261453.75283463,250,250,6.0,6.0,56560.83039418327,80359.13996311463,23798.309568931363,0.0,2949.7886961164204,3196.2492690571094,False
649554,291,9,11.55,11.202228973605658,-23697.469836539894,66,66,3.3279656973734357,6.0,-43562.107263976766,0.0,43562.107263976766,7865.998437902268,756.783227124223,0.0,True
649554,292,0,10.0,10.0,-35810.00646550855,93,93,4.180822162642174,6.0,-49565.02027469179,5489.898334277269,55054.91860896906,9646.384610386964,1071.5395756028431,548.9898334277269,True
649554,292,1,10.5,17.55210042119207,-83083.25051626252,73,73,3.1805261192569274,5.791963875728813,-92325.18483881264,0.0,92325.18483881264,17521.501430955614,872.0499771715411,0.0,True
649554,292,2,10.0,12.475226712938207,-38264.01861066662,146,146,6.0,6.0,-100526.61380640567,1.2434497875801753e-14,100526.61380640567,17288.307277779397,1735.634677188585,1.2434497875801752e-15,True
649554,292,3,10.5,13.946477018384773,-65707.9468772784,85,85,3.7081813921340157,6.0,-111596.62876896975,0.0,111596.62876896975,21120.952822341133,1014.6602322843823,0.0,True
649554,292,4,10.0,11.209691498899055,-23801.99290243379,82,82,3.7420670870657977,6.0,-83543.7924288141,1.2434497875801738e-13,83543.7924288141,15557.463027717895,967.6789222370408,1.2434497875801737e-14,True
649554,292,5,10.0,18.67476584604744,-17504.448074807424,163,163,6.0,6.0,-33980.57116994204,2937.8135580530416,36918.384727995086,4247.008260097874,1935.4179284382144,293.78135580530414,True
649554,292,6,10.0,12.448647286038655,-16761.25819510054,71,71,3.329807169732741,6.0,-64722.32626525672,0.0,64722.32626525672,12000.248965550089,848.2636038280887,0.0,True
649554,292,7,10.5,12.964254140168164,-28771.102717726164,66,66,3.201439529192188,5.9,-65355.88810580231,0.0,65355.88810580231,12234.980630922259,765.3621519289836,0.0,True
649554,292,8,27.655869902006287,27.975200841191,11311940.615473602,250,250,6.0,6.0,57780.662849273314,81578.97241820468,23798.309568931363,0.0,2949.7886961164204,2949.7886961164277,False
649554,292,9,11.55,11.202228973605658,-23697.469836539894,66,66,3.3279656973734357,6.0,-43562.107263976766,0.0,43562.107263976766,7865.998437902268,756.783227124223,0.0,True
649554,293,0,10.0,10.0,-35810.00646550855,93,93,4.180822162642174,6.0,-49565.02027469179,5489.898334277269,55054.91860896906,9646.384610386964,1071.5395756028431,548.9898334277269,True
649554,293,1,10.5,17.55210042119207,-83083.25051626252,73,73,3.1805261192569274,5.791963875728813,-92325.18483881264,0.0,92325.18483881264,17521.501430955614,872.0499771715411,0.0,True
649554,293,2,10.0,12.475226712938207,-38264.01861066662,146,146,6.0,6.0,-100526.61380640567,1.2434497875801753e-14,100526.61380640567,17288.307277779397,1735.634677188585,1.2434497875801752e-15,True
649554,293,3,10.5,13.946477018384773,-65707.9468772784,85,85,3.7081813921340157,6.0,-111596.62876896975,0.0,111596.62876896975,21120.952822341133,1014.6602322843823,0.0,True
649554,293,4,10.0,11.209691498899055,-23801.99290243379,82,82,3.7420670870657977,6.0,-83543.7924288141,1.2434497875801738e-13,83543.7924288141,15557.463027717895,967.6789222370408,1.2434497875801737e-14,True
649554,293,5,10.0,18.67476584604744,-17504.448074807424,163,163,6.0,6.0,-33980.57116994204,2937.8135580530416,36918.384727995086,4247.008260097874,1935.4179284382144,293.78135580530414,True
649554,293,6,10.0,12.448647286038655,-16761.25819510054,71,71,3.329807169732741,6.0,-64722.32626525672,0.0,64722.32626525672,12000.248965550089,848.2636038280887,0.0,True
649554,293,7,10.5,12.964254140168164,-28771.102717726164,66,66,3.201439529192188,5.9,-65355.88810580231,0.0,65355.88810580231,12234.980630922259,765.3621519289836,0.0,True
649554,293,8,30.42145689220692,30.772720925310104,11369885.995333318,250,250,6.0,6.0,65938.56009109337,89736.86966002473,23798.309568931363,0.0,2949.7886961164204,2949.7886961164136,False
649554,293,9,11.55,11.202228973605658,-23697.469836539894,66,66,3.3279656973734357,6.0,-43562.107263976766,0.0,43562.107263976766,7865.998437902268,756.783227124223,0.0,True
649554,294,0,10.0,10.0,-35810.00646550855,93,93,4.180822162642174,6.0,-49565.02027469179,5489.898334277269,55054.91860896906,9646.384610386964,1071.5395756028431,548.9898334277269,True
649554,294,1,10.5,17.55210042119207,-83083.25051626252,73,73,3.1805261192569274,5.791963875728813,-92325.18483881264,0.0,92325.18483881264,17521.501430955614,872.0499771715411,0.0,True
649554,294,2,10.0,12.475226712938207,-38264.01861066662,146,146,6.0,6.0,-100526.61380640567,1.2434497875801753e-14,100526.61380640567,17288.307277779397,1735.634677188585,1.2434497875801752e-15,True
649554,294,3,10.5,13.946477018384773,-65707.9468772784,85,85,3.7081813921340157,6.0,-111596.62876896975,0.0,111596.62876896975,21120.952822341133,1014.6602322843823,0.0,True
649554,294,4,10.0,11.209691498899055,-23801.99290243379,82,82,3.7420670870657977,6.0,-83543.7924288141,1.2434497875801738e-13,83543.7924288141,15557.463027717895,967.6789222370408,1.2434497875801737e-14,True
649554,294,5,10.0,18.67476584604744,-17504.448074807424,163,163,6.0,6.0,-33980.57116994204,2937.8135580530416,36918.384727995086,4247.008260097874,1935.4179284382144,293.78135580530414,True
649554,294,6,10.0,12.448647286038655,-16761.25819510054,71,71,3.329807169732741,6.0,-64722.32626525672,0.0,64722.32626525672,12000.248965550089,848.2636038280887,0.0,True
649554,294,7,10.5,12.964254140168164,-28771.102717726164,66,66,3.201439529192188,5.9,-65355.88810580231,0.0,65355.88810580231,12234.980630922259,765.3621519289836,0.0,True
649554,294,8,33.463602581427615,33.849993017841115,11433129.366117861,250,250,6.0,6.0,72005.86903915167,96181.98747450311,24176.11843535144,75.56177328401532,2949.7886961164204,2874.2269228324017,False
649554,294,9,11.55,11.202228973605658,-23697.469836539894,66,66,3.3279656973734357,6.0,-43562.107263976766,0.0,43562.107263976766,7865.998437902268,756.783227124223,0.0,True
649554,295,0,10.0,10.0,-35810.00646550855,93,93,4.180822162642174,6.0,-49565.02027469179,5489.898334277269,55054.91860896906,9646.384610386964,1071.5395756028431,548.9898334277269,True
649554,295,1,10.5,17.55210042119207,-83083.25051626252,73,73,3.1805261192569274,5.791963875728813,-92325.18483881264,0.0,92325.18483881264,17521.501430955614,872.0499771715411,0.0,True
649554,295,2,10.0,12.475226712938207,-38264.01861066662,146,146,6.0,6.0,-100526.61380640567,1.2434497875801753e-14,100526.61380640567,17288.307277779397,1735.634677188585,1.2434497875801752e-15,True
649554,295,3,10.5,13.946477018384773,-65707.9468772784,85,85,3.7081813921340157,6.0,-111596.62876896975,0.0,111596.62876896975,21120.952822341133,1014.6602322843823,0.0,True
649554,295,4,10.0,11.209691498899055,-23801.99290243379,82,82,3.7420670870657977,6.0,-83543.7924288141,1.2434497875801738e-13,83543.7924288141,15557.463027717895,967.6789222370408,1.2434497875801737e-14,True
649554,295,5,10.0,18.67476584604744,-17504.448074807424,163,163,6.0,6.0,-33980.57116994204,2937.8135580530416,36918.384727995086,4247.008260097874,1935.4179284382144,293.78135580530414,True
649554,295,6,10.0,12.448647286038655,-16761.25819510054,71,71,3.329807169732741,6.0,-64722.32626525672,0.0,64722.32626525672,12000.248965550089,848.2636038280887,0.0,True
649554,295,7,10.5,12.964254140168164,-28771.102717726164,66,66,3.201439529192188,5.9,-65355.88810580231,0.0,65355.88810580231,12234.980630922259,765.3621519289836,0.0,True
649554,295,8,36.80996283957038,32.157493366949055,11493296.79407909,250,250,6.0,6.0,68506.80130317573,94584.22405337528,26077.422750199552,455.8226362536375,2949.7886961164204,2569.5278331467935,False
649554,295,9,11.55,11.202228973605658,-23697.469836539894,66,66,3.3279656973734357,6.0,-43562.107263976766,0.0,43562.107263976766,7865.998437902268,756.783227124223,0.0,True
649554,296,0,10.0,10.0,-35810.00646550855,93,93,4.180822162642174,6.0,-49565.02027469179,5489.898334277269,55054.91860896906,9646.384610386964,1071.5395756028431,548.9898334277269,True
649554,296,1,10.5,17.55210042119207,-83083.25051626252,73,73,3.1805261192569274,5.791963875728813,-92325.18483881264,0.0,92325.18483881264,17521.501430955614,872.0499771715411,0.0,True
649554,296,2,10.0,12.475226712938207,-38264.01861066662,146,146,6.0,6.0,-100526.61380640567,1.2434497875801753e-14,100526.61380640567,17288.307277779397,1735.634677188585,1.2434497875801752e-15,True
649554,296,3,10.5,13.946477018384773,-65707.9468772784,85,85,3.7081813921340157,6.0,-111596.62876896975,0.0,111596.62876896975,21120.952822341133,1014.6602322843823,0.0,True
649554,296,4,10.0,11.209691498899055,-23801.99290243379,82,82,3.7420670870657977,6.0,-83543.7924288141,1.2434497875801738e-13,83543.7924288141,15557.463027717895,967.6789222370408,1.2434497875801737e-14,True
649554,296,5,10.0,18.67476584604744,-17504.448074807424,163,163,6.0,6.0,-33980.57116994204,2937.8135580530416,36918.384727995086,4247.008260097874,1935.4179284382144,293.78135580530414,True
649554,296,6,10.0,12.448647286038655,-16761.25819510054,71,71,3.329807169732741,6.0,-64722.32626525672,0.0,64722.32626525672,12000.248965550089,848.2636038280887,0.0,True
649554,296,7,10.5,12.964254140168164,-28771.102717726164,66,66,3.201439529192188,5.9,-65355.88810580231,0.0,65355.88810580231,12234.980630922259,765.3621519289836,0.0,True
649554,296,8,33.128966555613346,30.549618698601602,11551184.52146259,250,250,6.0,6.0,65825.13205816464,92665.87162196226,26840.73956379762,608.4859989732512,2949.7886961164204,2797.125333396825,False
649554,296,9,11.55,11.202228973605658,-23697.469836539894,66,66,3.3279656973734357,6.0,-43562.107263976766,0.0,43562.107263976766,7865.998437902268,756.783227124223,0.0,True
649554,297,0,10.0,10.0,-35810.00646550855,93,93,4.180822162642174,6.0,-49565.02027469179,5489.898334277269,55054.91860896906,9646.384610386964,1071.5395756028431,548.9898334277269,True
649554,297,1,10.5,17.55210042119207,-83083.25051626252,73,73,3.1805261192569274,5.791963875728813,-92325.18483881264,0.0,92325.18483881264,17521.501430955614,872.0499771715411,0.0,True
649554,297,2,10.0,12.475226712938207,-38264.01861066662,146,146,6.0,6.0,-100526.61380640567,1.2434497875801753e-14,100526.61380640567,17288.307277779397,1735.634677188585,1.2434497875801752e-15,True
649554,297,3,10.5,13.946477018384773,-65707.9468772784,85,85,3.7081813921340157,6.0,-111596.62876896975,0.0,111596.62876896975,21120.952822341133,1014.6602322843823,0.0,True
649554,297,4,10.0,11.209691498899055,-23801.99290243379,82,82,3.7420670870657977,6.0,-83543.7924288141,1.2434497875801738e-13,83543.7924288141,15557.463027717895,967.6789222370408,1.2434497875801737e-14,True
649554,297,5,10.0,18.67476584604744,-17504.448074807424,163,163,6.0,6.0,-33980.57116994204,2937.8135580530416,36918.384727995086,4247.008260097874,1935.4179284382144,293.78135580530414,True
649554,297,6,10.0,12.448647286038655,-16761.25819510054,71,71,3.329807169732741,6.0,-64722.32626525672,0.0,64722.32626525672,12000.248965550089,848.2636038280887,0.0,True
649554,297,7,10.5,12.964254140168164,-28771.102717726164,66,66,3.201439529192188,5.9,-65355.88810580231,0.0,65355.88810580231,12234.980630922259,765.3621519289836,0.0,True
649554,297,8,29.81606990005201,29.02213776367152,11607545.70605638,250,250,6.0,6.0,63916.71903453668,90354.43312007096,26437.71408553427,527.8809033205811,2949.7886961164204,3030.3937917690937,False
649554,297,9,11.55,11.202228973605658,-23697.469836539894,66,66,3.3279656973734357,6.0,-43562.107263976766,0.0,43562.107263976766,7865.998437902268,756.783227124223,0.0,True
649554,298,0,10.0,10.0,-35810.00646550855,93,93,4.180822162642174,6.0,-49565.02027469179,5489.898334277269,55054.91860896906,9646.384610386964,1071.5395756028431,548.9898334277269,True
649554,298,1,10.5,17.55210042119207,-83083.25051626252,73,73,3.1805261192569274,5.791963875728813,-92325.18483881264,0.0,92325.18483881264,17521.501430955614,872.0499771715411,0.0,True
649554,298,2,10.0,12.475226712938207,-38264.01861066662,146,146,6.0,6.0,-100526.61380640567,1.2434497875801753e-14,100526.61380640567,17288.307277779397,1735.634677188585,1.2434497875801752e-15,True
649554,298,3,10.5,13.946477018384773,-65707.9468772784,85,85,3.7081813921340157,6.0,-111596.62876896975,0.0,111596.62876896975,21120.952822341133,1014.6602322843823,0.0,True
649554,298,4,10.0,11.209691498899055,-23801.99290243379,82,82,3.7420670870657977,6.0,-83543.7924288141,1.2434497875801738e-13,83543.7924288141,15557.463027717895,967.6789222370408,1.2434497875801737e-14,True
649554,298,5,10.0,18.67476584604744,-17504.448074807424,163,163,6.0,6.0,-33980.57116994204,2937.8135580530416,36918.384727995086,4247.008260097874,1935.4179284382144,293.78135580530414,True
649554,298,6,10.0,12.448647286038655,-16761.25819510054,71,71,3.329807169732741,6.0,-64722.32626525672,0.0,64722.32626525672,12000.248965550089,848.2636038280887,0.0,True
649554,298,7,10.5,12.964254140168164,-28771.102717726164,66,66,3.201439529192188,5.9,-65355.88810580231,0.0,65355.88810580231,12234.980630922259,765.3621519289836,0.0,True
649554,298,8,26.83446291004681,27.571030875487942,11669876.034648022,250,250,6.0,6.0,69523.08631055822,93321.39587948959,23798.309568931363,0.0,2949.7886961164204,3477.6695994370025,False
649554,298,9,11.55,11.202228973605658,-23697.469836539894,66,66,3.3279656973734357,6.0,-43562.107263976766,0.0,43562.107263976766,7865.998437902268,756.783227124223,0.0,True
649554,299,0,10.0,10.0,-35810.00646550855,93,93,4.180822162642174,6.0,-49565.02027469179,5489.898334277269,55054.91860896906,9646.384610386964,1071.5395756028431,548.9898334277269,True
649554,299,1,10.5,17.55210042119207,-83083.25051626252,73,73,3.1805261192569274,5.791963875728813,-92325.18483881264,0.0,92325.18483881264,17521.501430955614,872.0499771715411,0.0,True
649554,299,2,10.0,12.475226712938207,-38264.01861066662,146,146,6.0,6.0,-100526.61380640567,1.2434497875801753e-14,100526.61380640567,17288.307277779397,1735.634677188585,1.2434497875801752e-15,True
649554,299,3,10.5,13.946477018384773,-65707.9468772784,85,85,3.7081813921340157,6.0,-111596.62876896975,0.0,111596.62876896975,21120.952822341133,1014.6602322843823,0.0,True
649554,299,4,10.0,11.209691498899055,-23801.99290243379,82,82,3.7420670870657977,6.0,-83543.7924288141,1.2434497875801738e-13,83543.7924288141,15557.463027717895,967.6789222370408,1.2434497875801737e-14,True
649554,299,5,10.0,18.67476584604744,-17504.448074807424,163,163,6.0,6.0,-33980.57116994204,2937.8135580530416,36918.384727995086,4247.008260097874,1935.4179284382144,293.78135580530414,True
649554,299,6,10.0,12.448647286038655,-16761.25819510054,71,71,3.329807169732741,6.0,-64722.32626525672,0.0,64722.32626525672,12000.248965550089,848.2636038280887,0.0,True
649554,299,7,10.5,12.964254140168164,-28771.102717726164,66,66,3.201439529192188,5.9,-65355.88810580231,0.0,65355.88810580231,12234.980630922259,765.3621519289836,0.0,True
649554,299,8,29.51790920105149,30.328133963036738,11725267.28648258,250,250,6.0,6.0,63273.28532532118,87071.59489425254,23798.309568931363,0.0,2949.7886961164204,2949.7886961164195,False
649554,299,9,11.55,11.202228973605658,-23697.469836539894,66,66,3.3279656973734357,6.0,-43562.107263976766,0.0,43562.107263976766,7865.998437902268,756.783227124223,0.0,True
649554,300,0,10.0,10.0,-35810.00646550855,93,93,4.180822162642174,6.0,-49565.02027469179,5489.898334277269,55054.91860896906,9646.384610386964,1071.5395756028431,548.9898334277269,True
649554,300,1,10.5,17.55210042119207,-83083.25051626252,73,73,3.1805261192569274,5.791963875728813,-92325.18483881264,0.0,92325.18483881264,17521.501430955614,872.0499771715411,0.0,True
649554,300,2,10.0,12.475226712938207,-38264.01861066662,146,146,6.0,6.0,-100526.61380640567,1.2434497875801753e-14,100526.61380640567,17288.307277779397,1735.634677188585,1.2434497875801752e-15,True
649554,300,3,10.5,13.946477018384773,-65707.9468772784,85,85,3.7081813921340157,6.0,-111596.62876896975,0.0,111596.62876896975,21120.952822341133,1014.6602322843823,0.0,True
649554,300,4,10.0,11.209691498899055,-23801.99290243379,82,82,3.7420670870657977,6.0,-83543.7924288141,1.2434497875801738e-13,83543.7924288141,15557.463027717895,967.6789222370408,1.2434497875801737e-14,True
649554,300,5,10.0,18.67476584604744,-17504.448074807424,163,163,6.0,6.0,-33980.57116994204,2937.8135580530416,36918.384727995086,4247.008260097874,1935.4179284382144,293.78135580530414,True
649554,300,6,10.0,12.448647286038655,-16761.25819510054,71,71,3.329807169732741,6.0,-64722.32626525672,0.0,64722.32626525672,12000.248965550089,848.2636038280887,0.0,True
649554,300,7,10.5,12.964254140168164,-28771.102717726164,66,66,3.201439529192188,5.9,-65355.88810580231,0.0,65355.88810580231,12234.980630922259,765.3621519289836,0.0,True
649554,300,8,32.46970012115664,33.360947359340415,11784066.23708528,250,250,6.0,6.0,67439.18744253772,91843.48763289455,24404.300190356833,121.1981242850939,2949.7886961164204,2828.590571831339,False
649554,300,9,11.55,11.202228973605658,-23697.469836539894,66,66,3.3279656973734357,6.0,-43562.107263976766,0.0,43562.107263976766,7865.998437902268,756.783227124223,0.0,True
649554,301,0,10.0,10.0,-35810.00646550855,93,93,4.180822162642174,6.0,-49565.02027469179,5489.898334277269,55054.91860896906,9646.384610386964,1071.5395756028431,548.9898334277269,True
649554,301,1,10.5,17.55210042119207,-83083.25051626252,73,73,3.1805261192569274,5.791963875728813,-92325.18483881264,0.0,92325.18483881264,17521.501430955614,872.0499771715411,0.0,True
649554,301,2,10.0,12.475226712938207,-38264.01861066662,146,146,6.0,6.0,-100526.61380640567,1.2434497875801753e-14,100526.61380640567,17288.307277779397,1735.634677188585,1.2434497875801752e-15,True
649554,301,3,10.5,13.946477018384773,-65707.9468772784,85,85,3.7081813921340157,6.0,-111596.62876896975,0.0,111596.62876896975,21120.952822341133,1014.6602322843823,0.0,True
649554,301,4,10.0,11.209691498899055,-23801.99290243379,82,82,3.7420670870657977,6.0,-83543.7924288141,1.2434497875801738e-13,83543.7924288141,15557.463027717895,967.6789222370408,1.2434497875801737e-14,True
649554,301,5,10.0,18.67476584604744,-17504.448074807424,163,163,6.0,6.0,-33980.57116994204,2937.8135580530416,36918.384727995086,4247.008260097874,1935.4179284382144,293.78135580530414,True
649554,301,6,10.0,12.448647286038655,-16761.25819510054,71,71,3.329807169732741,6.0,-64722.32626525672,0.0,64722.32626525672,12000.248965550089,848.2636038280887,0.0,True
649554,301,7,10.5,12.964254140168164,-28771.102717726164,66,66,3.201439529192188,5.9,-65355.88810580231,0.0,65355.88810580231,12234.980630922259,765.3621519289836,0.0,True
649554,301,8,35.71667013327231,31.69289999137339,11841196.600007981,250,250,6.0,6.0,65353.5879204083,91673.41087579282,26319.822955384516,504.3026772906304,2949.7886961164204,2566.684143110903,False
649554,301,9,11.55,11.202228973605658,-23697.469836539894,66,66,3.3279656973734357,6.0,-43562.107263976766,0.0,43562.107263976766,7865.998437902268,756.783227124223,0.0,True
649554,302,0,10.0,10.0,-35810.00646550855,93,93,4.180822162642174,6.0,-49565.02027469179,5489.898334277269,55054.91860896906,9646.384610386964,1071.5395756028431,548.9898334277269,True
649554,302,1,10.5,17.55210042119207,-83083.25051626252,73,73,3.1805261192569274,5.791963875728813,-92325.18483881264,0.0,92325.18483881264,17521.501430955614,872.0499771715411,0.0,True
649554,302,2,10.0,12.475226712938207,-38264.01861066662,146,146,6.0,6.0,-100526.61380640567,1.2434497875801753e-14,100526.61380640567,17288.307277779397,1735.634677188585,1.2434497875801752e-15,True
649554,302,3,10.5,13.946477018384773,-65707.9468772784,85,85,3.7081813921340157,6.0,-111596.62876896975,0.0,111596.62876896975,21120.952822341133,1014.6602322843823,0.0,True
649554,302,4,10.0,11.209691498899055,-23801.99290243379,82,82,3.7420670870657977,6.0,-83543.7924288141,1.2434497875801738e-13,83543.7924288141,15557.463027717895,967.6789222370408,1.2434497875801737e-14,True
649554,302,5,10.0,18.67476584604744,-17504.448074807424,163,163,6.0,6.0,-33980.57116994204,2937.8135580530416,36918.384727995086,4247.008260097874,1935.4179284382144,293.78135580530414,True
649554,302,6,10.0,12.448647286038655,-16761.25819510054,71,71,3.329807169732741,6.0,-64722.32626525672,0.0,64722.32626525672,12000.248965550089,848.2636038280887,0.0,True
649554,302,7,10.5,12.964254140168164,-28771.102717726164,66,66,3.201439529192188,5.9,-65355.88810580231,0.0,65355.88810580231,12234.980630922259,765.3621519289836,0.0,True
649554,302,8,32.14500311994508,30.10825499180472,11896497.040526705,250,250,6.0,6.0,63127.50426659259,90170.65999442455,27043.155727831967,648.9692317801209,2949.7886961164204,2805.122141626926,False
649554,302,9,11.55,11.202228973605658,-23697.469836539894,66,66,3.3279656973734357,6.0,-43562.107263976766,0.0,43562.107263976766,7865.998437902268,756.783227124223,0.0,True
649554,303,0,10.0,10.0,-35810.00646550855,93,93,4.180822162642174,6.0,-49565.02027469179,5489.898334277269,55054.91860896906,9646.384610386964,1071.5395756028431,548.9898334277269,True
649554,303,1,10.5,17.55210042119207,-83083.25051626252,73,73,3.1805261192569274,5.791963875728813,-92325.18483881264,0.0,92325.18483881264,17521.501430955614,872.0499771715411,0.0,True
649554,303,2,10.0,12.475226712938207,-38264.01861066662,146,146,6.0,6.0,-100526.61380640567,1.2434497875801753e-14,100526.61380640567,17288.307277779397,1735.634677188585,1.2434497875801752e-15,True
649554,303,3,10.5,13.946477018384773,-65707.9468772784,85,85,3.7081813921340157,6.0,-111596.62876896975,0.0,111596.62876896975,21120.952822341133,1014.6602322843823,0.0,True
649554,303,4,10.0,11.209691498899055,-23801.99290243379,82,82,3.7420670870657977,6.0,-83543.7924288141,1.2434497875801738e-13,83543.7924288141,15557.463027717895,967.6789222370408,1.2434497875801737e-14,True
649554,303,5,10.0,18.67476584604744,-17504.448074807424,163,163,6.0,6.0,-33980.57116994204,2937.8135580530416,36918.384727995086,4247.008260097874,1935.4179284382144,293.78135580530414,True
649554,303,6,10.0,12.448647286038655,-16761.25819510054,71,71,3.329807169732741,6.0,-64722.32626525672,0.0,64722.32626525672,12000.248965550089,848.2636038280887,0.0,True
649554,303,7,10.5,12.964254140168164,-28771.102717726164,66,66,3.201439529192188,5.9,-65355.88810580231,0.0,65355.88810580231,12234.980630922259,765.3621519289836,0.0,True
649554,303,8,28.930502807950575,28.602842242214482,11950688.746020334,250,250,6.0,6.0,61642.416054009474,88192.40172112537,26549.985667115892,550.3352196369057,2949.7886961164204,3048.422708259625,False
649554,303,9,11.55,11.202228973605658,-23697.469836539894,66,66,3.3279656973734357,6.0,-43562.107263976766,0.0,43562.107263976766,7865.998437902268,756.783227124223,0.0,True
649554,304,0,10.0,10.0,-35810.00646550855,93,93,4.180822162642174,6.0,-49565.02027469179,5489.898334277269,55054.91860896906,9646.384610386964,1071.5395756028431,548.9898334277269,True
649554,304,1,10.5,17.55210042119207,-83083.25051626252,73,73,3.1805261192569274,5.791963875728813,-92325.18483881264,0.0,92325.18483881264,17521.501430955614,872.0499771715411,0.0,True
649554,304,2,10.0,12.475226712938207,-38264.01861066662,146,146,6.0,6.0,-100526.61380640567,1.2434497875801753e-14,100526.61380640567,17288.307277779397,1735.634677188585,1.2434497875801752e-15,True
649554,304,3,10.5,13.946477018384773,-65707.9468772784,85,85,3.7081813921340157,6.0,-111596.62876896975,0.0,111596.62876896975,21120.952822341133,1014.6602322843823,0.0,True
649554,304,4,10.0,11.209691498899055,-23801.99290243379,82,82,3.7420670870657977,6.0,-83543.7924288141,1.2434497875801738e-13,83543.7924288141,15557.463027717895,967.6789222370408,1.2434497875801737e-14,True
649554,304,5,10.0,18.67476584604744,-17504.448074807424,163,163,6.0,6.0,-33980.57116994204,2937.8135580530416,36918.384727995086,4247.008260097874,1935.4179284382144,293.78135580530414,True
649554,304,6,10.0,12.448647286038655,-16761.25819510054,71,71,3.329807169732741,6.0,-64722.32626525672,0.0,64722.32626525672,12000.248965550089,848.2636038280887,0.0,True
649554,304,7,10.5,12.964254140168164,-28771.102717726164,66,66,3.201439529192188,5.9,-65355.88810580231,0.0,65355.88810580231,12234.980630922259,765.3621519289836,0.0,True
649554,304,8,26.03745252715552,27.172700130103756,12010931.571714628,250,250,6.0,6.0,67336.00072665751,91134.31029558888,23798.309568931363,0.0,2949.7886961164204,3500.1239157533246,False
649554,304,9,11.55,11.202228973605658,-23697.469836539894,66,66,3.3279656973734357,6.0,-43562.107263976766,0.0,43562.107263976766,7865.998437902268,756.783227124223,0.0,True
649554,305,0,10.0,10.0,-35810.00646550855,93,93,4.180822162642174,6.0,-49565.02027469179,5489.898334277269,55054.91860896906,9646.384610386964,1071.5395756028431,548.9898334277269,True
649554,305,1,10.5,17.55210042119207,-83083.25051626252,73,73,3.1805261192569274,5.791963875728813,-92325.18483881264,0.0,92325.18483881264,17521.501430955614,872.0499771715411,0.0,True
649554,305,2,10.0,12.475226712938207,-38264.01861066662,146,146,6.0,6.0,-100526.61380640567,1.2434497875801753e-14,100526.61380640567,17288.307277779397,1735.634677188585,1.2434497875801752e-15,True
649554,305,3,10.5,13.946477018384773,-65707.9468772784,85,85,3.7081813921340157,6.0,-111596.62876896975,0.0,111596.62876896975,21120.952822341133,1014.6602322843823,0.0,True
649554,305,4,10.0,11.209691498899055,-23801.99290243379,82,82,3.7420670870657977,6.0,-83543.7924288141,1.2434497875801738e-13,83543.7924288141,15557.463027717895,967.6789222370408,1.2434497875801737e-14,True
649554,305,5,10.0,18.67476584604744,-17504.448074807424,163,163,6.0,6.0,-33980.57116994204,2937.8135580530416,36918.384727995086,4247.008260097874,1935.4179284382144,293.78135580530414,True
649554,305,6,10.0,12.448647286038655,-16761.25819510054,71,71,3.329807169732741,6.0,-64722.32626525672,0.0,64722.32626525672,12000.248965550089,848.2636038280887,0.0,True
649554,305,7,10.5,12.964254140168164,-28771.102717726164,66,66,3.201439529192188,5.9,-65355.88810580231,0.0,65355.88810580231,12234.980630922259,765.3621519289836,0.0,True
649554,305,8,28.641197779871074,29.889970143114134,12063846.251064397,250,250,6.0,6.0,60687.17188536712,84485.48145429848,23798.309568931363,0.0,2949.7886961164204,2949.788696116423,False
649554,305,9,11.55,11.202228973605658,-23697.469836539894,66,66,3.3279656973734357,6.0,-43562.107263976766,0.0,43562.107263976766,7865.998437902268,756.783227124223,0.0,True
649554,306,0,10.0,10.0,-35810.00646550855,93,93,4.180822162642174,6.0,-49565.02027469179,5489.898334277269,55054.91860896906,9646.384610386964,1071.5395756028431,548.9898334277269,True
649554,306,1,10.5,17.55210042119207,-83083.25051626252,73,73,3.1805261192569274,5.791963875728813,-92325.18483881264,0.0,92325.18483881264,17521.501430955614,872.0499771715411,0.0,True
649554,306,2,10.0,12.475226712938207,-38264.01861066662,146,146,6.0,6.0,-100526.61380640567,1.2434497875801753e-14,100526.61380640567,17288.307277779397,1735.634677188585,1.2434497875801752e-15,True
649554,306,3,10.5,13.946477018384773,-65707.9468772784,85,85,3.7081813921340157,6.0,-111596.62876896975,0.0,111596.62876896975,21120.952822341133,1014.6602322843823,0.0,True
649554,306,4,10.0,11.209691498899055,-23801.99290243379,82,82,3.7420670870657977,6.0,-83543.7924288141,1.2434497875801738e-13,83543.7924288141,15557.463027717895,967.6789222370408,1.2434497875801737e-14,True
649554,306,5,10.0,18.67476584604744,-17504.448074807424,163,163,6.0,6.0,-33980.57116994204,2937.8135580530416,36918.384727995086,4247.008260097874,1935.4179284382144,293.78135580530414,True
649554,306,6,10.0,12.448647286038655,-16761.25819510054,71,71,3.329807169732741,6.0,-64722.32626525672,0.0,64722.32626525672,12000.248965550089,848.2636038280887,0.0,True
649554,306,7,10.5,12.964254140168164,-28771.102717726164,66,66,3.201439529192188,5.9,-65355.88810580231,0.0,65355.88810580231,12234.980630922259,765.3621519289836,0.0,True
649554,306,8,31.505317557858184,32.87896715742555,12123869.876772996,250,250,6.0,6.0,68543.36749775796,92422.80942940606,23879.441931648096,16.2264725433463,2949.7886961164204,2933.5622235730675,False
649554,306,9,11.55,11.202228973605658,-23697.469836539894,66,66,3.3279656973734357,6.0,-43562.107263976766,0.0,43562.107263976766,7865.998437902268,756.783227124223,0.0,True
649554,307,0,10.0,10.0,-35810.00646550855,93,93,4.180822162642174,6.0,-49565.02027469179,5489.898334277269,55054.91860896906,9646.384610386964,1071.5395756028431,548.9898334277269,True
649554,307,1,10.5,17.55210042119207,-83083.25051626252,73,73,3.1805261192569274,5.791963875728813,-92325.18483881264,0.0,92325.18483881264,17521.501430955614,872.0499771715411,0.0,True
649554,307,2,10.0,12.475226712938207,-38264.01861066662,146,146,6.0,6.0,-100526.61380640567,1.2434497875801753e-14,100526.61380640567,17288.307277779397,1735.634677188585,1.2434497875801752e-15,True
649554,307,3,10.5,13.946477018384773,-65707.9468772784,85,85,3.7081813921340157,6.0,-111596.62876896975,0.0,111596.62876896975,21120.952822341133,1014.6602322843823,0.0,True
649554,307,4,10.0,11.209691498899055,-23801.99290243379,82,82,3.7420670870657977,6.0,-83543.7924288141,1.2434497875801738e-13,83543.7924288141,15557.463027717895,967.6789222370408,1.2434497875801737e-14,True
649554,307,5,10.0,18.67476584604744,-17504.448074807424,163,163,6.0,6.0,-33980.57116994204,2937.8135580530416,36918.384727995086,4247.008260097874,1935.4179284382144,293.78135580530414,True
649554,307,6,10.0,12.448647286038655,-16761.25819510054,71,71,3.329807169732741,6.0,-64722.32626525672,0.0,64722.32626525672,12000.248965550089,848.2636038280887,0.0,True
649554,307,7,10.5,12.964254140168164,-28771.102717726164,66,66,3.201439529192188,5.9,-65355.88810580231,0.0,65355.88810580231,12234.980630922259,765.3621519289836,0.0,True
649554,307,8,34.655849313644005,36.166863873168104,12187109.216421286,250,250,6.0,6.0,72581.05561668894,97187.6204206468,24606.564803957845,161.65104700529622,2949.7886961164204,2804.364121654466,False
649554,307,9,11.55,11.202228973605658,-23697.469836539894,66,66,3.3279656973734357,6.0,-43562.107263976766,0.0,43562.107263976766,7865.998437902268,756.783227124223,0.0,True
649554,308,0,10.0,10.0,-35810.00646550855,93,93,4.180822162642174,6.0,-49565.02027469179,5489.898334277269,55054.91860896906,9646.384610386964,1071.5395756028431,548.9898334277269,True
649554,308,1,10.5,17.55210042119207,-83083.25051626252,73,73,3.1805261192569274,5.791963875728813,-92325.18483881264,0.0,92325.18483881264,17521.501430955614,872.0499771715411,0.0,True
649554,308,2,10.0,12.475226712938207,-38264.01861066662,146,146,6.0,6.0,-100526.61380640567,1.2434497875801753e-14,100526.61380640567,17288.307277779397,1735.634677188585,1.2434497875801752e-15,True
649554,308,3,10.5,13.946477018384773,-65707.9468772784,85,85,3.7081813921340157,6.0,-111596.62876896975,0.0,111596.62876896975,21120.952822341133,1014.6602322843823,0.0,True
649554,308,4,10.0,11.209691498899055,-23801.99290243379,82,82,3.7420670870657977,6.0,-83543.7924288141,1.2434497875801738e-13,83543.7924288141,15557.463027717895,967.6789222370408,1.2434497875801737e-14,True
649554,308,5,10.0,18.67476584604744,-17504.448074807424,163,163,6.0,6.0,-33980.57116994204,2937.8135580530416,36918.384727995086,4247.008260097874,1935.4179284382144,293.78135580530414,True
649554,308,6,10.0,12.448647286038655,-16761.25819510054,71,71,3.329807169732741,6.0,-64722.32626525672,0.0,64722.32626525672,12000.248965550089,848.2636038280887,0.0,True
649554,308,7,10.5,12.964254140168164,-28771.102717726164,66,66,3.201439529192188,5.9,-65355.88810580231,0.0,65355.88810580231,12234.980630922259,765.3621519289836,0.0,True
649554,308,8,31.190264382279604,34.358520679509695,12251467.90488006,250,250,6.0,6.0,73248.31862856742,97046.62819749878,23798.309568931363,0.0,2949.7886961164204,3111.439743121726,False
649554,308,9,11.55,11.202228973605658,-23697.469836539894,66,66,3.3279656973734357,6.0,-43562.107263976766,0.0,43562.107263976766,7865.998437902268,756.783227124223,0.0,True
649554,309,0,10.0,10.0,-35810.00646550855,93,93,4.180822162642174,6.0,-49565.02027469179,5489.898334277269,55054.91860896906,9646.384610386964,1071.5395756028431,548.9898334277269,True
649554,309,1,10.5,17.55210042119207,-83083.25051626252,73,73,3.1805261192569274,5.791963875728813,-92325.18483881264,0.0,92325.18483881264,17521.501430955614,872.0499771715411,0.0,True
649554,309,2,10.0,12.475226712938207,-38264.01861066662,146,146,6.0,6.0,-100526.61380640567,1.2434497875801753e-14,100526.61380640567,17288.307277779397,1735.634677188585,1.2434497875801752e-15,True
649554,309,3,10.5,13.946477018384773,-65707.9468772784,85,85,3.7081813921340157,6.0,-111596.62876896975,0.0,111596.62876896975,21120.952822341133,1014.6602322843823,0.0,True
649554,309,4,10.0,11.209691498899055,-23801.99290243379,82,82,3.7420670870657977,6.0,-83543.7924288141,1.2434497875801738e-13,83543.7924288141,15557.463027717895,967.6789222370408,1.2434497875801737e-14,True
649554,309,5,10.0,18.67476584604744,-17504.448074807424,163,163,6.0,6.0,-33980.57116994204,2937.8135580530416,36918.384727995086,4247.008260097874,1935.4179284382144,293.78135580530414,True
649554,309,6,10.0,12.448647286038655,-16761.25819510054,71,71,3.329807169732741,6.0,-64722.32626525672,0.0,64722.32626525672,12000.248965550089,848.2636038280887,0.0,True
649554,309,7,10.5,12.964254140168164,-28771.102717726164,66,66,3.201439529192188,5.9,-65355.88810580231,0.0,65355.88810580231,12234.980630922259,765.3621519289836,0.0,True
649554,309,8,34.30929082050757,37.79437274746067,12319126.160358552,250,250,6.0,6.0,77406.84866517267,101205.15823410403,23798.309568931363,0.0,2949.7886961164204,2949.7886961164186,False
649554,309,9,11.55,11.202228973605658,-23697.469836539894,66,66,3.3279656973734357,6.0,-43562.107263976766,0.0,43562.107263976766,7865.998437902268,756.783227124223,0.0,True
649554,310,0,10.0,10.0,-35810.00646550855,93,93,4.180822162642174,6.0,-49565.02027469179,5489.898334277269,55054.91860896906,9646.384610386964,1071.5395756028431,548.9898334277269,True
649554,310,1,10.5,17.55210042119207,-83083.25051626252,73,73,3.1805261192569274,5.791963875728813,-92325.18483881264,0.0,92325.18483881264,17521.501430955614,872.0499771715411,0.0,True
649554,310,2,10.0,12.475226712938207,-38264.01861066662,146,146,6.0,6.0,-100526.61380640567,1.2434497875801753e-14,100526.61380640567,17288.307277779397,1735.634677188585,1.2434497875801752e-15,True
649554,310,3,10.5,13.946477018384773,-65707.9468772784,85,85,3.7081813921340157,6.0,-111596.62876896975,0.0,111596.62876896975,21120.952822341133,1014.6602322843823,0.0,True
649554,310,4,10.0,11.209691498899055,-23801.99290243379,82,82,3.7420670870657977,6.0,-83543.7924288141,1.2434497875801738e-13,83543.7924288141,15557.463027717895,967.6789222370408,1.2434497875801737e-14,True
649554,310,5,10.0,18.67476584604744,-17504.448074807424,163,163,6.0,6.0,-33980.57116994204,2937.8135580530416,36918.384727995086,4247.008260097874,1935.4179284382144,293.78135580530414,True
649554,310,6,10.0,12.448647286038655,-16761.25819510054,71,71,3.329807169732741,6.0,-64722.32626525672,0.0,64722.32626525672,12000.248965550089,848.2636038280887,0.0,True
649554,310,7,10.5,12.964254140168164,-28771.102717726164,66,66,3.201439529192188,5.9,-65355.88810580231,0.0,65355.88810580231,12234.980630922259,765.3621519289836,0.0,True
649554,310,8,37.74021990255833,41.57381002220674,12394580.17234812,250,250,6.0,6.0,86147.46449514848,110107.20280691044,23959.73831176196,32.28574856611989,2949.7886961164204,2917.5029475503006,False
649554,310,9,11.55,11.202228973605658,-23697.469836539894,66,66,3.3279656973734357,6.0,-43562.107263976766,0.0,43562.107263976766,7865.998437902268,756.783227124223,0.0,True
649554,311,0,10.0,10.0,-35810.00646550855,93,93,4.180822162642174,6.0,-49565.02027469179,5489.898334277269,55054.91860896906,9646.384610386964,1071.5395756028431,548.9898334277269,True
649554,311,1,10.5,17.55210042119207,-83083.25051626252,73,73,3.1805261192569274,5.791963875728813,-92325.18483881264,0.0,92325.18483881264,17521.501430955614,872.0499771715411,0.0,True
649554,311,2,10.0,12.475226712938207,-38264.01861066662,146,146,6.0,6.0,-100526.61380640567,1.2434497875801753e-14,100526.61380640567,17288.307277779397,1735.634677188585,1.2434497875801752e-15,True
649554,311,3,10.5,13.946477018384773,-65707.9468772784,85,85,3.7081813921340157,6.0,-111596.62876896975,0.0,111596.62876896975,21120.952822341133,1014.6602322843823,0.0,True
649554,311,4,10.0,11.209691498899055,-23801.99290243379,82,82,3.7420670870657977,6.0,-83543.7924288141,1.2434497875801738e-13,83543.7924288141,15557.463027717895,967.6789222370408,1.2434497875801737e-14,True
649554,311,5,10.0,18.67476584604744,-17504.448074807424,163,163,6.0,6.0,-33980.57116994204,2937.8135580530416,36918.384727995086,4247.008260097874,1935.4179284382144,293.78135580530414,True
649554,311,6,10.0,12.448647286038655,-16761.25819510054,71,71,3.329807169732741,6.0,-64722.32626525672,0.0,64722.32626525672,12000.248965550089,848.2636038280887,0.0,True
649554,311,7,10.5,12.964254140168164,-28771.102717726164,66,66,3.201439529192188,5.9,-65355.88810580231,0.0,65355.88810580231,12234.980630922259,765.3621519289836,0.0,True
649554,311,8,41.51424189281417,39.495119521096406,12470085.788503837,250,250,6.0,6.0,85679.396036066,111017.1109194958,25337.71488342979,307.88106289968596,2949.7886961164204,2674.1933817828453,False
649554,311,9,11.55,11.202228973605658,-23697.469836539894,66,66,3.3279656973734357,6.0,-43562.107263976766,0.0,43562.107263976766,7865.998437902268,756.783227124223,0.0,True
649554,312,0,10.0,10.0,-35810.00646550855,93,93,4.180822162642174,6.0,-49565.02027469179,5489.898334277269,55054.91860896906,9646.384610386964,1071.5395756028431,548.9898334277269,True
649554,312,1,10.5,17.55210042119207,-83083.25051626252,73,73,3.1805261192569274,5.791963875728813,-92325.18483881264,0.0,92325.18483881264,17521.501430955614,872.0499771715411,0.0,True
649554,312,2,10.0,12.475226712938207,-38264.01861066662,146,146,6.0,6.0,-100526.61380640567,1.2434497875801753e-14,100526.61380640567,17288.307277779397,1735.634677188585,1.2434497875801752e-15,True
649554,312,3,10.5,13.946477018384773,-65707.9468772784,85,85,3.7081813921340157,6.0,-111596.62876896975,0.0,111596.62876896975,21120.952822341133,1014.6602322843823,0.0,True
649554,312,4,10.0,11.209691498899055,-23801.99290243379,82,82,3.7420670870657977,6.0,-83543.7924288141,1.2434497875801738e-13,83543.7924288141,15557.463027717895,967.6789222370408,1.2434497875801737e-14,True
649554,312,5,10.0,18.67476584604744,-17504.448074807424,163,163,6.0,6.0,-33980.57116994204,2937.8135580530416,36918.384727995086,4247.008260097874,1935.4179284382144,293.78135580530414,True
649554,312,6,10.0,12.448647286038655,-16761.25819510054,71,71,3.329807169732741,6.0,-64722.32626525672,0.0,64722.32626525672,12000.248965550089,848.2636038280887,0.0,True
649554,312,7,10.5,12.964254140168164,-28771.102717726164,66,66,3.201439529192188,5.9,-65355.88810580231,0.0,65355.88810580231,12234.980630922259,765.3621519289836,0.0,True
649554,312,8,37.362817703532755,37.52036354504158,12545469.439443525,250,250,6.0,6.0,85063.74182594952,110379.14476193483,25315.402935985312,303.41867341079006,2949.7886961164204,2954.2510856053073,False
649554,312,9,11.55,11.202228973605658,-23697.469836539894,66,66,3.3279656973734357,6.0,-43562.107263976766,0.0,43562.107263976766,7865.998437902268,756.783227124223,0.0,True
649554,313,0,10.0,10.0,-35810.00646550855,93,93,4.180822162642174,6.0,-49565.02027469179,5489.898334277269,55054.91860896906,9646.384610386964,1071.5395756028431,548.9898334277269,True
649554,313,1,10.5,17.55210042119207,-83083.25051626252,73,73,3.1805261192569274,5.791963875728813,-92325.18483881264,0.0,92325.18483881264,17521.501430955614,872.0499771715411,0.0,True
649554,313,2,10.0,12.475226712938207,-38264.01861066662,146,146,6.0,6.0,-100526.61380640567,1.2434497875801753e-14,100526.61380640567,17288.307277779397,1735.634677188585,1.2434497875801752e-15,True
649554,313,3,10.5,13.946477018384773,-65707.9468772784,85,85,3.7081813921340157,6.0,-111596.62876896975,0.0,111596.62876896975,21120.952822341133,1014.6602322843823,0.0,True
649554,313,4,10.0,11.209691498899055,-23801.99290243379,82,82,3.7420670870657977,6.0,-83543.7924288141,1.2434497875801738e-13,83543.7924288141,15557.463027717895,967.6789222370408,1.2434497875801737e-14,True
649554,313,5,10.0,18.67476584604744,-17504.448074807424,163,163,6.0,6.0,-33980.57116994204,2937.8135580530416,36918.384727995086,4247.008260097874,1935.4179284382144,293.78135580530414,True
649554,313,6,10.0,12.448647286038655,-16761.25819510054,71,71,3.329807169732741,6.0,-64722.32626525672,0.0,64722.32626525672,12000.248965550089,848.2636038280887,0.0,True
649554,313,7,10.5,12.964254140168164,-28771.102717726164,66,66,3.201439529192188,5.9,-65355.88810580231,0.0,65355.88810580231,12234.980630922259,765.3621519289836,0.0,True
649554,313,8,33.62653593317948,35.644345367789505,12621096.225358289,250,250,6.0,6.0,84837.87225659608,108734.28959854582,23896.417341949746,19.621554603676643,2949.7886961164204,3233.5858149235382,False
649554,313,9,11.55,11.202228973605658,-23697.469836539894,66,66,3.3279656973734357,6.0,-43562.107263976766,0.0,43562.107263976766,7865.998437902268,756.783227124223,0.0,True
649554,314,0,10.0,10.0,-35810.00646550855,93,93,4.180822162642174,6.0,-49565.02027469179,5489.898334277269,55054.91860896906,9646.384610386964,1071.5395756028431,548.9898334277269,True
649554,314,1,10.5,17.55210042119207,-83083.25051626252,73,73,3.1805261192569274,5.791963875728813,-92325.18483881264,0.0,92325.18483881264,17521.501430955614,872.0499771715411,0.0,True
649554,314,2,10.0,12.475226712938207,-38264.01861066662,146,146,6.0,6.0,-100526.61380640567,1.2434497875801753e-14,100526.61380640567,17288.307277779397,1735.634677188585,1.2434497875801752e-15,True
649554,314,3,10.5,13.946477018384773,-65707.9468772784,85,85,3.7081813921340157,6.0,-111596.62876896975,0.0,111596.62876896975,21120.952822341133,1014.6602322843823,0.0,True
649554,314,4,10.0,11.209691498899055,-23801.99290243379,82,82,3.7420670870657977,6.0,-83543.7924288141,1.2434497875801738e-13,83543.7924288141,15557.463027717895,967.6789222370408,1.2434497875801737e-14,True
649554,314,5,10.0,18.67476584604744,-17504.448074807424,163,163,6.0,6.0,-33980.57116994204,2937.8135580530416,36918.384727995086,4247.008260097874,1935.4179284382144,293.78135580530414,True
649554,314,6,10.0,12.448647286038655,-16761.25819510054,71,71,3.329807169732741,6.0,-64722.32626525672,0.0,64722.32626525672,12000.248965550089,848.2636038280887,0.0,True
649554,314,7,10.5,12.964254140168164,-28771.102717726164,66,66,3.201439529192188,5.9,-65355.88810580231,0.0,65355.88810580231,12234.980630922259,765.3621519289836,0.0,True
649554,314,8,36.989189526497434,39.20877990456846,12696972.30216636,250,250,6.0,6.0,85978.27178431806,109783.66617594204,23805.394391623988,1.416964538524959,2949.7886961164204,2967.99328618157,False
649554,314,9,11.55,11.202228973605658,-23697.469836539894,66,66,3.3279656973734357,6.0,-43562.107263976766,0.0,43562.107263976766,7865.998437902268,756.783227124223,0.0,True
649554,315,0,10.0,10.0,-35810.00646550855,93,93,4.180822162642174,6.0,-49565.02027469179,5489.898334277269,55054.91860896906,9646.384610386964,1071.5395756028431,548.9898334277269,True
649554,315,1,10.5,17.55210042119207,-83083.25051626252,73,73,3.1805261192569274,5.791963875728813,-92325.18483881264,0.0,92325.18483881264,17521.501430955614,872.0499771715411,0.0,True
649554,315,2,10.0,12.475226712938207,-38264.01861066662,146,146,6.0,6.0,-100526.61380640567,1.2434497875801753e-14,100526.61380640567,17288.307277779397,1735.634677188585,1.2434497875801752e-15,True
649554,315,3,10.5,13.946477018384773,-65707.9468772784,85,85,3.7081813921340157,6.0,-111596.62876896975,0.0,111596.62876896975,21120.952822341133,1014.6602322843823,0.0,True
649554,315,4,10.0,11.209691498899055,-23801.99290243379,82,82,3.7420670870657977,6.0,-83543.7924288141,1.2434497875801738e-13,83543.7924288141,15557.463027717895,967.6789222370408,1.2434497875801737e-14,True
649554,315,5,10.0,18.67476584604744,-17504.448074807424,163,163,6.0,6.0,-33980.57116994204,2937.8135580530416,36918.384727995086,4247.008260097874,1935.4179284382144,293.78135580530414,True
649554,315,6,10.0,12.448647286038655,-16761.25819510054,71,71,3.329807169732741,6.0,-64722.32626525672,0.0,64722.32626525672,12000.248965550089,848.2636038280887,0.0,True
649554,315,7,10.5,12.964254140168164,-28771.102717726164,66,66,3.201439529192188,5.9,-65355.88810580231,0.0,65355.88810580231,12234.980630922259,765.3621519289836,0.0,True
649554,315,8,40.68810847914718,43.12965789502531,12776483.585260622,250,250,6.0,6.0,90593.6975678551,115014.37574839259,24420.678180537492,124.47372232122557,2949.7886961164204,2826.731938333725,False
649554,315,9,11.55,11.202228973605658,-23697.469836539894,66,66,3.3279656973734357,6.0,-43562.107263976766,0.0,43562.107263976766,7865.998437902268,756.783227124223,0.0,True
649554,316,0,10.0,10.0,-35810.00646550855,93,93,4.180822162642174,6.0,-49565.02027469179,5489.898334277269,55054.91860896906,9646.384610386964,1071.5395756028431,548.9898334277269,True
649554,316,1,10.5,17.55210042119207,-83083.25051626252,73,73,3.1805261192569274,5.791963875728813,-92325.18483881264,0.0,92325.18483881264,17521.501430955614,872.0499771715411,0.0,True
649554,316,2,10.0,12.475226712938207,-38264.01861066662,146,146,6.0,6.0,-100526.61380640567,1.2434497875801753e-14,100526.61380640567,17288.307277779397,1735.634677188585,1.2434497875801752e-15,True
649554,316,3,10.5,13.946477018384773,-65707.9468772784,85,85,3.7081813921340157,6.0,-111596.62876896975,0.0,111596.62876896975,21120.952822341133,1014.6602322843823,0.0,True
649554,316,4,10.0,11.209691498899055,-23801.99290243379,82,82,3.7420670870657977,6.0,-83543.7924288141,1.2434497875801738e-13,83543.7924288141,15557.463027717895,967.6789222370408,1.2434497875801737e-14,True
649554,316,5,10.0,18.67476584604744,-17504.448074807424,163,163,6.0,6.0,-33980.57116994204,2937.8135580530416,36918.384727995086,4247.008260097874,1935.4179284382144,293.78135580530414,True
649554,316,6,10.0,12.448647286038655,-16761.25819510054,71,71,3.329807169732741,6.0,-64722.32626525672,0.0,64722.32626525672,12000.248965550089,848.2636038280887,0.0,True
649554,316,7,10.5,12.964254140168164,-28771.102717726164,66,66,3.201439529192188,5.9,-65355.88810580231,0.0,65355.88810580231,12234.980630922259,765.3621519289836,0.0,True
649554,316,8,36.61929763123246,40.97317500027404,12854719.312438872,250,250,6.0,6.0,88779.02092834927,112577.33049728064,23798.309568931363,0.0,2949.7886961164204,3074.262418437645,False
649554,316,9,11.55,11.202228973605658,-23697.469836539894,66,66,3.3279656973734357,6.0,-43562.107263976766,0.0,43562.107263976766,7865.998437902268,756.783227124223,0.0,True
649554,317,0,10.0,10.0,-35810.00646550855,93,93,4.180822162642174,6.0,-49565.02027469179,5489.898334277269,55054.91860896906,9646.384610386964,1071.5395756028431,548.9898334277269,True
649554,317,1,10.5,17.55210042119207,-83083.25051626252,73,73,3.1805261192569274,5.791963875728813,-92325.18483881264,0.0,92325.18483881264,17521.501430955614,872.0499771715411,0.0,True
649554,317,2,10.0,12.475226712938207,-38264.01861066662,146,146,6.0,6.0,-100526.61380640567,1.2434497875801753e-14,100526.61380640567,17288.307277779397,1735.634677188585,1.2434497875801752e-15,True
649554,317,3,10.5,13.946477018384773,-65707.9468772784,85,85,3.7081813921340157,6.0,-111596.62876896975,0.0,111596.62876896975,21120.952822341133,1014.6602322843823,0.0,True
649554,317,4,10.0,11.209691498899055,-23801.99290243379,82,82,3.7420670870657977,6.0,-83543.7924288141,1.2434497875801738e-13,83543.7924288141,15557.463027717895,967.6789222370408,1.2434497875801737e-14,True
649554,317,5,10.0,18.67476584604744,-17504.448074807424,163,163,6.0,6.0,-33980.57116994204,2937.8135580530416,36918.384727995086,4247.008260097874,1935.4179284382144,293.78135580530414,True
649554,317,6,10.0,12.448647286038655,-16761.25819510054,71,71,3.329807169732741,6.0,-64722.32626525672,0.0,64722.32626525672,12000.248965550089,848.2636038280887,0.0,True
649554,317,7,10.5,12.964254140168164,-28771.102717726164,66,66,3.201439529192188,5.9,-65355.88810580231,0.0,65355.88810580231,12234.980630922259,765.3621519289836,0.0,True
649554,317,8,40.28122739435571,45.07049250030145,12938174.488978395,250,250,6.0,6.0,95022.7996646341,118821.10923356547,23798.309568931363,0.0,2949.7886961164204,2949.788696116418,False
649554,317,9,11.55,11.202228973605658,-23697.469836539894,66,66,3.3279656973734357,6.0,-43562.107263976766,0.0,43562.107263976766,7865.998437902268,756.783227124223,0.0,True
649554,318,0,10.0,10.0,-35810.00646550855,93,93,4.180822162642174,6.0,-49565.02027469179,5489.898334277269,55054.91860896906,9646.384610386964,1071.5395756028431,548.9898334277269,True
649554,318,1,10.5,17.55210042119207,-83083.25051626252,73,73,3.1805261192569274,5.791963875728813,-92325.18483881264,0.0,92325.18483881264,17521.501430955614,872.0499771715411,0.0,True
649554,318,2,10.0,12.475226712938207,-38264.01861066662,146,146,6.0,6.0,-100526.61380640567,1.2434497875801753e-14,100526.61380640567,17288.307277779397,1735.634677188585,1.2434497875801752e-15,True
649554,318,3,10.5,13.946477018384773,-65707.9468772784,85,85,3.7081813921340157,6.0,-111596.62876896975,0.0,111596.62876896975,21120.952822341133,1014.6602322843823,0.0,True
649554,318,4,10.0,11.209691498899055,-23801.99290243379,82,82,3.7420670870657977,6.0,-83543.7924288141,1.2434497875801738e-13,83543.7924288141,15557.463027717895,967.6789222370408,1.2434497875801737e-14,True
649554,318,5,10.0,18.67476584604744,-17504.448074807424,163,163,6.0,6.0,-33980.57116994204,2937.8135580530416,36918.384727995086,4247.008260097874,1935.4179284382144,293.78135580530414,True
649554,318,6,10.0,12.448647286038655,-16761.25819510054,71,71,3.329807169732741,6.0,-64722.32626525672,0.0,64722.32626525672,12000.248965550089,848.2636038280887,0.0,True
649554,318,7,10.5,12.964254140168164,-28771.102717726164,66,66,3.201439529192188,5.9,-65355.88810580231,0.0,65355.88810580231,12234.980630922259,765.3621519289836,0.0,True
649554,318,8,44.309350133791284,49.5775417503316,13032385.014128905,250,250,6.0,6.0,106904.9105879909,130703.22015692227,23798.309568931363,0.0,2949.7886961164204,2949.7886961164236,False
649554,318,9,11.55,11.202228973605658,-23697.469836539894,66,66,3.3279656973734357,6.0,-43562.107263976766,0.0,43562.107263976766,7865.998437902268,756.783227124223,0.0,True
649554,319,0,10.0,10.0,-35810.00646550855,93,93,4.180822162642174,6.0,-49565.02027469179,5489.898334277269,55054.91860896906,9646.384610386964,1071.5395756028431,548.9898334277269,True
649554,319,1,10.5,17.55210042119207,-83083.25051626252,73,73,3.1805261192569274,5.791963875728813,-92325.18483881264,0.0,92325.18483881264,17521.501430955614,872.0499771715411,0.0,True
649554,319,2,10.0,12.475226712938207,-38264.01861066662,146,146,6.0,6.0,-100526.61380640567,1.2434497875801753e-14,100526.61380640567,17288.307277779397,1735.634677188585,1.2434497875801752e-15,True
649554,319,3,10.5,13.946477018384773,-65707.9468772784,85,85,3.7081813921340157,6.0,-111596.62876896975,0.0,111596.62876896975,21120.952822341133,1014.6602322843823,0.0,True
649554,319,4,10.0,11.209691498899055,-23801.99290243379,82,82,3.7420670870657977,6.0,-83543.7924288141,1.2434497875801738e-13,83543.7924288141,15557.463027717895,967.6789222370408,1.2434497875801737e-14,True
649554,319,5,10.0,18.67476584604744,-17504.448074807424,163,163,6.0,6.0,-33980.57116994204,2937.8135580530416,36918.384727995086,4247.008260097874,1935.4179284382144,293.78135580530414,True
649554,319,6,10.0,12.448647286038655,-16761.25819510054,71,71,3.329807169732741,6.0,-64722.32626525672,0.0,64722.32626525672,12000.248965550089,848.2636038280887,0.0,True
649554,319,7,10.5,12.964254140168164,-28771.102717726164,66,66,3.201439529192188,5.9,-65355.88810580231,0.0,65355.88810580231,12234.980630922259,765.3621519289836,0.0,True
649554,319,8,48.74028514717042,47.09866466281502,13128322.255797232,250,250,6.0,6.0,108011.90783426,132923.28600123292,24911.378166972925,222.61371960831238,2949.7886961164204,2727.174976508107,False
649554,319,9,11.55,11.202228973605658,-23697.469836539894,66,66,3.3279656973734357,6.0,-43562.107263976766,0.0,43562.107263976766,7865.998437902268,756.783227124223,0.0,True
649554,320,0,10.0,10.0,-35810.00646550855,93,93,4.180822162642174,6.0,-49565.02027469179,5489.898334277269,55054.91860896906,9646.384610386964,1071.5395756028431,548.9898334277269,True
649554,320,1,10.5,17.55210042119207,-83083.25051626252,73,73,3.1805261192569274,5.791963875728813,-92325.18483881264,0.0,92325.18483881264,17521.501430955614,872.0499771715411,0.0,True
649554,320,2,10.0,12.475226712938207,-38264.01861066662,146,146,6.0,6.0,-100526.61380640567,1.2434497875801753e-14,100526.61380640567,17288.307277779397,1735.634677188585,1.2434497875801752e-15,True
649554,320,3,10.5,13.946477018384773,-65707.9468772784,85,85,3.7081813921340157,6.0,-111596.62876896975,0.0,111596.62876896975,21120.952822341133,1014.6602322843823,0.0,True
649554,320,4,10.0,11.209691498899055,-23801.99290243379,82,82,3.7420670870657977,6.0,-83543.7924288141,1.2434497875801738e-13,83543.7924288141,15557.463027717895,967.6789222370408,1.2434497875801737e-14,True
649554,320,5,10.0,18.67476584604744,-17504.448074807424,163,163,6.0,6.0,-33980.57116994204,2937.8135580530416,36918.384727995086,4247.008260097874,1935.4179284382144,293.78135580530414,True
649554,320,6,10.0,12.448647286038655,-16761.25819510054,71,71,3.329807169732741,6.0,-64722.32626525672,0.0,64722.32626525672,12000.248965550089,848.2636038280887,0.0,True
649554,320,7,10.5,12.964254140168164,-28771.102717726164,66,66,3.201439529192188,5.9,-65355.88810580231,0.0,65355.88810580231,12234.980630922259,765.3621519289836,0.0,True
649554,320,8,43.86625663245338,44.74373142967426,13223837.14493212,250,250,6.0,6.0,107000.82199233737,131654.76155265773,24653.939560320363,171.1259982777997,2949.7886961164204,3001.2764174469394,False
649554,320,9,11.55,11.202228973605658,-23697.469836539894,66,66,3.3279656973734357,6.0,-43562.107263976766,0.0,43562.107263976766,7865.998437902268,756.783227124223,0.0,True
649554,321,0,10.0,10.0,-35810.00646550855,93,93,4.180822162642174,6.0,-49565.02027469179,5489.898334277269,55054.91860896906,9646.384610386964,1071.5395756028431,548.9898334277269,True
649554,321,1,10.5,17.55210042119207,-83083.25051626252,73,73,3.1805261192569274,5.791963875728813,-92325.18483881264,0.0,92325.18483881264,17521.501430955614,872.0499771715411,0.0,True
649554,321,2,10.0,12.475226712938207,-38264.01861066662,146,146,6.0,6.0,-100526.61380640567,1.2434497875801753e-14,100526.61380640567,17288.307277779397,1735.634677188585,1.2434497875801752e-15,True
649554,321,3,10.5,13.946477018384773,-65707.9468772784,85,85,3.7081813921340157,6.0,-111596.62876896975,0.0,111596.62876896975,21120.952822341133,1014.6602322843823,0.0,True
649554,321,4,10.0,11.209691498899055,-23801.99290243379,82,82,3.7420670870657977,6.0,-83543.7924288141,1.2434497875801738e-13,83543.7924288141,15557.463027717895,967.6789222370408,1.2434497875801737e-14,True
649554,321,5,10.0,18.67476584604744,-17504.448074807424,163,163,6.0,6.0,-33980.57116994204,2937.8135580530416,36918.384727995086,4247.008260097874,1935.4179284382144,293.78135580530414,True
649554,321,6,10.0,12.448647286038655,-16761.25819510054,71,71,3.329807169732741,6.0,-64722.32626525672,0.0,64722.32626525672,12000.248965550089,848.2636038280887,0.0,True
649554,321,7,10.5,12.964254140168164,-28771.102717726164,66,66,3.201439529192188,5.9,-65355.88810580231,0.0,65355.88810580231,12234.980630922259,765.3621519289836,0.0,True
649554,321,8,39.47963096920804,42.506544858190544,13312324.759569697,250,250,6.0,6.0,99414.25085213128,123212.56042106265,23798.309568931363,0.0,2949.7886961164204,3120.914694394224,False
649554,321,9,11.55,11.202228973605658,-23697.469836539894,66,66,3.3279656973734357,6.0,-43562.107263976766,0.0,43562.107263976766,7865.998437902268,756.783227124223,0.0,True
649554,322,0,10.0,10.0,-35810.00646550855,93,93,4.180822162642174,6.0,-49565.02027469179,5489.898334277269,55054.91860896906,9646.384610386964,1071.5395756028431,548.9898334277269,True
649554,322,1,10.5,17.55210042119207,-83083.25051626252,73,73,3.1805261192569274,5.791963875728813,-92325.18483881264,0.0,92325.18483881264,17521.501430955614,872.0499771715411,0.0,True
649554,322,2,10.0,12.475226712938207,-38264.01861066662,146,146,6.0,6.0,-100526.61380640567,1.2434497875801753e-14,100526.61380640567,17288.307277779397,1735.634677188585,1.2434497875801752e-15,True
649554,322,3,10.5,13.946477018384773,-65707.9468772784,85,85,3.7081813921340157,6.0,-111596.62876896975,0.0,111596.62876896975,21120.952822341133,1014.6602322843823,0.0,True
649554,322,4,10.0,11.209691498899055,-23801.99290243379,82,82,3.7420670870657977,6.0,-83543.7924288141,1.2434497875801738e-13,83543.7924288141,15557.463027717895,967.6789222370408,1.2434497875801737e-14,True
649554,322,5,10.0,18.67476584604744,-17504.448074807424,163,163,6.0,6.0,-33980.57116994204,2937.8135580530416,36918.384727995086,4247.008260097874,1935.4179284382144,293.78135580530414,True
649554,322,6,10.0,12.448647286038655,-16761.25819510054,71,71,3.329807169732741,6.0,-64722.32626525672,0.0,64722.32626525672,12000.248965550089,848.2636038280887,0.0,True
649554,322,7,10.5,12.964254140168164,-28771.102717726164,66,66,3.201439529192188,5.9,-65355.88810580231,0.0,65355.88810580231,12234.980630922259,765.3621519289836,0.0,True
649554,322,8,43.42759406612885,40.38121761528102,13403071.827611478,250,250,6.0,6.0,101142.37244570148,125267.10170594043,24124.72926023895,65.28393826151714,2949.7886961164204,2884.5047578549124,False
649554,322,9,11.55,11.202228973605658,-23697.469836539894,66,66,3.3279656973734357,6.0,-43562.107263976766,0.0,43562.107263976766,7865.998437902268,756.783227124223,0.0,True
649554,323,0,10.0,10.0,-35810.00646550855,93,93,4.180822162642174,6.0,-49565.02027469179,5489.898334277269,55054.91860896906,9646.384610386964,1071.5395756028431,548.9898334277269,True
649554,323,1,10.5,17.55210042119207,-83083.25051626252,73,73,3.1805261192569274,5.791963875728813,-92325.18483881264,0.0,92325.18483881264,17521.501430955614,872.0499771715411,0.0,True
649554,323,2,10.0,12.475226712938207,-38264.01861066662,146,146,6.0,6.0,-100526.61380640567,1.2434497875801753e-14,100526.61380640567,17288.307277779397,1735.634677188585,1.2434497875801752e-15,True
649554,323,3,10.5,13.946477018384773,-65707.9468772784,85,85,3.7081813921340157,6.0,-111596.62876896975,0.0,111596.62876896975,21120.952822341133,1014.6602322843823,0.0,True
649554,323,4,10.0,11.209691498899055,-23801.99290243379,82,82,3.7420670870657977,6.0,-83543.7924288141,1.2434497875801738e-13,83543.7924288141,15557.463027717895,967.6789222370408,1.2434497875801737e-14,True
649554,323,5,10.0,18.67476584604744,-17504.448074807424,163,163,6.0,6.0,-33980.57116994204,2937.8135580530416,36918.384727995086,4247.008260097874,1935.4179284382144,293.78135580530414,True
649554,323,6,10.0,12.448647286038655,-16761.25819510054,71,71,3.329807169732741,6.0,-64722.32626525672,0.0,64722.32626525672,12000.248965550089,848.2636038280887,0.0,True
649554,323,7,10.5,12.964254140168164,-28771.102717726164,66,66,3.201439529192188,5.9,-65355.88810580231,0.0,65355.88810580231,12234.980630922259,765.3621519289836,0.0,True
649554,323,8,47.77035347274174,38.362156734516965,13485553.168484755,250,250,6.0,6.0,92371.88005674441,118810.01426499148,26438.134208247066,527.9649278631402,2949.7886961164204,2487.107706514789,False
649554,323,9,11.55,11.202228973605658,-23697.469836539894,66,66,3.3279656973734357,6.0,-43562.107263976766,0.0,43562.107263976766,7865.998437902268,756.783227124223,0.0,True
649554,324,0,10.0,10.0,-35810.00646550855,93,93,4.180822162642174,6.0,-49565.02027469179,5489.898334277269,55054.91860896906,9646.384610386964,1071.5395756028431,548.9898334277269,True
649554,324,1,10.5,17.55210042119207,-83083.25051626252,73,73,3.1805261192569274,5.791963875728813,-92325.18483881264,0.0,92325.18483881264,17521.501430955614,872.0499771715411,0.0,True
649554,324,2,10.0,12.475226712938207,-38264.01861066662,146,146,6.0,6.0,-100526.61380640567,1.2434497875801753e-14,100526.61380640567,17288.307277779397,1735.634677188585,1.2434497875801752e-15,True
649554,324,3,10.5,13.946477018384773,-65707.9468772784,85,85,3.7081813921340157,6.0,-111596.62876896975,0.0,111596.62876896975,21120.952822341133,1014.6602322843823,0.0,True
649554,324,4,10.0,11.209691498899055,-23801.99290243379,82,82,3.7420670870657977,6.0,-83543.7924288141,1.2434497875801738e-13,83543.7924288141,15557.463027717895,967.6789222370408,1.2434497875801737e-14,True
649554,324,5,10.0,18.67476584604744,-17504.448074807424,163,163,6.0,6.0,-33980.57116994204,2937.8135580530416,36918.384727995086,4247.008260097874,1935.4179284382144,293.78135580530414,True
649554,324,6,10.0,12.448647286038655,-16761.25819510054,71,71,3.329807169732741,6.0,-64722.32626525672,0.0,64722.32626525672,12000.248965550089,848.2636038280887,0.0,True
649554,324,7,10.5,12.964254140168164,-28771.102717726164,66,66,3.201439529192188,5.9,-65355.88810580231,0.0,65355.88810580231,12234.980630922259,765.3621519289836,0.0,True
649554,324,8,42.99331812546757,36.44404889779111,13562187.826394586,250,250,6.0,6.0,86045.67013440456,113977.49138413813,27931.821249733584,826.7023361604442,2949.7886961164204,2651.0512878191253,False
649554,324,9,11.55,11.202228973605658,-23697.469836539894,66,66,3.3279656973734357,6.0,-43562.107263976766,0.0,43562.107263976766,7865.998437902268,756.783227124223,0.0,True
649554,325,0,10.0,10.0,-35810.00646550855,93,93,4.180822162642174,6.0,-49565.02027469179,5489.898334277269,55054.91860896906,9646.384610386964,1071.5395756028431,548.9898334277269,True
649554,325,1,10.5,17.55210042119207,-83083.25051626252,73,73,3.1805261192569274,5.791963875728813,-92325.18483881264,0.0,92325.18483881264,17521.501430955614,872.0499771715411,0.0,True
649554,325,2,10.0,12.475226712938207,-38264.01861066662,146,146,6.0,6.0,-100526.61380640567,1.2434497875801753e-14,100526.61380640567,17288.307277779397,1735.634677188585,1.2434497875801752e-15,True
649554,325,3,10.5,13.946477018384773,-65707.9468772784,85,85,3.7081813921340157,6.0,-111596.62876896975,0.0,111596.62876896975,21120.952822341133,1014.6602322843823,0.0,True
649554,325,4,10.0,11.209691498899055,-23801.99290243379,82,82,3.7420670870657977,6.0,-83543.7924288141,1.2434497875801738e-13,83543.7924288141,15557.463027717895,967.6789222370408,1.2434497875801737e-14,True
649554,325,5,10.0,18.67476584604744,-17504.448074807424,163,163,6.0,6.0,-33980.57116994204,2937.8135580530416,36918.384727995086,4247.008260097874,1935.4179284382144,293.78135580530414,True
649554,325,6,10.0,12.448647286038655,-16761.25819510054,71,71,3.329807169732741,6.0,-64722.32626525672,0.0,64722.32626525672,12000.248965550089,848.2636038280887,0.0,True
649554,325,7,10.5,12.964254140168164,-28771.102717726164,66,66,3.201439529192188,5.9,-65355.88810580231,0.0,65355.88810580231,12234.980630922259,765.3621519289836,0.0,True
649554,325,8,38.69398631292081,34.62184645290156,13634794.04373053,250,250,6.0,6.0,81561.67894903389,110025.10461699334,28463.42566795945,933.0232198056177,2949.7886961164204,2843.4678124712477,False
649554,325,9,11.55,11.202228973605658,-23697.469836539894,66,66,3.3279656973734357,6.0,-43562.107263976766,0.0,43562.107263976766,7865.998437902268,756.783227124223,0.0,True
649554,326,0,10.0,10.0,-35810.00646550855,93,93,4.180822162642174,6.0,-49565.02027469179,5489.898334277269,55054.91860896906,9646.384610386964,1071.5395756028431,548.9898334277269,True
649554,326,1,10.5,17.55210042119207,-83083.25051626252,73,73,3.1805261192569274,5.791963875728813,-92325.18483881264,0.0,92325.18483881264,17521.501430955614,872.0499771715411,0.0,True
649554,326,2,10.0,12.475226712938207,-38264.01861066662,146,146,6.0,6.0,-100526.61380640567,1.2434497875801753e-14,100526.61380640567,17288.307277779397,1735.634677188585,1.2434497875801752e-15,True
649554,326,3,10.5,13.946477018384773,-65707.9468772784,85,85,3.7081813921340157,6.0,-111596.62876896975,0.0,111596.62876896975,21120.952822341133,1014.6602322843823,0.0,True
649554,326,4,10.0,11.209691498899055,-23801.99290243379,82,82,3.7420670870657977,6.0,-83543.7924288141,1.2434497875801738e-13,83543.7924288141,15557.463027717895,967.6789222370408,1.2434497875801737e-14,True
649554,326,5,10.0,18.67476584604744,-17504.448074807424,163,163,6.0,6.0,-33980.57116994204,2937.8135580530416,36918.384727995086,4247.008260097874,1935.4179284382144,293.78135580530414,True
649554,326,6,10.0,12.448647286038655,-16761.25819510054,71,71,3.329807169732741,6.0,-64722.32626525672,0.0,64722.32626525672,12000.248965550089,848.2636038280887,0.0,True
649554,326,7,10.5,12.964254140168164,-28771.102717726164,66,66,3.201439529192188,5.9,-65355.88810580231,0.0,65355.88810580231,12234.980630922259,765.3621519289836,0.0,True
649554,326,8,34.824587681628735,32.890754130256475,13706647.08971752,250,250,6.0,6.0,80375.73451942307,108071.54582485913,27695.811305436066,779.5003473009405,2949.7886961164204,3103.3115686211236,False
649554,326,9,11.55,11.202228973605658,-23697.469836539894,66,66,3.3279656973734357,6.0,-43562.107263976766,0.0,43562.107263976766,7865.998437902268,756.783227124223,0.0,True
649554,327,0,10.0,10.0,-35810.00646550855,93,93,4.180822162642174,6.0,-49565.02027469179,5489.898334277269,55054.91860896906,9646.384610386964,1071.5395756028431,548.9898334277269,True
649554,327,1,10.5,17.55210042119207,-83083.25051626252,73,73,3.1805261192569274,5.791963875728813,-92325.18483881264,0.0,92325.18483881264,17521.501430955614,872.0499771715411,0.0,True
649554,327,2,10.0,12.475226712938207,-38264.01861066662,146,146,6.0,6.0,-100526.61380640567,1.2434497875801753e-14,100526.61380640567,17288.307277779397,1735.634677188585,1.2434497875801752e-15,True
649554,327,3,10.5,13.946477018384773,-65707.9468772784,85,85,3.7081813921340157,6.0,-111596.62876896975,0.0,111596.62876896975,21120.952822341133,1014.6602322843823,0.0,True
649554,327,4,10.0,11.209691498899055,-23801.99290243379,82,82,3.7420670870657977,6.0,-83543.7924288141,1.2434497875801738e-13,83543.7924288141,15557.463027717895,967.6789222370408,1.2434497875801737e-14,True
649554,327,5,10.0,18.67476584604744,-17504.448074807424,163,163,6.0,6.0,-33980.57116994204,2937.8135580530416,36918.384727995086,4247.008260097874,1935.4179284382144,293.78135580530414,True
649554,327,6,10.0,12.448647286038655,-16761.25819510054,71,71,3.329807169732741,6.0,-64722.32626525672,0.0,64722.32626525672,12000.248965550089,848.2636038280887,0.0,True
649554,327,7,10.5,12.964254140168164,-28771.102717726164,66,66,3.201439529192188,5.9,-65355.88810580231,0.0,65355.88810580231,12234.980630922259,765.3621519289836,0.0,True
649554,327,8,31.342128913465864,31.24621642374365,13775077.042097218,250,250,6.0,6.0,76541.50648565036,102615.96805701025,26074.46157135989,455.2304004857051,2949.7886961164204,3274.05864293163,False
649554,327,9,11.55,11.202228973605658,-23697.469836539894,66,66,3.3279656973734357,6.0,-43562.107263976766,0.0,43562.107263976766,7865.998437902268,756.783227124223,0.0,True
649554,328,0,10.0,10.0,-35810.00646550855,93,93,4.180822162642174,6.0,-49565.02027469179,5489.898334277269,55054.91860896906,9646.384610386964,1071.5395756028431,548.9898334277269,True
649554,328,1,10.5,17.55210042119207,-83083.25051626252,73,73,3.1805261192569274,5.791963875728813,-92325.18483881264,0.0,92325.18483881264,17521.501430955614,872.0499771715411,0.0,True
649554,328,2,10.0,12.475226712938207,-38264.01861066662,146,146,6.0,6.0,-100526.61380640567,1.2434497875801753e-14,100526.61380640567,17288.307277779397,1735.634677188585,1.2434497875801752e-15,True
649554,328,3,10.5,13.946477018384773,-65707.9468772784,85,85,3.7081813921340157,6.0,-111596.62876896975,0.0,111596.62876896975,21120.952822341133,1014.6602322843823,0.0,True
649554,328,4,10.0,11.209691498899055,-23801.99290243379,82,82,3.7420670870657977,6.0,-83543.7924288141,1.2434497875801738e-13,83543.7924288141,15557.463027717895,967.6789222370408,1.2434497875801737e-14,True
649554,328,5,10.0,18.67476584604744,-17504.448074807424,163,163,6.0,6.0,-33980.57116994204,2937.8135580530416,36918.384727995086,4247.008260097874,1935.4179284382144,293.78135580530414,True
649554,328,6,10.0,12.448647286038655,-16761.25819510054,71,71,3.329807169732741,6.0,-64722.32626525672,0.0,64722.32626525672,12000.248965550089,848.2636038280887,0.0,True
649554,328,7,10.5,12.964254140168164,-28771.102717726164,66,66,3.201439529192188,5.9,-65355.88810580231,0.0,65355.88810580231,12234.980630922259,765.3621519289836,0.0,True
649554,328,8,28.207916022119278,29.683905602556468,13839606.248858111,250,250,6.0,6.0,72250.18316173347,96048.49273066483,23798.309568931363,0.0,2949.7886961164204,3405.0190966021123,False
649554,328,9,11.55,11.202228973605658,-23697.469836539894,66,66,3.3279656973734357,6.0,-43562.107263976766,0.0,43562.107263976766,7865.998437902268,756.783227124223,0.0,True
649554,329,0,10.0,10.0,-35810.00646550855,93,93,4.180822162642174,6.0,-49565.02027469179,5489.898334277269,55054.91860896906,9646.384610386964,1071.5395756028431,548.9898334277269,True
649554,329,1,10.5,17.55210042119207,-83083.25051626252,73,73,3.1805261192569274,5.791963875728813,-92325.18483881264,0.0,92325.18483881264,17521.501430955614,872.0499771715411,0.0,True
649554,329,2,10.0,12.475226712938207,-38264.01861066662,146,146,6.0,6.0,-100526.61380640567,1.2434497875801753e-14,100526.61380640567,17288.307277779397,1735.634677188585,1.2434497875801752e-15,True
649554,329,3,10.5,13.946477018384773,-65707.9468772784,85,85,3.7081813921340157,6.0,-111596.62876896975,0.0,111596.62876896975,21120.952822341133,1014.6602322843823,0.0,True
649554,329,4,10.0,11.209691498899055,-23801.99290243379,82,82,3.7420670870657977,6.0,-83543.7924288141,1.2434497875801738e-13,83543.7924288141,15557.463027717895,967.6789222370408,1.2434497875801737e-14,True
649554,329,5,10.0,18.67476584604744,-17504.448074807424,163,163,6.0,6.0,-33980.57116994204,2937.8135580530416,36918.384727995086,4247.008260097874,1935.4179284382144,293.78135580530414,True
649554,329,6,10.0,12.448647286038655,-16761.25819510054,71,71,3.329807169732741,6.0,-64722.32626525672,0.0,64722.32626525672,12000.248965550089,848.2636038280887,0.0,True
649554,329,7,10.5,12.964254140168164,-28771.102717726164,66,66,3.201439529192188,5.9,-65355.88810580231,0.0,65355.88810580231,12234.980630922259,765.3621519289836,0.0,True
649554,329,8,31.028707624331208,32.65229616281212,13898872.996253747,250,250,6.0,6.0,67729.82143642199,91528.13100535335,23798.309568931363,0.0,2949.7886961164204,2949.7886961164127,False
649554,329,9,11.55,11.202228973605658,-23697.469836539894,66,66,3.3279656973734357,6.0,-43562.107263976766,0.0,43562.107263976766,7865.998437902268,756.783227124223,0.0,True
649554,330,0,10.0,10.0,-35810.00646550855,93,93,4.180822162642174,6.0,-49565.02027469179,5489.898334277269,55054.91860896906,9646.384610386964,1071.5395756028431,548.9898334277269,True
649554,330,1,10.5,17.55210042119207,-83083.25051626252,73,73,3.1805261192569274,5.791963875728813,-92325.18483881264,0.0,92325.18483881264,17521.501430955614,872.0499771715411,0.0,True
649554,330,2,10.0,12.475226712938207,-38264.01861066662,146,146,6.0,6.0,-100526.61380640567,1.2434497875801753e-14,100526.61380640567,17288.307277779397,1735.634677188585,1.2434497875801752e-15,True
649554,330,3,10.5,13.946477018384773,-65707.9468772784,85,85,3.7081813921340157,6.0,-111596.62876896975,0.0,111596.62876896975,21120.952822341133,1014.6602322843823,0.0,True
649554,330,4,10.0,11.209691498899055,-23801.99290243379,82,82,3.7420670870657977,6.0,-83543.7924288141,1.2434497875801738e-13,83543.7924288141,15557.463027717895,967.6789222370408,1.2434497875801737e-14,True
649554,330,5,10.0,18.67476584604744,-17504.448074807424,163,163,6.0,6.0,-33980.57116994204,2937.8135580530416,36918.384727995086,4247.008260097874,1935.4179284382144,293.78135580530414,True
649554,330,6,10.0,12.448647286038655,-16761.25819510054,71,71,3.329807169732741,6.0,-64722.32626525672,0.0,64722.32626525672,12000.248965550089,848.2636038280887,0.0,True
649554,330,7,10.5,12.964254140168164,-28771.102717726164,66,66,3.201439529192188,5.9,-65355.88810580231,0.0,65355.88810580231,12234.980630922259,765.3621519289836,0.0,True
649554,330,8,34.13157838676433,35.91752577909334,13966476.24934584,250,250,6.0,6.0,76882.63453695779,100680.94410588915,23798.309568931363,0.0,2949.7886961164204,2949.7886961164263,False
649554,330,9,11.55,11.202228973605658,-23697.469836539894,66,66,3.3279656973734357,6.0,-43562.107263976766,0.0,43562.107263976766,7865.998437902268,756.783227124223,0.0,True
649554,331,0,10.0,10.0,-35810.00646550855,93,93,4.180822162642174,6.0,-49565.02027469179,5489.898334277269,55054.91860896906,9646.384610386964,1071.5395756028431,548.9898334277269,True
649554,331,1,10.5,17.55210042119207,-83083.25051626252,73,73,3.1805261192569274,5.791963875728813,-92325.18483881264,0.0,92325.18483881264,17521.501430955614,872.0499771715411,0.0,True
649554,331,2,10.0,12.475226712938207,-38264.01861066662,146,146,6.0,6.0,-100526.61380640567,1.2434497875801753e-14,100526.61380640567,17288.307277779397,1735.634677188585,1.2434497875801752e-15,True
649554,331,3,10.5,13.946477018384773,-65707.9468772784,85,85,3.7081813921340157,6.0,-111596.62876896975,0.0,111596.62876896975,21120.952822341133,1014.6602322843823,0.0,True
649554,331,4,10.0,11.209691498899055,-23801.99290243379,82,82,3.7420670870657977,6.0,-83543.7924288141,1.2434497875801738e-13,83543.7924288141,15557.463027717895,967.6789222370408,1.2434497875801737e-14,True
649554,331,5,10.0,18.67476584604744,-17504.448074807424,163,163,6.0,6.0,-33980.57116994204,2937.8135580530416,36918.384727995086,4247.008260097874,1935.4179284382144,293.78135580530414,True
649554,331,6,10.0,12.448647286038655,-16761.25819510054,71,71,3.329807169732741,6.0,-64722.32626525672,0.0,64722.32626525672,12000.248965550089,848.2636038280887,0.0,True
649554,331,7,10.5,12.964254140168164,-28771.102717726164,66,66,3.201439529192188,5.9,-65355.88810580231,0.0,65355.88810580231,12234.980630922259,765.3621519289836,0.0,True
649554,331,8,37.544736225440765,39.50927835700268,14038785.737293852,250,250,6.0,6.0,82486.80753726907,106809.73211222887,24322.92457495981,104.92300120568888,2949.7886961164204,2844.865694910737,False
649554,331,9,11.55,11.202228973605658,-23697.469836539894,66,66,3.3279656973734357,6.0,-43562.107263976766,0.0,43562.107263976766,7865.998437902268,756.783227124223,0.0,True
649554,332,0,10.0,10.0,-35810.00646550855,93,93,4.180822162642174,6.0,-49565.02027469179,5489.898334277269,55054.91860896906,9646.384610386964,1071.5395756028431,548.9898334277269,True
649554,332,1,10.5,17.55210042119207,-83083.25051626252,73,73,3.1805261192569274,5.791963875728813,-92325.18483881264,0.0,92325.18483881264,17521.501430955614,872.0499771715411,0.0,True
649554,332,2,10.0,12.475226712938207,-38264.01861066662,146,146,6.0,6.0,-100526.61380640567,1.2434497875801753e-14,100526.61380640567,17288.307277779397,1735.634677188585,1.2434497875801752e-15,True
649554,332,3,10.5,13.946477018384773,-65707.9468772784,85,85,3.7081813921340157,6.0,-111596.62876896975,0.0,111596.62876896975,21120.952822341133,1014.6602322843823,0.0,True
649554,332,4,10.0,11.209691498899055,-23801.99290243379,82,82,3.7420670870657977,6.0,-83543.7924288141,1.2434497875801738e-13,83543.7924288141,15557.463027717895,967.6789222370408,1.2434497875801737e-14,True
649554,332,5,10.0,18.67476584604744,-17504.448074807424,163,163,6.0,6.0,-33980.57116994204,2937.8135580530416,36918.384727995086,4247.008260097874,1935.4179284382144,293.78135580530414,True
649554,332,6,10.0,12.448647286038655,-16761.25819510054,71,71,3.329807169732741,6.0,-64722.32626525672,0.0,64722.32626525672,12000.248965550089,848.2636038280887,0.0,True
649554,332,7,10.5,12.964254140168164,-28771.102717726164,66,66,3.201439529192188,5.9,-65355.88810580231,0.0,65355.88810580231,12234.980630922259,765.3621519289836,0.0,True
649554,332,8,41.29920984798485,37.53381443915254,14109844.40092438,250,250,6.0,6.0,80742.11724041548,106874.88917646145,26132.77193604598,466.89247342292356,2949.7886961164204,2587.8192238991783,False
649554,332,9,11.55,11.202228973605658,-23697.469836539894,66,66,3.3279656973734357,6.0,-43562.107263976766,0.0,43562.107263976766,7865.998437902268,756.783227124223,0.0,True
649554,333,0,10.0,10.0,-35810.00646550855,93,93,4.180822162642174,6.0,-49565.02027469179,5489.898334277269,55054.91860896906,9646.384610386964,1071.5395756028431,548.9898334277269,True
649554,333,1,10.5,17.55210042119207,-83083.25051626252,73,73,3.1805261192569274,5.791963875728813,-92325.18483881264,0.0,92325.18483881264,17521.501430955614,872.0499771715411,0.0,True
649554,333,2,10.0,12.475226712938207,-38264.01861066662,146,146,6.0,6.0,-100526.61380640567,1.2434497875801753e-14,100526.61380640567,17288.307277779397,1735.634677188585,1.2434497875801752e-15,True
649554,333,3,10.5,13.946477018384773,-65707.9468772784,85,85,3.7081813921340157,6.0,-111596.62876896975,0.0,111596.62876896975,21120.952822341133,1014.6602322843823,0.0,True
649554,333,4,10.0,11.209691498899055,-23801.99290243379,82,82,3.7420670870657977,6.0,-83543.7924288141,1.2434497875801738e-13,83543.7924288141,15557.463027717895,967.6789222370408,1.2434497875801737e-14,True
649554,333,5,10.0,18.67476584604744,-17504.448074807424,163,163,6.0,6.0,-33980.57116994204,2937.8135580530416,36918.384727995086,4247.008260097874,1935.4179284382144,293.78135580530414,True
649554,333,6,10.0,12.448647286038655,-16761.25819510054,71,71,3.329807169732741,6.0,-64722.32626525672,0.0,64722.32626525672,12000.248965550089,848.2636038280887,0.0,True
649554,333,7,10.5,12.964254140168164,-28771.102717726164,66,66,3.201439529192188,5.9,-65355.88810580231,0.0,65355.88810580231,12234.980630922259,765.3621519289836,0.0,True
649554,333,8,37.16928886318637,35.657123717194914,14179733.527352348,250,250,6.0,6.0,79103.40735710325,105758.52256202148,26655.115204918224,571.3611271973723,2949.7886961164204,2845.3200423419466,False
649554,333,9,11.55,11.202228973605658,-23697.469836539894,66,66,3.3279656973734357,6.0,-43562.107263976766,0.0,43562.107263976766,7865.998437902268,756.783227124223,0.0,True
649554,334,0,10.0,10.0,-35810.00646550855,93,93,4.180822162642174,6.0,-49565.02027469179,5489.898334277269,55054.91860896906,9646.384610386964,1071.5395756028431,548.9898334277269,True
649554,334,1,10.5,17.55210042119207,-83083.25051626252,73,73,3.1805261192569274,5.791963875728813,-92325.18483881264,0.0,92325.18483881264,17521.501430955614,872.0499771715411,0.0,True
649554,334,2,10.0,12.475226712938207,-38264.01861066662,146,146,6.0,6.0,-100526.61380640567,1.2434497875801753e-14,100526.61380640567,17288.307277779397,1735.634677188585,1.2434497875801752e-15,True
649554,334,3,10.5,13.946477018384773,-65707.9468772784,85,85,3.7081813921340157,6.0,-111596.62876896975,0.0,111596.62876896975,21120.952822341133,1014.6602322843823,0.0,True
649554,334,4,10.0,11.209691498899055,-23801.99290243379,82,82,3.7420670870657977,6.0,-83543.7924288141,1.2434497875801738e-13,83543.7924288141,15557.463027717895,967.6789222370408,1.2434497875801737e-14,True
649554,334,5,10.0,18.67476584604744,-17504.448074807424,163,163,6.0,6.0,-33980.57116994204,2937.8135580530416,36918.384727995086,4247.008260097874,1935.4179284382144,293.78135580530414,True
649554,334,6,10.0,12.448647286038655,-16761.25819510054,71,71,3.329807169732741,6.0,-64722.32626525672,0.0,64722.32626525672,12000.248965550089,848.2636038280887,0.0,True
649554,334,7,10.5,12.964254140168164,-28771.102717726164,66,66,3.201439529192188,5.9,-65355.88810580231,0.0,65355.88810580231,12234.980630922259,765.3621519289836,0.0,True
649554,334,8,33.45235997686773,33.874267531335164,14249454.871393036,250,250,6.0,6.0,78489.91092357831,104304.0331680896,25814.122244511287,403.162535115985,2949.7886961164204,3117.987288197775,False
649554,334,9,11.55,11.202228973605658,-23697.469836539894,66,66,3.3279656973734357,6.0,-43562.107263976766,0.0,43562.107263976766,7865.998437902268,756.783227124223,0.0,True
649554,335,0,10.0,10.0,-35810.00646550855,93,93,4.180822162642174,6.0,-49565.02027469179,5489.898334277269,55054.91860896906,9646.384610386964,1071.5395756028431,548.9898334277269,True
649554,335,1,10.5,17.55210042119207,-83083.25051626252,73,73,3.1805261192569274,5.791963875728813,-92325.18483881264,0.0,92325.18483881264,17521.501430955614,872.0499771715411,0.0,True
649554,335,2,10.0,12.475226712938207,-38264.01861066662,146,146,6.0,6.0,-100526.61380640567,1.2434497875801753e-14,100526.61380640567,17288.307277779397,1735.634677188585,1.2434497875801752e-15,True
649554,335,3,10.5,13.946477018384773,-65707.9468772784,85,85,3.7081813921340157,6.0,-111596.62876896975,0.0,111596.62876896975,21120.952822341133,1014.6602322843823,0.0,True
649554,335,4,10.0,11.209691498899055,-23801.99290243379,82,82,3.7420670870657977,6.0,-83543.7924288141,1.2434497875801738e-13,83543.7924288141,15557.463027717895,967.6789222370408,1.2434497875801737e-14,True
649554,335,5,10.0,18.67476584604744,-17504.448074807424,163,163,6.0,6.0,-33980.57116994204,2937.8135580530416,36918.384727995086,4247.008260097874,1935.4179284382144,293.78135580530414,True
649554,335,6,10.0,12.448647286038655,-16761.25819510054,71,71,3.329807169732741,6.0,-64722.32626525672,0.0,64722.32626525672,12000.248965550089,848.2636038280887,0.0,True
649554,335,7,10.5,12.964254140168164,-28771.102717726164,66,66,3.201439529192188,5.9,-65355.88810580231,0.0,65355.88810580231,12234.980630922259,765.3621519289836,0.0,True
649554,335,8,30.10712397918096,32.1805541547684,14318259.14170015,250,250,6.0,6.0,77149.40884593029,100947.71841486165,23798.309568931363,0.0,2949.7886961164204,3352.951231232411,False
649554,335,9,11.55,11.202228973605658,-23697.469836539894,66,66,3.3279656973734357,6.0,-43562.107263976766,0.0,43562.107263976766,7865.998437902268,756.783227124223,0.0,True
649554,336,0,10.0,10.0,-35810.00646550855,93,93,4.180822162642174,6.0,-49565.02027469179,5489.898334277269,55054.91860896906,9646.384610386964,1071.5395756028431,548.9898334277269,True
649554,336,1,10.5,17.55210042119207,-83083.25051626252,73,73,3.1805261192569274,5.791963875728813,-92325.18483881264,0.0,92325.18483881264,17521.501430955614,872.0499771715411,0.0,True
649554,336,2,10.0,12.475226712938207,-38264.01861066662,146,146,6.0,6.0,-100526.61380640567,1.2434497875801753e-14,100526.61380640567,17288.307277779397,1735.634677188585,1.2434497875801752e-15,True
649554,336,3,10.5,13.946477018384773,-65707.9468772784,85,85,3.7081813921340157,6.0,-111596.62876896975,0.0,111596.62876896975,21120.952822341133,1014.6602322843823,0.0,True
649554,336,4,10.0,11.209691498899055,-23801.99290243379,82,82,3.7420670870657977,6.0,-83543.7924288141,1.2434497875801738e-13,83543.7924288141,15557.463027717895,967.6789222370408,1.2434497875801737e-14,True
649554,336,5,10.0,18.67476584604744,-17504.448074807424,163,163,6.0,6.0,-33980.57116994204,2937.8135580530416,36918.384727995086,4247.008260097874,1935.4179284382144,293.78135580530414,True
649554,336,6,10.0,12.448647286038655,-16761.25819510054,71,71,3.329807169732741,6.0,-64722.32626525672,0.0,64722.32626525672,12000.248965550089,848.2636038280887,0.0,True
649554,336,7,10.5,12.964254140168164,-28771.102717726164,66,66,3.201439529192188,5.9,-65355.88810580231,0.0,65355.88810580231,12234.980630922259,765.3621519289836,0.0,True
649554,336,8,33.11783637709906,35.39860957024524,14383001.799123429,250,250,6.0,6.0,73892.3098160685,97690.61938499987,23798.309568931363,0.0,2949.7886961164204,2949.7886961164168,False
649554,336,9,11.55,11.202228973605658,-23697.469836539894,66,66,3.3279656973734357,6.0,-43562.107263976766,0.0,43562.107263976766,7865.998437902268,756.783227124223,0.0,True
649554,337,0,10.0,10.0,-35810.00646550855,93,93,4.180822162642174,6.0,-49565.02027469179,5489.898334277269,55054.91860896906,9646.384610386964,1071.5395756028431,548.9898334277269,True
649554,337,1,10.5,17.55210042119207,-83083.25051626252,73,73,3.1805261192569274,5.791963875728813,-92325.18483881264,0.0,92325.18483881264,17521.501430955614,872.0499771715411,0.0,True
649554,337,2,10.0,12.475226712938207,-38264.01861066662,146,146,6.0,6.0,-100526.61380640567,1.2434497875801753e-14,100526.61380640567,17288.307277779397,1735.634677188585,1.2434497875801752e-15,True
649554,337,3,10.5,13.946477018384773,-65707.9468772784,85,85,3.7081813921340157,6.0,-111596.62876896975,0.0,111596.62876896975,21120.952822341133,1014.6602322843823,0.0,True
649554,337,4,10.0,11.209691498899055,-23801.99290243379,82,82,3.7420670870657977,6.0,-83543.7924288141,1.2434497875801738e-13,83543.7924288141,15557.463027717895,967.6789222370408,1.2434497875801737e-14,True
649554,337,5,10.0,18.67476584604744,-17504.448074807424,163,163,6.0,6.0,-33980.57116994204,2937.8135580530416,36918.384727995086,4247.008260097874,1935.4179284382144,293.78135580530414,True
649554,337,6,10.0,12.448647286038655,-16761.25819510054,71,71,3.329807169732741,6.0,-64722.32626525672,0.0,64722.32626525672,12000.248965550089,848.2636038280887,0.0,True
649554,337,7,10.5,12.964254140168164,-28771.102717726164,66,66,3.201439529192188,5.9,-65355.88810580231,0.0,65355.88810580231,12234.980630922259,765.3621519289836,0.0,True
649554,337,8,36.42962001480897,38.93847052726977,14456591.0042527,250,250,6.0,6.0,83623.82276115322,107426.66399045245,23802.84122929923,0.9063320735732283,2949.7886961164204,2948.882364042846,False
649554,337,9,11.55,11.202228973605658,-23697.469836539894,66,66,3.3279656973734357,6.0,-43562.107263976766,0.0,43562.107263976766,7865.998437902268,756.783227124223,0.0,True
649554,338,0,10.0,10.0,-35810.00646550855,93,93,4.180822162642174,6.0,-49565.02027469179,5489.898334277269,55054.91860896906,9646.384610386964,1071.5395756028431,548.9898334277269,True
649554,338,1,10.5,17.55210042119207,-83083.25051626252,73,73,3.1805261192569274,5.791963875728813,-92325.18483881264,0.0,92325.18483881264,17521.501430955614,872.0499771715411,0.0,True
649554,338,2,10.0,12.475226712938207,-38264.01861066662,146,146,6.0,6.0,-100526.61380640567,1.2434497875801753e-14,100526.61380640567,17288.307277779397,1735.634677188585,1.2434497875801752e-15,True
649554,338,3,10.5,13.946477018384773,-65707.9468772784,85,85,3.7081813921340157,6.0,-111596.62876896975,0.0,111596.62876896975,21120.952822341133,1014.6602322843823,0.0,True
649554,338,4,10.0,11.209691498899055,-23801.99290243379,82,82,3.7420670870657977,6.0,-83543.7924288141,1.2434497875801738e-13,83543.7924288141,15557.463027717895,967.6789222370408,1.2434497875801737e-14,True
649554,338,5,10.0,18.67476584604744,-17504.448074807424,163,163,6.0,6.0,-33980.57116994204,2937.8135580530416,36918.384727995086,4247.008260097874,1935.4179284382144,293.78135580530414,True
649554,338,6,10.0,12.448647286038655,-16761.25819510054,71,71,3.329807169732741,6.0,-64722.32626525672,0.0,64722.32626525672,12000.248965550089,848.2636038280887,0.0,True
649554,338,7,10.5,12.964254140168164,-28771.102717726164,66,66,3.201439529192188,5.9,-65355.88810580231,0.0,65355.88810580231,12234.980630922259,765.3621519289836,0.0,True
649554,338,8,40.07258201628987,42.832317579996754,14534360.84337543,250,250,6.0,6.0,88777.91851761419,113204.74105187877,24426.82253426458,125.70259306664325,2949.7886961164204,2824.992435123347,False
649554,338,9,11.55,11.202228973605658,-23697.469836539894,66,66,3.3279656973734357,6.0,-43562.107263976766,0.0,43562.107263976766,7865.998437902268,756.783227124223,0.0,True
649554,339,0,10.0,10.0,-35810.00646550855,93,93,4.180822162642174,6.0,-49565.02027469179,5489.898334277269,55054.91860896906,9646.384610386964,1071.5395756028431,548.9898334277269,True
649554,339,1,10.5,17.55210042119207,-83083.25051626252,73,73,3.1805261192569274,5.791963875728813,-92325.18483881264,0.0,92325.18483881264,17521.501430955614,872.0499771715411,0.0,True
649554,339,2,10.0,12.475226712938207,-38264.01861066662,146,146,6.0,6.0,-100526.61380640567,1.2434497875801753e-14,100526.61380640567,17288.307277779397,1735.634677188585,1.2434497875801752e-15,True
649554,339,3,10.5,13.946477018384773,-65707.9468772784,85,85,3.7081813921340157,6.0,-111596.62876896975,0.0,111596.62876896975,21120.952822341133,1014.6602322843823,0.0,True
649554,339,4,10.0,11.209691498899055,-23801.99290243379,82,82,3.7420670870657977,6.0,-83543.7924288141,1.2434497875801738e-13,83543.7924288141,15557.463027717895,967.6789222370408,1.2434497875801737e-14,True
649554,339,5,10.0,18.67476584604744,-17504.448074807424,163,163,6.0,6.0,-33980.57116994204,2937.8135580530416,36918.384727995086,4247.008260097874,1935.4179284382144,293.78135580530414,True
649554,339,6,10.0,12.448647286038655,-16761.25819510054,71,71,3.329807169732741,6.0,-64722.32626525672,0.0,64722.32626525672,12000.248965550089,848.2636038280887,0.0,True
649554,339,7,10.5,12.964254140168164,-28771.102717726164,66,66,3.201439529192188,5.9,-65355.88810580231,0.0,65355.88810580231,12234.980630922259,765.3621519289836,0.0,True
649554,339,8,36.065323814660886,40.69070170099692,14611008.447614867,250,250,6.0,6.0,87120.27966462466,110918.58923355602,23798.309568931363,0.0,2949.7886961164204,3075.4912891830627,False
649554,339,9,11.55,11.202228973605658,-23697.469836539894,66,66,3.3279656973734357,6.0,-43562.107263976766,0.0,43562.107263976766,7865.998437902268,756.783227124223,0.0,True
649554,340,0,10.0,10.0,-35810.00646550855,93,93,4.180822162642174,6.0,-49565.02027469179,5489.898334277269,55054.91860896906,9646.384610386964,1071.5395756028431,548.9898334277269,True
649554,340,1,10.5,17.55210042119207,-83083.25051626252,73,73,3.1805261192569274,5.791963875728813,-92325.18483881264,0.0,92325.18483881264,17521.501430955614,872.0499771715411,0.0,True
649554,340,2,10.0,12.475226712938207,-38264.01861066662,146,146,6.0,6.0,-100526.61380640567,1.2434497875801753e-14,100526.61380640567,17288.307277779397,1735.634677188585,1.2434497875801752e-15,True
649554,340,3,10.5,13.946477018384773,-65707.9468772784,85,85,3.7081813921340157,6.0,-111596.62876896975,0.0,111596.62876896975,21120.952822341133,1014.6602322843823,0.0,True
649554,340,4,10.0,11.209691498899055,-23801.99290243379,82,82,3.7420670870657977,6.0,-83543.7924288141,1.2434497875801738e-13,83543.7924288141,15557.463027717895,967.6789222370408,1.2434497875801737e-14,True
649554,340,5,10.0,18.67476584604744,-17504.448074807424,163,163,6.0,6.0,-33980.57116994204,2937.8135580530416,36918.384727995086,4247.008260097874,1935.4179284382144,293.78135580530414,True
649554,340,6,10.0,12.448647286038655,-16761.25819510054,71,71,3.329807169732741,6.0,-64722.32626525672,0.0,64722.32626525672,12000.248965550089,848.2636038280887,0.0,True
649554,340,7,10.5,12.964254140168164,-28771.102717726164,66,66,3.201439529192188,5.9,-65355.88810580231,0.0,65355.88810580231,12234.980630922259,765.3621519289836,0.0,True
649554,340,8,39.671856196126974,44.75977187109661,14692743.788039615,250,250,6.0,6.0,93225.28339236013,117023.59296129149,23798.309568931363,0.0,2949.7886961164204,2949.7886961164195,False
649554,340,9,11.55,11.202228973605658,-23697.469836539894,66,66,3.3279656973734357,6.0,-43562.107263976766,0.0,43562.107263976766,7865.998437902268,756.783227124223,0.0,True
649554,341,0,10.0,10.0,-35810.00646550855,93,93,4.180822162642174,6.0,-49565.02027469179,5489.898334277269,55054.91860896906,9646.384610386964,1071.5395756028431,548.9898334277269,True
649554,341,1,10.5,17.55210042119207,-83083.25051626252,73,73,3.1805261192569274,5.791963875728813,-92325.18483881264,0.0,92325.18483881264,17521.501430955614,872.0499771715411,0.0,True
649554,341,2,10.0,12.475226712938207,-38264.01861066662,146,146,6.0,6.0,-100526.61380640567,1.2434497875801753e-14,100526.61380640567,17288.307277779397,1735.634677188585,1.2434497875801752e-15,True
649554,341,3,10.5,13.946477018384773,-65707.9468772784,85,85,3.7081813921340157,6.0,-111596.62876896975,0.0,111596.62876896975,21120.952822341133,1014.6602322843823,0.0,True
649554,341,4,10.0,11.209691498899055,-23801.99290243379,82,82,3.7420670870657977,6.0,-83543.7924288141,1.2434497875801738e-13,83543.7924288141,15557.463027717895,967.6789222370408,1.2434497875801737e-14,True
649554,341,5,10.0,18.67476584604744,-17504.448074807424,163,163,6.0,6.0,-33980.57116994204,2937.8135580530416,36918.384727995086,4247.008260097874,1935.4179284382144,293.78135580530414,True
649554,341,6,10.0,12.448647286038655,-16761.25819510054,71,71,3.329807169732741,6.0,-64722.32626525672,0.0,64722.32626525672,12000.248965550089,848.2636038280887,0.0,True
649554,341,7,10.5,12.964254140168164,-28771.102717726164,66,66,3.201439529192188,5.9,-65355.88810580231,0.0,65355.88810580231,12234.980630922259,765.3621519289836,0.0,True
649554,341,8,43.639041815739674,49.235749058206274,14785062.493463498,250,250,6.0,6.0,104927.64268848884,128725.9522574202,23798.309568931363,0.0,2949.7886961164204,2949.7886961164095,False
649554,341,9,11.55,11.202228973605658,-23697.469836539894,66,66,3.3279656973734357,6.0,-43562.107263976766,0.0,43562.107263976766,7865.998437902268,756.783227124223,0.0,True
649554,342,0,10.0,10.0,-35810.00646550855,93,93,4.180822162642174,6.0,-49565.02027469179,5489.898334277269,55054.91860896906,9646.384610386964,1071.5395756028431,548.9898334277269,True
649554,342,1,10.5,17.55210042119207,-83083.25051626252,73,73,3.1805261192569274,5.791963875728813,-92325.18483881264,0.0,92325.18483881264,17521.501430955614,872.0499771715411,0.0,True
649554,342,2,10.0,12.475226712938207,-38264.01861066662,146,146,6.0,6.0,-100526.61380640567,1.2434497875801753e-14,100526.61380640567,17288.307277779397,1735.634677188585,1.2434497875801752e-15,True
649554,342,3,10.5,13.946477018384773,-65707.9468772784,85,85,3.7081813921340157,6.0,-111596.62876896975,0.0,111596.62876896975,21120.952822341133,1014.6602322843823,0.0,True
649554,342,4,10.0,11.209691498899055,-23801.99290243379,82,82,3.7420670870657977,6.0,-83543.7924288141,1.2434497875801738e-13,83543.7924288141,15557.463027717895,967.6789222370408,1.2434497875801737e-14,True
649554,342,5,10.0,18.67476584604744,-17504.448074807424,163,163,6.0,6.0,-33980.57116994204,2937.8135580530416,36918.384727995086,4247.008260097874,1935.4179284382144,293.78135580530414,True
649554,342,6,10.0,12.448647286038655,-16761.25819510054,71,71,3.329807169732741,6.0,-64722.32626525672,0.0,64722.32626525672,12000.248965550089,848.2636038280887,0.0,True
649554,342,7,10.5,12.964254140168164,-28771.102717726164,66,66,3.201439529192188,5.9,-65355.88810580231,0.0,65355.88810580231,12234.980630922259,765.3621519289836,0.0,True
649554,342,8,48.002945997313645,54.1593239640269,14888254.899970086,250,250,6.0,6.0,117032.23749765543,140902.9959090167,23870.758411361265,14.489768485980496,2949.7886961164204,2935.2989276304406,False
649554,342,9,11.55,11.202228973605658,-23697.469836539894,66,66,3.3279656973734357,6.0,-43562.107263976766,0.0,43562.107263976766,7865.998437902268,756.783227124223,0.0,True
649554,343,0,10.0,10.0,-35810.00646550855,93,93,4.180822162642174,6.0,-49565.02027469179,5489.898334277269,55054.91860896906,9646.384610386964,1071.5395756028431,548.9898334277269,True
649554,343,1,10.5,17.55210042119207,-83083.25051626252,73,73,3.1805261192569274,5.791963875728813,-92325.18483881264,0.0,92325.18483881264,17521.501430955614,872.0499771715411,0.0,True
649554,343,2,10.0,12.475226712938207,-38264.01861066662,146,146,6.0,6.0,-100526.61380640567,1.2434497875801753e-14,100526.61380640567,17288.307277779397,1735.634677188585,1.2434497875801752e-15,True
649554,343,3,10.5,13.946477018384773,-65707.9468772784,85,85,3.7081813921340157,6.0,-111596.62876896975,0.0,111596.62876896975,21120.952822341133,1014.6602322843823,0.0,True
649554,343,4,10.0,11.209691498899055,-23801.99290243379,82,82,3.7420670870657977,6.0,-83543.7924288141,1.2434497875801738e-13,83543.7924288141,15557.463027717895,967.6789222370408,1.2434497875801737e-14,True
649554,343,5,10.0,18.67476584604744,-17504.448074807424,163,163,6.0,6.0,-33980.57116994204,2937.8135580530416,36918.384727995086,4247.008260097874,1935.4179284382144,293.78135580530414,True
649554,343,6,10.0,12.448647286038655,-16761.25819510054,71,71,3.329807169732741,6.0,-64722.32626525672,0.0,64722.32626525672,12000.248965550089,848.2636038280887,0.0,True
649554,343,7,10.5,12.964254140168164,-28771.102717726164,66,66,3.201439529192188,5.9,-65355.88810580231,0.0,65355.88810580231,12234.980630922259,765.3621519289836,0.0,True
649554,343,8,52.80324059704501,51.451357765825556,14992259.811556095,250,250,6.0,6.0,117167.75102729007,142311.785178972,25144.03415168193,269.1449165501139,2949.7886961164204,2695.133548052278,False
649554,343,9,11.55,11.202228973605658,-23697.469836539894,66,66,3.3279656973734357,6.0,-43562.107263976766,0.0,43562.107263976766,7865.998437902268,756.783227124223,0.0,True
649554,344,0,10.0,10.0,-35810.00646550855,93,93,4.180822162642174,6.0,-49565.02027469179,5489.898334277269,55054.91860896906,9646.384610386964,1071.5395756028431,548.9898334277269,True
649554,344,1,10.5,17.55210042119207,-83083.25051626252,73,73,3.1805261192569274,5.791963875728813,-92325.18483881264,0.0,92325.18483881264,17521.501430955614,872.0499771715411,0.0,True
649554,344,2,10.0,12.475226712938207,-38264.01861066662,146,146,6.0,6.0,-100526.61380640567,1.2434497875801753e-14,100526.61380640567,17288.307277779397,1735.634677188585,1.2434497875801752e-15,True
649554,344,3,10.5,13.946477018384773,-65707.9468772784,85,85,3.7081813921340157,6.0,-111596.62876896975,0.0,111596.62876896975,21120.952822341133,1014.6602322843823,0.0,True
649554,344,4,10.0,11.209691498899055,-23801.99290243379,82,82,3.7420670870657977,6.0,-83543.7924288141,1.2434497875801738e-13,83543.7924288141,15557.463027717895,967.6789222370408,1.2434497875801737e-14,True
649554,344,5,10.0,18.67476584604744,-17504.448074807424,163,163,6.0,6.0,-33980.57116994204,2937.8135580530416,36918.384727995086,4247.008260097874,1935.4179284382144,293.78135580530414,True
649554,344,6,10.0,12.448647286038655,-16761.25819510054,71,71,3.329807169732741,6.0,-64722.32626525672,0.0,64722.32626525672,12000.248965550089,848.2636038280887,0.0,True
649554,344,7,10.5,12.964254140168164,-28771.102717726164,66,66,3.201439529192188,5.9,-65355.88810580231,0.0,65355.88810580231,12234.980630922259,765.3621519289836,0.0,True
649554,344,8,47.522916537340514,48.878789877534274,15096715.23311878,250,250,6.0,6.0,116975.11903206521,141934.79640169005,24959.67736962485,232.2735601386973,2949.7886961164204,2986.66005252785,False
649554,344,9,11.55,11.202228973605658,-23697.469836539894,66,66,3.3279656973734357,6.0,-43562.107263976766,0.0,43562.107263976766,7865.998437902268,756.783227124223,0.0,True
649554,345,0,10.0,10.0,-35810.00646550855,93,93,4.180822162642174,6.0,-49565.02027469179,5489.898334277269,55054.91860896906,9646.384610386964,1071.5395756028431,548.9898334277269,True
649554,345,1,10.5,17.55210042119207,-83083.25051626252,73,73,3.1805261192569274,5.791963875728813,-92325.18483881264,0.0,92325.18483881264,17521.501430955614,872.0499771715411,0.0,True
649554,345,2,10.0,12.475226712938207,-38264.01861066662,146,146,6.0,6.0,-100526.61380640567,1.2434497875801753e-14,100526.61380640567,17288.307277779397,1735.634677188585,1.2434497875801752e-15,True
649554,345,3,10.5,13.946477018384773,-65707.9468772784,85,85,3.7081813921340157,6.0,-111596.62876896975,0.0,111596.62876896975,21120.952822341133,1014.6602322843823,0.0,True
649554,345,4,10.0,11.209691498899055,-23801.99290243379,82,82,3.7420670870657977,6.0,-83543.7924288141,1.2434497875801738e-13,83543.7924288141,15557.463027717895,967.6789222370408,1.2434497875801737e-14,True
649554,345,5,10.0,18.67476584604744,-17504.448074807424,163,163,6.0,6.0,-33980.57116994204,2937.8135580530416,36918.384727995086,4247.008260097874,1935.4179284382144,293.78135580530414,True
649554,345,6,10.0,12.448647286038655,-16761.25819510054,71,71,3.329807169732741,6.0,-64722.32626525672,0.0,64722.32626525672,12000.248965550089,848.2636038280887,0.0,True
649554,345,7,10.5,12.964254140168164,-28771.102717726164,66,66,3.201439529192188,5.9,-65355.88810580231,0.0,65355.88810580231,12234.980630922259,765.3621519289836,0.0,True
649554,345,8,42.770624883606466,46.434850383657555,15197107.002072532,250,250,6.0,6.0,112300.48154963886,136098.79111857023,23798.309568931363,0.0,2949.7886961164204,3182.062256255121,False
649554,345,9,11.55,11.202228973605658,-23697.469836539894,66,66,3.3279656973734357,6.0,-43562.107263976766,0.0,43562.107263976766,7865.998437902268,756.783227124223,0.0,True
649554,346,0,10.0,10.0,-35810.00646550855,93,93,4.180822162642174,6.0,-49565.02027469179,5489.898334277269,55054.91860896906,9646.384610386964,1071.5395756028431,548.9898334277269,True
649554,346,1,10.5,17.55210042119207,-83083.25051626252,73,73,3.1805261192569274,5.791963875728813,-92325.18483881264,0.0,92325.18483881264,17521.501430955614,872.0499771715411,0.0,True
649554,346,2,10.0,12.475226712938207,-38264.01861066662,146,146,6.0,6.0,-100526.61380640567,1.2434497875801753e-14,100526.61380640567,17288.307277779397,1735.634677188585,1.2434497875801752e-15,True
649554,346,3,10.5,13.946477018384773,-65707.9468772784,85,85,3.7081813921340157,6.0,-111596.62876896975,0.0,111596.62876896975,21120.952822341133,1014.6602322843823,0.0,True
649554,346,4,10.0,11.209691498899055,-23801.99290243379,82,82,3.7420670870657977,6.0,-83543.7924288141,1.2434497875801738e-13,83543.7924288141,15557.463027717895,967.6789222370408,1.2434497875801737e-14,True
649554,346,5,10.0,18.67476584604744,-17504.448074807424,163,163,6.0,6.0,-33980.57116994204,2937.8135580530416,36918.384727995086,4247.008260097874,1935.4179284382144,293.78135580530414,True
649554,346,6,10.0,12.448647286038655,-16761.25819510054,71,71,3.329807169732741,6.0,-64722.32626525672,0.0,64722.32626525672,12000.248965550089,848.2636038280887,0.0,True
649554,346,7,10.5,12.964254140168164,-28771.102717726164,66,66,3.201439529192188,5.9,-65355.88810580231,0.0,65355.88810580231,12234.980630922259,765.3621519289836,0.0,True
649554,346,8,47.047687371967115,44.11310786447468,15296699.08166034,250,250,6.0,6.0,110920.35655376106,135108.8919396942,24188.535385933144,78.04516340035627,2949.7886961164204,2871.743532716073,False
649554,346,9,11.55,11.202228973605658,-23697.469836539894,66,66,3.3279656973734357,6.0,-43562.107263976766,0.0,43562.107263976766,7865.998437902268,756.783227124223,0.0,True
649554,347,0,10.0,10.0,-35810.00646550855,93,93,4.180822162642174,6.0,-49565.02027469179,5489.898334277269,55054.91860896906,9646.384610386964,1071.5395756028431,548.9898334277269,True
649554,347,1,10.5,17.55210042119207,-83083.25051626252,73,73,3.1805261192569274,5.791963875728813,-92325.18483881264,0.0,92325.18483881264,17521.501430955614,872.0499771715411,0.0,True
649554,347,2,10.0,12.475226712938207,-38264.01861066662,146,146,6.0,6.0,-100526.61380640567,1.2434497875801753e-14,100526.61380640567,17288.307277779397,1735.634677188585,1.2434497875801752e-15,True
649554,347,3,10.5,13.946477018384773,-65707.9468772784,85,85,3.7081813921340157,6.0,-111596.62876896975,0.0,111596.62876896975,21120.952822341133,1014.6602322843823,0.0,True
649554,347,4,10.0,11.209691498899055,-23801.99290243379,82,82,3.7420670870657977,6.0,-83543.7924288141,1.2434497875801738e-13,83543.7924288141,15557.463027717895,967.6789222370408,1.2434497875801737e-14,True
649554,347,5,10.0,18.67476584604744,-17504.448074807424,163,163,6.0,6.0,-33980.57116994204,2937.8135580530416,36918.384727995086,4247.008260097874,1935.4179284382144,293.78135580530414,True
649554,347,6,10.0,12.448647286038655,-16761.25819510054,71,71,3.329807169732741,6.0,-64722.32626525672,0.0,64722.32626525672,12000.248965550089,848.2636038280887,0.0,True
649554,347,7,10.5,12.964254140168164,-28771.102717726164,66,66,3.201439529192188,5.9,-65355.88810580231,0.0,65355.88810580231,12234.980630922259,765.3621519289836,0.0,True
649554,347,8,42.342918634770406,41.90745247125094,15390331.23172664,250,250,6.0,6.0,104409.01318419016,128207.32275312152,23798.309568931363,0.0,2949.7886961164204,3027.833859516772,False
649554,347,9,11.55,11.202228973605658,-23697.469836539894,66,66,3.3279656973734357,6.0,-43562.107263976766,0.0,43562.107263976766,7865.998437902268,756.783227124223,0.0,True
649554,348,0,10.0,10.0,-35810.00646550855,93,93,4.180822162642174,6.0,-49565.02027469179,5489.898334277269,55054.91860896906,9646.384610386964,1071.5395756028431,548.9898334277269,True
649554,348,1,10.5,17.55210042119207,-83083.25051626252,73,73,3.1805261192569274,5.791963875728813,-92325.18483881264,0.0,92325.18483881264,17521.501430955614,872.0499771715411,0.0,True
649554,348,2,10.0,12.475226712938207,-38264.01861066662,146,146,6.0,6.0,-100526.61380640567,1.2434497875801753e-14,100526.61380640567,17288.307277779397,1735.634677188585,1.2434497875801752e-15,True
649554,348,3,10.5,13.946477018384773,-65707.9468772784,85,85,3.7081813921340157,6.0,-111596.62876896975,0.0,111596.62876896975,21120.952822341133,1014.6602322843823,0.0,True
649554,348,4,10.0,11.209691498899055,-23801.99290243379,82,82,3.7420670870657977,6.0,-83543.7924288141,1.2434497875801738e-13,83543.7924288141,15557.463027717895,967.6789222370408,1.2434497875801737e-14,True
649554,348,5,10.0,18.67476584604744,-17504.448074807424,163,163,6.0,6.0,-33980.57116994204,2937.8135580530416,36918.384727995086,4247.008260097874,1935.4179284382144,293.78135580530414,True
649554,348,6,10.0,12.448647286038655,-16761.25819510054,71,71,3.329807169732741,6.0,-64722.32626525672,0.0,64722.32626525672,12000.248965550089,848.2636038280887,0.0,True
649554,348,7,10.5,12.964254140168164,-28771.102717726164,66,66,3.201439529192188,5.9,-65355.88810580231,0.0,65355.88810580231,12234.980630922259,765.3621519289836,0.0,True
649554,348,8,46.57721049824745,39.812079847688395,15479005.534317039,250,250,6.0,6.0,98927.32255211263,124147.50980322497,25220.18725111234,284.3755364361953,2949.7886961164204,2665.413159680231,False
649554,348,9,11.55,11.202228973605658,-23697.469836539894,66,66,3.3279656973734357,6.0,-43562.107263976766,0.0,43562.107263976766,7865.998437902268,756.783227124223,0.0,True
649554,349,0,10.0,10.0,-35810.00646550855,93,93,4.180822162642174,6.0,-49565.02027469179,5489.898334277269,55054.91860896906,9646.384610386964,1071.5395756028431,548.9898334277269,True
649554,349,1,10.5,17.55210042119207,-83083.25051626252,73,73,3.1805261192569274,5.791963875728813,-92325.18483881264,0.0,92325.18483881264,17521.501430955614,872.0499771715411,0.0,True
649554,349,2,10.0,12.475226712938207,-38264.01861066662,146,146,6.0,6.0,-100526.61380640567,1.2434497875801753e-14,100526.61380640567,17288.307277779397,1735.634677188585,1.2434497875801752e-15,True
649554,349,3,10.5,13.946477018384773,-65707.9468772784,85,85,3.7081813921340157,6.0,-111596.62876896975,0.0,111596.62876896975,21120.952822341133,1014.6602322843823,0.0,True
649554,349,4,10.0,11.209691498899055,-23801.99290243379,82,82,3.7420670870657977,6.0,-83543.7924288141,1.2434497875801738e-13,83543.7924288141,15557.463027717895,967.6789222370408,1.2434497875801737e-14,True
649554,349,5,10.0,18.67476584604744,-17504.448074807424,163,163,6.0,6.0,-33980.57116994204,2937.8135580530416,36918.384727995086,4247.008260097874,1935.4179284382144,293.78135580530414,True
649554,349,6,10.0,12.448647286038655,-16761.25819510054,71,71,3.329807169732741,6.0,-64722.32626525672,0.0,64722.32626525672,12000.248965550089,848.2636038280887,0.0,True
649554,349,7,10.5,12.964254140168164,-28771.102717726164,66,66,3.201439529192188,5.9,-65355.88810580231,0.0,65355.88810580231,12234.980630922259,765.3621519289836,0.0,True
649554,349,8,41.91948944842271,37.82147585530397,15562462.648879426,250,250,6.0,6.0,93212.48352638789,118989.0456875648,25776.56216117691,395.6505184491093,2949.7886961164204,2838.5137141034993,False
649554,349,9,11.55,11.202228973605658,-23697.469836539894,66,66,3.3279656973734357,6.0,-43562.107263976766,0.0,43562.107263976766,7865.998437902268,756.783227124223,0.0,True
649554,350,0,10.0,10.0,-35810.00646550855,93,93,4.180822162642174,6.0,-49565.02027469179,5489.898334277269,55054.91860896906,9646.384610386964,1071.5395756028431,548.9898334277269,True
649554,350,1,10.5,17.55210042119207,-83083.25051626252,73,73,3.1805261192569274,5.791963875728813,-92325.18483881264,0.0,92325.18483881264,17521.501430955614,872.0499771715411,0.0,True
649554,350,2,10.0,12.475226712938207,-38264.01861066662,146,146,6.0,6.0,-100526.61380640567,1.2434497875801753e-14,100526.61380640567,17288.307277779397,1735.634677188585,1.2434497875801752e-15,True
649554,350,3,10.5,13.946477018384773,-65707.9468772784,85,85,3.7081813921340157,6.0,-111596.62876896975,0.0,111596.62876896975,21120.952822341133,1014.6602322843823,0.0,True
649554,350,4,10.0,11.209691498899055,-23801.99290243379,82,82,3.7420670870657977,6.0,-83543.7924288141,1.2434497875801738e-13,83543.7924288141,15557.463027717895,967.6789222370408,1.2434497875801737e-14,True
649554,350,5,10.0,18.67476584604744,-17504.448074807424,163,163,6.0,6.0,-33980.57116994204,2937.8135580530416,36918.384727995086,4247.008260097874,1935.4179284382144,293.78135580530414,True
649554,350,6,10.0,12.448647286038655,-16761.25819510054,71,71,3.329807169732741,6.0,-64722.32626525672,0.0,64722.32626525672,12000.248965550089,848.2636038280887,0.0,True
649554,350,7,10.5,12.964254140168164,-28771.102717726164,66,66,3.201439529192188,5.9,-65355.88810580231,0.0,65355.88810580231,12234.980630922259,765.3621519289836,0.0,True
649554,350,8,37.72754050358044,35.930402062538775,15643941.294591784,250,250,6.0,6.0,90761.24622806709,115923.50484899367,25162.258620926594,272.7898103990459,2949.7886961164204,3072.649404166493,False
649554,350,9,11.55,11.202228973605658,-23697.469836539894,66,66,3.3279656973734357,6.0,-43562.107263976766,0.0,43562.107263976766,7865.998437902268,756.783227124223,0.0,True
649554,351,0,10.0,10.0,-35810.00646550855,93,93,4.180822162642174,6.0,-49565.02027469179,5489.898334277269,55054.91860896906,9646.384610386964,1071.5395756028431,548.9898334277269,True
649554,351,1,10.5,17.55210042119207,-83083.25051626252,73,73,3.1805261192569274,5.791963875728813,-92325.18483881264,0.0,92325.18483881264,17521.501430955614,872.0499771715411,0.0,True
649554,351,2,10.0,12.475226712938207,-38264.01861066662,146,146,6.0,6.0,-100526.61380640567,1.2434497875801753e-14,100526.61380640567,17288.307277779397,1735.634677188585,1.2434497875801752e-15,True
649554,351,3,10.5,13.946477018384773,-65707.9468772784,85,85,3.7081813921340157,6.0,-111596.62876896975,0.0,111596.62876896975,21120.952822341133,1014.6602322843823,0.0,True
649554,351,4,10.0,11.209691498899055,-23801.99290243379,82,82,3.7420670870657977,6.0,-83543.7924288141,1.2434497875801738e-13,83543.7924288141,15557.463027717895,967.6789222370408,1.2434497875801737e-14,True
649554,351,5,10.0,18.67476584604744,-17504.448074807424,163,163,6.0,6.0,-33980.57116994204,2937.8135580530416,36918.384727995086,4247.008260097874,1935.4179284382144,293.78135580530414,True
649554,351,6,10.0,12.448647286038655,-16761.25819510054,71,71,3.329807169732741,6.0,-64722.32626525672,0.0,64722.32626525672,12000.248965550089,848.2636038280887,0.0,True
649554,351,7,10.5,12.964254140168164,-28771.102717726164,66,66,3.201439529192188,5.9,-65355.88810580231,0.0,65355.88810580231,12234.980630922259,765.3621519289836,0.0,True
649554,351,8,33.9547864532224,34.13388195941184,15720731.479550315,250,250,6.0,6.0,85623.6554485458,109421.96501747717,23798.309568931363,0.0,2949.7886961164204,3222.5785065154705,False
649554,351,9,11.55,11.202228973605658,-23697.469836539894,66,66,3.3279656973734357,6.0,-43562.107263976766,0.0,43562.107263976766,7865.998437902268,756.783227124223,0.0,True
649554,352,0,10.0,10.0,-35810.00646550855,93,93,4.180822162642174,6.0,-49565.02027469179,5489.898334277269,55054.91860896906,9646.384610386964,1071.5395756028431,548.9898334277269,True
649554,352,1,10.5,17.55210042119207,-83083.25051626252,73,73,3.1805261192569274,5.791963875728813,-92325.18483881264,0.0,92325.18483881264,17521.501430955614,872.0499771715411,0.0,True
649554,352,2,10.0,12.475226712938207,-38264.01861066662,146,146,6.0,6.0,-100526.61380640567,1.2434497875801753e-14,100526.61380640567,17288.307277779397,1735.634677188585,1.2434497875801752e-15,True
649554,352,3,10.5,13.946477018384773,-65707.9468772784,85,85,3.7081813921340157,6.0,-111596.62876896975,0.0,111596.62876896975,21120.952822341133,1014.6602322843823,0.0,True
649554,352,4,10.0,11.209691498899055,-23801.99290243379,82,82,3.7420670870657977,6.0,-83543.7924288141,1.2434497875801738e-13,83543.7924288141,15557.463027717895,967.6789222370408,1.2434497875801737e-14,True
649554,352,5,10.0,18.67476584604744,-17504.448074807424,163,163,6.0,6.0,-33980.57116994204,2937.8135580530416,36918.384727995086,4247.008260097874,1935.4179284382144,293.78135580530414,True
649554,352,6,10.0,12.448647286038655,-16761.25819510054,71,71,3.329807169732741,6.0,-64722.32626525672,0.0,64722.32626525672,12000.248965550089,848.2636038280887,0.0,True
649554,352,7,10.5,12.964254140168164,-28771.102717726164,66,66,3.201439529192188,5.9,-65355.88810580231,0.0,65355.88810580231,12234.980630922259,765.3621519289836,0.0,True
649554,352,8,37.35026509854464,37.547270155353026,15797421.742227377,250,250,6.0,6.0,86377.08021570738,110175.38978463874,23798.309568931363,0.0,2949.7886961164204,2949.788696116423,False
649554,352,9,11.55,11.202228973605658,-23697.469836539894,66,66,3.3279656973734357,6.0,-43562.107263976766,0.0,43562.107263976766,7865.998437902268,756.783227124223,0.0,True
649554,353,0,10.0,10.0,-35810.00646550855,93,93,4.180822162642174,6.0,-49565.02027469179,5489.898334277269,55054.91860896906,9646.384610386964,1071.5395756028431,548.9898334277269,True
649554,353,1,10.5,17.55210042119207,-83083.25051626252,73,73,3.1805261192569274,5.791963875728813,-92325.18483881264,0.0,92325.18483881264,17521.501430955614,872.0499771715411,0.0,True
649554,353,2,10.0,12.475226712938207,-38264.01861066662,146,146,6.0,6.0,-100526.61380640567,1.2434497875801753e-14,100526.61380640567,17288.307277779397,1735.634677188585,1.2434497875801752e-15,True
649554,353,3,10.5,13.946477018384773,-65707.9468772784,85,85,3.7081813921340157,6.0,-111596.62876896975,0.0,111596.62876896975,21120.952822341133,1014.6602322843823,0.0,True
649554,353,4,10.0,11.209691498899055,-23801.99290243379,82,82,3.7420670870657977,6.0,-83543.7924288141,1.2434497875801738e-13,83543.7924288141,15557.463027717895,967.6789222370408,1.2434497875801737e-14,True
649554,353,5,10.0,18.67476584604744,-17504.448074807424,163,163,6.0,6.0,-33980.57116994204,2937.8135580530416,36918.384727995086,4247.008260097874,1935.4179284382144,293.78135580530414,True
649554,353,6,10.0,12.448647286038655,-16761.25819510054,71,71,3.329807169732741,6.0,-64722.32626525672,0.0,64722.32626525672,12000.248965550089,848.2636038280887,0.0,True
649554,353,7,10.5,12.964254140168164,-28771.102717726164,66,66,3.201439529192188,5.9,-65355.88810580231,0.0,65355.88810580231,12234.980630922259,765.3621519289836,0.0,True
649554,353,8,41.0852916083991,41.301997170888335,15875228.218931621,250,250,6.0,6.0,88431.97599717308,113202.68292806066,24770.706930887576,194.4794723912425,2949.7886961164204,2755.309223725177,False
649554,353,9,11.55,11.202228973605658,-23697.469836539894,66,66,3.3279656973734357,6.0,-43562.107263976766,0.0,43562.107263976766,7865.998437902268,756.783227124223,0.0,True
649554,354,0,10.0,10.0,-35810.00646550855,93,93,4.180822162642174,6.0,-49565.02027469179,5489.898334277269,55054.91860896906,9646.384610386964,1071.5395756028431,548.9898334277269,True
649554,354,1,10.5,17.55210042119207,-83083.25051626252,73,73,3.1805261192569274,5.791963875728813,-92325.18483881264,0.0,92325.18483881264,17521.501430955614,872.0499771715411,0.0,True
649554,354,2,10.0,12.475226712938207,-38264.01861066662,146,146,6.0,6.0,-100526.61380640567,1.2434497875801753e-14,100526.61380640567,17288.307277779397,1735.634677188585,1.2434497875801752e-15,True
649554,354,3,10.5,13.946477018384773,-65707.9468772784,85,85,3.7081813921340157,6.0,-111596.62876896975,0.0,111596.62876896975,21120.952822341133,1014.6602322843823,0.0,True
649554,354,4,10.0,11.209691498899055,-23801.99290243379,82,82,3.7420670870657977,6.0,-83543.7924288141,1.2434497875801738e-13,83543.7924288141,15557.463027717895,967.6789222370408,1.2434497875801737e-14,True
649554,354,5,10.0,18.67476584604744,-17504.448074807424,163,163,6.0,6.0,-33980.57116994204,2937.8135580530416,36918.384727995086,4247.008260097874,1935.4179284382144,293.78135580530414,True
649554,354,6,10.0,12.448647286038655,-16761.25819510054,71,71,3.329807169732741,6.0,-64722.32626525672,0.0,64722.32626525672,12000.248965550089,848.2636038280887,0.0,True
649554,354,7,10.5,12.964254140168164,-28771.102717726164,66,66,3.201439529192188,5.9,-65355.88810580231,0.0,65355.88810580231,12234.980630922259,765.3621519289836,0.0,True
649554,354,8,36.976762447559196,39.23689731234391,15955459.688322257,250,250,6.0,6.0,90340.69371866275,114392.22122613704,24051.527507474304,50.64358770858792,2949.7886961164204,3093.624580799068,False
649554,354,9,11.55,11.202228973605658,-23697.469836539894,66,66,3.3279656973734357,6.0,-43562.107263976766,0.0,43562.107263976766,7865.998437902268,756.783227124223,0.0,True
649554,355,0,10.0,10.0,-35810.00646550855,93,93,4.180822162642174,6.0,-49565.02027469179,5489.898334277269,55054.91860896906,9646.384610386964,1071.5395756028431,548.9898334277269,True
649554,355,1,10.5,17.55210042119207,-83083.25051626252,73,73,3.1805261192569274,5.791963875728813,-92325.18483881264,0.0,92325.18483881264,17521.501430955614,872.0499771715411,0.0,True
649554,355,2,10.0,12.475226712938207,-38264.01861066662,146,146,6.0,6.0,-100526.61380640567,1.2434497875801753e-14,100526.61380640567,17288.307277779397,1735.634677188585,1.2434497875801752e-15,True
649554,355,3,10.5,13.946477018384773,-65707.9468772784,85,85,3.7081813921340157,6.0,-111596.62876896975,0.0,111596.62876896975,21120.952822341133,1014.6602322843823,0.0,True
649554,355,4,10.0,11.209691498899055,-23801.99290243379,82,82,3.7420670870657977,6.0,-83543.7924288141,1.2434497875801738e-13,83543.7924288141,15557.463027717895,967.6789222370408,1.2434497875801737e-14,True
649554,355,5,10.0,18.67476584604744,-17504.448074807424,163,163,6.0,6.0,-33980.57116994204,2937.8135580530416,36918.384727995086,4247.008260097874,1935.4179284382144,293.78135580530414,True
649554,355,6,10.0,12.448647286038655,-16761.25819510054,71,71,3.329807169732741,6.0,-64722.32626525672,0.0,64722.32626525672,12000.248965550089,848.2636038280887,0.0,True
649554,355,7,10.5,12.964254140168164,-28771.102717726164,66,66,3.201439529192188,5.9,-65355.88810580231,0.0,65355.88810580231,12234.980630922259,765.3621519289836,0.0,True
649554,355,8,40.67443869231512,37.27505244672672,16031432.458214995,250,250,6.0,6.0,85591.53300445557,110774.75903516554,25183.226030709964,276.98329235571987,2949.7886961164204,2723.4489914693013,False
649554,355,9,11.55,11.202228973605658,-23697.469836539894,66,66,3.3279656973734357,6.0,-43562.107263976766,0.0,43562.107263976766,7865.998437902268,756.783227124223,0.0,True
649554,356,0,10.0,10.0,-35810.00646550855,93,93,4.180822162642174,6.0,-49565.02027469179,5489.898334277269,55054.91860896906,9646.384610386964,1071.5395756028431,548.9898334277269,True
649554,356,1,10.5,17.55210042119207,-83083.25051626252,73,73,3.1805261192569274,5.791963875728813,-92325.18483881264,0.0,92325.18483881264,17521.501430955614,872.0499771715411,0.0,True
649554,356,2,10.0,12.475226712938207,-38264.01861066662,146,146,6.0,6.0,-100526.61380640567,1.2434497875801753e-14,100526.61380640567,17288.307277779397,1735.634677188585,1.2434497875801752e-15,True
649554,356,3,10.5,13.946477018384773,-65707.9468772784,85,85,3.7081813921340157,6.0,-111596.62876896975,0.0,111596.62876896975,21120.952822341133,1014.6602322843823,0.0,True
649554,356,4,10.0,11.209691498899055,-23801.99290243379,82,82,3.7420670870657977,6.0,-83543.7924288141,1.2434497875801738e-13,83543.7924288141,15557.463027717895,967.6789222370408,1.2434497875801737e-14,True
649554,356,5,10.0,18.67476584604744,-17504.448074807424,163,163,6.0,6.0,-33980.57116994204,2937.8135580530416,36918.384727995086,4247.008260097874,1935.4179284382144,293.78135580530414,True
649554,356,6,10.0,12.448647286038655,-16761.25819510054,71,71,3.329807169732741,6.0,-64722.32626525672,0.0,64722.32626525672,12000.248965550089,848.2636038280887,0.0,True
649554,356,7,10.5,12.964254140168164,-28771.102717726164,66,66,3.201439529192188,5.9,-65355.88810580231,0.0,65355.88810580231,12234.980630922259,765.3621519289836,0.0,True
649554,356,8,36.60699482308361,35.41129982439038,16106136.65881736,250,250,6.0,6.0,83857.02555854357,108913.18737014511,25056.161811601545,251.57044853403633,2949.7886961164204,2975.201539938119,False
649554,356,9,11.55,11.202228973605658,-23697.469836539894,66,66,3.3279656973734357,6.0,-43562.107263976766,0.0,43562.107263976766,7865.998437902268,756.783227124223,0.0,True
649554,357,0,10.0,10.0,-35810.00646550855,93,93,4.180822162642174,6.0,-49565.02027469179,5489.898334277269,55054.91860896906,9646.384610386964,1071.5395756028431,548.9898334277269,True
649554,357,1,10.5,17.55210042119207,-83083.25051626252,73,73,3.1805261192569274,5.791963875728813,-92325.18483881264,0.0,92325.18483881264,17521.501430955614,872.0499771715411,0.0,True
649554,357,2,10.0,12.475226712938207,-38264.01861066662,146,146,6.0,6.0,-100526.61380640567,1.2434497875801753e-14,100526.61380640567,17288.307277779397,1735.634677188585,1.2434497875801752e-15,True
649554,357,3,10.5,13.946477018384773,-65707.9468772784,85,85,3.7081813921340157,6.0,-111596.62876896975,0.0,111596.62876896975,21120.952822341133,1014.6602322843823,0.0,True
649554,357,4,10.0,11.209691498899055,-23801.99290243379,82,82,3.7420670870657977,6.0,-83543.7924288141,1.2434497875801738e-13,83543.7924288141,15557.463027717895,967.6789222370408,1.2434497875801737e-14,True
649554,357,5,10.0,18.67476584604744,-17504.448074807424,163,163,6.0,6.0,-33980.57116994204,2937.8135580530416,36918.384727995086,4247.008260097874,1935.4179284382144,293.78135580530414,True
649554,357,6,10.0,12.448647286038655,-16761.25819510054,71,71,3.329807169732741,6.0,-64722.32626525672,0.0,64722.32626525672,12000.248965550089,848.2636038280887,0.0,True
649554,357,7,10.5,12.964254140168164,-28771.102717726164,66,66,3.201439529192188,5.9,-65355.88810580231,0.0,65355.88810580231,12234.980630922259,765.3621519289836,0.0,True
649554,357,8,32.94629534077525,33.64073483317086,16179101.089411791,250,250,6.0,6.0,81674.61430261421,105472.92387154557,23798.309568931363,0.0,2949.7886961164204,3201.3591446504565,False
649554,357,9,11.55,11.202228973605658,-23697.469836539894,66,66,3.3279656973734357,6.0,-43562.107263976766,0.0,43562.107263976766,7865.998437902268,756.783227124223,0.0,True
649554,358,0,10.0,10.0,-35810.00646550855,93,93,4.180822162642174,6.0,-49565.02027469179,5489.898334277269,55054.91860896906,9646.384610386964,1071.5395756028431,548.9898334277269,True
649554,358,1,10.5,17.55210042119207,-83083.25051626252,73,73,3.1805261192569274,5.791963875728813,-92325.18483881264,0.0,92325.18483881264,17521.501430955614,872.0499771715411,0.0,True
649554,358,2,10.0,12.475226712938207,-38264.01861066662,146,146,6.0,6.0,-100526.61380640567,1.2434497875801753e-14,100526.61380640567,17288.307277779397,1735.634677188585,1.2434497875801752e-15,True
649554,358,3,10.5,13.946477018384773,-65707.9468772784,85,85,3.7081813921340157,6.0,-111596.62876896975,0.0,111596.62876896975,21120.952822341133,1014.6602322843823,0.0,True
649554,358,4,10.0,11.209691498899055,-23801.99290243379,82,82,3.7420670870657977,6.0,-83543.7924288141,1.2434497875801738e-13,83543.7924288141,15557.463027717895,967.6789222370408,1.2434497875801737e-14,True
649554,358,5,10.0,18.67476584604744,-17504.448074807424,163,163,6.0,6.0,-33980.57116994204,2937.8135580530416,36918.384727995086,4247.008260097874,1935.4179284382144,293.78135580530414,True
649554,358,6,10.0,12.448647286038655,-16761.25819510054,71,71,3.329807169732741,6.0,-64722.32626525672,0.0,64722.32626525672,12000.248965550089,848.2636038280887,0.0,True
649554,358,7,10.5,12.964254140168164,-28771.102717726164,66,66,3.201439529192188,5.9,-65355.88810580231,0.0,65355.88810580231,12234.980630922259,765.3621519289836,0.0,True
649554,358,8,36.24092487485278,37.00480831648795,16252601.260026013,250,250,6.0,6.0,83051.37269322437,106856.1549916897,23804.78229846534,1.2945459067954634,2949.7886961164204,2948.4941502096194,False
649554,358,9,11.55,11.202228973605658,-23697.469836539894,66,66,3.3279656973734357,6.0,-43562.107263976766,0.0,43562.107263976766,7865.998437902268,756.783227124223,0.0,True
649554,359,0,10.0,10.0,-35810.00646550855,93,93,4.180822162642174,6.0,-49565.02027469179,5489.898334277269,55054.91860896906,9646.384610386964,1071.5395756028431,548.9898334277269,True
649554,359,1,10.5,17.55210042119207,-83083.25051626252,73,73,3.1805261192569274,5.791963875728813,-92325.18483881264,0.0,92325.18483881264,17521.501430955614,872.0499771715411,0.0,True
649554,359,2,10.0,12.475226712938207,-38264.01861066662,146,146,6.0,6.0,-100526.61380640567,1.2434497875801753e-14,100526.61380640567,17288.307277779397,1735.634677188585,1.2434497875801752e-15,True
649554,359,3,10.5,13.946477018384773,-65707.9468772784,85,85,3.7081813921340157,6.0,-111596.62876896975,0.0,111596.62876896975,21120.952822341133,1014.6602322843823,0.0,True
649554,359,4,10.0,11.209691498899055,-23801.99290243379,82,82,3.7420670870657977,6.0,-83543.7924288141,1.2434497875801738e-13,83543.7924288141,15557.463027717895,967.6789222370408,1.2434497875801737e-14,True
649554,359,5,10.0,18.67476584604744,-17504.448074807424,163,163,6.0,6.0,-33980.57116994204,2937.8135580530416,36918.384727995086,4247.008260097874,1935.4179284382144,293.78135580530414,True
649554,359,6,10.0,12.448647286038655,-16761.25819510054,71,71,3.329807169732741,6.0,-64722.32626525672,0.0,64722.32626525672,12000.248965550089,848.2636038280887,0.0,True
649554,359,7,10.5,12.964254140168164,-28771.102717726164,66,66,3.201439529192188,5.9,-65355.88810580231,0.0,65355.88810580231,12234.980630922259,765.3621519289836,0.0,True
649554,359,8,39.86501736233806,40.70528914813675,16327479.183037346,250,250,6.0,6.0,85354.24529828223,110098.99714150943,24744.751843227205,189.28845485916818,2949.7886961164204,2761.794787164046,False
649554,359,9,11.55,11.202228973605658,-23697.469836539894,66,66,3.3279656973734357,6.0,-43562.107263976766,0.0,43562.107263976766,7865.998437902268,756.783227124223,0.0,True
649554,360,0,10.0,10.0,-35810.00646550855,93,93,4.180822162642174,6.0,-49565.02027469179,5489.898334277269,55054.91860896906,9646.384610386964,1071.5395756028431,548.9898334277269,True
649554,360,1,10.5,17.55210042119207,-83083.25051626252,73,73,3.1805261192569274,5.791963875728813,-92325.18483881264,0.0,92325.18483881264,17521.501430955614,872.0499771715411,0.0,True
649554,360,2,10.0,12.475226712938207,-38264.01861066662,146,146,6.0,6.0,-100526.61380640567,1.2434497875801753e-14,100526.61380640567,17288.307277779397,1735.634677188585,1.2434497875801752e-15,True
649554,360,3,10.5,13.946477018384773,-65707.9468772784,85,85,3.7081813921340157,6.0,-111596.62876896975,0.0,111596.62876896975,21120.952822341133,1014.6602322843823,0.0,True
649554,360,4,10.0,11.209691498899055,-23801.99290243379,82,82,3.7420670870657977,6.0,-83543.7924288141,1.2434497875801738e-13,83543.7924288141,15557.463027717895,967.6789222370408,1.2434497875801737e-14,True
649554,360,5,10.0,18.67476584604744,-17504.448074807424,163,163,6.0,6.0,-33980.57116994204,2937.8135580530416,36918.384727995086,4247.008260097874,1935.4179284382144,293.78135580530414,True
649554,360,6,10.0,12.448647286038655,-16761.25819510054,71,71,3.329807169732741,6.0,-64722.32626525672,0.0,64722.32626525672,12000.248965550089,848.2636038280887,0.0,True
649554,360,7,10.5,12.964254140168164,-28771.102717726164,66,66,3.201439529192188,5.9,-65355.88810580231,0.0,65355.88810580231,12234.980630922259,765.3621519289836,0.0,True
649554,360,8,35.87851562610425,38.67002469072991,16405675.33291872,250,250,6.0,6.0,88163.65605416069,112043.11619565691,23879.460141496224,16.23011451297242,2949.7886961164204,3122.8470364626046,False
649554,360,9,11.55,11.202228973605658,-23697.469836539894,66,66,3.3279656973734357,6.0,-43562.107263976766,0.0,43562.107263976766,7865.998437902268,756.783227124223,0.0,True
649554,361,0,10.0,10.0,-35810.00646550855,93,93,4.180822162642174,6.0,-49565.02027469179,5489.898334277269,55054.91860896906,9646.384610386964,1071.5395756028431,548.9898334277269,True
649554,361,1,10.5,17.55210042119207,-83083.25051626252,73,73,3.1805261192569274,5.791963875728813,-92325.18483881264,0.0,92325.18483881264,17521.501430955614,872.0499771715411,0.0,True
649554,361,2,10.0,12.475226712938207,-38264.01861066662,146,146,6.0,6.0,-100526.61380640567,1.2434497875801753e-14,100526.61380640567,17288.307277779397,1735.634677188585,1.2434497875801752e-15,True
649554,361,3,10.5,13.946477018384773,-65707.9468772784,85,85,3.7081813921340157,6.0,-111596.62876896975,0.0,111596.62876896975,21120.952822341133,1014.6602322843823,0.0,True
649554,361,4,10.0,11.209691498899055,-23801.99290243379,82,82,3.7420670870657977,6.0,-83543.7924288141,1.2434497875801738e-13,83543.7924288141,15557.463027717895,967.6789222370408,1.2434497875801737e-14,True
649554,361,5,10.0,18.67476584604744,-17504.448074807424,163,163,6.0,6.0,-33980.57116994204,2937.8135580530416,36918.384727995086,4247.008260097874,1935.4179284382144,293.78135580530414,True
649554,361,6,10.0,12.448647286038655,-16761.25819510054,71,71,3.329807169732741,6.0,-64722.32626525672,0.0,64722.32626525672,12000.248965550089,848.2636038280887,0.0,True
649554,361,7,10.5,12.964254140168164,-28771.102717726164,66,66,3.201439529192188,5.9,-65355.88810580231,0.0,65355.88810580231,12234.980630922259,765.3621519289836,0.0,True
649554,361,8,39.466367188714685,42.5370271598029,16485911.621058086,250,250,6.0,6.0,91170.54492929236,115203.76608452947,24033.22115523711,46.9823172611497,2949.7886961164204,2919.03649336825,False
649554,361,9,11.55,11.202228973605658,-23697.469836539894,66,66,3.3279656973734357,6.0,-43562.107263976766,0.0,43562.107263976766,7865.998437902268,756.783227124223,0.0,True
649554,362,0,10.0,10.0,-35810.00646550855,93,93,4.180822162642174,6.0,-49565.02027469179,5489.898334277269,55054.91860896906,9646.384610386964,1071.5395756028431,548.9898334277269,True
649554,362,1,10.5,17.55210042119207,-83083.25051626252,73,73,3.1805261192569274,5.791963875728813,-92325.18483881264,0.0,92325.18483881264,17521.501430955614,872.0499771715411,0.0,True
649554,362,2,10.0,12.475226712938207,-38264.01861066662,146,146,6.0,6.0,-100526.61380640567,1.2434497875801753e-14,100526.61380640567,17288.307277779397,1735.634677188585,1.2434497875801752e-15,True
649554,362,3,10.5,13.946477018384773,-65707.9468772784,85,85,3.7081813921340157,6.0,-111596.62876896975,0.0,111596.62876896975,21120.952822341133,1014.6602322843823,0.0,True
649554,362,4,10.0,11.209691498899055,-23801.99290243379,82,82,3.7420670870657977,6.0,-83543.7924288141,1.2434497875801738e-13,83543.7924288141,15557.463027717895,967.6789222370408,1.2434497875801737e-14,True
649554,362,5,10.0,18.67476584604744,-17504.448074807424,163,163,6.0,6.0,-33980.57116994204,2937.8135580530416,36918.384727995086,4247.008260097874,1935.4179284382144,293.78135580530414,True
649554,362,6,10.0,12.448647286038655,-16761.25819510054,71,71,3.329807169732741,6.0,-64722.32626525672,0.0,64722.32626525672,12000.248965550089,848.2636038280887,0.0,True
649554,362,7,10.5,12.964254140168164,-28771.102717726164,66,66,3.201439529192188,5.9,-65355.88810580231,0.0,65355.88810580231,12234.980630922259,765.3621519289836,0.0,True
649554,362,8,43.41300390758616,40.410175801812755,16565178.107029371,250,250,6.0,6.0,89669.02992183188,115185.00735690977,25515.977435077897,343.5335732293069,2949.7886961164204,2653.2374401482475,False
649554,362,9,11.55,11.202228973605658,-23697.469836539894,66,66,3.3279656973734357,6.0,-43562.107263976766,0.0,43562.107263976766,7865.998437902268,756.783227124223,0.0,True
649554,363,0,10.0,10.0,-35810.00646550855,93,93,4.180822162642174,6.0,-49565.02027469179,5489.898334277269,55054.91860896906,9646.384610386964,1071.5395756028431,548.9898334277269,True
649554,363,1,10.5,17.55210042119207,-83083.25051626252,73,73,3.1805261192569274,5.791963875728813,-92325.18483881264,0.0,92325.18483881264,17521.501430955614,872.0499771715411,0.0,True
649554,363,2,10.0,12.475226712938207,-38264.01861066662,146,146,6.0,6.0,-100526.61380640567,1.2434497875801753e-14,100526.61380640567,17288.307277779397,1735.634677188585,1.2434497875801752e-15,True
649554,363,3,10.5,13.946477018384773,-65707.9468772784,85,85,3.7081813921340157,6.0,-111596.62876896975,0.0,111596.62876896975,21120.952822341133,1014.6602322843823,0.0,True
649554,363,4,10.0,11.209691498899055,-23801.99290243379,82,82,3.7420670870657977,6.0,-83543.7924288141,1.2434497875801738e-13,83543.7924288141,15557.463027717895,967.6789222370408,1.2434497875801737e-14,True
649554,363,5,10.0,18.67476584604744,-17504.448074807424,163,163,6.0,6.0,-33980.57116994204,2937.8135580530416,36918.384727995086,4247.008260097874,1935.4179284382144,293.78135580530414,True
649554,363,6,10.0,12.448647286038655,-16761.25819510054,71,71,3.329807169732741,6.0,-64722.32626525672,0.0,64722.32626525672,12000.248965550089,848.2636038280887,0.0,True
649554,363,7,10.5,12.964254140168164,-28771.102717726164,66,66,3.201439529192188,5.9,-65355.88810580231,0.0,65355.88810580231,12234.980630922259,765.3621519289836,0.0,True
649554,363,8,39.07170351682755,38.38966701172212,16643495.741716912,250,250,6.0,6.0,88215.05144048954,113903.7293131398,25688.67787265026,378.0736607437792,2949.7886961164204,2915.24860860196,False
649554,363,9,11.55,11.202228973605658,-23697.469836539894,66,66,3.3279656973734357,6.0,-43562.107263976766,0.0,43562.107263976766,7865.998437902268,756.783227124223,0.0,True
649554,364,0,10.0,10.0,-35810.00646550855,93,93,4.180822162642174,6.0,-49565.02027469179,5489.898334277269,55054.91860896906,9646.384610386964,1071.5395756028431,548.9898334277269,True
649554,364,1,10.5,17.55210042119207,-83083.25051626252,73,73,3.1805261192569274,5.791963875728813,-92325.18483881264,0.0,92325.18483881264,17521.501430955614,872.0499771715411,0.0,True
649554,364,2,10.0,12.475226712938207,-38264.01861066662,146,146,6.0,6.0,-100526.61380640567,1.2434497875801753e-14,100526.61380640567,17288.307277779397,1735.634677188585,1.2434497875801752e-15,True
649554,364,3,10.5,13.946477018384773,-65707.9468772784,85,85,3.7081813921340157,6.0,-111596.62876896975,0.0,111596.62876896975,21120.952822341133,1014.6602322843823,0.0,True
649554,364,4,10.0,11.209691498899055,-23801.99290243379,82,82,3.7420670870657977,6.0,-83543.7924288141,1.2434497875801738e-13,83543.7924288141,15557.463027717895,967.6789222370408,1.2434497875801737e-14,True
649554,364,5,10.0,18.67476584604744,-17504.448074807424,163,163,6.0,6.0,-33980.57116994204,2937.8135580530416,36918.384727995086,4247.008260097874,1935.4179284382144,293.78135580530414,True
649554,364,6,10.0,12.448647286038655,-16761.25819510054,71,71,3.329807169732741,6.0,-64722.32626525672,0.0,64722.32626525672,12000.248965550089,848.2636038280887,0.0,True
649554,364,7,10.5,12.964254140168164,-28771.102717726164,66,66,3.201439529192188,5.9,-65355.88810580231,0.0,65355.88810580231,12234.980630922259,765.3621519289836,0.0,True
649554,364,8,35.164533165144796,36.47018366113601,16723178.628913792,250,250,6.0,6.0,89100.43311218261,113412.12889660626,24311.695784423642,102.67724309845596,2949.7886961164204,3225.1851137617473,False
649554,364,9,11.55,11.202228973605658,-23697.469836539894,66,66,3.3279656973734357,6.0,-43562.107263976766,0.0,43562.107263976766,7865.998437902268,756.783227124223,0.0,True
649554,365,0,10.0,10.0,-35810.00646550855,93,93,4.180822162642174,6.0,-49565.02027469179,5489.898334277269,55054.91860896906,9646.384610386964,1071.5395756028431,548.9898334277269,True
649554,365,1,10.5,17.55210042119207,-83083.25051626252,73,73,3.1805261192569274,5.791963875728813,-92325.18483881264,0.0,92325.18483881264,17521.501430955614,872.0499771715411,0.0,True
649554,365,2,10.0,12.475226712938207,-38264.01861066662,146,146,6.0,6.0,-100526.61380640567,1.2434497875801753e-14,100526.61380640567,17288.307277779397,1735.634677188585,1.2434497875801752e-15,True
649554,365,3,10.5,13.946477018384773,-65707.9468772784,85,85,3.7081813921340157,6.0,-111596.62876896975,0.0,111596.62876896975,21120.952822341133,1014.6602322843823,0.0,True
649554,365,4,10.0,11.209691498899055,-23801.99290243379,82,82,3.7420670870657977,6.0,-83543.7924288141,1.2434497875801738e-13,83543.7924288141,15557.463027717895,967.6789222370408,1.2434497875801737e-14,True
649554,365,5,10.0,18.67476584604744,-17504.448074807424,163,163,6.0,6.0,-33980.57116994204,2937.8135580530416,36918.384727995086,4247.008260097874,1935.4179284382144,293.78135580530414,True
649554,365,6,10.0,12.448647286038655,-16761.25819510054,71,71,3.329807169732741,6.0,-64722.32626525672,0.0,64722.32626525672,12000.248965550089,848.2636038280887,0.0,True
649554,365,7,10.5,12.964254140168164,-28771.102717726164,66,66,3.201439529192188,5.9,-65355.88810580231,0.0,65355.88810580231,12234.980630922259,765.3621519289836,0.0,True
649554,365,8,38.68098648165928,34.64667447807921,16795282.381545674,250,250,6.0,6.0,81065.42125148763,106375.67731865383,25310.256067166203,302.3892996469678,2949.7886961164204,2750.0766395679234,False
649554,365,9,11.55,11.202228973605658,-23697.469836539894,66,66,3.3279656973734357,6.0,-43562.107263976766,0.0,43562.107263976766,7865.998437902268,756.783227124223,0.0,True
