firm_id,step,price,wage,employees,inventory,production,capital,profit,revenue,costs,sales,quality,marketing,bankrupt
firm_0,1,45.36,32.38,14,0,163,103454.85,6828.56,7393.68,565.12,163,0.24,0.38,False
firm_0,2,47.63,29.14,14,0,162,109991.97,7145.08,7716.06,570.98,162,0.29,0.28,False
firm_0,3,42.87,32.05,15,0,174,115663.44,6852.22,7459.38,607.16,174,0.34,0.28,False
firm_0,4,45.01,28.84,15,0,173,122204.1,7173.26,7786.73,613.47,173,0.39,0.18,False
firm_0,5,47.26,28.84,16,0,185,129134.36,8091.7,8743.1,651.4,185,0.44,0.18,False
firm_0,6,44.9,31.72,17,0,196,136217.28,8122.16,8800.4,678.24,196,0.44,0.1,False
firm_0,7,47.14,30.13,18,0,209,144106.79,9131.85,9852.26,720.41,209,0.49,0.1,False
firm_0,8,51.85,33.14,19,0,221,153374.64,10697.51,11458.85,761.34,221,0.54,0.2,False
firm_0,9,46.66,29.83,20,0,231,162269.76,9991.72,10778.46,786.74,231,0.54,0.1,False
firm_0,10,48.99,26.85,20,0,230,172004.76,10472.0,11267.7,795.7,230,0.59,0.1,False
firm_0,11,53.89,25.51,21,0,241,182920.3,12151.25,12987.49,836.24,241,0.64,0.1,False
firm_0,12,59.28,26.79,20,0,230,195211.7,12827.2,13634.4,807.2,230,0.64,0.1,False
firm_0,13,65.21,28.13,21,0,241,209000.34,14879.37,15715.61,836.24,241,0.64,0.1,False
firm_0,14,65.21,29.54,20,0,230,222389.14,14179.6,14998.3,818.7,230,0.69,0.1,False
firm_0,15,68.47,26.59,19,0,219,235878.8,14194.87,14994.93,800.06,219,0.74,0.1,False
firm_0,16,68.47,23.93,20,0,230,249818.1,14917.9,15748.1,830.2,230,0.74,0.1,False
firm_0,17,68.47,26.32,20,0,230,264209.6,14917.9,15748.1,830.2,230,0.74,0.1,False
firm_0,18,61.62,23.69,21,0,241,276890.14,13978.03,14850.42,872.39,241,0.79,0.2,False
firm_0,19,67.78,26.06,22,0,253,292059.29,16242.47,17148.34,905.87,253,0.79,0.1,False
firm_0,20,71.17,23.45,21,0,242,307914.8,16347.96,17223.14,875.18,242,0.79,0.1,False
firm_0,21,64.05,24.62,21,0,241,321961.44,14563.66,15436.05,872.39,241,0.79,0.1,False
firm_0,22,60.85,23.39,21,0,241,334950.66,13780.41,14664.85,884.44,241,0.84,0.2,False
firm_0,23,66.94,25.73,21,0,241,349446.38,15236.05,16132.54,896.49,241,0.89,0.1,False
firm_0,24,60.25,23.16,21,0,241,362271.73,13611.71,14520.25,908.54,241,0.94,0.2,False
firm_0,25,54.22,24.32,21,0,241,373819.49,12158.48,13067.02,908.54,241,0.94,0.3,False
firm_0,26,59.64,24.32,22,0,253,386829.55,14145.1,15088.92,943.82,253,0.94,0.4,False
firm_0,27,62.62,24.32,23,0,264,401225.71,15555.52,16531.68,976.16,264,0.94,0.5,False
firm_0,28,62.62,23.1,24,0,276,416129.19,16257.88,17283.12,1025.24,276,0.99,0.6,False
firm_0,29,68.88,20.79,24,0,276,433302.07,17971.84,19010.88,1039.04,276,1.04,0.7,False
firm_0,30,65.44,18.71,25,0,287,449828.77,17694.45,18781.28,1086.83,287,1.09,0.6,False
firm_0,31,71.98,20.58,26,0,299,469191.8,20398.11,21522.02,1123.91,299,1.09,0.6,False
firm_0,32,75.58,20.58,27,0,311,490380.53,22344.39,23505.38,1160.99,311,1.09,0.7,False
firm_0,33,83.14,21.61,26,0,299,513338.67,23720.0,24858.86,1138.86,299,1.14,0.6,False
firm_0,34,91.45,22.69,27,0,311,539490.45,27264.41,28440.95,1176.54,311,1.14,0.6,False
firm_0,35,86.88,22.69,27,0,311,564620.96,25843.14,27019.68,1176.54,311,1.14,0.7,False
firm_0,36,82.54,24.96,28,0,322,588788.88,25366.8,26577.88,1211.08,322,1.14,0.7,False
firm_0,37,86.67,26.21,29,0,334,614911.11,27682.32,28947.78,1265.46,334,1.19,0.8,False
firm_0,38,95.34,23.59,29,0,334,644705.1,30578.1,31843.56,1265.46,334,1.19,0.9,False
firm_0,39,104.87,22.41,30,0,345,678195.15,34862.35,36180.15,1317.8,345,1.24,0.9,False
firm_0,40,104.87,24.65,31,0,356,712911.28,35980.28,37333.72,1353.44,356,1.24,0.9,False
firm_0,41,94.38,25.88,31,0,356,744137.04,32228.04,33599.28,1371.24,356,1.29,0.8,False
firm_0,42,94.38,28.47,32,0,368,775828.72,33302.72,34731.84,1429.12,368,1.34,0.8,False
firm_0,43,99.1,25.62,33,0,379,810257.35,36074.09,37558.9,1484.81,379,1.39,0.9,False
firm_0,44,109.01,25.62,34,0,391,849983.69,41097.42,42622.91,1525.49,391,1.39,0.8,False
firm_0,45,109.01,26.9,35,0,402,890581.33,42239.14,43822.02,1582.88,402,1.44,0.7,False
firm_0,46,109.01,29.59,35,0,402,931684.82,42239.14,43822.02,1582.88,402,1.44,0.8,False
firm_0,47,119.91,28.11,35,0,401,977205.44,46504.47,48083.91,1579.44,401,1.44,0.7,False
firm_0,48,131.9,26.7,34,0,390,1026197.04,49899.4,51441.0,1541.6,390,1.44,0.6,False
firm_0,49,145.09,28.04,34,0,390,1079967.68,55024.0,56585.1,1561.1,390,1.49,0.7,False
firm_0,50,137.84,29.44,35,0,401,1132111.63,53674.35,55273.84,1599.49,401,1.49,0.6,False
firm_0,51,124.06,30.91,35,0,401,1179178.35,48148.57,49748.06,1599.49,401,1.49,0.5,False
firm_0,52,124.06,34.0,34,0,389,1224404.63,46682.28,48259.34,1577.06,389,1.54,0.6,False
firm_0,53,124.06,34.0,34,0,389,1269930.91,46682.28,48259.34,1577.06,389,1.54,0.6,False
firm_0,54,136.47,37.4,34,0,389,1320069.08,51509.77,53086.83,1577.06,389,1.54,0.7,False
firm_0,55,150.12,33.66,34,0,389,1375524.81,56800.17,58396.68,1596.51,389,1.59,0.6,False
firm_0,56,135.11,37.03,35,0,403,1426211.17,52782.41,54449.33,1666.92,403,1.64,0.7,False
firm_0,57,128.35,40.73,35,0,403,1474843.75,50058.13,51725.05,1666.92,403,1.64,0.6,False
firm_0,58,134.77,38.69,34,0,391,1524380.57,51052.28,52695.07,1642.79,391,1.69,0.6,False
firm_0,59,141.51,42.56,35,0,403,1577732.43,55341.46,57028.53,1687.07,403,1.69,0.5,False
firm_0,60,141.51,46.82,36,0,414,1632404.39,56857.48,58585.14,1727.66,414,1.69,0.4,False
firm_0,61,141.51,42.14,36,0,414,1687744.83,56857.48,58585.14,1727.66,414,1.69,0.4,False
firm_0,62,148.59,40.03,36,0,414,1745871.65,59767.9,61516.26,1748.36,414,1.74,0.3,False
firm_0,63,163.45,42.03,37,0,426,1811331.7,67815.16,69629.7,1814.54,426,1.79,0.4,False
firm_0,64,155.28,39.93,38,0,437,1875215.49,66001.13,67857.36,1856.23,437,1.79,0.5,False
firm_0,65,163.04,39.93,39,0,449,1944461.47,71303.25,73204.96,1901.71,449,1.79,0.4,False
firm_0,66,146.74,43.92,39,0,449,2006410.69,63962.1,65886.26,1924.16,449,1.84,0.5,False
firm_0,67,139.4,41.72,38,0,435,2063372.18,58746.85,60639.0,1892.15,435,1.89,0.4,False
firm_0,68,146.37,43.81,39,0,447,2124429.8,63466.21,65427.39,1961.18,447,1.94,0.4,False
firm_0,69,139.05,48.19,40,0,460,2183952.8,61950.6,63963.0,2012.4,460,1.94,0.3,False
firm_0,70,139.05,48.19,41,0,472,2244825.33,63548.32,65631.6,2083.28,472,1.99,0.2,False
firm_0,71,125.15,53.01,40,0,460,2298015.53,55510.6,57569.0,2058.4,460,2.04,0.2,False
firm_0,72,131.41,55.66,41,0,472,2354928.51,59895.04,62025.52,2130.48,472,2.09,0.1,False
firm_0,73,137.98,50.09,42,0,483,2416569.45,64444.72,66644.34,2199.62,483,2.14,0.1,False
firm_0,74,124.18,50.09,42,0,483,2472020.84,57755.17,59978.94,2223.77,483,2.19,0.1,False
firm_0,75,111.76,55.1,43,0,494,2521866.42,52914.88,55209.44,2294.56,494,2.24,0.1,False
firm_0,76,111.76,57.86,44,0,506,2572925.7,54205.12,56550.56,2345.44,506,2.24,0.2,False
firm_0,77,111.76,57.86,44,0,506,2624584.98,54205.12,56550.56,2345.44,506,2.24,0.1,False
firm_0,78,111.76,63.65,44,0,506,2675764.2,54179.82,56550.56,2370.74,506,2.29,0.1,False
firm_0,79,111.76,57.28,45,0,517,2727822.74,55336.14,57779.92,2443.78,517,2.34,0.1,False
firm_0,80,122.94,63.01,44,0,505,2784418.05,59667.75,62084.7,2416.95,505,2.39,0.2,False
firm_0,81,122.94,59.86,43,0,494,2839983.07,58339.0,60732.36,2393.36,494,2.44,0.2,False
firm_0,82,122.94,59.86,43,0,494,2895523.39,58314.3,60732.36,2418.06,494,2.49,0.1,False
firm_0,83,129.09,56.87,44,0,505,2955244.11,62723.0,65190.45,2467.45,505,2.49,0.1,False
firm_0,84,122.64,62.56,45,0,517,3012486.61,60857.7,63404.88,2547.18,517,2.54,0.2,False
firm_0,85,110.38,56.3,44,0,505,3062933.36,53223.95,55741.9,2517.95,505,2.59,0.3,False
firm_0,86,110.38,59.12,45,0,517,3114266.39,54493.43,57066.46,2573.03,517,2.59,0.2,False
firm_0,87,110.38,56.16,46,0,528,3166740.15,55657.12,58280.64,2623.52,528,2.59,0.3,False
firm_0,88,104.86,61.78,47,0,539,3216855.07,53818.58,56519.54,2700.96,539,2.64,0.4,False
firm_0,89,115.35,67.96,48,0,551,3273894.2,60801.21,63557.85,2756.64,551,2.64,0.4,False
firm_0,90,126.88,67.96,49,0,562,3338563.04,68498.88,71306.56,2807.68,562,2.64,0.4,False
firm_0,91,126.88,64.56,50,0,574,3404800.8,69965.76,72829.12,2863.36,574,2.64,0.4,False
firm_0,92,126.88,58.1,51,0,585,3472548.1,71310.4,74224.8,2914.4,585,2.64,0.5,False
firm_0,93,139.57,55.2,51,0,585,3548237.7,78704.8,81648.45,2943.65,585,2.69,0.5,False
firm_0,94,139.57,55.2,51,0,585,3624127.3,78704.8,81648.45,2943.65,585,2.69,0.4,False
firm_0,95,139.57,49.68,52,0,596,3701002.62,80158.68,83183.72,3025.04,596,2.74,0.3,False
firm_0,96,132.59,54.65,53,0,608,3775038.97,77532.8,80614.72,3081.92,608,2.74,0.4,False
firm_0,97,132.59,57.38,54,0,619,3850379.6,78939.15,82073.21,3134.06,619,2.74,0.3,False
firm_0,98,132.59,54.51,53,0,608,3924692.97,77502.4,80614.72,3112.32,608,2.79,0.4,False
firm_0,99,125.96,57.24,53,0,607,3995009.44,73350.19,76457.72,3107.53,607,2.79,0.4,False
firm_0,100,132.26,54.38,54,0,619,4070176.85,78703.93,81868.94,3165.01,619,2.79,0.5,False
firm_0,101,138.87,51.66,54,0,619,4150182.73,82795.52,85960.53,3165.01,619,2.79,0.4,False
firm_0,102,145.81,46.49,53,0,607,4232887.55,85368.79,88506.67,3137.88,607,2.84,0.4,False
firm_0,103,153.1,44.17,54,0,619,4321244.36,91541.99,94768.9,3226.91,619,2.89,0.5,False
firm_0,104,145.44,48.59,54,0,619,4405420.95,86800.45,90027.36,3226.91,619,2.89,0.4,False
firm_0,105,159.98,51.02,55,0,630,4499521.55,97506.7,100787.4,3280.7,630,2.89,0.5,False
firm_0,106,159.98,56.12,56,0,641,4594759.47,99180.64,102547.18,3366.54,641,2.94,0.6,False
firm_0,107,175.98,50.51,57,0,653,4702769.52,111489.12,114914.94,3425.82,653,2.94,0.7,False
firm_0,108,167.18,45.46,58,0,664,4807160.2,107527.36,111007.52,3480.16,664,2.94,0.7,False
firm_0,109,150.46,40.91,59,0,676,4902418.03,98171.52,101710.96,3539.44,676,2.94,0.7,False
firm_0,110,157.98,36.82,60,0,684,5004088.19,104479.36,108058.32,3578.96,684,2.94,0.8,False
firm_0,111,142.18,33.14,59,0,670,5093650.23,91717.3,95260.6,3543.3,670,2.99,0.7,False
firm_0,112,156.4,33.14,60,0,684,5194426.27,103364.44,106977.6,3613.16,684,2.99,0.8,False
firm_0,113,172.04,34.8,61,0,696,5307770.27,116066.8,119739.84,3673.04,696,2.99,0.9,False
firm_0,114,180.64,31.32,62,0,704,5428686.03,123457.6,127170.56,3712.96,704,2.99,1.0,False
firm_0,115,171.61,32.89,63,0,715,5544711.51,118897.55,122701.15,3803.6,715,3.04,1.1,False
firm_0,116,171.61,34.53,64,0,726,5662731.41,120729.82,124588.86,3859.04,726,3.04,1.0,False
firm_0,117,180.19,37.98,65,0,737,5788548.26,128885.55,132800.03,3914.48,737,3.04,1.1,False
firm_0,118,171.18,41.78,66,0,749,5909192.19,124201.41,128213.82,4012.41,749,3.09,1.2,False
firm_0,119,154.06,41.78,65,0,737,6015730.53,109554.04,113542.22,3988.18,737,3.14,1.3,False
firm_0,120,138.65,39.69,64,0,726,6109918.63,96728.26,100659.9,3931.64,726,3.14,1.3,False
firm_0,121,138.65,37.71,64,0,726,6204233.45,96728.26,100659.9,3931.64,726,3.14,1.2,False
firm_0,122,124.79,37.71,64,0,726,6288149.61,86629.6,90597.54,3967.94,726,3.19,1.3,False
firm_0,123,131.03,41.48,64,0,726,6376554.73,91159.84,95127.78,3967.94,726,3.19,1.4,False
firm_0,124,137.58,37.33,63,0,715,6468661.79,94458.85,98369.7,3910.85,715,3.19,1.4,False
firm_0,125,144.46,33.6,64,0,726,6566685.11,100873.72,104877.96,4004.24,726,3.24,1.3,False
firm_0,126,151.68,30.24,64,0,726,6670765.19,106115.44,110119.68,4004.24,726,3.24,1.4,False
firm_0,127,159.26,28.73,64,0,726,6780208.69,111582.22,115622.76,4040.54,726,3.29,1.5,False
firm_0,128,175.19,31.6,65,0,737,6902334.14,124979.45,129115.03,4135.58,737,3.34,1.6,False
firm_0,129,157.67,34.76,65,0,736,7011989.62,111914.88,116045.12,4130.24,736,3.34,1.6,False
firm_0,130,149.79,33.02,66,0,747,7116777.1,107666.8,111893.13,4226.33,747,3.39,1.5,False
firm_0,131,142.3,29.72,65,0,736,7215311.06,100565.76,104732.8,4167.04,736,3.39,1.6,False
firm_0,132,135.18,26.75,66,0,747,7309798.69,96753.13,100979.46,4226.33,747,3.39,1.5,False
firm_0,133,148.7,29.42,66,0,747,7414372.19,106815.22,111078.9,4263.68,747,3.44,1.6,False
firm_0,134,148.7,26.48,66,0,746,7519296.47,106671.96,110930.2,4258.24,746,3.44,1.5,False
firm_0,135,141.26,25.16,66,0,746,7618520.33,101084.42,105379.96,4295.54,746,3.49,1.4,False
firm_0,136,148.32,23.9,67,0,758,7724484.17,108065.14,112426.56,4361.42,758,3.49,1.3,False
firm_0,137,163.15,26.29,68,0,769,7843136.99,121040.54,125462.35,4421.81,769,3.49,1.4,False
firm_0,138,171.31,28.92,67,0,758,7966590.91,125491.56,129852.98,4361.42,758,3.49,1.5,False
firm_0,139,188.44,31.81,68,0,769,8104416.38,140488.55,144910.36,4421.81,769,3.49,1.5,False
firm_0,140,188.44,28.63,69,0,780,8244441.91,142501.0,146983.2,4482.2,780,3.49,1.4,False
firm_0,141,197.86,31.49,70,0,792,8393794.65,152157.04,156705.12,4548.08,792,3.49,1.5,False
firm_0,142,197.86,29.92,71,0,803,8545103.29,154232.96,158881.58,4648.62,803,3.54,1.6,False
firm_0,143,217.65,32.91,71,0,803,8712791.01,170124.33,174772.95,4648.62,803,3.54,1.7,False
firm_0,144,239.42,29.62,70,0,791,8895177.14,184759.53,189381.22,4621.69,791,3.59,1.8,False
firm_0,145,263.36,31.1,70,0,791,9096356.66,203656.52,208317.76,4661.24,791,3.64,1.9,False
firm_0,146,250.19,31.1,70,0,791,9287318.71,193239.05,197900.29,4661.24,791,3.64,2.0,False
firm_0,147,237.68,27.99,71,0,802,9470487.4,185855.98,190619.36,4763.38,802,3.69,2.0,False
firm_0,148,261.45,26.59,72,0,813,9675805.8,207732.88,212558.85,4825.97,813,3.69,2.0,False
firm_0,149,274.52,25.26,73,0,824,9894677.74,221315.92,226204.48,4888.56,824,3.69,2.1,False
firm_0,150,301.97,26.52,73,825,825,9883722.53,-9019.25,0.0,9019.25,0,3.69,2.1,False
firm_0,151,271.77,26.52,72,1478,813,9912739.67,31226.58,43483.2,12256.62,160,3.74,2.2,False
firm_0,152,271.77,23.87,72,2088,813,9950643.07,39822.04,55169.31,15347.27,203,3.79,2.2,False
firm_0,153,244.59,21.48,72,832,812,10445847.15,496750.64,505812.12,9061.48,2068,3.79,2.2,False
firm_0,154,232.36,20.41,73,601,823,10680553.34,236896.12,244907.44,8011.32,1054,3.84,2.1,False
firm_0,155,220.74,19.39,72,0,812,10985880.2,306922.94,311905.62,4982.68,1413,3.89,2.1,False
firm_0,156,242.81,17.45,71,0,800,11173637.25,189296.0,194248.0,4952.0,800,3.94,2.2,False
firm_0,157,254.95,16.58,71,690,800,11192102.57,19642.5,28044.5,8402.0,110,3.94,2.1,False
firm_0,158,229.46,16.58,70,0,789,11525426.65,334484.68,339371.34,4886.66,1479,3.94,2.0,False
firm_0,159,240.93,14.92,70,0,788,11709254.37,184972.12,189852.84,4880.72,788,3.94,2.1,False
firm_0,160,228.88,13.43,70,0,789,11884013.93,175699.66,180586.32,4886.66,789,3.94,2.1,False
firm_0,161,205.99,12.76,69,0,777,12038272.34,155238.85,160054.23,4815.38,777,3.94,2.2,False
firm_0,162,195.69,11.48,68,0,766,12182640.2,145148.5,149898.54,4750.04,766,3.94,2.1,False
firm_0,163,195.69,12.05,68,0,766,12326869.3,145148.5,149898.54,4750.04,766,3.94,2.2,False
firm_0,164,185.91,13.26,67,0,755,12461558.23,135677.35,140362.05,4684.7,755,3.94,2.3,False
firm_0,165,185.91,12.6,66,0,743,12594144.34,133517.71,138131.13,4613.42,743,3.94,2.4,False
firm_0,166,195.21,12.6,66,0,743,12733640.35,140427.61,145041.03,4613.42,743,3.94,2.5,False
firm_0,167,204.97,12.6,65,0,732,12878311.31,145489.96,150038.04,4548.08,732,3.94,2.5,False
firm_0,168,225.47,13.86,64,0,721,13035405.4,158081.13,162563.87,4482.74,721,3.94,2.6,False
firm_0,169,202.92,13.86,64,0,721,13176340.94,141822.58,146305.32,4482.74,721,3.94,2.5,False
firm_0,170,192.77,13.86,65,0,732,13311263.0,136522.96,141107.64,4584.68,732,3.99,2.4,False
firm_0,171,202.41,14.55,64,0,721,13451514.57,141382.77,145937.61,4554.84,721,4.04,2.4,False
firm_0,172,192.29,14.55,63,0,709,13582113.72,131815.8,136333.61,4517.81,709,4.09,2.5,False
firm_0,173,182.68,14.55,64,0,720,13707627.32,126944.8,131529.6,4584.8,720,4.09,2.4,False
firm_0,174,173.55,15.28,65,0,732,13828178.24,122344.12,127038.6,4694.48,732,4.14,2.5,False
firm_0,175,164.87,16.81,65,0,732,13943075.95,115990.36,120684.84,4694.48,732,4.14,2.4,False
firm_0,176,181.36,15.13,64,0,720,14067966.03,125958.4,130579.2,4620.8,720,4.14,2.5,False
firm_0,177,181.36,13.62,63,0,709,14191138.95,124030.98,128584.24,4553.26,709,4.14,2.5,False
firm_0,178,181.36,12.26,64,0,720,14315812.71,125958.4,130579.2,4620.8,720,4.14,2.4,False
firm_0,179,181.36,12.87,64,0,720,14440947.43,125958.4,130579.2,4620.8,720,4.14,2.4,False
firm_0,180,190.43,12.23,63,0,709,14570538.55,130461.61,135014.87,4553.26,709,4.14,2.5,False
firm_0,181,190.43,13.45,64,0,720,14701566.55,132488.8,137109.6,4620.8,720,4.14,2.6,False
firm_0,182,190.43,14.12,63,0,709,14831038.6,130461.61,135014.87,4553.26,709,4.14,2.7,False
firm_0,183,209.47,14.12,64,85,721,14957805.9,128170.98,133222.92,5051.94,636,4.14,2.6,False
firm_0,184,199.0,13.41,65,376,731,15037425.91,80991.66,87560.0,6568.34,440,4.14,2.6,False
firm_0,185,189.05,13.41,65,0,732,15241227.18,204772.92,209467.4,4694.48,1108,4.14,2.7,False
firm_0,186,170.14,12.07,64,0,719,15357934.75,117680.05,122330.66,4650.61,719,4.19,2.7,False
firm_0,187,187.15,11.47,64,0,719,15487110.91,129910.24,134560.85,4650.61,719,4.19,2.6,False
firm_0,188,187.15,10.9,63,0,708,15614243.89,127919.68,132502.2,4582.52,708,4.19,2.7,False
firm_0,189,177.79,11.99,64,0,719,15735820.98,123144.45,127831.01,4686.56,719,4.24,2.8,False
firm_0,190,195.57,11.99,63,0,708,15868811.25,133845.64,138463.56,4617.92,708,4.24,2.9,False
firm_0,191,185.79,10.79,64,0,719,15996417.14,128896.45,133583.01,4686.56,719,4.24,3.0,False
firm_0,192,185.79,10.0,63,0,708,16122608.54,126921.4,131539.32,4617.92,708,4.24,3.1,False
firm_0,193,204.37,10.0,64,719,719,16113086.98,-8281.56,0.0,8281.56,0,4.24,3.2,False
firm_0,194,194.15,10.0,63,1401,708,16105646.56,-6610.42,5047.9,11658.32,26,4.29,3.2,False
firm_0,195,203.86,10.0,63,1610,708,16194039.38,89022.82,101726.14,12703.32,499,4.29,3.1,False
firm_0,196,183.47,10.5,63,467,708,16525892.53,332614.65,339602.97,6988.32,1851,4.29,3.2,False
firm_0,197,174.3,10.5,64,0,718,16726449.81,201829.28,206545.5,4716.22,1185,4.29,3.3,False
firm_0,198,165.58,11.02,64,0,719,16839838.09,114293.56,119052.02,4758.46,719,4.34,3.3,False
firm_0,199,157.3,10.0,63,0,707,16945736.81,106528.72,111211.1,4682.38,707,4.34,3.2,False
firm_0,200,165.17,11.0,64,0,718,17058272.75,113839.94,118592.06,4752.12,718,4.34,3.3,False
firm_0,201,156.91,10.0,63,0,707,17163895.74,106252.99,110935.37,4682.38,707,4.34,3.3,False
firm_0,202,156.91,10.0,63,0,707,17269518.73,106252.99,110935.37,4682.38,707,4.34,3.2,False
firm_0,203,156.91,10.0,62,0,696,17373495.45,104596.72,109209.36,4612.64,696,4.34,3.1,False
firm_0,204,164.76,10.0,62,0,696,17482835.77,110060.32,114672.96,4612.64,696,4.34,3.2,False
firm_0,205,148.28,10.0,61,0,684,17578778.53,96852.76,101423.52,4570.76,684,4.39,3.3,False
firm_0,206,140.87,10.0,62,0,695,17670822.13,93263.6,97904.65,4641.05,695,4.39,3.4,False
firm_0,207,140.87,10.0,63,0,706,17764335.01,94742.88,99454.22,4711.34,706,4.39,3.5,False
firm_0,208,133.83,10.5,63,0,712,17854110.79,90537.28,95286.96,4749.68,712,4.39,3.6,False
firm_0,209,140.52,10.0,62,0,696,17946545.27,93154.48,97801.92,4647.44,696,4.39,3.7,False
firm_0,210,140.52,10.0,61,0,685,18037514.32,91679.05,96256.2,4577.15,685,4.39,3.8,False
firm_0,211,140.52,10.0,62,0,696,18129448.8,93154.48,97801.92,4647.44,696,4.39,3.9,False
firm_0,212,154.57,10.0,63,0,707,18232782.06,104563.26,109280.99,4717.73,707,4.39,4.0,False
firm_0,213,154.57,10.0,64,0,719,18337983.48,106341.42,111135.83,4794.41,719,4.39,4.0,False
firm_0,214,146.84,10.0,65,0,730,18439161.98,102328.5,107193.2,4864.7,730,4.39,3.9,False
firm_0,215,139.5,10.0,65,0,730,18535245.78,96933.8,101835.0,4901.2,730,4.44,3.8,False
firm_0,216,146.48,10.0,66,0,740,18637278.38,103392.6,108395.2,5002.6,740,4.49,3.8,False
firm_0,217,131.83,11.0,66,0,745,18729393.43,93141.05,98213.35,5072.3,745,4.54,3.9,False
firm_0,218,138.42,11.0,65,0,730,18824414.33,96035.9,101046.6,5010.7,730,4.59,4.0,False
firm_0,219,131.5,10.45,64,0,719,18913019.87,89574.34,94548.5,4974.16,719,4.64,4.1,False
firm_0,220,131.5,10.0,65,0,729,19002592.81,90822.94,95863.5,5040.56,729,4.64,4.2,False
firm_0,221,124.92,10.0,66,0,740,19088423.01,87290.2,92440.8,5150.6,740,4.69,4.3,False
firm_0,222,124.92,11.0,65,0,730,19173715.91,86107.9,91191.6,5083.7,730,4.69,4.4,False
firm_0,223,124.92,12.1,66,0,747,19260535.12,88117.81,93315.24,5197.43,747,4.69,4.3,False
firm_0,224,124.92,12.1,66,0,745,19347617.87,87881.35,93065.4,5184.05,745,4.69,4.2,False
firm_0,225,131.17,11.5,67,0,757,19440140.88,93993.51,99295.69,5302.18,757,4.74,4.2,False
firm_0,226,118.05,12.65,67,0,758,19523228.41,84135.08,89481.9,5346.82,758,4.79,4.2,False
firm_0,227,112.15,13.28,66,0,753,19601488.01,79136.08,84448.95,5312.87,753,4.79,4.2,False
firm_0,228,106.54,13.28,66,0,753,19675523.28,74911.75,80224.62,5312.87,753,4.79,4.1,False
firm_0,229,95.89,11.95,67,0,765,19742184.13,67961.5,73355.85,5394.35,765,4.79,4.1,False
firm_0,230,100.68,10.76,66,0,744,19811128.13,69654.16,74905.92,5251.76,744,4.79,4.0,False
firm_0,231,95.65,11.84,66,0,745,19876010.14,65963.45,71259.25,5295.8,745,4.84,4.1,False
firm_0,232,100.43,12.43,66,0,745,19944714.31,69524.55,74820.35,5295.8,745,4.84,4.1,False
firm_0,233,105.45,12.43,66,0,745,20016921.13,73227.2,78560.25,5333.05,745,4.89,4.0,False
firm_0,234,110.72,11.81,65,0,734,20091928.0,75974.52,81268.48,5293.96,734,4.94,3.9,False
firm_0,235,99.65,11.22,64,0,719,20157668.41,66458.49,71648.35,5189.86,719,4.94,3.8,False
firm_0,236,94.67,10.66,65,0,730,20220081.91,63806.4,69109.1,5302.7,730,4.99,3.7,False
firm_0,237,89.94,11.73,65,0,730,20279572.96,60353.5,65656.2,5302.7,730,4.99,3.8,False
firm_0,238,89.94,11.73,66,0,746,20339879.48,61680.7,67095.24,5414.54,746,4.99,3.9,False
firm_0,239,85.44,12.9,66,0,750,20397665.58,58637.5,64080.0,5442.5,750,4.99,3.9,False
firm_0,240,81.17,11.61,65,0,730,20450762.33,53951.4,59254.1,5302.7,730,4.99,4.0,False
firm_0,241,89.29,11.03,65,0,734,20510253.58,60208.2,65538.86,5330.66,734,4.99,3.9,False
firm_0,242,84.83,10.0,66,0,740,20566395.18,57401.6,62774.2,5372.6,740,4.99,4.0,False
firm_0,243,84.83,10.0,66,0,740,20622799.78,57364.6,62774.2,5409.6,740,5.04,4.1,False
firm_0,244,89.07,10.0,65,0,729,20681649.65,59599.87,64932.03,5332.16,729,5.04,4.2,False
firm_0,245,84.62,10.0,66,0,740,20737698.85,57209.2,62618.8,5409.6,740,5.04,4.1,False
firm_0,246,93.08,11.0,67,0,755,20801222.05,64760.2,70275.4,5515.2,755,5.04,4.0,False
firm_0,247,93.08,11.55,67,0,755,20864870.65,64722.45,70275.4,5552.95,755,5.09,4.1,False
firm_0,248,88.43,12.71,66,0,749,20924655.45,60723.66,66234.07,5510.41,749,5.09,4.2,False
firm_0,249,84.01,11.44,65,0,734,20979834.43,56222.58,61663.34,5440.76,734,5.14,4.3,False
firm_0,250,84.01,11.44,66,0,749,21035955.02,57375.63,62923.49,5547.86,749,5.14,4.3,False
firm_0,251,79.81,10.3,67,0,756,21089403.44,54738.52,60336.36,5597.84,756,5.14,4.4,False
firm_0,252,79.81,10.0,67,0,751,21142871.06,54337.62,59937.31,5599.69,751,5.19,4.4,False
firm_0,253,71.83,10.0,68,0,762,21190508.64,49017.58,54734.46,5716.88,762,5.24,4.3,False
firm_0,254,68.24,10.0,69,0,773,21236171.64,46953.0,52749.52,5796.52,773,5.24,4.4,False
firm_0,255,64.83,11.0,69,0,782,21279908.92,44796.28,50697.06,5900.78,782,5.29,4.5,False
firm_0,256,68.07,10.45,70,0,784,21326128.94,47451.52,53366.88,5915.36,784,5.29,4.4,False
firm_0,257,64.67,10.0,70,0,784,21370214.86,44785.92,50701.28,5915.36,784,5.29,4.4,False
firm_0,258,58.2,10.0,69,0,772,21408627.38,39102.52,44930.4,5827.88,772,5.29,4.3,False
firm_0,259,61.11,10.0,69,0,772,21449186.42,41349.04,47176.92,5827.88,772,5.29,4.4,False
firm_0,260,61.11,10.0,69,0,772,21489506.86,41310.44,47176.92,5866.48,772,5.34,4.5,False
firm_0,261,61.11,11.0,70,0,789,21530461.39,42224.53,48215.79,5991.26,789,5.34,4.4,False
firm_0,262,55.0,10.45,69,0,772,21566095.26,36554.92,42460.0,5905.08,772,5.39,4.3,False
firm_0,263,55.0,11.5,69,0,780,21602137.56,36935.8,42900.0,5964.2,780,5.39,4.4,False
firm_0,264,57.75,11.5,68,0,766,21639631.32,38375.76,44236.5,5860.74,766,5.39,4.5,False
firm_0,265,63.53,11.5,68,0,766,21681652.56,42803.24,48663.98,5860.74,766,5.39,4.4,False
firm_0,266,60.35,10.35,68,0,766,21721216.12,40367.36,46228.1,5860.74,766,5.39,4.5,False
firm_0,267,57.33,11.38,68,0,768,21758596.2,38153.92,44029.44,5875.52,768,5.39,4.5,False
firm_0,268,54.46,10.81,68,0,768,21793710.88,35949.76,41825.28,5875.52,768,5.39,4.6,False
firm_0,269,51.74,10.0,69,0,772,21826320.48,33999.6,39943.28,5943.68,772,5.44,4.6,False
firm_0,270,49.15,11.0,68,0,768,21857405.76,31833.28,37747.2,5913.92,768,5.44,4.5,False
firm_0,271,49.15,10.0,67,0,749,21887539.1,31003.34,36813.35,5810.01,749,5.49,4.5,False
firm_0,272,46.69,10.0,68,0,761,21915890.3,29631.2,35531.09,5899.89,761,5.49,4.6,False
firm_0,273,44.36,10.0,69,0,772,21942863.94,28263.64,34245.92,5982.28,772,5.49,4.7,False
firm_0,274,44.36,10.5,68,0,760,21969871.14,27821.2,33713.6,5892.4,760,5.49,4.8,False
firm_0,275,46.58,11.55,67,0,757,21998488.42,29391.13,35261.06,5869.93,757,5.49,4.7,False
firm_0,276,46.58,12.71,68,0,768,22026945.26,29821.12,35773.44,5952.32,768,5.49,4.6,False
firm_0,277,51.24,12.71,67,0,757,22059012.44,32918.75,38788.68,5869.93,757,5.49,4.5,False
firm_0,278,51.24,11.44,67,0,754,22090795.76,32749.8,38634.96,5885.16,754,5.54,4.4,False
firm_0,279,51.24,12.58,67,0,754,22122602.7,32749.8,38634.96,5885.16,754,5.54,4.5,False
firm_0,280,48.68,11.32,67,0,754,22152663.82,30819.56,36704.72,5885.16,754,5.54,4.5,False
firm_0,281,46.25,10.75,67,0,754,22180830.91,28987.34,34872.5,5885.16,754,5.54,4.6,False
firm_0,282,48.56,10.75,66,0,743,22210299.27,30277.86,36080.08,5802.22,743,5.54,4.7,False
firm_0,283,53.42,11.82,67,0,754,22243400.85,34393.52,40278.68,5885.16,754,5.54,4.7,False
firm_0,284,53.42,13.0,67,0,758,22277006.89,34577.04,40492.36,5915.32,758,5.54,4.8,False
firm_0,285,53.42,11.7,66,0,743,22310123.53,33888.84,39691.06,5802.22,743,5.54,4.7,False
firm_0,286,53.42,10.53,66,0,743,22343080.24,33851.69,39691.06,5839.37,743,5.59,4.6,False
firm_0,287,56.09,10.0,67,0,749,22377799.29,36089.05,42011.41,5922.36,749,5.64,4.5,False
firm_0,288,58.89,10.0,67,0,749,22414978.09,38148.8,44108.61,5959.81,749,5.69,4.6,False
firm_0,289,61.83,10.0,67,0,749,22454558.95,40350.86,46310.67,5959.81,749,5.69,4.7,False
firm_0,290,68.01,10.0,66,0,738,22497978.21,44279.26,50191.38,5912.12,738,5.74,4.6,False
firm_0,291,64.61,10.5,67,0,749,22539070.34,42395.63,48392.89,5997.26,749,5.74,4.7,False
firm_0,292,64.61,11.02,66,0,743,22580297.43,42054.41,48005.23,5950.82,743,5.74,4.8,False
firm_0,293,58.15,10.0,65,0,726,22615945.09,36397.66,42216.9,5819.24,726,5.74,4.9,False
firm_0,294,55.24,10.0,65,0,726,22649343.79,34248.7,40104.24,5855.54,726,5.79,4.9,False
firm_0,295,58.0,10.0,66,0,736,22684601.55,36717.76,42688.0,5970.24,736,5.84,5.0,False
firm_0,296,63.8,10.0,66,0,736,22724928.11,40986.56,46956.8,5970.24,736,5.84,4.9,False
firm_0,297,70.18,10.0,67,0,748,22770088.43,46430.32,52494.64,6064.32,748,5.84,5.0,False
firm_0,298,66.67,10.5,68,0,763,22813323.57,44649.14,50869.21,6220.07,763,5.89,4.9,False
firm_0,299,66.67,10.0,69,0,770,22856955.67,45022.1,51335.9,6313.8,770,5.94,4.8,False
firm_0,300,63.34,10.0,69,0,769,22898668.27,42402.6,48708.46,6305.86,769,5.94,4.8,False
firm_0,301,60.17,10.0,69,0,769,22937943.14,39964.87,46270.73,6305.86,769,5.94,4.7,False
firm_0,302,60.17,10.0,68,0,758,22976415.58,39352.44,45608.86,6256.42,758,5.99,4.6,False
firm_0,303,60.17,10.0,67,0,747,23014216.57,38770.99,44946.99,6176.0,747,6.0,4.7,False
firm_0,304,66.19,11.0,66,0,740,23056051.17,42860.6,48980.6,6120.0,740,6.0,4.8,False
firm_0,305,62.88,10.45,66,0,745,23096047.07,40685.6,46845.6,6160.0,745,6.0,4.7,False
firm_0,306,59.74,10.0,65,0,724,23132456.83,37259.76,43251.76,5992.0,724,6.0,4.6,False
firm_0,307,56.75,10.0,64,0,713,23166075.58,34558.75,40462.75,5904.0,713,6.0,4.7,False
firm_0,308,56.75,10.0,65,0,725,23200069.33,35143.75,41143.75,6000.0,725,6.0,4.6,False
firm_0,309,59.59,10.0,65,0,725,23236422.08,37202.75,43202.75,6000.0,725,6.0,4.6,False
firm_0,310,56.61,10.0,64,0,713,23270041.01,34458.93,40362.93,5904.0,713,6.0,4.5,False
firm_0,311,53.78,10.0,64,0,713,23301642.15,32441.14,38345.14,5904.0,713,6.0,4.4,False
firm_0,312,53.78,10.0,63,0,702,23332749.71,31937.56,37753.56,5816.0,702,6.0,4.3,False
firm_0,313,48.4,10.0,62,0,690,23359505.71,27676.0,33396.0,5720.0,690,6.0,4.4,False
firm_0,314,45.98,10.0,62,0,690,23384791.91,26006.2,31726.2,5720.0,690,6.0,4.5,False
firm_0,315,50.58,10.0,62,0,690,23413352.11,29180.2,34900.2,5720.0,690,6.0,4.4,False
firm_0,316,48.05,10.0,61,0,679,23439536.06,26993.95,32625.95,5632.0,679,6.0,4.3,False
firm_0,317,45.65,11.0,62,0,695,23464220.81,25966.75,31726.75,5760.0,695,6.0,4.4,False
firm_0,318,47.93,11.0,61,0,679,23490262.28,26912.47,32544.47,5632.0,679,6.0,4.3,False
firm_0,319,50.33,10.45,60,0,669,23517554.05,28118.77,33670.77,5552.0,669,6.0,4.2,False
firm_0,320,50.33,10.45,61,0,685,23544912.65,28796.05,34476.05,5680.0,685,6.0,4.3,False
firm_0,321,47.81,10.0,61,0,679,23571133.64,26830.99,32462.99,5632.0,679,6.0,4.2,False
firm_0,322,50.2,11.0,62,0,700,23599291.64,29340.0,35140.0,5800.0,700,6.0,4.2,False
firm_0,323,52.71,10.45,63,0,706,23629498.55,31365.26,37213.26,5848.0,706,6.0,4.1,False
firm_0,324,55.35,10.0,63,0,701,23661760.9,32992.35,38800.35,5808.0,701,6.0,4.2,False
firm_0,325,58.12,10.0,63,0,701,23695965.02,34934.12,40742.12,5808.0,701,6.0,4.3,False
firm_0,326,63.93,11.0,63,0,709,23734626.39,39454.37,45326.37,5872.0,709,6.0,4.4,False
firm_0,327,67.13,11.0,63,0,701,23775083.52,41250.13,47058.13,5808.0,701,6.0,4.5,False
firm_0,328,63.77,12.1,62,0,694,23812737.7,38504.38,44256.38,5752.0,694,6.0,4.6,False
firm_0,329,60.58,12.1,63,0,705,23848044.3,36868.9,42708.9,5840.0,705,6.0,4.7,False
firm_0,330,57.55,11.5,62,0,694,23881319.0,34187.7,39939.7,5752.0,694,6.0,4.6,False
firm_0,331,60.43,10.35,62,0,694,23916563.72,36186.42,41938.42,5752.0,694,6.0,4.7,False
firm_0,332,57.41,10.35,61,0,678,23948932.35,33299.98,38923.98,5624.0,678,6.0,4.8,False
firm_0,333,60.28,10.0,61,0,678,23983568.19,35245.84,40869.84,5624.0,678,6.0,4.8,False
firm_0,334,66.31,10.5,60,0,668,24021589.27,38751.08,44295.08,5544.0,668,6.0,4.9,False
firm_0,335,59.68,10.0,60,0,667,24055159.83,34270.56,39806.56,5536.0,667,6.0,5.0,False
firm_0,336,62.66,10.0,60,0,667,24090718.05,36258.22,41794.22,5536.0,667,6.0,5.1,False
firm_0,337,59.53,10.0,59,0,656,24123431.73,33603.68,39051.68,5448.0,656,6.0,5.2,False
firm_0,338,56.55,10.0,59,0,655,24154341.98,31600.25,37040.25,5440.0,655,6.0,5.3,False
firm_0,339,53.72,11.0,59,0,660,24183568.18,29975.2,35455.2,5480.0,660,6.0,5.4,False
firm_0,340,53.72,10.45,58,0,646,24211997.2,29335.12,34703.12,5368.0,646,6.0,5.5,False
firm_0,341,56.41,10.0,57,0,633,24241570.73,30443.53,35707.53,5264.0,633,6.0,5.6,False
firm_0,342,62.05,10.0,58,0,644,24274898.93,34608.2,39960.2,5352.0,644,6.0,5.5,False
firm_0,343,58.95,11.0,57,0,640,24306579.93,32408.0,37728.0,5320.0,640,6.0,5.6,False
firm_0,344,56.0,11.0,56,0,629,24335955.93,29992.0,35224.0,5232.0,629,6.0,5.5,False
firm_0,345,53.2,11.0,56,0,629,24363270.73,28230.8,33462.8,5232.0,629,6.0,5.6,False
firm_0,346,55.86,10.45,57,0,634,24392218.32,30143.24,35415.24,5272.0,634,6.0,5.7,False
firm_0,347,58.65,10.0,56,0,621,24422611.97,31253.65,36421.65,5168.0,621,6.0,5.8,False
firm_0,348,64.52,10.0,57,0,633,24457019.13,35577.16,40841.16,5264.0,633,6.0,5.9,False
firm_0,349,58.07,10.0,56,0,621,24487152.6,30893.47,36061.47,5168.0,621,6.0,5.9,False
firm_0,350,58.07,10.0,55,0,610,24516745.3,30342.7,35422.7,5080.0,610,6.0,5.8,False
firm_0,351,58.07,10.0,56,0,621,24546578.77,30893.47,36061.47,5168.0,621,6.0,5.7,False
firm_0,352,55.17,10.0,57,0,632,24574920.21,29611.44,34867.44,5256.0,632,6.0,5.6,False
firm_0,353,55.17,10.0,56,0,621,24603252.78,29092.57,34260.57,5168.0,621,6.0,5.5,False
firm_0,354,52.41,10.0,57,0,632,24629949.9,27867.12,33123.12,5256.0,632,6.0,5.6,False
firm_0,355,49.79,11.0,57,0,640,24655868.5,26545.6,31865.6,5320.0,640,6.0,5.6,False
firm_0,356,52.28,12.1,56,0,631,24682831.58,27740.68,32988.68,5248.0,631,6.0,5.7,False
firm_0,357,52.28,13.31,57,0,642,24709600.67,28227.76,33563.76,5336.0,642,6.0,5.6,False
firm_0,358,52.28,12.64,58,0,653,24736782.39,28714.84,34138.84,5424.0,653,6.0,5.7,False
firm_0,359,49.67,12.64,57,0,642,24762514.05,26552.14,31888.14,5336.0,642,6.0,5.8,False
firm_0,360,47.19,13.27,58,0,653,24786635.46,25391.07,30815.07,5424.0,653,6.0,5.7,False
firm_0,361,44.83,11.94,59,0,664,24809486.12,24255.12,29767.12,5512.0,664,6.0,5.6,False
firm_0,362,44.83,11.94,60,0,675,24832629.97,24660.25,30260.25,5600.0,675,6.0,5.7,False
firm_0,363,44.83,10.75,61,0,686,24856439.6,25065.38,30753.38,5688.0,686,6.0,5.8,False
firm_0,364,42.59,10.0,61,0,675,24878977.85,23148.25,28748.25,5600.0,675,6.0,5.8,False
firm_0,365,40.46,11.0,62,0,698,24900052.93,22457.08,28241.08,5784.0,698,6.0,5.7,False
firm_1,1,49.02,33.53,23,0,269,105735.82,12351.54,13186.38,834.84,269,0.36,0.4,False
firm_1,2,44.12,31.85,24,0,279,115822.46,11451.04,12309.48,858.44,279,0.36,0.5,False
firm_1,3,41.91,35.04,25,0,291,125755.51,11309.05,12195.81,886.76,291,0.36,0.4,False
firm_1,4,39.81,33.29,26,0,303,135537.32,11147.35,12062.43,915.08,303,0.36,0.4,False
firm_1,5,37.82,31.63,25,0,291,144650.88,10104.31,11005.62,901.31,291,0.41,0.3,False
firm_1,6,34.04,33.21,26,0,302,152424.58,9337.16,10280.08,942.92,302,0.46,0.2,False
firm_1,7,30.64,29.89,27,0,312,159709.71,8592.16,9559.68,967.52,312,0.46,0.2,False
firm_1,8,32.17,31.38,26,0,300,167606.83,8713.0,9651.0,938.0,300,0.46,0.2,False
firm_1,9,30.56,31.38,25,0,289,174528.78,7906.45,8831.84,925.39,289,0.51,0.2,False
firm_1,10,27.5,34.52,24,0,279,180372.51,6772.21,7672.5,900.29,279,0.51,0.3,False
firm_1,11,26.12,34.52,25,0,291,185680.02,6670.51,7600.92,930.41,291,0.51,0.2,False
firm_1,12,23.51,37.97,24,0,279,190213.79,5645.05,6559.29,914.24,279,0.56,0.1,False
firm_1,13,24.69,41.77,24,0,279,194971.63,5960.32,6888.51,928.19,279,0.61,0.1,False
firm_1,14,27.16,45.95,25,0,291,199952.38,6929.5,7903.56,974.06,291,0.66,0.2,False
firm_1,15,24.44,50.55,24,0,280,204537.58,5898.4,6843.2,944.8,280,0.66,0.3,False
firm_1,16,25.66,55.6,25,0,292,209063.58,6516.0,7492.72,976.72,292,0.66,0.4,False
firm_1,17,25.66,50.04,26,0,303,213716.39,6753.85,7774.98,1021.13,303,0.71,0.5,False
firm_1,18,25.66,55.04,27,0,314,218736.61,7006.3,8057.24,1050.94,314,0.71,0.5,False
firm_1,19,25.66,60.54,26,0,303,223816.42,6753.85,7774.98,1021.13,303,0.71,0.6,False
firm_1,20,24.38,60.54,25,0,292,228330.56,6127.64,7118.96,991.32,292,0.71,0.7,False
firm_1,21,21.94,66.59,26,0,304,231745.14,5645.92,6669.76,1023.84,304,0.71,0.7,False
firm_1,22,24.13,69.92,27,0,315,235804.6,6547.3,7600.95,1053.65,315,0.71,0.8,False
firm_1,23,22.92,66.42,28,0,327,239853.51,6408.67,7494.84,1086.17,327,0.71,0.7,False
firm_1,24,20.63,66.42,27,0,315,243189.22,5429.05,6498.45,1069.4,315,0.76,0.8,False
firm_1,25,19.6,59.78,26,0,303,246322.31,4887.37,5938.8,1051.43,303,0.81,0.8,False
firm_1,26,20.58,65.76,26,0,304,249599.43,5186.88,6256.32,1069.44,304,0.86,0.7,False
firm_1,27,22.64,65.76,27,0,315,253254.61,6030.7,7131.6,1100.9,315,0.86,0.8,False
firm_1,28,21.51,69.05,27,0,315,256849.26,5659.0,6775.65,1116.65,315,0.91,0.8,False
firm_1,29,22.59,75.96,28,0,327,260357.74,6235.36,7386.93,1151.57,327,0.91,0.9,False
firm_1,30,24.85,72.16,27,0,315,265020.52,6711.1,7827.75,1116.65,315,0.91,1.0,False
firm_1,31,27.34,75.77,28,0,327,270187.57,7788.61,8940.18,1151.57,327,0.91,1.0,False
firm_1,32,24.61,71.98,29,0,339,274756.45,7156.3,8342.79,1186.49,339,0.91,0.9,False
firm_1,33,25.84,75.58,28,0,327,279621.97,7281.76,8449.68,1167.92,327,0.96,1.0,False
firm_1,34,23.26,68.02,28,0,327,284155.51,6438.1,7606.02,1167.92,327,0.96,1.0,False
firm_1,35,24.42,61.22,29,0,337,288695.3,7015.17,8229.54,1214.37,337,1.01,0.9,False
firm_1,36,21.98,67.34,30,0,349,292495.63,6420.53,7671.02,1250.49,349,1.01,1.0,False
firm_1,37,20.88,70.71,29,0,337,296267.23,5822.19,7036.56,1214.37,337,1.01,0.9,False
firm_1,38,18.79,67.17,30,0,349,299059.35,5307.22,6557.71,1250.49,349,1.01,0.8,False
firm_1,39,20.67,63.81,31,0,361,302756.5,6175.26,7461.87,1286.61,361,1.01,0.8,False
firm_1,40,20.67,63.81,32,0,372,306584.1,6369.52,7689.24,1319.72,372,1.01,0.7,False
firm_1,41,19.64,63.81,31,0,360,310292.79,5786.8,7070.4,1283.6,360,1.01,0.8,False
firm_1,42,17.68,70.19,32,0,372,312803.95,5257.24,6576.96,1319.72,372,1.01,0.7,False
firm_1,43,18.56,73.7,33,0,384,315643.05,5771.2,7127.04,1355.84,384,1.01,0.6,False
firm_1,44,20.42,77.39,32,0,372,319224.49,6257.92,7596.24,1338.32,372,1.06,0.5,False
firm_1,45,18.38,77.39,33,0,384,321534.3,5663.68,7057.92,1394.24,384,1.11,0.6,False
firm_1,46,19.3,85.13,34,0,396,324351.12,6211.24,7642.8,1431.56,396,1.11,0.5,False
firm_1,47,19.3,89.39,35,0,407,327011.8,6389.33,7855.1,1465.77,407,1.11,0.6,False
firm_1,48,20.26,80.45,35,0,407,330976.1,6780.05,8245.82,1465.77,407,1.11,0.6,False
firm_1,49,22.29,76.43,35,0,407,335907.31,7606.26,9072.03,1465.77,407,1.11,0.5,False
firm_1,50,24.52,84.07,36,0,419,340930.63,8749.84,10273.88,1524.04,419,1.16,0.4,False
firm_1,51,26.97,92.48,37,0,430,347047.17,10038.3,11597.1,1558.8,430,1.16,0.4,False
firm_1,52,29.67,83.23,37,0,430,354945.46,11177.8,12758.1,1580.3,430,1.21,0.3,False
firm_1,53,29.67,83.23,36,0,419,362735.92,10886.74,12431.73,1544.99,419,1.21,0.4,False
firm_1,54,31.15,87.39,35,0,407,370748.85,11171.58,12678.05,1506.47,407,1.21,0.5,False
firm_1,55,32.71,91.76,36,0,418,378855.59,12110.1,13672.78,1562.68,418,1.26,0.5,False
firm_1,56,35.98,96.35,35,0,407,388600.38,13117.04,14643.86,1526.82,407,1.26,0.5,False
firm_1,57,37.78,86.72,34,0,395,398867.55,13415.65,14923.1,1507.45,395,1.31,0.4,False
firm_1,58,37.78,86.72,35,0,407,409061.64,13829.29,15376.46,1547.17,407,1.31,0.5,False
firm_1,59,37.78,95.39,34,0,395,419014.28,13395.9,14923.1,1527.2,395,1.36,0.4,False
firm_1,60,34.0,95.39,35,0,407,427446.11,12270.48,13838.0,1567.52,407,1.36,0.4,False
firm_1,61,37.4,95.39,36,0,418,437440.79,14028.72,15633.2,1604.48,418,1.36,0.5,False
firm_1,62,33.66,100.16,35,0,407,445967.29,12132.1,13699.62,1567.52,407,1.36,0.6,False
firm_1,63,37.03,105.17,35,0,407,455569.68,13483.34,15071.21,1587.87,407,1.41,0.5,False
firm_1,64,35.18,99.91,36,0,418,464231.88,13058.96,14705.24,1646.28,418,1.46,0.6,False
firm_1,65,31.66,94.91,36,0,418,472302.72,11587.6,13233.88,1646.28,418,1.46,0.7,False
firm_1,66,30.08,94.91,36,0,418,479492.22,10906.26,12573.44,1667.18,418,1.51,0.8,False
firm_1,67,27.07,99.66,35,0,407,485072.69,9368.57,11017.49,1648.92,407,1.56,0.9,False
firm_1,68,28.42,99.66,35,0,407,491182.26,9897.67,11566.94,1669.27,407,1.61,1.0,False
firm_1,69,27.0,109.63,35,0,407,496444.59,9299.38,10989.0,1689.62,407,1.66,1.0,False
firm_1,70,29.7,120.59,36,0,419,501993.16,10689.81,12444.3,1754.49,419,1.71,1.1,False
firm_1,71,28.21,132.65,35,0,407,507021.91,9771.5,11481.47,1709.97,407,1.71,1.2,False
firm_1,72,25.39,126.02,34,0,395,511000.83,8363.6,10029.05,1665.45,395,1.71,1.3,False
firm_1,73,26.66,113.42,33,0,384,515651.57,8593.6,10237.44,1643.84,384,1.76,1.2,False
firm_1,74,26.66,102.08,32,0,370,520339.51,8254.5,9864.2,1609.7,370,1.81,1.3,False
firm_1,75,27.99,91.87,33,0,382,525525.46,9017.66,10692.18,1674.52,382,1.86,1.4,False
firm_1,76,25.19,87.28,34,0,394,529942.26,8184.32,9924.86,1740.54,394,1.91,1.5,False
firm_1,77,25.19,78.55,35,0,405,535011.41,8418.4,10201.95,1783.55,405,1.91,1.6,False
firm_1,78,25.19,70.69,36,0,415,540277.02,8610.45,10453.85,1843.4,415,1.96,1.7,False
firm_1,79,25.19,67.16,37,0,427,545935.96,8843.86,10756.13,1912.27,427,2.01,1.6,False
firm_1,80,22.67,63.8,37,0,426,551003.22,7727.86,9657.42,1929.56,426,2.06,1.7,False
firm_1,81,21.54,70.18,36,0,415,555210.19,7033.45,8939.1,1905.65,415,2.11,1.8,False
firm_1,82,23.69,70.18,35,0,403,560124.48,7670.59,9547.07,1876.48,403,2.16,1.9,False
firm_1,83,21.32,77.2,34,0,392,563806.8,6507.12,8357.44,1850.32,392,2.21,1.9,False
firm_1,84,20.25,84.92,34,0,393,566703.59,6084.07,7958.25,1874.18,393,2.26,2.0,False
firm_1,85,21.26,76.43,34,0,392,570468.97,6464.0,8333.92,1869.92,392,2.26,2.1,False
firm_1,86,23.39,72.61,34,0,392,575299.19,7298.96,9168.88,1869.92,392,2.26,2.0,False
firm_1,87,23.39,79.87,33,0,380,579732.88,7069.4,8888.2,1818.8,380,2.26,1.9,False
firm_1,88,25.73,75.88,34,0,391,584847.73,8194.77,10060.43,1865.66,391,2.26,1.9,False
firm_1,89,24.44,68.29,34,0,391,589996.7,7670.83,9556.04,1885.21,391,2.31,1.8,False
firm_1,90,23.22,75.12,33,0,380,594503.54,6985.8,8823.6,1837.8,380,2.31,1.8,False
firm_1,91,23.22,75.12,32,0,368,598540.18,6740.48,8544.96,1804.48,368,2.36,1.9,False
firm_1,92,23.22,71.36,31,0,357,602861.04,6533.02,8289.54,1756.52,357,2.36,1.9,False
firm_1,93,20.9,64.22,32,0,368,605874.32,5868.32,7691.2,1822.88,368,2.41,2.0,False
firm_1,94,20.9,67.43,31,0,357,609470.92,5686.93,7461.3,1774.37,357,2.41,1.9,False
firm_1,95,18.81,70.8,32,0,368,611704.52,5099.2,6922.08,1822.88,368,2.41,2.0,False
firm_1,96,16.93,77.88,33,0,380,612973.08,4538.6,6433.4,1894.8,380,2.46,1.9,False
firm_1,97,16.93,77.88,34,0,393,614206.22,4681.06,6653.49,1972.43,393,2.51,2.0,False
firm_1,98,17.78,85.67,34,0,394,616102.12,5008.68,7005.32,1996.64,394,2.56,2.0,False
firm_1,99,17.78,89.95,34,0,394,618052.5,5008.68,7005.32,1996.64,394,2.56,1.9,False
firm_1,100,16.89,89.95,33,0,383,619287.39,4503.24,6468.87,1965.63,383,2.61,2.0,False
firm_1,101,18.58,98.94,33,0,384,620967.65,5145.28,7134.72,1989.44,384,2.66,1.9,False
firm_1,102,18.58,98.94,34,0,395,622402.09,5298.4,7339.1,2040.7,395,2.66,1.8,False
firm_1,103,16.72,103.89,34,0,395,623213.78,4543.95,6604.4,2060.45,395,2.71,1.7,False
firm_1,104,16.72,109.08,35,0,407,623263.7,4667.72,6805.04,2137.32,407,2.76,1.8,False
firm_1,105,18.39,98.17,36,0,419,624419.6,5490.02,7705.41,2215.39,419,2.81,1.9,False
firm_1,106,17.47,107.99,36,0,418,625302.94,5070.98,7302.46,2231.48,418,2.86,2.0,False
firm_1,107,17.47,102.59,35,0,407,626644.56,4932.27,7110.29,2178.02,407,2.86,1.9,False
firm_1,108,19.22,92.33,34,0,395,628977.54,5472.2,7591.9,2119.7,395,2.86,1.8,False
firm_1,109,21.14,101.56,33,0,384,631358.38,6032.32,8117.76,2085.44,384,2.91,1.9,False
firm_1,110,23.25,96.48,32,0,372,634793.5,6622.48,8649.0,2026.52,372,2.91,2.0,False
firm_1,111,25.58,96.48,31,0,360,638825.82,7223.2,9208.8,1985.6,360,2.96,1.9,False
firm_1,112,23.02,96.48,30,0,349,641934.36,6102.94,8033.98,1931.04,349,2.96,2.0,False
firm_1,113,24.17,101.3,30,0,349,645082.2,6486.84,8435.33,1948.49,349,3.01,2.1,False
firm_1,114,21.75,91.17,31,0,360,647264.33,5808.4,7830.0,2021.6,360,3.06,2.2,False
firm_1,115,23.92,100.29,31,0,360,650644.94,6589.6,8611.2,2021.6,360,3.06,2.3,False
firm_1,116,26.31,110.32,30,0,349,654234.14,7198.8,9182.19,1983.39,349,3.11,2.4,False
firm_1,117,26.31,110.32,31,0,360,657646.22,7432.0,9471.6,2039.6,360,3.11,2.5,False
firm_1,118,23.68,99.29,30,0,347,660693.96,6226.44,8216.96,1990.52,347,3.16,2.4,False
firm_1,119,26.05,89.36,31,0,358,664702.42,7278.62,9325.9,2047.28,358,3.16,2.3,False
firm_1,120,28.66,89.36,31,0,358,670045.26,8213.0,10260.28,2047.28,358,3.16,2.4,False
firm_1,121,27.23,80.42,30,0,347,674773.6,7440.94,9448.81,2007.87,347,3.21,2.5,False
firm_1,122,25.87,72.38,29,0,334,679158.32,6683.74,8640.58,1956.84,334,3.26,2.5,False
firm_1,123,28.46,76.0,29,0,334,684503.12,7548.8,9505.64,1956.84,334,3.26,2.4,False
firm_1,124,31.31,76.0,29,0,334,690483.12,8484.0,10457.54,1973.54,334,3.31,2.5,False
firm_1,125,31.31,72.2,30,0,345,696269.87,8752.75,10801.95,2049.2,345,3.36,2.6,False
firm_1,126,28.18,79.42,30,0,346,701582.99,7695.72,9750.28,2054.56,346,3.36,2.5,False
firm_1,127,31.0,75.45,29,0,334,707542.0,8347.06,10354.0,2006.94,334,3.41,2.4,False
firm_1,128,27.9,83.0,30,0,346,711916.24,7564.24,9653.4,2089.16,346,3.46,2.4,False
firm_1,129,30.69,74.7,30,0,345,718179.59,8504.35,10588.05,2083.7,345,3.46,2.3,False
firm_1,130,33.76,67.23,29,0,334,725382.12,9252.2,11275.84,2023.64,334,3.46,2.4,False
firm_1,131,33.76,70.59,28,0,322,732002.1,8896.5,10870.72,1974.22,322,3.51,2.5,False
firm_1,132,33.76,77.65,29,0,333,738457.5,9207.25,11242.08,2034.83,333,3.51,2.5,False
firm_1,133,33.76,81.53,29,0,333,745300.38,9207.25,11242.08,2034.83,333,3.51,2.5,False
firm_1,134,30.38,73.38,30,0,345,750661.88,8362.9,10481.1,2118.2,345,3.56,2.6,False
firm_1,135,27.34,73.38,29,0,333,755369.95,7036.09,9104.22,2068.13,333,3.61,2.6,False
firm_1,136,27.34,69.71,29,0,333,760384.45,7036.09,9104.22,2068.13,333,3.61,2.6,False
firm_1,137,27.34,62.74,28,0,322,765108.69,6780.96,8803.48,2022.52,322,3.66,2.7,False
firm_1,138,25.97,65.88,29,0,333,769261.4,6563.23,8648.01,2084.78,333,3.66,2.7,False
firm_1,139,23.37,65.88,28,0,322,772919.38,5502.62,7525.14,2022.52,322,3.66,2.6,False
firm_1,140,21.03,62.59,27,0,310,775478.65,4549.2,6519.3,1970.1,310,3.71,2.7,False
firm_1,141,19.98,56.33,27,0,310,778181.44,4223.7,6193.8,1970.1,310,3.71,2.6,False
firm_1,142,17.98,61.96,28,0,321,779369.18,3722.62,5771.58,2048.96,321,3.76,2.7,False
firm_1,143,16.18,65.06,27,0,310,780642.76,3030.2,5015.8,1985.6,310,3.76,2.6,False
firm_1,144,15.37,68.31,27,0,311,781587.1,2788.71,4780.07,1991.36,311,3.76,2.6,False
firm_1,145,16.91,75.14,26,0,299,782767.31,3133.85,5056.09,1922.24,299,3.76,2.6,False
firm_1,146,15.22,67.63,27,0,309,782948.99,2707.69,4702.98,1995.29,309,3.81,2.5,False
firm_1,147,15.22,74.39,26,0,298,783404.13,2589.28,4535.56,1946.28,298,3.86,2.4,False
firm_1,148,16.74,66.95,25,0,286,784542.06,2911.68,4787.64,1875.96,286,3.86,2.5,False
firm_1,149,15.07,63.6,25,0,286,785286.12,2434.06,4310.02,1875.96,286,3.86,2.6,False
firm_1,150,15.07,69.96,25,0,288,785989.6,2452.48,4340.16,1887.68,288,3.86,2.6,False
firm_1,151,15.07,73.46,25,0,288,786605.58,2452.48,4340.16,1887.68,288,3.86,2.5,False
firm_1,152,15.07,77.13,24,0,276,787096.42,2341.96,4159.32,1817.36,276,3.86,2.5,False
firm_1,153,13.56,80.99,23,0,264,786753.25,1819.6,3579.84,1760.24,264,3.91,2.6,False
firm_1,154,14.24,76.94,22,0,253,786868.06,1907.49,3602.72,1695.23,253,3.91,2.7,False
firm_1,155,12.82,69.25,22,0,252,786785.88,1541.32,3230.64,1689.32,252,3.91,2.8,False
firm_1,156,12.18,62.32,21,0,240,786569.96,1292.8,2923.2,1630.4,240,3.96,2.7,False
firm_1,157,13.4,59.2,20,0,229,786789.72,1503.76,3068.6,1564.84,229,3.96,2.8,False
firm_1,158,12.06,53.28,21,0,240,786122.84,1252.0,2894.4,1642.4,240,4.01,2.9,False
firm_1,159,10.85,53.28,21,0,240,785865.56,961.6,2604.0,1642.4,240,4.01,3.0,False
firm_1,160,10.85,58.61,20,0,229,785501.72,908.36,2484.65,1576.29,229,4.01,3.1,False
firm_1,161,10.0,52.75,21,0,240,784339.57,745.6,2400.0,1654.4,240,4.06,3.2,False
firm_1,162,10.0,50.11,21,0,240,784032.86,745.6,2400.0,1654.4,240,4.06,3.2,False
firm_1,163,10.0,52.62,22,0,252,783168.1,792.88,2520.0,1727.12,252,4.06,3.1,False
firm_1,164,11.0,49.99,21,0,240,782891.91,973.6,2640.0,1666.4,240,4.11,3.1,False
firm_1,165,10.0,44.99,22,0,252,782182.41,780.28,2520.0,1739.72,252,4.11,3.0,False
firm_1,166,10.0,49.49,22,0,252,781561.31,767.68,2520.0,1752.32,252,4.16,3.1,False
firm_1,167,10.0,49.49,21,0,240,781031.62,709.6,2400.0,1690.4,240,4.21,3.1,False
firm_1,168,10.5,49.49,20,0,229,780724.23,782.41,2404.5,1622.09,229,4.21,3.2,False
firm_1,169,10.0,54.44,19,0,217,780101.45,611.58,2170.0,1558.42,217,4.26,3.1,False
firm_1,170,10.0,59.88,18,0,206,779594.05,570.44,2060.0,1489.56,206,4.26,3.1,False
firm_1,171,10.0,53.89,18,0,206,778984.17,560.14,2060.0,1499.86,206,4.31,3.0,False
firm_1,172,10.0,48.5,17,0,194,778575.53,515.86,1940.0,1424.14,194,4.31,3.1,False
firm_1,173,11.0,48.5,17,0,194,778151.19,700.16,2134.0,1433.84,194,4.36,3.2,False
firm_1,174,10.0,43.65,16,0,183,777818.91,466.12,1830.0,1363.88,183,4.36,3.3,False
firm_1,175,10.0,39.28,17,0,194,776947.61,496.46,1940.0,1443.54,194,4.41,3.3,False
firm_1,176,10.0,35.35,16,0,183,776529.83,447.82,1830.0,1382.18,183,4.46,3.4,False
firm_1,177,10.0,37.12,16,0,183,776283.73,447.82,1830.0,1382.18,183,4.46,3.5,False
firm_1,178,11.0,38.98,15,0,171,776275.37,576.34,1881.0,1304.66,171,4.46,3.5,False
firm_1,179,10.0,35.08,15,0,171,776054.51,405.34,1710.0,1304.66,171,4.46,3.6,False
firm_1,180,10.5,36.83,14,0,160,775985.29,446.4,1680.0,1233.6,160,4.46,3.6,False
firm_1,181,10.0,33.15,13,0,148,775778.26,323.92,1480.0,1156.08,148,4.46,3.7,False
firm_1,182,10.0,36.47,12,0,137,775318.75,278.13,1370.0,1091.87,137,4.51,3.8,False
firm_1,183,10.0,40.12,11,0,126,774910.87,233.44,1260.0,1026.56,126,4.56,3.7,False
firm_1,184,10.0,44.13,12,0,137,774152.59,271.28,1370.0,1098.72,137,4.56,3.6,False
firm_1,185,10.0,41.92,13,0,148,773316.75,309.12,1480.0,1170.88,148,4.56,3.7,False
firm_1,186,10.0,46.11,13,0,148,772926.44,309.12,1480.0,1170.88,148,4.56,3.8,False
firm_1,187,11.0,41.5,12,0,137,772629.87,401.43,1507.0,1105.57,137,4.61,3.7,False
firm_1,188,10.45,43.58,12,0,137,772432.99,326.08,1431.65,1105.57,137,4.61,3.7,False
firm_1,189,11.5,43.58,11,0,126,772369.75,416.14,1449.0,1032.86,126,4.61,3.6,False
firm_1,190,10.35,45.76,11,0,126,771831.33,264.94,1304.1,1039.16,126,4.66,3.7,False
firm_1,191,10.0,48.05,10,0,114,771325.89,175.06,1140.0,964.94,114,4.71,3.6,False
firm_1,192,10.0,43.24,9,0,103,771075.6,138.87,1030.0,891.13,103,4.71,3.6,False
firm_1,193,10.0,45.4,8,0,91,770507.24,94.84,910.0,815.16,91,4.76,3.7,False
firm_1,194,10.0,40.86,8,0,91,770175.2,94.84,910.0,815.16,91,4.76,3.8,False
firm_1,195,11.0,36.77,8,0,91,770066.88,185.84,1001.0,815.16,91,4.76,3.7,False
firm_1,196,10.45,38.61,8,0,91,769893.79,135.79,950.95,815.16,91,4.76,3.7,False
firm_1,197,10.0,38.61,8,0,91,769375.2,90.29,910.0,819.71,91,4.81,3.8,False
firm_1,198,10.0,34.75,8,0,91,769087.49,90.29,910.0,819.71,91,4.81,3.9,False
firm_1,199,10.0,36.49,7,0,80,768787.26,55.2,800.0,744.8,80,4.81,4.0,False
firm_1,200,10.0,34.67,6,0,68,768596.16,16.92,680.0,663.08,68,4.81,3.9,False
firm_1,201,10.5,38.14,7,0,80,767720.38,91.2,840.0,748.8,80,4.86,3.8,False
firm_1,202,10.5,38.14,7,0,80,767340.6,87.2,840.0,752.8,80,4.91,3.7,False
firm_1,203,10.5,41.95,6,0,68,766929.62,40.72,714.0,673.28,68,4.96,3.6,False
firm_1,204,10.0,37.76,5,0,57,766511.25,-29.57,570.0,599.57,57,5.01,3.6,False
firm_1,205,11.0,33.98,6,0,68,765778.69,71.32,748.0,676.68,68,5.01,3.7,False
firm_1,206,10.0,37.38,5,0,57,765462.22,-29.57,570.0,599.57,57,5.01,3.8,False
firm_1,207,10.0,41.12,6,0,68,764618.82,3.32,680.0,676.68,68,5.01,3.9,False
firm_1,208,10.0,37.01,6,0,68,764196.68,-0.08,680.0,680.08,68,5.06,3.8,False
firm_1,209,10.0,40.71,7,0,80,763446.91,35.2,800.0,764.8,80,5.06,3.8,False
firm_1,210,11.0,36.64,7,0,80,763205.63,115.2,880.0,764.8,80,5.06,3.9,False
firm_1,211,10.0,36.64,6,0,68,762985.71,-0.08,680.0,680.08,68,5.06,3.9,False
firm_1,212,10.0,32.98,5,0,57,762688.39,-32.42,570.0,602.42,57,5.06,4.0,False
firm_1,213,10.0,34.63,4,0,45,762382.17,-67.7,450.0,517.7,45,5.06,4.1,False
firm_1,214,10.5,31.17,3,0,34,762205.62,-83.04,357.0,440.04,34,5.06,4.1,False
firm_1,215,10.5,28.05,4,0,45,761548.22,-45.2,472.5,517.7,45,5.06,4.1,False
firm_1,216,10.0,29.45,3,0,34,761158.13,-101.74,340.0,441.74,34,5.11,4.0,False
firm_1,217,10.0,26.5,3,0,34,760876.89,-101.74,340.0,441.74,34,5.11,4.1,False
firm_1,218,10.0,27.83,2,0,22,760684.81,-136.42,220.0,356.42,22,5.11,4.0,False
firm_1,219,10.0,30.61,3,0,34,759891.24,-101.74,340.0,441.74,34,5.11,4.1,False
firm_1,220,10.0,33.67,2,0,22,759587.48,-136.42,220.0,356.42,22,5.11,4.2,False
firm_1,221,11.0,30.3,1,0,11,759299.97,-157.21,121.0,278.21,11,5.11,4.3,False
firm_1,222,11.0,27.27,1,0,11,759015.49,-157.21,121.0,278.21,11,5.11,4.4,False
firm_1,223,10.0,28.63,2,0,22,758221.81,-136.42,220.0,356.42,22,5.11,4.5,False
firm_1,224,10.0,31.49,3,0,34,757525.6,-101.74,340.0,441.74,34,5.11,4.5,False
firm_1,225,11.0,34.64,2,0,22,757341.9,-114.42,242.0,356.42,22,5.11,4.5,False
firm_1,226,10.45,38.1,3,0,34,756541.16,-86.44,355.3,441.74,34,5.11,4.6,False
firm_1,227,11.5,41.91,4,0,45,755668.82,-4.7,517.5,522.2,45,5.16,4.5,False
firm_1,228,10.92,46.1,3,0,34,755156.66,-73.86,371.28,445.14,34,5.21,4.6,False
firm_1,229,11.47,41.49,2,0,22,754766.3,-107.38,252.34,359.72,22,5.26,4.5,False
firm_1,230,10.32,43.56,3,0,34,754039.66,-95.96,350.88,446.84,34,5.26,4.4,False
firm_1,231,10.0,47.92,2,0,22,753503.0,-140.82,220.0,360.82,22,5.31,4.5,False
firm_1,232,10.0,50.32,1,0,11,753282.27,-170.41,110.0,280.41,11,5.31,4.5,False
firm_1,233,10.0,55.35,1,0,11,752855.96,-170.96,110.0,280.96,11,5.36,4.5,False
firm_1,234,10.0,49.82,1,0,11,752535.18,-170.96,110.0,280.96,11,5.36,4.6,False
firm_1,235,10.0,52.31,2,0,22,751788.64,-141.92,220.0,361.92,22,5.36,4.6,False
firm_1,236,10.0,49.69,1,0,11,751367.44,-171.51,110.0,281.51,11,5.41,4.5,False
firm_1,237,10.0,54.66,1,0,11,751141.27,-171.51,110.0,281.51,11,5.41,4.5,False
firm_1,238,10.0,60.13,1,0,11,750909.63,-171.51,110.0,281.51,11,5.41,4.4,False
firm_1,239,10.0,63.14,1,0,11,750374.43,-172.06,110.0,282.06,11,5.46,4.5,False
firm_1,240,10.0,59.98,1,0,11,750142.39,-172.06,110.0,282.06,11,5.46,4.4,False
firm_1,241,10.0,59.98,2,0,22,749177.21,-145.22,220.0,365.22,22,5.51,4.4,False
firm_1,242,10.0,53.98,1,0,11,748850.62,-172.61,110.0,282.61,11,5.51,4.5,False
firm_1,243,10.0,59.38,1,0,11,748618.63,-172.61,110.0,282.61,11,5.51,4.5,False
firm_1,244,10.5,53.44,1,0,11,748298.08,-167.11,115.5,282.61,11,5.51,4.6,False
firm_1,245,11.55,48.1,1,0,11,747994.42,-155.56,127.05,282.61,11,5.51,4.7,False
firm_1,246,11.55,43.29,1,0,11,747795.57,-155.56,127.05,282.61,11,5.51,4.7,False
firm_1,247,11.55,47.62,1,0,11,747291.84,-156.11,127.05,283.16,11,5.56,4.8,False
firm_1,248,11.55,47.62,1,0,11,747088.11,-156.11,127.05,283.16,11,5.56,4.8,False
firm_1,249,12.71,45.24,1,0,11,746799.52,-143.35,139.81,283.16,11,5.56,4.9,False
firm_1,250,11.44,42.98,1,0,11,746499.22,-157.32,125.84,283.16,11,5.56,5.0,False
firm_1,251,11.44,42.98,1,0,11,746298.92,-157.32,125.84,283.16,11,5.56,4.9,False
firm_1,252,11.44,40.83,1,0,11,746100.77,-157.32,125.84,283.16,11,5.56,4.9,False
firm_1,253,10.3,36.75,2,0,22,745186.45,-140.82,226.6,367.42,22,5.61,4.8,False
firm_1,254,10.0,38.59,1,0,11,744874.15,-173.71,110.0,283.71,11,5.61,4.9,False
firm_1,255,10.0,34.73,1,0,11,744665.71,-173.71,110.0,283.71,11,5.61,4.9,False
firm_1,256,10.0,34.73,2,0,22,743647.73,-148.52,220.0,368.52,22,5.66,5.0,False
firm_1,257,10.5,31.26,2,0,22,743347.69,-137.52,231.0,368.52,22,5.66,5.1,False
firm_1,258,10.0,34.39,1,0,11,742838.49,-174.81,110.0,284.81,11,5.71,5.2,False
firm_1,259,11.0,30.95,1,0,11,742443.18,-164.36,121.0,285.36,11,5.76,5.1,False
firm_1,260,10.0,32.5,1,0,11,742235.32,-175.36,110.0,285.36,11,5.76,5.0,False
firm_1,261,10.0,32.5,1,0,11,741826.91,-175.91,110.0,285.91,11,5.81,5.0,False
firm_1,262,10.0,29.25,1,0,11,741321.2,-176.46,110.0,286.46,11,5.86,5.1,False
firm_1,263,10.0,26.32,2,0,22,740414.54,-154.02,220.0,374.02,22,5.91,5.0,False
firm_1,264,10.0,28.95,1,0,11,740008.03,-177.56,110.0,287.56,11,5.96,4.9,False
firm_1,265,11.0,28.95,1,0,11,739612.08,-167.0,121.0,288.0,11,6.0,4.8,False
firm_1,266,10.0,31.85,1,0,11,739302.23,-178.0,110.0,288.0,11,6.0,4.9,False
firm_1,267,11.0,28.67,2,0,22,738510.89,-134.0,242.0,376.0,22,6.0,5.0,False
firm_1,268,10.45,28.67,3,0,34,737808.18,-116.7,355.3,472.0,34,6.0,4.9,False
firm_1,269,10.45,25.8,4,0,45,737015.23,-89.75,470.25,560.0,45,6.0,5.0,False
firm_1,270,10.45,28.38,4,0,45,736511.96,-89.75,470.25,560.0,45,6.0,5.1,False
firm_1,271,10.97,26.96,4,0,45,736137.77,-66.35,493.65,560.0,45,6.0,5.1,False
firm_1,272,10.97,29.66,5,0,57,735358.76,-30.71,625.29,656.0,57,6.0,5.2,False
firm_1,273,11.52,32.63,5,0,57,735196.25,0.64,656.64,656.0,57,6.0,5.2,False
firm_1,274,10.37,34.26,4,0,45,734965.86,-93.35,466.65,560.0,45,6.0,5.1,False
firm_1,275,10.37,30.83,5,0,57,734146.8,-64.91,591.09,656.0,57,6.0,5.2,False
firm_1,276,10.0,33.91,6,0,68,733379.34,-64.0,680.0,744.0,68,6.0,5.2,False
firm_1,277,11.0,30.52,6,0,68,733000.22,4.0,748.0,744.0,68,6.0,5.1,False
firm_1,278,12.1,27.47,6,0,68,732814.2,78.8,822.8,744.0,68,6.0,5.2,False
firm_1,279,13.31,27.47,5,0,57,732579.52,102.67,758.67,656.0,57,6.0,5.2,False
firm_1,280,13.98,30.22,4,0,45,732527.74,69.1,629.1,560.0,45,6.0,5.1,False
firm_1,281,12.58,27.2,4,0,45,732425.04,6.1,566.1,560.0,45,6.0,5.0,False
firm_1,282,12.58,24.48,5,0,57,731763.7,61.06,717.06,656.0,57,6.0,5.1,False
firm_1,283,12.58,26.93,4,0,45,731362.08,6.1,566.1,560.0,45,6.0,5.2,False
firm_1,284,11.95,28.28,4,0,45,731226.71,-22.25,537.75,560.0,45,6.0,5.2,False
firm_1,285,10.76,25.45,5,0,57,730356.78,-42.68,613.32,656.0,57,6.0,5.2,False
firm_1,286,10.76,28.0,6,0,68,729476.46,-12.32,731.68,744.0,68,6.0,5.1,False
firm_1,287,10.0,29.4,7,0,79,728528.66,-42.0,790.0,832.0,79,6.0,5.0,False
firm_1,288,10.0,32.34,6,0,68,727970.62,-64.0,680.0,744.0,68,6.0,5.1,False
firm_1,289,10.0,29.11,5,0,57,727739.07,-86.0,570.0,656.0,57,6.0,5.1,False
firm_1,290,10.0,29.11,6,0,68,726700.41,-64.0,680.0,744.0,68,6.0,5.2,False
firm_1,291,10.0,26.2,7,0,79,725975.01,-42.0,790.0,832.0,79,6.0,5.2,False
firm_1,292,10.0,27.51,8,0,91,725236.93,-18.0,910.0,928.0,91,6.0,5.1,False
firm_1,293,10.0,28.89,9,0,102,724180.92,4.0,1020.0,1016.0,102,6.0,5.2,False
firm_1,294,10.0,27.45,10,0,114,723434.42,28.0,1140.0,1112.0,114,6.0,5.2,False
firm_1,295,10.0,24.7,9,0,102,723216.12,4.0,1020.0,1016.0,102,6.0,5.1,False
firm_1,296,10.0,25.94,8,0,91,722790.6,-18.0,910.0,928.0,91,6.0,5.0,False
firm_1,297,10.0,23.35,7,0,79,722585.15,-42.0,790.0,832.0,79,6.0,4.9,False
firm_1,298,11.0,22.18,8,0,91,721680.71,73.0,1001.0,928.0,91,6.0,5.0,False
firm_1,299,10.45,19.96,7,0,79,721534.54,-6.45,825.55,832.0,79,6.0,5.0,False
firm_1,300,11.5,20.96,6,0,68,721246.78,38.0,782.0,744.0,68,6.0,4.9,False
firm_1,301,12.65,23.06,5,0,57,720996.53,65.05,721.05,656.0,57,6.0,4.9,False
firm_1,302,12.65,25.37,4,0,45,720704.3,9.25,569.25,560.0,45,6.0,4.9,False
firm_1,303,13.92,22.83,3,0,34,720537.09,1.28,473.28,472.0,34,6.0,5.0,False
firm_1,304,15.31,20.55,4,0,45,719983.84,128.95,688.95,560.0,45,6.0,5.1,False
firm_1,305,16.08,21.58,5,0,57,719636.5,260.56,916.56,656.0,57,6.0,5.0,False
firm_1,306,16.88,22.66,6,0,68,719104.38,403.84,1147.84,744.0,68,6.0,5.1,False
firm_1,307,16.88,24.93,5,0,57,719185.89,306.16,962.16,656.0,57,6.0,5.2,False
firm_1,308,16.88,27.42,4,0,45,718975.81,199.6,759.6,560.0,45,6.0,5.3,False
firm_1,309,16.04,24.68,3,0,34,718875.13,73.36,545.36,472.0,34,6.0,5.4,False
firm_1,310,14.44,22.21,2,0,22,718772.39,-58.32,317.68,376.0,22,6.0,5.3,False
firm_1,311,15.88,22.21,1,0,11,718436.86,-113.32,174.68,288.0,11,6.0,5.2,False
firm_1,312,15.88,23.32,1,0,11,718300.22,-113.32,174.68,288.0,11,6.0,5.1,False
firm_1,313,15.88,20.99,1,0,11,718165.91,-113.32,174.68,288.0,11,6.0,5.1,False
firm_1,314,17.47,18.89,1,0,11,717951.19,-95.83,192.17,288.0,11,6.0,5.2,False
firm_1,315,19.22,19.83,1,0,11,717854.78,-76.58,211.42,288.0,11,6.0,5.1,False
firm_1,316,21.14,21.81,1,0,11,717777.51,-55.46,232.54,288.0,11,6.0,5.0,False
firm_1,317,21.14,19.63,2,0,22,717027.33,89.08,465.08,376.0,22,6.0,5.1,False
firm_1,318,23.25,17.67,1,0,11,716877.41,-32.25,255.75,288.0,11,6.0,5.2,False
firm_1,319,23.25,15.9,1,0,11,716729.26,-32.25,255.75,288.0,11,6.0,5.3,False
firm_1,320,23.25,16.7,1,0,11,716680.31,-32.25,255.75,288.0,11,6.0,5.3,False
firm_1,321,23.25,18.37,2,0,22,716179.07,135.5,511.5,376.0,22,6.0,5.4,False
firm_1,322,23.25,16.53,3,0,34,715947.98,318.5,790.5,472.0,34,6.0,5.4,False
firm_1,323,22.09,14.88,2,0,22,716028.2,109.98,485.98,376.0,22,6.0,5.3,False
firm_1,324,19.88,16.37,2,0,22,715856.82,61.36,437.36,376.0,22,6.0,5.3,False
firm_1,325,18.89,14.73,1,0,11,715661.88,-80.21,207.79,288.0,11,6.0,5.4,False
firm_1,326,18.89,16.2,2,0,22,715069.06,39.58,415.58,376.0,22,6.0,5.5,False
firm_1,327,19.83,17.82,1,0,11,714981.37,-69.87,218.13,288.0,11,6.0,5.4,False
firm_1,328,19.83,16.04,2,0,22,714409.55,60.26,436.26,376.0,22,6.0,5.5,False
firm_1,329,20.82,16.84,1,0,11,714233.73,-58.98,229.02,288.0,11,6.0,5.6,False
firm_1,330,20.82,15.16,1,0,11,713859.59,-58.98,229.02,288.0,11,6.0,5.7,False
firm_1,331,22.9,16.68,1,0,11,713806.81,-36.1,251.9,288.0,11,6.0,5.6,False
firm_1,332,22.9,17.51,2,0,22,713399.59,127.8,503.8,376.0,22,6.0,5.5,False
firm_1,333,21.76,15.76,2,0,22,713270.79,102.72,478.72,376.0,22,6.0,5.4,False
firm_1,334,23.94,14.18,1,0,11,713131.95,-24.66,263.34,288.0,11,6.0,5.5,False
firm_1,335,23.94,12.76,2,0,22,712757.11,150.68,526.68,376.0,22,6.0,5.5,False
firm_1,336,21.55,13.4,1,0,11,712692.76,-50.95,237.05,288.0,11,6.0,5.5,False
firm_1,337,19.4,14.07,1,0,11,712604.09,-74.6,213.4,288.0,11,6.0,5.5,False
firm_1,338,19.4,14.07,1,0,11,712415.42,-74.6,213.4,288.0,11,6.0,5.6,False
firm_1,339,19.4,14.07,2,0,22,711638.08,50.8,426.8,376.0,22,6.0,5.7,False
firm_1,340,19.4,12.66,1,0,11,711250.82,-74.6,213.4,288.0,11,6.0,5.8,False
firm_1,341,17.46,13.29,2,0,22,710532.36,8.12,384.12,376.0,22,6.0,5.8,False
firm_1,342,17.46,13.95,1,0,11,710322.47,-95.94,192.06,288.0,11,6.0,5.9,False
firm_1,343,19.21,12.56,1,0,11,709933.22,-76.69,211.31,288.0,11,6.0,6.0,False
firm_1,344,17.29,13.19,1,0,11,709522.22,-97.81,190.19,288.0,11,6.0,6.0,False
firm_1,345,15.56,13.85,1,0,11,709291.53,-116.84,171.16,288.0,11,6.0,6.0,False
firm_1,346,14.0,15.24,2,0,22,708693.05,-68.0,308.0,376.0,22,6.0,6.0,False
firm_1,347,12.6,15.24,3,0,34,707903.73,-43.6,428.4,472.0,34,6.0,5.9,False
firm_1,348,13.86,16.0,3,0,34,707554.97,-0.76,471.24,472.0,34,6.0,6.0,False
firm_1,349,13.86,17.6,4,0,45,706848.27,63.7,623.7,560.0,45,6.0,6.0,False
firm_1,350,15.25,19.36,5,0,56,706257.47,206.0,854.0,648.0,56,6.0,6.0,False
firm_1,351,16.01,17.42,4,0,45,706348.24,160.45,720.45,560.0,45,6.0,6.0,False
firm_1,352,17.61,19.16,3,0,34,706217.5,126.74,598.74,472.0,34,6.0,5.9,False
firm_1,353,16.73,21.08,2,0,22,706167.4,-7.94,368.06,376.0,22,6.0,5.8,False
firm_1,354,16.73,22.13,1,0,11,705941.3,-103.97,184.03,288.0,11,6.0,5.9,False
firm_1,355,15.06,19.92,1,0,11,705499.04,-122.34,165.66,288.0,11,6.0,6.0,False
firm_1,356,15.06,17.93,1,0,11,705158.77,-122.34,165.66,288.0,11,6.0,5.9,False
firm_1,357,16.57,18.83,1,0,11,705034.21,-105.73,182.27,288.0,11,6.0,5.8,False
firm_1,358,16.57,18.83,1,0,11,704809.65,-105.73,182.27,288.0,11,6.0,5.9,False
firm_1,359,17.4,18.83,1,0,11,704494.22,-96.6,191.4,288.0,11,6.0,5.8,False
firm_1,360,19.14,20.71,1,0,11,704196.05,-77.46,210.54,288.0,11,6.0,5.7,False
firm_1,361,18.18,22.78,2,0,22,703374.45,23.96,399.96,376.0,22,6.0,5.8,False
firm_1,362,17.27,23.92,1,0,11,703152.5,-98.03,189.97,288.0,11,6.0,5.9,False
firm_1,363,19.0,26.31,1,0,11,703047.19,-79.0,209.0,288.0,11,6.0,5.8,False
firm_1,364,19.0,24.99,2,0,22,702439.21,42.0,418.0,376.0,22,6.0,5.9,False
firm_1,365,18.05,24.99,1,0,11,702324.77,-89.45,198.55,288.0,11,6.0,5.8,False
firm_2,1,38.27,30.99,21,0,244,91387.03,8549.84,9337.88,788.04,244,0.41,0.49,False
firm_2,2,40.18,34.09,21,0,245,99512.54,9041.4,9844.1,802.7,245,0.46,0.39,False
firm_2,3,44.2,37.5,22,0,257,108501.87,10514.33,11359.4,845.07,257,0.51,0.29,False
firm_2,4,44.2,37.5,22,0,257,118191.2,10514.33,11359.4,845.07,257,0.51,0.19,False
firm_2,5,44.2,37.5,22,0,257,127880.53,10514.33,11359.4,845.07,257,0.51,0.19,False
firm_2,6,46.41,39.38,22,0,257,137883.62,11069.45,11927.37,857.92,257,0.56,0.1,False
firm_2,7,41.77,37.41,22,0,257,146624.72,9864.12,10734.89,870.77,257,0.61,0.2,False
firm_2,8,41.77,41.15,21,0,245,155054.77,9394.2,10233.65,839.45,245,0.61,0.3,False
firm_2,9,43.86,43.21,21,0,245,163841.36,9894.0,10745.7,851.7,245,0.66,0.3,False
firm_2,10,46.05,47.53,22,0,257,173246.93,10951.23,11834.85,883.62,257,0.66,0.2,False
firm_2,11,50.66,49.91,21,0,245,183446.57,11547.75,12411.7,863.95,245,0.71,0.3,False
firm_2,12,48.13,52.41,21,0,245,192961.61,10915.65,11791.85,876.2,245,0.76,0.4,False
firm_2,13,43.32,47.17,20,0,233,201268.69,9250.48,10093.56,843.08,233,0.76,0.3,False
firm_2,14,43.32,51.89,20,0,233,209169.72,9238.83,10093.56,854.73,233,0.81,0.4,False
firm_2,15,38.99,49.3,20,0,233,216413.66,8229.94,9084.67,854.73,233,0.81,0.4,False
firm_2,16,37.04,54.23,20,0,233,223004.65,7775.59,8630.32,854.73,233,0.81,0.5,False
firm_2,17,37.04,56.94,20,0,233,229641.44,7775.59,8630.32,854.73,233,0.81,0.4,False
firm_2,18,38.89,62.63,20,0,233,236283.83,8194.99,9061.37,866.38,233,0.86,0.5,False
firm_2,19,38.89,62.63,19,0,222,242581.42,7787.56,8633.58,846.02,222,0.91,0.6,False
firm_2,20,36.95,59.5,19,0,221,248773.76,7322.84,8165.95,843.11,221,0.91,0.5,False
firm_2,21,33.26,62.48,18,0,209,253481.82,6132.7,6951.34,818.64,209,0.96,0.6,False
firm_2,22,36.59,59.36,18,0,209,259242.01,6828.67,7647.31,818.64,209,0.96,0.6,False
firm_2,23,40.25,62.33,18,0,209,265613.68,7593.61,8412.25,818.64,209,0.96,0.7,False
firm_2,24,44.28,65.45,18,0,209,272771.46,8435.88,9254.52,818.64,209,0.96,0.8,False
firm_2,25,39.85,62.18,17,0,198,278818.62,7104.22,7890.3,786.08,198,0.96,0.7,False
firm_2,26,43.84,62.18,16,0,186,285127.42,7403.68,8154.24,750.56,186,0.96,0.8,False
firm_2,27,43.84,55.96,16,0,186,291326.44,7394.38,8154.24,759.86,186,1.01,0.9,False
firm_2,28,39.46,55.96,16,0,186,297010.78,6579.7,7339.56,759.86,186,1.01,0.8,False
firm_2,29,39.46,53.16,17,0,197,302587.71,6980.65,7773.62,792.97,197,1.01,0.8,False
firm_2,30,39.46,58.48,18,0,209,308453.12,7418.05,8247.14,829.09,209,1.01,0.7,False
firm_2,31,37.49,55.56,17,0,197,314101.16,6592.56,7385.53,792.97,197,1.01,0.7,False
firm_2,32,39.36,61.12,17,0,197,319813.22,6951.1,7753.92,802.82,197,1.06,0.7,False
firm_2,33,39.36,58.06,16,0,186,325336.06,6551.8,7320.96,769.16,186,1.06,0.8,False
firm_2,34,43.3,63.87,16,0,186,331598.78,7284.64,8053.8,769.16,186,1.06,0.7,False
firm_2,35,41.14,70.26,15,0,175,336700.13,6455.25,7199.5,744.25,175,1.11,0.8,False
firm_2,36,39.08,66.75,15,0,174,341657.66,6058.78,6799.92,741.14,174,1.11,0.9,False
firm_2,37,42.99,60.08,14,0,162,347077.1,6260.56,6964.38,703.82,162,1.11,0.9,False
firm_2,38,45.14,66.09,14,0,162,352760.7,6608.86,7312.68,703.82,162,1.11,0.8,False
firm_2,39,45.14,62.79,13,0,151,358090.96,6146.53,6816.14,669.61,151,1.11,0.7,False
firm_2,40,47.4,65.93,14,0,163,363587.21,7019.27,7726.2,706.93,163,1.11,0.8,False
firm_2,41,49.77,65.93,15,0,174,369808.4,7910.14,8659.98,749.84,174,1.16,0.7,False
firm_2,42,54.75,65.93,15,0,174,377596.11,8776.66,9526.5,749.84,174,1.16,0.7,False
firm_2,43,57.49,62.63,15,0,174,385701.38,9244.72,10003.26,758.54,174,1.21,0.7,False
firm_2,44,63.24,56.37,16,0,186,394955.74,10956.28,11762.64,806.36,186,1.26,0.8,False
firm_2,45,56.92,56.37,16,0,186,403525.28,9771.46,10587.12,815.66,186,1.31,0.9,False
firm_2,46,51.23,62.01,16,0,186,411246.24,8713.12,9528.78,815.66,186,1.31,0.9,False
firm_2,47,53.79,62.01,16,0,186,419343.36,9189.28,10004.94,815.66,186,1.31,1.0,False
firm_2,48,56.48,68.21,16,0,186,427732.32,9680.32,10505.28,824.96,186,1.36,1.0,False
firm_2,49,53.66,75.03,17,0,197,435665.91,9709.1,10571.02,861.92,197,1.36,0.9,False
firm_2,50,48.29,82.53,18,0,209,442560.29,9179.92,10092.61,912.69,209,1.41,1.0,False
firm_2,51,53.12,82.53,18,0,209,451164.14,10189.39,11102.08,912.69,209,1.41,1.1,False
firm_2,52,58.43,74.28,18,0,209,460915.83,11288.73,12211.87,923.14,209,1.46,1.0,False
firm_2,53,64.27,81.71,18,0,209,471954.34,12509.29,13432.43,923.14,209,1.46,0.9,False
firm_2,54,70.7,89.88,18,0,209,483879.21,13842.71,14776.3,933.59,209,1.51,1.0,False
firm_2,55,70.7,98.87,17,0,197,495234.85,13036.43,13927.9,891.47,197,1.51,1.0,False
firm_2,56,74.24,108.76,17,0,197,506909.89,13723.96,14625.28,901.32,197,1.56,1.0,False
firm_2,57,74.24,108.76,18,0,209,518924.33,14572.12,15516.16,944.04,209,1.56,1.1,False
firm_2,58,77.95,119.64,18,0,209,532118.32,15347.51,16291.55,944.04,209,1.56,1.1,False
firm_2,59,85.74,107.68,17,0,197,546177.22,15989.46,16890.78,901.32,197,1.56,1.2,False
firm_2,60,81.45,118.45,17,0,197,558998.05,15134.48,16045.65,911.17,197,1.61,1.3,False
firm_2,61,81.45,112.53,17,0,197,572219.52,15134.48,16045.65,911.17,197,1.61,1.2,False
firm_2,62,77.38,118.16,17,0,197,584543.49,14332.69,15243.86,911.17,197,1.61,1.2,False
firm_2,63,73.51,129.98,16,0,186,595165.21,12801.4,13672.86,871.46,186,1.61,1.3,False
firm_2,64,69.83,123.48,15,0,174,604426.59,11313.58,12150.42,836.84,174,1.66,1.3,False
firm_2,65,69.83,117.31,14,0,162,613095.69,10511.44,11312.46,801.02,162,1.71,1.3,False
firm_2,66,62.85,129.04,14,0,162,620669.81,9380.68,10181.7,801.02,162,1.71,1.2,False
firm_2,67,69.14,116.14,13,0,151,628532.37,9672.38,10440.14,767.76,151,1.76,1.3,False
firm_2,68,69.14,121.95,13,0,151,636411.85,9664.83,10440.14,775.31,151,1.81,1.2,False
firm_2,69,65.68,115.85,13,0,151,644048.17,9142.37,9917.68,775.31,151,1.81,1.2,False
firm_2,70,62.4,110.06,14,0,162,651298.91,9291.58,10108.8,817.22,162,1.81,1.2,False
firm_2,71,65.52,121.07,15,0,174,659520.4,10537.54,11400.48,862.94,174,1.81,1.1,False
firm_2,72,65.52,133.18,16,0,186,667958.28,11268.76,12186.72,917.96,186,1.86,1.1,False
firm_2,73,58.97,133.18,17,0,197,675750.89,10656.67,11617.09,960.42,197,1.86,1.2,False
firm_2,74,58.97,126.52,16,0,186,683467.73,10041.16,10968.42,927.26,186,1.91,1.3,False
firm_2,75,64.87,120.19,16,0,186,692473.95,11129.26,12065.82,936.56,186,1.96,1.2,False
firm_2,76,71.36,132.21,16,0,186,702694.99,12336.4,13272.96,936.56,186,1.96,1.2,False
firm_2,77,74.93,118.99,16,0,186,713482.27,12991.12,13936.98,945.86,186,2.01,1.3,False
firm_2,78,82.42,130.89,16,0,186,725672.29,14384.26,15330.12,945.86,186,2.01,1.4,False
firm_2,79,78.3,130.89,17,0,197,737072.44,14425.28,15425.1,999.82,197,2.06,1.5,False
firm_2,80,86.13,143.98,16,0,186,749624.48,15055.72,16020.18,964.46,186,2.11,1.4,False
firm_2,81,90.44,129.58,16,0,186,763199.28,15848.08,16821.84,973.76,186,2.16,1.3,False
firm_2,82,99.48,123.1,15,0,174,777738.46,16385.68,17309.52,923.84,174,2.16,1.3,False
firm_2,83,99.48,123.1,15,0,174,792277.64,16385.68,17309.52,923.84,174,2.16,1.2,False
firm_2,84,99.48,135.41,15,0,174,806632.17,16385.68,17309.52,923.84,174,2.16,1.1,False
firm_2,85,89.53,128.64,16,0,186,819652.75,15678.82,16652.58,973.76,186,2.16,1.2,False
firm_2,86,89.53,122.21,17,0,197,833693.07,16617.89,17637.41,1019.52,197,2.16,1.1,False
firm_2,87,94.01,109.99,17,0,197,849323.69,17500.45,18519.97,1019.52,197,2.16,1.0,False
firm_2,88,89.31,104.49,18,0,209,864539.22,17596.35,18665.79,1069.44,209,2.16,0.9,False
firm_2,89,93.78,109.71,18,0,209,880884.57,18520.13,19600.02,1079.89,209,2.21,0.8,False
firm_2,90,89.09,98.74,18,0,209,896436.72,17529.47,18619.81,1090.34,209,2.26,0.8,False
firm_2,91,80.18,93.8,18,0,209,910205.15,15656.83,16757.62,1100.79,209,2.31,0.7,False
firm_2,92,80.18,93.8,19,0,220,924414.35,16491.4,17639.6,1148.2,220,2.31,0.6,False
firm_2,93,80.18,93.8,20,0,232,939440.19,17401.84,18601.76,1199.92,232,2.31,0.6,False
firm_2,94,80.18,89.11,20,0,232,955059.83,17401.84,18601.76,1199.92,232,2.31,0.6,False
firm_2,95,80.18,84.65,19,0,220,969842.88,16491.4,17639.6,1148.2,220,2.31,0.7,False
firm_2,96,88.2,88.88,18,0,209,985365.6,17322.56,18433.8,1111.24,209,2.36,0.6,False
firm_2,97,92.61,93.32,19,0,221,1002184.72,19292.2,20466.81,1174.61,221,2.41,0.6,False
firm_2,98,92.61,102.65,18,0,209,1018360.37,18223.35,19355.49,1132.14,209,2.46,0.5,False
firm_2,99,97.24,112.92,18,0,209,1035308.38,19180.57,20323.16,1142.59,209,2.51,0.5,False
firm_2,100,92.38,101.63,19,0,221,1051885.63,19208.22,20415.98,1207.76,221,2.56,0.5,False
firm_2,101,97.0,96.55,19,0,220,1069976.98,20125.8,21340.0,1214.2,220,2.61,0.4,False
firm_2,102,97.0,86.9,19,0,220,1088451.68,20125.8,21340.0,1214.2,220,2.61,0.4,False
firm_2,103,97.0,78.21,18,0,208,1106061.02,19017.12,20176.0,1158.88,208,2.61,0.3,False
firm_2,104,101.85,74.3,19,0,219,1125033.93,21084.61,22305.15,1220.54,219,2.66,0.3,False
firm_2,105,112.04,78.02,19,0,219,1146867.77,23316.22,24536.76,1220.54,219,2.66,0.3,False
firm_2,106,106.44,74.12,20,0,231,1168096.55,23311.18,24587.64,1276.46,231,2.66,0.4,False
firm_2,107,111.76,77.83,19,0,219,1189661.73,23243.95,24475.44,1231.49,219,2.71,0.3,False
firm_2,108,106.17,77.83,20,0,231,1210842.39,23237.26,24525.27,1288.01,231,2.71,0.3,False
firm_2,109,111.48,81.72,19,0,220,1232368.11,23278.4,24525.6,1247.2,220,2.76,0.3,False
firm_2,110,111.48,81.72,20,0,231,1254686.03,24452.32,25751.88,1299.56,231,2.76,0.3,False
firm_2,111,117.05,77.63,21,0,243,1279430.12,27074.32,28443.15,1368.83,243,2.81,0.2,False
firm_2,112,122.9,77.63,21,0,242,1306177.67,28377.78,29741.8,1364.02,242,2.81,0.2,False
firm_2,113,122.9,69.87,21,0,241,1332970.09,28259.69,29618.9,1359.21,241,2.81,0.1,False
firm_2,114,122.9,76.86,21,0,242,1359521.71,28365.68,29741.8,1376.12,242,2.86,0.1,False
firm_2,115,122.9,73.02,21,0,241,1386023.88,28235.59,29618.9,1383.31,241,2.91,0.1,False
firm_2,116,129.05,80.32,21,0,242,1413866.94,29829.78,31230.1,1400.32,242,2.96,0.2,False
firm_2,117,129.05,76.3,20,0,230,1440470.14,28329.2,29681.5,1352.3,230,3.01,0.1,False
firm_2,118,129.05,68.67,20,0,230,1467214.44,28317.7,29681.5,1363.8,230,3.06,0.1,False
firm_2,119,122.6,61.8,20,0,230,1492712.64,26834.2,28198.0,1363.8,230,3.06,0.2,False
firm_2,120,116.47,64.89,20,0,230,1516739.14,25424.3,26788.1,1363.8,230,3.06,0.3,False
firm_2,121,110.65,71.38,21,0,241,1539887.35,25247.19,26666.65,1419.46,241,3.06,0.4,False
firm_2,122,105.12,78.52,21,0,243,1562140.86,24102.43,25544.16,1441.73,243,3.11,0.3,False
firm_2,123,94.61,82.45,21,0,243,1581857.91,21548.5,22990.23,1441.73,243,3.11,0.4,False
firm_2,124,89.88,74.2,22,0,253,1600759.67,21234.16,22739.64,1505.48,253,3.16,0.4,False
firm_2,125,94.37,81.62,23,0,266,1621812.27,23529.86,25102.42,1572.56,266,3.16,0.5,False
firm_2,126,94.37,89.78,23,0,266,1643177.19,23529.86,25102.42,1572.56,266,3.16,0.6,False
firm_2,127,89.65,98.76,22,0,256,1662221.11,21416.64,22950.4,1533.76,256,3.21,0.6,False
firm_2,128,89.65,108.64,21,0,244,1680130.83,20391.16,21874.6,1483.44,244,3.26,0.5,False
firm_2,129,80.68,108.64,22,0,256,1696348.27,19107.52,20654.08,1546.56,256,3.26,0.4,False
firm_2,130,76.65,103.21,23,0,267,1712122.22,18847.78,20465.55,1617.77,267,3.31,0.4,False
firm_2,131,72.82,113.53,24,0,279,1727432.79,18635.29,20316.78,1681.49,279,3.31,0.5,False
firm_2,132,65.54,107.85,24,0,279,1741348.56,16604.17,18285.66,1681.49,279,3.31,0.6,False
firm_2,133,65.54,107.85,25,0,290,1755204.51,17252.2,19006.6,1754.4,290,3.36,0.6,False
firm_2,134,65.54,118.64,24,0,279,1768733.42,16576.27,18285.66,1709.39,279,3.41,0.6,False
firm_2,135,58.99,130.5,23,0,267,1779624.43,14092.51,15750.33,1657.82,267,3.46,0.6,False
firm_2,136,53.09,130.5,23,0,267,1789140.14,12517.21,14175.03,1657.82,267,3.46,0.6,False
firm_2,137,53.09,137.02,23,0,267,1798292.54,12503.86,14175.03,1671.17,267,3.51,0.6,False
firm_2,138,55.74,150.72,22,0,256,1807322.78,12646.08,14269.44,1623.36,256,3.56,0.7,False
firm_2,139,61.31,150.72,23,0,267,1818041.47,14685.25,16369.77,1684.52,267,3.56,0.7,False
firm_2,140,64.38,143.18,22,0,256,1829749.43,14857.92,16481.28,1623.36,256,3.56,0.6,False
firm_2,141,61.16,128.86,23,0,267,1840717.5,14631.85,16329.72,1697.87,267,3.61,0.6,False
firm_2,142,61.16,122.42,23,0,267,1852433.69,14631.85,16329.72,1697.87,267,3.61,0.7,False
firm_2,143,61.16,134.66,24,0,279,1863786.35,15284.5,17063.64,1779.14,279,3.66,0.6,False
firm_2,144,61.16,141.39,23,0,267,1874939.53,14605.15,16329.72,1724.57,267,3.71,0.5,False
firm_2,145,67.28,155.53,24,0,279,1887470.89,16964.08,18771.12,1807.04,279,3.76,0.4,False
firm_2,146,67.28,155.53,25,0,290,1900723.44,17640.8,19511.2,1870.4,290,3.76,0.3,False
firm_2,147,63.92,139.98,26,0,301,1913890.12,17306.16,19239.92,1933.76,301,3.76,0.3,False
firm_2,148,60.72,125.98,27,0,312,1926620.58,16931.92,18944.64,2012.72,312,3.81,0.4,False
firm_2,149,57.68,119.68,27,0,312,1939057.06,15967.84,17996.16,2028.32,312,3.86,0.5,False
firm_2,150,57.68,131.65,27,0,312,1951470.35,15967.84,17996.16,2028.32,312,3.86,0.5,False
firm_2,151,63.45,144.82,27,0,312,1965328.29,17768.08,19796.4,2028.32,312,3.86,0.5,False
firm_2,152,66.62,137.58,28,0,324,1980362.29,19486.24,21584.88,2098.64,324,3.86,0.6,False
firm_2,153,63.29,151.34,29,0,335,1994512.48,19039.05,21202.15,2163.1,335,3.86,0.5,False
firm_2,154,60.13,166.47,30,0,347,2007550.07,18631.69,20865.11,2233.42,347,3.86,0.6,False
firm_2,155,63.14,183.12,29,0,335,2021228.39,18988.8,21151.9,2163.1,335,3.86,0.5,False
firm_2,156,63.14,173.96,30,0,346,2034811.17,19601.58,21846.44,2244.86,346,3.91,0.6,False
firm_2,157,63.14,165.26,31,0,358,2049158.55,20270.44,22604.12,2333.68,358,3.96,0.7,False
firm_2,158,69.45,165.26,32,0,369,2066379.59,23209.36,25627.05,2417.69,369,4.01,0.6,False
firm_2,159,62.5,148.73,33,0,381,2082194.19,21322.69,23812.5,2489.81,381,4.01,0.7,False
firm_2,160,65.62,133.86,32,0,369,2099606.76,21796.09,24213.78,2417.69,369,4.01,0.8,False
firm_2,161,65.62,147.25,32,0,369,2116472.4,21777.64,24213.78,2436.14,369,4.06,0.7,False
firm_2,162,65.62,161.98,32,0,369,2133066.68,21777.64,24213.78,2436.14,369,4.06,0.7,False
firm_2,163,62.34,170.08,33,0,381,2147977.67,21223.63,23751.54,2527.91,381,4.11,0.6,False
firm_2,164,56.11,153.07,34,0,392,2161573.29,19400.0,21995.12,2595.12,392,4.11,0.7,False
firm_2,165,61.72,160.72,34,0,392,2177488.33,21579.52,24194.24,2614.72,392,4.16,0.6,False
firm_2,166,64.81,176.79,35,0,404,2194195.28,23494.6,26183.24,2688.64,404,4.16,0.7,False
firm_2,167,61.57,159.11,36,0,415,2210441.72,22774.4,25551.55,2777.15,415,4.21,0.8,False
firm_2,168,67.73,167.07,37,0,427,2229607.82,26047.69,28920.71,2873.02,427,4.26,0.7,False
firm_2,169,74.5,183.78,37,0,427,2251646.44,28938.48,31811.5,2873.02,427,4.26,0.8,False
firm_2,170,78.23,202.16,38,0,440,2274931.16,31466.8,34421.2,2954.4,440,4.26,0.7,False
firm_2,171,78.23,222.38,38,0,440,2297625.52,31444.8,34421.2,2976.4,440,4.31,0.8,False
firm_2,172,78.23,233.5,39,0,452,2320326.86,32307.84,35359.96,3052.12,452,4.31,0.7,False
firm_2,173,70.41,256.85,39,0,452,2338860.31,28750.6,31825.32,3074.72,452,4.36,0.7,False
firm_2,174,77.45,244.01,38,0,440,2360567.53,31079.6,34078.0,2998.4,440,4.36,0.8,False
firm_2,175,69.7,219.61,37,0,429,2379414.82,26972.86,29901.3,2928.44,429,4.36,0.8,False
firm_2,176,62.73,230.59,37,0,429,2394644.27,23961.28,26911.17,2949.89,429,4.41,0.7,False
firm_2,177,59.59,219.06,37,0,429,2409153.27,22614.22,25564.11,2949.89,429,4.41,0.7,False
firm_2,178,65.55,208.11,37,0,429,2426402.81,25149.61,28120.95,2971.34,429,4.46,0.7,False
firm_2,179,62.27,187.3,36,0,415,2442621.16,22961.15,25842.05,2880.9,415,4.46,0.6,False
firm_2,180,68.5,168.57,36,0,415,2462099.24,25546.6,28427.5,2880.9,415,4.46,0.6,False
firm_2,181,68.5,185.43,36,0,415,2480649.61,25525.85,28427.5,2901.65,415,4.51,0.7,False
firm_2,182,71.92,185.43,37,0,426,2500732.06,27643.36,30637.92,2994.56,426,4.56,0.7,False
firm_2,183,64.73,194.7,36,0,415,2517342.66,23919.8,26862.95,2943.15,415,4.61,0.8,False
firm_2,184,58.26,214.17,35,0,403,2530141.51,20594.8,23478.78,2883.98,403,4.66,0.9,False
firm_2,185,61.17,192.75,36,0,415,2545124.16,22421.65,25385.55,2963.9,415,4.66,0.8,False
firm_2,186,64.23,202.39,35,0,405,2560936.11,23095.6,26013.15,2917.55,405,4.71,0.7,False
firm_2,187,61.02,202.39,34,0,393,2574979.03,21124.18,23980.86,2856.68,393,4.76,0.6,False
firm_2,188,57.97,192.27,33,0,382,2587896.34,19362.22,22144.54,2782.32,382,4.76,0.7,False
firm_2,189,63.77,201.88,33,0,382,2602712.12,21577.82,24360.14,2782.32,382,4.76,0.8,False
firm_2,190,57.39,211.97,33,0,382,2614857.77,19140.66,21922.98,2782.32,382,4.76,0.7,False
firm_2,191,60.26,222.57,32,0,370,2627012.03,19576.5,22296.2,2719.7,370,4.81,0.8,False
firm_2,192,54.23,233.7,32,0,370,2636879.03,17345.4,20065.1,2719.7,370,4.81,0.7,False
firm_2,193,48.81,257.07,32,0,370,2643992.79,15340.0,18059.7,2719.7,370,4.81,0.6,False
firm_2,194,48.81,282.78,31,0,359,2649786.66,14860.05,17522.79,2662.74,359,4.86,0.7,False
firm_2,195,48.81,296.92,30,0,347,2654918.36,14339.3,16937.07,2597.77,347,4.91,0.8,False
firm_2,196,43.93,326.61,30,0,347,2657766.0,12645.94,15243.71,2597.77,347,4.91,0.7,False
firm_2,197,43.93,326.61,31,0,359,2659913.32,13072.23,15770.87,2698.64,359,4.96,0.8,False
firm_2,198,43.93,293.95,31,0,359,2663773.1,13072.23,15770.87,2698.64,359,4.96,0.9,False
firm_2,199,48.32,323.35,31,0,359,2668297.49,14648.24,17346.88,2698.64,359,4.96,1.0,False
firm_2,200,48.32,291.02,31,0,359,2673824.11,14648.24,17346.88,2698.64,359,4.96,1.1,False
firm_2,201,48.32,305.57,30,0,347,2678491.58,14134.57,16767.04,2632.47,347,5.01,1.2,False
firm_2,202,50.74,275.01,31,0,357,2684560.03,15393.76,18114.18,2720.42,357,5.06,1.3,False
firm_2,203,50.74,247.51,30,0,345,2691904.33,14869.6,17505.3,2635.7,345,5.06,1.4,False
firm_2,204,50.74,247.51,30,0,345,2699248.63,14869.6,17505.3,2635.7,345,5.06,1.5,False
firm_2,205,50.74,272.26,30,0,345,2705950.43,14869.6,17505.3,2635.7,345,5.06,1.5,False
firm_2,206,48.2,299.49,31,0,359,2710735.5,14569.26,17303.8,2734.54,359,5.06,1.4,False
firm_2,207,53.02,299.49,30,0,347,2717498.92,15748.12,18397.94,2649.82,347,5.06,1.3,False
firm_2,208,55.67,314.46,29,0,336,2724195.74,16116.16,18705.12,2588.96,336,5.11,1.4,False
firm_2,209,55.67,283.01,28,0,324,2731588.7,15517.24,18037.08,2519.84,324,5.16,1.4,False
firm_2,210,58.45,311.31,27,0,312,2738885.81,15802.48,18236.4,2433.92,312,5.16,1.5,False
firm_2,211,55.53,280.18,28,0,322,2745599.81,15359.04,17880.66,2521.62,322,5.21,1.6,False
firm_2,212,58.31,308.2,28,0,322,2753124.41,16254.2,18775.82,2521.62,322,5.21,1.7,False
firm_2,213,61.23,292.79,27,0,311,2761603.75,16584.67,19042.53,2457.86,311,5.26,1.6,False
firm_2,214,67.35,322.07,26,0,299,2770681.89,17751.96,20137.65,2385.69,299,5.31,1.7,False
firm_2,215,60.61,338.17,27,0,312,2777380.9,16429.6,18910.32,2480.72,312,5.31,1.8,False
firm_2,216,63.64,304.35,28,0,324,2786093.82,18034.72,20619.36,2584.64,324,5.36,1.9,False
firm_2,217,66.82,289.13,27,0,311,2796479.37,18292.06,20781.02,2488.96,311,5.36,2.0,False
firm_2,218,73.5,274.67,28,0,322,2809285.69,21097.08,23667.0,2569.92,322,5.36,2.1,False
firm_2,219,69.82,247.2,27,0,311,2821520.8,19209.51,21714.02,2504.51,311,5.41,2.2,False
firm_2,220,62.84,259.56,26,0,299,2830830.86,16358.62,18789.16,2430.54,299,5.46,2.3,False
firm_2,221,56.56,272.54,27,0,311,2838042.38,15070.1,17590.16,2520.06,311,5.46,2.2,False
firm_2,222,50.9,245.29,26,0,299,2844238.45,12773.61,15219.1,2445.49,299,5.51,2.2,False
firm_2,223,50.9,269.82,26,0,299,2849781.79,12758.66,15219.1,2460.44,299,5.56,2.1,False
firm_2,224,45.81,269.82,25,0,288,2853852.29,10816.0,13193.28,2377.28,288,5.56,2.1,False
firm_2,225,48.1,283.31,25,0,289,2858071.15,11501.61,13900.9,2399.29,289,5.61,2.1,False
firm_2,226,50.5,311.64,26,0,301,2861963.35,12694.84,15200.5,2505.66,301,5.66,2.0,False
firm_2,227,53.03,327.22,26,0,301,2866696.95,13441.32,15962.03,2520.71,301,5.71,2.0,False
firm_2,228,58.33,359.94,26,0,301,2872275.13,15036.62,17557.33,2520.71,301,5.71,2.1,False
firm_2,229,55.41,395.93,25,0,289,2875962.18,13585.3,16013.49,2428.19,289,5.71,2.0,False
firm_2,230,52.64,395.93,26,0,301,2878176.88,13308.88,15844.64,2535.76,301,5.76,2.1,False
firm_2,231,50.01,435.52,27,0,312,2878584.24,12966.4,15603.12,2636.72,312,5.81,2.2,False
firm_2,232,50.01,413.74,26,0,301,2880329.2,12502.2,15053.01,2550.81,301,5.81,2.1,False
firm_2,233,52.51,434.43,27,0,312,2881630.39,13730.8,16383.12,2652.32,312,5.86,2.0,False
firm_2,234,52.51,390.99,26,0,301,2884604.3,13239.65,15805.51,2565.86,301,5.86,2.1,False
firm_2,235,49.88,390.99,26,0,301,2886571.53,12432.97,15013.88,2580.91,301,5.91,2.2,False
firm_2,236,44.89,410.54,25,0,289,2886480.8,10472.77,12973.21,2500.44,289,5.96,2.3,False
firm_2,237,42.65,451.59,25,0,289,2884916.46,9825.41,12325.85,2500.44,289,5.96,2.4,False
firm_2,238,40.52,406.43,25,0,289,2883965.55,9209.84,11710.28,2500.44,289,5.96,2.3,False
firm_2,239,44.57,426.75,26,0,301,2883089.66,10819.61,13415.57,2595.96,301,5.96,2.4,False
firm_2,240,40.11,469.42,26,0,301,2880149.85,9465.11,12073.11,2608.0,301,6.0,2.4,False
firm_2,241,38.1,422.48,27,0,312,2877334.09,9191.2,11887.2,2696.0,312,6.0,2.5,False
firm_2,242,36.2,401.36,28,0,324,2874232.81,8936.8,11728.8,2792.0,324,6.0,2.6,False
firm_2,243,39.82,421.43,29,0,335,2871671.04,10459.7,13339.7,2880.0,335,6.0,2.7,False
firm_2,244,39.82,400.36,29,0,335,2870520.3,10459.7,13339.7,2880.0,335,6.0,2.6,False
firm_2,245,39.82,360.32,29,0,335,2870230.72,10459.7,13339.7,2880.0,335,6.0,2.7,False
firm_2,246,39.82,324.29,30,0,347,2870643.56,10841.54,13817.54,2976.0,347,6.0,2.7,False
firm_2,247,39.82,291.86,30,0,347,2872529.3,10841.54,13817.54,2976.0,347,6.0,2.7,False
firm_2,248,37.83,291.86,30,0,347,2873724.51,10151.01,13127.01,2976.0,347,6.0,2.6,False
firm_2,249,34.05,321.05,29,0,335,2872840.81,8526.75,11406.75,2880.0,335,6.0,2.7,False
firm_2,250,34.05,288.94,30,0,347,2872311.96,8839.35,11815.35,2976.0,347,6.0,2.6,False
firm_2,251,35.75,303.39,30,0,347,2872439.51,9429.25,12405.25,2976.0,347,6.0,2.5,False
firm_2,252,39.33,303.39,31,0,358,2873250.56,11016.14,14080.14,3064.0,358,6.0,2.6,False
firm_2,253,35.4,303.39,30,0,347,2873256.66,9307.8,12283.8,2976.0,347,6.0,2.5,False
firm_2,254,31.86,288.22,31,0,358,2871863.72,8341.88,11405.88,3064.0,358,6.0,2.6,False
firm_2,255,28.67,273.81,30,0,347,2870521.91,6972.49,9948.49,2976.0,347,6.0,2.7,False
firm_2,256,31.54,273.81,29,0,335,2869967.32,7685.9,10565.9,2880.0,335,6.0,2.8,False
firm_2,257,29.96,273.81,28,0,324,2869015.68,6915.04,9707.04,2792.0,324,6.0,2.7,False
firm_2,258,29.96,287.5,29,0,335,2867334.78,7156.6,10036.6,2880.0,335,6.0,2.7,False
firm_2,259,26.96,258.75,29,0,333,2865644.71,6113.68,8977.68,2864.0,333,6.0,2.8,False
firm_2,260,28.31,232.88,28,0,321,2865443.58,6319.51,9087.51,2768.0,321,6.0,2.8,False
firm_2,261,25.48,256.17,27,0,312,2863480.75,5253.76,7949.76,2696.0,312,6.0,2.9,False
firm_2,262,28.03,256.17,28,0,324,2861797.71,6289.72,9081.72,2792.0,324,6.0,3.0,False
firm_2,263,25.23,230.55,28,0,321,2860673.14,5330.83,8098.83,2768.0,321,6.0,3.0,False
firm_2,264,27.75,242.08,27,0,310,2859859.48,5922.5,8602.5,2680.0,310,6.0,2.9,False
firm_2,265,27.75,254.18,28,0,324,2858141.44,6199.0,8991.0,2792.0,324,6.0,3.0,False
firm_2,266,30.52,241.47,29,0,335,2857983.01,7344.2,10224.2,2880.0,335,6.0,2.9,False
firm_2,267,32.05,265.62,29,0,335,2858036.78,7856.75,10736.75,2880.0,335,6.0,3.0,False
firm_2,268,32.05,239.06,29,0,335,2858660.79,7856.75,10736.75,2880.0,335,6.0,3.1,False
firm_2,269,33.65,262.97,28,0,324,2859408.23,8110.6,10902.6,2792.0,324,6.0,3.1,False
firm_2,270,35.33,249.82,27,0,312,2860990.05,8326.96,11022.96,2696.0,312,6.0,3.0,False
firm_2,271,38.86,262.31,28,0,324,2862644.01,9798.64,12590.64,2792.0,324,6.0,3.1,False
firm_2,272,40.8,249.19,27,0,312,2865949.48,10033.6,12729.6,2696.0,312,6.0,3.0,False
firm_2,273,38.76,224.27,27,0,312,2869291.31,9397.12,12093.12,2696.0,312,6.0,2.9,False
firm_2,274,34.88,213.06,27,0,310,2871671.49,8132.8,10812.8,2680.0,310,6.0,2.8,False
firm_2,275,34.88,191.75,26,0,298,2874496.23,7810.24,10394.24,2584.0,298,6.0,2.7,False
firm_2,276,31.39,210.92,25,0,289,2875782.94,6559.71,9071.71,2512.0,289,6.0,2.6,False
firm_2,277,29.82,200.37,26,0,301,2876441.14,6367.82,8975.82,2608.0,301,6.0,2.6,False
firm_2,278,28.33,190.35,27,0,312,2876944.65,6142.96,8838.96,2696.0,312,6.0,2.6,False
firm_2,279,29.75,190.35,28,0,324,2877961.85,6847.0,9639.0,2792.0,324,6.0,2.6,False
firm_2,280,26.78,171.32,29,0,333,2878347.31,6053.74,8917.74,2864.0,333,6.0,2.5,False
firm_2,281,28.12,188.45,30,0,344,2878615.09,6721.28,9673.28,2952.0,344,6.0,2.6,False
firm_2,282,26.71,169.6,30,0,343,2879444.62,6217.53,9161.53,2944.0,343,6.0,2.7,False
firm_2,283,24.04,186.56,29,0,335,2878907.78,5173.4,8053.4,2880.0,335,6.0,2.8,False
firm_2,284,25.24,167.9,29,0,331,2879345.12,5506.44,8354.44,2848.0,331,6.0,2.8,False
firm_2,285,26.5,184.69,29,0,332,2879731.11,5942.0,8798.0,2856.0,332,6.0,2.7,False
firm_2,286,27.83,193.92,28,0,321,2880366.78,6165.43,8933.43,2768.0,321,6.0,2.8,False
firm_2,287,30.61,184.22,29,0,333,2881853.53,7329.13,10193.13,2864.0,333,6.0,2.7,False
firm_2,288,32.14,175.01,29,0,331,2884368.58,7790.34,10638.34,2848.0,331,6.0,2.7,False
firm_2,289,30.53,166.26,30,0,343,2886208.57,7527.79,10471.79,2944.0,343,6.0,2.6,False
firm_2,290,29.0,182.89,31,0,354,2887072.98,7234.0,10266.0,3032.0,354,6.0,2.5,False
firm_2,291,30.45,192.03,30,0,345,2888657.33,7545.25,10505.25,2960.0,345,6.0,2.5,False
firm_2,292,30.45,172.83,30,0,343,2890672.78,7500.35,10444.35,2944.0,343,6.0,2.6,False
firm_2,293,27.4,172.83,31,0,354,2891382.65,6667.6,9699.6,3032.0,354,6.0,2.7,False
firm_2,294,28.77,164.19,31,0,355,2893266.11,7173.35,10213.35,3040.0,355,6.0,2.7,False
firm_2,295,30.21,147.77,30,0,342,2895928.83,7395.82,10331.82,2936.0,342,6.0,2.8,False
firm_2,296,30.21,132.99,30,0,342,2899034.95,7395.82,10331.82,2936.0,342,6.0,2.9,False
firm_2,297,31.72,132.99,30,0,342,2902957.49,7912.24,10848.24,2936.0,342,6.0,2.8,False
firm_2,298,31.72,119.69,30,0,342,2907079.03,7912.24,10848.24,2936.0,342,6.0,2.7,False
firm_2,299,31.72,107.72,30,0,342,2911559.67,7912.24,10848.24,2936.0,342,6.0,2.6,False
firm_2,300,34.89,118.49,31,0,353,2916478.65,9292.17,12316.17,3024.0,353,6.0,2.5,False
firm_2,301,31.4,106.64,32,0,365,2920707.17,8341.0,11461.0,3120.0,365,6.0,2.5,False
firm_2,302,34.54,111.97,32,0,365,2926611.23,9487.1,12607.1,3120.0,365,6.0,2.4,False
firm_2,303,31.09,100.77,32,0,365,2931414.44,8227.85,11347.85,3120.0,365,6.0,2.4,False
firm_2,304,34.2,110.85,32,0,365,2937230.24,9363.0,12483.0,3120.0,365,6.0,2.4,False
firm_2,305,35.91,116.39,33,0,376,2943083.53,10294.16,13502.16,3208.0,376,6.0,2.5,False
firm_2,306,39.5,122.21,34,0,388,2950150.39,12022.0,15326.0,3304.0,388,6.0,2.6,False
firm_2,307,43.45,122.21,34,0,388,2959349.85,13554.6,16858.6,3304.0,388,6.0,2.5,False
firm_2,308,43.45,134.43,33,0,376,2967742.86,13129.2,16337.2,3208.0,376,6.0,2.6,False
firm_2,309,43.45,120.99,32,0,365,2976410.43,12739.25,15859.25,3120.0,365,6.0,2.5,False
firm_2,310,47.8,133.09,31,0,353,2985934.04,13849.4,16873.4,3024.0,353,6.0,2.4,False
firm_2,311,45.41,126.44,32,0,365,2994842.61,13454.65,16574.65,3120.0,365,6.0,2.3,False
firm_2,312,45.41,113.8,32,0,364,3004618.25,13417.24,16529.24,3112.0,364,6.0,2.2,False
firm_2,313,45.41,113.8,32,0,364,3014193.89,13417.24,16529.24,3112.0,364,6.0,2.1,False
firm_2,314,47.68,125.18,31,0,353,3023920.35,13807.04,16831.04,3024.0,353,6.0,2.0,False
firm_2,315,52.45,137.7,31,0,353,3035142.5,15490.85,18514.85,3024.0,353,6.0,1.9,False
firm_2,316,47.21,123.93,31,0,353,3044741.8,13641.13,16665.13,3024.0,353,6.0,1.8,False
firm_2,317,49.57,136.32,31,0,353,3054890.09,14474.21,17498.21,3024.0,353,6.0,1.9,False
firm_2,318,52.05,149.95,31,0,353,3065591.29,15349.65,18373.65,3024.0,353,6.0,1.9,False
firm_2,319,54.65,164.94,32,0,364,3076293.81,16780.6,19892.6,3112.0,364,6.0,2.0,False
firm_2,320,60.12,156.69,31,0,353,3089634.78,18198.36,21222.36,3024.0,353,6.0,2.0,False
firm_2,321,66.13,164.52,31,0,353,3104654.55,20319.89,23343.89,3024.0,353,6.0,1.9,False
firm_2,322,72.74,148.07,30,0,342,3121853.53,21941.08,24877.08,2936.0,342,6.0,2.0,False
firm_2,323,76.38,148.07,31,0,353,3140701.5,23938.14,26962.14,3024.0,353,6.0,1.9,False
firm_2,324,76.38,140.67,30,0,342,3159467.36,23185.96,26121.96,2936.0,342,6.0,1.8,False
firm_2,325,80.2,133.64,30,0,342,3179950.56,24492.4,27428.4,2936.0,342,6.0,1.7,False
firm_2,326,84.21,140.32,30,0,342,3201604.78,25863.82,28799.82,2936.0,342,6.0,1.6,False
firm_2,327,88.42,154.35,29,0,330,3223467.23,26338.6,29178.6,2840.0,330,6.0,1.5,False
firm_2,328,88.42,169.78,29,0,330,3244682.21,26338.6,29178.6,2840.0,330,6.0,1.4,False
firm_2,329,97.26,152.8,28,0,319,3268477.75,28273.94,31025.94,2752.0,319,6.0,1.4,False
firm_2,330,106.99,152.8,29,0,330,3295813.25,32466.7,35306.7,2840.0,330,6.0,1.4,False
firm_2,331,112.34,168.08,29,0,330,3324971.13,34232.2,37072.2,2840.0,330,6.0,1.3,False
firm_2,332,117.96,159.68,29,0,330,3356427.21,36086.8,38926.8,2840.0,330,6.0,1.2,False
firm_2,333,117.96,175.65,29,0,330,3387120.16,36086.8,38926.8,2840.0,330,6.0,1.3,False
firm_2,334,106.16,166.87,28,0,319,3413360.84,31113.04,33865.04,2752.0,319,6.0,1.3,False
firm_2,335,111.47,166.87,29,0,330,3441966.71,33945.1,36785.1,2840.0,330,6.0,1.3,False
firm_2,336,111.47,158.53,28,0,319,3470334.8,32806.93,35558.93,2752.0,319,6.0,1.2,False
firm_2,337,111.47,174.38,27,0,307,3497091.83,31565.29,34221.29,2656.0,307,6.0,1.3,False
firm_2,338,111.47,156.94,26,0,296,3523138.51,30427.12,32995.12,2568.0,296,6.0,1.4,False
firm_2,339,100.32,149.09,25,0,284,3545430.14,26018.88,28490.88,2472.0,284,6.0,1.4,False
firm_2,340,90.29,164.0,24,0,273,3563459.31,22265.17,24649.17,2384.0,273,6.0,1.5,False
firm_2,341,85.78,155.8,24,0,273,3580454.05,21033.94,23417.94,2384.0,273,6.0,1.6,False
firm_2,342,94.36,163.59,24,0,273,3599904.17,23376.28,25760.28,2384.0,273,6.0,1.5,False
firm_2,343,89.64,171.77,25,0,284,3617895.68,22985.76,25457.76,2472.0,284,6.0,1.4,False
firm_2,344,89.64,154.59,25,0,284,3636816.69,22985.76,25457.76,2472.0,284,6.0,1.4,False
firm_2,345,94.12,139.13,25,0,284,3657596.52,24258.08,26730.08,2472.0,284,6.0,1.3,False
firm_2,346,98.83,146.09,24,0,273,3678686.95,24596.59,26980.59,2384.0,273,6.0,1.2,False
firm_2,347,103.77,160.7,23,0,261,3699486.82,24795.97,27083.97,2288.0,261,6.0,1.3,False
firm_2,348,108.96,144.63,22,0,250,3721244.96,25040.0,27240.0,2200.0,250,6.0,1.4,False
firm_2,349,119.86,137.4,22,0,250,3745887.16,27765.0,29965.0,2200.0,250,6.0,1.5,False
firm_2,350,113.87,130.53,23,0,261,3769617.04,27432.07,29720.07,2288.0,261,6.0,1.5,False
firm_2,351,108.18,117.48,23,0,261,3792661.98,25946.98,28234.98,2288.0,261,6.0,1.4,False
firm_2,352,102.77,111.61,22,0,250,3813399.06,23492.5,25692.5,2200.0,250,6.0,1.5,False
firm_2,353,97.63,111.61,23,0,261,3833525.46,23193.43,25481.43,2288.0,261,6.0,1.4,False
firm_2,354,107.39,111.61,23,0,261,3856399.22,25740.79,28028.79,2288.0,261,6.0,1.5,False
firm_2,355,112.76,100.45,22,0,250,3879879.32,25990.0,28190.0,2200.0,250,6.0,1.6,False
firm_2,356,107.12,90.4,23,0,261,3902770.44,25670.32,27958.32,2288.0,261,6.0,1.5,False
firm_2,357,96.41,99.44,23,0,261,3923258.33,22875.01,25163.01,2288.0,261,6.0,1.6,False
firm_2,358,106.05,109.38,24,0,272,3946402.81,26469.6,28845.6,2376.0,272,6.0,1.5,False
firm_2,359,116.66,98.44,24,0,272,3973395.77,29355.52,31731.52,2376.0,272,6.0,1.4,False
firm_2,360,122.49,98.44,24,0,272,4001874.49,30941.28,33317.28,2376.0,272,6.0,1.5,False
firm_2,361,116.37,108.28,23,0,261,4027268.62,28084.57,30372.57,2288.0,261,6.0,1.4,False
firm_2,362,116.37,113.69,23,0,261,4052538.32,28084.57,30372.57,2288.0,261,6.0,1.3,False
firm_2,363,122.19,113.69,22,0,249,4078070.45,28233.31,30425.31,2192.0,249,6.0,1.2,False
firm_2,364,122.19,108.01,23,0,261,4104489.81,29603.59,31891.59,2288.0,261,6.0,1.1,False
firm_2,365,109.97,108.01,22,0,249,4127104.12,25190.53,27382.53,2192.0,249,6.0,1.1,False
firm_3,1,24.02,27.79,25,0,289,113885.42,6053.96,6941.78,887.82,289,0.38,0.34,False
firm_3,2,24.02,30.57,26,0,302,118925.88,6335.28,7254.04,918.76,302,0.38,0.34,False
firm_3,3,26.42,30.57,25,0,290,124718.73,6757.1,7661.8,904.7,290,0.43,0.24,False
firm_3,4,29.06,32.1,26,0,302,131011.29,7827.16,8776.12,948.96,302,0.48,0.14,False
firm_3,5,31.97,33.71,27,0,314,138560.98,9059.86,10038.58,978.72,314,0.48,0.24,False
firm_3,6,33.57,33.71,27,0,314,147213.07,9562.26,10540.98,978.72,314,0.48,0.24,False
firm_3,7,30.21,30.34,27,0,314,154901.11,8507.22,9485.94,978.72,314,0.48,0.24,False
firm_3,8,33.23,31.86,27,0,312,163334.89,9394.0,10367.76,973.76,312,0.48,0.34,False
firm_3,9,34.89,33.45,26,0,302,171837.91,9572.72,10536.78,964.06,302,0.53,0.34,False
firm_3,10,38.38,31.78,25,0,289,181204.06,10160.65,11091.82,931.17,289,0.53,0.34,False
firm_3,11,40.3,31.78,25,0,290,191162.86,10753.3,11687.0,933.7,290,0.53,0.24,False
firm_3,12,44.33,34.96,25,0,290,202210.86,11922.0,12855.7,933.7,290,0.53,0.14,False
firm_3,13,46.55,38.46,25,0,290,213715.16,12565.8,13499.5,933.7,290,0.53,0.24,False
firm_3,14,48.88,34.61,26,0,301,226066.65,13751.35,14712.88,961.53,301,0.53,0.24,False
firm_3,15,53.77,36.34,26,0,301,240130.0,15208.19,16184.77,976.58,301,0.58,0.24,False
firm_3,16,56.46,34.52,27,0,312,255308.52,16610.56,17615.52,1004.96,312,0.58,0.14,False
firm_3,17,62.11,36.25,28,0,324,272781.24,19087.72,20123.64,1035.92,324,0.58,0.24,False
firm_3,18,68.32,39.88,28,0,324,292764.36,21099.76,22135.68,1035.92,324,0.58,0.24,False
firm_3,19,75.15,37.89,27,0,312,313867.57,22426.24,23446.8,1020.56,312,0.63,0.34,False
firm_3,20,82.66,41.68,26,0,301,336572.92,23889.03,24880.66,991.63,301,0.63,0.44,False
firm_3,21,74.39,41.68,26,0,301,356789.0,21399.76,22391.39,991.63,301,0.63,0.54,False
firm_3,22,70.67,37.51,27,0,312,376204.71,21028.48,22049.04,1020.56,312,0.63,0.64,False
firm_3,23,77.74,39.39,27,0,312,398159.9,23218.72,24254.88,1036.16,312,0.68,0.54,False
firm_3,24,85.51,39.39,28,0,323,423011.07,26554.09,27619.73,1065.64,323,0.68,0.64,False
firm_3,25,89.79,41.36,27,0,312,448772.67,26978.32,28014.48,1036.16,312,0.68,0.74,False
firm_3,26,98.77,39.29,27,0,312,477491.92,29780.08,30816.24,1036.16,312,0.68,0.64,False
firm_3,27,108.65,41.25,28,0,324,509755.0,34118.08,35202.6,1084.52,324,0.73,0.64,False
firm_3,28,103.22,41.25,28,0,324,540742.56,32342.56,33443.28,1100.72,324,0.78,0.54,False
firm_3,29,108.38,39.19,29,0,335,574282.05,35176.0,36307.3,1131.3,335,0.78,0.44,False
firm_3,30,119.22,39.19,30,0,347,612811.03,40204.68,41369.34,1164.66,347,0.78,0.34,False
firm_3,31,125.18,41.15,31,0,358,654336.68,43601.3,44814.44,1213.14,358,0.83,0.44,False
firm_3,32,112.66,39.09,31,0,358,692026.13,39101.24,40332.28,1231.04,358,0.88,0.34,False
firm_3,33,118.29,39.09,31,0,358,731931.12,41116.78,42347.82,1231.04,358,0.88,0.24,False
firm_3,34,106.46,35.18,31,0,358,767722.18,36881.64,38112.68,1231.04,358,0.88,0.24,False
firm_3,35,95.81,33.42,32,0,370,800018.34,34165.6,35449.7,1284.1,370,0.93,0.34,False
firm_3,36,86.23,33.42,33,0,382,830036.08,31620.6,32939.86,1319.26,382,0.93,0.24,False
firm_3,37,94.85,33.42,32,0,370,862777.04,33810.4,35094.5,1284.1,370,0.93,0.14,False
firm_3,38,85.36,31.75,33,0,382,892298.45,31269.16,32607.52,1338.36,382,0.98,0.14,False
firm_3,39,89.63,31.75,34,0,392,924266.15,33747.2,35134.96,1387.76,392,1.03,0.14,False
firm_3,40,94.11,31.75,35,0,404,959031.02,36576.12,38020.44,1444.32,404,1.08,0.14,False
firm_3,41,84.7,34.93,34,0,393,989500.41,31857.01,33287.1,1430.09,393,1.13,0.1,False
firm_3,42,93.17,34.93,34,0,393,1023498.51,35185.72,36615.81,1430.09,393,1.13,0.1,False
firm_3,43,93.17,38.42,33,0,381,1056235.89,34105.24,35497.77,1392.53,381,1.13,0.2,False
firm_3,44,102.49,38.42,34,0,393,1093278.09,38848.48,40278.57,1430.09,393,1.13,0.2,False
firm_3,45,112.74,38.42,33,0,381,1133352.59,41542.36,42953.94,1411.58,381,1.18,0.1,False
firm_3,46,124.01,38.42,34,0,392,1178492.07,47145.76,48611.92,1466.16,392,1.23,0.1,False
firm_3,47,130.21,40.34,35,0,404,1227680.09,51099.92,52604.84,1504.92,404,1.23,0.1,False
firm_3,48,117.19,40.34,36,0,415,1272600.5,47072.65,48633.85,1561.2,415,1.28,0.1,False
firm_3,49,128.91,40.34,36,0,414,1322638.38,51790.12,53368.74,1578.62,414,1.33,0.2,False
firm_3,50,128.91,40.34,37,0,426,1373721.58,53275.78,54915.66,1639.88,426,1.38,0.2,False
firm_3,51,141.8,40.34,38,0,437,1431978.2,60289.54,61966.6,1677.06,437,1.38,0.1,False
firm_3,52,141.8,38.32,39,0,449,1491934.3,61950.58,63668.2,1717.62,449,1.38,0.1,False
firm_3,53,155.98,40.24,40,0,460,1559820.7,69996.0,71750.8,1754.8,460,1.38,0.1,False
firm_3,54,155.98,38.23,40,0,460,1628287.5,69996.0,71750.8,1754.8,460,1.38,0.1,False
firm_3,55,171.58,36.32,41,0,472,1705488.78,79190.4,80985.76,1795.36,472,1.38,0.1,False
firm_3,56,188.74,34.5,41,0,470,1790769.98,86895.7,88707.8,1812.1,470,1.43,0.1,False
firm_3,57,179.3,32.78,42,0,481,1872962.64,84369.42,86243.3,1873.88,481,1.48,0.2,False
firm_3,58,161.37,32.78,42,0,481,1947330.97,75745.09,77618.97,1873.88,481,1.48,0.2,False
firm_3,59,177.51,32.78,43,0,493,2031018.22,85596.79,87512.43,1915.64,493,1.48,0.1,False
firm_3,60,168.63,34.42,44,0,504,2112039.34,83035.6,84989.52,1953.92,504,1.48,0.1,False
firm_3,61,168.63,34.42,43,0,492,2191288.48,81029.2,82965.96,1936.76,492,1.53,0.2,False
firm_3,62,160.2,34.42,44,0,504,2267810.48,78736.48,80740.8,2004.32,504,1.58,0.2,False
firm_3,63,160.2,36.14,43,0,493,2343270.12,77013.66,78978.6,1964.94,493,1.58,0.1,False
firm_3,64,144.18,32.53,42,0,481,2409108.41,67404.55,69350.58,1946.03,481,1.63,0.1,False
firm_3,65,129.76,35.78,41,0,470,2466722.53,59081.1,60987.2,1906.1,470,1.63,0.1,False
firm_3,66,136.25,39.36,40,0,458,2525588.09,60539.96,62402.5,1862.54,458,1.63,0.2,False
firm_3,67,143.06,43.3,41,0,472,2588823.75,65610.96,67524.32,1913.36,472,1.63,0.3,False
firm_3,68,150.21,45.46,41,0,472,2655945.65,68985.76,70899.12,1913.36,472,1.63,0.3,False
firm_3,69,135.19,40.91,41,0,470,2715901.54,61633.2,63539.3,1906.1,470,1.63,0.2,False
firm_3,70,141.95,45.0,40,0,458,2777029.2,63127.66,65013.1,1885.44,458,1.68,0.2,False
firm_3,71,134.85,40.5,41,0,469,2835963.98,61295.28,63244.65,1949.37,469,1.73,0.1,False
firm_3,72,148.34,40.5,40,0,458,2900375.36,66031.38,67939.72,1908.34,458,1.73,0.1,False
firm_3,73,155.76,42.52,41,0,469,2969010.66,71078.62,73051.44,1972.82,469,1.78,0.1,False
firm_3,74,155.76,44.65,40,0,458,3036308.6,69383.94,71338.08,1954.14,458,1.83,0.2,False
firm_3,75,155.76,40.18,41,0,469,3105216.39,71055.17,73051.44,1996.27,469,1.83,0.1,False
firm_3,76,155.76,40.18,40,0,458,3172993.13,69383.94,71338.08,1954.14,458,1.83,0.1,False
firm_3,77,147.97,38.17,39,0,446,3235590.94,64086.44,65994.62,1908.18,446,1.83,0.1,False
firm_3,78,140.57,38.17,39,0,446,3294666.05,60763.74,62694.22,1930.48,446,1.88,0.1,False
firm_3,79,133.54,36.26,39,0,446,3350880.27,57628.36,59558.84,1930.48,446,1.88,0.1,False
firm_3,80,120.19,38.07,40,0,458,3401604.55,53047.08,55047.02,1999.94,458,1.93,0.2,False
firm_3,81,132.21,39.97,41,0,469,3459429.1,59963.32,62006.49,2043.17,469,1.93,0.2,False
firm_3,82,145.43,35.97,40,0,458,3522597.3,64607.0,66606.94,1999.94,458,1.93,0.2,False
firm_3,83,152.7,34.17,39,0,446,3587416.09,66151.42,68104.2,1952.78,446,1.93,0.2,False
firm_3,84,137.43,32.46,39,0,446,3645268.85,59318.7,61293.78,1975.08,446,1.98,0.1,False
firm_3,85,151.17,29.21,39,0,446,3709576.4,65446.74,67421.82,1975.08,446,1.98,0.1,False
firm_3,86,166.29,32.13,39,0,446,3780291.29,72167.96,74165.34,1997.38,446,2.03,0.1,False
firm_3,87,157.98,30.52,39,0,446,3847562.71,68461.7,70459.08,1997.38,446,2.03,0.1,False
firm_3,88,150.08,28.99,40,0,457,3912447.96,66544.85,68586.56,2041.71,457,2.03,0.1,False
firm_3,89,165.09,27.54,40,0,457,3984650.78,73404.42,75446.13,2041.71,457,2.03,0.2,False
firm_3,90,181.6,24.79,40,0,457,4064385.82,80926.64,82991.2,2064.56,457,2.08,0.1,False
firm_3,91,199.76,24.79,41,0,468,4153924.27,91354.84,93487.68,2132.84,468,2.13,0.2,False
firm_3,92,199.76,24.79,41,0,468,4243939.32,91331.44,93487.68,2156.24,468,2.18,0.3,False
firm_3,93,219.74,23.55,42,0,479,4345503.46,103053.24,105255.46,2202.22,479,2.18,0.2,False
firm_3,94,208.75,24.73,42,0,479,4442253.83,97789.03,99991.25,2202.22,479,2.18,0.1,False
firm_3,95,198.31,24.73,41,0,467,4531598.61,90458.71,92610.77,2152.06,467,2.18,0.2,False
firm_3,96,188.39,23.49,41,0,467,4616461.59,85826.07,87978.13,2152.06,467,2.18,0.2,False
firm_3,97,178.97,24.66,40,0,455,4694481.89,79306.7,81431.35,2124.65,455,2.23,0.3,False
firm_3,98,170.02,27.13,41,0,467,4769870.14,77200.58,79399.34,2198.76,467,2.28,0.2,False
firm_3,99,178.52,29.84,41,0,468,4849991.02,81344.32,83547.36,2203.04,468,2.28,0.2,False
firm_3,100,169.59,32.82,41,0,467,4925645.17,76999.77,79198.53,2198.76,467,2.28,0.2,False
firm_3,101,161.11,29.54,42,0,479,4998502.11,74897.62,77171.69,2274.07,479,2.33,0.3,False
firm_3,102,169.17,32.49,41,0,467,5073950.3,76780.28,79002.39,2222.11,467,2.33,0.3,False
firm_3,103,186.09,32.49,41,0,467,5156976.78,84658.57,86904.03,2245.46,467,2.38,0.4,False
firm_3,104,204.7,35.74,40,0,456,5246470.3,91123.12,93343.2,2220.08,456,2.43,0.4,False
firm_3,105,214.94,39.31,40,0,456,5340590.46,95792.56,98012.64,2220.08,456,2.43,0.5,False
firm_3,106,236.43,39.31,41,0,467,5446522.75,108144.0,110412.81,2268.81,467,2.43,0.6,False
firm_3,107,260.07,39.31,41,0,467,5563871.57,119160.53,121452.69,2292.16,467,2.48,0.6,False
firm_3,108,234.06,37.34,40,0,455,5666414.12,104236.15,106497.3,2261.15,455,2.53,0.5,False
firm_3,109,257.47,37.34,41,0,467,5782082.81,117899.63,120238.49,2338.86,467,2.58,0.4,False
firm_3,110,283.22,37.34,41,0,470,5911312.67,130760.8,133113.4,2352.6,470,2.58,0.4,False
firm_3,111,269.06,39.21,41,0,470,6033810.66,124105.6,126458.2,2352.6,470,2.58,0.4,False
firm_3,112,282.51,43.13,40,0,458,6159177.4,127091.94,129389.58,2297.64,458,2.58,0.4,False
firm_3,113,268.38,43.13,40,0,458,6277972.6,120620.4,122918.04,2297.64,458,2.58,0.5,False
firm_3,114,268.38,47.44,39,0,447,6393841.04,117718.6,119965.86,2247.26,447,2.58,0.5,False
firm_3,115,295.22,52.18,40,0,458,6524166.96,132913.12,135210.76,2297.64,458,2.58,0.5,False
firm_3,116,309.98,52.18,39,0,447,6658123.39,136291.45,138561.06,2269.61,447,2.63,0.6,False
firm_3,117,340.98,52.18,40,0,458,6809384.49,153848.3,156168.84,2320.54,458,2.63,0.6,False
firm_3,118,375.08,49.57,40,0,458,6976867.79,169466.1,171786.64,2320.54,458,2.63,0.6,False
firm_3,119,356.33,49.57,41,0,470,7139334.42,165099.0,167475.1,2376.1,470,2.63,0.7,False
firm_3,120,320.7,44.61,40,0,458,7281887.18,144537.16,146880.6,2343.44,458,2.68,0.6,False
firm_3,121,352.77,46.84,39,0,447,7435356.65,155396.23,157688.19,2291.96,447,2.68,0.7,False
firm_3,122,388.05,49.18,40,0,458,7608272.91,175383.46,177726.9,2343.44,458,2.68,0.6,False
firm_3,123,368.65,46.72,41,0,470,7776499.79,170842.4,173265.5,2423.1,470,2.73,0.6,False
firm_3,124,350.22,46.72,40,0,458,7932342.51,158011.52,160400.76,2389.24,458,2.78,0.7,False
firm_3,125,332.71,51.39,40,0,458,8079955.95,149969.04,152381.18,2412.14,458,2.83,0.8,False
firm_3,126,365.98,48.82,40,0,458,8242986.95,165183.8,167618.84,2435.04,458,2.88,0.8,False
firm_3,127,402.58,51.26,39,0,447,8418559.71,177571.9,179953.26,2381.36,447,2.88,0.7,False
firm_3,128,422.71,48.7,40,0,458,8607277.85,191166.14,193601.18,2435.04,458,2.88,0.7,False
firm_3,129,401.57,48.7,40,0,458,8786813.87,181484.02,183919.06,2435.04,458,2.88,0.7,False
firm_3,130,381.49,53.57,40,0,458,8956858.45,172287.38,174722.42,2435.04,458,2.88,0.8,False
firm_3,131,419.64,50.89,41,166,469,9077880.71,123808.75,127150.92,3342.17,303,2.93,0.7,False
firm_3,132,398.66,50.89,42,325,481,9199091.47,124148.14,128368.52,4220.38,322,2.98,0.8,False
firm_3,133,398.66,55.98,42,235,481,9420504.79,223864.48,227634.86,3770.38,571,2.98,0.9,False
firm_3,134,398.66,55.98,42,185,481,9626097.66,208144.03,211688.46,3544.43,531,3.03,0.9,False
firm_3,135,438.53,61.58,42,663,481,9618668.41,-4642.89,1315.59,5958.48,3,3.08,0.8,False
firm_3,136,394.68,64.66,41,748,469,9761251.95,145234.6,151557.12,6322.52,384,3.08,0.7,False
firm_3,137,355.21,61.43,40,183,458,10118510.04,359915.29,363379.83,3464.54,1023,3.13,0.7,False
firm_3,138,355.21,58.36,39,379,446,10200431.22,84397.22,88802.5,4405.28,250,3.18,0.6,False
firm_3,139,319.69,55.44,38,250,435,10374704.61,176580.11,180305.16,3725.05,564,3.23,0.5,False
firm_3,140,335.67,49.9,39,696,446,10366245.93,-6012.58,0.0,6012.58,0,3.23,0.4,False
firm_3,141,335.67,47.4,38,1131,435,10356092.93,-8151.8,0.0,8151.8,0,3.28,0.4,False
firm_3,142,302.1,47.4,39,1098,446,10490083.05,136638.72,144705.9,8067.18,479,3.33,0.5,False
firm_3,143,287.0,49.77,38,1124,435,10597436.24,109244.45,117383.0,8138.55,409,3.33,0.4,False
firm_3,144,258.3,54.75,39,0,446,10997754.81,402953.82,405531.0,2577.18,1570,3.33,0.3,False
firm_3,145,284.13,60.22,40,107,458,11091399.5,96553.49,99729.63,3176.14,351,3.33,0.3,False
firm_3,146,255.72,60.22,41,0,469,11233025.43,144594.95,147294.72,2699.77,576,3.33,0.2,False
firm_3,147,281.29,63.23,41,128,469,11322789.67,92556.67,95919.89,3363.22,341,3.38,0.1,False
firm_3,148,267.23,69.55,42,500,481,11342884.81,23816.24,29128.07,5311.83,109,3.43,0.2,False
firm_3,149,253.87,69.55,42,461,483,11467132.01,127368.3,132520.14,5151.84,522,3.48,0.2,False
firm_3,150,228.48,69.55,43,0,494,11678707.94,215266.58,218198.4,2931.82,955,3.53,0.1,False
firm_3,151,217.06,69.55,43,0,494,11779788.41,104271.12,107227.64,2956.52,494,3.58,0.1,False
firm_3,152,238.77,66.07,44,144,503,11858147.87,81966.54,85718.43,3751.89,359,3.63,0.1,False
firm_3,153,226.83,62.77,45,17,515,11997037.88,142414.66,145624.86,3210.2,642,3.68,0.1,False
firm_3,154,215.49,59.63,44,0,503,12103186.77,108972.61,112054.8,3082.19,520,3.73,0.1,False
firm_3,155,204.72,53.67,43,0,492,12198582.04,97703.08,100722.24,3019.16,492,3.73,0.1,False
firm_3,156,184.25,50.99,42,0,480,12281930.06,85489.6,88440.0,2950.4,480,3.73,0.1,False
firm_3,157,175.04,50.99,43,0,491,12362168.7,82931.21,85944.64,3013.43,491,3.73,0.1,False
firm_3,158,183.79,48.44,42,0,480,12445079.02,85244.8,88219.2,2974.4,480,3.78,0.2,False
firm_3,159,174.6,46.02,43,0,491,12525066.23,82666.07,85728.6,3062.53,491,3.83,0.2,False
firm_3,160,192.06,46.02,43,0,491,12614326.3,91238.93,94301.46,3062.53,491,3.83,0.1,False
firm_3,161,172.85,41.42,44,0,503,12695589.73,83785.91,86943.55,3157.64,503,3.88,0.1,False
firm_3,162,190.14,45.56,43,0,491,12783677.76,90247.11,93358.74,3111.63,491,3.93,0.1,False
firm_3,163,209.15,41.0,43,61,491,12868208.08,86493.32,89934.5,3441.18,430,3.98,0.1,False
firm_3,164,198.69,38.95,42,0,480,12970769.07,104396.89,107491.29,3094.4,541,4.03,0.1,False
firm_3,165,188.76,35.06,42,0,480,13056706.95,87510.4,90604.8,3094.4,480,4.03,0.2,False
firm_3,166,169.88,33.31,43,0,491,13134800.42,80225.8,83411.08,3185.28,491,4.08,0.2,False
firm_3,167,178.37,33.31,44,0,502,13218899.26,86264.48,89541.74,3277.26,502,4.13,0.1,False
firm_3,168,169.45,31.64,44,0,502,13298968.64,81761.54,85063.9,3302.36,502,4.18,0.2,False
firm_3,169,186.4,34.8,44,0,502,13387382.78,90245.34,93572.8,3327.46,502,4.23,0.3,False
firm_3,170,177.08,34.8,44,0,502,13471193.18,85541.6,88894.16,3352.56,502,4.28,0.3,False
firm_3,171,194.79,31.32,45,0,514,13565752.22,96668.44,100122.06,3453.62,514,4.33,0.2,False
firm_3,172,185.05,29.75,44,0,502,13653735.56,89492.34,92895.1,3402.76,502,4.38,0.1,False
firm_3,173,175.8,32.72,45,0,513,13738149.97,86686.81,90185.4,3498.59,513,4.43,0.2,False
firm_3,174,158.22,29.45,45,0,514,13814544.78,77820.06,81325.08,3505.02,514,4.43,0.3,False
firm_3,175,174.04,26.5,46,0,522,13899892.1,87266.32,90848.88,3582.56,522,4.48,0.3,False
firm_3,176,165.34,23.85,46,0,522,13981419.92,82724.92,86307.48,3582.56,522,4.48,0.4,False
firm_3,177,181.87,26.24,47,0,533,14072869.51,93282.87,96936.71,3653.84,533,4.48,0.5,False
firm_3,178,200.06,24.93,48,280,544,14118863.59,47690.72,52815.84,5125.12,264,4.48,0.5,False
firm_3,179,190.06,24.93,48,643,544,14144900.49,27433.54,34400.86,6967.32,181,4.53,0.4,False
firm_3,180,199.56,24.93,48,1088,544,14154267.97,10564.12,19756.44,9192.32,99,4.53,0.4,False
firm_3,181,179.6,24.93,49,1036,556,14252632.52,100186.12,109196.8,9010.68,608,4.53,0.5,False
firm_3,182,179.6,23.68,49,1149,555,14321286.25,69814.05,79383.2,9569.15,442,4.53,0.4,False
firm_3,183,161.64,21.31,48,0,544,14590167.57,269904.2,273656.52,3752.32,1693,4.53,0.4,False
firm_3,184,177.8,23.44,48,118,544,14660215.73,71373.28,75742.8,4369.52,426,4.58,0.4,False
firm_3,185,160.02,21.1,49,0,555,14762523.39,103841.56,107693.46,3851.9,673,4.58,0.3,False
firm_3,186,176.02,20.05,50,113,566,14836268.67,75247.78,79737.06,4489.28,453,4.58,0.2,False
firm_3,187,158.42,19.05,50,0,566,14938959.07,103642.9,107567.18,3924.28,679,4.58,0.2,False
firm_3,188,174.26,19.05,51,46,577,15025792.92,88305.4,92532.06,4226.66,531,4.58,0.1,False
firm_3,189,191.69,19.05,51,409,577,15059472.52,34951.15,41021.66,6070.51,214,4.63,0.2,False
firm_3,190,210.86,17.14,50,908,566,15064022.26,5606.74,14127.62,8520.88,67,4.68,0.2,False
firm_3,191,189.77,17.14,51,1398,577,15067784.9,5436.78,16509.99,11073.21,87,4.73,0.3,False
firm_3,192,180.28,15.43,52,1710,589,15103476.68,37194.14,49937.56,12743.42,277,4.78,0.2,False
firm_3,193,162.25,16.97,53,1195,600,15272743.02,170665.75,180908.75,10243.0,1115,4.78,0.1,False
firm_3,194,146.02,15.27,54,0,612,15530696.62,259478.18,263858.14,4379.96,1807,4.83,0.1,False
firm_3,195,160.62,13.74,54,0,612,15623543.54,93888.88,98299.44,4410.56,612,4.88,0.2,False
firm_3,196,160.62,14.43,55,0,623,15717598.76,95548.87,100066.26,4517.39,623,4.93,0.2,False
firm_3,197,168.65,12.99,54,240,610,15773570.5,56773.2,62400.5,5627.3,370,4.93,0.3,False
firm_3,198,151.78,11.69,54,0,610,15897524.94,124585.7,129013.0,4427.3,850,4.93,0.2,False
firm_3,199,144.19,12.27,54,0,610,15980390.96,83528.6,87955.9,4427.3,610,4.93,0.2,False
firm_3,200,151.4,11.66,53,0,598,16065636.14,86163.16,90537.2,4374.04,598,4.98,0.3,False
firm_3,201,143.83,10.49,54,0,610,16147617.68,83248.0,87736.3,4488.3,610,5.03,0.3,False
firm_3,202,136.64,11.01,54,0,609,16225755.63,78732.49,83213.76,4481.27,609,5.03,0.3,False
firm_3,203,129.81,10.46,55,0,621,16300495.66,76015.33,80612.01,4596.68,621,5.08,0.2,False
firm_3,204,142.79,10.98,55,0,623,16384239.09,84347.33,88958.17,4610.84,623,5.08,0.1,False
firm_3,205,135.65,10.0,55,0,622,16463459.63,79770.54,84374.3,4603.76,622,5.08,0.1,False
firm_3,206,128.87,10.5,54,0,611,16536875.77,74183.14,78739.57,4556.43,611,5.13,0.1,False
firm_3,207,122.43,10.0,55,0,621,16607227.07,71401.3,76029.03,4627.73,621,5.13,0.1,False
firm_3,208,110.19,10.0,54,0,607,16669044.49,62357.42,66885.33,4527.91,607,5.13,0.1,False
firm_3,209,115.7,10.0,53,0,598,16733139.35,64724.86,69188.6,4463.74,598,5.13,0.2,False
firm_3,210,121.49,10.5,53,0,600,16800898.85,68416.0,72894.0,4478.0,600,5.13,0.3,False
firm_3,211,115.42,10.0,52,0,587,16863745.08,63366.23,67751.54,4385.31,587,5.13,0.2,False
firm_3,212,126.96,11.0,52,0,588,16933433.12,70260.04,74652.48,4392.44,588,5.13,0.1,False
firm_3,213,133.31,10.0,51,0,576,17005174.0,72450.88,76786.56,4335.68,576,5.18,0.1,False
firm_3,214,126.64,11.0,52,0,590,17074383.4,70281.4,74717.6,4436.2,590,5.18,0.1,False
firm_3,215,139.3,10.45,52,0,589,17151458.68,77618.68,82047.7,4429.02,589,5.18,0.1,False
firm_3,216,132.34,10.0,51,0,578,17223091.16,72142.48,76492.52,4350.04,578,5.18,0.1,False
firm_3,217,132.34,10.5,51,0,572,17293618.58,71362.92,75698.48,4335.56,572,5.23,0.2,False
firm_3,218,145.57,11.02,50,0,566,17371068.02,78100.44,82392.62,4292.18,566,5.23,0.3,False
firm_3,219,138.29,12.12,51,0,577,17445371.52,75421.62,79793.33,4371.71,577,5.23,0.2,False
firm_3,220,131.38,12.12,52,0,589,17516936.18,72894.9,77382.82,4487.92,589,5.28,0.1,False
firm_3,221,124.81,12.12,51,0,577,17583932.87,67614.81,72015.37,4400.56,577,5.28,0.1,False
firm_3,222,118.57,11.51,52,0,587,17647732.23,65097.88,69600.59,4502.71,587,5.33,0.1,False
firm_3,223,112.64,10.93,51,0,572,17707212.12,60037.32,64430.08,4392.76,572,5.33,0.1,False
firm_3,224,107.01,12.02,52,0,584,17764100.2,58013.12,62493.84,4480.72,584,5.33,0.1,False
firm_3,225,117.71,10.82,52,0,583,17827589.1,64151.54,68624.93,4473.39,583,5.33,0.2,False
firm_3,226,129.48,11.36,51,0,572,17896450.94,69641.2,74062.56,4421.36,572,5.38,0.1,False
firm_3,227,129.48,10.22,50,0,560,17963887.94,68148.0,72508.8,4360.8,560,5.43,0.1,False
firm_3,228,123.01,10.0,50,0,560,18027912.74,64524.8,68885.6,4360.8,560,5.43,0.1,False
firm_3,229,116.86,10.0,50,0,560,18088493.54,61080.8,65441.6,4360.8,560,5.43,0.1,False
firm_3,230,105.17,10.0,50,0,560,18142299.94,54506.4,58895.2,4388.8,560,5.48,0.1,False
firm_3,231,110.43,10.0,49,0,549,18198129.49,56319.55,60626.07,4306.52,549,5.48,0.1,False
firm_3,232,110.43,10.0,50,0,560,18254353.49,57424.0,61840.8,4416.8,560,5.53,0.1,False
firm_3,233,104.91,10.0,49,0,550,18307222.49,53359.0,57700.5,4341.5,550,5.53,0.1,False
firm_3,234,115.4,11.0,49,0,550,18365584.49,59101.0,63470.0,4369.0,550,5.58,0.1,False
firm_3,235,121.17,12.1,49,0,557,18427733.37,63041.78,67491.69,4449.91,557,5.63,0.2,False
firm_3,236,133.29,11.5,50,0,568,18497833.25,71174.88,75708.72,4533.84,568,5.63,0.2,False
firm_3,237,146.62,12.65,50,0,569,18575857.61,78856.86,83426.78,4569.92,569,5.68,0.1,False
firm_3,238,139.29,12.65,50,0,569,18649911.2,74686.09,79256.01,4569.92,569,5.68,0.1,False
firm_3,239,146.25,12.65,50,0,564,18727232.18,77953.48,82485.0,4531.52,564,5.68,0.1,False
firm_3,240,160.88,12.02,50,0,565,18812989.18,86358.0,90897.2,4539.2,565,5.68,0.1,False
firm_3,241,152.84,10.82,49,0,550,18892097.0,79638.0,84062.0,4424.0,550,5.68,0.1,False
firm_3,242,168.12,10.0,48,0,542,18978148.38,86731.38,91121.04,4389.66,542,5.73,0.1,False
firm_3,243,168.12,10.0,48,0,542,19064299.76,86731.38,91121.04,4389.66,542,5.73,0.2,False
firm_3,244,184.93,10.5,47,0,530,19157522.26,93716.0,98012.9,4296.9,530,5.73,0.1,False
firm_3,245,175.68,10.0,47,0,530,19245639.26,88787.0,93110.4,4323.4,530,5.78,0.1,False
firm_3,246,193.25,10.0,48,537,537,19237369.55,-7089.71,0.0,7089.71,0,5.83,0.1,False
firm_3,247,173.92,10.0,48,0,537,19419174.92,182385.37,186790.08,4404.71,1074,5.83,0.2,False
firm_3,248,156.53,11.0,47,0,526,19496347.82,77989.9,82334.78,4344.88,526,5.88,0.3,False
firm_3,249,172.18,12.1,47,0,534,19583088.62,87509.5,91944.12,4434.62,534,5.93,0.2,False
firm_3,250,189.4,10.89,46,518,518,19575464.04,-6923.64,0.0,6923.64,0,5.98,0.2,False
firm_3,251,179.93,10.35,45,691,511,19627871.63,53073.34,60816.34,7743.0,338,6.0,0.2,False
firm_3,252,161.94,10.87,45,0,511,19817446.36,190363.88,194651.88,4288.0,1202,6.0,0.3,False
firm_3,253,153.84,10.0,45,0,507,19890537.24,73740.88,77996.88,4256.0,507,6.0,0.3,False
firm_3,254,169.22,10.5,45,0,511,19972148.16,82183.42,86471.42,4288.0,511,6.0,0.4,False
firm_3,255,160.76,10.5,46,0,518,20049894.84,78929.68,83273.68,4344.0,518,6.0,0.4,False
firm_3,256,152.72,11.02,46,0,522,20124431.76,75343.84,79719.84,4376.0,522,6.0,0.5,False
firm_3,257,145.08,10.0,46,0,518,20194579.2,70807.44,75151.44,4344.0,518,6.0,0.5,False
firm_3,258,137.83,11.0,47,0,533,20262361.59,68999.39,73463.39,4464.0,533,6.0,0.4,False
firm_3,259,151.61,12.1,47,0,533,20338137.02,76344.13,80808.13,4464.0,533,6.0,0.3,False
firm_3,260,166.77,13.31,48,0,546,20423486.56,86488.42,91056.42,4568.0,546,6.0,0.3,False
firm_3,261,158.43,14.64,48,0,546,20504718.62,81934.78,86502.78,4568.0,546,6.0,0.2,False
firm_3,262,166.35,15.37,48,0,546,20590239.96,86259.1,90827.1,4568.0,546,6.0,0.1,False
firm_3,263,182.98,15.37,48,0,546,20684741.28,95339.08,99907.08,4568.0,546,6.0,0.2,False
firm_3,264,173.83,14.6,48,0,546,20774383.66,90343.18,94911.18,4568.0,546,6.0,0.2,False
firm_3,265,165.14,15.33,47,0,535,20857533.05,83869.9,88349.9,4480.0,535,6.0,0.1,False
firm_3,266,181.65,14.56,46,241,523,20902299.59,45636.3,51225.3,5589.0,282,6.0,0.1,False
firm_3,267,163.49,13.83,47,0,535,21023337.82,122388.24,126868.24,4480.0,776,6.0,0.1,False
firm_3,268,171.66,15.21,46,0,523,21107932.34,85394.18,89778.18,4384.0,523,6.0,0.2,False
firm_3,269,163.08,16.73,47,0,534,21189258.75,82612.72,87084.72,4472.0,534,6.0,0.1,False
firm_3,270,163.08,17.57,48,0,546,21272389.07,84473.68,89041.68,4568.0,546,6.0,0.1,False
firm_3,271,179.39,17.57,47,462,534,21277497.36,6134.08,12916.08,6782.0,72,6.0,0.1,False
firm_3,272,161.45,16.69,47,0,534,21432745.13,156332.2,160804.2,4472.0,996,6.0,0.2,False
firm_3,273,169.52,16.69,47,476,534,21434640.86,2980.16,9832.16,6852.0,58,6.0,0.3,False
firm_3,274,169.52,18.36,47,1010,534,21424155.94,-9522.0,0.0,9522.0,0,6.0,0.4,False
firm_3,275,152.57,16.52,46,0,523,21652701.83,229505.81,233889.81,4384.0,1533,6.0,0.3,False
firm_3,276,167.83,16.52,45,0,512,21733591.39,81632.96,85928.96,4296.0,512,6.0,0.3,False
firm_3,277,159.44,17.35,44,0,500,21808347.99,75520.0,79720.0,4200.0,500,6.0,0.2,False
firm_3,278,175.38,17.35,43,406,489,21815816.48,8414.54,14556.54,6142.0,83,6.0,0.1,False
firm_3,279,157.84,16.48,43,0,489,21952262.64,137154.8,141266.8,4112.0,895,6.0,0.1,False
firm_3,280,165.73,14.83,43,0,489,22028354.92,76929.97,81041.97,4112.0,489,6.0,0.1,False
firm_3,281,182.3,14.09,42,0,477,22110404.24,82941.1,86957.1,4016.0,477,6.0,0.2,False
firm_3,282,200.53,14.09,41,466,466,22103568.55,-6258.0,0.0,6258.0,0,6.0,0.1,False
firm_3,283,190.5,14.09,42,275,478,22224522.27,122045.5,127444.5,5399.0,669,6.0,0.1,False
firm_3,284,190.5,12.68,41,0,461,22360222.39,136320.0,140208.0,3888.0,736,6.0,0.2,False
firm_3,285,180.98,12.68,41,0,464,22439565.23,80062.72,83974.72,3912.0,464,6.0,0.1,False
firm_3,286,199.08,13.31,42,0,475,22528769.21,90563.0,94563.0,4000.0,475,6.0,0.2,False
firm_3,287,189.13,11.98,42,0,475,22613802.8,85836.75,89836.75,4000.0,475,6.0,0.3,False
firm_3,288,208.04,13.18,42,0,476,22708168.28,95019.04,99027.04,4008.0,476,6.0,0.4,False
firm_3,289,197.64,11.86,42,0,475,22797549.16,89879.0,93879.0,4000.0,475,6.0,0.3,False
firm_3,290,187.76,11.86,42,413,475,22802427.16,5576.12,11641.12,6065.0,62,6.0,0.2,False
firm_3,291,206.54,11.86,42,888,475,22793489.04,-8440.0,0.0,8440.0,0,6.0,0.2,False
firm_3,292,185.89,11.27,41,1352,464,22782354.97,-10672.0,0.0,10672.0,0,6.0,0.1,False
firm_3,293,185.89,11.83,41,1816,464,22768777.94,-12992.0,0.0,12992.0,0,6.0,0.2,False
firm_3,294,167.3,10.65,40,605,452,23039630.84,271378.9,278219.9,6841.0,1663,6.0,0.3,False
firm_3,295,150.57,10.0,41,0,461,23195140.46,156619.62,160507.62,3888.0,1066,6.0,0.2,False
firm_3,296,158.1,10.0,42,0,475,23265317.96,71097.5,75097.5,4000.0,475,6.0,0.2,False
firm_3,297,173.91,10.0,42,460,475,23261106.61,-3691.35,2608.65,6300.0,15,6.0,0.3,False
firm_3,298,191.3,10.0,43,939,479,23251449.61,-8727.0,0.0,8727.0,0,6.0,0.2,False
firm_3,299,172.17,10.0,42,1411,472,23239998.61,-11031.0,0.0,11031.0,0,6.0,0.2,False
firm_3,300,154.95,11.0,43,1897,486,23225252.61,-13573.0,0.0,13573.0,0,6.0,0.1,False
firm_3,301,139.45,11.55,44,0,497,23553711.71,329667.3,333843.3,4176.0,2394,6.0,0.1,False
firm_3,302,153.4,10.4,43,413,486,23558209.71,5045.2,11198.2,6153.0,73,6.0,0.2,False
firm_3,303,145.73,10.92,43,493,483,23609940.34,52200.19,58729.19,6529.0,403,6.0,0.1,False
firm_3,304,131.16,10.0,44,0,490,23733810.62,124810.28,128930.28,4120.0,983,6.0,0.1,False
firm_3,305,144.28,10.0,45,0,501,23800936.9,68076.28,72284.28,4208.0,501,6.0,0.1,False
firm_3,306,137.07,10.0,45,0,505,23865167.25,64980.35,69220.35,4240.0,505,6.0,0.2,False
firm_3,307,137.07,10.0,45,0,505,23929497.6,64980.35,69220.35,4240.0,505,6.0,0.1,False
firm_3,308,150.78,10.0,44,0,494,23999290.92,70333.32,74485.32,4152.0,494,6.0,0.2,False
firm_3,309,165.86,10.0,44,0,494,24076333.76,77782.84,81934.84,4152.0,494,6.0,0.3,False
firm_3,310,157.57,10.5,44,0,494,24149359.34,73687.58,77839.58,4152.0,494,6.0,0.2,False
firm_3,311,165.45,10.5,44,0,494,24226477.64,77580.3,81732.3,4152.0,494,6.0,0.1,False
firm_3,312,182.0,11.55,44,494,494,24219247.44,-6622.0,0.0,6622.0,0,6.0,0.2,False
firm_3,313,182.0,10.97,44,987,493,24209485.76,-9079.0,0.0,9079.0,0,6.0,0.2,False
firm_3,314,163.8,10.97,45,1306,505,24228188.91,19696.8,30466.8,10770.0,186,6.0,0.2,False
firm_3,315,147.42,10.42,46,0,516,24491380.83,264271.24,268599.24,4328.0,1822,6.0,0.3,False
firm_3,316,162.16,10.0,45,0,505,24568581.63,77650.8,81890.8,4240.0,505,6.0,0.2,False
firm_3,317,154.05,10.5,45,0,501,24640980.18,72971.05,77179.05,4208.0,501,6.0,0.3,False
firm_3,318,146.35,11.02,46,0,516,24710961.86,71188.6,75516.6,4328.0,516,6.0,0.3,False
firm_3,319,139.03,12.12,45,0,508,24776479.7,66363.24,70627.24,4264.0,508,6.0,0.4,False
firm_3,320,145.98,11.51,44,0,497,24844149.32,68376.06,72552.06,4176.0,497,6.0,0.4,False
firm_3,321,160.58,10.93,43,0,485,24917480.63,73801.3,77881.3,4080.0,485,6.0,0.4,False
firm_3,322,176.64,10.38,43,305,482,24942618.57,25684.28,31265.28,5581.0,177,6.0,0.5,False
firm_3,323,176.64,10.9,42,779,474,24934073.77,-7887.0,0.0,7887.0,0,6.0,0.4,False
firm_3,324,194.3,10.36,42,595,471,25053962.15,120323.5,127266.5,6943.0,655,6.0,0.4,False
firm_3,325,174.87,10.36,41,45,462,25226184.83,172847.44,176968.44,4121.0,1012,6.0,0.3,False
firm_3,326,166.13,10.0,41,0,455,25304999.83,79225.0,83065.0,3840.0,500,6.0,0.2,False
firm_3,327,182.74,11.0,40,4,448,25381692.39,77332.56,81136.56,3804.0,444,6.0,0.2,False
firm_3,328,173.6,10.45,40,0,444,25454995.19,74020.8,77772.8,3752.0,448,6.0,0.3,False
firm_3,329,164.92,10.45,40,0,444,25523849.67,69472.48,73224.48,3752.0,444,6.0,0.3,False
firm_3,330,181.41,10.0,40,0,445,25600217.12,76967.45,80727.45,3760.0,445,6.0,0.2,False
firm_3,331,172.34,10.0,41,253,456,25628979.14,29872.02,34985.02,5113.0,203,6.0,0.1,False
firm_3,332,163.72,10.5,41,0,460,25741201.0,112852.36,116732.36,3880.0,713,6.0,0.1,False
firm_3,333,163.72,10.0,40,0,448,25810163.56,69562.56,73346.56,3784.0,448,6.0,0.1,False
firm_3,334,180.09,11.0,40,433,448,25806275.91,-3247.65,2701.35,5949.0,15,6.0,0.1,False
firm_3,335,189.09,10.0,40,504,447,25870677.75,64801.84,71097.84,6296.0,376,6.0,0.1,False
firm_3,336,179.64,10.0,39,739,436,25898812.39,28724.64,36107.64,7383.0,201,6.0,0.1,False
firm_3,337,170.66,11.0,40,0,451,26096849.79,199277.4,203085.4,3808.0,1190,6.0,0.2,False
firm_3,338,187.73,10.0,40,288,447,26121082.86,24633.07,29849.07,5216.0,159,6.0,0.2,False
firm_3,339,187.73,10.0,40,731,443,26112983.86,-7399.0,0.0,7399.0,0,6.0,0.3,False
firm_3,340,178.34,11.0,39,1170,439,26102692.86,-9562.0,0.0,9562.0,0,6.0,0.4,False
firm_3,341,160.51,11.55,38,1540,428,26100239.54,-2014.42,9309.58,11324.0,58,6.0,0.4,False
firm_3,342,144.46,12.71,39,603,439,26291193.81,192049.96,198776.96,6727.0,1376,6.0,0.5,False
firm_3,343,151.68,13.35,38,0,428,26443244.59,152758.08,156382.08,3624.0,1031,6.0,0.5,False
firm_3,344,144.1,13.35,38,0,428,26500588.09,58050.8,61674.8,3624.0,428,6.0,0.4,False
firm_3,345,158.51,14.68,38,0,430,26564549.55,64519.3,68159.3,3640.0,430,6.0,0.4,False
firm_3,346,174.36,13.21,38,0,430,26635282.37,71334.8,74974.8,3640.0,430,6.0,0.5,False
firm_3,347,191.8,14.53,38,0,430,26713264.23,78834.0,82474.0,3640.0,430,6.0,0.6,False
firm_3,348,182.21,14.53,37,419,419,26706879.62,-5647.0,0.0,5647.0,0,6.0,0.5,False
firm_3,349,173.1,13.8,38,849,430,26697770.22,-7885.0,0.0,7885.0,0,6.0,0.4,False
firm_3,350,190.41,15.18,39,1290,441,26686500.2,-10178.0,0.0,10178.0,0,6.0,0.4,False
firm_3,351,171.37,16.7,38,1720,430,26673425.6,-12240.0,0.0,12240.0,0,6.0,0.3,False
firm_3,352,171.37,17.54,39,2036,442,26679618.16,7676.62,21592.62,13916.0,126,6.0,0.4,False
firm_3,353,162.8,18.42,38,2174,430,26711945.8,33027.6,47537.6,14510.0,292,6.0,0.4,False
firm_3,354,154.66,17.5,38,300,430,27062477.44,351196.64,356336.64,5140.0,2304,6.0,0.3,False
firm_3,355,139.19,17.5,38,0,430,27159581.14,97968.7,101608.7,3640.0,730,6.0,0.2,False
firm_3,356,153.11,17.5,39,388,441,27160645.47,2446.83,8114.83,5668.0,53,6.0,0.2,False
firm_3,357,153.11,16.62,38,592,430,27187916.77,28002.86,34602.86,6600.0,226,6.0,0.3,False
firm_3,358,137.8,17.45,39,0,441,27325355.62,138619.4,142347.4,3728.0,1033,6.0,0.3,False
firm_3,359,151.58,15.7,39,0,441,27387662.1,63118.78,66846.78,3728.0,441,6.0,0.2,False
firm_3,360,166.74,17.27,39,203,441,27421629.69,34941.12,39684.12,4743.0,238,6.0,0.3,False
firm_3,361,183.41,16.41,40,570,452,27429397.14,8923.85,15589.85,6666.0,85,6.0,0.2,False
firm_3,362,165.07,16.41,40,1022,452,27419514.74,-8926.0,0.0,8926.0,0,6.0,0.3,False
firm_3,363,156.82,14.77,39,1136,441,27460510.85,41872.14,51280.14,9408.0,327,6.0,0.4,False
firm_3,364,141.14,16.25,39,0,441,27678726.88,218849.78,222577.78,3728.0,1577,6.0,0.3,False
firm_3,365,155.25,16.25,39,0,441,27742630.38,64737.25,68465.25,3728.0,441,6.0,0.2,False
firm_4,1,31.65,27.05,16,0,184,93710.18,5174.64,5823.6,648.96,184,0.44,0.33,False
firm_4,2,34.82,24.35,16,0,184,98769.3,5748.72,6406.88,658.16,184,0.49,0.43,False
firm_4,3,36.56,23.13,16,0,184,104258.9,6059.68,6727.04,667.36,184,0.54,0.43,False
firm_4,4,32.9,25.44,16,0,184,108928.9,5377.04,6053.6,676.56,184,0.59,0.53,False
firm_4,5,29.61,27.98,16,0,184,113152.9,4771.68,5448.24,676.56,184,0.59,0.63,False
firm_4,6,26.65,26.58,16,0,184,116745.46,4217.84,4903.6,685.76,184,0.64,0.53,False
firm_4,7,23.98,27.91,17,0,195,119732.29,3961.3,4676.1,714.8,195,0.64,0.43,False
firm_4,8,26.38,26.51,17,0,195,123501.17,4419.55,5144.1,724.55,195,0.69,0.43,False
firm_4,9,23.74,25.18,18,0,206,126684.23,4136.3,4890.44,754.14,206,0.69,0.43,False
firm_4,10,24.93,27.7,18,0,207,130378.96,4393.33,5160.51,767.18,207,0.74,0.33,False
firm_4,11,22.44,30.47,18,0,208,133517.7,3887.2,4667.52,780.32,208,0.79,0.23,False
firm_4,12,21.32,33.52,18,0,208,136568.58,3654.24,4434.56,780.32,208,0.79,0.13,False
firm_4,13,20.25,36.87,17,0,196,139063.95,3222.16,3969.0,746.84,196,0.79,0.23,False
firm_4,14,19.24,36.87,18,0,208,140911.49,3211.2,4001.92,790.72,208,0.84,0.13,False
firm_4,15,18.28,35.03,18,0,208,143082.07,3001.12,3802.24,801.12,208,0.89,0.13,False
firm_4,16,19.19,33.28,18,0,208,145573.43,3190.4,3991.52,801.12,208,0.89,0.23,False
firm_4,17,19.19,31.62,18,0,208,147884.27,3180.0,3991.52,811.52,208,0.94,0.33,False
firm_4,18,17.27,33.2,19,0,220,149395.07,2941.6,3799.4,857.8,220,0.99,0.43,False
firm_4,19,15.54,36.52,20,0,231,150763.72,2699.05,3589.74,890.69,231,0.99,0.53,False
firm_4,20,17.09,34.69,21,0,243,152661.53,3226.3,4152.87,926.57,243,0.99,0.63,False
firm_4,21,18.8,34.69,22,0,254,154901.39,3803.04,4775.2,972.16,254,1.04,0.73,False
firm_4,22,20.68,38.16,22,0,254,158129.73,4267.86,5252.72,984.86,254,1.09,0.63,False
firm_4,23,21.71,41.98,22,0,254,161422.95,4516.78,5514.34,997.56,254,1.14,0.73,False
firm_4,24,21.71,46.18,23,0,266,164287.13,4726.32,5774.86,1048.54,266,1.19,0.83,False
firm_4,25,22.8,50.8,22,0,255,167970.08,4800.55,5814.0,1013.45,255,1.19,0.83,False
firm_4,26,20.52,55.88,23,0,266,170594.62,4409.78,5458.32,1048.54,266,1.19,0.83,False
firm_4,27,22.57,55.88,23,0,267,174070.49,4961.11,6026.19,1065.08,267,1.24,0.73,False
firm_4,28,20.31,50.29,22,0,256,176921.23,4157.12,5199.36,1042.24,256,1.29,0.63,False
firm_4,29,22.34,55.32,21,0,244,179895.51,4436.0,5450.96,1014.96,244,1.34,0.73,False
firm_4,30,24.57,52.55,21,0,243,183750.85,4958.89,5970.51,1011.62,243,1.34,0.63,False
firm_4,31,22.11,52.55,22,0,255,186368.35,4573.6,5638.05,1064.45,255,1.39,0.73,False
firm_4,32,22.11,52.55,21,0,243,189301.61,4336.81,5372.73,1035.92,243,1.44,0.83,False
firm_4,33,21.0,49.92,21,0,243,192008.22,4054.93,5103.0,1048.07,243,1.49,0.93,False
firm_4,34,23.1,49.92,21,0,243,195312.98,4553.08,5613.3,1060.22,243,1.54,0.83,False
firm_4,35,20.79,49.92,21,0,243,198256.41,3991.75,5051.97,1060.22,243,1.54,0.83,False
firm_4,36,19.75,44.93,20,0,232,200706.93,3549.12,4582.0,1032.88,232,1.59,0.73,False
firm_4,37,20.74,44.93,21,0,243,203130.85,3967.45,5039.82,1072.37,243,1.59,0.83,False
firm_4,38,22.81,47.18,22,0,255,206081.24,4688.35,5816.55,1128.2,255,1.64,0.83,False
firm_4,39,21.67,42.46,22,0,255,209444.77,4397.65,5525.85,1128.2,255,1.64,0.93,False
firm_4,40,22.75,42.46,22,0,254,212951.89,4641.24,5778.5,1137.26,254,1.69,0.83,False
firm_4,41,21.61,44.58,23,0,266,215679.97,4553.42,5748.26,1194.84,266,1.74,0.93,False
firm_4,42,23.77,44.58,24,0,278,219378.39,5368.34,6608.06,1239.72,278,1.74,1.03,False
firm_4,43,26.15,46.81,23,0,266,223749.52,5747.76,6955.9,1208.14,266,1.79,1.13,False
firm_4,44,28.76,51.49,24,0,278,228755.42,6741.66,7995.28,1253.62,278,1.79,1.03,False
firm_4,45,30.2,54.06,25,0,289,234121.96,7418.04,8727.8,1309.76,289,1.84,0.93,False
firm_4,46,31.71,51.36,26,0,301,240260.42,8173.82,9544.71,1370.89,301,1.89,0.93,False
firm_4,47,34.88,56.5,27,0,312,247703.8,9468.88,10882.56,1413.68,312,1.89,0.83,False
firm_4,48,36.62,59.32,27,0,312,256013.92,10011.76,11425.44,1413.68,312,1.89,0.93,False
firm_4,49,38.45,65.25,27,0,312,264619.29,10567.12,11996.4,1429.28,312,1.94,0.83,False
firm_4,50,38.45,58.72,28,0,324,273240.17,10965.04,12457.8,1492.76,324,1.99,0.83,False
firm_4,51,40.37,61.66,28,0,324,283100.81,11587.12,13079.88,1492.76,324,1.99,0.83,False
firm_4,52,36.33,61.66,29,0,335,291229.82,10617.15,12170.55,1553.4,335,2.04,0.83,False
firm_4,53,32.7,67.83,28,0,324,298200.22,9069.64,10594.8,1525.16,324,2.09,0.73,False
firm_4,54,34.34,64.44,29,0,335,305448.46,9917.0,11503.9,1586.9,335,2.14,0.83,False
firm_4,55,37.77,61.22,28,0,324,314430.42,10696.12,12237.48,1541.36,324,2.14,0.83,False
firm_4,56,37.77,58.16,29,0,335,322993.08,11049.3,12652.95,1603.65,335,2.19,0.93,False
firm_4,57,35.88,55.25,28,0,324,331513.64,10067.56,11625.12,1557.56,324,2.19,0.93,False
firm_4,58,37.67,52.49,28,0,324,340475.24,10631.32,12205.08,1573.76,324,2.24,0.83,False
firm_4,59,39.55,57.74,29,0,335,349612.88,11612.1,13249.25,1637.15,335,2.29,0.93,False
firm_4,60,41.53,63.51,29,0,335,360046.49,12275.4,13912.55,1637.15,335,2.29,0.83,False
firm_4,61,41.53,66.69,30,0,347,370050.72,12704.93,14410.91,1705.98,347,2.34,0.83,False
firm_4,62,43.61,73.36,29,0,335,380778.73,12955.45,14609.35,1653.9,335,2.34,0.93,False
firm_4,63,43.61,69.69,29,0,335,391496.42,12938.7,14609.35,1670.65,335,2.39,0.83,False
firm_4,64,47.97,76.66,30,0,347,403401.53,14904.91,16645.59,1740.68,347,2.44,0.73,False
firm_4,65,47.97,72.83,29,0,335,415572.01,14382.55,16069.95,1687.4,335,2.44,0.83,False
firm_4,66,43.17,80.11,30,0,347,425690.67,13221.96,14979.99,1758.03,347,2.49,0.83,False
firm_4,67,47.49,88.12,31,0,359,437478.0,15219.05,17048.91,1829.86,359,2.54,0.83,False
firm_4,68,45.12,92.53,30,0,347,448583.36,13881.26,15656.64,1775.38,347,2.54,0.73,False
firm_4,69,40.61,92.53,31,0,359,457964.06,12749.13,14578.99,1829.86,359,2.54,0.63,False
firm_4,70,38.58,83.28,32,0,369,466941.41,12342.31,14236.02,1893.71,369,2.59,0.63,False
firm_4,71,42.44,83.28,33,0,381,477914.02,14220.85,16169.64,1948.79,381,2.59,0.63,False
firm_4,72,44.56,83.28,33,0,381,490194.35,15028.57,16977.36,1948.79,381,2.59,0.53,False
firm_4,73,44.56,79.12,34,0,392,502252.91,15448.64,17467.52,2018.88,392,2.64,0.53,False
firm_4,74,42.33,71.21,35,0,404,514067.12,15006.56,17101.32,2094.76,404,2.69,0.43,False
firm_4,75,40.21,74.77,36,0,415,525416.2,14540.8,16687.15,2146.35,415,2.69,0.33,False
firm_4,76,42.22,74.77,37,0,427,537653.67,15803.96,18027.94,2223.98,427,2.74,0.43,False
firm_4,77,46.44,74.77,36,0,415,551967.45,17105.5,19272.6,2167.1,415,2.74,0.53,False
firm_4,78,44.12,82.25,35,0,405,564837.6,15748.9,17868.6,2119.7,405,2.74,0.53,False
firm_4,79,41.91,78.14,36,0,417,576603.6,15279.04,17476.47,2197.43,417,2.79,0.43,False
firm_4,80,41.91,78.14,37,0,428,588678.38,15665.96,17937.48,2271.52,428,2.84,0.33,False
firm_4,81,46.1,74.23,37,0,428,603291.15,17459.28,19730.8,2271.52,428,2.84,0.43,False
firm_4,82,41.49,74.23,37,0,428,615930.84,15486.2,17757.72,2271.52,428,2.84,0.53,False
firm_4,83,43.56,81.65,38,0,440,628842.94,16814.8,19166.4,2351.6,440,2.89,0.63,False
firm_4,84,41.38,77.57,39,0,450,641215.71,16198.0,18621.0,2423.0,450,2.94,0.73,False
firm_4,85,37.24,77.57,40,0,463,652267.81,14754.9,17242.12,2487.22,463,2.94,0.83,False
firm_4,86,40.96,73.69,41,0,474,665396.3,16849.78,19415.04,2565.26,474,2.99,0.73,False
firm_4,87,43.01,81.06,41,0,474,679894.32,17821.48,20386.74,2565.26,474,2.99,0.73,False
firm_4,88,45.16,77.01,42,0,486,695482.52,19322.62,21947.76,2625.14,486,2.99,0.63,False
firm_4,89,40.64,84.71,42,0,486,708826.3,17101.6,19751.04,2649.44,486,3.04,0.63,False
firm_4,90,44.7,93.18,41,0,476,723460.28,18654.36,21277.2,2622.84,476,3.09,0.63,False
firm_4,91,40.23,88.52,40,0,463,735766.15,16046.67,18626.49,2579.82,463,3.14,0.63,False
firm_4,92,44.25,97.37,39,0,453,749162.9,17494.18,20045.25,2551.07,453,3.19,0.73,False
firm_4,93,44.25,92.5,40,0,464,762663.54,17900.64,20532.0,2631.36,464,3.24,0.73,False
firm_4,94,46.46,87.88,40,0,464,778074.42,18926.08,21557.44,2631.36,464,3.24,0.73,False
firm_4,95,44.14,79.09,41,0,474,792346.63,18214.9,20922.36,2707.46,474,3.29,0.73,False
firm_4,96,48.55,79.09,41,0,474,809409.18,20305.24,23012.7,2707.46,474,3.29,0.63,False
firm_4,97,46.12,71.18,42,0,483,825440.51,19520.89,22275.96,2755.07,483,3.29,0.53,False
firm_4,98,50.73,67.62,41,0,472,843915.77,21247.68,23944.56,2696.88,472,3.29,0.53,False
firm_4,99,48.19,67.62,42,0,483,861096.43,20520.7,23275.77,2755.07,483,3.29,0.43,False
firm_4,100,48.19,74.38,42,0,483,878493.17,20520.7,23275.77,2755.07,483,3.29,0.33,False
firm_4,101,53.01,74.38,43,0,497,898086.82,23491.99,26345.97,2853.98,497,3.34,0.23,False
firm_4,102,47.71,66.94,44,0,508,915965.42,21323.96,24236.68,2912.72,508,3.34,0.23,False
firm_4,103,45.32,63.59,45,0,518,932887.61,20483.74,23475.76,2992.02,518,3.39,0.23,False
firm_4,104,49.85,63.59,45,0,518,952630.44,22804.38,25822.3,3017.92,518,3.44,0.23,False
firm_4,105,52.34,57.23,44,0,506,973643.72,23531.4,26484.04,2952.64,506,3.44,0.23,False
firm_4,106,49.72,62.95,44,0,506,993079.6,22205.68,25158.32,2952.64,506,3.44,0.23,False
firm_4,107,44.75,66.1,44,0,506,1009636.76,19665.56,22643.5,2977.94,506,3.49,0.23,False
firm_4,108,49.22,66.1,43,0,495,1028240.81,21446.35,24363.9,2917.55,495,3.49,0.23,False
firm_4,109,49.22,69.4,44,0,506,1046389.29,21902.08,24905.32,3003.24,506,3.54,0.23,False
firm_4,110,46.76,76.34,44,0,506,1063462.35,20632.02,23660.56,3028.54,506,3.59,0.23,False
firm_4,111,51.44,76.34,44,0,508,1082969.79,23066.4,26131.52,3065.12,508,3.64,0.23,False
firm_4,112,48.87,83.97,45,0,521,1100787.92,22296.78,25461.27,3164.49,521,3.69,0.23,False
firm_4,113,46.43,79.77,44,0,509,1117814.7,20536.66,23632.87,3096.21,509,3.69,0.23,False
firm_4,114,51.07,87.75,43,0,498,1136440.69,22399.24,25432.86,3033.62,498,3.69,0.23,False
firm_4,115,53.62,96.52,43,0,498,1155959.47,23669.14,26702.76,3033.62,498,3.69,0.13,False
firm_4,116,58.98,106.17,43,0,498,1177507.68,26313.52,29372.04,3058.52,498,3.74,0.13,False
firm_4,117,53.08,100.86,43,0,497,1196273.83,23303.13,26380.76,3077.63,497,3.79,0.1,False
firm_4,118,53.08,100.86,42,0,488,1214915.23,22877.52,25903.04,3025.52,488,3.79,0.1,False
firm_4,119,53.08,95.82,42,0,488,1233543.91,22853.12,25903.04,3049.92,488,3.84,0.1,False
firm_4,120,55.73,105.4,41,0,476,1252546.35,23523.84,26527.48,3003.64,476,3.89,0.1,False
firm_4,121,61.3,94.86,42,0,488,1274802.31,26840.08,29914.4,3074.32,488,3.89,0.2,False
firm_4,122,58.23,104.35,41,0,476,1295014.0,24690.04,27717.48,3027.44,476,3.94,0.2,False
firm_4,123,64.05,114.78,41,0,476,1317544.58,27436.56,30487.8,3051.24,476,3.99,0.2,False
firm_4,124,60.85,114.78,40,0,464,1337985.22,25231.84,28234.4,3002.56,464,4.04,0.2,False
firm_4,125,54.76,103.3,39,0,453,1355826.68,21870.16,24806.28,2936.12,453,4.04,0.2,False
firm_4,126,49.28,103.3,40,0,464,1370734.84,19840.16,22865.92,3025.76,464,4.09,0.3,False
firm_4,127,46.82,98.14,41,0,474,1384993.42,19082.32,22192.68,3110.36,474,4.14,0.4,False
firm_4,128,44.48,93.23,40,0,463,1398592.49,17528.27,20594.24,3065.97,463,4.19,0.4,False
firm_4,129,42.26,93.23,41,0,474,1411167.24,16897.18,20031.24,3134.06,474,4.19,0.4,False
firm_4,130,40.15,93.23,42,0,486,1422731.84,16280.26,19512.9,3232.64,486,4.24,0.5,False
firm_4,131,42.16,88.57,41,0,473,1435666.98,16766.51,19941.68,3175.17,473,4.29,0.5,False
firm_4,132,44.27,88.57,42,0,484,1449629.36,18182.32,21426.68,3244.36,484,4.29,0.5,False
firm_4,133,39.84,88.57,42,0,484,1461623.42,16014.0,19282.56,3268.56,484,4.34,0.6,False
firm_4,134,35.86,88.57,43,0,496,1471756.83,14441.92,17786.56,3344.64,496,4.34,0.5,False
firm_4,135,34.07,79.71,44,0,507,1481383.35,13833.76,17273.49,3439.73,507,4.39,0.5,False
firm_4,136,37.48,83.7,43,0,496,1492780.09,15195.84,18590.08,3394.24,496,4.44,0.5,False
firm_4,137,35.61,83.7,44,0,507,1503186.48,14589.19,18054.27,3465.08,507,4.44,0.5,False
firm_4,138,33.83,83.7,45,0,519,1512609.44,13989.46,17557.77,3568.31,519,4.49,0.6,False
firm_4,139,37.21,75.33,46,0,530,1524499.36,16055.1,19721.3,3666.2,530,4.54,0.6,False
firm_4,140,40.93,71.56,45,0,519,1538601.62,17622.46,21242.67,3620.21,519,4.59,0.7,False
firm_4,141,38.88,75.14,45,0,519,1551778.83,16558.51,20178.72,3620.21,519,4.59,0.7,False
firm_4,142,40.82,71.38,44,0,507,1565467.37,17129.26,20695.74,3566.48,507,4.64,0.8,False
firm_4,143,42.86,71.38,43,0,495,1580126.93,17728.9,21215.7,3486.8,495,4.64,0.7,False
firm_4,144,47.15,67.81,44,0,506,1596716.05,20272.76,23857.9,3585.14,506,4.69,0.7,False
firm_4,145,49.51,64.42,44,0,505,1615080.42,21398.85,25002.55,3603.7,505,4.74,0.7,False
firm_4,146,44.56,67.64,44,0,507,1630853.65,18949.39,22591.92,3642.53,507,4.79,0.6,False
firm_4,147,46.79,74.4,45,0,518,1647299.75,20494.1,24237.22,3743.12,518,4.84,0.5,False
firm_4,148,44.45,70.68,45,0,518,1663401.13,19281.98,23025.1,3743.12,518,4.84,0.4,False
firm_4,149,48.9,67.15,45,0,516,1681656.54,21477.16,25232.4,3755.24,516,4.89,0.3,False
firm_4,150,51.34,67.15,44,0,503,1700860.29,22158.35,25824.02,3665.67,503,4.89,0.3,False
firm_4,151,56.47,67.15,45,0,515,1722672.24,25333.7,29082.05,3748.35,515,4.89,0.2,False
firm_4,152,62.12,67.15,46,0,528,1747818.38,28935.04,32799.36,3864.32,528,4.94,0.2,False
firm_4,153,68.33,63.79,45,0,517,1776486.46,31538.63,35326.61,3787.98,517,4.94,0.1,False
firm_4,154,75.16,70.17,44,0,505,1807650.08,34251.1,37955.8,3704.7,505,4.94,0.1,False
firm_4,155,67.64,77.19,44,0,506,1834767.92,30514.2,34225.84,3711.64,506,4.94,0.1,False
firm_4,156,64.26,84.91,45,0,518,1859712.83,29465.86,33286.68,3820.82,518,4.99,0.1,False
firm_4,157,67.47,84.91,45,0,518,1887020.52,31128.64,34949.46,3820.82,518,4.99,0.1,False
firm_4,158,60.72,76.42,46,0,529,1911228.37,28223.17,32120.88,3897.71,529,4.99,0.1,False
firm_4,159,57.68,84.06,45,0,518,1933177.19,26031.52,29878.24,3846.72,518,5.04,0.2,False
firm_4,160,63.45,88.26,46,0,529,1958158.12,29640.89,33565.05,3924.16,529,5.04,0.3,False
firm_4,161,63.45,88.26,47,0,541,1983600.66,30290.76,34326.45,4035.69,541,5.09,0.3,False
firm_4,162,69.8,88.26,46,0,529,2012287.84,32947.14,36924.2,3977.06,529,5.14,0.2,False
firm_4,163,69.8,88.26,46,0,529,2040948.57,32920.69,36924.2,4003.51,529,5.19,0.1,False
firm_4,164,76.78,83.85,46,0,529,2073704.58,36613.11,40616.62,4003.51,529,5.19,0.1,False
firm_4,165,72.94,83.85,47,0,540,2104468.63,35305.0,39387.6,4082.6,540,5.19,0.2,False
firm_4,166,80.23,92.24,46,0,529,2138563.75,38438.16,42441.67,4003.51,529,5.19,0.3,False
firm_4,167,84.24,83.02,45,0,517,2174462.7,39634.85,43552.08,3917.23,517,5.19,0.2,False
firm_4,168,88.45,83.02,44,0,506,2211502.08,40892.26,44755.7,3863.44,506,5.24,0.2,False
firm_4,169,84.03,91.32,45,0,517,2246167.26,39474.58,43443.51,3968.93,517,5.29,0.2,False
firm_4,170,88.23,100.45,45,0,517,2283292.99,41645.98,45614.91,3968.93,517,5.29,0.2,False
firm_4,171,83.82,95.43,44,0,505,2317316.47,38422.4,42329.1,3906.7,505,5.34,0.1,False
firm_4,172,83.82,85.89,45,0,517,2352065.73,39314.31,43334.94,4020.63,517,5.39,0.1,False
firm_4,173,75.44,81.6,46,0,528,2383316.13,35704.0,39832.32,4128.32,528,5.44,0.1,False
firm_4,174,82.98,85.68,45,0,517,2418088.86,38828.33,42900.66,4072.33,517,5.49,0.1,False
firm_4,175,78.83,77.11,46,0,528,2451282.92,37441.12,41622.24,4181.12,528,5.54,0.1,False
firm_4,176,86.71,77.11,46,0,528,2489111.22,41575.36,45782.88,4207.52,528,5.59,0.1,False
firm_4,177,95.38,73.25,45,0,517,2530776.55,45161.58,49311.46,4149.88,517,5.64,0.1,False
firm_4,178,85.84,76.91,45,0,517,2567545.0,40229.4,44379.28,4149.88,517,5.64,0.1,False
firm_4,179,94.42,80.76,46,0,528,2608949.88,45619.84,49853.76,4233.92,528,5.64,0.1,False
firm_4,180,99.14,88.84,46,0,528,2652748.84,48085.6,52345.92,4260.32,528,5.69,0.1,False
firm_4,181,109.05,97.72,45,0,517,2700328.71,52177.27,56378.85,4201.58,517,5.74,0.1,False
firm_4,182,119.96,107.49,46,0,528,2753709.93,59025.76,63338.88,4313.12,528,5.79,0.1,False
firm_4,183,107.96,118.24,47,0,539,2801444.28,53791.63,58190.44,4398.81,539,5.79,0.1,False
firm_4,184,102.56,118.24,48,0,551,2847287.03,52018.27,56510.56,4492.29,551,5.79,0.1,False
firm_4,185,107.69,118.24,47,0,539,2895148.9,53619.15,58044.91,4425.76,539,5.84,0.1,False
firm_4,186,102.31,130.06,48,0,551,2939931.44,51825.42,56372.81,4547.39,551,5.89,0.2,False
firm_4,187,112.54,136.56,48,0,551,2990838.71,57462.15,62009.54,4547.39,551,5.89,0.1,False
firm_4,188,118.17,136.56,48,0,551,3044520.56,60536.73,65111.67,4574.94,551,5.94,0.2,False
firm_4,189,129.99,129.73,48,0,551,3105015.52,67022.0,71624.49,4602.49,551,5.99,0.3,False
firm_4,190,129.99,116.76,49,0,562,3167158.28,68364.0,73054.38,4690.38,562,5.99,0.3,False
firm_4,191,142.99,128.44,50,0,574,3237320.54,77284.26,82076.26,4792.0,574,6.0,0.3,False
firm_4,192,150.14,128.44,51,0,585,3313222.0,82951.9,87831.9,4880.0,585,6.0,0.3,False
firm_4,193,157.65,128.44,50,0,574,3392499.1,85699.1,90491.1,4792.0,574,6.0,0.3,False
firm_4,194,149.77,122.02,51,0,585,3468511.53,82735.45,87615.45,4880.0,585,6.0,0.3,False
firm_4,195,149.77,115.92,50,0,574,3543691.51,81175.98,85967.98,4792.0,574,6.0,0.3,False
firm_4,196,142.28,110.12,49,0,562,3613460.99,75265.36,79961.36,4696.0,562,6.0,0.4,False
firm_4,197,156.51,110.12,49,0,562,3691327.73,83262.62,87958.62,4696.0,562,6.0,0.4,False
firm_4,198,172.16,121.13,48,0,551,3775465.65,90252.16,94860.16,4608.0,551,6.0,0.5,False
firm_4,199,189.38,133.24,47,0,539,3866467.19,97563.82,102075.82,4512.0,539,6.0,0.6,False
firm_4,200,208.32,119.92,48,465,551,3870993.55,10982.52,17915.52,6933.0,86,6.0,0.6,False
firm_4,201,197.9,119.92,48,0,551,4061495.79,196458.4,201066.4,4608.0,1016,6.0,0.5,False
firm_4,202,217.69,131.91,48,3,551,4169635.23,114671.12,119294.12,4623.0,548,6.0,0.4,False
firm_4,203,228.57,131.91,48,554,551,4155925.55,-7378.0,0.0,7378.0,0,6.0,0.4,False
firm_4,204,251.43,145.1,48,1105,551,4138827.75,-10133.0,0.0,10133.0,0,6.0,0.4,False
firm_4,205,264.0,145.1,49,1667,562,4118086.85,-13031.0,0.0,13031.0,0,6.0,0.5,False
firm_4,206,237.6,152.35,49,1869,562,4182116.7,71495.0,85536.0,14041.0,360,6.0,0.5,False
firm_4,207,213.84,152.35,49,1024,562,4465608.43,291056.88,300872.88,9816.0,1407,6.0,0.6,False
firm_4,208,224.53,167.58,49,320,562,4735055.99,277958.98,284254.98,6296.0,1266,6.0,0.7,False
firm_4,209,235.76,167.58,48,651,551,4770816.35,44004.2,51867.2,7863.0,220,6.0,0.7,False
firm_4,210,259.34,184.34,48,1202,551,4751350.03,-10618.0,0.0,10618.0,0,6.0,0.7,False
firm_4,211,233.41,193.56,49,1765,563,4727536.59,-13529.0,0.0,13529.0,0,6.0,0.8,False
firm_4,212,221.74,203.24,49,2328,563,4701233.83,-16344.0,0.0,16344.0,0,6.0,0.8,False
firm_4,213,210.65,182.92,48,2879,551,4673350.67,-19003.0,0.0,19003.0,0,6.0,0.9,False
firm_4,214,189.58,164.63,47,3419,540,4643798.06,-21615.0,0.0,21615.0,0,6.0,0.8,False
firm_4,215,170.62,164.63,47,2387,540,4887620.09,251759.64,268214.64,16455.0,1572,6.0,0.8,False
firm_4,216,187.68,181.09,47,2038,540,5031246.38,152137.52,166847.52,14710.0,889,6.0,0.7,False
firm_4,217,187.68,199.2,46,2538,528,5010024.22,-11858.96,5255.04,17114.0,28,6.0,0.7,False
firm_4,218,168.91,199.2,47,2389,540,5099775.81,99913.99,116378.99,16465.0,689,6.0,0.8,False
firm_4,219,152.02,179.28,47,462,539,5459108.97,368059.32,374881.32,6822.0,2466,6.0,0.9,False
firm_4,220,159.62,161.35,46,407,528,5538286.33,86599.46,93058.46,6459.0,583,6.0,0.8,False
firm_4,221,167.6,145.22,46,336,528,5625894.61,94288.4,100392.4,6104.0,599,6.0,0.8,False
firm_4,222,150.84,159.74,46,0,528,5744148.33,125901.76,130325.76,4424.0,864,6.0,0.9,False
firm_4,223,158.38,159.74,45,0,517,5814506.49,77546.46,81882.46,4336.0,517,6.0,0.9,False
firm_4,224,150.46,175.71,46,0,528,5880742.71,75018.88,79442.88,4424.0,528,6.0,0.9,False
firm_4,225,135.41,158.14,46,0,528,5940540.75,67072.48,71496.48,4424.0,528,6.0,0.9,False
firm_4,226,128.64,150.23,45,0,516,5995630.64,62050.24,66378.24,4328.0,516,6.0,0.8,False
firm_4,227,122.21,135.21,45,0,516,6048078.55,58732.36,63060.36,4328.0,516,6.0,0.7,False
firm_4,228,116.1,148.73,44,0,505,6095724.93,54390.5,58630.5,4240.0,505,6.0,0.7,False
firm_4,229,110.29,163.6,45,0,517,6140446.86,52683.93,57019.93,4336.0,517,6.0,0.8,False
firm_4,230,110.29,147.24,46,0,528,6186982.94,53809.12,58233.12,4424.0,528,6.0,0.8,False
firm_4,231,121.32,139.88,45,0,516,6238761.46,58273.12,62601.12,4328.0,516,6.0,0.8,False
firm_4,232,133.45,146.87,46,0,528,6297543.04,66037.6,70461.6,4424.0,528,6.0,0.8,False
firm_4,233,146.79,139.53,46,0,528,6364105.78,73081.12,77505.12,4424.0,528,6.0,0.9,False
firm_4,234,161.47,139.53,46,0,528,6438319.56,80832.16,85256.16,4424.0,528,6.0,0.9,False
firm_4,235,169.54,132.55,45,0,516,6515509.45,83154.64,87482.64,4328.0,516,6.0,0.9,False
firm_4,236,186.49,125.92,44,0,505,6599606.42,89937.45,94177.45,4240.0,505,6.0,1.0,False
firm_4,237,195.81,132.22,43,0,493,6686311.29,92390.33,96534.33,4144.0,493,6.0,1.0,False
firm_4,238,215.39,132.22,44,0,505,6784325.56,104531.95,108771.95,4240.0,505,6.0,1.0,False
firm_4,239,193.85,119.0,45,0,516,6873969.16,95698.6,100026.6,4328.0,516,6.0,0.9,False
firm_4,240,184.16,113.05,45,0,516,6959580.47,90698.56,95026.56,4328.0,516,6.0,0.8,False
firm_4,241,193.37,124.36,44,0,504,7047335.11,93226.48,97458.48,4232.0,504,6.0,0.7,False
firm_4,242,212.71,124.36,44,0,504,7144637.11,102973.84,107205.84,4232.0,504,6.0,0.7,False
firm_4,243,233.98,118.14,43,493,493,7132748.09,-6609.0,0.0,6609.0,0,6.0,0.7,False
firm_4,244,210.58,129.95,44,652,504,7191488.39,65158.1,72650.1,7492.0,345,6.0,0.6,False
firm_4,245,200.05,129.95,44,977,504,7212462.54,26691.95,35808.95,9117.0,179,6.0,0.5,False
firm_4,246,180.04,123.45,44,281,504,7417241.74,210411.0,216048.0,5637.0,1200,6.0,0.5,False
firm_4,247,171.04,123.45,45,0,515,7542814.33,131827.84,136147.84,4320.0,796,6.0,0.5,False
firm_4,248,153.94,129.62,45,0,515,7611940.53,74959.1,79279.1,4320.0,515,6.0,0.5,False
firm_4,249,169.33,129.62,44,0,504,7687247.57,81110.32,85342.32,4232.0,504,6.0,0.6,False
firm_4,250,160.86,142.58,44,0,504,7757715.49,76841.44,81073.44,4232.0,504,6.0,0.7,False
firm_4,251,152.82,142.58,44,0,504,7824031.25,72789.28,77021.28,4232.0,504,6.0,0.6,False
firm_4,252,152.82,149.71,44,0,504,7890033.29,72789.28,77021.28,4232.0,504,6.0,0.6,False
firm_4,253,160.46,164.68,43,0,492,7957762.37,74810.32,78946.32,4136.0,492,6.0,0.6,False
firm_4,254,152.44,164.68,42,0,481,8019821.45,69275.64,73323.64,4048.0,481,6.0,0.7,False
firm_4,255,144.82,172.91,41,0,469,8076400.72,63968.58,67920.58,3952.0,469,6.0,0.8,False
firm_4,256,137.58,164.26,42,0,481,8131029.78,62127.98,66175.98,4048.0,481,6.0,0.9,False
firm_4,257,144.46,164.26,42,0,481,8189268.12,65437.26,69485.26,4048.0,481,6.0,1.0,False
firm_4,258,158.91,156.05,43,0,492,8255905.69,74047.72,78183.72,4136.0,492,6.0,1.0,False
firm_4,259,143.02,140.45,43,0,492,8315896.18,66229.84,70365.84,4136.0,492,6.0,1.0,False
firm_4,260,135.87,133.43,43,0,492,8372570.73,62712.04,66848.04,4136.0,492,6.0,1.1,False
firm_4,261,142.66,133.43,43,0,492,8432685.96,66052.72,70188.72,4136.0,492,6.0,1.1,False
firm_4,262,135.53,133.43,44,0,504,8490390.16,64075.12,68307.12,4232.0,504,6.0,1.1,False
firm_4,263,121.98,126.76,43,0,492,8540717.64,55878.16,60014.16,4136.0,492,6.0,1.2,False
firm_4,264,134.18,126.76,43,0,492,8596947.52,61880.56,66016.56,4136.0,492,6.0,1.2,False
firm_4,265,134.18,133.1,42,0,481,8651849.9,60492.58,64540.58,4048.0,481,6.0,1.2,False
firm_4,266,120.76,139.76,41,0,469,8698604.18,52684.44,56636.44,3952.0,469,6.0,1.2,False
firm_4,267,132.84,132.77,41,0,469,8751210.57,58349.96,62301.96,3952.0,469,6.0,1.3,False
firm_4,268,139.48,126.13,40,0,458,8805983.21,60017.84,63881.84,3864.0,458,6.0,1.2,False
firm_4,269,132.51,132.44,41,0,469,8857948.36,58195.19,62147.19,3952.0,469,6.0,1.3,False
firm_4,270,145.76,125.82,42,0,481,8918026.48,66062.56,70110.56,4048.0,481,6.0,1.2,False
firm_4,271,160.34,125.82,41,0,469,8983915.32,71247.46,75199.46,3952.0,469,6.0,1.1,False
firm_4,272,168.36,125.82,41,0,469,9053565.54,75008.84,78960.84,3952.0,469,6.0,1.1,False
firm_4,273,176.78,113.24,42,298,481,9074922.2,26812.74,32350.74,5538.0,183,6.0,1.0,False
firm_4,274,167.94,113.24,42,392,481,9128950.9,58984.78,64992.78,6008.0,387,6.0,0.9,False
firm_4,275,159.54,124.56,42,0,481,9258849.8,135230.42,139278.42,4048.0,873,6.0,1.0,False
firm_4,276,175.49,130.79,43,0,492,9334730.91,82205.08,86341.08,4136.0,492,6.0,1.0,False
firm_4,277,193.04,124.25,43,263,492,9367943.32,38755.16,44206.16,5451.0,229,6.0,0.9,False
firm_4,278,183.39,136.68,42,2,481,9494020.14,132017.38,136075.38,4058.0,742,6.0,0.8,False
firm_4,279,174.22,136.68,41,0,469,9566321.88,78105.62,82057.62,3952.0,471,6.0,0.8,False
firm_4,280,191.64,150.35,42,0,480,9647354.38,87947.2,91987.2,4040.0,480,6.0,0.9,False
firm_4,281,210.8,157.87,43,492,492,9633369.97,-6596.0,0.0,6596.0,0,6.0,1.0,False
firm_4,282,200.26,173.66,43,439,493,9728905.55,103002.96,109341.96,6339.0,546,6.0,1.0,False
firm_4,283,180.23,173.66,42,0,480,9883003.2,161591.37,165631.37,4040.0,919,6.0,1.0,False
firm_4,284,189.24,182.34,42,0,485,9962846.32,87701.4,91781.4,4080.0,485,6.0,0.9,False
firm_4,285,189.24,173.22,43,0,492,10043867.94,88970.08,93106.08,4136.0,492,6.0,0.9,False
firm_4,286,189.24,164.56,43,0,492,10125561.94,88970.08,93106.08,4136.0,492,6.0,0.8,False
firm_4,287,208.16,181.02,42,0,480,10213835.9,95876.8,99916.8,4040.0,480,6.0,0.8,False
firm_4,288,228.98,181.02,41,0,470,10309974.68,103660.6,107620.6,3960.0,470,6.0,0.9,False
firm_4,289,240.43,199.12,40,462,462,10295803.88,-6206.0,0.0,6206.0,0,6.0,0.9,False
firm_4,290,228.41,219.03,41,936,474,10277651.65,-8672.0,0.0,8672.0,0,6.0,0.8,False
firm_4,291,216.99,197.13,41,1409,473,10258240.32,-11029.0,0.0,11029.0,0,6.0,0.9,False
firm_4,292,206.14,197.13,41,1882,473,10236463.99,-13394.0,0.0,13394.0,0,6.0,1.0,False
firm_4,293,195.83,177.42,40,2340,458,10213503.19,-15564.0,0.0,15564.0,0,6.0,1.1,False
firm_4,294,186.04,159.68,41,2809,469,10188359.31,-17997.0,0.0,17997.0,0,6.0,1.2,False
firm_4,295,176.74,175.65,42,2944,481,10222666.05,42384.04,61152.04,18768.0,346,6.0,1.1,False
firm_4,296,185.58,166.87,42,3425,481,10194484.51,-21173.0,0.0,21173.0,0,6.0,1.0,False
firm_4,297,176.3,175.21,43,3823,492,10179771.68,-6678.8,16572.2,23251.0,94,6.0,1.0,False
firm_4,298,158.67,192.73,42,3649,485,10253815.55,82238.53,104563.53,22325.0,659,6.0,1.1,False
firm_4,299,150.74,202.37,42,2418,485,10487815.85,242499.84,258669.84,16170.0,1716,6.0,1.1,False
firm_4,300,143.2,212.49,43,550,496,10809585.58,331606.8,338524.8,6918.0,2364,6.0,1.0,False
firm_4,301,157.52,212.49,44,949,508,10807896.7,8160.68,17169.68,9009.0,109,6.0,1.0,False
firm_4,302,165.4,223.11,44,1457,508,10786430.86,-11549.0,0.0,11549.0,0,6.0,1.1,False
firm_4,303,157.13,245.42,44,1965,508,10761243.38,-14089.0,0.0,14089.0,0,6.0,1.2,False
firm_4,304,149.27,269.96,45,882,519,10978663.72,230368.54,239130.54,8762.0,1602,6.0,1.3,False
firm_4,305,164.2,283.46,45,1401,519,10954551.02,-11357.0,0.0,11357.0,0,6.0,1.2,False
firm_4,306,147.78,255.11,45,0,519,11222256.67,279385.6,283737.6,4352.0,1920,6.0,1.2,False
firm_4,307,140.39,242.35,45,0,519,11279661.33,68510.41,72862.41,4352.0,519,6.0,1.2,False
firm_4,308,126.35,266.59,45,0,519,11328888.43,61223.65,65575.65,4352.0,519,6.0,1.2,False
firm_4,309,126.35,253.26,46,0,531,11379082.32,62643.85,67091.85,4448.0,531,6.0,1.3,False
firm_4,310,138.99,240.6,47,0,542,11437870.7,70796.58,75332.58,4536.0,542,6.0,1.3,False
firm_4,311,125.09,228.57,47,0,542,11490090.69,63262.78,67798.78,4536.0,542,6.0,1.4,False
firm_4,312,137.6,228.57,47,0,542,11549391.1,70043.2,74579.2,4536.0,542,6.0,1.4,False
firm_4,313,123.84,228.57,48,0,550,11601231.74,63512.0,68112.0,4600.0,550,6.0,1.4,False
firm_4,314,117.65,205.71,48,0,550,11651465.16,60107.5,64707.5,4600.0,550,6.0,1.3,False
firm_4,315,111.77,195.42,49,0,561,11699404.55,58014.97,62702.97,4688.0,561,6.0,1.3,False
firm_4,316,122.95,214.96,49,0,565,11753418.26,64746.75,69466.75,4720.0,565,6.0,1.2,False
firm_4,317,116.8,214.96,50,0,577,11804547.86,62577.6,67393.6,4816.0,577,6.0,1.1,False
firm_4,318,128.48,214.96,49,0,565,11861786.02,67871.2,72591.2,4720.0,565,6.0,1.2,False
firm_4,319,141.33,225.71,49,0,565,11925757.68,75131.45,79851.45,4720.0,565,6.0,1.3,False
firm_4,320,127.2,214.42,49,0,565,11982199.1,67148.0,71868.0,4720.0,565,6.0,1.3,False
firm_4,321,114.48,214.42,48,0,550,12030070.94,58364.0,62964.0,4600.0,550,6.0,1.2,False
firm_4,322,108.76,192.98,47,0,538,12074909.76,54008.88,58512.88,4504.0,538,6.0,1.3,False
firm_4,323,119.64,212.28,48,0,550,12125222.32,61202.0,65802.0,4600.0,550,6.0,1.3,False
firm_4,324,119.64,212.28,48,0,549,12175823.24,61090.36,65682.36,4592.0,549,6.0,1.4,False
firm_4,325,113.66,201.67,49,0,561,12224316.67,59075.26,63763.26,4688.0,561,6.0,1.4,False
firm_4,326,119.34,211.75,49,0,561,12276202.66,62261.74,66949.74,4688.0,561,6.0,1.4,False
firm_4,327,113.37,190.58,49,0,561,12325776.81,58912.57,63600.57,4688.0,561,6.0,1.4,False
firm_4,328,113.37,209.64,50,0,576,12374987.93,60493.12,65301.12,4808.0,576,6.0,1.5,False
firm_4,329,102.03,209.64,50,0,576,12418167.21,53961.28,58769.28,4808.0,576,6.0,1.6,False
firm_4,330,91.83,220.12,50,0,576,12455247.29,48086.08,52894.08,4808.0,576,6.0,1.5,False
firm_4,331,96.42,220.12,51,0,588,12495112.13,51790.96,56694.96,4904.0,588,6.0,1.5,False
firm_4,332,101.24,242.13,50,0,576,12536511.87,53506.24,58314.24,4808.0,576,6.0,1.4,False
firm_4,333,111.36,230.02,50,0,576,12584146.23,59335.36,64143.36,4808.0,576,6.0,1.3,False
firm_4,334,111.36,218.52,51,0,588,12632877.39,60575.68,65479.68,4904.0,588,6.0,1.2,False
firm_4,335,116.93,218.52,51,0,588,12685583.71,63850.84,68754.84,4904.0,588,6.0,1.2,False
firm_4,336,122.78,240.37,50,0,576,12739478.49,65913.28,70721.28,4808.0,576,6.0,1.2,False
firm_4,337,135.06,228.35,51,0,588,12801643.92,74511.28,79415.28,4904.0,588,6.0,1.2,False
firm_4,338,148.57,228.35,52,0,599,12873271.15,84001.43,88993.43,4992.0,599,6.0,1.2,False
firm_4,339,141.14,251.18,52,0,599,12939560.65,79550.86,84542.86,4992.0,599,6.0,1.2,False
firm_4,340,155.25,263.74,52,0,599,13013648.92,88002.75,92994.75,4992.0,599,6.0,1.2,False
firm_4,341,170.78,276.93,51,526,587,13002217.07,2891.58,10417.58,7526.0,61,6.0,1.2,False
firm_4,342,153.7,276.93,52,967,599,13001774.31,14457.6,24284.6,9827.0,158,6.0,1.1,False
firm_4,343,138.33,249.24,51,0,583,13198410.57,209547.5,214411.5,4864.0,1550,6.0,1.1,False
firm_4,344,131.41,274.16,50,0,576,13255586.73,70884.16,75692.16,4808.0,576,6.0,1.0,False
firm_4,345,118.27,301.58,49,0,564,13302601.59,61992.28,66704.28,4712.0,564,6.0,1.0,False
firm_4,346,112.36,301.58,48,0,553,13345436.83,57511.08,62135.08,4624.0,553,6.0,0.9,False
firm_4,347,106.74,286.5,47,0,541,13385189.67,53218.34,57746.34,4528.0,541,6.0,0.8,False
firm_4,348,101.4,286.5,47,0,541,13421853.57,50329.4,54857.4,4528.0,541,6.0,0.8,False
firm_4,349,111.54,300.82,46,0,529,13462388.51,54572.66,59004.66,4432.0,529,6.0,0.7,False
firm_4,350,117.12,300.82,45,0,518,13505075.77,56324.16,60668.16,4344.0,518,6.0,0.8,False
firm_4,351,105.41,300.82,45,0,518,13541797.25,50258.38,54602.38,4344.0,518,6.0,0.7,False
firm_4,352,100.14,285.78,44,0,506,13575645.77,46422.84,50670.84,4248.0,506,6.0,0.7,False
firm_4,353,105.15,271.49,45,0,518,13612952.42,50123.7,54467.7,4344.0,518,6.0,0.8,False
firm_4,354,94.64,257.92,45,0,518,13645825.54,44679.52,49023.52,4344.0,518,6.0,0.7,False
firm_4,355,85.18,245.02,45,0,514,13673970.16,39470.52,43782.52,4312.0,514,6.0,0.8,False
firm_4,356,89.44,245.02,45,0,514,13704504.42,41660.16,45972.16,4312.0,514,6.0,0.9,False
firm_4,357,98.38,257.27,45,0,514,13738982.59,46255.32,50567.32,4312.0,514,6.0,0.9,False
firm_4,358,88.54,231.54,46,0,525,13769915.25,42083.5,46483.5,4400.0,525,6.0,0.8,False
firm_4,359,97.39,231.54,46,0,525,13805794.16,46729.75,51129.75,4400.0,525,6.0,0.8,False
firm_4,360,87.65,254.69,45,0,518,13835391.81,41058.7,45402.7,4344.0,518,6.0,0.8,False
firm_4,361,92.03,280.16,44,0,506,13865283.95,42319.18,46567.18,4248.0,506,6.0,0.9,False
firm_4,362,87.43,266.15,45,0,518,13893551.94,40944.74,45288.74,4344.0,518,6.0,0.9,False
firm_4,363,83.06,252.84,45,0,518,13920655.22,38681.08,43025.08,4344.0,518,6.0,0.8,False
firm_4,364,78.91,278.12,44,0,506,13944098.4,35680.46,39928.46,4248.0,506,6.0,0.8,False
firm_4,365,86.8,278.12,44,0,506,13971333.92,39672.8,43920.8,4248.0,506,6.0,0.8,False
firm_5,1,35.74,21.54,26,0,299,95525.9,9771.65,10686.26,914.61,299,0.39,0.42,False
firm_5,2,37.53,21.54,26,0,299,105057.77,10291.91,11221.47,929.56,299,0.44,0.42,False
firm_5,3,33.78,23.69,26,0,299,113397.54,9155.71,10100.22,944.51,299,0.49,0.42,False
firm_5,4,32.09,26.06,26,0,300,121084.98,8665.0,9627.0,962.0,300,0.54,0.52,False
firm_5,5,32.09,28.67,25,0,289,128708.18,8339.95,9274.01,934.06,289,0.54,0.42,False
firm_5,6,30.49,28.67,25,0,289,135654.53,7863.1,8811.61,948.51,289,0.59,0.32,False
firm_5,7,28.97,30.1,24,0,277,141939.39,7107.26,8024.69,917.43,277,0.59,0.42,False
firm_5,8,31.87,33.11,23,0,267,148582.27,7604.41,8509.29,904.88,267,0.64,0.42,False
firm_5,9,35.06,33.11,23,0,267,156276.88,8456.14,9361.02,904.88,267,0.64,0.42,False
firm_5,10,35.06,33.11,23,0,267,163758.14,8442.79,9361.02,918.23,267,0.69,0.42,False
firm_5,11,31.55,31.45,23,0,266,170511.55,7476.76,8392.3,915.54,266,0.69,0.42,False
firm_5,12,34.71,34.6,22,0,254,177583.43,7933.08,8816.34,883.26,254,0.69,0.52,False
firm_5,13,36.45,38.06,21,0,243,184787.85,8003.68,8857.35,853.67,243,0.69,0.52,False
firm_5,14,34.63,38.06,20,0,232,191025.13,7198.48,8034.16,835.68,232,0.74,0.52,False
firm_5,15,32.9,39.96,19,0,221,196731.25,6465.36,7270.9,805.54,221,0.74,0.52,False
firm_5,16,32.9,41.96,19,0,221,202399.37,6465.36,7270.9,805.54,221,0.74,0.42,False
firm_5,17,32.9,41.96,20,0,232,207857.29,6797.12,7632.8,835.68,232,0.74,0.32,False
firm_5,18,29.61,46.16,21,0,244,212744.21,6356.28,7224.84,868.56,244,0.74,0.32,False
firm_5,19,29.61,46.16,22,0,256,217694.61,6665.92,7580.16,914.24,256,0.79,0.32,False
firm_5,20,28.13,50.78,23,0,267,222592.45,6565.78,7510.71,944.93,267,0.79,0.32,False
firm_5,21,29.54,45.7,24,0,279,228044.95,7249.3,8241.66,992.36,279,0.84,0.32,False
firm_5,22,26.59,47.99,24,0,279,233319.44,6426.25,7418.61,992.36,279,0.84,0.22,False
firm_5,23,26.59,50.39,25,0,291,238270.94,6711.25,7737.69,1026.44,291,0.84,0.22,False
firm_5,24,23.93,50.39,26,0,302,242414.88,6154.08,7226.86,1072.78,302,0.89,0.12,False
firm_5,25,26.32,55.43,27,0,314,247359.59,7141.32,8264.48,1123.16,314,0.94,0.12,False
firm_5,26,23.69,58.2,28,0,325,251457.49,6527.5,7699.25,1171.75,325,0.99,0.22,False
firm_5,27,23.69,55.29,27,0,313,256143.76,6279.1,7414.97,1135.87,313,0.99,0.32,False
firm_5,28,21.32,49.76,26,0,301,260167.33,5317.33,6417.32,1099.99,301,0.99,0.32,False
firm_5,29,23.45,49.76,26,0,301,264516.98,5943.41,7058.45,1115.04,301,1.04,0.42,False
firm_5,30,23.45,54.74,26,0,302,268842.46,5948.72,7081.9,1133.18,302,1.09,0.42,False
firm_5,31,21.1,57.48,27,0,314,272245.64,5455.14,6625.4,1170.26,314,1.09,0.42,False
firm_5,32,22.16,57.48,28,0,325,276133.95,5997.75,7202.0,1204.25,325,1.09,0.42,False
firm_5,33,23.27,60.35,27,0,314,280641.02,6136.52,7306.78,1170.26,314,1.09,0.32,False
firm_5,34,20.94,66.39,27,0,314,284253.39,5404.9,6575.16,1170.26,314,1.09,0.32,False
firm_5,35,18.85,69.71,27,0,315,287135.62,4764.4,5937.75,1173.35,315,1.09,0.22,False
firm_5,36,17.91,76.68,26,0,304,289232.02,4290.08,5444.64,1154.56,304,1.14,0.12,False
firm_5,37,16.12,76.68,26,0,304,290884.26,3745.92,4900.48,1154.56,304,1.14,0.22,False
firm_5,38,15.31,72.85,25,0,292,292202.05,3339.04,4470.52,1131.48,292,1.19,0.22,False
firm_5,39,13.78,76.49,26,0,304,292517.47,3004.16,4189.12,1184.96,304,1.24,0.22,False
firm_5,40,13.09,84.14,25,0,292,292775.57,2661.6,3822.28,1160.68,292,1.29,0.32,False
firm_5,41,13.09,79.93,24,0,280,293187.25,2530.0,3665.2,1135.2,280,1.34,0.22,False
firm_5,42,13.74,75.93,24,0,280,294076.93,2712.0,3847.2,1135.2,280,1.34,0.22,False
firm_5,43,13.74,75.93,23,0,269,294614.69,2584.15,3696.06,1111.91,269,1.39,0.32,False
firm_5,44,14.43,83.52,23,0,269,295463.49,2769.76,3881.67,1111.91,269,1.39,0.22,False
firm_5,45,15.15,91.87,24,0,280,295537.41,3078.8,4242.0,1163.2,280,1.44,0.32,False
firm_5,46,13.64,101.06,23,0,269,295543.38,2530.35,3669.16,1138.81,269,1.49,0.22,False
firm_5,47,15.0,111.17,24,0,280,295184.1,3008.8,4200.0,1191.2,280,1.54,0.12,False
firm_5,48,15.0,122.29,25,0,292,294558.57,3131.72,4380.0,1248.28,292,1.59,0.12,False
firm_5,49,16.5,134.52,25,0,292,294550.69,3555.12,4818.0,1262.88,292,1.64,0.1,False
firm_5,50,15.68,147.97,25,0,292,294167.12,3315.68,4578.56,1262.88,292,1.64,0.1,False
firm_5,51,17.25,147.97,26,0,304,293757.34,3937.44,5244.0,1306.56,304,1.64,0.1,False
firm_5,52,18.98,162.77,27,0,315,293494.65,4632.1,5978.7,1346.6,315,1.64,0.1,False
firm_5,53,17.08,146.49,28,0,327,293087.81,4194.88,5585.16,1390.28,327,1.64,0.1,False
firm_5,54,18.79,146.49,29,0,339,293275.45,4935.85,6369.81,1433.96,339,1.64,0.1,False
firm_5,55,19.73,161.14,30,0,350,293272.75,5431.5,6905.5,1474.0,350,1.64,0.2,False
firm_5,56,21.7,145.03,31,0,362,294396.44,6319.62,7855.4,1535.78,362,1.69,0.2,False
firm_5,57,21.7,159.53,32,0,374,295108.52,6517.04,8115.8,1598.76,374,1.74,0.1,False
firm_5,58,21.7,151.55,33,0,385,296321.97,6714.6,8354.5,1639.9,385,1.74,0.1,False
firm_5,59,22.78,159.13,32,0,374,297932.07,6902.26,8519.72,1617.46,374,1.79,0.1,False
firm_5,60,22.78,175.04,33,0,385,298547.65,7091.9,8770.3,1678.4,385,1.84,0.1,False
firm_5,61,25.06,192.54,32,0,374,299903.95,7717.58,9372.44,1654.86,374,1.89,0.1,False
firm_5,62,26.31,211.79,32,0,374,301093.05,8166.38,9839.94,1673.56,374,1.94,0.1,False
firm_5,63,28.94,232.97,32,0,374,302788.01,9150.0,10823.56,1673.56,374,1.94,0.1,False
firm_5,64,27.49,256.27,31,0,362,302950.64,8307.0,9951.38,1644.38,362,1.99,0.1,False
firm_5,65,30.24,243.46,32,0,374,303958.72,9598.8,11309.76,1710.96,374,2.04,0.2,False
firm_5,66,28.73,231.29,31,0,362,305426.51,8737.78,10400.26,1662.48,362,2.04,0.3,False
firm_5,67,31.6,242.85,30,0,350,307369.51,9428.5,11060.0,1631.5,350,2.09,0.3,False
firm_5,68,33.18,230.71,31,0,362,309729.98,10312.48,12011.16,1698.68,362,2.14,0.4,False
firm_5,69,36.5,253.78,30,0,350,312925.08,11108.5,12775.0,1666.5,350,2.19,0.5,False
firm_5,70,34.67,279.16,31,0,362,314604.88,10833.76,12550.54,1716.78,362,2.19,0.4,False
firm_5,71,31.2,307.08,30,0,350,314428.48,9236.0,10920.0,1684.0,350,2.24,0.3,False
firm_5,72,34.32,276.37,31,0,362,315949.97,10688.96,12423.84,1734.88,362,2.24,0.4,False
firm_5,73,34.32,276.37,31,0,362,317971.46,10688.96,12423.84,1734.88,362,2.24,0.5,False
firm_5,74,37.75,290.19,32,0,374,320299.42,12314.04,14118.5,1804.46,374,2.29,0.4,False
firm_5,75,33.98,319.21,31,0,362,320633.59,10529.68,12300.76,1771.08,362,2.34,0.5,False
firm_5,76,33.98,351.13,31,0,362,320178.24,10529.68,12300.76,1771.08,362,2.34,0.6,False
firm_5,77,37.38,386.24,32,0,374,319375.52,12156.96,13980.12,1823.16,374,2.34,0.7,False
firm_5,78,41.12,386.24,33,0,385,319989.9,13960.3,15831.2,1870.9,385,2.34,0.8,False
firm_5,79,45.23,386.24,33,0,385,322786.63,15542.65,17413.55,1870.9,385,2.34,0.8,False
firm_5,80,49.75,424.86,33,0,385,325729.85,17263.6,19153.75,1890.15,385,2.39,0.9,False
firm_5,81,54.72,424.86,34,0,397,330565.62,19781.01,21723.84,1942.83,397,2.39,0.8,False
firm_5,82,57.46,446.1,33,0,385,335757.02,20212.7,22122.1,1909.4,385,2.44,0.9,False
firm_5,83,63.21,401.49,32,0,374,344470.62,21761.28,23640.54,1879.26,374,2.49,0.8,False
firm_5,84,66.37,401.49,31,0,362,354006.89,22182.46,24025.94,1843.48,362,2.54,0.8,False
firm_5,85,73.01,361.34,30,0,350,366931.19,23764.5,25553.5,1789.0,350,2.54,0.8,False
firm_5,86,80.31,361.34,31,0,362,382358.39,27228.74,29072.22,1843.48,362,2.54,0.9,False
firm_5,87,88.34,397.47,32,0,374,400180.55,31141.2,33039.16,1897.96,374,2.54,1.0,False
firm_5,88,97.17,357.72,33,0,385,423119.09,35443.3,37410.45,1967.15,385,2.59,0.9,False
firm_5,89,92.31,339.83,34,0,397,445689.71,34624.84,36647.07,2022.23,397,2.59,0.8,False
firm_5,90,101.54,373.81,35,0,409,471238.46,39432.1,41529.86,2097.76,409,2.64,0.9,False
firm_5,91,106.62,373.81,36,0,420,499591.9,42610.6,44780.4,2169.8,420,2.69,1.0,False
firm_5,92,117.28,336.43,37,0,432,534761.27,48417.28,50664.96,2247.68,432,2.74,1.1,False
firm_5,93,123.14,336.43,38,0,444,573624.33,52347.4,54674.16,2326.76,444,2.79,1.1,False
firm_5,94,123.14,353.25,39,0,455,612996.83,53649.25,56028.7,2379.45,455,2.79,1.0,False
firm_5,95,135.45,370.91,40,0,467,658378.65,60818.22,63255.15,2436.93,467,2.79,1.1,False
firm_5,96,149.0,389.46,40,0,467,709846.32,67146.07,69583.0,2436.93,467,2.79,1.2,False
firm_5,97,163.9,428.41,41,0,479,767571.25,75989.74,78508.1,2518.36,479,2.84,1.2,False
firm_5,98,172.1,428.41,41,0,479,829823.98,79917.54,82435.9,2518.36,479,2.84,1.3,False
firm_5,99,172.1,428.41,42,0,490,892763.66,81732.9,84329.0,2596.1,490,2.89,1.4,False
firm_5,100,189.31,385.57,43,0,502,967837.89,92353.74,95033.62,2679.88,502,2.94,1.4,False
firm_5,101,208.24,424.13,43,0,502,1051456.9,101856.6,104536.48,2679.88,502,2.94,1.4,False
firm_5,102,187.42,466.54,42,0,490,1121077.42,89215.2,91835.8,2620.6,490,2.94,1.4,False
firm_5,103,187.42,419.89,42,0,490,1192432.74,89190.7,91835.8,2645.1,490,2.99,1.4,False
firm_5,104,206.16,377.9,43,0,502,1276245.28,100762.24,103492.32,2730.08,502,3.04,1.4,False
firm_5,105,185.54,359.0,44,0,513,1352020.13,92370.85,95182.02,2811.17,513,3.09,1.5,False
firm_5,106,204.09,359.0,45,0,525,1439413.88,104248.75,107147.25,2898.5,525,3.14,1.5,False
firm_5,107,224.5,341.05,44,0,513,1536513.71,112306.03,115168.5,2862.47,513,3.19,1.5,False
firm_5,108,246.95,375.16,45,0,525,1645629.26,126697.75,129648.75,2951.0,525,3.24,1.5,False
firm_5,109,271.64,337.64,44,0,513,1767136.3,136463.2,139351.32,2888.12,513,3.24,1.6,False
firm_5,110,258.06,371.4,45,0,525,1882127.55,132504.25,135481.5,2977.25,525,3.29,1.7,False
firm_5,111,245.16,371.4,46,0,537,1993053.34,128610.19,131650.92,3040.73,537,3.29,1.8,False
firm_5,112,257.42,389.97,47,0,548,2111864.59,137939.84,141066.16,3126.32,548,3.34,1.9,False
firm_5,113,283.16,409.47,46,0,537,2242018.31,148989.34,152056.92,3067.58,537,3.34,1.9,False
firm_5,114,311.48,450.42,45,0,525,2381946.66,160497.25,163527.0,3029.75,525,3.39,2.0,False
firm_5,115,311.48,495.46,46,0,537,2522598.98,164143.48,167264.76,3121.28,537,3.44,1.9,False
firm_5,116,295.91,445.91,47,0,548,2659791.37,158950.16,162158.68,3208.52,548,3.49,2.0,False
firm_5,117,310.71,445.91,48,0,560,2808610.89,170723.2,173997.6,3274.4,560,3.49,1.9,False
firm_5,118,310.71,445.91,49,0,572,2960318.54,174357.24,177726.12,3368.88,572,3.54,2.0,False
firm_5,119,310.71,445.91,50,0,583,3115237.15,177714.11,181143.93,3429.82,583,3.54,2.0,False
firm_5,120,341.78,445.91,51,0,595,3291628.79,199833.05,203359.1,3526.05,595,3.59,1.9,False
firm_5,121,307.6,423.61,52,0,607,3451990.79,183089.72,186713.2,3623.48,607,3.64,1.9,False
firm_5,122,276.84,381.25,52,0,607,3596253.84,164388.05,168041.88,3653.83,607,3.69,2.0,False
firm_5,123,304.52,419.38,53,0,618,3757772.74,184446.04,188193.36,3747.32,618,3.74,2.0,False
firm_5,124,319.75,377.44,53,0,618,3931395.7,193827.28,197605.5,3778.22,618,3.79,1.9,False
firm_5,125,319.75,377.44,54,0,630,4107877.24,197563.3,201442.5,3879.2,630,3.84,1.9,False
firm_5,126,351.72,415.18,54,0,630,4303061.92,217704.4,221583.6,3879.2,630,3.84,2.0,False
firm_5,127,369.31,415.18,55,0,642,4512642.66,233115.64,237097.02,3981.38,642,3.89,2.0,False
firm_5,128,387.78,373.66,55,0,642,4736832.64,244941.28,248954.76,4013.48,642,3.94,2.0,False
firm_5,129,426.56,373.66,56,0,653,4989772.54,274464.86,278543.68,4078.82,653,3.94,2.1,False
firm_5,130,447.89,354.98,56,0,653,5257954.36,288360.7,292472.17,4111.47,653,3.99,2.2,False
firm_5,131,492.68,390.48,56,0,653,5553696.05,317608.57,321720.04,4111.47,653,3.99,2.2,False
firm_5,132,541.95,351.43,55,458,642,5627418.52,93351.12,99718.8,6367.68,184,4.04,2.3,False
firm_5,133,541.95,386.57,56,1017,653,5646984.78,41714.18,50943.3,9229.12,94,4.04,2.2,False
firm_5,134,487.76,425.23,57,1572,665,5663590.42,41543.75,53653.6,12109.85,110,4.09,2.2,False
firm_5,135,438.98,403.97,57,1834,665,5804053.22,163489.09,176908.94,13419.85,403,4.09,2.2,False
firm_5,136,438.98,444.37,57,1900,665,6027923.3,249199.17,262949.02,13749.85,599,4.09,2.2,False
firm_5,137,395.08,488.81,57,1786,665,6294415.35,294554.22,307767.32,13213.1,779,4.14,2.2,False
firm_5,138,375.33,500.0,58,1656,676,6554566.89,289851.54,302515.98,12664.44,806,4.19,2.2,False
firm_5,139,337.8,500.0,58,606,676,7100961.45,575594.56,583042.8,7448.24,1726,4.24,2.2,False
firm_5,140,304.02,475.0,59,0,688,7461110.81,388874.36,393401.88,4527.52,1294,4.29,2.2,False
firm_5,141,319.22,475.0,59,0,688,7647947.25,215061.44,219623.36,4561.92,688,4.34,2.2,False
firm_5,142,351.14,451.25,59,355,688,7731916.2,110592.7,116929.62,6336.92,333,4.34,2.1,False
firm_5,143,316.03,473.81,60,0,700,8031526.25,328738.65,333411.65,4673.0,1055,4.39,2.1,False
firm_5,144,347.63,500.0,60,374,700,8108310.63,106784.38,113327.38,6543.0,326,4.39,2.0,False
firm_5,145,330.25,500.0,61,621,711,8222698.34,145387.71,153236.0,7848.29,464,4.39,1.9,False
firm_5,146,313.74,500.0,62,766,723,8363890.09,172691.75,181341.72,8649.97,578,4.39,1.9,False
firm_5,147,298.05,500.0,63,434,735,8642842.79,310952.7,318019.35,7066.65,1067,4.39,1.9,False
firm_5,148,283.15,500.0,62,0,723,8934291.22,322748.43,327604.55,4856.12,1157,4.44,2.0,False
firm_5,149,311.46,500.0,61,0,711,9120460.44,216669.22,221448.06,4778.84,711,4.44,2.0,False
firm_5,150,327.03,450.0,61,581,711,9127740.5,34830.06,42513.9,7683.84,130,4.44,2.1,False
firm_5,151,294.33,450.0,62,637,723,9287381.34,188240.84,196318.11,8077.27,667,4.49,2.1,False
firm_5,152,264.9,427.5,62,0,723,9616011.92,355335.58,360264.0,4928.42,1360,4.54,2.0,False
firm_5,153,291.39,470.25,61,711,711,9578686.18,-8440.49,0.0,8440.49,0,4.59,2.0,False
firm_5,154,262.25,470.25,61,240,711,9853659.39,303858.46,309979.5,6121.04,1182,4.64,1.9,False
firm_5,155,275.36,500.0,62,341,723,9986391.44,164532.05,171273.92,6741.87,622,4.69,2.0,False
firm_5,156,289.13,500.0,63,1017,735,9961011.21,6819.77,17058.67,10238.9,59,4.74,2.0,False
firm_5,157,260.22,500.0,63,0,735,10380162.75,450751.54,455905.44,5153.9,1752,4.74,2.1,False
firm_5,158,286.24,500.0,64,670,746,10360601.65,13138.9,21754.24,8615.34,76,4.79,2.1,False
firm_5,159,314.86,500.0,63,1277,735,10357828.08,28726.43,40302.08,11575.65,128,4.79,2.0,False
firm_5,160,283.37,475.0,62,946,723,10616974.74,288796.66,298671.98,9875.32,1054,4.84,2.0,False
firm_5,161,297.54,500.0,63,1129,735,10738344.42,153369.68,164242.08,10872.4,552,4.84,2.0,False
firm_5,162,267.79,500.0,63,346,735,11106155.49,399511.07,406505.22,6994.15,1518,4.89,1.9,False
firm_5,163,267.79,450.0,63,364,735,11262490.02,184884.53,192005.43,7120.9,717,4.94,1.9,False
firm_5,164,241.01,427.5,63,0,735,11494889.86,259532.34,264869.99,5337.65,1099,4.99,1.9,False
firm_5,165,265.11,470.25,64,0,746,11656414.08,192320.22,197772.06,5451.84,746,5.04,1.8,False
firm_5,166,278.37,423.22,64,0,746,11831302.88,202174.88,207664.02,5489.14,746,5.09,1.8,False
firm_5,167,292.29,380.9,63,0,735,12016628.18,209422.0,214833.15,5411.15,735,5.09,1.9,False
firm_5,168,321.52,380.9,64,746,746,11982431.44,-9219.14,0.0,9219.14,0,5.09,2.0,False
firm_5,169,289.37,418.99,65,786,758,12152722.63,198225.54,207767.66,9542.12,718,5.14,1.9,False
firm_5,170,260.43,439.94,66,263,770,12452671.28,329684.69,336735.99,7051.3,1293,5.19,1.9,False
firm_5,171,286.47,395.95,67,1044,781,12414368.19,-11074.44,0.0,11074.44,0,5.24,1.8,False
firm_5,172,300.79,435.54,68,1642,793,12428514.55,44463.08,58654.05,14190.97,195,5.29,1.8,False
firm_5,173,270.71,413.76,69,1832,804,12550459.89,150994.78,166215.94,15221.16,614,5.29,1.7,False
firm_5,174,243.64,393.07,68,1073,793,12890274.79,366743.66,378129.28,11385.62,1552,5.34,1.7,False
firm_5,175,231.46,432.38,69,150,804,13252580.43,392839.86,399731.42,6891.56,1727,5.39,1.7,False
firm_5,176,243.03,475.62,70,0,816,13446982.97,228495.94,234766.98,6271.04,966,5.44,1.8,False
firm_5,177,255.18,451.84,69,778,804,13412268.93,-3437.08,6634.68,10071.76,26,5.44,1.9,False
firm_5,178,267.94,497.02,70,741,816,13595313.51,218535.98,228552.82,10016.84,853,5.49,1.9,False
firm_5,179,241.15,500.0,71,91,828,13908776.49,349562.98,356419.7,6856.72,1478,5.49,2.0,False
firm_5,180,265.27,500.0,72,414,839,14000501.7,128325.21,136879.32,8554.11,516,5.49,2.1,False
firm_5,181,238.74,500.0,71,275,828,14187745.16,223043.46,230861.58,7818.12,967,5.54,2.2,False
firm_5,182,238.74,500.0,72,0,839,14410433.51,259388.35,265956.36,6568.01,1114,5.59,2.2,False
firm_5,183,262.61,500.0,73,851,851,14362419.42,-10914.09,0.0,10914.09,0,5.59,2.3,False
firm_5,184,236.35,475.0,73,0,851,14723110.48,395566.06,402267.7,6701.64,1702,5.64,2.3,False
firm_5,185,259.98,498.75,74,674,863,14724432.73,38929.75,49136.22,10206.47,189,5.69,2.2,False
firm_5,186,246.98,448.88,75,36,874,15056255.73,366289.0,373433.76,7144.76,1512,5.74,2.3,False
firm_5,187,271.68,403.99,76,0,886,15268239.51,243387.02,250488.96,7101.94,922,5.79,2.2,False
firm_5,188,258.1,444.39,77,643,898,15288826.56,55405.08,65815.5,10410.42,255,5.79,2.3,False
firm_5,189,271.01,466.61,76,950,886,15398082.75,145018.55,156914.79,11896.24,579,5.84,2.4,False
firm_5,190,243.91,443.28,77,609,898,15655124.46,291874.27,302204.49,10330.22,1239,5.89,2.4,False
firm_5,191,231.71,421.12,76,211,886,15912045.14,289225.8,297515.64,8289.84,1284,5.94,2.5,False
firm_5,192,254.88,442.18,77,271,898,16082301.6,204904.32,213589.44,8685.12,838,5.94,2.6,False
firm_5,193,229.39,486.4,76,0,886,16303504.59,258169.39,265404.23,7234.84,1157,5.94,2.6,False
firm_5,194,217.92,500.0,76,52,886,16439655.03,174250.44,181745.28,7494.84,834,5.94,2.7,False
firm_5,195,228.82,500.0,75,0,874,16606659.09,204704.06,211887.32,7183.26,926,5.99,2.7,False
firm_5,196,251.7,500.0,75,874,874,16557297.09,-11562.0,0.0,11562.0,0,6.0,2.8,False
firm_5,197,226.53,500.0,76,1005,886,16677514.24,158717.15,171030.15,12313.0,755,6.0,2.8,False
firm_5,198,249.18,500.0,75,1195,874,16797086.36,157272.12,170439.12,13167.0,684,6.0,2.8,False
firm_5,199,224.26,450.0,74,773,863,17040791.46,277205.1,288174.1,10969.0,1285,6.0,2.8,False
firm_5,200,235.47,495.0,74,101,863,17357798.91,353837.45,361446.45,7609.0,1535,6.0,2.8,False
firm_5,201,247.24,445.5,74,237,863,17496286.39,171454.48,179743.48,8289.0,727,6.0,2.8,False
firm_5,202,234.88,400.95,74,0,863,17717780.09,251264.0,258368.0,7104.0,1100,6.0,2.9,False
firm_5,203,258.37,360.86,75,587,874,17754240.78,64025.19,74152.19,10127.0,287,6.0,2.9,False
firm_5,204,258.37,360.86,74,1450,863,17712883.14,-14354.0,0.0,14354.0,0,6.0,3.0,False
firm_5,205,245.45,396.95,74,1386,863,17896706.99,213498.15,227532.15,14034.0,927,6.0,3.1,False
firm_5,206,270.0,416.8,74,1310,863,18105439.79,239876.0,253530.0,13654.0,939,6.0,3.2,False
firm_5,207,297.0,416.8,75,2184,874,18055367.79,-18112.0,0.0,18112.0,0,6.0,3.2,False
firm_5,208,282.15,458.48,76,2941,886,18034427.66,14404.35,36397.35,21993.0,129,6.0,3.2,False
firm_5,209,268.04,481.4,76,2769,886,18260194.58,262453.32,283586.32,21133.0,1058,6.0,3.3,False
firm_5,210,241.24,457.33,75,2248,874,18543692.63,318097.8,336529.8,18432.0,1395,6.0,3.4,False
firm_5,211,217.12,457.33,76,1283,886,18896621.67,388186.12,401889.12,13703.0,1851,6.0,3.4,False
firm_5,212,195.41,411.6,76,284,886,19224979.92,359639.85,368347.85,8708.0,1885,6.0,3.4,False
firm_5,213,185.64,432.18,75,0,874,19400345.54,207779.12,214971.12,7192.0,1158,6.0,3.3,False
firm_5,214,185.64,410.57,75,0,874,19524610.15,155057.36,162249.36,7192.0,874,6.0,3.2,False
firm_5,215,194.92,451.63,76,0,886,19655197.39,165411.12,172699.12,7288.0,886,6.0,3.2,False
firm_5,216,214.41,406.47,77,0,898,19808455.38,185156.18,192540.18,7384.0,898,6.0,3.3,False
firm_5,217,225.13,365.82,77,547,898,19848988.87,68901.63,79020.63,10119.0,351,6.0,3.3,False
firm_5,218,202.62,329.24,76,369,886,20030421.31,206454.68,215587.68,9133.0,1064,6.0,3.2,False
firm_5,219,202.62,362.16,77,1267,898,19988115.99,-13719.0,0.0,13719.0,0,6.0,3.2,False
firm_5,220,192.49,380.27,78,1047,909,20162569.14,204614.21,217321.21,12707.0,1129,6.0,3.2,False
firm_5,221,202.11,380.27,78,829,909,20348869.05,216160.97,227777.97,11617.0,1127,6.0,3.2,False
firm_5,222,181.9,418.3,78,240,909,20579855.85,263814.2,272486.2,8672.0,1498,6.0,3.2,False
firm_5,223,200.09,397.38,78,598,909,20648547.8,99787.59,110249.59,10462.0,551,6.0,3.3,False
firm_5,224,210.09,437.12,78,408,909,20835529.35,221376.91,230888.91,9512.0,1099,6.0,3.4,False
firm_5,225,199.59,415.26,78,2,909,21057917.92,254978.85,262460.85,7482.0,1315,6.0,3.4,False
firm_5,226,219.55,456.79,79,0,921,21216408.16,195076.65,202644.65,7568.0,923,6.0,3.4,False
firm_5,227,241.51,500.0,80,0,932,21393339.48,217431.32,225087.32,7656.0,932,6.0,3.3,False
firm_5,228,241.51,500.0,80,0,932,21570670.8,217431.32,225087.32,7656.0,932,6.0,3.4,False
firm_5,229,265.66,500.0,79,0,921,21768075.66,237104.86,244672.86,7568.0,921,6.0,3.4,False
firm_5,230,292.23,500.0,80,0,932,21992178.02,264702.36,272358.36,7656.0,932,6.0,3.5,False
firm_5,231,321.45,450.0,80,2,932,22247260.52,291282.5,298948.5,7666.0,930,6.0,3.5,False
firm_5,232,337.52,495.0,80,58,932,22495082.04,287721.52,295667.52,7946.0,876,6.0,3.6,False
firm_5,233,354.4,495.0,79,307,921,22685030.84,229053.8,238156.8,9103.0,672,6.0,3.6,False
firm_5,234,372.12,470.25,79,777,921,22804054.21,156373.12,167826.12,11453.0,451,6.0,3.5,False
firm_5,235,353.51,493.76,80,871,932,23048183.79,284230.38,296241.38,12011.0,838,6.0,3.6,False
firm_5,236,318.16,500.0,81,590,944,23386227.79,379044.0,389746.0,10702.0,1225,6.0,3.6,False
firm_5,237,334.07,500.0,81,756,944,23593802.25,248374.46,259906.46,11532.0,778,6.0,3.7,False
firm_5,238,317.37,500.0,82,835,956,23818512.74,266310.49,278333.49,12023.0,877,6.0,3.8,False
firm_5,239,333.24,500.0,82,1127,956,23985101.1,207788.36,221271.36,13483.0,664,6.0,3.8,False
firm_5,240,299.92,475.0,83,1059,967,24242162.3,297186.2,310417.2,13231.0,1035,6.0,3.8,False
firm_5,241,314.92,451.25,84,1357,979,24403400.82,199643.52,214460.52,14817.0,681,6.0,3.8,False
firm_5,242,283.43,473.81,85,1373,990,24623402.79,261075.82,276060.82,14985.0,974,6.0,3.9,False
firm_5,243,255.09,450.12,86,575,1002,25032063.47,448071.0,459162.0,11091.0,1800,6.0,3.9,False
firm_5,244,267.84,495.13,85,783,990,25187093.3,197415.88,209450.88,12035.0,782,6.0,4.0,False
firm_5,245,254.45,495.13,86,682,1002,25412844.47,269032.35,280658.35,11626.0,1103,6.0,3.9,False
firm_5,246,229.0,500.0,85,0,990,25744912.47,374768.0,382888.0,8120.0,1672,6.0,3.9,False
firm_5,247,251.9,500.0,86,0,1002,25945400.27,244187.8,252403.8,8216.0,1002,6.0,3.8,False
firm_5,248,264.5,450.0,86,1002,1002,25893474.27,-13226.0,0.0,13226.0,0,6.0,3.7,False
firm_5,249,238.05,495.0,87,640,1014,26165654.07,316044.8,327556.8,11512.0,1376,6.0,3.8,False
firm_5,250,214.24,500.0,88,0,1025,26469463.67,348309.6,356709.6,8400.0,1665,6.0,3.8,False
firm_5,251,224.95,450.0,88,0,1025,26651737.42,222173.75,230573.75,8400.0,1025,6.0,3.9,False
firm_5,252,247.45,450.0,88,359,1025,26766644.12,154606.7,164801.7,10195.0,666,6.0,4.0,False
firm_5,253,235.08,405.0,89,0,1037,27049674.8,319675.68,328171.68,8496.0,1396,6.0,4.1,False
firm_5,254,258.59,364.5,90,121,1048,27246893.73,230523.93,239712.93,9189.0,927,6.0,4.1,False
firm_5,255,232.73,400.95,91,0,1060,27475981.41,266174.13,274854.13,8680.0,1181,6.0,4.2,False
firm_5,256,256.0,400.95,92,735,1071,27511967.01,73573.0,86016.0,12443.0,336,6.0,4.1,False
firm_5,257,243.2,421.0,93,707,1083,27729910.21,257796.2,270195.2,12399.0,1111,6.0,4.1,False
firm_5,258,255.36,442.05,94,939,1095,27894378.19,206720.68,220375.68,13655.0,863,6.0,4.1,False
firm_5,259,280.9,397.84,94,1547,1095,27976884.53,120103.3,136798.3,16695.0,487,6.0,4.1,False
firm_5,260,308.99,358.06,95,2444,1106,27985479.74,43310.91,64578.91,21268.0,209,6.0,4.0,False
firm_5,261,293.54,393.87,94,3092,1095,28055148.34,106792.38,131212.38,24420.0,447,6.0,4.1,False
firm_5,262,278.86,393.87,94,3519,1095,28177848.04,159723.48,186278.48,26555.0,668,6.0,4.0,False
firm_5,263,250.97,433.26,94,3031,1095,28509992.11,373170.51,397285.51,24115.0,1583,6.0,4.1,False
firm_5,264,225.87,476.59,95,2197,1106,28882170.86,418154.8,438187.8,20033.0,1940,6.0,4.0,False
firm_5,265,203.28,500.0,95,1288,1106,29228492.06,394121.2,409609.2,15488.0,2015,6.0,4.1,False
firm_5,266,193.12,500.0,95,190,1106,29596630.54,415638.48,425636.48,9998.0,2204,6.0,4.1,False
firm_5,267,202.78,500.0,95,0,1106,29802685.42,253754.88,262802.88,9048.0,1296,6.0,4.1,False
firm_5,268,223.06,500.0,95,0,1106,29992741.78,237656.36,246704.36,9048.0,1106,6.0,4.2,False
firm_5,269,245.37,500.0,96,0,1118,30209421.44,265179.66,274323.66,9144.0,1118,6.0,4.2,False
firm_5,270,245.37,500.0,97,16,1129,30424206.25,263784.81,273096.81,9312.0,1113,6.0,4.1,False
firm_5,271,269.91,500.0,96,1134,1118,30361092.25,-14814.0,0.0,14814.0,0,6.0,4.2,False
firm_5,272,242.92,500.0,97,1419,1129,30500589.73,188697.48,205024.48,16327.0,844,6.0,4.2,False
firm_5,273,218.63,500.0,96,779,1118,30823702.27,371312.54,384351.54,13039.0,1758,6.0,4.2,False
firm_5,274,207.7,500.0,97,0,1129,31161761.87,387059.6,396291.6,9232.0,1908,6.0,4.2,False
firm_5,275,218.08,500.0,96,296,1118,31282399.63,168637.76,179261.76,10624.0,822,6.0,4.2,False
firm_5,276,239.89,500.0,95,289,1106,31491204.2,256504.57,266997.57,10493.0,1113,6.0,4.2,False
firm_5,277,215.9,500.0,94,0,1095,31733949.8,289845.6,298805.6,8960.0,1384,6.0,4.3,False
firm_5,278,237.49,450.0,94,0,1095,31942741.35,251091.55,260051.55,8960.0,1095,6.0,4.2,False
firm_5,279,237.49,495.0,95,0,1106,32148532.29,253615.94,262663.94,9048.0,1106,6.0,4.3,False
firm_5,280,261.24,495.0,96,542,1118,32238832.53,138620.24,150474.24,11854.0,576,6.0,4.4,False
firm_5,281,261.24,495.0,97,494,1129,32485795.01,295777.48,307479.48,11702.0,1177,6.0,4.5,False
firm_5,282,235.12,495.0,98,0,1141,32811878.21,375093.2,384421.2,9328.0,1635,6.0,4.5,False
firm_5,283,258.63,500.0,97,0,1129,33046039.48,282761.27,291993.27,9232.0,1129,6.0,4.6,False
firm_5,284,271.56,450.0,98,51,1141,33287656.88,286417.4,296000.4,9583.0,1090,6.0,4.6,False
firm_5,285,244.4,450.0,99,0,1153,33527240.48,284833.6,294257.6,9424.0,1204,6.0,4.6,False
firm_5,286,219.96,495.0,98,0,1141,33720276.84,241646.36,250974.36,9328.0,1141,6.0,4.7,False
firm_5,287,197.96,445.5,98,0,1141,33893062.2,216544.36,225872.36,9328.0,1141,6.0,4.8,False
firm_5,288,178.16,423.22,99,0,1153,34046557.9,195994.48,205418.48,9424.0,1153,6.0,4.9,False
firm_5,289,195.98,380.9,100,0,1164,34226476.62,218608.72,228120.72,9512.0,1164,6.0,5.0,False
firm_5,290,215.58,380.9,99,0,1153,34427707.26,239139.74,248563.74,9424.0,1153,6.0,5.0,False
firm_5,291,194.02,361.85,100,0,1164,34607349.54,216327.28,225839.28,9512.0,1164,6.0,4.9,False
firm_5,292,213.42,343.76,101,0,1176,34813403.7,241373.92,250981.92,9608.0,1176,6.0,5.0,False
firm_5,293,224.09,378.14,101,773,1176,34852046.83,76835.27,90308.27,13473.0,403,6.0,5.0,False
firm_5,294,246.5,340.33,102,1670,1187,34870072.17,53439.0,71485.0,18046.0,290,6.0,5.0,False
firm_5,295,234.18,323.31,103,2359,1199,34933916.04,97844.8,119431.8,21587.0,510,6.0,5.0,False
firm_5,296,210.76,307.14,104,1521,1210,35315324.96,414151.48,431636.48,17485.0,2048,6.0,5.1,False
firm_5,297,189.68,307.14,104,596,1210,35675289.2,392106.8,404966.8,12860.0,2135,6.0,5.0,False
firm_5,298,170.71,307.14,105,0,1222,35942614.28,300374.78,310350.78,9976.0,1818,6.0,5.1,False
firm_5,299,153.64,337.85,105,0,1222,36084912.11,177772.08,187748.08,9976.0,1222,6.0,5.1,False
firm_5,300,153.64,371.64,106,0,1234,36224538.03,179519.76,189591.76,10072.0,1234,6.0,5.1,False
firm_5,301,161.32,371.64,107,0,1245,36374955.95,190683.4,200843.4,10160.0,1245,6.0,5.0,False
firm_5,302,161.32,390.22,108,0,1257,36524835.43,192523.24,202779.24,10256.0,1257,6.0,5.0,False
firm_5,303,177.45,370.71,108,0,1257,36697597.4,212798.65,223054.65,10256.0,1257,6.0,5.0,False
firm_5,304,168.58,407.78,109,0,1268,36856064.82,203415.44,213759.44,10344.0,1268,6.0,5.0,False
firm_5,305,151.72,448.56,108,0,1257,36988076.38,180456.04,190712.04,10256.0,1257,6.0,5.0,False
firm_5,306,159.31,470.99,107,0,1245,37125861.4,188180.95,198340.95,10160.0,1245,6.0,5.0,False
firm_5,307,143.38,494.54,107,0,1245,37240993.72,168348.1,178508.1,10160.0,1245,6.0,5.1,False
firm_5,308,157.72,500.0,107,0,1245,37373695.12,186201.4,196361.4,10160.0,1245,6.0,5.1,False
firm_5,309,165.61,500.0,107,0,1245,37516219.57,196024.45,206184.45,10160.0,1245,6.0,5.1,False
firm_5,310,182.17,500.0,108,0,1257,37680451.26,218731.69,228987.69,10256.0,1257,6.0,5.1,False
firm_5,311,182.17,450.0,109,0,1268,37851448.82,220647.56,230991.56,10344.0,1268,6.0,5.2,False
firm_5,312,200.39,427.5,109,0,1268,38048401.84,243750.52,254094.52,10344.0,1268,6.0,5.1,False
firm_5,313,220.43,470.25,110,0,1280,38267784.74,271710.4,282150.4,10440.0,1280,6.0,5.2,False
firm_5,314,242.47,500.0,110,1088,1280,38243258.98,30674.24,46554.24,15880.0,192,6.0,5.2,False
firm_5,315,242.47,450.0,111,1793,1291,38315203.4,122594.42,142087.42,19493.0,586,6.0,5.2,False
firm_5,316,242.47,495.0,111,1935,1291,38518453.43,258395.03,278598.03,20203.0,1149,6.0,5.2,False
firm_5,317,230.35,445.5,110,2049,1280,38717151.53,247903.1,268588.1,20685.0,1166,6.0,5.2,False
firm_5,318,241.87,490.05,110,2162,1280,38924058.32,261012.29,282262.29,21250.0,1167,6.0,5.2,False
firm_5,319,217.68,500.0,110,1725,1280,39223649.88,354691.56,373756.56,19065.0,1717,6.0,5.3,False
firm_5,320,217.68,500.0,109,1264,1268,39528654.6,359704.72,376368.72,16664.0,1729,6.0,5.2,False
firm_5,321,228.56,450.0,109,1753,1268,39638543.84,158939.24,178048.24,19109.0,779,6.0,5.2,False
firm_5,322,205.7,450.0,109,1389,1268,39907707.24,318413.4,335702.4,17289.0,1632,6.0,5.1,False
firm_5,323,185.13,450.0,110,450,1280,40255620.71,398113.47,410803.47,12690.0,2219,6.0,5.1,False
firm_5,324,166.62,472.5,111,0,1291,40482030.63,279557.42,290085.42,10528.0,1741,6.0,5.1,False
firm_5,325,183.28,500.0,112,0,1303,40653520.47,228189.84,238813.84,10624.0,1303,6.0,5.1,False
firm_5,326,174.12,475.0,113,0,1315,40817593.27,218247.8,228967.8,10720.0,1315,6.0,5.1,False
firm_5,327,191.53,475.0,114,0,1326,41006004.05,243160.78,253968.78,10808.0,1326,6.0,5.2,False
firm_5,328,201.11,500.0,115,0,1338,41206185.23,258181.18,269085.18,10904.0,1338,6.0,5.2,False
firm_5,329,191.05,450.0,116,0,1349,41400219.68,246734.45,257726.45,10992.0,1349,6.0,5.2,False
firm_5,330,191.05,472.5,117,0,1361,41593068.23,248931.05,260019.05,11088.0,1361,6.0,5.3,False
firm_5,331,200.6,448.88,118,0,1373,41803740.19,264239.8,275423.8,11184.0,1373,6.0,5.4,False
firm_5,332,220.66,493.77,117,0,1361,42035199.36,289230.26,300318.26,11088.0,1361,6.0,5.4,False
firm_5,333,242.73,500.0,117,0,1361,42295966.89,319267.53,330355.53,11088.0,1361,6.0,5.4,False
firm_5,334,218.46,500.0,118,0,1373,42524928.47,288761.58,299945.58,11184.0,1373,6.0,5.5,False
firm_5,335,218.46,450.0,118,0,1373,42760590.05,288761.58,299945.58,11184.0,1373,6.0,5.5,False
firm_5,336,240.31,405.0,119,0,1384,43033112.09,321317.04,332589.04,11272.0,1384,6.0,5.6,False
firm_5,337,264.34,445.5,119,862,1384,43102401.07,122403.48,137985.48,15582.0,522,6.0,5.7,False
firm_5,338,251.12,490.05,120,1028,1396,43335264.67,292369.6,308877.6,16508.0,1230,6.0,5.7,False
firm_5,339,251.12,500.0,121,705,1407,43693621.27,419456.6,434437.6,14981.0,1730,6.0,5.8,False
firm_5,340,251.12,500.0,122,950,1419,43910334.15,278512.88,294814.88,16302.0,1174,6.0,5.9,False
firm_5,341,226.01,500.0,122,791,1419,44190370.93,341136.78,356643.78,15507.0,1578,6.0,6.0,False
firm_5,342,203.41,475.0,123,74,1430,44555957.2,424711.27,436721.27,12010.0,2147,6.0,6.0,False
firm_5,343,183.07,475.0,124,0,1442,44762355.32,265798.12,277534.12,11736.0,1516,6.0,6.0,False
firm_5,344,173.92,427.5,125,0,1454,44949165.5,241047.68,252879.68,11832.0,1454,6.0,6.0,False
firm_5,345,191.31,427.5,126,0,1465,45162849.65,268349.15,280269.15,11920.0,1465,6.0,6.0,False
firm_5,346,210.44,470.25,126,0,1465,45399972.75,296374.6,308294.6,11920.0,1465,6.0,5.9,False
firm_5,347,220.96,446.74,127,0,1477,45656978.69,314341.92,326357.92,12016.0,1477,6.0,6.0,False
firm_5,348,209.91,469.08,128,0,1488,45896478.53,300242.08,312346.08,12104.0,1488,6.0,5.9,False
firm_5,349,220.41,500.0,127,0,1477,46146208.1,313529.57,325545.57,12016.0,1477,6.0,6.0,False
firm_5,350,198.37,450.0,128,0,1488,46370978.66,283070.56,295174.56,12104.0,1488,6.0,6.0,False
firm_5,351,198.37,405.0,129,0,1500,46603588.66,285355.0,297555.0,12200.0,1500,6.0,5.9,False
firm_5,352,218.21,445.5,129,0,1500,46861134.16,315115.0,327315.0,12200.0,1500,6.0,6.0,False
firm_5,353,229.12,445.5,129,0,1500,47135044.66,331480.0,343680.0,12200.0,1500,6.0,6.0,False
firm_5,354,240.58,490.05,130,1140,1511,47141805.34,71267.18,89255.18,17988.0,371,6.0,6.0,False
firm_5,355,216.52,465.55,131,1242,1523,47369399.21,289080.92,307674.92,18594.0,1421,6.0,6.0,False
firm_5,356,194.87,442.27,132,688,1534,47701496.13,390976.56,406888.56,15912.0,2088,6.0,6.0,False
firm_5,357,214.36,420.16,132,660,1534,47964893.33,319058.32,334830.32,15772.0,1562,6.0,5.9,False
firm_5,358,235.8,420.16,133,1135,1546,48142610.85,234298.8,252541.8,18243.0,1071,6.0,5.9,False
firm_5,359,235.8,399.15,134,1419,1557,48368847.15,280422.4,300173.4,19751.0,1273,6.0,5.9,False
firm_5,360,224.01,439.06,135,1548,1569,48611156.45,302082.4,322574.4,20492.0,1440,6.0,5.9,False
firm_5,361,212.81,482.97,136,1426,1580,48887005.15,342232.62,362202.62,19970.0,1702,6.0,5.9,False
firm_5,362,191.53,500.0,136,869,1580,49211019.76,392114.61,409299.61,17185.0,2137,6.0,6.0,False
firm_5,363,172.38,500.0,137,0,1592,49553110.94,411291.18,424227.18,12936.0,2461,6.0,6.0,False
firm_5,364,172.38,500.0,138,0,1603,49746812.08,263301.14,276325.14,13024.0,1603,6.0,6.0,False
firm_5,365,172.38,450.0,137,0,1592,49946555.04,261492.96,274428.96,12936.0,1592,6.0,6.0,False
firm_6,1,27.73,31.42,15,0,174,92070.71,4200.46,4825.02,624.56,174,0.44,0.19,False
firm_6,2,24.96,29.85,15,0,174,95341.44,3718.48,4343.04,624.56,174,0.44,0.19,False
firm_6,3,24.96,26.86,15,0,172,98611.98,3673.44,4293.12,619.68,172,0.44,0.1,False
firm_6,4,27.46,25.52,16,0,184,102107.34,4403.68,5052.64,648.96,184,0.44,0.1,False
firm_6,5,30.21,24.24,15,0,172,106220.18,4576.44,5196.12,619.68,172,0.44,0.2,False
firm_6,6,33.23,25.45,16,0,183,110647.55,5434.57,6081.09,646.52,183,0.44,0.3,False
firm_6,7,31.57,25.45,16,0,184,115191.07,5150.72,5808.88,658.16,184,0.49,0.3,False
firm_6,8,34.73,28.0,15,0,172,120116.35,5345.28,5973.56,628.28,172,0.49,0.2,False
firm_6,9,38.2,26.6,16,0,184,125561.39,6370.64,7028.8,658.16,184,0.49,0.1,False
firm_6,10,42.02,29.26,16,0,185,132106.28,7113.05,7773.7,660.65,185,0.49,0.2,False
firm_6,11,37.82,29.26,16,0,184,137938.84,6300.72,6958.88,658.16,184,0.49,0.1,False
firm_6,12,34.04,27.8,17,0,195,142708.74,5942.5,6637.8,695.3,195,0.54,0.1,False
firm_6,13,30.64,26.41,16,0,184,147256.58,4970.4,5637.76,667.36,184,0.54,0.1,False
firm_6,14,30.64,25.09,16,0,184,151616.34,4961.2,5637.76,676.56,184,0.59,0.1,False
firm_6,15,30.64,22.58,17,0,195,155792.48,5260.0,5974.8,714.8,195,0.64,0.1,False
firm_6,16,33.7,22.58,18,0,207,160905.11,6219.07,6975.9,756.83,207,0.69,0.1,False
firm_6,17,35.39,21.45,18,0,207,167087.91,6568.9,7325.73,756.83,207,0.69,0.1,False
firm_6,18,37.16,19.3,19,0,218,173224.77,7303.56,8100.88,797.32,218,0.74,0.2,False
firm_6,19,35.3,19.3,19,0,218,179756.15,6898.08,7695.4,797.32,218,0.74,0.2,False
firm_6,20,33.53,18.34,20,0,229,185528.81,6839.46,7678.37,838.91,229,0.79,0.2,False
firm_6,21,33.53,17.42,20,0,229,192019.87,6839.46,7678.37,838.91,229,0.79,0.2,False
firm_6,22,36.88,19.16,19,0,218,198576.55,7220.72,8039.84,819.12,218,0.84,0.3,False
firm_6,23,40.57,21.08,18,0,207,205596.87,7599.76,8397.99,798.23,207,0.89,0.2,False
firm_6,24,44.63,23.19,17,0,195,212932.19,7929.55,8702.85,773.3,195,0.94,0.1,False
firm_6,25,40.17,20.87,18,0,207,219563.14,7506.61,8315.19,808.58,207,0.94,0.1,False
firm_6,26,42.18,20.87,18,0,207,227110.16,7922.68,8731.26,808.58,207,0.94,0.1,False
firm_6,27,46.4,21.91,19,0,218,235257.25,9263.38,10115.2,851.82,218,0.99,0.1,False
firm_6,28,51.04,23.01,20,0,230,244937.05,10840.0,11739.2,899.2,230,1.04,0.1,False
firm_6,29,51.04,21.86,19,0,218,254474.81,10253.1,11126.72,873.62,218,1.09,0.2,False
firm_6,30,56.14,22.95,18,0,207,264632.71,10771.0,11620.98,849.98,207,1.14,0.2,False
firm_6,31,61.75,24.1,19,0,218,276040.89,12566.08,13461.5,895.42,218,1.19,0.2,False
firm_6,32,64.84,26.51,18,0,207,288025.26,12561.55,13421.88,860.33,207,1.19,0.3,False
firm_6,33,68.08,27.84,18,0,207,300656.37,13232.23,14092.56,860.33,207,1.19,0.4,False
firm_6,34,68.08,25.06,17,0,195,312683.9,12453.55,13275.6,822.05,195,1.19,0.3,False
firm_6,35,64.68,25.06,17,0,195,324048.43,11790.55,12612.6,822.05,195,1.19,0.2,False
firm_6,36,61.45,26.31,17,0,195,334552.11,11150.95,11982.75,831.8,195,1.24,0.2,False
firm_6,37,67.6,26.31,17,0,195,346245.29,12340.45,13182.0,841.55,195,1.29,0.1,False
firm_6,38,74.36,28.94,17,0,195,359411.96,13658.65,14500.2,841.55,195,1.29,0.1,False
firm_6,39,78.08,31.83,18,0,208,373595.34,15356.32,16240.64,884.32,208,1.29,0.2,False
firm_6,40,85.89,28.65,17,0,195,389015.29,15907.0,16748.55,841.55,195,1.29,0.1,False
firm_6,41,94.48,30.08,16,0,184,405112.97,16578.96,17384.32,805.36,184,1.29,0.1,False
firm_6,42,89.76,28.58,15,0,172,419257.11,14672.84,15438.72,765.88,172,1.29,0.2,False
firm_6,43,80.78,30.01,16,0,184,432335.11,14058.16,14863.52,805.36,184,1.29,0.1,False
firm_6,44,80.78,33.01,17,0,195,446184.49,14910.55,15752.1,841.55,195,1.29,0.1,False
firm_6,45,88.86,29.71,18,0,207,462662.7,17512.99,18394.02,881.03,207,1.29,0.1,False
firm_6,46,84.42,32.68,19,0,218,478717.22,17475.44,18403.56,928.12,218,1.34,0.2,False
firm_6,47,84.42,34.31,20,0,230,495767.92,18436.9,19416.6,979.7,230,1.39,0.2,False
firm_6,48,75.98,37.74,19,0,218,510464.58,15613.72,16563.64,949.92,218,1.44,0.2,False
firm_6,49,72.18,41.51,20,0,231,524601.77,15667.39,16673.58,1006.19,231,1.49,0.1,False
firm_6,50,79.4,45.66,20,0,231,540812.23,17323.66,18341.4,1017.74,231,1.54,0.1,False
firm_6,51,71.46,50.23,20,0,231,555197.15,15489.52,16507.26,1017.74,231,1.54,0.2,False
firm_6,52,71.46,55.25,21,0,242,569673.54,16236.64,17293.32,1056.68,242,1.54,0.3,False
firm_6,53,71.46,58.01,22,0,254,584949.0,17051.68,18150.84,1099.16,254,1.54,0.2,False
firm_6,54,67.89,58.01,22,0,254,599817.68,16144.9,17244.06,1099.16,254,1.54,0.2,False
firm_6,55,71.28,55.11,22,0,254,615398.52,16993.26,18105.12,1111.86,254,1.59,0.2,False
firm_6,56,78.41,55.11,22,0,254,632890.38,18804.28,19916.14,1111.86,254,1.59,0.3,False
firm_6,57,78.41,49.6,22,0,254,650290.76,18791.58,19916.14,1124.56,254,1.64,0.4,False
firm_6,58,74.49,47.12,22,0,254,666837.32,17783.2,18920.46,1137.26,254,1.69,0.3,False
firm_6,59,78.21,51.83,22,0,254,684212.44,18715.38,19865.34,1149.96,254,1.74,0.2,False
firm_6,60,82.12,57.01,23,0,265,702758.66,20557.45,21761.8,1204.35,265,1.79,0.2,False
firm_6,61,82.12,54.16,24,0,277,722456.23,21497.41,22747.24,1249.83,277,1.79,0.2,False
firm_6,62,90.33,59.58,24,0,277,744484.04,23757.73,25021.41,1263.68,277,1.84,0.3,False
firm_6,63,94.85,65.54,23,0,265,766581.02,23904.4,25135.25,1230.85,265,1.89,0.4,False
firm_6,64,99.59,68.82,23,0,265,790158.66,25160.5,26391.35,1230.85,265,1.89,0.4,False
firm_6,65,109.55,61.94,24,0,277,817139.92,29067.82,30345.35,1277.53,277,1.89,0.5,False
firm_6,66,120.51,68.13,23,0,265,845963.98,30691.05,31935.15,1244.1,265,1.94,0.6,False
firm_6,67,120.51,74.94,24,0,277,875541.46,32076.04,33381.27,1305.23,277,1.99,0.6,False
firm_6,68,114.48,74.94,25,0,289,904685.12,31717.16,33084.72,1367.56,289,2.04,0.6,False
firm_6,69,108.76,78.69,26,0,300,933040.18,31201.0,32628.0,1427.0,300,2.09,0.7,False
firm_6,70,114.2,86.56,27,0,312,964041.78,34138.72,35630.4,1491.68,312,2.14,0.8,False
firm_6,71,114.2,95.22,28,0,324,996118.86,35443.24,37000.8,1557.56,324,2.19,0.7,False
firm_6,72,119.91,99.98,28,0,324,1030296.5,37277.08,38850.84,1573.76,324,2.24,0.8,False
firm_6,73,125.91,94.98,28,0,324,1066641.94,39204.88,40794.84,1589.96,324,2.29,0.8,False
firm_6,74,113.32,104.48,27,0,314,1097640.7,34019.72,35582.48,1562.76,314,2.34,0.8,False
firm_6,75,118.99,94.03,26,0,302,1129620.22,34424.3,35934.98,1510.68,302,2.34,0.7,False
firm_6,76,130.89,94.03,27,0,314,1166018.11,39536.7,41099.46,1562.76,314,2.34,0.8,False
firm_6,77,143.98,98.73,27,0,314,1206783.66,43631.26,45209.72,1578.46,314,2.39,0.7,False
firm_6,78,143.98,98.73,27,0,314,1247433.51,43615.56,45209.72,1594.16,314,2.44,0.8,False
firm_6,79,143.98,88.86,28,0,325,1289279.68,45134.25,46793.5,1659.25,325,2.49,0.9,False
firm_6,80,158.38,97.75,29,0,337,1337289.01,51644.08,53374.06,1729.98,337,2.54,1.0,False
firm_6,81,174.22,102.64,29,0,337,1391194.61,56982.16,58712.14,1729.98,337,2.54,1.1,False
firm_6,82,191.64,92.38,29,0,337,1451368.29,62852.7,64582.68,1729.98,337,2.54,1.1,False
firm_6,83,191.64,101.62,30,0,349,1512917.59,65097.9,66882.36,1784.46,349,2.54,1.0,False
firm_6,84,210.8,91.46,31,0,360,1583417.93,74035.6,75888.0,1852.4,360,2.59,0.9,False
firm_6,85,231.88,91.46,31,0,360,1661989.07,81606.4,83476.8,1870.4,360,2.64,0.9,False
firm_6,86,220.29,96.03,30,0,349,1734170.02,75061.85,76881.21,1819.36,349,2.64,0.9,False
firm_6,87,209.28,96.03,30,0,349,1802291.03,71201.91,73038.72,1836.81,349,2.69,0.9,False
firm_6,88,219.74,86.43,30,0,349,1874550.58,74852.45,76689.26,1836.81,349,2.69,0.9,False
firm_6,89,241.71,86.43,30,0,349,1954260.21,82502.53,84356.79,1854.26,349,2.74,0.8,False
firm_6,90,217.54,86.43,31,0,358,2026845.38,75964.5,77879.32,1914.82,358,2.79,0.8,False
firm_6,91,228.42,90.75,32,0,372,2106213.14,82971.76,84972.24,2000.48,372,2.84,0.7,False
firm_6,92,217.0,86.21,32,0,370,2181653.62,78299.2,80290.0,1990.8,370,2.84,0.8,False
firm_6,93,217.0,90.52,33,0,381,2258580.37,80613.91,82677.0,2063.09,381,2.89,0.7,False
firm_6,94,206.15,85.99,32,0,370,2330094.89,74266.2,76275.5,2009.3,370,2.89,0.7,False
firm_6,95,185.54,90.29,32,0,372,2394107.41,67001.8,69020.88,2019.08,372,2.89,0.8,False
firm_6,96,185.54,81.26,31,0,360,2456104.35,64816.0,66794.4,1978.4,360,2.94,0.9,False
firm_6,97,176.26,89.39,32,0,371,2516003.59,63359.72,65392.46,2032.74,371,2.94,1.0,False
firm_6,98,193.89,80.45,33,0,382,2584508.54,71959.8,74065.98,2106.18,382,2.99,1.1,False
firm_6,99,213.28,80.45,32,0,370,2658801.44,76867.3,78913.6,2046.3,370,2.99,1.0,False
firm_6,100,234.61,76.43,31,0,358,2738118.17,81986.06,83990.38,2004.32,358,3.04,1.1,False
firm_6,101,258.07,68.79,30,0,345,2823149.82,87095.35,89034.15,1938.8,345,3.04,1.0,False
firm_6,102,283.88,61.91,31,0,357,2919858.64,99328.03,101345.16,2017.13,357,3.09,0.9,False
firm_6,103,312.27,68.1,32,0,370,3030317.54,113438.1,115539.9,2101.8,370,3.14,1.0,False
firm_6,104,327.88,74.91,32,0,370,3147134.22,119213.8,121315.6,2101.8,370,3.14,1.0,False
firm_6,105,327.88,78.66,32,0,370,3263730.9,119213.8,121315.6,2101.8,370,3.14,1.1,False
firm_6,106,327.88,78.66,32,0,370,3380209.08,119195.3,121315.6,2120.3,370,3.19,1.0,False
firm_6,107,311.49,82.59,32,0,370,3490378.7,113112.5,115251.3,2138.8,370,3.24,1.1,False
firm_6,108,311.49,74.33,32,0,370,3601012.64,113112.5,115251.3,2138.8,370,3.24,1.2,False
firm_6,109,311.49,74.33,31,0,358,3708145.91,109437.5,111513.42,2075.92,358,3.24,1.2,False
firm_6,110,311.49,78.05,31,0,358,3815163.86,109437.5,111513.42,2075.92,358,3.24,1.1,False
firm_6,111,311.49,70.24,31,0,357,3921899.82,109113.4,111201.93,2088.53,357,3.29,1.1,False
firm_6,112,311.49,73.75,31,0,357,4028726.97,109113.4,111201.93,2088.53,357,3.29,1.0,False
firm_6,113,295.92,73.75,32,0,369,4132690.99,107024.02,109194.48,2170.46,369,3.34,1.0,False
firm_6,114,281.12,70.06,31,0,357,4228772.59,98253.46,100359.84,2106.38,357,3.34,1.0,False
firm_6,115,281.12,73.56,30,0,346,4321685.67,95219.88,97267.52,2047.64,346,3.34,1.1,False
firm_6,116,281.12,73.56,31,0,357,4416840.92,98235.61,100359.84,2124.23,357,3.39,1.2,False
firm_6,117,295.18,69.88,31,0,357,4517711.82,103237.18,105379.26,2142.08,357,3.44,1.1,False
firm_6,118,295.18,76.87,31,0,357,4618348.18,103219.33,105379.26,2159.93,357,3.49,1.1,False
firm_6,119,295.18,76.87,31,0,357,4718866.69,103201.48,105379.26,2177.78,357,3.54,1.2,False
firm_6,120,324.7,84.56,31,0,357,4829885.45,113740.12,115917.9,2177.78,357,3.54,1.3,False
firm_6,121,357.17,76.1,30,0,345,4948714.8,121112.35,123223.65,2111.3,345,3.54,1.2,False
firm_6,122,392.89,68.49,29,0,334,5075686.79,129158.2,131225.26,2067.06,334,3.59,1.2,False
firm_6,123,432.18,75.34,29,0,334,5215566.29,142264.36,144348.12,2083.76,334,3.64,1.1,False
firm_6,124,410.57,79.11,29,0,335,5348506.9,135434.8,137540.95,2106.15,335,3.69,1.0,False
firm_6,125,451.63,75.15,29,0,334,5494854.81,148727.26,150844.42,2117.16,334,3.74,0.9,False
firm_6,126,429.05,67.64,29,0,334,5634078.79,141185.54,143302.7,2117.16,334,3.74,0.8,False
firm_6,127,471.96,74.4,29,0,334,5787438.67,155517.48,157634.64,2117.16,334,3.74,0.7,False
firm_6,128,471.96,74.4,29,0,334,5940798.55,155517.48,157634.64,2117.16,334,3.74,0.7,False
firm_6,129,471.96,81.84,30,0,346,6098738.17,161094.82,163298.16,2203.34,346,3.79,0.6,False
firm_6,130,424.76,90.02,29,0,334,6235646.87,139719.28,141869.84,2150.56,334,3.84,0.5,False
firm_6,131,467.24,90.02,30,184,347,6305242.56,72996.29,76160.12,3163.83,163,3.89,0.4,False
firm_6,132,420.52,90.02,31,0,359,6527979.79,226027.85,228342.36,2314.51,543,3.89,0.3,False
firm_6,133,462.57,99.02,32,174,370,6611407.07,87395.92,90663.72,3267.8,196,3.94,0.4,False
firm_6,134,462.57,99.02,33,433,382,6659801.44,52262.03,56896.11,4634.08,123,3.94,0.5,False
firm_6,135,508.83,94.07,33,815,382,6649933.95,-6563.18,0.0,6563.18,0,3.99,0.4,False
firm_6,136,457.95,103.48,32,1185,370,6638281.29,-8341.3,0.0,8341.3,0,3.99,0.4,False
firm_6,137,412.16,113.83,33,1567,382,6623482.62,-10342.28,0.0,10342.28,0,4.04,0.3,False
firm_6,138,370.94,102.45,32,1876,370,6630798.26,10794.04,22627.34,11833.3,61,4.09,0.3,False
firm_6,139,352.39,112.7,32,2246,370,6613190.06,-13701.8,0.0,13701.8,0,4.14,0.4,False
firm_6,140,334.77,112.7,33,2067,382,6783677.35,174906.39,187805.97,12899.58,561,4.19,0.3,False
firm_6,141,301.29,123.97,34,1033,393,7200785.88,422123.51,429940.83,7817.32,1427,4.24,0.4,False
firm_6,142,271.16,111.57,35,0,405,7583361.56,387180.63,389928.08,2747.45,1438,4.29,0.3,False
firm_6,143,284.72,122.73,36,0,416,7693749.36,115606.08,118443.52,2837.44,416,4.34,0.4,False
firm_6,144,284.72,128.87,37,0,428,7807106.41,118925.24,121860.16,2934.92,428,4.39,0.5,False
firm_6,145,298.96,135.31,38,0,440,7929995.43,128530.8,131542.4,3011.6,440,4.39,0.5,False
firm_6,146,328.86,148.84,38,440,440,7918905.91,-5233.6,0.0,5233.6,0,4.44,0.4,False
firm_6,147,312.42,163.72,38,881,441,7905139.51,-7445.04,0.0,7445.04,0,4.44,0.5,False
firm_6,148,296.8,180.09,37,1119,429,7946607.22,48131.04,56688.8,8557.76,191,4.44,0.5,False
firm_6,149,281.96,162.08,38,1375,441,7981973.69,42225.51,52162.6,9937.09,185,4.49,0.4,False
firm_6,150,267.86,145.87,37,449,429,8334076.14,357699.64,362950.3,5250.66,1355,4.54,0.4,False
firm_6,151,241.07,153.16,38,0,441,8539002.17,211446.11,214552.3,3106.19,890,4.59,0.3,False
firm_6,152,241.07,160.82,38,0,441,8635874.64,103183.63,106311.87,3128.24,441,4.64,0.2,False
firm_6,153,241.07,160.82,39,373,452,8643080.91,13978.25,19044.53,5066.28,79,4.64,0.1,False
firm_6,154,229.02,176.9,39,704,452,8656949.35,20967.54,27711.42,6743.88,121,4.69,0.1,False
firm_6,155,251.92,194.59,40,869,464,8716240.67,67674.92,75324.08,7649.16,299,4.69,0.2,False
firm_6,156,226.73,204.32,41,0,475,9008487.17,301323.62,304725.12,3401.5,1344,4.74,0.2,False
firm_6,157,249.4,183.89,42,424,487,9010049.26,10085.47,15712.2,5626.73,63,4.79,0.3,False
firm_6,158,236.93,193.08,42,335,487,9133005.5,131265.6,136471.68,5206.08,576,4.84,0.3,False
firm_6,159,225.08,202.73,43,0,498,9307673.43,183885.32,187491.64,3606.32,833,4.84,0.3,False
firm_6,160,247.59,223.0,43,353,499,9328629.46,30745.03,36148.14,5403.11,146,4.89,0.3,False
firm_6,161,222.83,245.3,42,0,487,9501724.28,183597.42,187177.2,3579.78,840,4.94,0.2,False
firm_6,162,245.11,269.83,43,417,498,9503409.48,14087.89,19853.91,5766.02,81,4.99,0.3,False
firm_6,163,220.6,283.32,43,0,498,9689069.8,198143.08,201849.0,3705.92,915,5.04,0.4,False
firm_6,164,242.66,254.99,43,40,498,9785112.69,107207.46,111138.28,3930.82,458,5.09,0.4,False
firm_6,165,266.93,229.49,43,0,498,9914897.24,139852.62,143608.34,3755.72,538,5.14,0.4,False
firm_6,166,293.62,206.54,44,243,510,9978549.62,73340.14,78396.54,5056.4,267,5.14,0.5,False
firm_6,167,293.62,185.89,45,734,522,9970963.61,1479.04,9102.22,7623.18,31,5.19,0.5,False
firm_6,168,264.26,195.18,44,267,510,10215355.81,252980.12,258182.02,5201.9,977,5.19,0.5,False
firm_6,169,290.69,185.42,45,789,522,10198513.73,-7898.18,0.0,7898.18,0,5.19,0.6,False
firm_6,170,261.62,194.69,44,1297,508,10179609.85,-10337.52,0.0,10337.52,0,5.19,0.5,False
firm_6,171,235.46,175.22,44,372,508,10503276.43,331676.26,337414.18,5737.92,1433,5.24,0.6,False
firm_6,172,223.69,183.98,44,0,508,10688050.59,192969.28,196847.2,3877.92,880,5.24,0.7,False
firm_6,173,223.69,183.98,45,0,519,10791409.04,112137.55,116095.11,3957.56,519,5.24,0.7,False
firm_6,174,223.69,183.98,46,388,531,10808222.64,25976.68,31987.67,6010.99,143,5.29,0.6,False
firm_6,175,212.51,193.18,47,796,542,10818761.24,20318.06,28476.34,8158.28,134,5.34,0.6,False
firm_6,176,233.76,202.84,46,933,531,10892669.5,83338.9,92101.44,8762.54,394,5.34,0.7,False
firm_6,177,210.38,192.7,47,0,542,11189017.72,306105.12,310310.5,4205.38,1475,5.39,0.7,False
firm_6,178,210.38,173.43,46,0,531,11288301.08,107561.14,111711.78,4150.64,531,5.44,0.8,False
firm_6,179,220.9,190.77,45,444,521,11290203.44,10687.01,17009.3,6322.29,77,5.49,0.8,False
firm_6,180,198.81,209.85,46,0,533,11469768.89,190018.55,194237.37,4218.82,977,5.54,0.9,False
firm_6,181,198.81,220.34,46,0,533,11561153.51,101720.26,105965.73,4245.47,533,5.59,0.8,False
firm_6,182,218.69,198.31,47,222,544,11615984.96,64952.02,70418.18,5466.16,322,5.64,0.9,False
firm_6,183,218.69,198.31,46,0,533,11767374.88,160812.18,165110.95,4298.77,755,5.69,1.0,False
firm_6,184,229.62,218.14,47,544,544,11749291.74,-7130.56,0.0,7130.56,0,5.74,0.9,False
firm_6,185,206.66,196.33,47,0,544,11960499.75,220435.52,224846.08,4410.56,1088,5.74,0.8,False
firm_6,186,227.33,196.33,47,468,542,11961032.48,10060.24,16822.42,6762.18,74,5.79,0.9,False
firm_6,187,250.06,176.7,47,777,542,12002457.28,49929.7,58263.98,8334.28,233,5.84,0.8,False
firm_6,188,225.05,176.7,47,181,542,12244677.9,250725.52,256106.9,5381.38,1138,5.89,0.8,False
firm_6,189,236.3,185.54,48,0,554,12404153.72,169081.74,173680.5,4598.76,735,5.94,0.7,False
firm_6,190,236.3,176.26,48,531,553,12393418.37,-2074.87,5198.6,7273.47,22,5.99,0.6,False
firm_6,191,212.67,193.89,47,1021,542,12385728.8,1423.26,11058.84,9635.58,52,5.99,0.6,False
firm_6,192,223.3,184.2,46,1100,531,12467939.2,90983.6,100931.6,9948.0,452,6.0,0.7,False
firm_6,193,200.97,202.62,47,886,542,12600683.38,142967.32,151933.32,8966.0,756,6.0,0.7,False
firm_6,194,180.87,222.88,48,0,554,12845305.94,255820.8,260452.8,4632.0,1440,6.0,0.7,False
firm_6,195,189.91,234.02,49,0,565,12935918.11,102579.15,107299.15,4720.0,565,6.0,0.6,False
firm_6,196,189.91,210.62,50,0,577,13029449.18,104762.07,109578.07,4816.0,577,6.0,0.6,False
firm_6,197,189.91,221.15,51,130,588,13098895.31,81424.78,86978.78,5554.0,458,6.0,0.5,False
firm_6,198,189.91,243.26,52,0,600,13219080.09,133634.3,138634.3,5000.0,730,6.0,0.6,False
firm_6,199,189.91,255.42,52,569,600,13203840.46,-1957.79,5887.21,7845.0,31,6.0,0.5,False
firm_6,200,208.9,280.96,51,1157,588,13178622.5,-10689.0,0.0,10689.0,0,6.0,0.5,False
firm_6,201,219.35,252.86,50,1712,577,13157229.2,-8550.3,4825.7,13376.0,22,6.0,0.4,False
firm_6,202,230.32,278.15,51,2302,590,13126013.55,-16430.0,0.0,16430.0,0,6.0,0.5,False
firm_6,203,207.29,305.96,50,1538,579,13376584.02,265868.47,278390.47,12522.0,1343,6.0,0.5,False
firm_6,204,186.56,321.26,51,340,590,13686549.04,326949.28,333569.28,6620.0,1788,6.0,0.6,False
firm_6,205,167.9,289.13,52,0,602,13823960.08,153145.8,158161.8,5016.0,942,6.0,0.6,False
firm_6,206,167.9,274.67,51,0,588,13903673.11,93821.2,98725.2,4904.0,588,6.0,0.7,False
firm_6,207,159.5,288.4,50,0,577,13976468.61,87215.5,92031.5,4816.0,577,6.0,0.7,False
firm_6,208,175.45,259.56,49,0,565,14058159.42,94409.25,99129.25,4720.0,565,6.0,0.6,False
firm_6,209,175.45,272.54,49,0,565,14139214.21,94409.25,99129.25,4720.0,565,6.0,0.5,False
firm_6,210,193.0,286.17,49,0,565,14229216.88,104325.0,109045.0,4720.0,565,6.0,0.6,False
firm_6,211,193.0,314.79,48,389,556,14239544.96,25638.0,32231.0,6593.0,167,6.0,0.6,False
firm_6,212,193.0,346.27,47,920,544,14216327.27,-6643.0,2509.0,9152.0,13,6.0,0.7,False
firm_6,213,193.0,346.27,48,726,556,14335478.31,136472.0,144750.0,8278.0,750,6.0,0.7,False
firm_6,214,183.35,363.58,47,53,544,14536710.0,218319.95,223136.95,4817.0,1217,6.0,0.7,False
firm_6,215,201.68,327.22,48,607,554,14512636.44,-7667.0,0.0,7667.0,0,6.0,0.6,False
firm_6,216,191.6,294.5,48,1161,554,14487863.44,-10437.0,0.0,10437.0,0,6.0,0.5,False
firm_6,217,172.44,323.95,49,0,567,14764430.21,293240.32,297976.32,4736.0,1728,6.0,0.6,False
firm_6,218,155.2,323.95,50,0,579,14832661.51,85028.8,89860.8,4832.0,579,6.0,0.7,False
firm_6,219,147.44,340.15,51,0,590,14896683.46,82069.6,86989.6,4920.0,590,6.0,0.7,False
firm_6,220,147.44,357.16,51,0,590,14960537.9,82069.6,86989.6,4920.0,590,6.0,0.6,False
firm_6,221,140.07,321.44,52,0,602,15022429.16,79306.14,84322.14,5016.0,602,6.0,0.6,False
firm_6,222,154.08,305.37,53,553,613,15006820.35,1375.8,9244.8,7869.0,60,6.0,0.7,False
firm_6,223,154.08,335.91,52,0,602,15162299.43,172946.4,177962.4,5016.0,1155,6.0,0.6,False
firm_6,224,154.08,302.32,53,0,613,15234823.51,89347.04,94451.04,5104.0,613,6.0,0.7,False
firm_6,225,154.08,272.09,54,0,623,15310338.49,90807.84,95991.84,5184.0,623,6.0,0.8,False
firm_6,226,169.49,299.3,53,0,611,15392945.98,98470.39,103558.39,5088.0,611,6.0,0.7,False
firm_6,227,169.49,284.33,53,0,611,15476146.88,98470.39,103558.39,5088.0,611,6.0,0.7,False
firm_6,228,169.49,284.33,52,0,600,15557755.72,96694.0,101694.0,5000.0,600,6.0,0.8,False
firm_6,229,169.49,298.55,52,0,600,15638825.12,96694.0,101694.0,5000.0,600,6.0,0.9,False
firm_6,230,186.44,313.48,53,0,611,15730337.52,108826.84,113914.84,5088.0,611,6.0,0.9,False
firm_6,231,177.12,297.81,53,0,611,15817385.91,103132.32,108220.32,5088.0,611,6.0,1.0,False
firm_6,232,177.12,312.7,53,0,611,15903745.13,103132.32,108220.32,5088.0,611,6.0,1.0,False
firm_6,233,168.26,328.34,54,0,623,15984856.75,99641.98,104825.98,5184.0,623,6.0,1.1,False
firm_6,234,151.43,311.92,54,0,623,16057069.96,89156.89,94340.89,5184.0,623,6.0,1.2,False
firm_6,235,143.86,296.32,55,0,634,16126107.6,85935.24,91207.24,5272.0,634,6.0,1.3,False
firm_6,236,151.05,266.69,56,0,646,16202883.26,92210.3,97578.3,5368.0,646,6.0,1.2,False
firm_6,237,166.16,253.36,57,0,657,16291452.86,103711.12,109167.12,5456.0,657,6.0,1.1,False
firm_6,238,182.78,266.03,58,0,669,16392150.94,116727.82,122279.82,5552.0,669,6.0,1.2,False
firm_6,239,201.06,239.43,58,0,669,16507221.14,128957.14,134509.14,5552.0,669,6.0,1.2,False
firm_6,240,201.06,251.4,58,0,669,16621597.08,128957.14,134509.14,5552.0,669,6.0,1.2,False
firm_6,241,201.06,251.4,59,0,680,16737145.28,131080.8,136720.8,5640.0,680,6.0,1.1,False
firm_6,242,201.06,226.26,58,0,669,16852979.34,128957.14,134509.14,5552.0,669,6.0,1.1,False
firm_6,243,221.17,226.26,59,409,680,16891182.07,52252.07,59937.07,7685.0,271,6.0,1.1,False
firm_6,244,199.05,214.95,59,0,680,17089625.47,211125.45,216765.45,5640.0,1089,6.0,1.0,False
firm_6,245,199.05,204.2,60,0,691,17208489.02,131815.55,137543.55,5728.0,691,6.0,1.0,False
firm_6,246,218.96,183.78,61,703,703,17187239.44,-9339.0,0.0,9339.0,0,6.0,0.9,False
firm_6,247,208.01,192.97,61,1281,703,17189040.52,13772.25,26001.25,12229.0,125,6.0,0.9,False
firm_6,248,187.21,212.27,61,7,703,17540347.22,364255.17,370114.17,5859.0,1977,6.0,0.8,False
firm_6,249,205.93,222.88,61,624,703,17535517.52,8765.98,17709.98,8944.0,86,6.0,0.7,False
firm_6,250,185.34,245.17,62,833,714,17603136.68,83519.7,93596.7,10077.0,505,6.0,0.7,False
firm_6,251,166.81,220.65,61,0,703,17839873.19,250396.16,256220.16,5824.0,1536,6.0,0.7,False
firm_6,252,183.49,242.72,62,0,714,17949224.41,125099.86,131011.86,5912.0,714,6.0,0.6,False
firm_6,253,201.84,254.86,62,482,714,17971727.97,38504.88,46826.88,8322.0,232,6.0,0.6,False
firm_6,254,201.84,229.37,63,651,725,18059445.7,102968.04,112223.04,9255.0,556,6.0,0.7,False
firm_6,255,181.66,240.84,64,870,737,18127185.82,83653.88,94099.88,10446.0,518,6.0,0.6,False
firm_6,256,163.49,252.88,65,0,748,18368591.44,258342.82,264526.82,6184.0,1618,6.0,0.6,False
firm_6,257,155.32,252.88,66,0,760,18462864.56,111763.2,118043.2,6280.0,760,6.0,0.7,False
firm_6,258,170.85,252.88,66,0,759,18569577.63,123403.15,129675.15,6272.0,759,6.0,0.6,False
firm_6,259,187.94,265.52,67,0,773,18689981.41,138893.62,145277.62,6384.0,773,6.0,0.6,False
firm_6,260,187.94,238.97,66,0,762,18810923.67,136914.28,143210.28,6296.0,762,6.0,0.6,False
firm_6,261,206.73,250.92,67,0,771,18946332.86,153020.83,159388.83,6368.0,771,6.0,0.7,False
firm_6,262,206.73,238.37,66,0,760,19081435.24,150834.8,157114.8,6280.0,760,6.0,0.7,False
firm_6,263,227.4,262.21,67,718,773,19065900.17,2533.0,12507.0,9974.0,55,6.0,0.7,False
firm_6,264,238.77,249.1,67,1491,773,19035371.47,-13839.0,0.0,13839.0,0,6.0,0.7,False
firm_6,265,214.89,224.19,68,2273,782,19001605.55,-17821.0,0.0,17821.0,0,6.0,0.6,False
firm_6,266,193.4,212.98,67,3044,771,18965547.89,-21588.0,0.0,21588.0,0,6.0,0.5,False
firm_6,267,193.4,191.68,68,3100,782,19070466.05,118452.4,140408.4,21956.0,726,6.0,0.4,False
firm_6,268,183.73,201.26,69,3050,794,19189245.23,133266.12,155068.12,21802.0,844,6.0,0.5,False
firm_6,269,202.1,191.2,68,3186,782,19284414.23,108170.6,130556.6,22386.0,646,6.0,0.4,False
firm_6,270,181.89,191.2,68,2981,782,19429377.06,158164.43,179525.43,21361.0,987,6.0,0.4,False
firm_6,271,163.7,200.76,68,0,782,20025072.48,609547.1,616003.1,6456.0,3763,6.0,0.3,False
firm_6,272,163.7,220.84,67,0,771,20129920.9,119844.7,126212.7,6368.0,771,6.0,0.2,False
firm_6,273,163.7,220.84,68,0,782,20235961.18,121557.4,128013.4,6456.0,782,6.0,0.2,False
firm_6,274,155.51,231.88,67,0,773,20333950.45,113825.23,120209.23,6384.0,773,6.0,0.3,False
firm_6,275,155.51,208.69,68,0,785,20434754.88,115595.35,122075.35,6480.0,785,6.0,0.4,False
firm_6,276,155.51,208.69,69,0,794,20536778.21,116922.94,123474.94,6552.0,794,6.0,0.4,False
firm_6,277,171.06,187.82,70,0,806,20654157.17,131226.36,137874.36,6648.0,806,6.0,0.3,False
firm_6,278,171.06,178.43,70,0,805,20772530.37,131063.3,137703.3,6640.0,805,6.0,0.3,False
firm_6,279,188.17,169.51,71,409,817,20827987.52,67992.36,76773.36,8781.0,408,6.0,0.3,False
firm_6,280,178.76,186.46,71,0,819,21027214.14,212765.28,219517.28,6752.0,1228,6.0,0.4,False
firm_6,281,196.64,195.78,70,86,808,21148289.62,134880.08,141974.08,7094.0,722,6.0,0.5,False
firm_6,282,216.3,185.99,70,894,808,21123936.32,-11134.0,0.0,11134.0,0,6.0,0.4,False
firm_6,283,237.93,176.69,69,1687,793,21096765.71,-14979.0,0.0,14979.0,0,6.0,0.4,False
firm_6,284,261.72,176.69,70,2483,804,21066744.17,-16953.24,2093.76,19047.0,8,6.0,0.4,False
firm_6,285,261.72,194.36,69,2981,796,21109852.89,56519.56,77992.56,21473.0,298,6.0,0.3,False
firm_6,286,235.55,194.36,70,3653,808,21102753.49,7105.8,32034.8,24929.0,136,6.0,0.4,False
firm_6,287,212.0,213.8,69,4214,796,21109983.29,22182.0,49820.0,27638.0,235,6.0,0.4,False
firm_6,288,222.6,203.11,68,4603,785,21154726.41,58654.6,88149.6,29495.0,396,6.0,0.5,False
firm_6,289,211.47,192.95,69,4828,793,21230043.82,89430.96,120114.96,30684.0,568,6.0,0.6,False
firm_6,290,190.32,183.3,69,4530,793,21395541.24,178445.12,207639.12,29194.0,1091,6.0,0.7,False
firm_6,291,171.29,174.14,70,3577,802,21658864.39,276112.95,300613.95,24501.0,1755,6.0,0.8,False
firm_6,292,171.29,191.55,71,3056,815,21851407.78,206843.44,228843.44,22000.0,1336,6.0,0.7,False
firm_6,293,154.16,210.71,70,164,807,22399219.92,562761.84,570237.84,7476.0,3699,6.0,0.6,False
firm_6,294,146.45,200.17,71,0,819,22521416.2,137208.35,143960.35,6752.0,983,6.0,0.7,False
firm_6,295,161.1,210.18,71,0,819,22631582.32,125188.9,131940.9,6752.0,819,6.0,0.8,False
firm_6,296,177.21,210.18,72,788,830,22612512.18,-3337.18,7442.82,10780.0,42,6.0,0.9,False
firm_6,297,194.93,189.16,71,1607,819,22583994.82,-14787.0,0.0,14787.0,0,6.0,1.0,False
firm_6,298,185.18,189.16,72,2433,826,22550702.3,-18973.0,0.0,18973.0,0,6.0,1.0,False
firm_6,299,166.66,198.62,73,3271,838,22512244.04,-23259.0,0.0,23259.0,0,6.0,0.9,False
firm_6,300,183.33,178.76,72,4097,826,22472080.32,-27293.0,0.0,27293.0,0,6.0,0.9,False
firm_6,301,165.0,196.64,72,4923,826,22426199.24,-31423.0,0.0,31423.0,0,6.0,1.0,False
firm_6,302,156.75,176.98,72,4628,826,22558925.43,145768.75,175716.75,29948.0,1121,6.0,1.1,False
firm_6,303,156.75,168.13,71,4246,815,22706567.95,159679.75,187629.75,27950.0,1197,6.0,1.2,False
firm_6,304,172.42,151.32,70,5049,803,22664106.55,-31869.0,0.0,31869.0,0,6.0,1.1,False
firm_6,305,163.8,166.45,71,4579,815,22832356.6,180868.0,210483.0,29615.0,1285,6.0,1.2,False
firm_6,306,180.18,183.1,70,4954,803,22865062.64,45723.04,77117.04,31394.0,428,6.0,1.1,False
firm_6,307,198.2,173.94,70,4592,803,23054205.84,201319.0,230903.0,29584.0,1165,6.0,1.1,False
firm_6,308,198.2,182.64,71,4248,815,23242492.2,201753.8,229713.8,27960.0,1159,6.0,1.0,False
firm_6,309,188.29,200.9,70,3993,803,23400751.02,172621.82,199210.82,26589.0,1058,6.0,1.1,False
firm_6,310,178.88,210.95,71,3625,815,23571843.61,186770.04,211615.04,24845.0,1183,6.0,1.0,False
firm_6,311,187.82,210.95,71,3725,814,23665532.64,108766.48,134103.48,25337.0,714,6.0,1.1,False
firm_6,312,178.43,210.95,72,3705,826,23775163.02,125618.78,150951.78,25333.0,846,6.0,1.2,False
firm_6,313,169.51,232.04,72,3157,830,23969215.92,210959.78,233584.78,22625.0,1378,6.0,1.1,False
firm_6,314,152.56,208.84,71,0,818,24553970.28,599682.0,606426.0,6744.0,3975,6.0,1.2,False
firm_6,315,167.82,219.28,70,0,807,24667395.42,128774.74,135430.74,6656.0,807,6.0,1.2,False
firm_6,316,167.82,197.35,69,0,791,24779695.89,126217.62,132745.62,6528.0,791,6.0,1.3,False
firm_6,317,167.82,187.48,70,0,803,24894207.75,128135.46,134759.46,6624.0,803,6.0,1.2,False
firm_6,318,184.6,178.11,71,0,814,25024414.34,143552.4,150264.4,6712.0,814,6.0,1.2,False
firm_6,319,193.83,187.02,71,736,814,25015862.66,4726.74,15118.74,10392.0,78,6.0,1.2,False
firm_6,320,174.45,196.37,72,1197,826,25052105.27,50881.25,63674.25,12793.0,365,6.0,1.2,False
firm_6,321,157.0,216.01,73,0,841,25348674.54,313038.0,319966.0,6928.0,2038,6.0,1.1,False
firm_6,322,149.15,237.61,74,0,853,25450792.35,120200.95,127224.95,7024.0,853,6.0,1.0,False
firm_6,323,156.61,237.61,74,19,853,25556502.95,123493.74,130612.74,7119.0,834,6.0,1.0,False
firm_6,324,148.78,225.73,75,0,864,25663333.94,124260.74,131372.74,7112.0,883,6.0,0.9,False
firm_6,325,148.78,248.3,76,0,875,25766745.64,122982.5,130182.5,7200.0,875,6.0,0.9,False
firm_6,326,163.66,235.88,77,0,887,25885753.3,137870.42,145166.42,7296.0,887,6.0,0.9,False
firm_6,327,163.66,224.09,77,0,887,26006168.79,137870.42,145166.42,7296.0,887,6.0,0.8,False
firm_6,328,180.03,201.68,77,29,882,26136804.02,146164.59,153565.59,7401.0,853,6.0,0.7,False
firm_6,329,180.03,181.51,78,0,893,26280789.9,158643.66,165987.66,7344.0,922,6.0,0.6,False
firm_6,330,198.03,199.66,77,342,882,26363186.28,97970.2,106936.2,8966.0,540,6.0,0.6,False
firm_6,331,178.23,189.68,76,7,870,26556142.75,207572.15,214767.15,7195.0,1205,6.0,0.6,False
firm_6,332,178.23,180.2,75,236,859,26646660.65,104032.9,112284.9,8252.0,630,6.0,0.5,False
firm_6,333,178.23,180.2,75,478,859,26733451.56,100505.91,109967.91,9462.0,617,6.0,0.4,False
firm_6,334,169.32,171.19,76,0,870,26940824.48,221083.36,228243.36,7160.0,1348,6.0,0.4,False
firm_6,335,152.39,188.31,76,0,870,27051632.22,125419.3,132579.3,7160.0,870,6.0,0.5,False
firm_6,336,152.39,207.14,76,0,870,27161108.88,125419.3,132579.3,7160.0,870,6.0,0.4,False
firm_6,337,144.77,207.14,76,0,870,27263956.14,118789.9,125949.9,7160.0,870,6.0,0.4,False
firm_6,338,159.25,217.5,77,0,881,27379759.89,133051.25,140299.25,7248.0,881,6.0,0.4,False
firm_6,339,175.18,239.25,78,505,892,27418532.05,57933.66,67794.66,9861.0,387,6.0,0.4,False
firm_6,340,175.18,215.32,79,478,904,27553992.35,153270.58,163092.58,9822.0,931,6.0,0.5,False
firm_6,341,157.66,236.85,80,0,915,27746344.73,212100.38,219620.38,7520.0,1393,6.0,0.6,False
firm_6,342,157.66,248.69,79,904,904,27714546.22,-11952.0,0.0,11952.0,0,6.0,0.6,False
firm_6,343,173.43,273.56,79,1518,908,27728869.4,35934.42,50988.42,15054.0,294,6.0,0.5,False
firm_6,344,164.76,246.2,78,1383,892,27864423.32,154957.52,169208.52,14251.0,1027,6.0,0.4,False
firm_6,345,181.24,221.58,77,1873,881,27901413.5,54251.84,70864.84,16613.0,391,6.0,0.4,False
firm_6,346,199.36,210.5,78,2529,892,27911362.46,27067.96,47048.96,19981.0,236,6.0,0.3,False
firm_6,347,189.39,231.55,79,3274,904,27898881.02,6311.01,30113.01,23802.0,159,6.0,0.2,False
firm_6,348,170.45,208.4,78,3043,892,28051190.17,168864.35,191415.35,22551.0,1123,6.0,0.3,False
firm_6,349,153.4,229.24,78,2215,892,28278746.45,245437.0,263848.0,18411.0,1720,6.0,0.2,False
firm_6,350,138.06,252.16,78,452,892,28615831.27,356953.3,366549.3,9596.0,2655,6.0,0.1,False
firm_6,351,151.87,252.16,78,107,892,28775954.98,179992.19,187863.19,7871.0,1237,6.0,0.1,False
firm_6,352,151.87,277.38,79,0,904,28899450.53,146108.57,153540.57,7432.0,1011,6.0,0.1,False
firm_6,353,144.28,249.64,80,0,915,29003275.53,124496.2,132016.2,7520.0,915,6.0,0.1,False
firm_6,354,144.28,249.64,80,0,915,29107600.53,124496.2,132016.2,7520.0,915,6.0,0.1,False
firm_6,355,144.28,274.6,80,0,919,29210373.85,125041.32,132593.32,7552.0,919,6.0,0.2,False
firm_6,356,137.07,247.14,80,0,919,29309017.98,118415.33,125967.33,7552.0,919,6.0,0.2,False
firm_6,357,137.07,271.85,79,0,908,29404437.39,116995.56,124459.56,7464.0,908,6.0,0.3,False
firm_6,358,137.07,244.67,80,0,919,29502579.12,118415.33,125967.33,7552.0,919,6.0,0.2,False
firm_6,359,130.22,269.14,80,0,919,29592968.1,112120.18,119672.18,7552.0,919,6.0,0.2,False
firm_6,360,143.24,242.23,80,0,915,29696934.3,123544.6,131064.6,7520.0,915,6.0,0.2,False
firm_6,361,136.08,254.34,81,0,926,29794034.84,118402.08,126010.08,7608.0,926,6.0,0.1,False
firm_6,362,149.69,241.62,82,333,937,29854573.76,81051.76,90412.76,9361.0,604,6.0,0.1,False
firm_6,363,142.21,229.54,83,0,949,30009243.16,174521.22,182313.22,7792.0,1282,6.0,0.2,False
firm_6,364,135.1,252.49,83,0,949,30108604.39,120417.9,128209.9,7792.0,949,6.0,0.3,False
firm_6,365,141.85,252.49,82,0,937,30212917.66,125217.45,132913.45,7696.0,937,6.0,0.2,False
firm_7,1,36.42,23.64,19,0,218,116677.57,7218.54,7939.56,721.02,218,0.39,0.53,False
firm_7,2,32.78,24.82,20,0,230,122370.87,6789.7,7539.4,749.7,230,0.39,0.63,False
firm_7,3,31.14,27.3,19,0,220,127766.17,6114.0,6850.8,736.8,220,0.44,0.53,False
firm_7,4,31.14,24.57,19,0,218,133255.94,6056.6,6788.52,731.92,218,0.44,0.63,False
firm_7,5,29.58,24.57,18,0,207,137921.31,5407.63,6123.06,715.43,207,0.49,0.73,False
firm_7,6,26.62,25.8,17,0,195,141988.06,4505.35,5190.9,685.55,195,0.49,0.73,False
firm_7,7,25.29,23.22,18,0,206,145256.6,4486.5,5209.74,723.24,206,0.54,0.83,False
firm_7,8,24.03,24.38,19,0,218,148567.3,4473.92,5238.54,764.62,218,0.59,0.73,False
firm_7,9,21.63,26.82,18,0,207,151725.82,3741.28,4477.41,736.13,207,0.59,0.83,False
firm_7,10,20.55,28.16,19,0,218,154406.06,3715.28,4479.9,764.62,218,0.59,0.73,False
firm_7,11,21.58,25.34,18,0,207,157580.87,3730.93,4467.06,736.13,207,0.59,0.83,False
firm_7,12,22.66,26.61,17,0,195,160742.15,3713.65,4418.7,705.05,195,0.59,0.93,False
firm_7,13,24.93,29.27,18,0,207,163829.32,4414.03,5160.51,746.48,207,0.64,1.03,False
firm_7,14,23.68,26.34,19,0,218,166904.68,4375.82,5162.24,786.42,218,0.69,1.13,False
firm_7,15,21.31,25.02,18,0,207,169898.31,3643.99,4411.17,767.18,207,0.74,1.03,False
firm_7,16,20.24,22.52,19,0,218,172374.53,3604.1,4412.32,808.22,218,0.79,0.93,False
firm_7,17,22.26,20.27,20,0,230,175647.23,4278.1,5119.8,841.7,230,0.79,1.03,False
firm_7,18,21.15,21.28,21,0,241,178925.11,4224.76,5097.15,872.39,241,0.79,0.93,False
firm_7,19,20.09,22.34,22,0,253,182110.53,4176.9,5082.77,905.87,253,0.79,0.93,False
firm_7,20,22.1,20.11,23,0,264,185832.64,4884.64,5834.4,949.76,264,0.84,0.83,False
firm_7,21,19.89,22.12,22,0,253,189459.65,4113.65,5032.17,918.52,253,0.84,0.73,False
firm_7,22,20.88,19.91,23,0,264,192851.08,4549.36,5512.32,962.96,264,0.89,0.63,False
firm_7,23,19.84,19.91,23,0,264,196354.75,4261.6,5237.76,976.16,264,0.94,0.73,False
firm_7,24,20.83,20.91,22,0,252,200203.01,4308.28,5249.16,940.88,252,0.94,0.73,False
firm_7,25,18.75,18.82,23,0,264,203030.79,3960.64,4950.0,989.36,264,0.99,0.63,False
firm_7,26,16.88,16.94,23,0,264,206108.13,3466.96,4456.32,989.36,264,0.99,0.53,False
firm_7,27,16.04,17.79,23,0,264,208944.16,3245.2,4234.56,989.36,264,0.99,0.43,False
firm_7,28,17.64,17.79,23,0,263,212187.94,3652.95,4639.32,986.37,263,0.99,0.33,False
firm_7,29,19.4,16.01,24,0,275,215516.45,4312.75,5335.0,1022.25,275,0.99,0.43,False
firm_7,30,18.43,15.21,25,0,286,218852.04,4215.84,5270.98,1055.14,286,0.99,0.33,False
firm_7,31,16.59,15.21,24,0,275,221813.25,3526.25,4562.25,1036.0,275,1.04,0.23,False
firm_7,32,14.93,14.45,24,0,275,224536.2,3069.75,4105.75,1036.0,275,1.04,0.13,False
firm_7,33,13.44,15.17,23,0,263,226722.49,2535.2,3534.72,999.52,263,1.04,0.1,False
firm_7,34,12.1,15.17,22,0,252,228259.27,2070.52,3049.2,978.68,252,1.09,0.1,False
firm_7,35,12.7,15.93,21,0,240,230031.14,2106.4,3048.0,941.6,240,1.09,0.1,False
firm_7,36,11.43,15.93,20,0,229,231210.95,1698.41,2617.47,919.06,229,1.14,0.1,False
firm_7,37,10.29,14.34,19,0,217,231979.19,1340.7,2232.93,892.23,217,1.19,0.2,False
firm_7,38,10.0,14.34,20,0,229,232340.43,1348.04,2290.0,941.96,229,1.24,0.1,False
firm_7,39,10.0,12.91,19,0,217,233151.21,1256.07,2170.0,913.93,217,1.29,0.1,False
firm_7,40,10.0,12.26,20,0,229,233531.15,1325.14,2290.0,964.86,229,1.34,0.1,False
firm_7,41,10.0,12.26,21,0,240,233960.09,1386.4,2400.0,1013.6,240,1.39,0.1,False
firm_7,42,10.0,13.49,22,0,252,234529.03,1465.72,2520.0,1054.28,252,1.39,0.2,False
firm_7,43,10.5,13.49,23,0,263,235075.54,1656.78,2761.5,1104.72,263,1.44,0.3,False
firm_7,44,10.0,14.16,24,0,275,235525.95,1590.25,2750.0,1159.75,275,1.49,0.4,False
firm_7,45,10.0,15.58,25,0,286,236298.31,1661.86,2860.0,1198.14,286,1.49,0.3,False
firm_7,46,10.0,17.14,25,0,286,237217.37,1647.56,2860.0,1212.44,286,1.54,0.4,False
firm_7,47,10.0,16.28,24,0,274,238396.69,1570.04,2740.0,1169.96,274,1.54,0.3,False
firm_7,48,10.5,15.47,24,0,274,239732.45,1707.04,2877.0,1169.96,274,1.54,0.3,False
firm_7,49,11.02,17.02,23,0,263,241008.23,1767.24,2898.26,1131.02,263,1.54,0.4,False
firm_7,50,10.47,17.87,23,0,263,241906.66,1609.44,2753.61,1144.17,263,1.59,0.5,False
firm_7,51,10.0,17.87,23,0,262,242761.97,1466.32,2620.0,1153.68,262,1.64,0.4,False
firm_7,52,10.0,16.98,22,0,251,243784.77,1396.36,2510.0,1113.64,251,1.64,0.3,False
firm_7,53,10.0,15.28,22,0,251,244744.97,1396.36,2510.0,1113.64,251,1.64,0.4,False
firm_7,54,10.0,14.52,23,0,262,245164.23,1453.22,2620.0,1166.78,262,1.69,0.3,False
firm_7,55,10.0,14.52,22,0,251,246016.05,1371.26,2510.0,1138.74,251,1.74,0.3,False
firm_7,56,10.0,13.07,23,0,262,246342.46,1427.02,2620.0,1192.98,262,1.79,0.4,False
firm_7,57,10.0,14.38,22,0,250,247166.1,1340.0,2500.0,1160.0,250,1.84,0.3,False
firm_7,58,10.0,13.66,21,0,239,247939.53,1260.29,2390.0,1129.71,239,1.89,0.2,False
firm_7,59,10.0,14.34,22,0,250,248451.55,1327.5,2500.0,1172.5,250,1.89,0.1,False
firm_7,60,10.0,12.91,23,0,262,248842.34,1387.72,2620.0,1232.28,262,1.94,0.1,False
firm_7,61,10.5,13.56,22,0,250,249671.52,1427.5,2625.0,1197.5,250,1.99,0.2,False
firm_7,62,10.5,12.2,23,0,262,250183.44,1492.52,2751.0,1258.48,262,2.04,0.1,False
firm_7,63,11.02,13.42,22,0,250,251220.7,1532.5,2755.0,1222.5,250,2.09,0.1,False
firm_7,64,11.02,14.76,21,0,239,252155.06,1444.32,2633.78,1189.46,239,2.14,0.1,False
firm_7,65,11.02,13.28,21,0,239,253320.5,1444.32,2633.78,1189.46,239,2.14,0.1,False
firm_7,66,10.47,13.94,22,0,250,253683.82,1370.0,2617.5,1247.5,250,2.19,0.1,False
firm_7,67,10.0,12.55,21,0,239,254508.86,1188.59,2390.0,1201.41,239,2.19,0.2,False
firm_7,68,11.0,12.55,20,0,228,255399.14,1341.28,2508.0,1166.72,228,2.24,0.1,False
firm_7,69,11.0,12.55,20,0,228,256278.02,1329.88,2508.0,1178.12,228,2.29,0.1,False
firm_7,70,10.45,13.81,19,0,216,256935.39,1119.76,2257.2,1137.44,216,2.34,0.1,False
firm_7,71,10.0,15.19,20,0,228,257122.07,1090.48,2280.0,1189.52,228,2.34,0.2,False
firm_7,72,10.5,15.95,21,0,239,257247.41,1260.29,2509.5,1249.21,239,2.39,0.3,False
firm_7,73,11.55,14.36,21,0,239,258357.09,1511.24,2760.45,1249.21,239,2.39,0.4,False
firm_7,74,10.4,12.92,22,0,250,258662.85,1290.0,2600.0,1310.0,250,2.44,0.3,False
firm_7,75,10.4,14.21,23,0,262,258884.44,1348.42,2724.8,1376.38,262,2.49,0.4,False
firm_7,76,10.0,15.63,22,0,250,259505.58,1165.0,2500.0,1335.0,250,2.54,0.4,False
firm_7,77,11.0,15.63,23,0,262,260138.61,1492.52,2882.0,1389.48,262,2.54,0.3,False
firm_7,78,11.55,14.85,23,0,262,261433.68,1636.62,3026.1,1389.48,262,2.54,0.2,False
firm_7,79,10.4,15.59,24,0,273,261645.65,1386.13,2839.2,1453.07,273,2.59,0.3,False
firm_7,80,10.0,15.59,25,0,284,261878.14,1322.24,2840.0,1517.76,284,2.64,0.2,False
firm_7,81,10.0,14.81,25,0,284,262615.93,1308.04,2840.0,1531.96,284,2.69,0.1,False
firm_7,82,10.0,13.33,24,0,273,263331.99,1235.98,2730.0,1494.02,273,2.74,0.1,False
firm_7,83,10.0,14.66,25,0,285,263550.34,1284.85,2850.0,1565.15,285,2.79,0.1,False
firm_7,84,10.0,15.39,26,0,296,263777.56,1327.36,2960.0,1632.64,296,2.84,0.1,False
firm_7,85,10.0,16.16,27,0,307,264010.01,1368.77,3070.0,1701.23,307,2.89,0.1,False
firm_7,86,10.5,16.16,27,0,307,264780.61,1506.92,3223.5,1716.58,307,2.94,0.2,False
firm_7,87,10.0,16.97,28,0,318,265214.53,1409.08,3180.0,1770.92,318,2.94,0.1,False
firm_7,88,11.0,17.82,29,0,329,265891.49,1793.74,3619.0,1825.26,329,2.94,0.2,False
firm_7,89,11.55,18.71,30,0,340,266660.59,2030.4,3927.0,1896.6,340,2.99,0.1,False
firm_7,90,11.55,19.65,30,0,340,268101.49,2030.4,3927.0,1896.6,340,2.99,0.1,False
firm_7,91,12.13,21.62,31,0,352,269244.55,2313.28,4269.76,1956.48,352,2.99,0.1,False
firm_7,92,10.92,19.46,32,0,363,269856.27,1934.44,3963.96,2029.52,363,3.04,0.1,False
firm_7,93,11.47,19.46,33,0,374,270700.21,2186.12,4289.78,2103.66,374,3.09,0.1,False
firm_7,94,10.9,21.41,32,0,363,271605.97,1890.88,3956.7,2065.82,363,3.14,0.2,False
firm_7,95,10.9,22.48,33,0,374,272218.37,1954.24,4076.6,2122.36,374,3.14,0.3,False
firm_7,96,11.44,22.48,33,0,374,273314.03,2137.5,4278.56,2141.06,374,3.19,0.4,False
firm_7,97,10.3,23.6,34,0,385,273559.73,1748.1,3965.5,2217.4,385,3.24,0.3,False
firm_7,98,10.3,25.96,35,0,396,273635.09,1783.96,4078.8,2294.84,396,3.29,0.4,False
firm_7,99,10.0,23.36,36,0,408,273915.81,1721.68,4080.0,2358.32,408,3.29,0.5,False
firm_7,100,10.5,21.02,36,0,408,275084.77,1925.68,4284.0,2358.32,408,3.29,0.4,False
firm_7,101,10.0,18.92,36,0,408,275904.93,1701.28,4080.0,2378.72,408,3.34,0.4,False
firm_7,102,10.0,19.87,36,0,408,276890.89,1701.28,4080.0,2378.72,408,3.34,0.4,False
firm_7,103,10.0,21.86,36,0,408,277584.81,1680.88,4080.0,2399.12,408,3.39,0.3,False
firm_7,104,10.0,22.95,36,0,408,278439.49,1680.88,4080.0,2399.12,408,3.39,0.3,False
firm_7,105,10.0,22.95,36,0,408,279073.77,1660.48,4080.0,2419.52,408,3.44,0.2,False
firm_7,106,10.0,24.1,37,0,419,279392.71,1710.64,4190.0,2479.36,419,3.44,0.1,False
firm_7,107,11.0,26.51,38,0,430,279854.63,2169.3,4730.0,2560.7,430,3.49,0.1,False
firm_7,108,10.0,27.84,37,0,419,280293.29,1668.74,4190.0,2521.26,419,3.54,0.1,False
firm_7,109,10.5,29.23,38,0,430,280615.35,1932.8,4515.0,2582.2,430,3.54,0.1,False
firm_7,110,10.5,32.15,38,0,430,281326.45,1932.8,4515.0,2582.2,430,3.54,0.1,False
firm_7,111,10.0,33.76,37,0,422,281538.35,1661.02,4220.0,2558.98,422,3.59,0.1,False
firm_7,112,10.0,30.38,38,0,430,281358.71,1674.8,4300.0,2625.2,430,3.64,0.1,False
firm_7,113,10.0,31.9,38,0,430,281599.81,1653.3,4300.0,2646.7,430,3.69,0.1,False
firm_7,114,10.0,31.9,38,0,434,281836.45,1648.84,4340.0,2691.16,434,3.74,0.1,False
firm_7,115,10.0,33.49,39,0,445,281503.79,1673.45,4450.0,2776.55,445,3.79,0.1,False
firm_7,116,10.0,35.16,40,0,457,281221.36,1723.97,4570.0,2846.03,457,3.79,0.2,False
firm_7,117,10.0,38.68,40,0,457,281175.28,1701.12,4570.0,2868.88,457,3.84,0.1,False
firm_7,118,10.0,42.55,41,0,468,280354.21,1723.48,4680.0,2956.52,468,3.89,0.2,False
firm_7,119,10.0,42.55,42,0,479,279611.85,1744.74,4790.0,3045.26,479,3.94,0.1,False
firm_7,120,10.0,40.42,43,0,491,278942.7,1768.91,4910.0,3141.09,491,3.99,0.1,False
firm_7,121,10.5,42.44,42,0,479,278896.56,1936.34,5029.5,3093.16,479,4.04,0.1,False
firm_7,122,10.5,46.68,41,0,468,278546.56,1863.88,4914.0,3050.12,468,4.09,0.2,False
firm_7,123,10.5,46.68,41,0,468,278173.16,1840.48,4914.0,3073.52,468,4.14,0.3,False
firm_7,124,10.0,42.01,41,0,468,278057.23,1606.48,4680.0,3073.52,468,4.14,0.2,False
firm_7,125,10.0,37.81,40,0,456,277882.19,1537.36,4560.0,3022.64,456,4.19,0.2,False
firm_7,126,11.0,39.7,41,0,468,277582.17,2027.68,5148.0,3120.32,468,4.24,0.2,False
firm_7,127,10.0,41.68,42,0,479,276932.65,1601.04,4790.0,3188.96,479,4.24,0.1,False
firm_7,128,10.0,43.76,43,0,491,276097.13,1646.16,4910.0,3263.84,491,4.24,0.2,False
firm_7,129,10.0,45.95,44,0,502,275037.75,1662.42,5020.0,3357.58,502,4.29,0.2,False
firm_7,130,10.0,41.36,45,0,513,274279.78,1703.23,5130.0,3426.77,513,4.29,0.3,False
firm_7,131,10.0,41.36,46,0,525,273398.72,1721.5,5250.0,3528.5,525,4.34,0.3,False
firm_7,132,10.0,43.43,45,0,513,272796.3,1651.93,5130.0,3478.07,513,4.39,0.4,False
firm_7,133,10.0,43.43,44,0,501,272268.94,1583.56,5010.0,3426.44,501,4.44,0.4,False
firm_7,134,11.0,43.43,43,0,490,272335.85,2034.4,5390.0,3355.6,490,4.44,0.5,False
firm_7,135,11.0,39.09,44,0,501,272200.45,2084.56,5511.0,3426.44,501,4.44,0.5,False
firm_7,136,10.45,41.04,44,0,501,272203.7,1809.01,5235.45,3426.44,501,4.44,0.4,False
firm_7,137,10.0,45.14,45,0,513,270973.03,1600.63,5130.0,3529.37,513,4.49,0.5,False
firm_7,138,10.0,40.63,44,0,501,270743.82,1558.51,5010.0,3451.49,501,4.49,0.5,False
firm_7,139,10.0,38.6,44,0,501,270603.93,1558.51,5010.0,3451.49,501,4.49,0.4,False
firm_7,140,10.0,34.74,45,0,513,270041.26,1600.63,5130.0,3529.37,513,4.49,0.5,False
firm_7,141,10.0,38.21,46,0,524,269196.64,1613.04,5240.0,3626.96,524,4.54,0.5,False
firm_7,142,10.0,42.03,47,0,535,268145.58,1624.35,5350.0,3725.65,535,4.59,0.4,False
firm_7,143,10.0,46.23,47,0,535,267497.12,1624.35,5350.0,3725.65,535,4.59,0.5,False
firm_7,144,10.5,50.85,48,0,546,266163.88,1907.56,5733.0,3825.44,546,4.64,0.6,False
firm_7,145,10.0,45.76,47,0,535,265384.01,1570.85,5350.0,3779.15,535,4.69,0.5,False
firm_7,146,10.0,45.76,46,0,523,264484.03,1504.98,5230.0,3725.02,523,4.74,0.6,False
firm_7,147,10.0,48.05,46,0,523,263452.56,1478.83,5230.0,3751.17,523,4.79,0.7,False
firm_7,148,10.0,50.45,46,0,523,262384.54,1452.68,5230.0,3777.32,523,4.84,0.6,False
firm_7,149,11.0,52.97,45,0,512,261705.21,1904.32,5632.0,3727.68,512,4.89,0.5,False
firm_7,150,10.0,47.67,46,0,523,260212.77,1400.38,5230.0,3829.62,523,4.94,0.4,False
firm_7,151,10.0,42.9,47,0,534,258903.81,1407.34,5340.0,3932.66,534,4.99,0.4,False
firm_7,152,11.0,38.61,47,0,534,258703.78,1914.64,5874.0,3959.36,534,5.04,0.5,False
firm_7,153,11.55,36.68,48,0,546,258478.3,2235.16,6306.3,4071.14,546,5.09,0.4,False
firm_7,154,10.4,33.01,48,0,546,258173.78,1579.96,5678.4,4098.44,546,5.14,0.5,False
firm_7,155,10.0,29.71,49,0,557,257383.16,1365.17,5570.0,4204.83,557,5.19,0.5,False
firm_7,156,10.0,31.2,50,0,568,256719.24,1396.08,5680.0,4283.92,568,5.19,0.5,False
firm_7,157,10.0,32.76,50,0,568,256248.92,1367.68,5680.0,4312.32,568,5.24,0.5,False
firm_7,158,10.0,29.48,50,0,568,255914.2,1339.28,5680.0,4340.72,568,5.29,0.5,False
firm_7,159,10.0,26.53,49,0,556,255593.19,1278.96,5560.0,4281.04,556,5.34,0.6,False
firm_7,160,10.0,23.88,48,0,545,255469.4,1222.45,5450.0,4227.55,545,5.39,0.5,False
firm_7,161,10.0,25.07,47,0,534,255484.85,1193.74,5340.0,4146.26,534,5.39,0.5,False
firm_7,162,10.0,26.32,47,0,534,255441.55,1193.74,5340.0,4146.26,534,5.39,0.4,False
firm_7,163,10.0,23.69,47,0,533,255519.25,1191.13,5330.0,4138.87,533,5.39,0.3,False
firm_7,164,10.0,24.87,46,0,522,255311.55,1136.32,5220.0,4083.68,522,5.44,0.2,False
firm_7,165,11.0,23.63,45,0,510,255638.3,1590.1,5610.0,4019.9,510,5.49,0.1,False
firm_7,166,10.0,24.81,46,0,521,254878.7,1081.66,5210.0,4128.34,521,5.54,0.1,False
firm_7,167,11.0,23.57,46,0,521,255071.09,1576.61,5731.0,4154.39,521,5.59,0.2,False
firm_7,168,12.1,24.75,46,0,521,255856.25,2123.66,6304.1,4180.44,521,5.64,0.2,False
firm_7,169,11.5,23.51,46,0,521,256585.85,1811.06,5991.5,4180.44,521,5.64,0.1,False
firm_7,170,12.65,25.86,46,0,521,257580.45,2384.16,6590.65,4206.49,521,5.69,0.1,False
firm_7,171,11.38,28.45,45,0,511,257660.24,1660.04,5815.18,4155.14,511,5.74,0.2,False
firm_7,172,11.38,28.45,44,0,499,258024.8,1616.36,5678.62,4062.26,499,5.74,0.1,False
firm_7,173,11.38,29.87,45,0,510,257511.55,1630.9,5803.8,4172.9,510,5.79,0.2,False
firm_7,174,10.81,26.88,45,0,511,257419.62,1317.67,5523.91,4206.24,511,5.84,0.2,False
firm_7,175,10.81,28.22,46,0,525,256654.5,1333.0,5675.25,4342.25,525,5.89,0.3,False
firm_7,176,11.89,29.63,47,0,536,256479.09,1917.2,6373.04,4455.84,536,5.94,0.2,False
firm_7,177,11.3,32.59,48,0,548,256056.05,1641.28,6192.4,4551.12,548,5.94,0.1,False
firm_7,178,11.87,34.22,49,0,559,255548.19,1968.92,6635.33,4666.41,559,5.99,0.2,False
firm_7,179,10.68,32.51,50,0,571,254552.97,1330.28,6098.28,4768.0,571,6.0,0.2,False
firm_7,180,10.0,29.26,51,0,582,253524.71,964.0,5820.0,4856.0,582,6.0,0.2,False
firm_7,181,11.0,32.19,51,0,582,253129.02,1546.0,6402.0,4856.0,582,6.0,0.3,False
firm_7,182,12.1,33.8,51,0,582,253491.42,2186.2,7042.2,4856.0,582,6.0,0.4,False
firm_7,183,11.5,33.8,52,0,593,252909.32,1875.5,6819.5,4944.0,593,6.0,0.4,False
firm_7,184,12.65,30.42,52,0,593,253784.93,2557.45,7501.45,4944.0,593,6.0,0.5,False
firm_7,185,11.38,28.9,53,0,605,253398.13,1844.9,6884.9,5040.0,605,6.0,0.5,False
firm_7,186,12.52,30.34,53,0,604,254120.19,2530.08,7562.08,5032.0,604,6.0,0.4,False
firm_7,187,11.27,27.31,54,0,616,253959.77,1814.32,6942.32,5128.0,616,6.0,0.4,False
firm_7,188,11.27,25.94,55,0,627,253683.36,1850.29,7066.29,5216.0,627,6.0,0.3,False
firm_7,189,12.4,28.53,54,0,616,254453.14,2510.4,7638.4,5128.0,616,6.0,0.3,False
firm_7,190,13.02,31.38,55,0,627,254974.78,2947.54,8163.54,5216.0,627,6.0,0.2,False
firm_7,191,13.02,34.52,55,0,627,255823.72,2947.54,8163.54,5216.0,627,6.0,0.1,False
firm_7,192,11.72,37.97,54,0,616,255564.86,2091.52,7219.52,5128.0,616,6.0,0.2,False
firm_7,193,11.13,34.17,54,0,616,255147.76,1728.08,6856.08,5128.0,616,6.0,0.3,False
firm_7,194,10.02,35.88,53,0,605,254068.22,1022.1,6062.1,5040.0,605,6.0,0.3,False
firm_7,195,10.0,39.47,54,0,617,252270.84,1034.0,6170.0,5136.0,617,6.0,0.3,False
firm_7,196,10.5,37.5,55,0,628,250878.34,1370.0,6594.0,5224.0,628,6.0,0.3,False
firm_7,197,11.55,39.38,56,0,639,250141.51,2068.45,7380.45,5312.0,639,6.0,0.4,False
firm_7,198,10.97,35.44,56,0,639,249554.7,1697.83,7009.83,5312.0,639,6.0,0.5,False
firm_7,199,10.0,31.9,57,0,651,248138.4,1102.0,6510.0,5408.0,651,6.0,0.5,False
firm_7,200,10.0,28.71,57,0,651,247403.93,1102.0,6510.0,5408.0,651,6.0,0.4,False
firm_7,201,10.0,28.71,57,0,651,246869.46,1102.0,6510.0,5408.0,651,6.0,0.4,False
firm_7,202,11.0,28.71,57,0,651,246785.99,1753.0,7161.0,5408.0,651,6.0,0.4,False
firm_7,203,10.45,30.15,58,0,662,245959.19,1421.9,6917.9,5496.0,662,6.0,0.3,False
firm_7,204,10.97,31.66,59,0,673,245190.06,1798.81,7382.81,5584.0,673,6.0,0.2,False
firm_7,205,10.97,30.08,59,0,673,245014.15,1798.81,7382.81,5584.0,673,6.0,0.1,False
firm_7,206,10.0,33.09,60,0,685,243498.75,1170.0,6850.0,5680.0,685,6.0,0.1,False
firm_7,207,11.0,29.78,61,0,696,242770.17,1888.0,7656.0,5768.0,696,6.0,0.2,False
firm_7,208,11.0,31.27,61,0,696,242550.7,1888.0,7656.0,5768.0,696,6.0,0.1,False
firm_7,209,10.0,34.4,61,0,696,241444.3,1192.0,6960.0,5768.0,696,6.0,0.1,False
firm_7,210,10.0,34.4,61,0,696,240537.9,1192.0,6960.0,5768.0,696,6.0,0.1,False
firm_7,211,11.0,30.96,62,0,708,239742.38,1924.0,7788.0,5864.0,708,6.0,0.2,False
firm_7,212,10.0,29.41,62,0,708,239134.96,1216.0,7080.0,5864.0,708,6.0,0.1,False
firm_7,213,10.0,26.47,62,0,708,238509.82,1216.0,7080.0,5864.0,708,6.0,0.1,False
firm_7,214,10.0,29.12,63,0,720,237215.26,1240.0,7200.0,5960.0,720,6.0,0.1,False
firm_7,215,10.0,26.21,64,0,731,236099.82,1262.0,7310.0,6048.0,731,6.0,0.1,False
firm_7,216,10.0,24.9,65,0,742,235065.32,1284.0,7420.0,6136.0,742,6.0,0.1,False
firm_7,217,10.0,22.41,65,0,742,234892.67,1284.0,7420.0,6136.0,742,6.0,0.1,False
firm_7,218,10.0,20.17,66,0,754,234169.45,1308.0,7540.0,6232.0,754,6.0,0.1,False
firm_7,219,10.0,18.15,66,0,753,234077.55,1306.0,7530.0,6224.0,753,6.0,0.1,False
firm_7,220,10.0,19.06,65,0,742,234122.65,1284.0,7420.0,6136.0,742,6.0,0.1,False
firm_7,221,10.0,17.15,65,0,742,234191.9,1284.0,7420.0,6136.0,742,6.0,0.2,False
firm_7,222,10.0,18.01,64,0,731,234201.26,1262.0,7310.0,6048.0,731,6.0,0.3,False
firm_7,223,10.5,16.21,63,0,719,234677.53,1597.5,7549.5,5952.0,719,6.0,0.4,False
firm_7,224,11.55,17.02,62,0,708,235635.69,2313.4,8177.4,5864.0,708,6.0,0.5,False
firm_7,225,12.13,15.32,62,0,708,237109.89,2724.04,8588.04,5864.0,708,6.0,0.6,False
firm_7,226,12.74,14.55,62,0,708,239163.71,3155.92,9019.92,5864.0,708,6.0,0.5,False
firm_7,227,12.1,13.1,61,0,690,240893.61,2629.0,8349.0,5720.0,690,6.0,0.6,False
firm_7,228,12.1,11.79,60,0,679,242570.11,2583.9,8215.9,5632.0,679,6.0,0.5,False
firm_7,229,13.31,10.61,59,0,665,244975.27,3331.15,8851.15,5520.0,665,6.0,0.6,False
firm_7,230,12.64,11.67,58,0,662,246970.09,2871.68,8367.68,5496.0,662,6.0,0.5,False
firm_7,231,13.27,12.84,58,0,662,249314.11,3288.74,8784.74,5496.0,662,6.0,0.4,False
firm_7,232,14.6,14.12,58,0,662,252464.35,4169.2,9665.2,5496.0,662,6.0,0.3,False
firm_7,233,15.33,14.83,59,0,674,255829.8,4740.42,10332.42,5592.0,674,6.0,0.2,False
firm_7,234,16.86,13.35,58,0,659,260394.24,5638.74,11110.74,5472.0,659,6.0,0.3,False
firm_7,235,18.55,12.02,59,0,667,265821.91,6836.85,12372.85,5536.0,667,6.0,0.3,False
firm_7,236,17.62,10.82,58,0,655,270995.45,6101.1,11541.1,5440.0,655,6.0,0.4,False
firm_7,237,19.38,11.9,58,0,656,277470.53,7265.28,12713.28,5448.0,656,6.0,0.5,False
firm_7,238,17.44,10.71,57,0,640,282501.66,5841.6,11161.6,5320.0,640,6.0,0.5,False
firm_7,239,15.7,11.78,58,0,651,286031.12,4812.7,10220.7,5408.0,651,6.0,0.6,False
firm_7,240,15.7,12.37,58,0,659,290087.96,4874.3,10346.3,5472.0,659,6.0,0.7,False
firm_7,241,16.48,12.37,57,0,650,294494.87,5312.0,10712.0,5400.0,650,6.0,0.6,False
firm_7,242,15.66,12.99,58,0,661,298104.71,4863.26,10351.26,5488.0,661,6.0,0.5,False
firm_7,243,15.66,13.64,59,0,672,301547.47,4947.52,10523.52,5576.0,672,6.0,0.4,False
firm_7,244,14.88,12.96,60,0,684,304675.79,4505.92,10177.92,5672.0,684,6.0,0.5,False
firm_7,245,14.88,13.61,59,0,672,308296.16,4423.36,9999.36,5576.0,672,6.0,0.5,False
firm_7,246,14.14,14.97,59,0,672,311339.01,3926.08,9502.08,5576.0,672,6.0,0.5,False
firm_7,247,12.73,13.47,59,0,670,313313.38,2969.1,8529.1,5560.0,670,6.0,0.4,False
firm_7,248,13.37,12.12,59,0,665,315969.35,3371.05,8891.05,5520.0,665,6.0,0.4,False
firm_7,249,13.37,10.91,60,0,672,318223.39,3408.64,8984.64,5576.0,672,6.0,0.3,False
firm_7,250,14.71,10.36,60,0,672,321710.91,4309.12,9885.12,5576.0,672,6.0,0.3,False
firm_7,251,14.71,10.0,59,0,661,325156.22,4235.31,9723.31,5488.0,661,6.0,0.2,False
firm_7,252,13.24,10.0,58,0,655,327608.42,3232.2,8672.2,5440.0,655,6.0,0.2,False
firm_7,253,14.56,10.5,58,0,658,330915.9,4116.48,9580.48,5464.0,658,6.0,0.2,False
firm_7,254,13.83,10.0,57,0,643,333794.59,3548.69,8892.69,5344.0,643,6.0,0.3,False
firm_7,255,13.83,10.5,56,0,627,336462.0,3455.41,8671.41,5216.0,627,6.0,0.2,False
firm_7,256,13.14,11.02,57,0,643,338238.88,3105.02,8449.02,5344.0,643,6.0,0.1,False
firm_7,257,13.8,11.57,56,0,635,340873.96,3483.0,8763.0,5280.0,635,6.0,0.1,False
firm_7,258,13.11,10.41,56,0,631,343015.41,3024.41,8272.41,5248.0,631,6.0,0.2,False
firm_7,259,11.8,10.41,56,0,631,344430.25,2197.8,7445.8,5248.0,631,6.0,0.1,False
firm_7,260,11.8,10.93,57,0,643,345550.64,2243.4,7587.4,5344.0,643,6.0,0.1,False
firm_7,261,11.8,10.0,56,0,626,347069.44,2178.8,7386.8,5208.0,626,6.0,0.2,False
firm_7,262,12.98,10.5,57,0,643,348973.08,3002.14,8346.14,5344.0,643,6.0,0.1,False
firm_7,263,12.33,10.0,58,0,649,350203.25,2610.17,8002.17,5392.0,649,6.0,0.2,False
firm_7,264,11.1,10.5,59,0,660,350929.75,1846.0,7326.0,5480.0,660,6.0,0.2,False
firm_7,265,11.66,10.0,58,0,649,352225.09,2175.34,7567.34,5392.0,649,6.0,0.3,False
firm_7,266,12.83,10.0,57,0,638,354236.63,2881.54,8185.54,5304.0,638,6.0,0.4,False
firm_7,267,13.47,10.0,58,0,649,356306.66,3350.03,8742.03,5392.0,649,6.0,0.4,False
firm_7,268,13.47,10.0,57,0,640,358837.46,3300.8,8620.8,5320.0,640,6.0,0.3,False
firm_7,269,12.8,11.0,58,0,655,360443.46,2944.0,8384.0,5440.0,655,6.0,0.2,False
firm_7,270,12.16,10.0,57,0,640,362135.86,2462.4,7782.4,5320.0,640,6.0,0.2,False
firm_7,271,12.77,10.0,58,0,655,363780.21,2924.35,8364.35,5440.0,655,6.0,0.2,False
firm_7,272,11.49,11.0,58,0,655,365228.16,2085.95,7525.95,5440.0,655,6.0,0.2,False
firm_7,273,11.49,11.55,58,0,655,366644.21,2085.95,7525.95,5440.0,655,6.0,0.2,False
firm_7,274,12.64,12.13,59,0,667,368123.42,2894.88,8430.88,5536.0,667,6.0,0.1,False
firm_7,275,13.9,10.92,58,0,651,370930.96,3640.9,9048.9,5408.0,651,6.0,0.1,False
firm_7,276,13.9,10.0,57,0,637,373719.26,3558.3,8854.3,5296.0,637,6.0,0.1,False
firm_7,277,12.51,11.0,56,0,626,375526.52,2623.26,7831.26,5208.0,626,6.0,0.1,False
firm_7,278,13.14,10.0,55,0,615,377737.62,2961.1,8081.1,5120.0,615,6.0,0.1,False
firm_7,279,14.45,10.5,54,0,604,380866.42,3695.8,8727.8,5032.0,604,6.0,0.1,False
firm_7,280,15.17,11.02,54,0,604,384102.02,4130.68,9162.68,5032.0,604,6.0,0.2,False
firm_7,281,16.69,10.0,55,0,615,387996.37,5144.35,10264.35,5120.0,615,6.0,0.1,False
firm_7,282,17.52,10.0,56,0,626,392695.89,5759.52,10967.52,5208.0,626,6.0,0.1,False
firm_7,283,16.64,10.0,57,0,637,396729.57,5303.68,10599.68,5296.0,637,6.0,0.1,False
firm_7,284,15.81,10.5,58,0,648,400281.45,4860.88,10244.88,5384.0,648,6.0,0.1,False
firm_7,285,16.6,11.02,57,0,637,404931.51,5278.2,10574.2,5296.0,637,6.0,0.1,False
firm_7,286,18.26,10.0,58,0,648,410299.99,6448.48,11832.48,5384.0,648,6.0,0.1,False
firm_7,287,18.26,11.0,59,0,664,415463.63,6612.64,12124.64,5512.0,664,6.0,0.2,False
firm_7,288,18.26,10.0,59,0,664,421286.27,6612.64,12124.64,5512.0,664,6.0,0.1,False
firm_7,289,19.17,10.5,59,0,664,427783.65,7216.88,12728.88,5512.0,664,6.0,0.2,False
firm_7,290,19.17,11.02,60,0,675,433762.2,7339.75,12939.75,5600.0,675,6.0,0.2,False
firm_7,291,18.21,11.02,60,0,675,439792.75,6691.75,12291.75,5600.0,675,6.0,0.1,False
firm_7,292,16.39,10.0,60,0,670,444314.05,5421.3,10981.3,5560.0,670,6.0,0.2,False
firm_7,293,15.57,11.0,59,0,664,448291.53,4826.48,10338.48,5512.0,664,6.0,0.1,False
firm_7,294,17.13,10.0,59,0,664,453563.85,5862.32,11374.32,5512.0,664,6.0,0.1,False
firm_7,295,17.99,10.5,59,0,666,459397.69,6453.34,11981.34,5528.0,666,6.0,0.1,False
firm_7,296,18.89,10.0,58,0,652,465517.97,6900.28,12316.28,5416.0,652,6.0,0.1,False
firm_7,297,18.89,10.0,58,0,652,471638.25,6900.28,12316.28,5416.0,652,6.0,0.1,False
firm_7,298,19.83,10.5,59,0,666,478197.53,7678.78,13206.78,5528.0,666,6.0,0.1,False
firm_7,299,21.81,10.5,59,0,666,486575.49,8997.46,14525.46,5528.0,666,6.0,0.1,False
firm_7,300,19.63,10.5,59,0,663,493466.68,7510.69,13014.69,5504.0,663,6.0,0.1,False
firm_7,301,19.63,10.0,58,0,652,499969.44,7382.76,12798.76,5416.0,652,6.0,0.2,False
firm_7,302,18.65,10.0,58,0,652,506133.24,6743.8,12159.8,5416.0,652,6.0,0.1,False
firm_7,303,20.52,11.0,57,0,644,513169.12,7862.88,13214.88,5352.0,644,6.0,0.1,False
firm_7,304,21.55,11.55,57,0,644,520836.97,8526.2,13878.2,5352.0,644,6.0,0.1,False
firm_7,305,22.63,10.4,57,0,639,529392.74,9148.57,14460.57,5312.0,639,6.0,0.1,False
firm_7,306,24.89,10.4,57,0,643,539160.21,10660.27,16004.27,5344.0,643,6.0,0.2,False
firm_7,307,23.65,11.44,57,0,643,548171.08,9862.95,15206.95,5344.0,643,6.0,0.1,False
firm_7,308,23.65,12.01,56,0,632,556889.32,9690.8,14946.8,5256.0,632,6.0,0.2,False
firm_7,309,23.65,13.21,57,0,644,565314.95,9878.6,15230.6,5352.0,644,6.0,0.1,False
firm_7,310,24.83,11.89,57,0,644,575275.74,10638.52,15990.52,5352.0,644,6.0,0.1,False
firm_7,311,22.35,12.48,56,0,632,583246.06,8869.2,14125.2,5256.0,632,6.0,0.1,False
firm_7,312,22.35,13.1,55,0,621,591236.91,8711.35,13879.35,5168.0,621,6.0,0.1,False
firm_7,313,23.47,13.1,56,0,632,599280.35,9577.04,14833.04,5256.0,632,6.0,0.2,False
firm_7,314,24.64,12.44,57,0,643,608570.79,10499.52,15843.52,5344.0,643,6.0,0.1,False
firm_7,315,27.1,11.2,58,0,655,619531.69,12310.5,17750.5,5440.0,655,6.0,0.1,False
firm_7,316,29.81,10.08,58,0,655,632832.6,14085.55,19525.55,5440.0,655,6.0,0.1,False
firm_7,317,29.81,11.09,57,0,643,646024.3,13823.83,19167.83,5344.0,643,6.0,0.1,False
firm_7,318,26.83,11.64,57,0,643,657068.51,11907.69,17251.69,5344.0,643,6.0,0.1,False
firm_7,319,25.49,10.48,56,0,629,666982.84,10801.21,16033.21,5232.0,629,6.0,0.2,False
firm_7,320,25.49,10.0,57,0,634,676601.5,10888.66,16160.66,5272.0,634,6.0,0.1,False
firm_7,321,24.22,10.0,57,0,640,686012.3,10180.8,15500.8,5320.0,640,6.0,0.1,False
firm_7,322,24.22,10.0,56,0,623,695157.36,9905.06,15089.06,5184.0,623,6.0,0.1,False
firm_7,323,25.43,10.0,57,0,634,704737.98,10850.62,16122.62,5272.0,634,6.0,0.1,False
firm_7,324,26.7,11.0,58,0,654,715329.78,12029.8,17461.8,5432.0,654,6.0,0.2,False
firm_7,325,24.03,10.0,58,0,650,724769.28,10219.5,15619.5,5400.0,650,6.0,0.2,False
firm_7,326,26.43,10.5,57,0,637,735410.69,11539.91,16835.91,5296.0,637,6.0,0.3,False
firm_7,327,23.79,11.02,58,0,654,744398.19,10126.66,15558.66,5432.0,654,6.0,0.2,False
firm_7,328,22.6,12.12,57,0,642,752580.55,9173.2,14509.2,5336.0,642,6.0,0.3,False
firm_7,329,24.86,13.33,56,0,634,762323.31,10489.24,15761.24,5272.0,634,6.0,0.3,False
firm_7,330,27.35,14.66,56,0,633,773350.9,12048.55,17312.55,5264.0,633,6.0,0.2,False
firm_7,331,27.35,13.93,57,0,645,784137.64,12280.75,17640.75,5360.0,645,6.0,0.2,False
firm_7,332,27.35,12.54,57,0,643,795464.91,12242.05,17586.05,5344.0,643,6.0,0.2,False
firm_7,333,30.09,11.29,57,0,643,808825.25,14003.87,19347.87,5344.0,643,6.0,0.2,False
firm_7,334,28.59,12.42,58,0,654,820670.75,13265.86,18697.86,5432.0,654,6.0,0.2,False
firm_7,335,31.45,11.18,58,0,653,834835.16,15112.85,20536.85,5424.0,653,6.0,0.3,False
firm_7,336,28.3,11.74,59,0,665,846942.0,13299.5,18819.5,5520.0,665,6.0,0.3,False
firm_7,337,26.88,10.57,60,0,673,858114.04,12506.24,18090.24,5584.0,673,6.0,0.3,False
firm_7,338,26.88,11.1,60,0,675,869992.04,12544.0,18144.0,5600.0,675,6.0,0.3,False
firm_7,339,26.88,11.66,61,0,687,881551.34,12770.56,18466.56,5696.0,687,6.0,0.2,False
firm_7,340,25.54,10.49,60,0,673,892326.36,11604.42,17188.42,5584.0,673,6.0,0.2,False
firm_7,341,22.99,10.49,61,0,682,901009.65,10023.18,15679.18,5656.0,682,6.0,0.1,False
firm_7,342,25.29,10.49,61,0,682,911661.54,11591.78,17247.78,5656.0,682,6.0,0.2,False
firm_7,343,26.55,10.0,62,0,689,923122.49,12580.95,18292.95,5712.0,689,6.0,0.2,False
firm_7,344,26.55,10.0,63,0,700,934677.49,12785.0,18585.0,5800.0,700,6.0,0.3,False
firm_7,345,27.88,10.0,64,0,711,947272.17,13934.68,19822.68,5888.0,711,6.0,0.3,False
firm_7,346,27.88,11.0,65,0,729,960149.69,14292.52,20324.52,6032.0,729,6.0,0.3,False
firm_7,347,25.09,10.0,65,0,727,971724.12,12224.43,18240.43,6016.0,727,6.0,0.2,False
firm_7,348,23.84,11.0,65,0,731,982188.16,11379.04,17427.04,6048.0,731,6.0,0.1,False
firm_7,349,26.22,10.0,66,0,742,994147.4,13319.24,19455.24,6136.0,742,6.0,0.1,False
firm_7,350,27.53,10.0,66,0,738,1007700.54,14213.14,20317.14,6104.0,738,6.0,0.1,False
firm_7,351,30.28,10.0,65,0,730,1022814.94,16064.4,22104.4,6040.0,730,6.0,0.2,False
firm_7,352,33.31,10.0,64,0,719,1039972.83,17997.89,23949.89,5952.0,719,6.0,0.2,False
firm_7,353,36.64,10.0,63,0,705,1059234.03,19991.2,25831.2,5840.0,705,6.0,0.3,False
firm_7,354,32.98,10.0,63,0,704,1075789.95,17385.92,23217.92,5832.0,704,6.0,0.2,False
firm_7,355,29.68,10.0,64,0,710,1089642.75,15192.8,21072.8,5880.0,710,6.0,0.1,False
firm_7,356,26.71,10.0,64,0,710,1102086.85,13084.1,18964.1,5880.0,710,6.0,0.1,False
firm_7,357,24.04,10.0,63,0,702,1112316.93,11060.08,16876.08,5816.0,702,6.0,0.1,False
firm_7,358,24.04,10.0,64,0,713,1122413.45,11236.52,17140.52,5904.0,713,6.0,0.1,False
firm_7,359,22.84,11.0,63,0,704,1131967.81,10247.36,16079.36,5832.0,704,6.0,0.1,False
firm_7,360,22.84,11.0,64,0,713,1141144.73,10380.92,16284.92,5904.0,713,6.0,0.1,False
firm_7,361,23.98,10.0,64,0,712,1151482.49,11177.76,17073.76,5896.0,712,6.0,0.1,False
firm_7,362,26.38,10.0,64,0,712,1163529.05,12886.56,18782.56,5896.0,712,6.0,0.1,False
firm_7,363,29.02,10.0,64,0,712,1177455.29,14766.24,20662.24,5896.0,712,6.0,0.1,False
firm_7,364,31.92,11.0,63,0,709,1193321.57,16759.28,22631.28,5872.0,709,6.0,0.1,False
firm_7,365,30.32,10.0,63,0,701,1207937.89,15446.32,21254.32,5808.0,701,6.0,0.1,False
firm_8,1,44.6,29.66,20,0,232,110822.64,9615.92,10347.2,731.28,232,0.29,0.37,False
firm_8,2,44.6,28.18,19,0,220,119184.42,9097.2,9812.0,714.8,220,0.34,0.37,False
firm_8,3,49.06,28.18,19,0,220,128516.4,10067.4,10793.2,725.8,220,0.39,0.27,False
firm_8,4,49.06,29.59,18,0,208,137391.14,9507.36,10204.48,697.12,208,0.39,0.37,False
firm_8,5,53.97,29.59,17,0,197,146849.37,9961.26,10632.09,670.83,197,0.39,0.27,False
firm_8,6,59.37,32.55,18,0,208,157315.31,11651.84,12348.96,697.12,208,0.39,0.37,False
firm_8,7,65.31,35.8,17,0,198,168964.87,12258.16,12931.38,673.22,198,0.39,0.27,False
firm_8,8,65.31,34.01,16,0,186,179614.53,11493.82,12147.66,653.84,186,0.44,0.37,False
firm_8,9,65.31,35.71,17,0,198,190545.82,12238.36,12931.38,693.02,198,0.49,0.37,False
firm_8,10,71.84,37.5,16,0,186,202644.92,12699.1,13362.24,663.14,186,0.49,0.27,False
firm_8,11,68.25,41.25,15,0,175,213334.17,11308.0,11943.75,635.75,175,0.49,0.17,False
firm_8,12,75.08,39.19,15,0,175,225040.82,12494.5,13139.0,644.5,175,0.54,0.1,False
firm_8,13,75.08,39.19,14,0,162,235835.54,11543.38,12162.96,619.58,162,0.59,0.1,False
firm_8,14,82.59,41.15,13,0,151,246873.04,11872.45,12471.09,598.64,151,0.64,0.2,False
firm_8,15,74.33,45.26,14,0,162,256945.08,11405.68,12041.46,635.78,162,0.69,0.2,False
firm_8,16,78.05,43.0,13,0,151,267257.89,11171.81,11785.55,613.74,151,0.74,0.3,False
firm_8,17,81.95,47.3,12,0,139,277293.53,10803.24,11391.05,587.81,139,0.79,0.2,False
firm_8,18,73.76,52.03,11,0,128,285398.96,8877.76,9441.28,563.52,128,0.84,0.1,False
firm_8,19,77.45,49.43,10,0,116,293359.42,8454.76,8984.2,529.44,116,0.84,0.1,False
firm_8,20,73.58,44.49,10,0,116,300920.36,8005.84,8535.28,529.44,116,0.84,0.1,False
firm_8,21,77.26,42.27,11,0,128,308974.75,9319.36,9889.28,569.92,128,0.89,0.2,False
firm_8,22,77.26,40.16,10,0,116,317000.07,8426.92,8962.16,535.24,116,0.89,0.2,False
firm_8,23,84.99,42.17,9,0,104,324753.74,8333.2,8838.96,505.76,104,0.94,0.1,False
firm_8,24,93.49,44.28,10,0,115,333818.44,10207.5,10751.35,543.85,115,0.99,0.1,False
firm_8,25,102.84,44.28,9,0,104,343399.12,10179.2,10695.36,516.16,104,1.04,0.1,False
firm_8,26,97.7,39.85,9,0,104,352685.11,9644.64,10160.8,516.16,104,1.04,0.1,False
firm_8,27,87.93,41.84,8,0,92,359860.27,7609.88,8089.56,479.68,92,1.04,0.2,False
firm_8,28,96.72,39.75,9,0,104,368445.24,9542.72,10058.88,516.16,104,1.04,0.3,False
firm_8,29,106.39,39.75,9,0,104,378330.69,10543.2,11064.56,521.36,104,1.09,0.4,False
firm_8,30,101.07,39.75,8,0,92,386622.25,8809.56,9298.44,488.88,92,1.14,0.3,False
firm_8,31,101.07,39.75,8,0,92,394909.21,8804.96,9298.44,493.48,92,1.19,0.2,False
firm_8,32,101.07,41.74,7,0,81,402141.26,7724.23,8186.67,462.44,81,1.24,0.1,False
firm_8,33,111.18,39.65,6,0,69,408947.77,7244.41,7671.42,427.01,69,1.29,0.1,False
firm_8,34,111.18,43.62,7,0,81,416681.52,8539.09,9005.58,466.49,81,1.29,0.1,False
firm_8,35,122.3,41.44,6,0,69,424344.57,8011.69,8438.7,427.01,69,1.29,0.2,False
firm_8,36,110.07,41.44,5,0,57,430023.83,5886.46,6273.99,387.53,57,1.29,0.2,False
firm_8,37,115.57,45.58,4,0,46,434604.09,4962.58,5316.22,353.64,46,1.34,0.2,False
firm_8,38,121.35,43.3,5,0,57,440414.16,6526.57,6916.95,390.38,57,1.34,0.1,False
firm_8,39,109.22,41.14,6,0,69,446773.04,7105.72,7536.18,430.46,69,1.34,0.1,False
firm_8,40,98.3,45.25,7,0,81,453448.05,7491.76,7962.3,470.54,81,1.34,0.1,False
firm_8,41,98.3,49.78,8,0,93,460876.44,8626.63,9141.9,515.27,93,1.39,0.2,False
firm_8,42,103.22,47.29,7,0,81,468431.64,7886.23,8360.82,474.59,81,1.39,0.2,False
firm_8,43,108.38,47.29,6,0,69,475192.21,7044.31,7478.22,433.91,69,1.39,0.2,False
firm_8,44,97.54,52.02,7,0,81,481654.22,7426.15,7900.74,474.59,81,1.39,0.3,False
firm_8,45,102.42,57.22,8,0,93,489706.25,9009.79,9525.06,515.27,93,1.39,0.2,False
firm_8,46,107.54,51.5,7,0,81,497377.85,8232.1,8710.74,478.64,81,1.44,0.2,False
firm_8,47,112.92,48.92,7,0,81,505703.29,8667.88,9146.52,478.64,81,1.44,0.2,False
firm_8,48,101.63,51.37,7,0,81,512893.04,7749.34,8232.03,482.69,81,1.49,0.1,False
firm_8,49,96.55,51.37,6,0,69,518805.96,6221.14,6661.95,440.81,69,1.49,0.1,False
firm_8,50,86.9,53.94,6,0,69,523834.16,5551.84,5996.1,444.26,69,1.54,0.1,False
firm_8,51,82.56,48.55,7,0,80,529015.91,6121.6,6604.8,483.2,80,1.54,0.2,False
firm_8,52,86.69,48.55,7,0,80,535128.06,6452.0,6935.2,483.2,80,1.54,0.2,False
firm_8,53,91.02,46.12,8,0,92,541902.66,7843.56,8373.84,530.28,92,1.59,0.1,False
firm_8,54,91.02,46.12,7,0,80,548170.22,6790.4,7281.6,491.2,80,1.64,0.1,False
firm_8,55,81.92,48.43,6,0,69,553080.96,5201.32,5652.48,451.16,69,1.64,0.1,False
firm_8,56,86.02,43.59,6,0,69,558100.19,5480.77,5935.38,454.61,69,1.69,0.1,False
firm_8,57,77.42,39.23,5,0,57,561703.8,3999.76,4412.94,413.18,57,1.74,0.1,False
firm_8,58,69.68,41.19,4,0,46,564169.98,2830.94,3205.28,374.34,46,1.79,0.1,False
firm_8,59,69.68,41.19,5,0,57,566816.91,3552.88,3971.76,418.88,57,1.84,0.1,False
firm_8,60,76.65,41.19,6,0,69,570893.66,4823.89,5288.85,464.96,69,1.84,0.1,False
firm_8,61,72.82,39.13,6,0,68,575149.52,4490.64,4951.76,461.12,68,1.84,0.1,False
firm_8,62,69.18,35.22,7,0,80,579226.18,5023.2,5534.4,511.2,80,1.89,0.1,False
firm_8,63,65.72,35.22,8,0,91,583870.95,5426.53,5980.52,553.99,91,1.89,0.1,False
firm_8,64,69.01,31.7,9,0,103,589287.86,6502.21,7108.03,605.82,103,1.94,0.2,False
firm_8,65,69.01,30.12,9,0,103,595518.99,6502.21,7108.03,605.82,103,1.94,0.2,False
firm_8,66,65.56,27.11,8,0,91,600504.98,5402.87,5965.96,563.09,91,1.99,0.1,False
firm_8,67,59.0,27.11,7,0,80,604516.01,4200.8,4720.0,519.2,80,1.99,0.1,False
firm_8,68,61.95,27.11,6,0,68,607994.63,3741.28,4212.6,471.32,68,1.99,0.2,False
firm_8,69,65.05,25.75,7,0,80,611999.18,4684.8,5204.0,519.2,80,1.99,0.2,False
firm_8,70,68.3,23.18,7,0,80,616577.72,4940.8,5464.0,523.2,80,2.04,0.2,False
firm_8,71,68.3,22.02,7,0,80,621264.38,4940.8,5464.0,523.2,80,2.04,0.3,False
firm_8,72,61.47,19.82,6,0,68,624750.7,3705.24,4179.96,474.72,68,2.04,0.4,False
firm_8,73,58.4,17.84,7,0,79,628220.26,4094.44,4613.6,519.16,79,2.04,0.3,False
firm_8,74,58.4,16.95,8,0,91,632026.87,4742.21,5314.4,572.19,91,2.09,0.4,False
firm_8,75,64.24,15.26,8,0,91,636873.89,5269.1,5845.84,576.74,91,2.14,0.5,False
firm_8,76,67.45,13.73,9,0,102,642507.94,6257.62,6879.9,622.28,102,2.14,0.5,False
firm_8,77,70.82,12.36,9,0,102,648692.96,6596.26,7223.64,627.38,102,2.19,0.6,False
firm_8,78,67.28,12.98,10,0,113,654786.68,6923.52,7602.64,679.12,113,2.24,0.5,False
firm_8,79,70.64,11.68,11,0,124,662191.8,8033.6,8759.36,725.76,124,2.24,0.4,False
firm_8,80,77.7,10.51,10,0,113,669882.03,8095.33,8780.1,684.77,113,2.29,0.5,False
firm_8,81,77.7,10.0,9,0,102,676874.75,7282.72,7925.4,642.68,102,2.34,0.5,False
firm_8,82,81.59,10.0,9,0,102,684464.25,7679.5,8322.18,642.68,102,2.34,0.4,False
firm_8,83,73.43,10.0,8,0,90,690402.35,6018.1,6608.7,590.6,90,2.34,0.4,False
firm_8,84,66.09,10.0,9,0,102,695810.85,6098.5,6741.18,642.68,102,2.34,0.5,False
firm_8,85,66.09,10.0,8,0,90,700783.85,5353.0,5948.1,595.1,90,2.39,0.6,False
firm_8,86,66.09,10.0,7,0,79,705288.15,4674.3,5221.11,546.81,79,2.39,0.7,False
firm_8,87,66.09,10.0,6,0,68,709123.75,3995.6,4494.12,498.52,68,2.39,0.8,False
firm_8,88,72.7,10.0,5,0,56,712599.11,3625.36,4071.2,445.84,56,2.39,0.9,False
firm_8,89,69.06,10.0,6,0,68,716136.67,4197.56,4696.08,498.52,68,2.39,1.0,False
firm_8,90,72.51,10.0,6,0,68,720305.43,4428.76,4930.68,501.92,68,2.44,0.9,False
firm_8,91,79.76,10.0,5,0,56,723970.55,4015.12,4466.56,451.44,56,2.49,1.0,False
firm_8,92,83.75,10.0,5,0,56,728159.11,4238.56,4690.0,451.44,56,2.49,0.9,False
firm_8,93,79.56,10.0,5,0,56,732113.03,4003.92,4455.36,451.44,56,2.49,0.9,False
firm_8,94,71.6,10.0,4,0,45,734792.98,2819.95,3222.0,402.05,45,2.49,1.0,False
firm_8,95,68.02,10.0,3,0,34,736521.3,1958.32,2312.68,354.36,34,2.54,1.0,False
firm_8,96,71.42,10.0,4,0,45,738488.65,2807.35,3213.9,406.55,45,2.59,1.1,False
firm_8,97,74.99,10.0,4,0,45,741416.65,2968.0,3374.55,406.55,45,2.59,1.0,False
firm_8,98,74.99,10.0,3,0,33,743409.85,2123.2,2474.67,351.47,33,2.59,1.1,False
firm_8,99,67.49,10.5,3,0,33,744952.4,1874.05,2227.17,353.12,33,2.64,1.2,False
firm_8,100,70.86,10.0,3,0,33,746807.66,1985.26,2338.38,353.12,33,2.64,1.3,False
firm_8,101,74.4,10.0,2,0,22,747821.28,1333.62,1636.8,303.18,22,2.69,1.4,False
firm_8,102,78.12,10.0,3,0,33,749514.47,2223.19,2577.96,354.77,33,2.69,1.3,False
firm_8,103,82.03,11.0,4,0,45,752048.52,3278.05,3691.35,413.3,45,2.74,1.3,False
firm_8,104,73.83,10.45,5,0,56,755065.31,3669.04,4134.48,465.44,56,2.74,1.4,False
firm_8,105,77.52,10.0,5,0,56,758588.19,3872.88,4341.12,468.24,56,2.79,1.5,False
firm_8,106,81.4,10.0,6,0,67,762757.71,4929.52,5453.8,524.28,67,2.84,1.5,False
firm_8,107,77.33,10.0,5,0,56,766364.35,3856.64,4330.48,473.84,56,2.89,1.4,False
firm_8,108,69.6,10.0,5,0,56,769435.31,3420.96,3897.6,476.64,56,2.94,1.5,False
firm_8,109,66.12,10.0,5,0,56,772408.59,3223.28,3702.72,479.44,56,2.99,1.4,False
firm_8,110,62.81,10.0,4,0,45,774770.49,2401.9,2826.45,424.55,45,2.99,1.4,False
firm_8,111,65.95,10.0,5,0,56,777231.45,3210.96,3693.2,482.24,56,3.04,1.3,False
firm_8,112,69.25,10.5,4,0,45,779576.65,2687.2,3116.25,429.05,45,3.09,1.4,False
firm_8,113,62.32,11.02,4,0,45,781807.92,2375.35,2804.4,429.05,45,3.09,1.5,False
firm_8,114,65.44,10.47,4,0,45,784281.79,2515.75,2944.8,429.05,45,3.09,1.5,False
firm_8,115,68.71,10.0,4,0,45,786702.44,2660.65,3091.95,431.3,45,3.14,1.5,False
firm_8,116,61.84,10.0,3,0,33,788141.89,1669.45,2040.72,371.27,33,3.19,1.5,False
firm_8,117,55.66,10.0,2,0,22,789032.23,910.34,1224.52,314.18,22,3.19,1.4,False
firm_8,118,55.66,10.5,3,0,33,789966.24,1465.51,1836.78,371.27,33,3.19,1.3,False
firm_8,119,55.66,10.0,4,0,45,791497.39,2071.15,2504.7,433.55,45,3.19,1.2,False
firm_8,120,58.44,10.0,4,0,45,793351.39,2194.0,2629.8,435.8,45,3.24,1.3,False
firm_8,121,61.36,10.5,4,0,45,795534.79,2325.4,2761.2,435.8,45,3.24,1.4,False
firm_8,122,58.29,10.0,3,0,33,796955.44,1550.65,1923.57,372.92,33,3.24,1.5,False
firm_8,123,61.2,10.0,3,0,33,798472.12,1646.68,2019.6,372.92,33,3.24,1.6,False
firm_8,124,64.26,10.0,3,0,33,799988.13,1746.01,2120.58,374.57,33,3.29,1.6,False
firm_8,125,67.47,10.0,2,0,22,800834.99,1166.86,1484.34,317.48,22,3.34,1.7,False
firm_8,126,70.84,10.0,3,0,33,802064.84,1959.85,2337.72,377.87,33,3.39,1.7,False
firm_8,127,74.38,10.0,3,0,33,804011.51,2076.67,2454.54,377.87,33,3.39,1.8,False
firm_8,128,78.1,10.0,2,0,22,805190.03,1398.52,1718.2,319.68,22,3.44,1.8,False
firm_8,129,82.0,10.0,2,0,22,806453.25,1483.22,1804.0,320.78,22,3.49,1.8,False
firm_8,130,86.1,10.0,2,0,22,807906.67,1573.42,1894.2,320.78,22,3.49,1.9,False
firm_8,131,90.4,10.0,2,0,22,809554.69,1668.02,1988.8,320.78,22,3.49,1.9,False
firm_8,132,81.36,10.5,1,0,11,809978.21,634.02,894.96,260.94,11,3.54,1.9,False
firm_8,133,85.43,11.02,1,0,11,810645.98,678.79,939.73,260.94,11,3.54,1.9,False
firm_8,134,89.7,10.0,1,0,11,811261.74,725.76,986.7,260.94,11,3.54,2.0,False
firm_8,135,94.18,10.0,1,0,11,811826.23,774.49,1035.98,261.49,11,3.59,1.9,False
firm_8,136,98.89,10.0,1,0,11,812341.98,825.75,1087.79,262.04,11,3.64,2.0,False
firm_8,137,93.95,11.0,1,0,11,813102.39,771.41,1033.45,262.04,11,3.64,1.9,False
firm_8,138,89.25,10.45,1,0,11,813811.65,719.71,981.75,262.04,11,3.64,1.9,False
firm_8,139,80.32,10.45,1,0,11,814422.68,621.48,883.52,262.04,11,3.64,1.8,False
firm_8,140,84.34,10.0,1,0,11,814978.38,665.7,927.74,262.04,11,3.64,1.9,False
firm_8,141,75.91,10.0,2,0,22,815704.32,1345.94,1670.02,324.08,22,3.64,2.0,False
firm_8,142,79.71,10.5,2,0,22,816811.76,1428.44,1753.62,325.18,22,3.69,2.1,False
firm_8,143,83.7,10.0,1,0,11,817259.32,657.56,920.7,263.14,11,3.74,2.0,False
firm_8,144,83.7,10.0,2,0,22,818254.44,1515.12,1841.4,326.28,22,3.74,2.0,False
firm_8,145,75.33,10.0,2,0,22,819565.42,1330.98,1657.26,326.28,22,3.74,2.0,False
firm_8,146,75.33,10.0,3,0,33,821131.89,2096.47,2485.89,389.42,33,3.74,1.9,False
firm_8,147,67.8,10.0,2,0,22,821976.11,1164.22,1491.6,327.38,22,3.79,2.0,False
firm_8,148,71.19,10.0,3,0,33,823404.31,1958.2,2349.27,391.07,33,3.79,2.0,False
firm_8,149,74.75,10.0,2,0,22,824500.33,1316.02,1644.5,328.48,22,3.84,1.9,False
firm_8,150,74.75,10.0,1,0,11,825048.34,558.01,822.25,264.24,11,3.84,1.8,False
firm_8,151,82.22,10.0,1,0,11,825678.52,640.18,904.42,264.24,11,3.84,1.7,False
firm_8,152,74.0,10.0,1,0,11,826118.28,549.76,814.0,264.24,11,3.84,1.8,False
firm_8,153,81.4,10.0,2,0,22,827060.6,1462.32,1790.8,328.48,22,3.84,1.8,False
firm_8,154,85.47,10.5,3,0,33,828956.89,2427.79,2820.51,392.72,33,3.84,1.8,False
firm_8,155,81.2,10.0,4,0,44,831230.53,3113.64,3572.8,459.16,44,3.89,1.9,False
firm_8,156,85.26,10.5,4,0,44,834278.61,3290.08,3751.44,461.36,44,3.94,1.9,False
firm_8,157,93.79,10.5,4,0,44,837902.01,3665.4,4126.76,461.36,44,3.94,1.8,False
firm_8,158,84.41,10.0,4,0,44,840812.49,3250.48,3714.04,463.56,44,3.99,1.9,False
firm_8,159,88.63,10.0,3,0,33,843107.96,2525.47,2924.79,399.32,33,4.04,1.9,False
firm_8,160,93.06,10.0,3,0,33,845547.97,2670.01,3070.98,400.97,33,4.09,1.9,False
firm_8,161,97.71,10.0,2,0,22,847042.51,1814.54,2149.62,335.08,22,4.14,2.0,False
firm_8,162,102.6,11.0,2,0,22,848842.63,1922.12,2257.2,335.08,22,4.14,2.1,False
firm_8,163,102.6,11.0,1,0,11,849392.14,860.51,1128.6,268.09,11,4.19,2.2,False
firm_8,164,92.34,11.55,1,0,11,849927.69,747.1,1015.74,268.64,11,4.24,2.1,False
firm_8,165,83.11,12.71,2,0,22,850692.31,1490.04,1828.42,338.38,22,4.29,2.0,False
firm_8,166,78.95,12.71,2,0,22,851864.31,1397.42,1736.9,339.48,22,4.34,2.0,False
firm_8,167,75.0,11.44,1,0,11,852308.13,555.26,825.0,269.74,11,4.34,2.1,False
firm_8,168,75.0,12.01,2,0,22,853094.63,1310.52,1650.0,339.48,22,4.34,2.1,False
firm_8,169,67.5,12.01,1,0,11,853455.38,472.76,742.5,269.74,11,4.34,2.2,False
firm_8,170,64.12,10.81,2,0,22,853904.92,1071.16,1410.64,339.48,22,4.34,2.3,False
firm_8,171,67.33,10.0,3,0,33,855187.59,1812.67,2221.89,409.22,33,4.34,2.3,False
firm_8,172,70.7,10.5,2,0,22,856382.51,1215.92,1555.4,339.48,22,4.34,2.2,False
firm_8,173,67.17,10.0,1,0,11,856841.64,469.13,738.87,269.74,11,4.34,2.1,False
firm_8,174,70.53,10.0,2,0,22,857433.82,1212.18,1551.66,339.48,22,4.34,2.2,False
firm_8,175,63.48,11.0,3,0,33,858384.79,1683.97,2094.84,410.87,33,4.39,2.1,False
firm_8,176,66.65,10.0,2,0,22,859289.41,1124.62,1466.3,341.68,22,4.44,2.1,False
firm_8,177,59.99,10.0,1,0,11,859568.46,389.05,659.89,270.84,11,4.44,2.2,False
firm_8,178,59.99,10.0,1,0,11,859947.51,389.05,659.89,270.84,11,4.44,2.2,False
firm_8,179,53.99,10.0,2,0,22,860072.51,845.0,1187.78,342.78,22,4.49,2.2,False
firm_8,180,53.99,10.0,1,0,11,860084.46,321.95,593.89,271.94,11,4.54,2.3,False
firm_8,181,48.59,10.0,1,0,11,860337.01,262.55,534.49,271.94,11,4.54,2.2,False
firm_8,182,51.02,10.0,2,0,22,860294.47,777.46,1122.44,344.98,22,4.59,2.3,False
firm_8,183,45.92,10.0,3,0,33,860862.36,1097.89,1515.36,417.47,33,4.59,2.3,False
firm_8,184,41.33,10.0,2,0,22,861406.64,564.28,909.26,344.98,22,4.59,2.2,False
firm_8,185,43.4,10.0,2,0,22,861695.36,608.72,954.8,346.08,22,4.64,2.3,False
firm_8,186,39.06,10.0,1,0,11,861741.98,156.62,429.66,273.04,11,4.64,2.4,False
firm_8,187,39.06,10.0,2,0,22,861434.12,512.14,859.32,347.18,22,4.69,2.5,False
firm_8,188,41.01,10.0,2,0,22,861969.16,555.04,902.22,347.18,22,4.69,2.4,False
firm_8,189,43.06,10.0,3,0,33,862137.72,998.56,1420.98,422.42,33,4.74,2.5,False
firm_8,190,38.75,10.0,2,0,22,862621.94,504.22,852.5,348.28,22,4.74,2.4,False
firm_8,191,36.81,10.0,3,0,33,862784.25,792.31,1214.73,422.42,33,4.74,2.5,False
firm_8,192,38.65,11.0,3,0,33,863504.28,853.03,1275.45,422.42,33,4.74,2.6,False
firm_8,193,34.78,10.45,3,0,33,863896.6,723.67,1147.74,424.07,33,4.79,2.7,False
firm_8,194,33.04,10.0,4,0,45,864237.85,981.25,1486.8,505.55,45,4.79,2.8,False
firm_8,195,34.69,10.5,5,0,56,864844.95,1359.6,1942.64,583.04,56,4.84,2.8,False
firm_8,196,36.42,10.0,6,0,67,865966.81,1781.86,2440.14,658.28,67,4.84,2.9,False
firm_8,197,34.6,11.0,7,0,78,867355.09,1965.28,2698.8,733.52,78,4.84,2.9,False
firm_8,198,36.33,11.0,8,0,89,868887.25,2420.16,3233.37,813.21,89,4.89,3.0,False
firm_8,199,32.7,12.1,8,0,90,870708.85,2118.4,2943.0,824.6,90,4.94,3.0,False
firm_8,200,35.97,12.1,7,0,79,872413.57,2089.42,2841.63,752.21,79,4.99,3.1,False
firm_8,201,35.97,11.5,8,0,90,874229.77,2408.2,3237.3,829.1,90,4.99,3.0,False
firm_8,202,32.37,12.65,8,0,90,876112.77,2084.2,2913.3,829.1,90,4.99,3.1,False
firm_8,203,32.37,12.02,7,0,79,877733.65,1805.02,2557.23,752.21,79,4.99,3.2,False
firm_8,204,30.75,10.82,7,0,78,879107.29,1649.38,2398.5,749.12,78,5.04,3.1,False
firm_8,205,32.29,11.36,8,0,90,880384.41,2068.0,2906.1,838.1,90,5.09,3.0,False
firm_8,206,33.9,11.36,9,0,102,882111.69,2529.52,3457.8,928.28,102,5.14,3.0,False
firm_8,207,30.51,11.36,9,0,102,884193.19,2183.74,3112.02,928.28,102,5.14,2.9,False
firm_8,208,28.98,11.36,9,0,102,886118.63,2027.68,2955.96,928.28,102,5.14,2.9,False
firm_8,209,28.98,10.22,9,0,102,887954.33,2027.68,2955.96,928.28,102,5.14,3.0,False
firm_8,210,26.08,10.22,8,0,90,889172.67,1500.1,2347.2,847.1,90,5.19,2.9,False
firm_8,211,23.47,10.0,7,0,78,889868.61,1065.94,1830.66,764.72,78,5.24,3.0,False
firm_8,212,23.47,10.0,8,0,90,890449.31,1260.7,2112.3,851.6,90,5.24,3.1,False
firm_8,213,24.64,10.5,8,0,90,891731.31,1366.0,2217.6,851.6,90,5.24,3.0,False
firm_8,214,24.64,10.0,9,0,101,892493.66,1552.35,2488.64,936.29,101,5.29,3.0,False
firm_8,215,25.87,10.0,9,0,101,893980.24,1676.58,2612.87,936.29,101,5.29,3.1,False
firm_8,216,23.28,10.0,10,0,112,894765.52,1585.28,2607.36,1022.08,112,5.34,3.0,False
firm_8,217,25.61,10.0,11,0,122,896184.46,2028.94,3124.42,1095.48,122,5.34,3.0,False
firm_8,218,23.05,10.0,11,0,122,897584.98,1710.52,2812.1,1101.58,122,5.39,2.9,False
firm_8,219,20.74,10.0,10,0,111,898461.28,1276.3,2302.14,1025.84,111,5.44,3.0,False
firm_8,220,22.81,10.0,11,0,124,899557.16,1705.88,2828.44,1122.56,124,5.44,3.0,False
firm_8,221,21.67,10.0,10,0,112,900645.32,1388.16,2427.04,1038.88,112,5.49,2.9,False
firm_8,222,23.84,10.0,11,0,122,901523.92,1788.6,2908.48,1119.88,122,5.54,3.0,False
firm_8,223,21.46,10.0,10,0,111,902769.04,1345.12,2382.06,1036.94,111,5.54,2.9,False
firm_8,224,22.53,10.0,9,0,100,903773.04,1294.0,2253.0,959.0,100,5.59,2.9,False
firm_8,225,21.4,10.0,8,0,89,904622.13,1029.09,1904.6,875.51,89,5.59,3.0,False
firm_8,226,23.54,10.0,7,0,78,905292.33,1040.2,1836.12,795.92,78,5.64,3.1,False
firm_8,227,22.36,11.0,8,0,90,905729.13,1124.8,2012.4,887.6,90,5.64,3.2,False
firm_8,228,22.36,11.55,8,0,90,906761.53,1124.8,2012.4,887.6,90,5.64,3.1,False
firm_8,229,21.24,11.55,9,0,102,907139.68,1182.1,2166.48,984.38,102,5.69,3.0,False
firm_8,230,22.3,11.55,10,0,113,907975.11,1450.93,2519.9,1068.97,113,5.69,3.0,False
firm_8,231,23.42,10.4,9,0,101,909270.24,1388.73,2365.42,976.69,101,5.69,3.0,False
firm_8,232,24.59,10.4,8,0,90,910303.54,1316.5,2213.1,896.6,90,5.74,2.9,False
firm_8,233,27.05,10.0,8,0,89,911537.68,1514.14,2407.45,893.31,89,5.79,2.9,False
firm_8,234,27.05,10.0,7,0,78,912769.96,1302.28,2109.9,807.62,78,5.79,2.8,False
firm_8,235,29.76,10.5,7,0,78,914210.12,1513.66,2321.28,807.62,78,5.79,2.8,False
firm_8,236,31.25,11.55,6,0,68,915332.7,1391.88,2125.0,733.12,68,5.84,2.7,False
firm_8,237,34.38,10.97,5,0,56,916564.09,1286.24,1925.28,639.04,56,5.84,2.6,False
firm_8,238,36.1,10.97,5,0,56,917589.0,1379.76,2021.6,641.84,56,5.89,2.7,False
firm_8,239,32.49,11.52,5,0,55,918684.4,1153.0,1786.95,633.95,55,5.89,2.6,False
firm_8,240,34.11,10.37,5,0,55,919671.9,1239.35,1876.05,636.7,55,5.94,2.6,False
firm_8,241,37.52,10.0,5,0,55,920846.05,1424.15,2063.6,639.45,55,5.99,2.5,False
firm_8,242,39.4,10.0,6,0,67,922090.52,1904.47,2639.8,735.33,67,5.99,2.6,False
firm_8,243,41.37,10.0,5,0,56,923709.8,1669.28,2316.72,647.44,56,5.99,2.5,False
firm_8,244,43.44,10.0,5,0,56,925244.44,1784.64,2432.64,648.0,56,6.0,2.4,False
firm_8,245,47.78,10.0,5,0,56,927222.12,2027.68,2675.68,648.0,56,6.0,2.4,False
firm_8,246,43.0,10.0,4,0,44,928422.12,1340.0,1892.0,552.0,44,6.0,2.5,False
firm_8,247,47.3,10.0,4,0,44,929911.32,1529.2,2081.2,552.0,44,6.0,2.4,False
firm_8,248,49.66,10.5,4,0,44,931402.36,1633.04,2185.04,552.0,44,6.0,2.5,False
firm_8,249,44.69,11.02,3,0,33,932080.07,1010.77,1474.77,464.0,33,6.0,2.6,False
firm_8,250,40.22,11.02,3,0,33,932810.27,863.26,1327.26,464.0,33,6.0,2.7,False
firm_8,251,42.23,11.57,2,0,22,933140.19,553.06,929.06,376.0,22,6.0,2.7,False
firm_8,252,38.01,12.73,1,0,11,933057.57,130.11,418.11,288.0,11,6.0,2.6,False
firm_8,253,39.91,14.0,1,0,11,933194.58,151.01,439.01,288.0,11,6.0,2.5,False
firm_8,254,41.91,13.3,2,0,22,932914.0,546.02,922.02,376.0,22,6.0,2.6,False
firm_8,255,37.72,13.97,1,0,11,932726.95,126.92,414.92,288.0,11,6.0,2.7,False
firm_8,256,39.61,15.37,2,0,22,932591.63,495.42,871.42,376.0,22,6.0,2.8,False
firm_8,257,39.61,13.83,1,0,11,932725.51,147.71,435.71,288.0,11,6.0,2.7,False
firm_8,258,41.59,12.45,1,0,11,932682.55,169.49,457.49,288.0,11,6.0,2.6,False
firm_8,259,37.43,13.07,1,0,11,932693.21,123.73,411.73,288.0,11,6.0,2.7,False
firm_8,260,35.56,14.38,1,0,11,932581.99,103.16,391.16,288.0,11,6.0,2.6,False
firm_8,261,32.0,14.38,1,0,11,932631.61,64.0,352.0,288.0,11,6.0,2.6,False
firm_8,262,33.6,13.66,1,0,11,932599.55,81.6,369.6,288.0,11,6.0,2.7,False
firm_8,263,30.24,13.66,2,0,22,932061.51,289.28,665.28,376.0,22,6.0,2.8,False
firm_8,264,30.24,12.29,1,0,11,931793.86,44.64,332.64,288.0,11,6.0,2.9,False
firm_8,265,28.73,12.29,1,0,11,931509.6,28.03,316.03,288.0,11,6.0,3.0,False
firm_8,266,25.86,11.06,1,0,11,931395.0,-3.54,284.46,288.0,11,6.0,3.1,False
firm_8,267,28.45,10.0,2,0,22,931124.9,249.9,625.9,376.0,22,6.0,3.0,False
firm_8,268,25.6,10.0,2,0,22,931092.1,187.2,563.2,376.0,22,6.0,3.0,False
firm_8,269,26.88,10.0,1,0,11,931089.78,7.68,295.68,288.0,11,6.0,2.9,False
firm_8,270,29.57,11.0,1,0,11,930816.05,37.27,325.27,288.0,11,6.0,3.0,False
firm_8,271,31.05,12.1,2,0,22,930398.95,307.1,683.1,376.0,22,6.0,3.0,False
firm_8,272,27.94,10.89,3,0,33,930124.3,458.02,922.02,464.0,33,6.0,3.0,False
firm_8,273,30.73,10.89,4,0,45,930103.59,822.85,1382.85,560.0,45,6.0,3.1,False
firm_8,274,27.66,11.43,3,0,33,930218.08,448.78,912.78,464.0,33,6.0,3.2,False
firm_8,275,29.04,10.29,4,0,44,930402.68,725.76,1277.76,552.0,44,6.0,3.1,False
firm_8,276,31.94,10.29,5,0,56,930691.87,1140.64,1788.64,648.0,56,6.0,3.2,False
firm_8,277,31.94,10.8,4,0,44,931402.03,853.36,1405.36,552.0,44,6.0,3.3,False
firm_8,278,31.94,10.26,3,0,33,931761.27,590.02,1054.02,464.0,33,6.0,3.2,False
firm_8,279,28.75,10.0,2,0,22,931897.77,256.5,632.5,376.0,22,6.0,3.3,False
firm_8,280,30.19,10.0,3,0,33,931700.04,532.27,996.27,464.0,33,6.0,3.3,False
firm_8,281,31.7,10.0,2,0,22,931801.44,321.4,697.4,376.0,22,6.0,3.3,False
firm_8,282,30.12,10.5,3,0,33,931599.9,529.96,993.96,464.0,33,6.0,3.3,False
firm_8,283,28.61,11.02,2,0,22,931831.28,253.42,629.42,376.0,22,6.0,3.2,False
firm_8,284,25.75,11.02,2,0,22,931699.74,190.5,566.5,376.0,22,6.0,3.3,False
firm_8,285,27.04,10.0,3,0,33,931598.06,428.32,892.32,464.0,33,6.0,3.3,False
firm_8,286,25.69,10.0,3,0,33,931851.83,383.77,847.77,464.0,33,6.0,3.4,False
firm_8,287,23.12,11.0,3,0,33,932117.79,298.96,762.96,464.0,33,6.0,3.3,False
firm_8,288,25.43,12.1,2,0,22,932177.05,183.46,559.46,376.0,22,6.0,3.4,False
firm_8,289,22.89,12.1,2,0,22,931980.43,127.58,503.58,376.0,22,6.0,3.5,False
firm_8,290,21.75,11.5,2,0,22,932059.93,102.5,478.5,376.0,22,6.0,3.4,False
firm_8,291,19.58,10.92,2,0,22,932092.85,54.76,430.76,376.0,22,6.0,3.3,False
firm_8,292,20.56,10.92,3,0,33,931674.57,214.48,678.48,464.0,33,6.0,3.4,False
firm_8,293,22.62,10.92,3,0,33,931924.27,282.46,746.46,464.0,33,6.0,3.3,False
firm_8,294,24.88,10.0,4,0,45,931643.87,559.6,1119.6,560.0,45,6.0,3.4,False
firm_8,295,22.39,10.0,5,0,56,931499.71,605.84,1253.84,648.0,56,6.0,3.3,False
firm_8,296,23.51,10.0,4,0,45,931857.66,497.95,1057.95,560.0,45,6.0,3.4,False
firm_8,297,24.69,10.0,5,0,56,932042.3,734.64,1382.64,648.0,56,6.0,3.4,False
firm_8,298,25.92,10.0,5,0,55,932577.9,785.6,1425.6,640.0,55,6.0,3.3,False
firm_8,299,28.51,10.0,4,0,44,933140.34,702.44,1254.44,552.0,44,6.0,3.4,False
firm_8,300,27.08,10.0,4,0,44,933439.86,639.52,1191.52,552.0,44,6.0,3.5,False
firm_8,301,27.08,10.0,5,0,56,933658.34,868.48,1516.48,648.0,56,6.0,3.6,False
firm_8,302,29.79,10.0,6,0,67,934358.27,1259.93,1995.93,736.0,67,6.0,3.6,False
firm_8,303,31.28,10.0,6,0,67,935458.03,1359.76,2095.76,736.0,67,6.0,3.5,False
firm_8,304,32.84,10.0,5,0,55,936274.23,1166.2,1806.2,640.0,55,6.0,3.6,False
firm_8,305,36.12,10.0,5,0,55,937370.83,1346.6,1986.6,640.0,55,6.0,3.5,False
firm_8,306,37.93,10.5,4,0,45,938475.68,1146.85,1706.85,560.0,45,6.0,3.5,False
firm_8,307,39.83,11.02,5,0,56,939303.06,1582.48,2230.48,648.0,56,6.0,3.5,False
firm_8,308,41.82,11.02,6,0,67,940502.88,2065.94,2801.94,736.0,67,6.0,3.6,False
firm_8,309,43.91,10.47,7,0,78,942430.57,2600.98,3424.98,824.0,78,6.0,3.7,False
firm_8,310,46.11,10.0,7,0,78,944933.15,2772.58,3596.58,824.0,78,6.0,3.7,False
firm_8,311,43.8,10.5,8,0,89,947335.35,2986.2,3898.2,912.0,89,6.0,3.7,False
firm_8,312,45.99,11.55,8,0,89,950424.06,3181.11,4093.11,912.0,89,6.0,3.7,False
firm_8,313,45.99,11.55,9,0,101,953157.1,3636.99,4644.99,1008.0,101,6.0,3.8,False
firm_8,314,48.29,10.4,9,0,100,956892.5,3829.0,4829.0,1000.0,100,6.0,3.7,False
firm_8,315,43.46,10.0,9,0,100,960148.5,3346.0,4346.0,1000.0,100,6.0,3.6,False
firm_8,316,41.29,10.0,10,0,112,963076.98,3528.48,4624.48,1096.0,112,6.0,3.5,False
firm_8,317,45.42,10.0,9,0,99,966191.56,3504.58,4496.58,992.0,99,6.0,3.6,False
firm_8,318,43.15,11.0,10,0,112,969118.36,3736.8,4832.8,1096.0,112,6.0,3.6,False
firm_8,319,40.99,10.0,11,0,122,972033.14,3824.78,5000.78,1176.0,122,6.0,3.7,False
firm_8,320,43.04,10.0,11,0,123,975833.06,4109.92,5293.92,1184.0,123,6.0,3.6,False
firm_8,321,47.34,10.0,12,0,135,980023.96,5110.9,6390.9,1280.0,135,6.0,3.7,False
firm_8,322,44.97,10.0,13,0,145,984254.61,5160.65,6520.65,1360.0,145,6.0,3.8,False
firm_8,323,44.97,10.5,14,0,157,989011.9,5604.29,7060.29,1456.0,157,6.0,3.8,False
firm_8,324,40.47,10.0,13,0,145,993290.05,4508.15,5868.15,1360.0,145,6.0,3.9,False
firm_8,325,38.45,10.0,14,0,157,997230.7,4580.65,6036.65,1456.0,157,6.0,3.8,False
firm_8,326,34.61,11.0,13,0,146,1000672.76,3685.06,5053.06,1368.0,146,6.0,3.9,False
firm_8,327,34.61,11.0,14,0,156,1003969.92,3951.16,5399.16,1448.0,156,6.0,3.9,False
firm_8,328,34.61,11.0,14,0,156,1007467.08,3951.16,5399.16,1448.0,156,6.0,4.0,False
firm_8,329,32.88,11.0,14,0,156,1010894.36,3681.28,5129.28,1448.0,156,6.0,4.1,False
firm_8,330,36.17,10.0,14,0,155,1014720.71,4166.35,5606.35,1440.0,155,6.0,4.0,False
firm_8,331,37.98,10.0,14,0,155,1019027.61,4446.9,5886.9,1440.0,155,6.0,3.9,False
firm_8,332,39.88,10.5,15,0,167,1023294.07,5123.96,6659.96,1536.0,167,6.0,3.9,False
firm_8,333,41.87,10.0,16,0,178,1028362.93,5828.86,7452.86,1624.0,178,6.0,4.0,False
firm_8,334,37.68,10.0,17,0,188,1033072.77,5379.84,7083.84,1704.0,188,6.0,3.9,False
firm_8,335,37.68,11.0,16,0,179,1037909.49,5112.72,6744.72,1632.0,179,6.0,4.0,False
firm_8,336,39.56,11.55,16,0,179,1042873.93,5449.24,7081.24,1632.0,179,6.0,4.1,False
firm_8,337,41.54,10.4,17,0,189,1048136.19,6139.06,7851.06,1712.0,189,6.0,4.0,False
firm_8,338,37.39,11.44,18,0,203,1052896.44,5766.17,7590.17,1824.0,203,6.0,4.1,False
firm_8,339,39.26,10.87,17,0,189,1058219.79,5708.14,7420.14,1712.0,189,6.0,4.0,False
firm_8,340,35.33,10.33,17,0,188,1062882.22,4938.04,6642.04,1704.0,188,6.0,4.1,False
firm_8,341,33.56,11.36,18,0,202,1066940.86,4963.12,6779.12,1816.0,202,6.0,4.0,False
firm_8,342,35.24,10.79,17,0,191,1071460.27,5002.84,6730.84,1728.0,191,6.0,4.1,False
firm_8,343,37.0,10.25,18,0,200,1076175.77,5600.0,7400.0,1800.0,200,6.0,4.1,False
firm_8,344,35.15,10.0,19,0,212,1080741.57,5555.8,7451.8,1896.0,212,6.0,4.2,False
firm_8,345,31.64,10.0,20,0,223,1084813.29,5071.72,7055.72,1984.0,223,6.0,4.3,False
firm_8,346,34.8,10.0,21,0,232,1090020.89,6017.6,8073.6,2056.0,232,6.0,4.4,False
firm_8,347,36.54,10.5,22,0,247,1095839.27,6849.38,9025.38,2176.0,247,6.0,4.5,False
firm_8,348,32.89,11.02,22,0,248,1101469.55,5972.72,8156.72,2184.0,248,6.0,4.6,False
firm_8,349,31.25,10.0,22,0,248,1106715.55,5566.0,7750.0,2184.0,248,6.0,4.7,False
firm_8,350,34.38,10.5,22,0,248,1112626.79,6342.24,8526.24,2184.0,248,6.0,4.7,False
firm_8,351,30.94,10.5,23,0,259,1117626.75,5741.46,8013.46,2272.0,259,6.0,4.6,False
firm_8,352,27.85,11.02,24,0,270,1121921.77,5159.5,7519.5,2360.0,270,6.0,4.7,False
firm_8,353,27.85,10.0,24,0,270,1126541.27,5159.5,7519.5,2360.0,270,6.0,4.8,False
firm_8,354,27.85,10.0,25,0,281,1131169.12,5377.85,7825.85,2448.0,281,6.0,4.7,False
firm_8,355,27.85,10.0,25,0,279,1136257.27,5338.15,7770.15,2432.0,279,6.0,4.6,False
firm_8,356,29.24,10.0,26,0,290,1141256.87,5959.6,8479.6,2520.0,290,6.0,4.5,False
firm_8,357,29.24,10.0,25,0,280,1146654.07,5747.2,8187.2,2440.0,280,6.0,4.6,False
firm_8,358,30.7,11.0,24,0,269,1151996.37,5906.3,8258.3,2352.0,269,6.0,4.7,False
firm_8,359,32.24,10.0,25,0,277,1157560.85,6514.48,8930.48,2416.0,277,6.0,4.6,False
firm_8,360,33.85,11.0,25,0,280,1164323.85,7038.0,9478.0,2440.0,280,6.0,4.5,False
firm_8,361,35.54,10.0,26,0,291,1171177.99,7814.14,10342.14,2528.0,291,6.0,4.4,False
firm_8,362,35.54,10.0,27,0,302,1178425.07,8117.08,10733.08,2616.0,302,6.0,4.5,False
firm_8,363,33.76,10.0,27,0,302,1185634.59,7579.52,10195.52,2616.0,302,6.0,4.6,False
firm_8,364,35.45,10.0,27,0,302,1193154.49,8089.9,10705.9,2616.0,302,6.0,4.7,False
firm_8,365,33.68,10.0,28,0,313,1200112.33,7837.84,10541.84,2704.0,313,6.0,4.8,False
firm_9,1,39.91,17.68,14,0,160,122340.69,5796.8,6385.6,588.8,160,0.43,0.26,False
firm_9,2,35.92,16.8,14,0,160,127163.89,5158.4,5747.2,588.8,160,0.43,0.36,False
firm_9,3,32.33,16.8,14,0,160,131204.69,4576.0,5172.8,596.8,160,0.48,0.46,False
firm_9,4,32.33,15.12,13,0,148,135018.53,4210.4,4784.84,574.44,148,0.53,0.46,False
firm_9,5,30.71,15.88,14,0,160,138505.01,4308.8,4913.6,604.8,160,0.53,0.56,False
firm_9,6,33.78,17.47,13,0,148,142702.9,4425.0,4999.44,574.44,148,0.53,0.46,False
firm_9,7,33.78,17.47,14,0,160,146758.32,4800.0,5404.8,604.8,160,0.53,0.46,False
firm_9,8,33.78,19.22,14,0,160,151189.24,4800.0,5404.8,604.8,160,0.53,0.56,False
firm_9,9,37.16,17.3,14,0,160,155979.84,5332.8,5945.6,612.8,160,0.58,0.66,False
firm_9,10,37.16,15.57,14,0,160,161094.66,5332.8,5945.6,612.8,160,0.58,0.66,False
firm_9,11,40.88,15.57,14,0,160,166804.68,5928.0,6540.8,612.8,160,0.58,0.66,False
firm_9,12,36.79,17.13,14,0,160,171530.46,5265.6,5886.4,620.8,160,0.63,0.76,False
firm_9,13,40.47,15.42,14,0,160,176960.98,5846.4,6475.2,628.8,160,0.68,0.66,False
firm_9,14,42.49,16.19,13,0,149,182274.75,5724.24,6331.01,606.77,149,0.73,0.56,False
firm_9,15,40.37,14.57,13,0,149,187286.25,5400.91,6015.13,614.22,149,0.78,0.56,False
firm_9,16,40.37,13.84,14,0,160,192198.89,5806.4,6459.2,652.8,160,0.83,0.46,False
firm_9,17,44.41,13.84,13,0,148,197765.41,5946.44,6572.68,626.24,148,0.88,0.46,False
firm_9,18,39.97,15.22,13,0,148,202549.47,5281.92,5915.56,633.64,148,0.93,0.56,False
firm_9,19,41.97,16.74,14,0,160,207653.51,6038.4,6715.2,676.8,160,0.98,0.56,False
firm_9,20,46.17,15.9,15,0,171,214100.5,7185.49,7895.07,709.58,171,0.98,0.56,False
firm_9,21,48.48,17.49,14,0,160,220727.64,7072.0,7756.8,684.8,160,1.03,0.56,False
firm_9,22,43.63,16.62,15,0,171,226512.39,6734.05,7460.73,726.68,171,1.08,0.46,False
firm_9,23,47.99,14.96,15,0,171,233559.05,7471.06,8206.29,735.23,171,1.13,0.46,False
firm_9,24,47.99,16.46,15,0,171,240783.21,7471.06,8206.29,735.23,171,1.13,0.46,False
firm_9,25,47.99,16.46,14,0,160,247530.37,6977.6,7678.4,700.8,160,1.13,0.36,False
firm_9,26,52.79,14.81,15,0,171,255000.08,8291.86,9027.09,735.23,171,1.13,0.46,False
firm_9,27,58.07,16.29,16,0,183,264093.46,9854.02,10626.81,772.79,183,1.13,0.36,False
firm_9,28,55.17,17.1,17,0,194,272988.82,9886.06,10702.98,816.92,194,1.18,0.36,False
firm_9,29,49.65,18.81,16,0,183,280782.72,8294.86,9085.95,791.09,183,1.23,0.36,False
firm_9,30,54.62,20.69,17,0,195,289752.04,9821.05,10650.9,829.85,195,1.23,0.36,False
firm_9,31,49.16,19.66,16,0,183,297542.67,8205.19,8996.28,791.09,183,1.23,0.46,False
firm_9,32,49.16,18.68,16,0,183,305448.98,8205.19,8996.28,791.09,183,1.23,0.36,False
firm_9,33,49.16,20.55,16,0,183,313116.22,8196.04,8996.28,800.24,183,1.28,0.26,False
firm_9,34,46.7,20.55,15,0,172,320076.21,7268.24,8032.4,764.16,172,1.28,0.26,False
firm_9,35,46.7,21.58,14,0,160,326421.29,6747.2,7472.0,724.8,160,1.28,0.36,False
firm_9,36,44.36,19.42,13,0,149,332089.75,5920.92,6609.64,688.72,149,1.28,0.26,False
firm_9,37,42.14,19.42,14,0,160,337027.47,6009.6,6742.4,732.8,160,1.33,0.36,False
firm_9,38,37.93,18.45,13,0,149,341743.02,4955.4,5651.57,696.17,149,1.33,0.26,False
firm_9,39,39.83,16.6,14,0,160,346442.62,5632.0,6372.8,740.8,160,1.38,0.26,False
firm_9,40,37.84,14.94,14,0,160,351239.06,5305.6,6054.4,748.8,160,1.43,0.36,False
firm_9,41,37.84,16.43,14,0,160,356314.64,5305.6,6054.4,748.8,160,1.43,0.26,False
firm_9,42,37.84,17.25,14,0,160,361378.74,5305.6,6054.4,748.8,160,1.43,0.26,False
firm_9,43,37.84,18.98,13,0,148,366024.68,4892.68,5600.32,707.64,148,1.43,0.16,False
firm_9,44,34.06,18.03,13,0,148,369916.13,4325.84,5040.88,715.04,148,1.48,0.1,False
firm_9,45,32.36,19.83,13,0,148,373525.18,4066.84,4789.28,722.44,148,1.53,0.1,False
firm_9,46,29.12,20.82,12,0,137,376274.32,3298.98,3989.44,690.46,137,1.58,0.2,False
firm_9,47,26.21,19.78,13,0,148,378666.42,3149.24,3879.08,729.84,148,1.58,0.2,False
firm_9,48,24.9,18.79,13,0,148,381377.51,2955.36,3685.2,729.84,148,1.58,0.1,False
firm_9,49,23.65,20.67,12,0,137,383472.21,2542.74,3240.05,697.31,137,1.63,0.1,False
firm_9,50,23.65,22.74,11,0,126,385444.59,2322.52,2979.9,657.38,126,1.63,0.2,False
firm_9,51,21.28,21.6,11,0,126,387230.89,2023.9,2681.28,657.38,126,1.63,0.2,False
firm_9,52,19.15,19.44,12,0,137,388423.85,1926.24,2623.55,697.31,137,1.63,0.2,False
firm_9,53,19.15,21.38,13,0,148,389535.47,2089.56,2834.2,744.64,148,1.68,0.1,False
firm_9,54,21.06,20.31,13,0,148,391643.68,2372.24,3116.88,744.64,148,1.68,0.1,False
firm_9,55,23.17,22.34,13,0,148,394037.78,2684.52,3429.16,744.64,148,1.68,0.1,False
firm_9,56,22.01,24.57,13,0,148,395923.81,2505.44,3257.48,752.04,148,1.73,0.2,False
firm_9,57,19.81,22.11,12,0,137,397454.6,1996.11,2713.97,717.86,137,1.78,0.1,False
firm_9,58,21.79,21.0,11,0,126,399292.86,2069.26,2745.54,676.28,126,1.78,0.1,False
firm_9,59,19.61,18.9,11,0,126,400779.54,1794.58,2470.86,676.28,126,1.78,0.2,False
firm_9,60,19.61,17.95,11,0,125,402154.59,1772.5,2451.25,678.75,125,1.83,0.1,False
firm_9,61,21.57,17.05,11,0,125,403984.54,2017.5,2696.25,678.75,125,1.83,0.1,False
firm_9,62,20.49,16.2,12,0,137,405372.56,2082.42,2807.13,724.71,137,1.83,0.1,False
firm_9,63,20.49,17.82,11,0,125,407059.04,1882.5,2561.25,678.75,125,1.83,0.1,False
firm_9,64,19.47,18.71,11,0,125,408508.23,1755.0,2433.75,678.75,125,1.83,0.2,False
firm_9,65,20.44,17.77,11,0,125,409982.76,1870.0,2555.0,685.0,125,1.88,0.1,False
firm_9,66,18.4,18.66,10,0,114,411151.44,1455.28,2097.6,642.32,114,1.88,0.2,False
firm_9,67,16.56,18.66,10,0,114,412210.36,1245.52,1887.84,642.32,114,1.88,0.1,False
firm_9,68,14.9,19.59,11,0,126,412477.09,1182.22,1877.4,695.18,126,1.93,0.1,False
firm_9,69,13.41,18.61,12,0,137,412852.53,1098.76,1837.17,738.41,137,1.93,0.1,False
firm_9,70,14.08,18.61,11,0,125,413510.32,1062.5,1760.0,697.5,125,1.98,0.1,False
firm_9,71,12.67,17.68,11,0,125,414102.09,886.25,1583.75,697.5,125,1.98,0.2,False
firm_9,72,13.3,19.45,11,0,125,414646.89,958.75,1662.5,703.75,125,2.03,0.2,False
firm_9,73,11.97,21.4,12,0,137,414571.02,880.93,1639.89,758.96,137,2.08,0.1,False
firm_9,74,10.77,20.33,12,0,137,415043.59,716.53,1475.49,758.96,137,2.08,0.1,False
firm_9,75,10.0,19.31,13,0,148,414761.32,668.76,1480.0,811.24,148,2.13,0.1,False
firm_9,76,10.0,21.24,12,0,136,415104.76,598.32,1360.0,761.68,136,2.13,0.1,False
firm_9,77,10.0,22.3,11,0,125,415293.21,533.75,1250.0,716.25,125,2.13,0.2,False
firm_9,78,10.0,22.3,12,0,136,414817.13,591.52,1360.0,768.48,136,2.18,0.3,False
firm_9,79,10.0,20.07,12,0,136,415067.81,591.52,1360.0,768.48,136,2.18,0.4,False
firm_9,80,10.0,18.06,12,0,136,415235.81,584.72,1360.0,775.28,136,2.23,0.4,False
firm_9,81,10.0,18.96,12,0,136,415386.21,577.92,1360.0,782.08,136,2.28,0.3,False
firm_9,82,10.0,20.86,12,0,136,415713.81,577.92,1360.0,782.08,136,2.28,0.3,False
firm_9,83,10.0,19.82,13,0,148,415295.31,639.16,1480.0,840.84,148,2.33,0.4,False
firm_9,84,10.0,19.82,13,0,148,415676.81,639.16,1480.0,840.84,148,2.33,0.4,False
firm_9,85,11.0,20.81,14,0,159,415438.05,852.58,1749.0,896.42,159,2.38,0.5,False
firm_9,86,11.55,21.85,14,0,159,416072.18,940.03,1836.45,896.42,159,2.38,0.4,False
firm_9,87,11.55,19.67,14,0,159,416736.83,940.03,1836.45,896.42,159,2.38,0.4,False
firm_9,88,10.4,21.64,14,0,159,417191.05,757.18,1653.6,896.42,159,2.38,0.3,False
firm_9,89,10.92,21.64,14,0,159,417727.95,839.86,1736.28,896.42,159,2.38,0.2,False
firm_9,90,10.92,23.8,13,0,148,418186.47,767.92,1616.16,848.24,148,2.38,0.2,False
firm_9,91,11.47,21.42,12,0,136,418693.67,764.24,1559.92,795.68,136,2.38,0.2,False
firm_9,92,11.47,23.56,13,0,148,418636.71,849.32,1697.56,848.24,148,2.38,0.3,False
firm_9,93,11.47,25.92,13,0,148,419149.07,849.32,1697.56,848.24,148,2.38,0.2,False
firm_9,94,11.47,28.51,13,0,148,419420.36,841.92,1697.56,855.64,148,2.43,0.1,False
firm_9,95,10.9,27.08,13,0,148,419825.88,757.56,1613.2,855.64,148,2.43,0.1,False
firm_9,96,10.36,29.79,13,0,148,419908.85,670.24,1533.28,863.04,148,2.48,0.1,False
firm_9,97,10.36,29.79,14,0,160,419524.59,732.8,1657.6,924.8,160,2.53,0.1,False
firm_9,98,10.0,29.79,14,0,160,419682.73,675.2,1600.0,924.8,160,2.53,0.2,False
firm_9,99,10.5,28.3,14,0,159,420035.76,749.23,1669.5,920.27,159,2.53,0.1,False
firm_9,100,10.0,25.47,15,0,170,419783.61,729.9,1700.0,970.1,170,2.53,0.2,False
firm_9,101,11.0,22.92,15,0,170,420031.21,891.4,1870.0,978.6,170,2.58,0.3,False
firm_9,102,11.0,20.63,16,0,181,420163.15,962.02,1991.0,1028.98,181,2.58,0.2,False
firm_9,103,12.1,19.6,16,0,181,420801.62,1152.07,2190.1,1038.03,181,2.63,0.1,False
firm_9,104,10.89,19.6,16,0,180,421414.82,926.8,1960.2,1033.4,180,2.63,0.1,False
firm_9,105,10.35,18.62,17,0,192,421496.52,898.24,1987.2,1088.96,192,2.63,0.1,False
firm_9,106,10.87,18.62,17,0,191,421962.27,982.29,2076.17,1093.88,191,2.68,0.1,False
firm_9,107,10.87,19.55,16,0,180,422563.67,914.2,1956.6,1042.4,180,2.68,0.1,False
firm_9,108,11.41,21.51,17,0,191,422683.43,1085.43,2179.31,1093.88,191,2.68,0.2,False
firm_9,109,11.41,23.66,17,0,191,423157.09,1075.88,2179.31,1103.43,191,2.73,0.1,False
firm_9,110,10.84,22.48,16,0,180,423488.21,890.8,1951.2,1060.4,180,2.78,0.1,False
firm_9,111,10.84,23.6,16,0,180,424001.41,890.8,1951.2,1060.4,180,2.78,0.1,False
firm_9,112,10.84,23.6,16,0,180,424514.61,890.8,1951.2,1060.4,180,2.78,0.1,False
firm_9,113,10.3,23.6,16,0,180,424721.61,784.6,1854.0,1069.4,180,2.83,0.1,False
firm_9,114,10.0,25.96,17,0,191,424567.76,787.47,1910.0,1122.53,191,2.83,0.1,False
firm_9,115,10.5,28.56,17,0,191,424965.21,882.97,2005.5,1122.53,191,2.83,0.1,False
firm_9,116,11.02,25.7,18,0,203,424849.03,1046.42,2237.06,1190.64,203,2.88,0.1,False
firm_9,117,11.02,24.42,17,0,191,425197.08,963.19,2104.82,1141.63,191,2.93,0.1,False
firm_9,118,10.47,24.42,17,0,191,425430.53,848.59,1999.77,1151.18,191,2.98,0.1,False
firm_9,119,10.99,25.64,17,0,191,425942.56,947.91,2099.09,1151.18,191,2.98,0.1,False
firm_9,120,10.0,23.08,18,0,203,425846.18,819.06,2030.0,1210.94,203,2.98,0.1,False
firm_9,121,10.0,23.08,18,0,203,426249.8,819.06,2030.0,1210.94,203,2.98,0.1,False
firm_9,122,10.0,21.93,17,0,191,426635.81,758.82,1910.0,1151.18,191,2.98,0.1,False
firm_9,123,10.0,24.12,18,0,203,426520.71,819.06,2030.0,1210.94,203,2.98,0.1,False
firm_9,124,10.0,21.71,17,0,191,426700.91,749.27,1910.0,1160.73,191,3.03,0.1,False
firm_9,125,10.0,19.54,16,0,180,426982.87,694.6,1800.0,1105.4,180,3.03,0.2,False
firm_9,126,10.0,17.59,16,0,180,427296.03,694.6,1800.0,1105.4,180,3.03,0.3,False
firm_9,127,10.0,16.71,17,0,191,427161.23,749.27,1910.0,1160.73,191,3.03,0.4,False
firm_9,128,10.0,16.71,17,0,191,427526.43,749.27,1910.0,1160.73,191,3.03,0.5,False
firm_9,129,10.0,15.87,17,0,191,428005.91,749.27,1910.0,1160.73,191,3.03,0.4,False
firm_9,130,11.0,17.46,16,0,180,428601.15,874.6,1980.0,1105.4,180,3.03,0.3,False
firm_9,131,11.0,15.71,17,0,191,428564.8,930.72,2101.0,1170.28,191,3.08,0.2,False
firm_9,132,11.55,17.28,16,0,180,429152.92,964.6,2079.0,1114.4,180,3.08,0.3,False
firm_9,133,12.13,15.55,17,0,191,429535.12,1146.55,2316.83,1170.28,191,3.08,0.3,False
firm_9,134,13.34,17.1,16,0,180,430548.32,1286.8,2401.2,1114.4,180,3.08,0.2,False
firm_9,135,12.67,17.96,16,0,180,431218.16,1157.2,2280.6,1123.4,180,3.13,0.2,False
firm_9,136,12.04,17.96,15,0,169,431916.55,967.79,2034.76,1066.97,169,3.13,0.2,False
firm_9,137,11.44,19.76,15,0,169,432486.54,866.39,1933.36,1066.97,169,3.13,0.1,False
firm_9,138,10.87,20.75,15,0,169,432636.9,761.61,1837.03,1075.42,169,3.18,0.2,False
firm_9,139,11.96,21.79,14,0,157,433196.3,864.46,1877.72,1013.26,157,3.18,0.1,False
firm_9,140,11.96,20.7,14,0,157,433770.96,864.46,1877.72,1013.26,157,3.18,0.1,False
firm_9,141,11.36,20.7,13,0,146,433996.84,694.98,1658.56,963.58,146,3.23,0.1,False
firm_9,142,11.36,19.66,12,0,135,434181.72,620.8,1533.6,912.8,135,3.28,0.1,False
firm_9,143,10.22,20.64,11,0,124,434061.04,406.36,1267.28,860.92,124,3.33,0.2,False
firm_9,144,10.0,20.64,11,0,124,434213.08,379.08,1240.0,860.92,124,3.33,0.1,False
firm_9,145,10.5,22.7,11,0,124,434198.26,434.88,1302.0,867.12,124,3.38,0.1,False
firm_9,146,10.5,23.84,10,0,112,434233.3,373.44,1176.0,802.56,112,3.38,0.2,False
firm_9,147,10.5,22.65,10,0,112,434280.24,373.44,1176.0,802.56,112,3.38,0.3,False
firm_9,148,11.55,23.78,10,0,112,434327.88,485.44,1293.6,808.16,112,3.43,0.3,False
firm_9,149,10.4,26.16,11,0,124,433650.2,410.08,1289.6,879.52,124,3.48,0.4,False
firm_9,150,10.0,24.85,12,0,135,433262.2,410.2,1350.0,939.8,135,3.48,0.3,False
firm_9,151,10.0,23.61,12,0,135,433389.08,410.2,1350.0,939.8,135,3.48,0.3,False
firm_9,152,10.0,22.43,12,0,134,433218.9,398.98,1340.0,941.02,134,3.53,0.4,False
firm_9,153,10.0,22.43,11,0,124,433020.25,348.08,1240.0,891.92,124,3.58,0.5,False
firm_9,154,10.0,23.55,11,0,124,432903.08,341.88,1240.0,898.12,124,3.63,0.5,False
firm_9,155,10.0,23.55,10,0,113,432655.74,288.16,1130.0,841.84,113,3.68,0.6,False
firm_9,156,11.0,23.55,11,0,124,432256.37,459.68,1364.0,904.32,124,3.68,0.7,False
firm_9,157,11.0,25.9,11,0,124,432431.15,459.68,1364.0,904.32,124,3.68,0.6,False
firm_9,158,10.0,25.9,11,0,124,432481.93,335.68,1240.0,904.32,124,3.68,0.5,False
firm_9,159,10.0,24.6,12,0,136,432074.25,387.52,1360.0,972.48,136,3.68,0.4,False
firm_9,160,10.0,22.14,12,0,136,431889.29,380.72,1360.0,979.28,136,3.73,0.5,False
firm_9,161,10.0,22.14,12,0,136,432004.33,380.72,1360.0,979.28,136,3.73,0.4,False
firm_9,162,10.5,23.25,12,0,136,431967.25,441.92,1428.0,986.08,136,3.78,0.3,False
firm_9,163,10.5,24.41,13,0,148,431441.08,491.16,1554.0,1062.84,148,3.83,0.3,False
firm_9,164,10.5,26.85,14,0,159,431007.71,542.53,1669.5,1126.97,159,3.83,0.4,False
firm_9,165,11.02,29.54,14,0,159,431219.36,625.21,1752.18,1126.97,159,3.83,0.4,False
firm_9,166,10.0,31.02,14,0,159,431040.16,455.08,1590.0,1134.92,159,3.88,0.4,False
firm_9,167,10.0,31.02,15,0,171,430579.38,504.52,1710.0,1205.48,171,3.88,0.4,False
firm_9,168,10.0,31.02,14,0,159,430600.18,455.08,1590.0,1134.92,159,3.88,0.4,False
firm_9,169,10.0,27.92,14,0,159,430664.38,455.08,1590.0,1134.92,159,3.88,0.4,False
firm_9,170,10.0,27.92,14,0,159,430728.58,455.08,1590.0,1134.92,159,3.88,0.3,False
firm_9,171,10.0,26.52,14,0,158,430808.26,450.96,1580.0,1129.04,158,3.88,0.2,False
firm_9,172,11.0,23.87,13,0,147,430950.59,552.64,1617.0,1064.36,147,3.88,0.3,False
firm_9,173,10.0,23.87,13,0,147,431045.92,405.64,1470.0,1064.36,147,3.88,0.2,False
firm_9,174,10.0,21.48,12,0,135,430937.61,349.45,1350.0,1000.55,135,3.93,0.1,False
firm_9,175,10.0,20.41,13,0,146,430466.5,394.22,1460.0,1065.78,146,3.93,0.2,False
firm_9,176,10.0,22.45,14,0,158,429995.26,443.06,1580.0,1136.94,158,3.93,0.3,False
firm_9,177,11.0,20.2,15,0,169,429849.09,656.83,1859.0,1202.17,169,3.93,0.3,False
firm_9,178,11.0,18.18,16,0,180,429770.81,712.6,1980.0,1267.4,180,3.93,0.2,False
firm_9,179,10.0,16.36,17,0,191,429570.06,577.37,1910.0,1332.63,191,3.93,0.1,False
firm_9,180,10.0,15.54,17,0,191,429673.7,567.82,1910.0,1342.18,191,3.98,0.1,False
firm_9,181,10.0,15.54,17,0,191,429667.79,558.27,1910.0,1351.73,191,4.03,0.2,False
firm_9,182,10.0,13.99,18,0,201,429303.89,587.92,2010.0,1422.08,201,4.08,0.1,False
firm_9,183,11.0,13.29,17,0,190,429603.26,725.3,2090.0,1364.7,190,4.13,0.1,False
firm_9,184,11.0,14.62,17,0,191,430084.89,730.17,2101.0,1370.83,191,4.13,0.1,False
firm_9,185,10.45,13.16,18,0,201,430016.33,668.32,2100.45,1432.13,201,4.13,0.1,False
firm_9,186,10.45,13.16,19,0,214,429780.07,713.78,2236.3,1522.52,214,4.18,0.1,False
firm_9,187,10.0,13.16,20,0,225,429465.12,648.25,2250.0,1601.75,225,4.23,0.1,False
firm_9,188,10.0,12.5,20,0,225,429652.12,637.0,2250.0,1613.0,225,4.28,0.1,False
firm_9,189,10.0,12.5,20,0,225,430039.12,637.0,2250.0,1613.0,225,4.28,0.1,False
firm_9,190,10.0,13.12,20,0,225,430413.72,637.0,2250.0,1613.0,225,4.28,0.1,False
firm_9,191,10.0,13.78,20,0,225,430775.12,637.0,2250.0,1613.0,225,4.28,0.1,False
firm_9,192,10.0,13.78,20,0,225,431136.52,637.0,2250.0,1613.0,225,4.28,0.1,False
firm_9,193,10.0,14.47,21,0,236,430698.77,666.12,2360.0,1693.88,236,4.33,0.2,False
firm_9,194,10.0,13.02,21,0,236,430991.47,666.12,2360.0,1693.88,236,4.33,0.3,False
firm_9,195,10.5,13.02,21,0,236,431502.17,784.12,2478.0,1693.88,236,4.33,0.2,False
firm_9,196,11.55,13.02,21,0,236,432260.67,1031.92,2725.8,1693.88,236,4.33,0.2,False
firm_9,197,10.97,13.02,21,0,238,432791.57,904.32,2610.86,1706.54,238,4.33,0.3,False
firm_9,198,10.42,12.37,21,0,238,433093.32,761.52,2479.96,1718.44,238,4.38,0.3,False
firm_9,199,10.0,12.99,21,0,238,433270.19,649.66,2380.0,1730.34,238,4.43,0.2,False
firm_9,200,10.0,12.34,22,0,249,433187.64,688.93,2490.0,1801.07,249,4.43,0.1,False
firm_9,201,10.0,11.72,22,0,249,433618.73,688.93,2490.0,1801.07,249,4.43,0.1,False
firm_9,202,10.0,12.31,22,0,249,433824.39,676.48,2490.0,1813.52,249,4.48,0.1,False
firm_9,203,10.0,11.69,21,0,238,434216.66,637.76,2380.0,1742.24,238,4.48,0.1,False
firm_9,204,10.0,10.52,22,0,248,434158.18,672.96,2480.0,1807.04,248,4.48,0.1,False
firm_9,205,10.0,10.0,22,0,248,434398.74,660.56,2480.0,1819.44,248,4.53,0.1,False
firm_9,206,10.0,10.5,22,0,248,434828.3,660.56,2480.0,1819.44,248,4.53,0.1,False
firm_9,207,10.5,11.02,22,0,249,435374.39,788.53,2614.5,1825.97,249,4.53,0.1,False
firm_9,208,10.0,10.0,21,0,235,435468.09,603.7,2350.0,1746.3,235,4.58,0.2,False
firm_9,209,11.0,10.5,21,0,238,435999.55,851.96,2618.0,1766.04,238,4.58,0.3,False
firm_9,210,11.55,10.0,21,0,236,436450.67,961.12,2725.8,1764.68,236,4.63,0.4,False
firm_9,211,10.97,11.0,21,0,238,437052.59,832.92,2610.86,1777.94,238,4.63,0.3,False
firm_9,212,10.0,12.1,21,0,238,437400.55,602.06,2380.0,1777.94,238,4.63,0.3,False
firm_9,213,10.0,12.1,21,0,238,437436.61,590.16,2380.0,1789.84,238,4.68,0.4,False
firm_9,214,11.0,10.89,21,0,236,437927.44,819.52,2596.0,1776.48,236,4.68,0.5,False
firm_9,215,10.0,10.0,21,0,236,438089.16,571.72,2360.0,1788.28,236,4.73,0.4,False
firm_9,216,11.0,10.0,22,0,248,438228.12,858.96,2728.0,1869.04,248,4.73,0.4,False
firm_9,217,11.55,11.0,22,0,249,438673.85,987.73,2875.95,1888.22,249,4.78,0.5,False
firm_9,218,10.97,11.0,22,0,248,439170.97,839.12,2720.56,1881.44,248,4.78,0.6,False
firm_9,219,10.0,10.45,23,0,259,439064.6,633.98,2590.0,1956.02,259,4.78,0.5,False
firm_9,220,10.0,10.45,23,0,259,439458.23,633.98,2590.0,1956.02,259,4.78,0.4,False
firm_9,221,10.0,10.97,23,0,259,439839.9,633.98,2590.0,1956.02,259,4.78,0.3,False
firm_9,222,10.0,11.52,22,0,249,439875.79,589.33,2490.0,1900.67,249,4.83,0.4,False
firm_9,223,10.0,11.52,23,0,259,439731.86,621.03,2590.0,1968.97,259,4.83,0.4,False
firm_9,224,10.0,12.67,23,0,261,439854.77,614.32,2610.0,1995.68,261,4.88,0.4,False
firm_9,225,10.0,13.3,24,0,272,439370.61,635.04,2720.0,2084.96,272,4.93,0.5,False
firm_9,226,10.5,12.64,25,0,282,439361.35,806.74,2961.0,2154.26,282,4.93,0.4,False
firm_9,227,10.0,12.64,26,0,293,439232.22,699.51,2930.0,2230.49,293,4.93,0.4,False
firm_9,228,10.0,11.38,26,0,293,439421.2,684.86,2930.0,2245.14,293,4.98,0.4,False
firm_9,229,10.0,11.38,27,0,306,439338.06,724.12,3060.0,2335.88,306,4.98,0.4,False
firm_9,230,10.0,11.38,26,0,294,439730.06,687.88,2940.0,2252.12,294,4.98,0.4,False
firm_9,231,11.0,11.95,26,0,295,440405.26,985.9,3245.0,2259.1,295,4.98,0.3,False
firm_9,232,11.0,13.14,26,0,295,440834.77,971.15,3245.0,2273.85,295,5.03,0.3,False
firm_9,233,11.55,12.48,26,0,295,441328.94,1118.65,3407.25,2288.6,295,5.08,0.4,False
firm_9,234,10.4,13.73,27,0,309,441184.11,825.88,3213.6,2387.72,309,5.08,0.5,False
firm_9,235,10.0,13.04,26,0,297,441297.46,652.39,2970.0,2317.61,297,5.13,0.5,False
firm_9,236,10.5,13.04,25,0,286,441520.98,749.52,3003.0,2253.48,286,5.18,0.5,False
firm_9,237,10.0,13.04,24,0,275,441783.52,575.5,2750.0,2174.5,275,5.18,0.4,False
firm_9,238,10.0,13.69,23,0,263,442010.31,541.66,2630.0,2088.34,263,5.18,0.3,False
firm_9,239,11.0,14.37,23,0,263,442271.31,791.51,2893.0,2101.49,263,5.23,0.3,False
firm_9,240,12.1,12.93,24,0,274,442595.37,1134.38,3315.4,2181.02,274,5.23,0.3,False
firm_9,241,12.7,11.64,23,0,260,443449.85,1222.2,3302.0,2079.8,260,5.23,0.4,False
firm_9,242,11.43,11.64,24,0,272,443399.29,928.8,3108.96,2180.16,272,5.28,0.4,False
firm_9,243,12.57,11.06,25,0,283,443919.86,1297.07,3557.31,2260.24,283,5.28,0.3,False
firm_9,244,12.57,12.17,25,0,283,444912.68,1297.07,3557.31,2260.24,283,5.28,0.2,False
firm_9,245,12.57,13.39,24,0,272,445516.6,1225.28,3419.04,2193.76,272,5.33,0.3,False
firm_9,246,12.57,14.73,25,0,283,445931.27,1282.92,3557.31,2274.39,283,5.33,0.3,False
firm_9,247,12.57,13.99,25,0,285,446774.92,1293.4,3582.45,2289.05,285,5.33,0.4,False
firm_9,248,12.57,13.29,24,0,274,447478.02,1222.06,3444.18,2222.12,274,5.38,0.4,False
firm_9,249,11.31,14.62,24,0,274,447690.26,863.12,3098.94,2235.82,274,5.43,0.5,False
firm_9,250,11.88,13.16,24,0,273,448175.62,1001.2,3243.24,2242.04,273,5.48,0.4,False
firm_9,251,11.88,13.82,24,0,274,448849.54,1005.6,3255.12,2249.52,274,5.48,0.3,False
firm_9,252,11.88,13.13,25,0,285,448761.04,1039.75,3385.8,2346.05,285,5.53,0.4,False
firm_9,253,10.69,14.44,26,0,296,448620.96,735.36,3164.24,2428.88,296,5.53,0.4,False
firm_9,254,10.0,13.72,27,0,308,448311.28,560.76,3080.0,2519.24,308,5.53,0.4,False
firm_9,255,10.0,12.35,27,0,307,448536.12,558.29,3070.0,2511.71,307,5.53,0.3,False
firm_9,256,10.0,12.97,27,0,307,448428.87,542.94,3070.0,2527.06,307,5.58,0.4,False
firm_9,257,10.0,12.32,27,0,307,448323.82,527.59,3070.0,2542.41,307,5.63,0.5,False
firm_9,258,10.0,12.32,27,0,307,448303.42,512.24,3070.0,2557.76,307,5.68,0.4,False
firm_9,259,10.0,12.32,26,0,296,448469.82,486.72,2960.0,2473.28,296,5.68,0.4,False
firm_9,260,10.5,12.32,26,0,294,448778.58,629.08,3087.0,2457.92,294,5.68,0.4,False
firm_9,261,10.0,12.32,27,0,306,448455.86,509.92,3060.0,2550.08,306,5.68,0.4,False
firm_9,262,10.0,11.09,26,0,294,448649.6,482.08,2940.0,2457.92,294,5.68,0.4,False
firm_9,263,10.0,11.09,26,0,292,448738.7,477.44,2920.0,2442.56,292,5.68,0.5,False
firm_9,264,10.5,12.2,26,0,294,449050.58,629.08,3087.0,2457.92,294,5.68,0.4,False
firm_9,265,11.55,11.59,26,0,294,449687.02,937.78,3395.7,2457.92,294,5.68,0.4,False
firm_9,266,10.4,12.17,27,0,306,449490.75,632.32,3182.4,2550.08,306,5.68,0.3,False
firm_9,267,10.0,10.95,28,0,315,448899.2,515.05,3150.0,2634.95,315,5.73,0.4,False
firm_9,268,10.0,10.0,27,0,301,449112.47,483.27,3010.0,2526.73,301,5.73,0.4,False
firm_9,269,10.0,10.0,27,0,304,449232.55,490.08,3040.0,2549.92,304,5.73,0.5,False
firm_9,270,10.5,10.0,27,0,301,449496.32,633.77,3160.5,2526.73,301,5.73,0.6,False
firm_9,271,10.5,10.0,27,0,304,449653.2,626.88,3192.0,2565.12,304,5.78,0.6,False
firm_9,272,11.02,10.0,28,0,315,449693.8,820.6,3471.3,2650.7,315,5.78,0.6,False
firm_9,273,11.02,10.0,27,0,304,449993.56,769.76,3350.08,2580.32,304,5.83,0.6,False
firm_9,274,10.0,10.5,28,0,315,449467.36,467.8,3150.0,2682.2,315,5.88,0.6,False
firm_9,275,10.0,10.0,29,0,323,449162.12,484.76,3230.0,2745.24,323,5.88,0.6,False
firm_9,276,10.0,10.5,30,0,337,448861.56,514.44,3370.0,2855.56,337,5.88,0.5,False
firm_9,277,10.0,11.02,30,0,337,448828.55,497.59,3370.0,2872.41,337,5.93,0.4,False
firm_9,278,10.0,12.12,30,0,340,448868.75,503.8,3400.0,2896.2,340,5.93,0.5,False
firm_9,279,10.0,13.33,31,0,351,448482.09,526.57,3510.0,2983.43,351,5.93,0.4,False
firm_9,280,10.0,13.33,31,0,351,448495.43,526.57,3510.0,2983.43,351,5.93,0.5,False
firm_9,281,10.0,12.66,31,0,351,448311.99,509.02,3510.0,3000.98,351,5.98,0.6,False
firm_9,282,10.0,11.39,30,0,339,448455.07,484.78,3390.0,2905.22,339,5.98,0.6,False
firm_9,283,10.0,12.53,29,0,328,448347.7,456.0,3280.0,2824.0,328,6.0,0.6,False
firm_9,284,10.0,13.78,30,0,341,447816.3,482.0,3410.0,2928.0,341,6.0,0.7,False
firm_9,285,10.0,14.47,30,0,341,447664.2,482.0,3410.0,2928.0,341,6.0,0.7,False
firm_9,286,11.0,15.19,30,0,341,447831.5,823.0,3751.0,2928.0,341,6.0,0.7,False
firm_9,287,11.0,14.43,31,0,353,447743.17,859.0,3883.0,3024.0,353,6.0,0.6,False
firm_9,288,11.0,13.71,31,0,353,447977.16,859.0,3883.0,3024.0,353,6.0,0.6,False
firm_9,289,10.45,13.02,31,0,353,448238.39,664.85,3688.85,3024.0,353,6.0,0.5,False
firm_9,290,10.0,13.67,32,0,364,447728.95,528.0,3640.0,3112.0,364,6.0,0.6,False
firm_9,291,10.0,15.04,32,0,364,447775.67,528.0,3640.0,3112.0,364,6.0,0.6,False
firm_9,292,10.0,16.54,32,0,364,447574.39,528.0,3640.0,3112.0,364,6.0,0.5,False
firm_9,293,10.0,16.54,33,0,375,446778.57,550.0,3750.0,3200.0,375,6.0,0.6,False
firm_9,294,10.0,14.89,33,0,375,446837.2,550.0,3750.0,3200.0,375,6.0,0.6,False
firm_9,295,10.0,16.38,34,0,386,446152.28,572.0,3860.0,3288.0,386,6.0,0.6,False
firm_9,296,10.0,16.38,33,0,375,446161.74,550.0,3750.0,3200.0,375,6.0,0.5,False
firm_9,297,10.0,14.74,32,0,363,446216.06,526.0,3630.0,3104.0,363,6.0,0.4,False
firm_9,298,10.0,14.74,33,0,375,445579.64,550.0,3750.0,3200.0,375,6.0,0.4,False
firm_9,299,10.0,16.21,33,0,375,445594.71,550.0,3750.0,3200.0,375,6.0,0.4,False
firm_9,300,10.0,17.02,33,0,374,445581.05,548.0,3740.0,3192.0,374,6.0,0.3,False
firm_9,301,10.0,17.02,32,0,363,445562.41,526.0,3630.0,3104.0,363,6.0,0.3,False
firm_9,302,10.0,16.17,33,0,374,445076.8,548.0,3740.0,3192.0,374,6.0,0.3,False
firm_9,303,10.0,16.17,34,0,386,444299.02,572.0,3860.0,3288.0,386,6.0,0.4,False
firm_9,304,10.0,16.17,34,0,386,444321.24,572.0,3860.0,3288.0,386,6.0,0.4,False
firm_9,305,10.0,17.79,34,0,386,444088.38,572.0,3860.0,3288.0,386,6.0,0.4,False
firm_9,306,10.0,19.57,34,0,386,443695.0,572.0,3860.0,3288.0,386,6.0,0.5,False
firm_9,307,10.0,18.59,34,0,386,443334.94,572.0,3860.0,3288.0,386,6.0,0.6,False
firm_9,308,10.0,18.59,34,0,386,443074.88,572.0,3860.0,3288.0,386,6.0,0.5,False
firm_9,309,11.0,20.45,34,0,386,443137.58,958.0,4246.0,3288.0,386,6.0,0.4,False
firm_9,310,10.0,22.5,35,0,397,442444.08,594.0,3970.0,3376.0,397,6.0,0.3,False
firm_9,311,10.0,23.62,36,0,408,441509.76,616.0,4080.0,3464.0,408,6.0,0.3,False
firm_9,312,10.0,22.44,35,0,397,441118.36,594.0,3970.0,3376.0,397,6.0,0.3,False
firm_9,313,10.5,23.56,36,0,408,440390.2,820.0,4284.0,3464.0,408,6.0,0.3,False
firm_9,314,10.5,22.38,36,0,408,440404.52,820.0,4284.0,3464.0,408,6.0,0.3,False
firm_9,315,10.0,24.62,37,0,420,439433.58,640.0,4200.0,3560.0,420,6.0,0.3,False
firm_9,316,10.5,23.39,36,0,408,439411.54,820.0,4284.0,3464.0,408,6.0,0.2,False
firm_9,317,10.0,22.22,36,0,408,439027.62,616.0,4080.0,3464.0,408,6.0,0.2,False
firm_9,318,10.0,21.11,36,0,408,438883.66,616.0,4080.0,3464.0,408,6.0,0.1,False
firm_9,319,10.0,20.05,36,0,408,438777.86,616.0,4080.0,3464.0,408,6.0,0.1,False
firm_9,320,10.0,21.05,36,0,408,438536.06,616.0,4080.0,3464.0,408,6.0,0.2,False
firm_9,321,10.0,18.94,36,0,408,438470.22,616.0,4080.0,3464.0,408,6.0,0.2,False
firm_9,322,10.0,17.99,36,0,408,438438.58,616.0,4080.0,3464.0,408,6.0,0.2,False
firm_9,323,11.0,17.09,37,0,420,438366.25,1060.0,4620.0,3560.0,420,6.0,0.1,False
firm_9,324,11.0,16.24,37,0,419,438822.37,1057.0,4609.0,3552.0,419,6.0,0.1,False
firm_9,325,10.0,16.24,37,0,419,438859.49,638.0,4190.0,3552.0,419,6.0,0.1,False
firm_9,326,10.0,15.43,38,0,430,438233.15,660.0,4300.0,3640.0,430,6.0,0.1,False
firm_9,327,10.0,15.43,38,0,430,438106.81,660.0,4300.0,3640.0,430,6.0,0.1,False
firm_9,328,10.0,13.89,38,0,430,438138.99,660.0,4300.0,3640.0,430,6.0,0.2,False
firm_9,329,11.0,13.2,37,0,417,438501.59,1051.0,4587.0,3536.0,417,6.0,0.1,False
firm_9,330,11.55,13.2,36,0,406,439267.69,1241.3,4689.3,3448.0,406,6.0,0.1,False
firm_9,331,11.55,13.2,37,0,417,439559.64,1280.35,4816.35,3536.0,417,6.0,0.1,False
firm_9,332,11.55,13.2,37,0,419,440358.69,1287.45,4839.45,3552.0,419,6.0,0.1,False
firm_9,333,10.4,13.86,36,0,408,440438.93,779.2,4243.2,3464.0,408,6.0,0.1,False
firm_9,334,10.0,14.55,37,0,419,439938.58,638.0,4190.0,3552.0,419,6.0,0.2,False
firm_9,335,11.0,14.55,37,0,419,440457.23,1057.0,4609.0,3552.0,419,6.0,0.2,False
firm_9,336,10.0,14.55,36,0,408,440349.43,616.0,4080.0,3464.0,408,6.0,0.2,False
firm_9,337,11.0,13.82,37,0,419,440295.09,1057.0,4609.0,3552.0,419,6.0,0.3,False
firm_9,338,12.1,13.82,37,0,419,441201.65,1517.9,5069.9,3552.0,419,6.0,0.4,False
firm_9,339,12.1,12.44,36,0,408,442126.61,1472.8,4936.8,3464.0,408,6.0,0.5,False
firm_9,340,12.7,12.44,36,0,408,443396.37,1717.6,5181.6,3464.0,408,6.0,0.5,False
firm_9,341,11.43,13.06,37,0,419,443550.32,1237.17,4789.17,3552.0,419,6.0,0.6,False
firm_9,342,11.43,14.37,37,0,419,444055.8,1237.17,4789.17,3552.0,419,6.0,0.5,False
firm_9,343,11.43,15.81,37,0,419,444508.0,1237.17,4789.17,3552.0,419,6.0,0.5,False
firm_9,344,12.57,14.23,36,0,408,445360.28,1664.56,5128.56,3464.0,408,6.0,0.6,False
firm_9,345,11.31,12.81,36,0,406,445842.98,1143.86,4591.86,3448.0,406,6.0,0.6,False
firm_9,346,11.31,12.81,35,0,394,446398.77,1104.14,4456.14,3352.0,394,6.0,0.7,False
firm_9,347,10.18,11.53,35,0,394,446554.14,658.92,4010.92,3352.0,394,6.0,0.8,False
firm_9,348,10.0,10.38,36,0,402,446284.46,604.0,4020.0,3416.0,402,6.0,0.7,False
firm_9,349,10.0,10.0,36,0,402,446428.46,604.0,4020.0,3416.0,402,6.0,0.8,False
firm_9,350,10.0,10.5,36,0,405,446660.46,610.0,4050.0,3440.0,405,6.0,0.7,False
firm_9,351,10.0,10.0,36,0,402,446704.46,604.0,4020.0,3416.0,402,6.0,0.7,False
firm_9,352,10.0,10.0,36,0,402,446748.46,604.0,4020.0,3416.0,402,6.0,0.7,False
firm_9,353,11.0,10.5,36,0,406,447288.46,1018.0,4466.0,3448.0,406,6.0,0.8,False
firm_9,354,10.45,10.5,36,0,406,447705.16,794.7,4242.7,3448.0,406,6.0,0.8,False
firm_9,355,10.97,11.02,36,0,406,448214.26,1005.82,4453.82,3448.0,406,6.0,0.9,False
firm_9,356,10.97,10.47,36,0,403,448634.25,996.91,4420.91,3424.0,403,6.0,0.9,False
firm_9,357,10.97,10.0,36,0,398,449156.31,982.06,4366.06,3384.0,398,6.0,1.0,False
firm_9,358,10.97,10.0,36,0,398,449578.37,982.06,4366.06,3384.0,398,6.0,0.9,False
firm_9,359,10.97,10.0,36,0,398,450200.43,982.06,4366.06,3384.0,398,6.0,0.8,False
firm_9,360,12.07,10.0,36,0,398,451060.29,1419.86,4803.86,3384.0,398,6.0,0.8,False
firm_9,361,12.07,10.0,36,0,398,451920.15,1419.86,4803.86,3384.0,398,6.0,0.7,False
firm_9,362,12.07,10.0,35,0,387,452945.24,1375.09,4671.09,3296.0,387,6.0,0.6,False
firm_9,363,12.67,10.0,35,0,386,453897.86,1602.62,4890.62,3288.0,386,6.0,0.7,False
firm_9,364,12.67,10.0,35,0,390,454869.16,1621.3,4941.3,3320.0,390,6.0,0.8,False
firm_9,365,13.94,10.0,36,0,398,455973.28,2164.12,5548.12,3384.0,398,6.0,0.7,False
